feature_id	cds	vitro_mean	vivo_mean	t_stat	pval	pval_bonf	significant	pair	layer	model
1861	401.81982	2202.3577	1800.5378	2.7194555	0.006634646	1.0	False	liver	mid	enformer
2230	-276.04004	6390.078	6666.118	-1.8878216	0.059317075	1.0	False	liver	mid	enformer
5099	140.4375	36293.504	36153.066	1.4746625	0.14055745	1.0	False	liver	mid	enformer
1658	-165.11377	6863.5884	7028.702	-1.2173418	0.22373343	1.0	False	liver	mid	enformer
3086	35.02793	100.05582	65.027885	0.94686466	0.34392348	1.0	False	liver	mid	enformer
5685	35.028137	100.05653	65.0284	0.9468635	0.3439241	1.0	False	liver	mid	enformer
3932	35.027893	100.05616	65.02827	0.94685984	0.34392577	1.0	False	liver	mid	enformer
2958	-28.488579	70.37459	98.86317	-0.7998387	0.4239373	1.0	False	liver	mid	enformer
4089	-28.488884	70.37561	98.864494	-0.799836	0.42393884	1.0	False	liver	mid	enformer
5415	-28.483864	70.364525	98.84839	-0.79983	0.42394224	1.0	False	liver	mid	enformer
1535	-28.483536	70.363945	98.84748	-0.7998277	0.4239437	1.0	False	liver	mid	enformer
4288	-28.483833	70.364716	98.84855	-0.7998274	0.42394385	1.0	False	liver	mid	enformer
4047	-28.483742	70.3647	98.84844	-0.7998254	0.42394504	1.0	False	liver	mid	enformer
441	-28.487686	70.41312	98.9008	-0.7994323	0.4241727	1.0	False	liver	mid	enformer
3536	-28.477715	70.39077	98.868484	-0.7994146	0.424183	1.0	False	liver	mid	enformer
1075	-28.480583	70.39751	98.87809	-0.799414	0.42418337	1.0	False	liver	mid	enformer
4491	-28.480621	70.397606	98.87823	-0.79941386	0.42418346	1.0	False	liver	mid	enformer
3754	-28.480553	70.397545	98.8781	-0.79941285	0.42418402	1.0	False	liver	mid	enformer
996	-28.480362	70.397194	98.877556	-0.7994114	0.4241849	1.0	False	liver	mid	enformer
3726	-28.475044	70.38697	98.862015	-0.79938275	0.42420152	1.0	False	liver	mid	enformer
1469	-28.474312	70.38556	98.85987	-0.7993786	0.424204	1.0	False	liver	mid	enformer
3999	-28.479996	70.39986	98.87985	-0.799377	0.42420477	1.0	False	liver	mid	enformer
6133	-28.474724	70.38681	98.861534	-0.7993764	0.4242052	1.0	False	liver	mid	enformer
3246	-28.480148	70.402954	98.8831	-0.7993486	0.42422134	1.0	False	liver	mid	enformer
999	-28.471756	70.38333	98.85509	-0.79934293	0.42422467	1.0	False	liver	mid	enformer
4037	-28.470856	70.381226	98.85208	-0.799342	0.42422497	1.0	False	liver	mid	enformer
3263	-28.46836	70.37537	98.84373	-0.7993381	0.4242273	1.0	False	liver	mid	enformer
5490	-28.470749	70.38138	98.85213	-0.79933786	0.42422742	1.0	False	liver	mid	enformer
4480	-28.468254	70.37516	98.843414	-0.7993375	0.42422763	1.0	False	liver	mid	enformer
2206	-28.470802	70.38166	98.85246	-0.79933655	0.42422822	1.0	False	liver	mid	enformer
5230	-28.467674	70.37383	98.84151	-0.7993363	0.42422834	1.0	False	liver	mid	enformer
1828	-28.46791	70.37458	98.84249	-0.7993348	0.42422915	1.0	False	liver	mid	enformer
933	-28.468155	70.3756	98.84376	-0.7993307	0.4242316	1.0	False	liver	mid	enformer
1433	-28.473251	70.390396	98.86365	-0.799312	0.42424253	1.0	False	liver	mid	enformer
3214	-28.473167	70.39033	98.863495	-0.7993107	0.4242433	1.0	False	liver	mid	enformer
6087	-28.468338	70.378426	98.84676	-0.7993089	0.42424428	1.0	False	liver	mid	enformer
5172	-28.46791	70.377556	98.84547	-0.799307	0.42424548	1.0	False	liver	mid	enformer
1487	-28.466675	70.37474	98.841415	-0.79930276	0.4242479	1.0	False	liver	mid	enformer
1121	-28.469635	70.38263	98.852264	-0.7992983	0.4242505	1.0	False	liver	mid	enformer
4298	-28.469002	70.38118	98.85018	-0.7992969	0.42425126	1.0	False	liver	mid	enformer
3094	-28.466255	70.374275	98.84053	-0.79929703	0.4242513	1.0	False	liver	mid	enformer
1891	-28.466599	70.375565	98.84216	-0.799293	0.42425355	1.0	False	liver	mid	enformer
1809	-28.46833	70.380585	98.848915	-0.7992863	0.42425737	1.0	False	liver	mid	enformer
1073	-28.480614	70.41236	98.892975	-0.799269	0.4242674	1.0	False	liver	mid	enformer
4372	-28.482819	70.41834	98.90116	-0.79926413	0.42427024	1.0	False	liver	mid	enformer
4196	-28.470337	70.38988	98.860214	-0.799247	0.42428017	1.0	False	liver	mid	enformer
3654	-28.473	70.396355	98.869354	-0.7992466	0.4242805	1.0	False	liver	mid	enformer
5662	-28.468002	70.38423	98.852234	-0.7992454	0.4242811	1.0	False	liver	mid	enformer
3272	-28.470108	70.389565	98.85967	-0.7992445	0.4242816	1.0	False	liver	mid	enformer
1144	-28.468033	70.38442	98.852455	-0.79924434	0.42428172	1.0	False	liver	mid	enformer
5424	-28.470154	70.38973	98.859886	-0.7992439	0.42428195	1.0	False	liver	mid	enformer
715	-28.472229	70.39531	98.86754	-0.799238	0.42428538	1.0	False	liver	mid	enformer
868	-28.469772	70.389465	98.85924	-0.79923725	0.4242858	1.0	False	liver	mid	enformer
3842	-28.473831	70.39938	98.873215	-0.7992368	0.4242861	1.0	False	liver	mid	enformer
5552	-28.469406	70.38861	98.85802	-0.79923666	0.42428622	1.0	False	liver	mid	enformer
3176	-28.473907	70.3996	98.873505	-0.79923654	0.42428625	1.0	False	liver	mid	enformer
2632	-28.47377	70.39928	98.87305	-0.79923636	0.4242863	1.0	False	liver	mid	enformer
3290	-28.47351	70.3988	98.872314	-0.799236	0.42428654	1.0	False	liver	mid	enformer
3254	-28.47374	70.39924	98.87298	-0.79923606	0.42428654	1.0	False	liver	mid	enformer
1387	-28.475563	70.40328	98.878845	-0.79923546	0.4242869	1.0	False	liver	mid	enformer
5217	-28.474045	70.40002	98.87406	-0.7992307	0.4242896	1.0	False	liver	mid	enformer
4761	-28.47757	70.41368	98.89125	-0.799179	0.42431954	1.0	False	liver	mid	enformer
4605	-28.475044	70.407555	98.8826	-0.7991772	0.42432055	1.0	False	liver	mid	enformer
2609	-28.466988	70.39361	98.860596	-0.799127	0.4243497	1.0	False	liver	mid	enformer
5752	-28.467026	70.39401	98.86104	-0.79912394	0.42435142	1.0	False	liver	mid	enformer
176	-28.469818	70.40111	98.870926	-0.7991218	0.42435268	1.0	False	liver	mid	enformer
3866	-28.466858	70.39389	98.86075	-0.79912114	0.42435312	1.0	False	liver	mid	enformer
545	-28.46968	70.40086	98.870544	-0.7991208	0.4243533	1.0	False	liver	mid	enformer
4552	-28.469208	70.3997	98.868904	-0.79912066	0.42435333	1.0	False	liver	mid	enformer
1967	-28.469536	70.400505	98.87004	-0.7991207	0.42435333	1.0	False	liver	mid	enformer
846	-28.469635	70.400795	98.87043	-0.79912037	0.4243535	1.0	False	liver	mid	enformer
1918	-28.469948	70.4016	98.87155	-0.7991201	0.4243537	1.0	False	liver	mid	enformer
3217	-28.467163	70.39481	98.86198	-0.79911953	0.42435405	1.0	False	liver	mid	enformer
2970	-28.466843	70.39403	98.86087	-0.7991195	0.4243541	1.0	False	liver	mid	enformer
3379	-28.466347	70.392784	98.85913	-0.79911935	0.4243542	1.0	False	liver	mid	enformer
1956	-28.466858	70.39408	98.86094	-0.79911923	0.42435423	1.0	False	liver	mid	enformer
490	-28.469398	70.40036	98.86976	-0.79911876	0.4243545	1.0	False	liver	mid	enformer
1331	-28.469772	70.40137	98.87114	-0.7991182	0.42435482	1.0	False	liver	mid	enformer
3372	-28.46698	70.394554	98.861534	-0.7991175	0.42435515	1.0	False	liver	mid	enformer
3469	-28.469414	70.40051	98.86993	-0.7991176	0.42435518	1.0	False	liver	mid	enformer
3185	-28.472351	70.407364	98.879715	-0.7991175	0.42435518	1.0	False	liver	mid	enformer
3769	-28.466568	70.39361	98.860176	-0.79911673	0.42435563	1.0	False	liver	mid	enformer
968	-28.472694	70.40836	98.88106	-0.7991162	0.42435592	1.0	False	liver	mid	enformer
4349	-28.469292	70.400444	98.869736	-0.79911536	0.4243565	1.0	False	liver	mid	enformer
3899	-28.472801	70.40882	98.88162	-0.7991144	0.42435697	1.0	False	liver	mid	enformer
5345	-28.466476	70.39365	98.86012	-0.7991141	0.42435715	1.0	False	liver	mid	enformer
304	-28.469574	70.40129	98.870865	-0.79911405	0.4243572	1.0	False	liver	mid	enformer
2706	-28.46894	70.39978	98.86872	-0.79911333	0.4243576	1.0	False	liver	mid	enformer
3446	-28.46946	70.40345	98.87291	-0.7990906	0.42437088	1.0	False	liver	mid	enformer
5517	-28.474915	70.41668	98.891594	-0.7990896	0.42437142	1.0	False	liver	mid	enformer
1349	-28.472015	70.40988	98.8819	-0.7990852	0.42437395	1.0	False	liver	mid	enformer
2176	-28.472664	70.41463	98.88729	-0.79905057	0.424394	1.0	False	liver	mid	enformer
3127	-28.472366	70.41423	98.8866	-0.79904723	0.42439598	1.0	False	liver	mid	enformer
3184	-28.472435	70.41443	98.88686	-0.79904693	0.42439613	1.0	False	liver	mid	enformer
1844	-28.472397	70.41436	98.88676	-0.79904675	0.42439628	1.0	False	liver	mid	enformer
4012	-28.472488	70.41479	98.887276	-0.7990448	0.42439735	1.0	False	liver	mid	enformer
5044	-28.472198	70.41407	98.88627	-0.7990446	0.42439744	1.0	False	liver	mid	enformer
4688	-28.471954	70.41356	98.88551	-0.79904366	0.424398	1.0	False	liver	mid	enformer
3236	-28.46524	70.40266	98.8679	-0.79899484	0.42442638	1.0	False	liver	mid	enformer
876	-28.467926	70.40963	98.877556	-0.7989876	0.42443052	1.0	False	liver	mid	enformer
3461	-28.465996	70.40743	98.87343	-0.79896593	0.42444316	1.0	False	liver	mid	enformer
4258	-28.463951	70.402565	98.866516	-0.7989635	0.42444456	1.0	False	liver	mid	enformer
3483	-28.46331	70.40122	98.86453	-0.79896104	0.42444602	1.0	False	liver	mid	enformer
973	-28.462914	70.40051	98.86343	-0.7989583	0.4244475	1.0	False	liver	mid	enformer
3944	-28.46846	70.413895	98.882355	-0.7989583	0.4244475	1.0	False	liver	mid	enformer
4790	-28.465431	70.4072	98.872635	-0.79895455	0.4244496	1.0	False	liver	mid	enformer
1458	-28.45224	70.37878	98.83102	-0.798913	0.42447376	1.0	False	liver	mid	enformer
1892	-28.455704	70.38747	98.84317	-0.79891247	0.42447403	1.0	False	liver	mid	enformer
3771	-28.457855	70.39295	98.85081	-0.7989117	0.42447457	1.0	False	liver	mid	enformer
2836	-28.458054	70.39345	98.8515	-0.7989117	0.42447457	1.0	False	liver	mid	enformer
6041	-28.45794	70.393196	98.851135	-0.7989112	0.42447484	1.0	False	liver	mid	enformer
841	-28.457695	70.39265	98.85034	-0.7989107	0.42447522	1.0	False	liver	mid	enformer
117	-28.457909	70.39328	98.85119	-0.7989098	0.4244757	1.0	False	liver	mid	enformer
220	-28.455276	70.38676	98.84203	-0.7989088	0.42447627	1.0	False	liver	mid	enformer
5803	-28.46099	70.40098	98.86197	-0.79890853	0.4244765	1.0	False	liver	mid	enformer
2396	-28.463585	70.408394	98.87198	-0.7988977	0.4244826	1.0	False	liver	mid	enformer
3665	-28.466194	70.416046	98.88224	-0.7988829	0.4244913	1.0	False	liver	mid	enformer
1505	-28.466064	70.41593	98.881996	-0.7988809	0.42449248	1.0	False	liver	mid	enformer
3191	-28.466179	70.41625	98.88243	-0.7988805	0.42449266	1.0	False	liver	mid	enformer
2754	-28.466217	70.41639	98.88261	-0.7988801	0.42449287	1.0	False	liver	mid	enformer
2993	-28.466026	70.41637	98.88239	-0.7988757	0.4244954	1.0	False	liver	mid	enformer
4523	-28.460022	70.41324	98.87326	-0.7987635	0.4245604	1.0	False	liver	mid	enformer
2905	-28.459702	70.41225	98.87195	-0.79876286	0.42456084	1.0	False	liver	mid	enformer
3362	-28.45961	70.41204	98.87165	-0.79876274	0.42456093	1.0	False	liver	mid	enformer
3829	-28.456573	70.404686	98.86126	-0.79876024	0.42456236	1.0	False	liver	mid	enformer
2987	-28.459396	70.412025	98.87142	-0.7987577	0.42456383	1.0	False	liver	mid	enformer
1771	-28.459	70.41104	98.87004	-0.79875743	0.424564	1.0	False	liver	mid	enformer
5964	-28.459312	70.411865	98.87118	-0.79875714	0.42456418	1.0	False	liver	mid	enformer
3897	-28.456322	70.404396	98.86072	-0.79875684	0.42456436	1.0	False	liver	mid	enformer
2747	-28.45932	70.41193	98.87125	-0.7987568	0.4245644	1.0	False	liver	mid	enformer
3906	-28.45623	70.4042	98.86043	-0.7987566	0.4245645	1.0	False	liver	mid	enformer
62	-28.459526	70.41245	98.87198	-0.79875666	0.4245645	1.0	False	liver	mid	enformer
4719	-28.459335	70.41201	98.871346	-0.7987563	0.4245646	1.0	False	liver	mid	enformer
3636	-28.462296	70.41922	98.881516	-0.79875576	0.4245648	1.0	False	liver	mid	enformer
266	-28.459534	70.412544	98.87208	-0.7987559	0.42456493	1.0	False	liver	mid	enformer
3030	-28.459167	70.41166	98.87083	-0.79875565	0.42456496	1.0	False	liver	mid	enformer
5623	-28.456535	70.40505	98.86159	-0.79875565	0.42456505	1.0	False	liver	mid	enformer
694	-28.460152	70.41391	98.87406	-0.79875505	0.42456532	1.0	False	liver	mid	enformer
543	-28.45649	70.40501	98.861496	-0.79875505	0.42456537	1.0	False	liver	mid	enformer
1624	-28.459206	70.41184	98.87105	-0.7987548	0.42456543	1.0	False	liver	mid	enformer
4538	-28.456306	70.40454	98.86085	-0.79875505	0.42456546	1.0	False	liver	mid	enformer
4305	-28.45906	70.4115	98.87056	-0.79875463	0.4245655	1.0	False	liver	mid	enformer
240	-28.46186	70.41827	98.88013	-0.79875445	0.42456555	1.0	False	liver	mid	enformer
3683	-28.459305	70.41213	98.87144	-0.79875445	0.4245656	1.0	False	liver	mid	enformer
910	-28.460175	70.41407	98.874245	-0.79875404	0.42456582	1.0	False	liver	mid	enformer
2744	-28.459229	70.41202	98.87125	-0.7987537	0.42456603	1.0	False	liver	mid	enformer
3234	-28.456284	70.40464	98.86092	-0.7987536	0.42456618	1.0	False	liver	mid	enformer
1012	-28.458382	70.409904	98.868286	-0.79875344	0.42456618	1.0	False	liver	mid	enformer
6116	-28.458939	70.4113	98.87024	-0.7987535	0.4245662	1.0	False	liver	mid	enformer
1916	-28.461708	70.41772	98.879425	-0.7987535	0.42456627	1.0	False	liver	mid	enformer
2153	-28.4617	70.417725	98.879425	-0.79875326	0.42456642	1.0	False	liver	mid	enformer
4152	-28.45607	70.40416	98.86023	-0.79875296	0.42456654	1.0	False	liver	mid	enformer
4817	-28.456451	70.405136	98.86159	-0.79875284	0.4245666	1.0	False	liver	mid	enformer
5628	-28.458931	70.411415	98.870346	-0.7987522	0.42456698	1.0	False	liver	mid	enformer
5779	-28.458939	70.4115	98.87044	-0.7987516	0.4245673	1.0	False	liver	mid	enformer
2295	-28.45662	70.405685	98.862305	-0.7987516	0.4245673	1.0	False	liver	mid	enformer
2217	-28.45922	70.4122	98.87142	-0.7987516	0.4245673	1.0	False	liver	mid	enformer
5780	-28.458977	70.41163	98.870605	-0.7987513	0.42456746	1.0	False	liver	mid	enformer
1326	-28.456047	70.404335	98.86038	-0.79875076	0.4245678	1.0	False	liver	mid	enformer
1452	-28.456131	70.40462	98.86075	-0.79875004	0.42456824	1.0	False	liver	mid	enformer
983	-28.461418	70.417336	98.87875	-0.79875016	0.42456827	1.0	False	liver	mid	enformer
5653	-28.463982	70.42407	98.888054	-0.79874974	0.42456847	1.0	False	liver	mid	enformer
700	-28.458267	70.410286	98.86855	-0.7987495	0.4245685	1.0	False	liver	mid	enformer
253	-28.459297	70.412674	98.87197	-0.7987489	0.42456895	1.0	False	liver	mid	enformer
4360	-28.461212	70.417244	98.878456	-0.7987486	0.42456907	1.0	False	liver	mid	enformer
4636	-28.46106	70.4167	98.87776	-0.7987475	0.42456976	1.0	False	liver	mid	enformer
4837	-28.458809	70.41165	98.87046	-0.7987468	0.42457005	1.0	False	liver	mid	enformer
2911	-28.461273	70.4177	98.878975	-0.7987456	0.4245709	1.0	False	liver	mid	enformer
4879	-28.455803	70.404396	98.8602	-0.79874426	0.42457157	1.0	False	liver	mid	enformer
1271	-28.463615	70.42389	98.887505	-0.79874253	0.42457256	1.0	False	liver	mid	enformer
2768	-28.463531	70.42367	98.8872	-0.7987426	0.42457256	1.0	False	liver	mid	enformer
1649	-28.463501	70.423744	98.887245	-0.7987412	0.42457324	1.0	False	liver	mid	enformer
1763	-28.463448	70.4236	98.88705	-0.7987412	0.42457324	1.0	False	liver	mid	enformer
1163	-28.45427	70.40621	98.86048	-0.7986923	0.4246018	1.0	False	liver	mid	enformer
2195	-28.454483	70.409996	98.86448	-0.7986574	0.4246219	1.0	False	liver	mid	enformer
105	-28.45768	70.41805	98.87573	-0.7986519	0.42462507	1.0	False	liver	mid	enformer
4672	-28.457474	70.417885	98.87536	-0.79864866	0.42462698	1.0	False	liver	mid	enformer
3762	-28.457405	70.41772	98.87512	-0.79864854	0.4246271	1.0	False	liver	mid	enformer
274	-28.457642	70.41841	98.87605	-0.7986476	0.42462766	1.0	False	liver	mid	enformer
1456	-28.455795	70.41525	98.87105	-0.7986411	0.42463142	1.0	False	liver	mid	enformer
1777	-28.45398	70.41061	98.864586	-0.79864115	0.42463145	1.0	False	liver	mid	enformer
4055	-28.453873	70.41037	98.86424	-0.7986409	0.4246316	1.0	False	liver	mid	enformer
4262	-28.460754	70.427345	98.8881	-0.79863936	0.42463252	1.0	False	liver	mid	enformer
5252	-28.461441	70.42886	98.890305	-0.79863876	0.42463282	1.0	False	liver	mid	enformer
2608	-28.458244	70.42112	98.879364	-0.7986386	0.42463297	1.0	False	liver	mid	enformer
2386	-28.46151	70.429085	98.890594	-0.7986383	0.42463303	1.0	False	liver	mid	enformer
2899	-28.458366	70.42147	98.87984	-0.7986382	0.42463315	1.0	False	liver	mid	enformer
2599	-28.461166	70.434715	98.89588	-0.7985758	0.42466924	1.0	False	liver	mid	enformer
5461	-28.45607	70.42491	98.88098	-0.7985459	0.4246866	1.0	False	liver	mid	enformer
1499	-28.45604	70.425354	98.88139	-0.79854095	0.42468947	1.0	False	liver	mid	enformer
2866	-28.452583	70.42198	98.874565	-0.798492	0.4247177	1.0	False	liver	mid	enformer
2765	-28.45224	70.42185	98.87409	-0.79848486	0.42472196	1.0	False	liver	mid	enformer
349	-28.447464	70.41631	98.86378	-0.7984254	0.42475647	1.0	False	liver	mid	enformer
3124	-28.438644	70.42367	98.86231	-0.7981376	0.4249235	1.0	False	liver	mid	enformer
2369	-28.438606	70.42361	98.86221	-0.79813725	0.42492366	1.0	False	liver	mid	enformer
5630	-28.439575	70.42801	98.867584	-0.7981179	0.42493474	1.0	False	liver	mid	enformer
4986	-28.439224	70.4272	98.866425	-0.7981172	0.4249352	1.0	False	liver	mid	enformer
4634	-28.444305	70.43952	98.88383	-0.7981163	0.4249357	1.0	False	liver	mid	enformer
2468	-28.441978	70.43371	98.87569	-0.798116	0.42493594	1.0	False	liver	mid	enformer
2945	-28.441956	70.43375	98.8757	-0.79811525	0.42493632	1.0	False	liver	mid	enformer
5943	-28.442322	70.43475	98.877075	-0.79811424	0.42493692	1.0	False	liver	mid	enformer
5140	-28.441925	70.433876	98.8758	-0.7981131	0.4249376	1.0	False	liver	mid	enformer
3625	-28.439308	70.42798	98.86729	-0.7981116	0.42493862	1.0	False	liver	mid	enformer
2154	-28.442215	70.43476	98.876976	-0.79811156	0.42493862	1.0	False	liver	mid	enformer
523	-28.441536	70.433304	98.87484	-0.7981092	0.42493987	1.0	False	liver	mid	enformer
826	-28.409637	70.43529	98.844925	-0.79731566	0.42540047	1.0	False	liver	mid	enformer
3916	-28.40728	70.42938	98.83666	-0.79731554	0.42540056	1.0	False	liver	mid	enformer
774	-28.407204	70.42926	98.836464	-0.79731494	0.42540088	1.0	False	liver	mid	enformer
5928	-28.375275	70.434814	98.81009	-0.7964835	0.42588365	1.0	False	liver	mid	enformer
5232	-28.374886	70.43395	98.80884	-0.7964824	0.4258843	1.0	False	liver	mid	enformer
1653	-28.375076	70.43464	98.809715	-0.7964803	0.42588535	1.0	False	liver	mid	enformer
61	29.435982	100.10206	70.66608	0.78655577	0.43171227	1.0	False	liver	mid	enformer
43	29.436134	100.10254	70.666405	0.78655607	0.43171227	1.0	False	liver	mid	enformer
537	29.436218	100.10301	70.666794	0.7865546	0.431713	1.0	False	liver	mid	enformer
1054	29.436172	100.10311	70.66694	0.7865523	0.43171436	1.0	False	liver	mid	enformer
5305	29.436264	100.10345	70.66718	0.7865521	0.4317145	1.0	False	liver	mid	enformer
3702	29.436287	100.10363	70.66734	0.7865512	0.43171495	1.0	False	liver	mid	enformer
1274	29.43637	100.104034	70.66766	0.7865502	0.43171555	1.0	False	liver	mid	enformer
2488	29.437164	100.10677	70.66961	0.78655016	0.4317156	1.0	False	liver	mid	enformer
1735	29.436386	100.10414	70.667755	0.7865496	0.43171588	1.0	False	liver	mid	enformer
3332	29.4366	100.10502	70.66842	0.7865483	0.43171665	1.0	False	liver	mid	enformer
5284	29.436127	100.103485	70.66736	0.7865477	0.431717	1.0	False	liver	mid	enformer
3337	29.436142	100.10356	70.66742	0.7865475	0.43171713	1.0	False	liver	mid	enformer
1422	29.435997	100.10308	70.66708	0.78654736	0.43171725	1.0	False	liver	mid	enformer
4249	29.435616	100.1022	70.66659	0.7865435	0.43171945	1.0	False	liver	mid	enformer
1662	29.424805	100.06627	70.641464	0.78653616	0.43172383	1.0	False	liver	mid	enformer
5764	-22.902626	70.34025	93.242874	-0.6510872	0.5150971	1.0	False	liver	mid	enformer
34	-22.89267	70.33262	93.22529	-0.6508942	0.5152215	1.0	False	liver	mid	enformer
4502	-22.89225	70.360535	93.252785	-0.6506526	0.5153775	1.0	False	liver	mid	enformer
1829	-22.8919	70.35987	93.25177	-0.6506495	0.51537937	1.0	False	liver	mid	enformer
338	-22.890106	70.35457	93.244675	-0.6506473	0.51538086	1.0	False	liver	mid	enformer
5534	-22.89206	70.36078	93.25284	-0.6506459	0.51538175	1.0	False	liver	mid	enformer
1389	-22.89238	70.361786	93.254166	-0.65064585	0.5153818	1.0	False	liver	mid	enformer
5206	-22.888855	70.354095	93.24295	-0.65062094	0.51539785	1.0	False	liver	mid	enformer
2363	-22.890938	70.36085	93.251785	-0.6506188	0.51539934	1.0	False	liver	mid	enformer
2769	-22.890808	70.36047	93.25128	-0.65061855	0.51539946	1.0	False	liver	mid	enformer
3274	-22.891045	70.36843	93.259476	-0.6505557	0.51544005	1.0	False	liver	mid	enformer
2174	-22.890152	70.366135	93.25629	-0.6505517	0.5154426	1.0	False	liver	mid	enformer
4070	-22.86776	70.35956	93.22732	-0.65004075	0.5157725	1.0	False	liver	mid	enformer
4681	-22.869537	70.37722	93.24676	-0.6499353	0.51584065	1.0	False	liver	mid	enformer
491	-22.865692	70.37331	93.239	-0.64987046	0.5158826	1.0	False	liver	mid	enformer
6052	-22.856857	70.36624	93.2231	-0.6497103	0.5159861	1.0	False	liver	mid	enformer
4878	-22.861496	70.39138	93.25288	-0.6496173	0.5160461	1.0	False	liver	mid	enformer
6118	-22.85852	70.38456	93.24308	-0.64959717	0.5160591	1.0	False	liver	mid	enformer
131	-22.858505	70.38505	93.24355	-0.6495929	0.5160619	1.0	False	liver	mid	enformer
2675	-22.856163	70.37779	93.233955	-0.6495924	0.5160622	1.0	False	liver	mid	enformer
1201	-22.856209	70.37842	93.23463	-0.64958847	0.51606464	1.0	False	liver	mid	enformer
3745	-22.855034	70.395096	93.25013	-0.64942485	0.51617044	1.0	False	liver	mid	enformer
5629	-22.853119	70.4024	93.255516	-0.6493121	0.5162432	1.0	False	liver	mid	enformer
3013	-22.842506	70.378075	93.22058	-0.6492445	0.51628685	1.0	False	liver	mid	enformer
3306	-22.842354	70.377716	93.22007	-0.6492437	0.5162874	1.0	False	liver	mid	enformer
1091	-22.8376	70.40823	93.245834	-0.64887255	0.51652735	1.0	False	liver	mid	enformer
3454	-22.839981	70.41619	93.25617	-0.648868	0.51653016	1.0	False	liver	mid	enformer
2668	-22.837486	70.40876	93.24625	-0.6488654	0.5165318	1.0	False	liver	mid	enformer
4378	-22.837204	70.407906	93.24511	-0.64886504	0.51653206	1.0	False	liver	mid	enformer
4522	-22.837433	70.408676	93.24611	-0.6488648	0.5165321	1.0	False	liver	mid	enformer
1282	-22.837074	70.40765	93.24473	-0.6488639	0.51653266	1.0	False	liver	mid	enformer
4144	-22.839478	70.415344	93.25482	-0.6488621	0.5165339	1.0	False	liver	mid	enformer
1727	-22.807297	70.4288	93.2361	-0.6479327	0.5171348	1.0	False	liver	mid	enformer
2796	-22.79876	70.42196	93.22072	-0.64777553	0.51723653	1.0	False	liver	mid	enformer
1363	-22.788689	70.42275	93.21144	-0.64751273	0.51740646	1.0	False	liver	mid	enformer
663	-22.78875	70.42307	93.21182	-0.64751166	0.5174071	1.0	False	liver	mid	enformer
1567	-22.78872	70.42335	93.21207	-0.6475086	0.5174091	1.0	False	liver	mid	enformer
17	-22.791	70.430534	93.221535	-0.64750826	0.5174094	1.0	False	liver	mid	enformer
5260	-22.790833	70.43006	93.220894	-0.64750797	0.51740956	1.0	False	liver	mid	enformer
404	-22.77314	70.42464	93.19778	-0.64710325	0.5176713	1.0	False	liver	mid	enformer
3518	-22.773003	70.42447	93.19747	-0.64710116	0.51767254	1.0	False	liver	mid	enformer
5102	-22.772942	70.42432	93.19726	-0.64710087	0.5176727	1.0	False	liver	mid	enformer
5163	-22.766335	70.42758	93.19392	-0.64691305	0.5177943	1.0	False	liver	mid	enformer
2264	-24.163757	80.31423	104.47799	-0.6468276	0.51785046	1.0	False	liver	mid	enformer
22	-24.163574	80.31375	104.477325	-0.6468267	0.51785105	1.0	False	liver	mid	enformer
4847	-24.163635	80.314	104.47764	-0.64682627	0.5178513	1.0	False	liver	mid	enformer
801	-24.163551	80.31378	104.47733	-0.64682585	0.51785153	1.0	False	liver	mid	enformer
4943	-24.163658	80.31433	104.47799	-0.64682454	0.5178524	1.0	False	liver	mid	enformer
2495	-24.163452	80.31372	104.47717	-0.6468239	0.5178529	1.0	False	liver	mid	enformer
4579	-24.163452	80.31377	104.47722	-0.6468235	0.51785314	1.0	False	liver	mid	enformer
1143	-24.163147	80.313385	104.47653	-0.646819	0.517856	1.0	False	liver	mid	enformer
3971	-24.162804	80.31227	104.475075	-0.64681864	0.51785624	1.0	False	liver	mid	enformer
4597	-24.160728	80.34205	104.50278	-0.64655465	0.5180271	1.0	False	liver	mid	enformer
3728	-24.15445	80.33578	104.49023	-0.64644706	0.5180967	1.0	False	liver	mid	enformer
3139	-24.156532	80.34326	104.499794	-0.64644355	0.51809895	1.0	False	liver	mid	enformer
5374	-24.156578	80.34366	104.50024	-0.6464417	0.5181002	1.0	False	liver	mid	enformer
1618	-24.156578	80.34379	104.50037	-0.64644086	0.5181007	1.0	False	liver	mid	enformer
3945	-24.15432	80.3362	104.49052	-0.6464409	0.5181007	1.0	False	liver	mid	enformer
856	-24.156609	80.34404	104.50065	-0.6464398	0.5181014	1.0	False	liver	mid	enformer
4290	-24.156654	80.344315	104.50097	-0.64643896	0.51810205	1.0	False	liver	mid	enformer
5548	-24.150734	80.34879	104.49953	-0.6462653	0.5182143	1.0	False	liver	mid	enformer
6074	-24.150223	80.3474	104.49762	-0.6462633	0.51821566	1.0	False	liver	mid	enformer
2873	-24.150284	80.347725	104.49801	-0.6462623	0.5182163	1.0	False	liver	mid	enformer
4750	-24.150269	80.34782	104.498085	-0.6462613	0.5182169	1.0	False	liver	mid	enformer
860	-24.150238	80.34822	104.49846	-0.64625776	0.5182193	1.0	False	liver	mid	enformer
2119	-24.140808	80.32989	104.470695	-0.6461596	0.51828283	1.0	False	liver	mid	enformer
5982	-24.142326	80.353584	104.49591	-0.64602584	0.51836956	1.0	False	liver	mid	enformer
5743	-24.142006	80.35273	104.494736	-0.6460241	0.51837057	1.0	False	liver	mid	enformer
130	-24.141716	80.35223	104.49394	-0.6460207	0.5183727	1.0	False	liver	mid	enformer
162	-24.144043	80.36033	104.50437	-0.6460187	0.51837415	1.0	False	liver	mid	enformer
5106	-24.13742	80.345985	104.483406	-0.6459633	0.5184099	1.0	False	liver	mid	enformer
2267	-24.137405	80.34675	104.48415	-0.64595765	0.5184136	1.0	False	liver	mid	enformer
2648	-24.135155	80.339264	104.47442	-0.64595693	0.51841414	1.0	False	liver	mid	enformer
4992	-24.134773	80.337975	104.47275	-0.64595693	0.51841414	1.0	False	liver	mid	enformer
612	-24.140053	80.35554	104.49559	-0.64595664	0.5184142	1.0	False	liver	mid	enformer
5857	-24.134544	80.33812	104.472664	-0.64595044	0.51841825	1.0	False	liver	mid	enformer
1285	-24.134506	80.33979	104.4743	-0.64593875	0.5184259	1.0	False	liver	mid	enformer
2529	-24.133835	80.338165	104.472	-0.6459341	0.51842874	1.0	False	liver	mid	enformer
1120	-24.134003	80.33876	104.47276	-0.64593387	0.5184289	1.0	False	liver	mid	enformer
6075	-24.13411	80.33927	104.47338	-0.64593285	0.5184297	1.0	False	liver	mid	enformer
93	-24.133614	80.33778	104.4714	-0.64593154	0.51843053	1.0	False	liver	mid	enformer
3564	-24.13572	80.34503	104.48075	-0.64593035	0.51843125	1.0	False	liver	mid	enformer
5891	-24.13353	80.33768	104.47121	-0.6459302	0.51843137	1.0	False	liver	mid	enformer
5062	-24.133835	80.33874	104.47257	-0.64593005	0.5184315	1.0	False	liver	mid	enformer
1127	-24.134026	80.33942	104.47344	-0.64592975	0.51843166	1.0	False	liver	mid	enformer
2647	-24.133766	80.33856	104.47233	-0.64592963	0.5184317	1.0	False	liver	mid	enformer
3764	-24.133461	80.33755	104.47101	-0.64592946	0.5184319	1.0	False	liver	mid	enformer
463	-24.133553	80.33796	104.47151	-0.64592886	0.5184322	1.0	False	liver	mid	enformer
1390	-24.133698	80.33866	104.47236	-0.6459273	0.5184332	1.0	False	liver	mid	enformer
2449	-24.133331	80.34968	104.48301	-0.64583397	0.51849365	1.0	False	liver	mid	enformer
38	-24.127647	80.35721	104.484856	-0.64564705	0.5186147	1.0	False	liver	mid	enformer
4821	-24.127754	80.35761	104.48537	-0.64564675	0.5186149	1.0	False	liver	mid	enformer
5720	-24.127419	80.35671	104.48413	-0.645645	0.518616	1.0	False	liver	mid	enformer
5698	23.833153	100.11382	76.28067	0.6299089	0.5288818	1.0	False	liver	mid	enformer
5400	23.833038	100.11335	76.28031	0.6299088	0.52888185	1.0	False	liver	mid	enformer
4903	23.833237	100.11459	76.28136	0.6299061	0.5288837	1.0	False	liver	mid	enformer
4915	23.83297	100.11364	76.28067	0.62990487	0.52888453	1.0	False	liver	mid	enformer
4643	23.811127	100.1132	76.30207	0.62927556	0.52929604	1.0	False	liver	mid	enformer
4768	23.811188	100.11355	76.30236	0.6292749	0.5292964	1.0	False	liver	mid	enformer
2246	23.81105	100.113075	76.302025	0.62927425	0.5292969	1.0	False	liver	mid	enformer
1250	23.811195	100.1137	76.302505	0.6292741	0.52929693	1.0	False	liver	mid	enformer
1803	23.81089	100.112526	76.301636	0.6292733	0.5292975	1.0	False	liver	mid	enformer
2885	23.813225	100.12207	76.308846	0.6292732	0.5292976	1.0	False	liver	mid	enformer
4954	23.813011	100.121284	76.30827	0.62927234	0.5292982	1.0	False	liver	mid	enformer
3470	23.813179	100.12211	76.30893	0.6292716	0.5292987	1.0	False	liver	mid	enformer
4560	23.810982	100.11328	76.3023	0.6292707	0.5292993	1.0	False	liver	mid	enformer
724	23.81102	100.11352	76.3025	0.6292702	0.5292997	1.0	False	liver	mid	enformer
1817	23.810837	100.11276	76.301926	0.62927	0.52929974	1.0	False	liver	mid	enformer
4137	23.813011	100.121704	76.30869	0.62926954	0.52930003	1.0	False	liver	mid	enformer
4278	23.810966	100.11348	76.30251	0.62926894	0.5293005	1.0	False	liver	mid	enformer
3875	23.810928	100.1133	76.30237	0.62926906	0.5293005	1.0	False	liver	mid	enformer
4452	23.811089	100.11407	76.30298	0.6292685	0.52930075	1.0	False	liver	mid	enformer
4975	23.811035	100.11383	76.302795	0.6292684	0.52930087	1.0	False	liver	mid	enformer
1591	23.812866	100.121284	76.30842	0.62926817	0.5293009	1.0	False	liver	mid	enformer
1822	23.810974	100.11361	76.302635	0.6292683	0.529301	1.0	False	liver	mid	enformer
2955	23.811035	100.11391	76.30287	0.62926805	0.5293011	1.0	False	liver	mid	enformer
2918	23.810806	100.11292	76.30212	0.62926805	0.5293011	1.0	False	liver	mid	enformer
5484	23.813004	100.12195	76.308945	0.62926763	0.52930135	1.0	False	liver	mid	enformer
1705	23.812798	100.121086	76.30829	0.6292675	0.5293014	1.0	False	liver	mid	enformer
2991	23.810936	100.11356	76.30263	0.62926745	0.52930146	1.0	False	liver	mid	enformer
4682	23.810669	100.112465	76.301796	0.62926733	0.5293015	1.0	False	liver	mid	enformer
4638	23.810944	100.113655	76.30271	0.62926704	0.5293017	1.0	False	liver	mid	enformer
1714	23.81076	100.11289	76.30213	0.629267	0.5293017	1.0	False	liver	mid	enformer
1874	23.812935	100.12175	76.308815	0.6292669	0.52930176	1.0	False	liver	mid	enformer
619	23.808586	100.10363	76.295044	0.629267	0.52930176	1.0	False	liver	mid	enformer
677	23.812958	100.12189	76.30893	0.62926674	0.5293019	1.0	False	liver	mid	enformer
5386	23.811005	100.11397	76.30296	0.6292667	0.52930194	1.0	False	liver	mid	enformer
2702	23.81102	100.11411	76.30309	0.62926614	0.5293023	1.0	False	liver	mid	enformer
1092	23.810959	100.11391	76.30295	0.6292657	0.5293026	1.0	False	liver	mid	enformer
3054	23.810646	100.11262	76.30197	0.62926567	0.52930266	1.0	False	liver	mid	enformer
3586	23.81086	100.1135	76.30264	0.62926567	0.52930266	1.0	False	liver	mid	enformer
5774	23.811043	100.1143	76.30326	0.62926555	0.5293027	1.0	False	liver	mid	enformer
5433	23.811089	100.114655	76.303566	0.6292644	0.52930343	1.0	False	liver	mid	enformer
1973	23.810516	100.11226	76.30174	0.62926435	0.52930355	1.0	False	liver	mid	enformer
158	23.810913	100.11406	76.30315	0.6292635	0.529304	1.0	False	liver	mid	enformer
1674	23.810669	100.11304	76.30237	0.6292633	0.5293042	1.0	False	liver	mid	enformer
2904	23.805374	100.09709	76.29172	0.62922025	0.5293322	1.0	False	liver	mid	enformer
4775	23.805466	100.09773	76.29227	0.6292185	0.5293334	1.0	False	liver	mid	enformer
5851	23.805351	100.0973	76.29195	0.6292182	0.52933365	1.0	False	liver	mid	enformer
1882	23.805199	100.09686	76.291664	0.6292167	0.5293346	1.0	False	liver	mid	enformer
3706	23.807274	100.106094	76.29882	0.6292138	0.5293365	1.0	False	liver	mid	enformer
5144	23.807503	100.10707	76.29957	0.62921375	0.5293365	1.0	False	liver	mid	enformer
4280	23.805168	100.097176	76.29201	0.6292137	0.5293366	1.0	False	liver	mid	enformer
1	23.805061	100.096725	76.291664	0.62921363	0.5293366	1.0	False	liver	mid	enformer
2115	23.8051	100.096886	76.29179	0.62921363	0.5293366	1.0	False	liver	mid	enformer
6042	23.805191	100.09729	76.2921	0.6292135	0.52933663	1.0	False	liver	mid	enformer
1067	23.805603	100.09905	76.29345	0.6292135	0.52933663	1.0	False	liver	mid	enformer
444	23.805092	100.0969	76.29181	0.6292134	0.5293367	1.0	False	liver	mid	enformer
433	23.805405	100.09822	76.292816	0.6292134	0.52933675	1.0	False	liver	mid	enformer
395	23.805275	100.0977	76.29243	0.6292132	0.52933675	1.0	False	liver	mid	enformer
4006	23.807266	100.106125	76.29886	0.62921333	0.5293368	1.0	False	liver	mid	enformer
850	23.807312	100.10634	76.29903	0.6292133	0.5293368	1.0	False	liver	mid	enformer
3399	23.807472	100.107086	76.299614	0.6292128	0.52933705	1.0	False	liver	mid	enformer
3722	23.805138	100.097176	76.29204	0.6292128	0.5293371	1.0	False	liver	mid	enformer
2380	23.802895	100.08765	76.28475	0.62921286	0.5293371	1.0	False	liver	mid	enformer
1367	23.807533	100.1074	76.299866	0.62921244	0.5293372	1.0	False	liver	mid	enformer
3938	23.805153	100.09727	76.292114	0.62921256	0.5293373	1.0	False	liver	mid	enformer
48	23.804993	100.096596	76.2916	0.6292125	0.5293373	1.0	False	liver	mid	enformer
5417	23.803436	100.09001	76.286575	0.62921244	0.52933735	1.0	False	liver	mid	enformer
4451	23.805374	100.09825	76.29288	0.6292123	0.5293374	1.0	False	liver	mid	enformer
2336	23.807327	100.10654	76.29921	0.6292123	0.5293374	1.0	False	liver	mid	enformer
1622	23.807297	100.106445	76.29915	0.62921214	0.5293375	1.0	False	liver	mid	enformer
5655	23.807343	100.10665	76.29931	0.629212	0.5293376	1.0	False	liver	mid	enformer
218	23.807281	100.10641	76.299126	0.62921184	0.52933776	1.0	False	liver	mid	enformer
3802	23.805328	100.098145	76.292816	0.6292117	0.52933776	1.0	False	liver	mid	enformer
361	23.807419	100.107025	76.29961	0.62921166	0.5293378	1.0	False	liver	mid	enformer
5235	23.805122	100.09727	76.292145	0.62921166	0.5293378	1.0	False	liver	mid	enformer
4793	23.807358	100.106766	76.29941	0.6292116	0.5293379	1.0	False	liver	mid	enformer
19	23.807129	100.105804	76.298676	0.6292116	0.5293379	1.0	False	liver	mid	enformer
3429	23.805145	100.097374	76.29223	0.62921154	0.52933794	1.0	False	liver	mid	enformer
4751	23.805252	100.09784	76.29259	0.6292115	0.52933794	1.0	False	liver	mid	enformer
4576	23.807327	100.106674	76.29935	0.62921125	0.52933806	1.0	False	liver	mid	enformer
5549	23.805023	100.09687	76.29185	0.6292114	0.52933806	1.0	False	liver	mid	enformer
1756	23.807228	100.10627	76.29904	0.62921125	0.52933806	1.0	False	liver	mid	enformer
4978	23.807236	100.10629	76.29906	0.6292114	0.52933806	1.0	False	liver	mid	enformer
898	23.80719	100.1061	76.29891	0.6292113	0.52933806	1.0	False	liver	mid	enformer
674	23.80735	100.10681	76.29946	0.6292111	0.5293382	1.0	False	liver	mid	enformer
3492	23.807426	100.10715	76.29972	0.629211	0.52933824	1.0	False	liver	mid	enformer
5103	23.805504	100.09899	76.29349	0.62921107	0.52933824	1.0	False	liver	mid	enformer
215	23.80523	100.097824	76.292595	0.62921095	0.5293383	1.0	False	liver	mid	enformer
1585	23.80719	100.10615	76.29896	0.629211	0.5293383	1.0	False	liver	mid	enformer
5853	23.807129	100.1059	76.298775	0.6292109	0.5293383	1.0	False	liver	mid	enformer
1772	23.807404	100.10705	76.299644	0.629211	0.5293383	1.0	False	liver	mid	enformer
4418	23.80745	100.10728	76.29983	0.62921077	0.5293384	1.0	False	liver	mid	enformer
4266	23.80745	100.10728	76.29983	0.62921077	0.5293384	1.0	False	liver	mid	enformer
3413	23.805206	100.09778	76.29257	0.6292106	0.52933854	1.0	False	liver	mid	enformer
3589	23.805206	100.09777	76.292564	0.6292106	0.52933854	1.0	False	liver	mid	enformer
3823	23.807198	100.10625	76.29905	0.62921053	0.52933854	1.0	False	liver	mid	enformer
3708	23.807503	100.10753	76.300026	0.62921065	0.52933854	1.0	False	liver	mid	enformer
581	23.804886	100.09645	76.291565	0.6292104	0.52933866	1.0	False	liver	mid	enformer
4295	23.80729	100.106674	76.299385	0.6292103	0.5293387	1.0	False	liver	mid	enformer
5539	23.805153	100.097626	76.29247	0.6292102	0.5293388	1.0	False	liver	mid	enformer
3444	23.805313	100.0983	76.292984	0.62921023	0.5293388	1.0	False	liver	mid	enformer
103	23.805176	100.09771	76.292534	0.62921023	0.5293388	1.0	False	liver	mid	enformer
1881	23.805336	100.09841	76.293076	0.6292101	0.52933884	1.0	False	liver	mid	enformer
4308	23.805107	100.09745	76.29234	0.6292101	0.52933884	1.0	False	liver	mid	enformer
5678	23.806976	100.1054	76.29842	0.62921	0.52933896	1.0	False	liver	mid	enformer
1741	23.807388	100.10713	76.29974	0.62921	0.52933896	1.0	False	liver	mid	enformer
473	23.805206	100.09788	76.29267	0.62921	0.52933896	1.0	False	liver	mid	enformer
852	23.807327	100.10689	76.29956	0.62920994	0.529339	1.0	False	liver	mid	enformer
1779	23.807251	100.106575	76.299324	0.62920994	0.529339	1.0	False	liver	mid	enformer
6032	23.803253	100.08961	76.286354	0.62921	0.529339	1.0	False	liver	mid	enformer
5310	23.805054	100.09725	76.2922	0.62920976	0.529339	1.0	False	liver	mid	enformer
2884	23.807373	100.10709	76.29972	0.6292099	0.529339	1.0	False	liver	mid	enformer
1925	23.80516	100.0977	76.29254	0.6292098	0.529339	1.0	False	liver	mid	enformer
3568	23.804657	100.09557	76.29092	0.6292097	0.5293391	1.0	False	liver	mid	enformer
1175	23.805107	100.097496	76.29239	0.6292097	0.5293391	1.0	False	liver	mid	enformer
2091	23.80738	100.10713	76.29975	0.6292098	0.5293391	1.0	False	liver	mid	enformer
3996	23.805176	100.09779	76.29262	0.6292097	0.5293391	1.0	False	liver	mid	enformer
4534	23.807304	100.10684	76.29954	0.62920964	0.52933913	1.0	False	liver	mid	enformer
976	23.807213	100.10646	76.29925	0.6292096	0.5293392	1.0	False	liver	mid	enformer
2169	23.807129	100.1061	76.29897	0.6292096	0.5293392	1.0	False	liver	mid	enformer
6005	23.807144	100.10618	76.299034	0.62920946	0.52933925	1.0	False	liver	mid	enformer
586	23.80513	100.097626	76.292496	0.6292095	0.52933925	1.0	False	liver	mid	enformer
5199	23.805077	100.0974	76.29232	0.62920946	0.52933925	1.0	False	liver	mid	enformer
3076	23.805298	100.09836	76.29306	0.6292094	0.5293393	1.0	False	liver	mid	enformer
1125	23.80732	100.10694	76.29962	0.6292094	0.5293393	1.0	False	liver	mid	enformer
565	23.805077	100.097404	76.29233	0.62920934	0.5293393	1.0	False	liver	mid	enformer
2828	23.805641	100.099846	76.294205	0.6292092	0.52933943	1.0	False	liver	mid	enformer
2457	23.807297	100.10686	76.29956	0.6292092	0.52933943	1.0	False	liver	mid	enformer
4380	23.80735	100.10708	76.29973	0.6292092	0.52933943	1.0	False	liver	mid	enformer
3629	23.807266	100.10679	76.29952	0.6292088	0.52933973	1.0	False	liver	mid	enformer
6055	23.805069	100.09747	76.292404	0.62920874	0.52933973	1.0	False	liver	mid	enformer
4100	23.80487	100.096634	76.29176	0.62920874	0.52933973	1.0	False	liver	mid	enformer
80	23.805023	100.09727	76.292244	0.62920874	0.52933973	1.0	False	liver	mid	enformer
4600	23.805252	100.09828	76.29303	0.6292085	0.52933985	1.0	False	liver	mid	enformer
1311	23.807007	100.10575	76.298744	0.62920845	0.52933997	1.0	False	liver	mid	enformer
5404	23.807083	100.10606	76.29897	0.62920845	0.52933997	1.0	False	liver	mid	enformer
3128	23.80484	100.09656	76.29172	0.6292084	0.52934	1.0	False	liver	mid	enformer
3887	23.807098	100.106155	76.29906	0.62920827	0.52934	1.0	False	liver	mid	enformer
4545	23.804947	100.09705	76.29211	0.6292081	0.5293402	1.0	False	liver	mid	enformer
4516	23.807228	100.106735	76.29951	0.6292081	0.5293402	1.0	False	liver	mid	enformer
5378	23.805069	100.09757	76.2925	0.6292081	0.5293402	1.0	False	liver	mid	enformer
2774	23.805061	100.09755	76.29249	0.62920797	0.5293402	1.0	False	liver	mid	enformer
4941	23.807365	100.107315	76.29995	0.6292081	0.5293402	1.0	False	liver	mid	enformer
3886	23.80513	100.09784	76.29271	0.6292081	0.5293402	1.0	False	liver	mid	enformer
2704	23.805176	100.098045	76.29287	0.62920797	0.52934027	1.0	False	liver	mid	enformer
3298	23.8051	100.097755	76.292656	0.62920773	0.52934045	1.0	False	liver	mid	enformer
5934	23.804985	100.09727	76.29228	0.6292077	0.5293405	1.0	False	liver	mid	enformer
3455	23.805107	100.09782	76.29271	0.6292075	0.52934057	1.0	False	liver	mid	enformer
1708	23.807335	100.10726	76.29993	0.6292076	0.52934057	1.0	False	liver	mid	enformer
669	23.806908	100.10546	76.29855	0.62920743	0.5293407	1.0	False	liver	mid	enformer
4185	23.805466	100.09936	76.29389	0.62920743	0.5293407	1.0	False	liver	mid	enformer
2654	23.804947	100.097145	76.2922	0.6292074	0.5293407	1.0	False	liver	mid	enformer
2489	23.804863	100.09681	76.29195	0.6292073	0.52934074	1.0	False	liver	mid	enformer
2707	23.804787	100.096535	76.29175	0.62920696	0.529341	1.0	False	liver	mid	enformer
332	23.807	100.10596	76.29896	0.6292068	0.52934104	1.0	False	liver	mid	enformer
2775	23.80687	100.105385	76.298515	0.6292069	0.52934104	1.0	False	liver	mid	enformer
3763	23.807037	100.10612	76.29908	0.6292068	0.52934104	1.0	False	liver	mid	enformer
4238	23.805054	100.09772	76.29266	0.6292066	0.5293412	1.0	False	liver	mid	enformer
1871	23.805138	100.0981	76.29296	0.62920654	0.5293412	1.0	False	liver	mid	enformer
804	23.80484	100.09682	76.29198	0.6292066	0.5293412	1.0	False	liver	mid	enformer
1683	23.807114	100.10649	76.29938	0.6292064	0.5293413	1.0	False	liver	mid	enformer
5261	23.803116	100.089554	76.28644	0.6292063	0.5293413	1.0	False	liver	mid	enformer
4076	23.807236	100.10701	76.299774	0.6292064	0.5293413	1.0	False	liver	mid	enformer
1709	23.80703	100.10616	76.29913	0.62920624	0.52934146	1.0	False	liver	mid	enformer
5120	23.807106	100.10652	76.299416	0.62920606	0.5293415	1.0	False	liver	mid	enformer
5956	23.805	100.09759	76.29259	0.62920594	0.5293416	1.0	False	liver	mid	enformer
3694	23.804817	100.09682	76.292	0.62920594	0.5293416	1.0	False	liver	mid	enformer
4633	23.807045	100.10628	76.29923	0.6292059	0.5293417	1.0	False	liver	mid	enformer
638	23.805046	100.09779	76.29275	0.6292059	0.5293417	1.0	False	liver	mid	enformer
2146	23.807037	100.10631	76.29927	0.6292055	0.5293419	1.0	False	liver	mid	enformer
2183	23.807213	100.10706	76.29985	0.6292054	0.52934206	1.0	False	liver	mid	enformer
5918	23.80494	100.09744	76.2925	0.6292052	0.5293421	1.0	False	liver	mid	enformer
4540	23.807175	100.10693	76.29976	0.62920517	0.5293422	1.0	False	liver	mid	enformer
3459	23.807083	100.10656	76.29948	0.6292051	0.5293422	1.0	False	liver	mid	enformer
5050	23.807175	100.106964	76.29979	0.629205	0.5293423	1.0	False	liver	mid	enformer
1313	23.805252	100.09882	76.29357	0.62920487	0.52934235	1.0	False	liver	mid	enformer
5426	23.804962	100.09761	76.29265	0.62920475	0.5293424	1.0	False	liver	mid	enformer
4090	23.807129	100.10687	76.29974	0.6292043	0.5293428	1.0	False	liver	mid	enformer
4394	23.807137	100.1069	76.29977	0.6292043	0.5293428	1.0	False	liver	mid	enformer
5530	23.803001	100.08939	76.28639	0.62920403	0.52934283	1.0	False	liver	mid	enformer
2403	23.804634	100.09629	76.29166	0.6292041	0.52934283	1.0	False	liver	mid	enformer
5301	23.805496	100.10002	76.294525	0.62920356	0.5293433	1.0	False	liver	mid	enformer
5191	23.806984	100.10637	76.299385	0.6292035	0.5293433	1.0	False	liver	mid	enformer
5838	23.804832	100.09763	76.2928	0.6292008	0.52934504	1.0	False	liver	mid	enformer
4294	-18.625198	80.23885	98.86405	-0.5043776	0.6140776	1.0	False	liver	mid	enformer
5715	-18.617393	80.222046	98.83944	-0.5042807	0.6141457	1.0	False	liver	mid	enformer
1593	-18.617195	80.22195	98.83914	-0.5042762	0.6141488	1.0	False	liver	mid	enformer
5435	-18.617325	80.22301	98.84033	-0.5042734	0.6141508	1.0	False	liver	mid	enformer
2752	-18.62268	80.25954	98.88222	-0.5041925	0.6142076	1.0	False	liver	mid	enformer
469	-18.613365	80.23627	98.84963	-0.50409925	0.6142732	1.0	False	liver	mid	enformer
6013	-18.612434	80.250565	98.863	-0.5039901	0.61434984	1.0	False	liver	mid	enformer
3409	-18.612244	80.251564	98.86381	-0.50397915	0.6143575	1.0	False	liver	mid	enformer
126	-18.616226	80.268616	98.88484	-0.5039782	0.6143582	1.0	False	liver	mid	enformer
4819	-18.614388	80.26083	98.87522	-0.5039768	0.61435914	1.0	False	liver	mid	enformer
3960	-18.616165	80.26869	98.88486	-0.5039763	0.61435956	1.0	False	liver	mid	enformer
5085	-18.613663	80.25878	98.872444	-0.5039739	0.6143613	1.0	False	liver	mid	enformer
658	-18.606567	80.22866	98.83523	-0.50397253	0.6143623	1.0	False	liver	mid	enformer
2471	-18.609917	80.2432	98.85312	-0.5039718	0.6143627	1.0	False	liver	mid	enformer
1541	-18.614197	80.26114	98.875336	-0.5039704	0.6143637	1.0	False	liver	mid	enformer
1640	-18.61412	80.26088	98.875	-0.5039699	0.614364	1.0	False	liver	mid	enformer
194	-18.606728	80.229866	98.83659	-0.5039696	0.6143643	1.0	False	liver	mid	enformer
1195	-18.615746	80.27092	98.886665	-0.5039551	0.6143745	1.0	False	liver	mid	enformer
3213	-18.613396	80.26141	98.87481	-0.5039507	0.61437756	1.0	False	liver	mid	enformer
290	-18.616394	80.28227	98.89867	-0.50390345	0.61441064	1.0	False	liver	mid	enformer
4544	-18.616058	80.281364	98.89742	-0.5039003	0.614413	1.0	False	liver	mid	enformer
6025	-18.61789	80.29	98.90789	-0.50389665	0.61441547	1.0	False	liver	mid	enformer
5565	-18.609993	80.25974	98.869736	-0.5038783	0.6144284	1.0	False	liver	mid	enformer
5162	-18.609581	80.25836	98.86794	-0.5038759	0.61443007	1.0	False	liver	mid	enformer
1017	-18.604065	80.23607	98.84013	-0.50386703	0.6144363	1.0	False	liver	mid	enformer
1463	-18.603714	80.23453	98.83824	-0.5038669	0.6144364	1.0	False	liver	mid	enformer
6101	-18.611183	80.26657	98.877754	-0.503866	0.6144369	1.0	False	liver	mid	enformer
2288	-18.61026	80.263695	98.873955	-0.5038592	0.61444175	1.0	False	liver	mid	enformer
740	-18.612442	80.27597	98.88841	-0.50384295	0.61445326	1.0	False	liver	mid	enformer
4801	-18.615028	80.289566	98.904594	-0.50382924	0.61446285	1.0	False	liver	mid	enformer
1767	-18.613327	80.28241	98.89574	-0.5038277	0.6144639	1.0	False	liver	mid	enformer
4048	-18.599602	80.22723	98.82683	-0.50380594	0.6144792	1.0	False	liver	mid	enformer
2518	-18.60392	80.24698	98.8509	-0.5037992	0.6144839	1.0	False	liver	mid	enformer
3084	-18.604103	80.24905	98.85315	-0.50379306	0.6144882	1.0	False	liver	mid	enformer
6015	-18.606987	80.263	98.86999	-0.5037858	0.6144933	1.0	False	liver	mid	enformer
957	-18.606934	80.26337	98.8703	-0.50378233	0.61449575	1.0	False	liver	mid	enformer
2307	-18.606934	80.26344	98.87038	-0.503782	0.614496	1.0	False	liver	mid	enformer
1696	-18.606888	80.263245	98.87013	-0.50378186	0.61449605	1.0	False	liver	mid	enformer
2712	-18.608742	80.27091	98.879654	-0.50378144	0.61449635	1.0	False	liver	mid	enformer
6008	-18.61383	80.2925	98.906334	-0.5037811	0.6144966	1.0	False	liver	mid	enformer
533	-18.605042	80.25532	98.86036	-0.5037811	0.6144966	1.0	False	liver	mid	enformer
5944	-18.606598	80.262146	98.868744	-0.50378096	0.6144967	1.0	False	liver	mid	enformer
1329	-18.608574	80.271	98.87958	-0.5037768	0.6144997	1.0	False	liver	mid	enformer
1034	-18.604034	80.2519	98.855934	-0.50377357	0.6145019	1.0	False	liver	mid	enformer
2843	-18.600357	80.23858	98.838936	-0.5037606	0.614511	1.0	False	liver	mid	enformer
1269	-18.60685	80.27014	98.87699	-0.5037372	0.6145274	1.0	False	liver	mid	enformer
4130	-18.606949	80.27121	98.87816	-0.5037336	0.6145301	1.0	False	liver	mid	enformer
5342	-18.610435	80.28797	98.89841	-0.50372255	0.6145378	1.0	False	liver	mid	enformer
2456	-18.610321	80.28767	98.89799	-0.5037214	0.61453867	1.0	False	liver	mid	enformer
2118	-18.610374	80.28813	98.898506	-0.50372016	0.61453956	1.0	False	liver	mid	enformer
4699	-18.610397	80.28841	98.8988	-0.5037192	0.6145402	1.0	False	liver	mid	enformer
5176	-18.610062	80.28725	98.89731	-0.50371736	0.6145415	1.0	False	liver	mid	enformer
3130	-18.610031	80.28737	98.8974	-0.503716	0.6145425	1.0	False	liver	mid	enformer
5464	-18.610046	80.28743	98.89748	-0.503716	0.6145425	1.0	False	liver	mid	enformer
2767	-18.601662	80.25259	98.85425	-0.50371206	0.61454517	1.0	False	liver	mid	enformer
2938	-18.601837	80.25525	98.857086	-0.50369936	0.6145541	1.0	False	liver	mid	enformer
5680	-18.607925	80.28327	98.8912	-0.50368845	0.61456174	1.0	False	liver	mid	enformer
3604	-18.609657	80.29349	98.903145	-0.5036721	0.6145731	1.0	False	liver	mid	enformer
2598	-18.60913	80.29187	98.901	-0.50366825	0.6145759	1.0	False	liver	mid	enformer
4864	-18.600006	80.26013	98.86014	-0.5036248	0.61460644	1.0	False	liver	mid	enformer
5344	-18.601074	80.265366	98.86644	-0.50362164	0.6146087	1.0	False	liver	mid	enformer
453	-18.600395	80.269485	98.86988	-0.50358313	0.6146358	1.0	False	liver	mid	enformer
1758	-18.598915	80.2647	98.86362	-0.50357217	0.61464345	1.0	False	liver	mid	enformer
2530	-18.598694	80.27128	98.86997	-0.50352764	0.61467475	1.0	False	liver	mid	enformer
193	-18.59851	80.27076	98.86927	-0.50352603	0.61467594	1.0	False	liver	mid	enformer
4554	-18.596588	80.26301	98.8596	-0.5035222	0.61467856	1.0	False	liver	mid	enformer
5595	-18.598892	80.274284	98.87318	-0.50351536	0.6146834	1.0	False	liver	mid	enformer
388	-18.601982	80.29121	98.89319	-0.5034957	0.61469716	1.0	False	liver	mid	enformer
5492	-18.601593	80.28956	98.89115	-0.50349534	0.6146974	1.0	False	liver	mid	enformer
107	-18.600403	80.28497	98.885376	-0.5034918	0.6146999	1.0	False	liver	mid	enformer
4985	-18.600105	80.28474	98.88484	-0.50348485	0.6147048	1.0	False	liver	mid	enformer
2362	-18.595139	80.26339	98.85853	-0.5034839	0.6147055	1.0	False	liver	mid	enformer
5745	-18.600021	80.28505	98.88507	-0.503481	0.6147076	1.0	False	liver	mid	enformer
2785	-18.595146	80.26399	98.85914	-0.5034807	0.61470777	1.0	False	liver	mid	enformer
1821	-18.597267	80.27338	98.87064	-0.5034801	0.6147083	1.0	False	liver	mid	enformer
2605	-18.600372	80.29092	98.89129	-0.5034567	0.6147245	1.0	False	liver	mid	enformer
3017	-18.600288	80.2906	98.89089	-0.5034564	0.61472476	1.0	False	liver	mid	enformer
1976	-18.60028	80.29058	98.89086	-0.5034563	0.6147248	1.0	False	liver	mid	enformer
1254	-18.601654	80.29667	98.89832	-0.50345564	0.61472523	1.0	False	liver	mid	enformer
1679	-18.599945	80.28921	98.88915	-0.5034557	0.61472535	1.0	False	liver	mid	enformer
2606	-18.599472	80.287445	98.88692	-0.50345397	0.6147265	1.0	False	liver	mid	enformer
5168	-18.594673	80.27047	98.86514	-0.503433	0.6147412	1.0	False	liver	mid	enformer
702	-18.597763	80.284904	98.88267	-0.5034259	0.6147461	1.0	False	liver	mid	enformer
5913	-18.597862	80.285835	98.8837	-0.5034231	0.6147482	1.0	False	liver	mid	enformer
1045	-18.59629	80.27924	98.875534	-0.50342137	0.61474943	1.0	False	liver	mid	enformer
5544	-18.593475	80.26812	98.861595	-0.5034158	0.6147532	1.0	False	liver	mid	enformer
3032	-18.593445	80.2681	98.86154	-0.5034151	0.6147538	1.0	False	liver	mid	enformer
987	-18.597198	80.28402	98.88122	-0.50341433	0.6147544	1.0	False	liver	mid	enformer
3857	-18.595245	80.277016	98.87226	-0.5034114	0.61475635	1.0	False	liver	mid	enformer
2235	-18.593948	80.27226	98.86621	-0.50340503	0.6147608	1.0	False	liver	mid	enformer
5712	-18.597397	80.28917	98.886566	-0.50339156	0.6147703	1.0	False	liver	mid	enformer
5041	-18.59732	80.28889	98.88621	-0.5033912	0.6147706	1.0	False	liver	mid	enformer
6126	-18.598404	80.29444	98.892845	-0.5033866	0.6147738	1.0	False	liver	mid	enformer
5647	-18.592392	80.27102	98.86341	-0.50337297	0.6147834	1.0	False	liver	mid	enformer
454	-18.592072	80.269936	98.86201	-0.5033712	0.6147846	1.0	False	liver	mid	enformer
4548	-18.592163	80.2705	98.86266	-0.5033703	0.6147852	1.0	False	liver	mid	enformer
2092	-18.595367	80.28464	98.880005	-0.50336695	0.61478764	1.0	False	liver	mid	enformer
653	-18.58995	80.26353	98.85348	-0.5033569	0.61479473	1.0	False	liver	mid	enformer
5776	-18.589539	80.26311	98.852646	-0.5033491	0.61480016	1.0	False	liver	mid	enformer
3870	-18.591843	80.27308	98.86492	-0.50334823	0.6148009	1.0	False	liver	mid	enformer
4862	-18.595146	80.29534	98.89049	-0.5033002	0.61483455	1.0	False	liver	mid	enformer
1707	-18.594574	80.29279	98.88737	-0.50329953	0.614835	1.0	False	liver	mid	enformer
1815	-18.595917	80.30485	98.900764	-0.503261	0.614862	1.0	False	liver	mid	enformer
756	-18.59404	80.29935	98.89339	-0.5032485	0.61487085	1.0	False	liver	mid	enformer
5269	-18.594872	80.30389	98.89876	-0.5032399	0.61487687	1.0	False	liver	mid	enformer
5593	-18.58612	80.267426	98.853546	-0.5032388	0.6148777	1.0	False	liver	mid	enformer
1944	-18.594864	80.30408	98.89894	-0.5032386	0.61487776	1.0	False	liver	mid	enformer
1241	-18.593536	80.2989	98.89243	-0.5032385	0.6148779	1.0	False	liver	mid	enformer
5765	-18.589417	80.282364	98.87178	-0.5032349	0.6148804	1.0	False	liver	mid	enformer
886	-18.589516	80.28323	98.87275	-0.5032325	0.61488205	1.0	False	liver	mid	enformer
2646	-18.587006	80.27284	98.85985	-0.5032272	0.6148859	1.0	False	liver	mid	enformer
5446	-18.59156	80.30037	98.89193	-0.50317955	0.6149193	1.0	False	liver	mid	enformer
2399	-18.59214	80.303185	98.895325	-0.5031784	0.61492014	1.0	False	liver	mid	enformer
2949	-18.588615	80.292496	98.88111	-0.5031542	0.6149371	1.0	False	liver	mid	enformer
4535	-18.590904	80.30269	98.89359	-0.5031491	0.6149407	1.0	False	liver	mid	enformer
3772	-18.590813	80.30248	98.893295	-0.5031488	0.61494094	1.0	False	liver	mid	enformer
2716	-18.592476	80.30994	98.90241	-0.50314766	0.6149418	1.0	False	liver	mid	enformer
3580	-18.59076	80.302574	98.89333	-0.50314695	0.61494225	1.0	False	liver	mid	enformer
1568	-18.59259	80.31084	98.90343	-0.5031454	0.6149434	1.0	False	liver	mid	enformer
4057	-18.591423	80.30612	98.897545	-0.5031437	0.61494446	1.0	False	liver	mid	enformer
1078	-18.591156	80.311226	98.90238	-0.5031061	0.614971	1.0	False	liver	mid	enformer
5733	-18.591202	80.31155	98.90275	-0.50310534	0.6149715	1.0	False	liver	mid	enformer
1419	-18.5803	80.265785	98.846085	-0.5031017	0.614974	1.0	False	liver	mid	enformer
6030	-18.581902	80.27335	98.855255	-0.5030985	0.6149762	1.0	False	liver	mid	enformer
2562	-18.581848	80.27374	98.85559	-0.5030949	0.61497873	1.0	False	liver	mid	enformer
5215	-18.584564	80.29156	98.87612	-0.50305814	0.61500466	1.0	False	liver	mid	enformer
2759	-18.58693	80.30097	98.8879	-0.5030576	0.615005	1.0	False	liver	mid	enformer
3326	-18.58493	80.307465	98.892395	-0.50297487	0.61506325	1.0	False	liver	mid	enformer
5456	-18.584595	80.306244	98.89084	-0.5029734	0.61506426	1.0	False	liver	mid	enformer
2201	-18.58448	80.30636	98.89084	-0.50296986	0.6150667	1.0	False	liver	mid	enformer
4717	-18.581604	80.29617	98.87778	-0.50295746	0.61507547	1.0	False	liver	mid	enformer
948	-18.582596	80.304825	98.88742	-0.5029285	0.6150958	1.0	False	liver	mid	enformer
1130	-18.584358	80.313065	98.89742	-0.5029253	0.6150981	1.0	False	liver	mid	enformer
4254	-18.583633	80.31034	98.893974	-0.50292283	0.6150998	1.0	False	liver	mid	enformer
4161	-18.58313	80.3093	98.89243	-0.5029182	0.6151031	1.0	False	liver	mid	enformer
4154	-18.582977	80.30924	98.89222	-0.5029148	0.6151055	1.0	False	liver	mid	enformer
4904	-18.578957	80.29349	98.872444	-0.50291103	0.61510813	1.0	False	liver	mid	enformer
3182	-18.578201	80.29341	98.87161	-0.50289005	0.6151229	1.0	False	liver	mid	enformer
3663	-18.579712	80.30569	98.8854	-0.50285125	0.6151502	1.0	False	liver	mid	enformer
4053	-18.579353	80.31349	98.892845	-0.50280035	0.615186	1.0	False	liver	mid	enformer
4416	-18.579773	80.31561	98.895386	-0.5027985	0.6151873	1.0	False	liver	mid	enformer
567	-18.579132	80.31329	98.892426	-0.50279593	0.615189	1.0	False	liver	mid	enformer
1690	-18.579079	80.31335	98.892426	-0.50279427	0.61519015	1.0	False	liver	mid	enformer
2560	-18.576965	80.304375	98.88134	-0.5027927	0.61519134	1.0	False	liver	mid	enformer
5254	-18.5774	80.30814	98.885544	-0.50278014	0.61520004	1.0	False	liver	mid	enformer
880	-18.577751	80.31024	98.88799	-0.502777	0.6152023	1.0	False	liver	mid	enformer
5866	-18.57734	80.30857	98.88591	-0.5027762	0.61520284	1.0	False	liver	mid	enformer
1701	-18.577538	80.311844	98.88938	-0.50276345	0.61521184	1.0	False	liver	mid	enformer
2041	-18.577751	80.31285	98.8906	-0.502763	0.6152122	1.0	False	liver	mid	enformer
1179	-18.577652	80.315346	98.893	-0.5027461	0.61522406	1.0	False	liver	mid	enformer
4541	-18.580338	80.33268	98.91302	-0.5027134	0.61524695	1.0	False	liver	mid	enformer
2510	-18.580124	80.33323	98.91335	-0.502705	0.615253	1.0	False	liver	mid	enformer
4063	-18.573479	80.3064	98.879875	-0.5026938	0.6152609	1.0	False	liver	mid	enformer
995	-18.573418	80.3062	98.879616	-0.50269336	0.6152612	1.0	False	liver	mid	enformer
6037	-18.573257	80.305534	98.87879	-0.5026932	0.61526126	1.0	False	liver	mid	enformer
3297	-18.574966	80.314	98.88897	-0.5026876	0.61526525	1.0	False	liver	mid	enformer
2887	-18.572853	80.30609	98.878944	-0.5026799	0.6152706	1.0	False	liver	mid	enformer
6083	-18.571327	80.30038	98.871704	-0.5026768	0.6152728	1.0	False	liver	mid	enformer
3805	-18.571129	80.30012	98.87125	-0.5026733	0.61527526	1.0	False	liver	mid	enformer
2144	-18.577896	80.33056	98.908455	-0.50266504	0.61528116	1.0	False	liver	mid	enformer
1793	-18.573494	80.31153	98.885025	-0.50266457	0.6152814	1.0	False	liver	mid	enformer
4980	-18.577805	80.33034	98.90814	-0.5026641	0.6152818	1.0	False	liver	mid	enformer
2629	-18.577858	80.3306	98.908455	-0.5026639	0.6152819	1.0	False	liver	mid	enformer
3822	-18.57357	80.31202	98.88559	-0.5026636	0.6152821	1.0	False	liver	mid	enformer
2698	-18.577484	80.32926	98.906746	-0.50266224	0.615283	1.0	False	liver	mid	enformer
40	-18.577797	80.33078	98.90858	-0.50266135	0.61528367	1.0	False	liver	mid	enformer
5634	-18.578697	80.33489	98.91359	-0.50266045	0.61528426	1.0	False	liver	mid	enformer
4348	-18.576355	80.324585	98.90094	-0.50266	0.6152847	1.0	False	liver	mid	enformer
667	-18.578163	80.33273	98.9109	-0.5026588	0.61528546	1.0	False	liver	mid	enformer
1969	-18.576149	80.32438	98.90053	-0.5026561	0.61528736	1.0	False	liver	mid	enformer
1627	-18.573235	80.31508	98.88831	-0.5026377	0.61530024	1.0	False	liver	mid	enformer
1063	-18.575935	80.32747	98.903404	-0.50263405	0.61530304	1.0	False	liver	mid	enformer
1970	-18.577972	80.3363	98.914276	-0.5026337	0.6153031	1.0	False	liver	mid	enformer
4962	-18.577965	80.33631	98.914276	-0.5026335	0.6153032	1.0	False	liver	mid	enformer
77	-18.57444	80.32128	98.89572	-0.5026326	0.6153039	1.0	False	liver	mid	enformer
2356	-18.578232	80.337715	98.91595	-0.5026322	0.6153042	1.0	False	liver	mid	enformer
1476	-18.578156	80.33738	98.915535	-0.5026322	0.6153042	1.0	False	liver	mid	enformer
2536	-18.576073	80.328384	98.90446	-0.50263166	0.6153046	1.0	False	liver	mid	enformer
786	-18.577873	80.33632	98.91419	-0.5026312	0.6153049	1.0	False	liver	mid	enformer
4083	-18.574326	80.32105	98.89538	-0.50263083	0.6153052	1.0	False	liver	mid	enformer
3876	-18.57576	80.327225	98.902985	-0.5026305	0.61530536	1.0	False	liver	mid	enformer
133	-18.577576	80.33551	98.913086	-0.5026286	0.6153066	1.0	False	liver	mid	enformer
5734	-18.575645	80.32717	98.90282	-0.5026285	0.61530674	1.0	False	liver	mid	enformer
2519	-18.573967	80.32008	98.89405	-0.5026277	0.6153075	1.0	False	liver	mid	enformer
4461	-18.574379	80.32189	98.89627	-0.50262755	0.61530757	1.0	False	liver	mid	enformer
2689	-18.572792	80.31505	98.88784	-0.50262684	0.615308	1.0	False	liver	mid	enformer
3170	-18.575905	80.328964	98.90487	-0.5026245	0.61530954	1.0	False	liver	mid	enformer
5708	-18.571205	80.31098	98.88219	-0.50261027	0.6153196	1.0	False	liver	mid	enformer
554	-18.570969	80.310555	98.88152	-0.5026068	0.61532205	1.0	False	liver	mid	enformer
2404	-18.570816	80.310036	98.88085	-0.5026059	0.61532265	1.0	False	liver	mid	enformer
1343	-18.570656	80.3095	98.88016	-0.502605	0.61532325	1.0	False	liver	mid	enformer
2870	-18.572464	80.317474	98.88994	-0.5026047	0.6153235	1.0	False	liver	mid	enformer
5438	-18.571	80.31125	98.88225	-0.50260365	0.61532426	1.0	False	liver	mid	enformer
3292	-18.57106	80.31189	98.88295	-0.50260365	0.61532426	1.0	False	liver	mid	enformer
2272	-18.570732	80.3106	98.88133	-0.50260067	0.61532634	1.0	False	liver	mid	enformer
3614	-18.572678	80.320175	98.89285	-0.5025954	0.61533004	1.0	False	liver	mid	enformer
392	-18.572334	80.3191	98.89143	-0.502593	0.6153317	1.0	False	liver	mid	enformer
4543	-18.571602	80.3209	98.8925	-0.5025631	0.61535263	1.0	False	liver	mid	enformer
1704	-18.567734	80.30557	98.87331	-0.5025569	0.6153571	1.0	False	liver	mid	enformer
6141	-18.570053	80.31704	98.88709	-0.5025478	0.6153635	1.0	False	liver	mid	enformer
616	-18.568542	80.31439	98.882935	-0.502525	0.6153796	1.0	False	liver	mid	enformer
4835	-18.56961	80.32307	98.89268	-0.50250155	0.61539596	1.0	False	liver	mid	enformer
32	-18.5663	80.30862	98.874916	-0.50250095	0.6153964	1.0	False	liver	mid	enformer
4155	-18.569595	80.323105	98.8927	-0.50250095	0.6153964	1.0	False	liver	mid	enformer
1745	-18.569351	80.3222	98.89155	-0.5025001	0.61539704	1.0	False	liver	mid	enformer
3812	-18.566147	80.309425	98.87557	-0.50249374	0.6154015	1.0	False	liver	mid	enformer
2332	-18.567528	80.31545	98.88298	-0.5024933	0.61540174	1.0	False	liver	mid	enformer
2750	-18.566513	80.3112	98.877716	-0.50249267	0.61540216	1.0	False	liver	mid	enformer
2693	-18.568497	80.32017	98.888664	-0.50249183	0.6154028	1.0	False	liver	mid	enformer
1899	-18.567528	80.31574	98.88327	-0.50249165	0.61540294	1.0	False	liver	mid	enformer
6040	-18.568886	80.321884	98.89077	-0.5024906	0.6154038	1.0	False	liver	mid	enformer
3700	-18.56897	80.322426	98.891396	-0.5024896	0.61540437	1.0	False	liver	mid	enformer
5089	-18.56894	80.32247	98.89141	-0.5024886	0.61540514	1.0	False	liver	mid	enformer
4601	-18.567596	80.31678	98.88438	-0.5024875	0.6154059	1.0	False	liver	mid	enformer
5668	-18.568962	80.32336	98.89232	-0.5024845	0.61540806	1.0	False	liver	mid	enformer
4054	-18.5708	80.331314	98.902115	-0.5024843	0.6154081	1.0	False	liver	mid	enformer
3299	-18.569016	80.323586	98.8926	-0.50248426	0.6154082	1.0	False	liver	mid	enformer
1547	-18.57071	80.33033	98.90104	-0.5024833	0.61540884	1.0	False	liver	mid	enformer
844	-18.568863	80.32323	98.89209	-0.5024829	0.61540914	1.0	False	liver	mid	enformer
2053	-18.569008	80.32373	98.89274	-0.5024825	0.61540943	1.0	False	liver	mid	enformer
1008	-18.569267	80.32503	98.894295	-0.5024806	0.6154107	1.0	False	liver	mid	enformer
5204	-18.570595	80.331245	98.90184	-0.5024795	0.6154115	1.0	False	liver	mid	enformer
4436	-18.571144	80.33352	98.90466	-0.5024791	0.6154117	1.0	False	liver	mid	enformer
1868	-18.573082	80.34228	98.91536	-0.50247747	0.6154129	1.0	False	liver	mid	enformer
2233	-18.570007	80.32947	98.899475	-0.50247544	0.6154143	1.0	False	liver	mid	enformer
5346	-18.569298	80.328094	98.89739	-0.50246555	0.61542135	1.0	False	liver	mid	enformer
5594	-18.571114	80.3365	98.907616	-0.5024623	0.6154236	1.0	False	liver	mid	enformer
414	-18.571037	80.33707	98.908104	-0.5024572	0.61542726	1.0	False	liver	mid	enformer
1966	-18.565285	80.31527	98.880554	-0.50243783	0.61544085	1.0	False	liver	mid	enformer
5941	-18.562172	80.30661	98.86878	-0.5024135	0.6154579	1.0	False	liver	mid	enformer
5545	-18.562943	80.31025	98.87319	-0.50241077	0.6154598	1.0	False	liver	mid	enformer
922	-18.564034	80.31528	98.87931	-0.5024077	0.615462	1.0	False	liver	mid	enformer
2660	-18.569145	80.33773	98.906876	-0.5024062	0.6154631	1.0	False	liver	mid	enformer
4400	-18.562988	80.311195	98.87418	-0.5024035	0.6154649	1.0	False	liver	mid	enformer
4082	-18.56739	80.33096	98.89835	-0.50240093	0.6154668	1.0	False	liver	mid	enformer
2851	-18.564438	80.318436	98.88287	-0.5024007	0.61546695	1.0	False	liver	mid	enformer
4227	-18.564323	80.3183	98.88262	-0.50239867	0.6154684	1.0	False	liver	mid	enformer
4820	-18.567322	80.33136	98.89868	-0.50239706	0.61546946	1.0	False	liver	mid	enformer
2423	-18.564003	80.31685	98.88085	-0.50239664	0.61546975	1.0	False	liver	mid	enformer
5560	-18.564156	80.318115	98.88227	-0.50239545	0.6154706	1.0	False	liver	mid	enformer
1994	-18.568161	80.3391	98.907265	-0.5023729	0.6154865	1.0	False	liver	mid	enformer
3519	-18.5662	80.33056	98.89676	-0.5023727	0.6154866	1.0	False	liver	mid	enformer
5457	-18.56807	80.33905	98.90712	-0.50237095	0.6154879	1.0	False	liver	mid	enformer
4890	-18.568161	80.3395	98.90766	-0.50237066	0.615488	1.0	False	liver	mid	enformer
2969	-18.568031	80.33898	98.90701	-0.5023704	0.6154882	1.0	False	liver	mid	enformer
5821	-18.567856	80.33864	98.906494	-0.502368	0.61548984	1.0	False	liver	mid	enformer
497	-18.567719	80.33805	98.90577	-0.5023679	0.61548996	1.0	False	liver	mid	enformer
3979	-18.565147	80.32795	98.8931	-0.50235987	0.6154956	1.0	False	liver	mid	enformer
5785	-18.56379	80.32465	98.88844	-0.502347	0.6155047	1.0	False	liver	mid	enformer
1550	-18.561798	80.317024	98.87882	-0.50234145	0.6155087	1.0	False	liver	mid	enformer
4324	-18.558197	80.31007	98.86826	-0.50229263	0.6155428	1.0	False	liver	mid	enformer
2493	-18.556435	80.30273	98.85916	-0.50229037	0.61554444	1.0	False	liver	mid	enformer
4626	-18.563553	80.33362	98.89717	-0.5022897	0.6155449	1.0	False	liver	mid	enformer
3646	-18.558159	80.31046	98.86862	-0.5022894	0.61554503	1.0	False	liver	mid	enformer
198	-18.56147	80.32478	98.88625	-0.5022889	0.6155454	1.0	False	liver	mid	enformer
3071	-18.558258	80.31125	98.86951	-0.50228745	0.61554646	1.0	False	liver	mid	enformer
112	-18.559486	80.316956	98.87644	-0.5022847	0.61554843	1.0	False	liver	mid	enformer
4302	-18.559402	80.316605	98.87601	-0.50228465	0.61554843	1.0	False	liver	mid	enformer
6140	-18.565468	80.34303	98.9085	-0.5022842	0.6155487	1.0	False	liver	mid	enformer
2408	-18.560616	80.32185	98.88247	-0.50228244	0.61555004	1.0	False	liver	mid	enformer
4113	-18.566818	80.349525	98.91634	-0.5022791	0.61555237	1.0	False	liver	mid	enformer
3007	-18.555916	80.30271	98.85863	-0.5022788	0.6155527	1.0	False	liver	mid	enformer
4176	-18.564987	80.34205	98.907036	-0.50227785	0.61555326	1.0	False	liver	mid	enformer
4477	-18.566475	80.34856	98.91503	-0.5022777	0.6155533	1.0	False	liver	mid	enformer
2191	-18.56514	80.34277	98.90791	-0.5022774	0.6155535	1.0	False	liver	mid	enformer
4755	-18.568123	80.356155	98.92428	-0.5022739	0.61555606	1.0	False	liver	mid	enformer
1998	-18.56488	80.34252	98.9074	-0.50227237	0.6155571	1.0	False	liver	mid	enformer
3879	-18.56665	80.35	98.91665	-0.50227225	0.6155572	1.0	False	liver	mid	enformer
4982	-18.55532	80.30633	98.86165	-0.50224376	0.61557716	1.0	False	liver	mid	enformer
942	-18.560173	80.32733	98.887505	-0.50224006	0.6155799	1.0	False	liver	mid	enformer
3049	-18.560738	80.33491	98.895645	-0.5022132	0.6155987	1.0	False	liver	mid	enformer
2517	-18.560677	80.33523	98.895905	-0.50220984	0.61560106	1.0	False	liver	mid	enformer
4675	-18.558815	80.32714	98.885956	-0.50220954	0.61560124	1.0	False	liver	mid	enformer
3783	-18.560562	80.33513	98.89569	-0.5022076	0.6156026	1.0	False	liver	mid	enformer
3460	-18.55867	80.32721	98.88588	-0.50220555	0.61560404	1.0	False	liver	mid	enformer
5453	-18.561508	80.34034	98.90185	-0.5022011	0.61560726	1.0	False	liver	mid	enformer
4135	-18.563705	80.34986	98.91357	-0.5022002	0.6156079	1.0	False	liver	mid	enformer
5582	-18.563683	80.35009	98.91377	-0.50219834	0.6156091	1.0	False	liver	mid	enformer
1132	-18.563103	80.34783	98.910934	-0.5021982	0.6156092	1.0	False	liver	mid	enformer
160	-18.563522	80.34959	98.91311	-0.5021972	0.6156099	1.0	False	liver	mid	enformer
4683	-18.557732	80.32432	98.88205	-0.5021971	0.61561006	1.0	False	liver	mid	enformer
5278	-18.563522	80.349724	98.913246	-0.50219643	0.6156105	1.0	False	liver	mid	enformer
646	-18.563446	80.349434	98.91288	-0.50219625	0.6156106	1.0	False	liver	mid	enformer
4320	-18.558197	80.32875	98.88695	-0.50218403	0.6156193	1.0	False	liver	mid	enformer
1042	-18.55606	80.31955	98.87561	-0.5021837	0.6156195	1.0	False	liver	mid	enformer
3173	-18.559425	80.33427	98.89369	-0.5021833	0.6156198	1.0	False	liver	mid	enformer
4112	-18.557533	80.32628	98.88381	-0.5021814	0.6156211	1.0	False	liver	mid	enformer
1218	-18.557793	80.32743	98.88522	-0.50218135	0.61562115	1.0	False	liver	mid	enformer
4989	-18.560219	80.33944	98.89966	-0.50217336	0.6156268	1.0	False	liver	mid	enformer
1304	-18.561615	80.34565	98.907265	-0.5021729	0.61562705	1.0	False	liver	mid	enformer
4784	-18.555145	80.32638	98.88152	-0.5021212	0.61566347	1.0	False	liver	mid	enformer
1165	-18.553314	80.32155	98.87486	-0.5021036	0.6156758	1.0	False	liver	mid	enformer
718	-18.555367	80.33592	98.89129	-0.50207245	0.6156976	1.0	False	liver	mid	enformer
4409	-18.555344	80.33669	98.89204	-0.5020676	0.6157011	1.0	False	liver	mid	enformer
2567	-18.555107	80.33594	98.891045	-0.50206596	0.6157022	1.0	False	liver	mid	enformer
66	-18.55671	80.34505	98.90176	-0.50205445	0.6157103	1.0	False	liver	mid	enformer
5379	-18.55014	80.31692	98.86706	-0.5020539	0.6157107	1.0	False	liver	mid	enformer
4907	-18.555382	80.33946	98.894844	-0.5020529	0.61571133	1.0	False	liver	mid	enformer
4148	-18.555641	80.34063	98.89627	-0.5020528	0.61571145	1.0	False	liver	mid	enformer
5333	-18.555489	80.340096	98.895584	-0.502052	0.61571205	1.0	False	liver	mid	enformer
2782	-18.556702	80.345604	98.902306	-0.502051	0.61571276	1.0	False	liver	mid	enformer
4127	-18.555542	80.340546	98.89609	-0.5020508	0.61571294	1.0	False	liver	mid	enformer
3136	-18.555077	80.33865	98.89373	-0.5020502	0.6157133	1.0	False	liver	mid	enformer
2265	-18.555283	80.33955	98.89483	-0.50205	0.6157135	1.0	False	liver	mid	enformer
5979	-18.556725	80.34591	98.90263	-0.5020498	0.6157136	1.0	False	liver	mid	enformer
4157	-18.55532	80.339775	98.895096	-0.5020497	0.6157137	1.0	False	liver	mid	enformer
1746	-18.556587	80.34543	98.902016	-0.5020492	0.615714	1.0	False	liver	mid	enformer
814	-18.556976	80.347206	98.90418	-0.50204873	0.6157143	1.0	False	liver	mid	enformer
2428	-18.555183	80.33935	98.89453	-0.5020487	0.61571443	1.0	False	liver	mid	enformer
439	-18.555382	80.3405	98.89588	-0.5020471	0.6157155	1.0	False	liver	mid	enformer
4345	-18.555168	80.33958	98.894745	-0.502047	0.6157155	1.0	False	liver	mid	enformer
5520	-18.555168	80.339676	98.894844	-0.5020464	0.6157159	1.0	False	liver	mid	enformer
1226	-18.554916	80.33898	98.8939	-0.5020441	0.6157176	1.0	False	liver	mid	enformer
2683	-18.556404	80.34561	98.902016	-0.50204355	0.615718	1.0	False	liver	mid	enformer
4796	-18.556358	80.34582	98.902176	-0.50204134	0.61571956	1.0	False	liver	mid	enformer
1368	-18.5513	80.32712	98.87842	-0.5020219	0.61573327	1.0	False	liver	mid	enformer
2800	-18.55117	80.32679	98.87796	-0.5020205	0.6157342	1.0	False	liver	mid	enformer
3830	-18.550926	80.32598	98.87691	-0.50201905	0.61573523	1.0	False	liver	mid	enformer
2936	-18.553017	80.33535	98.88837	-0.502018	0.615736	1.0	False	liver	mid	enformer
5241	-18.55294	80.33509	98.88803	-0.5020175	0.6157364	1.0	False	liver	mid	enformer
2283	-18.555595	80.34817	98.90376	-0.50200844	0.6157426	1.0	False	liver	mid	enformer
5287	-18.555489	80.348	98.90349	-0.50200677	0.6157438	1.0	False	liver	mid	enformer
4578	-18.55146	80.33088	98.88234	-0.5020054	0.61574477	1.0	False	liver	mid	enformer
2611	-18.55391	80.34132	98.895226	-0.5020053	0.61574495	1.0	False	liver	mid	enformer
3601	-18.555435	80.34824	98.90368	-0.5020041	0.6157458	1.0	False	liver	mid	enformer
459	-18.553696	80.34068	98.89438	-0.5020035	0.6157462	1.0	False	liver	mid	enformer
393	-18.556793	80.35535	98.91214	-0.50199664	0.61575097	1.0	False	liver	mid	enformer
422	-18.556107	80.35415	98.910255	-0.5019864	0.6157582	1.0	False	liver	mid	enformer
891	-18.555923	80.35337	98.909294	-0.5019862	0.61575836	1.0	False	liver	mid	enformer
655	-18.555977	80.35403	98.91	-0.5019838	0.61576	1.0	False	liver	mid	enformer
4373	-18.555984	80.35408	98.910065	-0.50198376	0.6157601	1.0	False	liver	mid	enformer
1489	-18.55587	80.35405	98.90992	-0.5019811	0.6157619	1.0	False	liver	mid	enformer
2822	-18.550026	80.33174	98.88177	-0.50196433	0.6157737	1.0	False	liver	mid	enformer
3862	-18.551949	80.34172	98.89367	-0.50195557	0.6157798	1.0	False	liver	mid	enformer
3889	-18.550972	80.339455	98.89043	-0.5019412	0.61578995	1.0	False	liver	mid	enformer
3433	-18.550156	80.33656	98.88672	-0.5019396	0.6157911	1.0	False	liver	mid	enformer
1999	-18.549507	80.333534	98.88304	-0.50193834	0.61579204	1.0	False	liver	mid	enformer
535	-18.54956	80.333786	98.88335	-0.50193816	0.61579216	1.0	False	liver	mid	enformer
4363	-18.549355	80.333084	98.88244	-0.50193703	0.615793	1.0	False	liver	mid	enformer
4507	-18.55072	80.33979	98.89051	-0.501933	0.6157958	1.0	False	liver	mid	enformer
2234	-18.548851	80.33189	98.88074	-0.50193125	0.6157971	1.0	False	liver	mid	enformer
1117	-18.550468	80.33927	98.88974	-0.5019308	0.6157973	1.0	False	liver	mid	enformer
5087	-18.55204	80.34622	98.89826	-0.50193036	0.6157976	1.0	False	liver	mid	enformer
5186	-18.550613	80.34015	98.89076	-0.5019283	0.615799	1.0	False	liver	mid	enformer
1426	-18.548164	80.332985	98.88115	-0.5019099	0.61581206	1.0	False	liver	mid	enformer
5988	-18.553139	80.35385	98.90699	-0.5019097	0.61581224	1.0	False	liver	mid	enformer
2096	-18.553322	80.35478	98.908104	-0.50190896	0.6158127	1.0	False	liver	mid	enformer
1703	-18.547874	80.332825	98.8807	-0.5019036	0.6158164	1.0	False	liver	mid	enformer
6127	-18.547676	80.33238	98.88006	-0.50190115	0.61581814	1.0	False	liver	mid	enformer
4001	-18.547707	80.33264	98.88035	-0.5019004	0.6158188	1.0	False	liver	mid	enformer
3845	-18.547363	80.33128	98.87865	-0.5018996	0.6158193	1.0	False	liver	mid	enformer
335	-18.547691	80.332825	98.880516	-0.501899	0.6158197	1.0	False	liver	mid	enformer
88	-18.547272	80.331215	98.87849	-0.5018977	0.6158206	1.0	False	liver	mid	enformer
205	-18.547623	80.33282	98.88044	-0.50189734	0.6158208	1.0	False	liver	mid	enformer
5535	-18.54599	80.3265	98.87249	-0.5018944	0.615823	1.0	False	liver	mid	enformer
4251	-18.54631	80.32743	98.87374	-0.5018941	0.61582303	1.0	False	liver	mid	enformer
1348	-18.547882	80.33471	98.88259	-0.50189245	0.6158242	1.0	False	liver	mid	enformer
1192	-18.547913	80.33518	98.883095	-0.50189054	0.6158257	1.0	False	liver	mid	enformer
5528	-18.546211	80.32778	98.87399	-0.50189	0.615826	1.0	False	liver	mid	enformer
563	-18.547928	80.33542	98.88335	-0.5018896	0.6158263	1.0	False	liver	mid	enformer
3205	-18.54773	80.334694	98.88242	-0.5018886	0.6158269	1.0	False	liver	mid	enformer
4417	-18.551048	80.34954	98.90059	-0.50188446	0.61582977	1.0	False	liver	mid	enformer
5330	-18.552536	80.35653	98.909065	-0.50188196	0.6158316	1.0	False	liver	mid	enformer
5778	-18.552376	80.35605	98.908424	-0.50188065	0.6158325	1.0	False	liver	mid	enformer
752	-18.55194	80.35453	98.90647	-0.5018775	0.6158348	1.0	False	liver	mid	enformer
3839	-18.545868	80.3338	98.87967	-0.5018486	0.6158551	1.0	False	liver	mid	enformer
3878	-18.543564	80.32438	98.86794	-0.50184727	0.615856	1.0	False	liver	mid	enformer
1609	-18.546875	80.345	98.89188	-0.50181025	0.61588204	1.0	False	liver	mid	enformer
4752	-18.545784	80.340645	98.88643	-0.50180775	0.6158838	1.0	False	liver	mid	enformer
3087	-18.54673	80.34555	98.89228	-0.50180364	0.61588675	1.0	False	liver	mid	enformer
3867	-18.545029	80.338356	98.883385	-0.50180197	0.615888	1.0	False	liver	mid	enformer
4945	-18.542053	80.32542	98.86747	-0.5018018	0.615888	1.0	False	liver	mid	enformer
2874	-18.546753	80.345985	98.89274	-0.50180167	0.6158881	1.0	False	liver	mid	enformer
1630	-18.54673	80.34591	98.89264	-0.50180143	0.61588824	1.0	False	liver	mid	enformer
5023	-18.544853	80.337776	98.88263	-0.5018009	0.6158886	1.0	False	liver	mid	enformer
1145	-18.54496	80.33841	98.88337	-0.5018	0.61588925	1.0	False	liver	mid	enformer
2542	-18.54206	80.32577	98.86783	-0.50179994	0.61588925	1.0	False	liver	mid	enformer
2204	-18.541748	80.32632	98.868065	-0.5017906	0.615896	1.0	False	liver	mid	enformer
1031	-18.540901	80.324425	98.865326	-0.5017801	0.6159033	1.0	False	liver	mid	enformer
322	-18.547417	80.352974	98.90039	-0.50177497	0.61590695	1.0	False	liver	mid	enformer
371	-18.544685	80.34483	98.88952	-0.5017532	0.61592215	1.0	False	liver	mid	enformer
2416	-18.54663	80.35313	98.89976	-0.5017529	0.6159224	1.0	False	liver	mid	enformer
1064	-18.54293	80.34141	98.88434	-0.5017317	0.61593735	1.0	False	liver	mid	enformer
2211	-18.543411	80.34327	98.88668	-0.5017311	0.6159377	1.0	False	liver	mid	enformer
6077	-18.544174	80.34705	98.89123	-0.5017307	0.61593807	1.0	False	liver	mid	enformer
5468	-18.542236	80.33905	98.88129	-0.5017279	0.61594	1.0	False	liver	mid	enformer
6137	-18.54242	80.33987	98.882286	-0.5017278	0.61594003	1.0	False	liver	mid	enformer
5784	-18.542084	80.33875	98.88084	-0.50172573	0.61594146	1.0	False	liver	mid	enformer
3617	-18.542252	80.349846	98.8921	-0.50166374	0.6159852	1.0	False	liver	mid	enformer
41	-18.536392	80.32674	98.86313	-0.5016552	0.61599106	1.0	False	liver	mid	enformer
2168	-18.537544	80.3322	98.86974	-0.50165224	0.6159932	1.0	False	liver	mid	enformer
4430	-18.53891	80.33828	98.87719	-0.5016488	0.6159956	1.0	False	liver	mid	enformer
937	-18.536026	80.32649	98.86252	-0.50164735	0.61599666	1.0	False	liver	mid	enformer
5902	-18.538681	80.33767	98.87635	-0.50164664	0.61599714	1.0	False	liver	mid	enformer
1379	-18.537361	80.332985	98.870346	-0.5016433	0.6159995	1.0	False	liver	mid	enformer
2743	-18.538857	80.33919	98.878044	-0.50164235	0.6160002	1.0	False	liver	mid	enformer
1602	-18.538902	80.33979	98.87869	-0.50164	0.61600184	1.0	False	liver	mid	enformer
3019	-18.535477	80.327736	98.86321	-0.50162536	0.6160121	1.0	False	liver	mid	enformer
2731	-18.532822	80.3227	98.85552	-0.5015877	0.6160386	1.0	False	liver	mid	enformer
1913	-18.532509	80.32239	98.8549	-0.50158167	0.61604285	1.0	False	liver	mid	enformer
288	-18.53173	80.31969	98.85142	-0.501577	0.61604613	1.0	False	liver	mid	enformer
5126	-18.531586	80.31938	98.85097	-0.5015752	0.6160475	1.0	False	liver	mid	enformer
1949	-18.53344	80.327675	98.861115	-0.5015734	0.61604863	1.0	False	liver	mid	enformer
2501	-18.531761	80.32068	98.85244	-0.5015722	0.61604947	1.0	False	liver	mid	enformer
2470	-18.53392	80.330025	98.863945	-0.501572	0.6160496	1.0	False	liver	mid	enformer
3956	-18.533531	80.32842	98.86195	-0.5015715	0.61605	1.0	False	liver	mid	enformer
935	-18.531456	80.31956	98.85101	-0.50157094	0.61605036	1.0	False	liver	mid	enformer
938	-18.53328	80.32783	98.86111	-0.5015685	0.61605215	1.0	False	liver	mid	enformer
2903	-18.53685	80.34555	98.8824	-0.50155526	0.61606145	1.0	False	liver	mid	enformer
2282	-18.538162	80.35439	98.892555	-0.5015366	0.6160745	1.0	False	liver	mid	enformer
5084	-18.536255	80.34673	98.88299	-0.50153404	0.6160763	1.0	False	liver	mid	enformer
3489	-18.53437	80.33919	98.87356	-0.50153285	0.61607724	1.0	False	liver	mid	enformer
5442	-18.533699	80.33596	98.86966	-0.50153255	0.61607736	1.0	False	liver	mid	enformer
2925	-18.533638	80.335815	98.86945	-0.5015317	0.61607796	1.0	False	liver	mid	enformer
3759	-18.539154	80.36094	98.90009	-0.50152284	0.61608416	1.0	False	liver	mid	enformer
5777	-18.539024	80.36044	98.89947	-0.5015225	0.6160844	1.0	False	liver	mid	enformer
4607	-18.540329	80.36653	98.90686	-0.50152045	0.6160859	1.0	False	liver	mid	enformer
325	-18.542053	80.374214	98.91627	-0.50151896	0.6160869	1.0	False	liver	mid	enformer
185	-18.540413	80.36719	98.9076	-0.5015188	0.6160871	1.0	False	liver	mid	enformer
367	-18.54042	80.36732	98.90774	-0.5015183	0.6160873	1.0	False	liver	mid	enformer
4079	-18.538506	80.359406	98.89791	-0.5015154	0.6160894	1.0	False	liver	mid	enformer
1395	-18.531769	80.33747	98.86924	-0.5014771	0.61611634	1.0	False	liver	mid	enformer
2603	-18.52884	80.325516	98.854355	-0.50147474	0.6161181	1.0	False	liver	mid	enformer
6120	-18.53328	80.34504	98.87832	-0.50146896	0.6161221	1.0	False	liver	mid	enformer
1167	-18.53151	80.33798	98.86949	-0.5014678	0.6161229	1.0	False	liver	mid	enformer
5613	-18.52642	80.31997	98.84639	-0.50144565	0.61613864	1.0	False	liver	mid	enformer
3598	-18.530968	80.34019	98.871155	-0.50144285	0.61614054	1.0	False	liver	mid	enformer
883	-18.533081	80.34883	98.88191	-0.5014416	0.6161414	1.0	False	liver	mid	enformer
3799	-18.533127	80.349495	98.88262	-0.5014373	0.61614436	1.0	False	liver	mid	enformer
1888	-18.5327	80.34848	98.88118	-0.501434	0.61614674	1.0	False	liver	mid	enformer
790	-18.53283	80.34969	98.88252	-0.5014288	0.6161504	1.0	False	liver	mid	enformer
5797	-18.53228	80.347984	98.880264	-0.50142646	0.61615205	1.0	False	liver	mid	enformer
1425	-18.529457	80.338295	98.86775	-0.5014155	0.6161598	1.0	False	liver	mid	enformer
121	-18.535378	80.36388	98.899254	-0.5014121	0.6161621	1.0	False	liver	mid	enformer
4635	-18.535484	80.36479	98.900276	-0.5014096	0.61616385	1.0	False	liver	mid	enformer
5912	-18.535362	80.36508	98.900444	-0.50140494	0.61616725	1.0	False	liver	mid	enformer
2148	-18.535027	80.36416	98.899185	-0.5014018	0.6161694	1.0	False	liver	mid	enformer
5858	-18.53534	80.36553	98.90087	-0.5014018	0.61616945	1.0	False	liver	mid	enformer
2862	-18.534988	80.36442	98.89941	-0.50139934	0.61617106	1.0	False	liver	mid	enformer
4275	-18.530716	80.3511	98.88181	-0.5013691	0.6161924	1.0	False	liver	mid	enformer
1048	-18.532425	80.35893	98.89136	-0.50136733	0.61619365	1.0	False	liver	mid	enformer
2031	-18.531685	80.35578	98.88747	-0.5013666	0.6161941	1.0	False	liver	mid	enformer
1943	-18.529953	80.348465	98.87842	-0.50136656	0.6161941	1.0	False	liver	mid	enformer
5796	-18.532112	80.357765	98.88988	-0.50136614	0.6161945	1.0	False	liver	mid	enformer
815	-18.531662	80.35617	98.88783	-0.5013639	0.6161961	1.0	False	liver	mid	enformer
2943	-18.530182	80.34984	98.88002	-0.50136286	0.61619675	1.0	False	liver	mid	enformer
4866	-18.533432	80.36421	98.897644	-0.5013622	0.6161973	1.0	False	liver	mid	enformer
5929	-18.533325	80.36388	98.8972	-0.5013614	0.61619776	1.0	False	liver	mid	enformer
4443	-18.527145	80.33803	98.86517	-0.5013576	0.61620045	1.0	False	liver	mid	enformer
678	-18.531868	80.361084	98.89295	-0.501341	0.61621225	1.0	False	liver	mid	enformer
4620	-18.533546	80.36843	98.90198	-0.5013409	0.61621225	1.0	False	liver	mid	enformer
4032	-18.53376	80.3694	98.90316	-0.5013408	0.61621237	1.0	False	liver	mid	enformer
1731	-18.533615	80.369484	98.9031	-0.50133675	0.61621517	1.0	False	liver	mid	enformer
3915	-18.533707	80.37	98.90371	-0.5013361	0.6162156	1.0	False	liver	mid	enformer
5476	-18.526108	80.342865	98.86897	-0.5013045	0.61623776	1.0	False	liver	mid	enformer
3424	-18.525734	80.342415	98.86815	-0.5012978	0.61624265	1.0	False	liver	mid	enformer
1910	-18.525635	80.34204	98.867676	-0.50129735	0.6162429	1.0	False	liver	mid	enformer
3353	-18.527885	80.35127	98.87916	-0.50129664	0.61624336	1.0	False	liver	mid	enformer
516	-18.526215	80.34477	98.87099	-0.50129634	0.61624354	1.0	False	liver	mid	enformer
5313	-18.525871	80.343315	98.86919	-0.50129604	0.6162438	1.0	False	liver	mid	enformer
1924	-18.527687	80.35066	98.87835	-0.5012951	0.61624444	1.0	False	liver	mid	enformer
1227	-18.527756	80.3511	98.87885	-0.5012943	0.616245	1.0	False	liver	mid	enformer
901	-18.527466	80.350464	98.87793	-0.5012907	0.6162476	1.0	False	liver	mid	enformer
1369	-18.529694	80.36653	98.896225	-0.5012559	0.6162721	1.0	False	liver	mid	enformer
4338	-18.5299	80.369225	98.899124	-0.5012442	0.6162804	1.0	False	liver	mid	enformer
1522	-18.520294	80.34164	98.86193	-0.5011678	0.616334	1.0	False	liver	mid	enformer
854	-18.521187	80.346825	98.86801	-0.5011606	0.61633915	1.0	False	liver	mid	enformer
74	-18.5214	80.34871	98.87011	-0.5011564	0.6163421	1.0	False	liver	mid	enformer
3584	-18.521423	80.348976	98.8704	-0.50115544	0.61634266	1.0	False	liver	mid	enformer
5109	-18.521248	80.34842	98.86967	-0.5011542	0.61634356	1.0	False	liver	mid	enformer
4894	-18.521317	80.34894	98.870255	-0.50115293	0.61634445	1.0	False	liver	mid	enformer
3847	-18.521057	80.34785	98.868904	-0.50115263	0.6163446	1.0	False	liver	mid	enformer
4117	-18.521408	80.349266	98.870674	-0.50115174	0.6163452	1.0	False	liver	mid	enformer
3619	-18.521408	80.34935	98.87076	-0.50115126	0.6163456	1.0	False	liver	mid	enformer
1037	-18.522957	80.356735	98.87969	-0.5011451	0.61635	1.0	False	liver	mid	enformer
4987	-18.522163	80.35569	98.87785	-0.50112885	0.61636144	1.0	False	liver	mid	enformer
1030	-18.521828	80.35505	98.87688	-0.5011241	0.61636466	1.0	False	liver	mid	enformer
2816	-18.520775	80.351265	98.87204	-0.5011219	0.6163663	1.0	False	liver	mid	enformer
2158	-18.52076	80.35492	98.87568	-0.50109774	0.6163833	1.0	False	liver	mid	enformer
5244	-18.520485	80.35506	98.87554	-0.5010901	0.61638856	1.0	False	liver	mid	enformer
5209	-18.520348	80.35455	98.8749	-0.5010896	0.61638904	1.0	False	liver	mid	enformer
3010	-18.520256	80.35423	98.87449	-0.50108904	0.61638933	1.0	False	liver	mid	enformer
3615	-18.5206	80.35582	98.87642	-0.5010887	0.61638963	1.0	False	liver	mid	enformer
3838	-18.520142	80.35395	98.87409	-0.50108784	0.6163903	1.0	False	liver	mid	enformer
145	-18.519455	80.351875	98.87133	-0.5010866	0.6163911	1.0	False	liver	mid	enformer
5337	-18.52024	80.35481	98.87505	-0.50108546	0.61639196	1.0	False	liver	mid	enformer
1370	-18.51493	80.336784	98.851715	-0.50106186	0.6164086	1.0	False	liver	mid	enformer
1903	-18.51931	80.361015	98.880325	-0.50102687	0.6164331	1.0	False	liver	mid	enformer
547	-18.519257	80.36105	98.88031	-0.5010254	0.61643416	1.0	False	liver	mid	enformer
2258	-18.51789	80.35555	98.87344	-0.50102544	0.61643416	1.0	False	liver	mid	enformer
906	-18.519226	80.36096	98.88019	-0.50102514	0.61643434	1.0	False	liver	mid	enformer
2504	-18.519218	80.36102	98.88024	-0.5010246	0.6164349	1.0	False	liver	mid	enformer
507	-18.519257	80.36157	98.88083	-0.50102246	0.61643636	1.0	False	liver	mid	enformer
328	-18.518875	80.36044	98.87932	-0.5010193	0.61643857	1.0	False	liver	mid	enformer
2291	-18.518875	80.36048	98.87936	-0.5010191	0.6164386	1.0	False	liver	mid	enformer
1076	-18.514091	80.34445	98.85854	-0.5009967	0.6164545	1.0	False	liver	mid	enformer
183	-18.513947	80.34397	98.85792	-0.50099576	0.6164551	1.0	False	liver	mid	enformer
5955	-18.514	80.34447	98.85847	-0.50099427	0.61645615	1.0	False	liver	mid	enformer
3137	-18.513893	80.344185	98.85808	-0.50099325	0.61645687	1.0	False	liver	mid	enformer
239	-18.514366	80.34628	98.86065	-0.5009932	0.61645687	1.0	False	liver	mid	enformer
6094	-18.517586	80.360466	98.87805	-0.5009884	0.61646026	1.0	False	liver	mid	enformer
1632	-18.516487	80.36376	98.88025	-0.50094193	0.61649287	1.0	False	liver	mid	enformer
4967	-18.518227	80.371605	98.88983	-0.5009408	0.6164937	1.0	False	liver	mid	enformer
4482	-18.518501	80.3729	98.8914	-0.5009403	0.61649406	1.0	False	liver	mid	enformer
2093	-18.518196	80.371574	98.88977	-0.50094026	0.6164941	1.0	False	liver	mid	enformer
1997	-18.518417	80.37261	98.89103	-0.50093985	0.6164944	1.0	False	liver	mid	enformer
4046	-18.518356	80.37264	98.891	-0.50093824	0.61649543	1.0	False	liver	mid	enformer
4937	-18.51815	80.37175	98.8899	-0.5009381	0.61649567	1.0	False	liver	mid	enformer
2359	-18.516296	80.363815	98.88011	-0.5009368	0.61649656	1.0	False	liver	mid	enformer
2207	-18.517975	80.37126	98.88924	-0.50093645	0.6164968	1.0	False	liver	mid	enformer
2745	-18.518127	80.37195	98.890076	-0.5009364	0.61649686	1.0	False	liver	mid	enformer
3516	-18.517967	80.371315	98.88928	-0.500936	0.61649716	1.0	False	liver	mid	enformer
2572	-17.300621	70.333015	87.63364	-0.49804074	0.61853534	1.0	False	liver	mid	enformer
418	-17.29618	70.33966	87.63584	-0.4978794	0.61864895	1.0	False	liver	mid	enformer
281	-17.282982	70.36217	87.64515	-0.4973847	0.61899763	1.0	False	liver	mid	enformer
2243	-17.275513	70.34387	87.619385	-0.49730733	0.6190522	1.0	False	liver	mid	enformer
3129	-17.274185	70.34777	87.621956	-0.49724552	0.6190957	1.0	False	liver	mid	enformer
466	-17.267159	70.36542	87.632576	-0.4969477	0.6193056	1.0	False	liver	mid	enformer
3882	-17.267418	70.36658	87.633995	-0.49694717	0.61930597	1.0	False	liver	mid	enformer
2159	-17.26715	70.36577	87.63292	-0.49694532	0.6193073	1.0	False	liver	mid	enformer
5756	-17.263557	70.359245	87.6228	-0.4968893	0.61934686	1.0	False	liver	mid	enformer
615	-17.262291	70.378174	87.640465	-0.49673405	0.61945635	1.0	False	liver	mid	enformer
5781	-17.262306	70.37884	87.64114	-0.49673012	0.61945903	1.0	False	liver	mid	enformer
866	-17.256226	70.37009	87.62631	-0.4966312	0.6195287	1.0	False	liver	mid	enformer
1142	-17.251884	70.37161	87.6235	-0.49650252	0.6196194	1.0	False	liver	mid	enformer
3481	-17.253487	70.384224	87.63771	-0.4964642	0.6196465	1.0	False	liver	mid	enformer
5946	-17.25106	70.375145	87.626205	-0.49645814	0.61965084	1.0	False	liver	mid	enformer
4745	-17.250427	70.3752	87.625626	-0.49644116	0.6196628	1.0	False	liver	mid	enformer
4651	-17.250397	70.37536	87.625755	-0.49643937	0.619664	1.0	False	liver	mid	enformer
187	-17.24479	70.376884	87.62167	-0.49628103	0.6197759	1.0	False	liver	mid	enformer
1196	-17.238487	70.37427	87.612755	-0.49613094	0.6198817	1.0	False	liver	mid	enformer
4397	-17.166672	70.42301	87.58968	-0.4939216	0.62144077	1.0	False	liver	mid	enformer
3966	-17.16658	70.42318	87.58976	-0.49391806	0.62144333	1.0	False	liver	mid	enformer
3373	-17.166557	70.42318	87.58974	-0.4939175	0.6214437	1.0	False	liver	mid	enformer
55	-17.166496	70.42293	87.589424	-0.49391747	0.62144375	1.0	False	liver	mid	enformer
1204	-17.166603	70.42336	87.589966	-0.4939172	0.6214438	1.0	False	liver	mid	enformer
4542	-17.165009	70.41683	87.58184	-0.49391696	0.62144405	1.0	False	liver	mid	enformer
5996	-17.16652	70.4231	87.58962	-0.493917	0.62144405	1.0	False	liver	mid	enformer
1934	-17.166489	70.42313	87.589615	-0.49391606	0.62144464	1.0	False	liver	mid	enformer
2971	-17.164879	70.41649	87.58137	-0.49391562	0.621445	1.0	False	liver	mid	enformer
394	-17.164963	70.4169	87.58186	-0.49391526	0.62144524	1.0	False	liver	mid	enformer
885	-17.166199	70.42218	87.58838	-0.49391434	0.6214459	1.0	False	liver	mid	enformer
4485	-17.16494	70.41694	87.58188	-0.4939144	0.6214459	1.0	False	liver	mid	enformer
163	-17.166496	70.42351	87.590004	-0.49391347	0.6214465	1.0	False	liver	mid	enformer
166	-17.166618	70.424095	87.59071	-0.49391297	0.6214469	1.0	False	liver	mid	enformer
809	-17.164597	70.41595	87.58054	-0.49391165	0.62144774	1.0	False	liver	mid	enformer
2532	-17.16639	70.42345	87.589836	-0.49391136	0.62144804	1.0	False	liver	mid	enformer
45	-17.164665	70.416664	87.58133	-0.49390888	0.62144977	1.0	False	liver	mid	enformer
6129	18.207893	100.12564	81.91775	0.47607255	0.6341123	1.0	False	liver	mid	enformer
4431	18.207657	100.12442	81.91676	0.47607088	0.63411355	1.0	False	liver	mid	enformer
3465	18.209213	100.13322	81.924	0.47607026	0.6341139	1.0	False	liver	mid	enformer
2455	18.209335	100.13417	81.924835	0.47606888	0.63411486	1.0	False	liver	mid	enformer
3514	18.20662	100.119705	81.913086	0.4760687	0.63411504	1.0	False	liver	mid	enformer
3765	18.208565	100.12993	81.921364	0.4760686	0.63411504	1.0	False	liver	mid	enformer
2724	18.209167	100.13329	81.924126	0.4760686	0.63411504	1.0	False	liver	mid	enformer
4487	18.209305	100.13408	81.924774	0.47606853	0.6341151	1.0	False	liver	mid	enformer
2761	18.209068	100.13289	81.92382	0.47606784	0.63411564	1.0	False	liver	mid	enformer
3375	18.209122	100.133255	81.92413	0.47606748	0.63411593	1.0	False	liver	mid	enformer
484	18.207245	100.122795	81.91555	0.47606742	0.634116	1.0	False	liver	mid	enformer
1259	18.209076	100.133156	81.92408	0.47606677	0.6341164	1.0	False	liver	mid	enformer
3039	18.207375	100.12366	81.91628	0.47606677	0.6341164	1.0	False	liver	mid	enformer
1542	18.208916	100.13225	81.92333	0.47606674	0.6341165	1.0	False	liver	mid	enformer
2546	18.20922	100.133965	81.92474	0.4760667	0.63411653	1.0	False	liver	mid	enformer
4944	18.208847	100.13189	81.92304	0.47606665	0.63411653	1.0	False	liver	mid	enformer
4772	18.207138	100.12236	81.91522	0.47606662	0.6341166	1.0	False	liver	mid	enformer
3756	18.207619	100.12507	81.91745	0.4760665	0.6341166	1.0	False	liver	mid	enformer
2276	18.209236	100.13414	81.924904	0.4760663	0.63411677	1.0	False	liver	mid	enformer
5959	18.209091	100.133354	81.92426	0.4760661	0.63411695	1.0	False	liver	mid	enformer
3605	18.209236	100.13421	81.92497	0.47606602	0.63411695	1.0	False	liver	mid	enformer
2437	18.207329	100.12355	81.91622	0.476066	0.63411707	1.0	False	liver	mid	enformer
3474	18.207298	100.12342	81.91612	0.47606587	0.6341171	1.0	False	liver	mid	enformer
6108	18.208992	100.13288	81.92389	0.47606575	0.6341171	1.0	False	liver	mid	enformer
1820	18.207443	100.124245	81.9168	0.47606575	0.6341171	1.0	False	liver	mid	enformer
5553	18.207458	100.124344	81.916885	0.4760657	0.6341172	1.0	False	liver	mid	enformer
3507	18.209152	100.13384	81.92469	0.47606543	0.63411736	1.0	False	liver	mid	enformer
4285	18.209305	100.1347	81.92539	0.47606543	0.63411736	1.0	False	liver	mid	enformer
4352	18.209465	100.13558	81.92612	0.47606546	0.63411736	1.0	False	liver	mid	enformer
1806	18.208961	100.13278	81.92382	0.4760655	0.63411736	1.0	False	liver	mid	enformer
161	18.209114	100.13364	81.92452	0.4760654	0.6341175	1.0	False	liver	mid	enformer
4029	18.207169	100.122795	81.91563	0.4760653	0.6341175	1.0	False	liver	mid	enformer
3398	18.209267	100.13452	81.925255	0.4760652	0.63411754	1.0	False	liver	mid	enformer
5119	18.20903	100.133224	81.924194	0.4760651	0.6341176	1.0	False	liver	mid	enformer
5519	18.207329	100.123726	81.9164	0.4760651	0.6341176	1.0	False	liver	mid	enformer
1785	18.207123	100.12261	81.91549	0.47606492	0.6341177	1.0	False	liver	mid	enformer
4383	18.207245	100.1233	81.91605	0.4760649	0.6341178	1.0	False	liver	mid	enformer
2001	18.207344	100.123886	81.91654	0.47606474	0.6341179	1.0	False	liver	mid	enformer
1638	18.207481	100.124664	81.91718	0.4760647	0.6341179	1.0	False	liver	mid	enformer
573	18.20903	100.13334	81.92431	0.47606453	0.634118	1.0	False	liver	mid	enformer
6028	18.209267	100.13468	81.925415	0.47606438	0.6341181	1.0	False	liver	mid	enformer
1978	18.208954	100.132935	81.92398	0.47606438	0.6341181	1.0	False	liver	mid	enformer
2626	18.208946	100.13288	81.923935	0.47606447	0.6341181	1.0	False	liver	mid	enformer
4501	18.207512	100.124886	81.91737	0.47606447	0.6341181	1.0	False	liver	mid	enformer
2330	18.207108	100.12265	81.91554	0.4760643	0.6341182	1.0	False	liver	mid	enformer
723	18.209053	100.133514	81.92446	0.47606426	0.6341182	1.0	False	liver	mid	enformer
5474	18.209091	100.13374	81.92465	0.47606426	0.6341182	1.0	False	liver	mid	enformer
2709	18.209152	100.13409	81.924934	0.4760642	0.6341182	1.0	False	liver	mid	enformer
204	18.207077	100.12249	81.91541	0.4760643	0.6341182	1.0	False	liver	mid	enformer
1607	18.207375	100.124146	81.91677	0.4760643	0.6341182	1.0	False	liver	mid	enformer
5017	18.209053	100.133545	81.92449	0.47606412	0.6341183	1.0	False	liver	mid	enformer
5320	18.207176	100.12307	81.91589	0.4760641	0.6341183	1.0	False	liver	mid	enformer
1300	18.208778	100.13202	81.92324	0.47606412	0.6341183	1.0	False	liver	mid	enformer
3985	18.209282	100.13484	81.92556	0.47606403	0.63411844	1.0	False	liver	mid	enformer
3171	18.209084	100.13374	81.92466	0.47606403	0.63411844	1.0	False	liver	mid	enformer
5308	18.208801	100.13218	81.92338	0.476064	0.63411844	1.0	False	liver	mid	enformer
5281	18.207321	100.12391	81.91659	0.476064	0.63411844	1.0	False	liver	mid	enformer
4284	18.209	100.13329	81.92429	0.4760639	0.6341185	1.0	False	liver	mid	enformer
3752	18.207283	100.12373	81.91645	0.47606385	0.6341185	1.0	False	liver	mid	enformer
2439	18.207191	100.12321	81.916016	0.47606388	0.6341185	1.0	False	liver	mid	enformer
3627	18.207397	100.12436	81.91696	0.4760639	0.6341185	1.0	False	liver	mid	enformer
4116	18.209053	100.1336	81.924545	0.47606388	0.6341185	1.0	False	liver	mid	enformer
227	18.207237	100.123474	81.91624	0.4760638	0.63411856	1.0	False	liver	mid	enformer
1939	18.207077	100.122574	81.9155	0.4760638	0.63411856	1.0	False	liver	mid	enformer
5365	18.209122	100.13402	81.9249	0.47606367	0.6341186	1.0	False	liver	mid	enformer
2418	18.207115	100.122826	81.91571	0.4760637	0.6341186	1.0	False	liver	mid	enformer
5967	18.207458	100.12473	81.917274	0.47606373	0.6341186	1.0	False	liver	mid	enformer
222	18.207382	100.12433	81.91695	0.4760636	0.6341187	1.0	False	liver	mid	enformer
923	18.209053	100.13367	81.924614	0.4760635	0.63411874	1.0	False	liver	mid	enformer
1582	18.20784	100.12712	81.91928	0.47606355	0.63411874	1.0	False	liver	mid	enformer
271	18.207275	100.12376	81.91648	0.47606352	0.63411874	1.0	False	liver	mid	enformer
4955	18.20913	100.13412	81.92499	0.47606346	0.63411874	1.0	False	liver	mid	enformer
795	18.21106	100.14477	81.93371	0.4760635	0.63411874	1.0	False	liver	mid	enformer
5760	18.207382	100.124374	81.91699	0.47606337	0.63411885	1.0	False	liver	mid	enformer
2793	18.209152	100.13427	81.92512	0.47606325	0.6341189	1.0	False	liver	mid	enformer
5249	18.207085	100.12273	81.91564	0.4760633	0.6341189	1.0	False	liver	mid	enformer
323	18.207222	100.12352	81.9163	0.47606316	0.634119	1.0	False	liver	mid	enformer
5705	18.209	100.13343	81.92443	0.47606316	0.634119	1.0	False	liver	mid	enformer
2027	18.207497	100.12507	81.91757	0.47606307	0.63411903	1.0	False	liver	mid	enformer
1664	18.210732	100.14303	81.9323	0.47606304	0.63411903	1.0	False	liver	mid	enformer
1931	18.209038	100.13369	81.92465	0.476063	0.6341191	1.0	False	liver	mid	enformer
67	18.208916	100.13304	81.924126	0.47606286	0.63411915	1.0	False	liver	mid	enformer
1173	18.207298	100.123985	81.91669	0.47606292	0.63411915	1.0	False	liver	mid	enformer
4353	18.207497	100.1251	81.9176	0.47606292	0.63411915	1.0	False	liver	mid	enformer
5349	18.20906	100.13385	81.92479	0.4760628	0.6341193	1.0	False	liver	mid	enformer
2140	18.208878	100.13283	81.92395	0.4760628	0.6341193	1.0	False	liver	mid	enformer
5321	18.208961	100.133286	81.924324	0.4760628	0.6341193	1.0	False	liver	mid	enformer
1987	18.209038	100.133766	81.92473	0.47606263	0.63411933	1.0	False	liver	mid	enformer
506	18.20884	100.13263	81.92379	0.47606272	0.63411933	1.0	False	liver	mid	enformer
3078	18.207115	100.123024	81.91591	0.4760627	0.63411933	1.0	False	liver	mid	enformer
5184	18.207344	100.12432	81.91698	0.4760626	0.6341194	1.0	False	liver	mid	enformer
2549	18.207306	100.124115	81.91681	0.4760626	0.6341194	1.0	False	liver	mid	enformer
2407	18.207123	100.123085	81.91596	0.4760626	0.6341194	1.0	False	liver	mid	enformer
390	18.209145	100.13438	81.92523	0.47606248	0.63411945	1.0	False	liver	mid	enformer
1863	18.209023	100.1337	81.924675	0.47606257	0.63411945	1.0	False	liver	mid	enformer
2850	18.209068	100.133965	81.9249	0.47606248	0.63411945	1.0	False	liver	mid	enformer
3871	18.209122	100.13426	81.92514	0.4760625	0.63411945	1.0	False	liver	mid	enformer
3793	18.208923	100.13314	81.92422	0.47606254	0.63411945	1.0	False	liver	mid	enformer
6009	18.207153	100.12325	81.9161	0.47606254	0.63411945	1.0	False	liver	mid	enformer
270	18.2071	100.12297	81.91587	0.47606254	0.63411945	1.0	False	liver	mid	enformer
499	18.207153	100.123276	81.91612	0.47606242	0.6341195	1.0	False	liver	mid	enformer
2127	18.207207	100.12357	81.91637	0.47606242	0.6341195	1.0	False	liver	mid	enformer
2656	18.207047	100.12272	81.91567	0.47606227	0.6341196	1.0	False	liver	mid	enformer
489	18.20729	100.12406	81.91677	0.47606233	0.6341196	1.0	False	liver	mid	enformer
945	18.207146	100.123276	81.91613	0.47606227	0.6341196	1.0	False	liver	mid	enformer
3421	18.206993	100.122406	81.91541	0.4760624	0.6341196	1.0	False	liver	mid	enformer
5566	18.20713	100.12317	81.91604	0.4760624	0.6341196	1.0	False	liver	mid	enformer
3238	18.207077	100.12288	81.9158	0.47606236	0.6341196	1.0	False	liver	mid	enformer
4183	18.20713	100.1232	81.91607	0.47606218	0.6341197	1.0	False	liver	mid	enformer
4031	18.207	100.12247	81.91547	0.4760622	0.6341197	1.0	False	liver	mid	enformer
5570	18.209122	100.1343	81.92518	0.4760622	0.6341197	1.0	False	liver	mid	enformer
3008	18.209	100.13364	81.92464	0.4760622	0.6341197	1.0	False	liver	mid	enformer
5150	18.207268	100.12397	81.9167	0.47606218	0.6341197	1.0	False	liver	mid	enformer
4721	18.207466	100.12507	81.9176	0.47606218	0.6341197	1.0	False	liver	mid	enformer
2878	18.207039	100.12269	81.91565	0.47606218	0.6341197	1.0	False	liver	mid	enformer
2933	18.20887	100.132904	81.924034	0.47606218	0.6341197	1.0	False	liver	mid	enformer
631	18.209114	100.134285	81.92517	0.47606212	0.63411975	1.0	False	liver	mid	enformer
152	18.20697	100.12234	81.91537	0.4760621	0.63411975	1.0	False	liver	mid	enformer
1584	18.207047	100.12276	81.91571	0.47606212	0.63411975	1.0	False	liver	mid	enformer
1036	18.209053	100.13394	81.92489	0.47606212	0.63411975	1.0	False	liver	mid	enformer
47	18.208832	100.13271	81.92388	0.4760621	0.6341198	1.0	False	liver	mid	enformer
5700	18.208794	100.13252	81.92373	0.47606194	0.63411987	1.0	False	liver	mid	enformer
2579	18.20691	100.122025	81.915115	0.47606185	0.63411987	1.0	False	liver	mid	enformer
172	18.20906	100.13402	81.92496	0.47606194	0.63411987	1.0	False	liver	mid	enformer
190	18.207047	100.1228	81.91576	0.47606188	0.63411987	1.0	False	liver	mid	enformer
3345	18.2072	100.12365	81.91645	0.47606188	0.63411987	1.0	False	liver	mid	enformer
2624	18.208923	100.133255	81.92433	0.476062	0.63411987	1.0	False	liver	mid	enformer
83	18.208702	100.13203	81.923325	0.47606188	0.63411987	1.0	False	liver	mid	enformer
3107	18.207153	100.12339	81.91624	0.47606194	0.63411987	1.0	False	liver	mid	enformer
3668	18.208809	100.13264	81.92383	0.47606176	0.63412	1.0	False	liver	mid	enformer
2954	18.20716	100.12347	81.916306	0.47606176	0.63412	1.0	False	liver	mid	enformer
465	18.207405	100.124825	81.91742	0.47606176	0.63412	1.0	False	liver	mid	enformer
5302	18.210724	100.143265	81.93254	0.4760617	0.63412	1.0	False	liver	mid	enformer
5846	18.207092	100.123085	81.91599	0.47606176	0.63412	1.0	False	liver	mid	enformer
3374	18.207245	100.12393	81.91669	0.4760617	0.63412	1.0	False	liver	mid	enformer
1434	18.2071	100.12316	81.91606	0.4760615	0.6341201	1.0	False	liver	mid	enformer
1303	18.20723	100.123886	81.91666	0.47606155	0.6341201	1.0	False	liver	mid	enformer
5575	18.207108	100.12319	81.916084	0.47606158	0.6341201	1.0	False	liver	mid	enformer
4648	18.20713	100.12333	81.9162	0.47606158	0.6341201	1.0	False	liver	mid	enformer
2741	18.20697	100.12241	81.91544	0.47606164	0.6341201	1.0	False	liver	mid	enformer
3037	18.207054	100.122894	81.91584	0.47606167	0.6341201	1.0	False	liver	mid	enformer
4186	18.209	100.13376	81.92476	0.47606152	0.6341201	1.0	False	liver	mid	enformer
1736	18.207108	100.12319	81.916084	0.47606155	0.6341201	1.0	False	liver	mid	enformer
2581	18.207123	100.1233	81.916176	0.47606152	0.6341201	1.0	False	liver	mid	enformer
5510	18.206985	100.1225	81.91551	0.47606158	0.6341201	1.0	False	liver	mid	enformer
4726	18.207054	100.122894	81.91584	0.4760616	0.6341201	1.0	False	liver	mid	enformer
5392	18.209	100.13379	81.92479	0.4760614	0.6341202	1.0	False	liver	mid	enformer
5479	18.208633	100.13175	81.92312	0.4760614	0.6341202	1.0	False	liver	mid	enformer
3836	18.208939	100.133446	81.92451	0.47606146	0.6341202	1.0	False	liver	mid	enformer
2715	18.209137	100.13455	81.925415	0.47606146	0.6341202	1.0	False	liver	mid	enformer
4591	18.208626	100.13169	81.923065	0.47606143	0.6341202	1.0	False	liver	mid	enformer
3200	18.20913	100.13448	81.925354	0.47606146	0.6341202	1.0	False	liver	mid	enformer
377	18.208961	100.133575	81.924614	0.4760614	0.6341202	1.0	False	liver	mid	enformer
3735	18.208961	100.133575	81.924614	0.4760614	0.6341202	1.0	False	liver	mid	enformer
370	18.206985	100.122574	81.91559	0.47606128	0.6341203	1.0	False	liver	mid	enformer
3515	18.208702	100.13214	81.92344	0.4760613	0.6341203	1.0	False	liver	mid	enformer
767	18.207016	100.12273	81.91571	0.47606137	0.6341203	1.0	False	liver	mid	enformer
3669	18.209	100.13382	81.92482	0.47606125	0.6341203	1.0	False	liver	mid	enformer
4632	18.208748	100.132385	81.92364	0.47606137	0.6341203	1.0	False	liver	mid	enformer
3015	18.207237	100.12398	81.91674	0.47606128	0.6341203	1.0	False	liver	mid	enformer
2190	18.208916	100.13335	81.92443	0.47606128	0.6341203	1.0	False	liver	mid	enformer
5686	18.208923	100.13336	81.92444	0.47606134	0.63412035	1.0	False	liver	mid	enformer
3281	18.207336	100.12456	81.91722	0.47606122	0.63412035	1.0	False	liver	mid	enformer
5576	18.20694	100.12235	81.91541	0.47606114	0.6341204	1.0	False	liver	mid	enformer
5863	18.207047	100.12294	81.91589	0.4760612	0.6341204	1.0	False	liver	mid	enformer
90	18.207153	100.123535	81.91638	0.47606117	0.6341204	1.0	False	liver	mid	enformer
2236	18.207214	100.12388	81.916664	0.47606117	0.6341204	1.0	False	liver	mid	enformer
1099	18.208817	100.13282	81.924	0.47606117	0.6341204	1.0	False	liver	mid	enformer
1685	18.208916	100.13337	81.92445	0.47606114	0.6341204	1.0	False	liver	mid	enformer
1051	18.207077	100.12311	81.91603	0.47606117	0.6341204	1.0	False	liver	mid	enformer
4897	18.207397	100.124916	81.91752	0.4760611	0.6341204	1.0	False	liver	mid	enformer
4709	18.208954	100.133644	81.92469	0.4760609	0.6341205	1.0	False	liver	mid	enformer
2574	18.2071	100.12325	81.91615	0.47606105	0.6341205	1.0	False	liver	mid	enformer
1684	18.207138	100.12349	81.91635	0.47606096	0.6341205	1.0	False	liver	mid	enformer
994	18.208801	100.132774	81.92397	0.47606096	0.6341205	1.0	False	liver	mid	enformer
4450	18.207024	100.12283	81.91581	0.47606105	0.6341205	1.0	False	liver	mid	enformer
298	18.207275	100.12425	81.91698	0.476061	0.6341205	1.0	False	liver	mid	enformer
731	18.208923	100.133446	81.92452	0.47606096	0.6341205	1.0	False	liver	mid	enformer
4073	18.208862	100.13311	81.92425	0.476061	0.6341205	1.0	False	liver	mid	enformer
2886	18.207169	100.12368	81.91651	0.4760608	0.63412064	1.0	False	liver	mid	enformer
5537	18.208984	100.133835	81.92485	0.47606075	0.63412064	1.0	False	liver	mid	enformer
3900	18.210617	100.142845	81.93223	0.4760608	0.63412064	1.0	False	liver	mid	enformer
1784	18.20697	100.12258	81.91561	0.4760608	0.63412064	1.0	False	liver	mid	enformer
2802	18.208786	100.1327	81.92391	0.4760609	0.63412064	1.0	False	liver	mid	enformer
3335	18.2071	100.1233	81.9162	0.47606087	0.63412064	1.0	False	liver	mid	enformer
4277	18.2071	100.12332	81.91622	0.47606078	0.6341207	1.0	False	liver	mid	enformer
974	18.207283	100.12437	81.91708	0.47606066	0.6341207	1.0	False	liver	mid	enformer
3256	18.210701	100.14334	81.93264	0.4760607	0.6341207	1.0	False	liver	mid	enformer
2475	18.2089	100.13338	81.92448	0.47606075	0.6341207	1.0	False	liver	mid	enformer
3268	18.207039	100.12298	81.91594	0.47606075	0.6341207	1.0	False	liver	mid	enformer
3992	18.209023	100.134056	81.92503	0.47606072	0.6341207	1.0	False	liver	mid	enformer
2490	18.208519	100.13125	81.92273	0.47606075	0.6341207	1.0	False	liver	mid	enformer
4407	18.20884	100.133064	81.924225	0.47606054	0.63412076	1.0	False	liver	mid	enformer
890	18.209076	100.13438	81.9253	0.47606054	0.63412076	1.0	False	liver	mid	enformer
4198	18.207054	100.12307	81.916016	0.47606072	0.63412076	1.0	False	liver	mid	enformer
2920	18.209106	100.13453	81.92542	0.47606066	0.63412076	1.0	False	liver	mid	enformer
134	18.209	100.13395	81.92495	0.4760606	0.63412076	1.0	False	liver	mid	enformer
135	18.206963	100.12258	81.91562	0.4760606	0.63412076	1.0	False	liver	mid	enformer
4146	18.208572	100.13157	81.923	0.47606054	0.6341208	1.0	False	liver	mid	enformer
975	18.207336	100.12469	81.91735	0.4760605	0.6341208	1.0	False	liver	mid	enformer
4824	18.2072	100.12392	81.91672	0.47606057	0.6341208	1.0	False	liver	mid	enformer
5663	18.206978	100.12267	81.915695	0.47606057	0.6341208	1.0	False	liver	mid	enformer
712	18.206947	100.1225	81.91555	0.47606057	0.6341208	1.0	False	liver	mid	enformer
3921	18.208862	100.1332	81.92434	0.47606045	0.6341209	1.0	False	liver	mid	enformer
1314	18.206947	100.12253	81.91558	0.47606045	0.6341209	1.0	False	liver	mid	enformer
3042	18.2072	100.123955	81.916756	0.47606042	0.63412094	1.0	False	liver	mid	enformer
5811	18.207031	100.12302	81.915985	0.47606036	0.63412094	1.0	False	liver	mid	enformer
415	18.206902	100.12228	81.915375	0.47606042	0.63412094	1.0	False	liver	mid	enformer
5439	18.20684	100.12195	81.91511	0.4760604	0.63412094	1.0	False	liver	mid	enformer
2729	18.207336	100.124725	81.91739	0.47606036	0.63412094	1.0	False	liver	mid	enformer
3133	18.206955	100.12258	81.91563	0.4760604	0.63412094	1.0	False	liver	mid	enformer
6143	18.207077	100.123276	81.9162	0.47606033	0.63412094	1.0	False	liver	mid	enformer
4087	18.207283	100.124435	81.91715	0.4760603	0.63412106	1.0	False	liver	mid	enformer
5611	18.207054	100.12316	81.91611	0.47606024	0.63412106	1.0	False	liver	mid	enformer
1296	18.208687	100.13229	81.92361	0.47606015	0.63412106	1.0	False	liver	mid	enformer
1451	18.207298	100.12456	81.91726	0.47606015	0.6341211	1.0	False	liver	mid	enformer
566	18.206863	100.122116	81.91525	0.47606015	0.6341211	1.0	False	liver	mid	enformer
1312	18.207367	100.12493	81.917564	0.47606015	0.6341211	1.0	False	liver	mid	enformer
1393	18.207237	100.12421	81.91697	0.47606018	0.6341211	1.0	False	liver	mid	enformer
1887	18.208755	100.132675	81.92392	0.4760601	0.6341211	1.0	False	liver	mid	enformer
2196	18.207	100.12287	81.91587	0.4760602	0.6341211	1.0	False	liver	mid	enformer
5990	18.20707	100.12326	81.91619	0.47606015	0.6341211	1.0	False	liver	mid	enformer
3935	18.206871	100.122154	81.91528	0.4760602	0.6341211	1.0	False	liver	mid	enformer
3661	18.209	100.134056	81.92506	0.47606006	0.6341212	1.0	False	liver	mid	enformer
2790	18.208565	100.13165	81.92309	0.47605994	0.6341212	1.0	False	liver	mid	enformer
5727	18.206848	100.12206	81.915215	0.47606003	0.6341212	1.0	False	liver	mid	enformer
3611	18.20681	100.12186	81.91505	0.47605997	0.63412124	1.0	False	liver	mid	enformer
562	18.20716	100.123825	81.916664	0.4760599	0.63412124	1.0	False	liver	mid	enformer
4286	18.207031	100.1231	81.91607	0.47605988	0.63412124	1.0	False	liver	mid	enformer
4069	18.208939	100.13375	81.92481	0.47605988	0.63412124	1.0	False	liver	mid	enformer
5246	18.208923	100.13367	81.92474	0.4760599	0.63412124	1.0	False	liver	mid	enformer
3305	18.20887	100.13337	81.9245	0.4760599	0.63412124	1.0	False	liver	mid	enformer
4188	18.207108	100.123535	81.91643	0.47605988	0.63412124	1.0	False	liver	mid	enformer
3672	18.207016	100.123024	81.91601	0.47605985	0.6341213	1.0	False	liver	mid	enformer
5079	18.20691	100.122444	81.915535	0.47605976	0.63412136	1.0	False	liver	mid	enformer
4882	18.20697	100.12278	81.91581	0.4760598	0.63412136	1.0	False	liver	mid	enformer
2020	18.208733	100.13263	81.9239	0.47605976	0.63412136	1.0	False	liver	mid	enformer
293	18.20713	100.12369	81.91656	0.47605976	0.63412136	1.0	False	liver	mid	enformer
3520	18.206985	100.122894	81.91591	0.47605973	0.63412136	1.0	False	liver	mid	enformer
2224	18.208786	100.13291	81.924126	0.4760598	0.63412136	1.0	False	liver	mid	enformer
5909	18.207253	100.12438	81.91713	0.47605973	0.63412136	1.0	False	liver	mid	enformer
1151	18.207008	100.123055	81.916046	0.47605953	0.6341215	1.0	False	liver	mid	enformer
1947	18.207054	100.123276	81.91622	0.47605968	0.6341215	1.0	False	liver	mid	enformer
5192	18.2071	100.12353	81.91643	0.47605968	0.6341215	1.0	False	liver	mid	enformer
889	18.209038	100.13435	81.925316	0.47605965	0.6341215	1.0	False	liver	mid	enformer
5053	18.206985	100.122894	81.91591	0.47605968	0.6341215	1.0	False	liver	mid	enformer
5526	18.209152	100.13499	81.925835	0.47605968	0.6341215	1.0	False	liver	mid	enformer
3377	18.210793	100.14405	81.93326	0.47605962	0.63412154	1.0	False	liver	mid	enformer
4086	18.207245	100.124374	81.91713	0.4760595	0.63412154	1.0	False	liver	mid	enformer
4015	18.207153	100.12385	81.916695	0.47605956	0.6341216	1.0	False	liver	mid	enformer
1420	18.207176	100.12398	81.9168	0.4760596	0.6341216	1.0	False	liver	mid	enformer
3210	18.206879	100.122345	81.91547	0.47605944	0.6341216	1.0	False	liver	mid	enformer
5001	18.209023	100.134285	81.92526	0.47605956	0.6341216	1.0	False	liver	mid	enformer
6010	18.208633	100.13212	81.923485	0.47605956	0.6341216	1.0	False	liver	mid	enformer
4728	18.20884	100.13326	81.92442	0.47605953	0.6341216	1.0	False	liver	mid	enformer
4582	18.207	100.12302	81.916016	0.47605947	0.6341216	1.0	False	liver	mid	enformer
5826	18.206955	100.12277	81.91582	0.47605944	0.63412166	1.0	False	liver	mid	enformer
5248	18.208931	100.133804	81.92487	0.4760594	0.63412166	1.0	False	liver	mid	enformer
730	18.207077	100.12346	81.91638	0.4760594	0.63412166	1.0	False	liver	mid	enformer
1755	18.207115	100.1237	81.91659	0.47605932	0.63412166	1.0	False	liver	mid	enformer
1808	18.207253	100.124466	81.91721	0.4760593	0.63412166	1.0	False	liver	mid	enformer
2760	18.208977	100.13406	81.92509	0.47605938	0.6341217	1.0	False	liver	mid	enformer
4179	18.208878	100.13353	81.92465	0.47605926	0.6341217	1.0	False	liver	mid	enformer
2263	18.209045	100.134445	81.9254	0.47605935	0.6341217	1.0	False	liver	mid	enformer
378	18.206993	100.123024	81.91603	0.47605923	0.6341218	1.0	False	liver	mid	enformer
4072	18.206985	100.12299	81.91601	0.47605917	0.6341218	1.0	False	liver	mid	enformer
4131	18.207031	100.123245	81.916214	0.47605923	0.6341218	1.0	False	liver	mid	enformer
4933	18.209023	100.13435	81.92533	0.4760592	0.6341218	1.0	False	liver	mid	enformer
5697	18.207253	100.12451	81.91726	0.47605905	0.6341219	1.0	False	liver	mid	enformer
64	18.20868	100.132454	81.923775	0.47605908	0.6341219	1.0	False	liver	mid	enformer
913	18.207275	100.124626	81.91735	0.47605908	0.6341219	1.0	False	liver	mid	enformer
3548	18.207184	100.12414	81.916954	0.476059	0.6341219	1.0	False	liver	mid	enformer
3147	18.20906	100.13458	81.92552	0.4760591	0.6341219	1.0	False	liver	mid	enformer
3835	18.207176	100.1241	81.91692	0.47605896	0.63412195	1.0	False	liver	mid	enformer
5950	18.208817	100.13324	81.92442	0.47605902	0.63412195	1.0	False	liver	mid	enformer
1479	18.207031	100.1233	81.91627	0.476059	0.63412195	1.0	False	liver	mid	enformer
4118	18.206802	100.12202	81.915215	0.47605893	0.63412195	1.0	False	liver	mid	enformer
2642	18.206978	100.123024	81.916046	0.47605878	0.634122	1.0	False	liver	mid	enformer
5161	18.206978	100.123	81.91602	0.47605887	0.634122	1.0	False	liver	mid	enformer
5414	18.206863	100.12237	81.915504	0.4760589	0.634122	1.0	False	liver	mid	enformer
3085	18.208893	100.1337	81.924805	0.4760589	0.634122	1.0	False	liver	mid	enformer
970	18.207016	100.12322	81.91621	0.4760589	0.634122	1.0	False	liver	mid	enformer
5189	18.209015	100.13437	81.925354	0.47605893	0.634122	1.0	False	liver	mid	enformer
5201	18.207222	100.124374	81.91715	0.47605887	0.634122	1.0	False	liver	mid	enformer
4611	18.207054	100.12346	81.916405	0.4760588	0.634122	1.0	False	liver	mid	enformer
3163	18.207108	100.12376	81.91665	0.47605878	0.634122	1.0	False	liver	mid	enformer
4385	18.208862	100.133514	81.92465	0.47605893	0.634122	1.0	False	liver	mid	enformer
1240	18.206863	100.12243	81.915565	0.47605863	0.6341221	1.0	False	liver	mid	enformer
5962	18.208931	100.13391	81.92498	0.47605884	0.6341221	1.0	False	liver	mid	enformer
5718	18.20697	100.123	81.91603	0.47605875	0.6341221	1.0	False	liver	mid	enformer
2714	18.207062	100.123505	81.91644	0.47605872	0.6341221	1.0	False	liver	mid	enformer
4067	18.208794	100.133156	81.92436	0.47605887	0.6341221	1.0	False	liver	mid	enformer
597	18.208878	100.13361	81.924736	0.47605887	0.6341221	1.0	False	liver	mid	enformer
4795	18.2089	100.13375	81.92485	0.47605884	0.6341221	1.0	False	liver	mid	enformer
1919	18.206985	100.12307	81.916084	0.47605872	0.63412213	1.0	False	liver	mid	enformer
368	18.207367	100.12522	81.917854	0.4760587	0.63412213	1.0	False	liver	mid	enformer
5459	18.206863	100.12243	81.915565	0.47605857	0.63412213	1.0	False	liver	mid	enformer
5014	18.208778	100.133064	81.924286	0.47605878	0.63412213	1.0	False	liver	mid	enformer
4000	18.208778	100.13307	81.92429	0.47605878	0.63412213	1.0	False	liver	mid	enformer
2564	18.206818	100.12217	81.91535	0.47605857	0.63412213	1.0	False	liver	mid	enformer
2313	18.206825	100.12221	81.91538	0.47605863	0.63412213	1.0	False	liver	mid	enformer
759	18.207153	100.12403	81.91688	0.4760586	0.63412213	1.0	False	liver	mid	enformer
4792	18.207016	100.1233	81.91628	0.47605854	0.6341222	1.0	False	liver	mid	enformer
2783	18.207268	100.12469	81.91742	0.47605857	0.6341222	1.0	False	liver	mid	enformer
3942	18.208847	100.133514	81.92467	0.47605848	0.6341223	1.0	False	liver	mid	enformer
574	18.206863	100.122475	81.91561	0.47605842	0.6341223	1.0	False	liver	mid	enformer
1159	18.206848	100.12237	81.91552	0.47605842	0.6341223	1.0	False	liver	mid	enformer
3578	18.208862	100.133606	81.92474	0.47605845	0.6341223	1.0	False	liver	mid	enformer
5618	18.208885	100.13375	81.924866	0.47605836	0.6341224	1.0	False	liver	mid	enformer
2830	18.207123	100.12393	81.91681	0.47605827	0.63412243	1.0	False	liver	mid	enformer
2849	18.20884	100.133514	81.924675	0.47605824	0.63412243	1.0	False	liver	mid	enformer
5689	18.209114	100.13505	81.925934	0.4760583	0.63412243	1.0	False	liver	mid	enformer
3553	18.206978	100.12313	81.91615	0.4760583	0.63412243	1.0	False	liver	mid	enformer
4630	18.20884	100.1335	81.92466	0.47605833	0.63412243	1.0	False	liver	mid	enformer
5012	18.207	100.1233	81.9163	0.47605813	0.6341225	1.0	False	liver	mid	enformer
4282	18.206924	100.12284	81.91592	0.47605821	0.6341225	1.0	False	liver	mid	enformer
4011	18.207062	100.12361	81.91655	0.47605821	0.6341225	1.0	False	liver	mid	enformer
2749	18.210632	100.14346	81.93283	0.47605813	0.63412255	1.0	False	liver	mid	enformer
4646	18.208893	100.133835	81.92494	0.47605821	0.63412255	1.0	False	liver	mid	enformer
122	18.206772	100.122025	81.91525	0.4760581	0.63412255	1.0	False	liver	mid	enformer
811	18.207367	100.12537	81.918	0.47605798	0.63412255	1.0	False	liver	mid	enformer
1279	18.207047	100.12353	81.91648	0.4760582	0.63412255	1.0	False	liver	mid	enformer
148	18.206993	100.12326	81.91627	0.47605804	0.63412255	1.0	False	liver	mid	enformer
1534	18.208763	100.13311	81.92435	0.47605821	0.63412255	1.0	False	liver	mid	enformer
4494	18.20707	100.12367	81.9166	0.47605813	0.63412255	1.0	False	liver	mid	enformer
116	18.207214	100.12452	81.917305	0.47605798	0.6341226	1.0	False	liver	mid	enformer
4687	18.207268	100.124794	81.91753	0.4760581	0.6341226	1.0	False	liver	mid	enformer
2811	18.207146	100.12413	81.916985	0.47605795	0.6341226	1.0	False	liver	mid	enformer
398	18.207008	100.12339	81.91638	0.4760578	0.6341227	1.0	False	liver	mid	enformer
2098	18.206879	100.12266	81.91578	0.47605783	0.6341227	1.0	False	liver	mid	enformer
4888	18.206787	100.122154	81.91537	0.47605783	0.6341227	1.0	False	liver	mid	enformer
5976	18.206871	100.12262	81.91575	0.47605783	0.6341227	1.0	False	liver	mid	enformer
4428	18.20713	100.12408	81.91695	0.47605777	0.63412285	1.0	False	liver	mid	enformer
5643	18.208618	100.1324	81.92378	0.47605765	0.63412285	1.0	False	liver	mid	enformer
1238	18.207039	100.123604	81.916565	0.47605765	0.6341229	1.0	False	liver	mid	enformer
1439	18.207108	100.12398	81.91687	0.47605765	0.6341229	1.0	False	liver	mid	enformer
4971	18.208931	100.13418	81.92525	0.4760575	0.63412297	1.0	False	liver	mid	enformer
306	18.208786	100.13336	81.924576	0.47605753	0.63412297	1.0	False	liver	mid	enformer
2266	18.208977	100.13444	81.92546	0.47605753	0.63412297	1.0	False	liver	mid	enformer
5151	18.206917	100.12296	81.916046	0.47605735	0.634123	1.0	False	liver	mid	enformer
2284	18.206764	100.12214	81.915375	0.47605732	0.634123	1.0	False	liver	mid	enformer
5285	18.208893	100.133965	81.92507	0.4760575	0.634123	1.0	False	liver	mid	enformer
3304	18.206863	100.12268	81.91582	0.47605735	0.6341231	1.0	False	liver	mid	enformer
6091	18.207008	100.123474	81.916466	0.47605744	0.6341231	1.0	False	liver	mid	enformer
3397	18.20691	100.12296	81.91605	0.4760571	0.63412315	1.0	False	liver	mid	enformer
2708	18.20694	100.12312	81.91618	0.47605726	0.63412315	1.0	False	liver	mid	enformer
1971	18.207047	100.1237	81.91666	0.4760573	0.63412315	1.0	False	liver	mid	enformer
5452	18.208893	100.134026	81.92513	0.47605717	0.63412315	1.0	False	liver	mid	enformer
2561	18.20694	100.123146	81.91621	0.47605714	0.63412327	1.0	False	liver	mid	enformer
2244	18.206856	100.12268	81.915825	0.47605708	0.63412327	1.0	False	liver	mid	enformer
2711	18.2089	100.13411	81.92521	0.47605705	0.6341233	1.0	False	liver	mid	enformer
1880	18.20681	100.12244	81.91563	0.47605705	0.6341233	1.0	False	liver	mid	enformer
778	18.206894	100.12293	81.91604	0.4760569	0.6341234	1.0	False	liver	mid	enformer
6014	18.208603	100.13247	81.92387	0.47605687	0.6341234	1.0	False	liver	mid	enformer
4533	18.206795	100.12239	81.915596	0.47605684	0.63412344	1.0	False	liver	mid	enformer
3119	18.208984	100.13461	81.92563	0.4760568	0.6341235	1.0	False	liver	mid	enformer
3097	18.20707	100.12396	81.91689	0.4760566	0.6341235	1.0	False	liver	mid	enformer
372	18.206787	100.12236	81.91557	0.47605678	0.6341235	1.0	False	liver	mid	enformer
4104	18.208511	100.13199	81.92348	0.4760567	0.63412356	1.0	False	liver	mid	enformer
4425	18.20694	100.123245	81.916306	0.47605664	0.63412356	1.0	False	liver	mid	enformer
385	18.208916	100.13425	81.92533	0.47605672	0.63412356	1.0	False	liver	mid	enformer
5155	18.208916	100.13427	81.925354	0.47605664	0.63412356	1.0	False	liver	mid	enformer
1953	18.208908	100.134224	81.925316	0.47605667	0.63412356	1.0	False	liver	mid	enformer
3659	18.20678	100.12239	81.91561	0.4760565	0.6341237	1.0	False	liver	mid	enformer
2545	18.208862	100.13402	81.925156	0.47605643	0.6341237	1.0	False	liver	mid	enformer
4018	18.206718	100.122025	81.915306	0.4760565	0.6341237	1.0	False	liver	mid	enformer
5656	18.208717	100.13318	81.92446	0.47605652	0.6341237	1.0	False	liver	mid	enformer
2831	18.206863	100.12286	81.916	0.47605643	0.6341237	1.0	False	liver	mid	enformer
4028	18.207	100.12361	81.91661	0.47605646	0.6341237	1.0	False	liver	mid	enformer
4190	18.20858	100.132416	81.923836	0.47605646	0.63412374	1.0	False	liver	mid	enformer
69	18.208595	100.132515	81.92392	0.47605643	0.63412374	1.0	False	liver	mid	enformer
2576	18.210487	100.143005	81.93252	0.47605637	0.63412386	1.0	False	liver	mid	enformer
1101	18.208778	100.13355	81.924774	0.47605637	0.63412386	1.0	False	liver	mid	enformer
807	18.207153	100.1245	81.91734	0.47605628	0.63412386	1.0	False	liver	mid	enformer
2856	18.206978	100.12352	81.91654	0.4760563	0.63412386	1.0	False	liver	mid	enformer
4655	18.206795	100.122505	81.91571	0.47605625	0.6341239	1.0	False	liver	mid	enformer
5813	18.206924	100.12323	81.916306	0.47605628	0.6341239	1.0	False	liver	mid	enformer
267	18.206917	100.12317	81.91625	0.4760563	0.6341239	1.0	False	liver	mid	enformer
1025	18.207008	100.12371	81.9167	0.47605616	0.634124	1.0	False	liver	mid	enformer
2614	18.20855	100.13231	81.92376	0.4760562	0.634124	1.0	False	liver	mid	enformer
310	18.208694	100.133125	81.92443	0.47605616	0.634124	1.0	False	liver	mid	enformer
1814	18.207031	100.123856	81.916824	0.47605613	0.634124	1.0	False	liver	mid	enformer
838	18.210464	100.1429	81.932434	0.47605625	0.634124	1.0	False	liver	mid	enformer
5387	18.206825	100.12272	81.91589	0.476056	0.63412404	1.0	False	liver	mid	enformer
1085	18.208694	100.133156	81.92446	0.47605604	0.63412404	1.0	False	liver	mid	enformer
1333	18.208717	100.13332	81.92461	0.47605583	0.6341242	1.0	False	liver	mid	enformer
861	18.20697	100.123604	81.91663	0.47605568	0.6341243	1.0	False	liver	mid	enformer
1787	18.208916	100.13446	81.925545	0.47605568	0.63412434	1.0	False	liver	mid	enformer
1667	18.207146	100.12459	81.91744	0.47605565	0.6341244	1.0	False	liver	mid	enformer
3910	18.20681	100.12274	81.91593	0.47605553	0.6341244	1.0	False	liver	mid	enformer
4498	18.20855	100.132416	81.92387	0.47605562	0.6341244	1.0	False	liver	mid	enformer
5871	18.206741	100.122345	81.9156	0.47605556	0.6341244	1.0	False	liver	mid	enformer
470	18.207039	100.123985	81.91695	0.47605565	0.6341244	1.0	False	liver	mid	enformer
5118	18.207039	100.12401	81.91697	0.47605553	0.63412446	1.0	False	liver	mid	enformer
2664	18.208786	100.13377	81.92499	0.47605547	0.6341245	1.0	False	liver	mid	enformer
2478	18.206871	100.1231	81.91623	0.47605544	0.6341245	1.0	False	liver	mid	enformer
4741	18.209007	100.13503	81.926025	0.47605538	0.6341246	1.0	False	liver	mid	enformer
3710	18.208786	100.133804	81.92502	0.47605532	0.6341246	1.0	False	liver	mid	enformer
734	18.206902	100.1233	81.9164	0.4760553	0.6341246	1.0	False	liver	mid	enformer
1309	18.206764	100.12256	81.915794	0.47605512	0.6341247	1.0	False	liver	mid	enformer
5429	18.208656	100.13311	81.92445	0.47605518	0.6341247	1.0	False	liver	mid	enformer
2515	18.206734	100.12241	81.91568	0.4760551	0.63412476	1.0	False	liver	mid	enformer
1805	18.20887	100.13433	81.92546	0.47605497	0.6341248	1.0	False	liver	mid	enformer
4644	18.208626	100.13298	81.924355	0.47605494	0.6341249	1.0	False	liver	mid	enformer
2242	18.206863	100.12319	81.91633	0.47605473	0.63412505	1.0	False	liver	mid	enformer
2699	18.206871	100.12324	81.91637	0.4760547	0.63412505	1.0	False	liver	mid	enformer
2500	18.20691	100.123436	81.91653	0.47605473	0.63412505	1.0	False	liver	mid	enformer
5006	18.206879	100.123314	81.916435	0.47605455	0.6341251	1.0	False	liver	mid	enformer
2063	18.209007	100.13517	81.92616	0.4760546	0.6341251	1.0	False	liver	mid	enformer
5242	18.206635	100.121956	81.91532	0.47605458	0.6341251	1.0	False	liver	mid	enformer
1572	18.206879	100.123314	81.916435	0.47605455	0.6341252	1.0	False	liver	mid	enformer
2054	18.206955	100.12378	81.916824	0.47605437	0.63412523	1.0	False	liver	mid	enformer
777	18.206741	100.12257	81.915825	0.47605443	0.63412523	1.0	False	liver	mid	enformer
3593	18.206772	100.122765	81.91599	0.47605425	0.63412535	1.0	False	liver	mid	enformer
4106	18.206848	100.123215	81.91637	0.47605413	0.6341255	1.0	False	liver	mid	enformer
54	18.20681	100.123024	81.916214	0.4760541	0.6341255	1.0	False	liver	mid	enformer
4169	18.206863	100.12338	81.91652	0.47605377	0.63412565	1.0	False	liver	mid	enformer
4800	18.208778	100.13407	81.92529	0.4760538	0.63412565	1.0	False	liver	mid	enformer
2232	18.207	100.12412	81.91712	0.4760539	0.63412565	1.0	False	liver	mid	enformer
5098	18.206795	100.123024	81.91623	0.47605368	0.63412577	1.0	False	liver	mid	enformer
3067	18.206787	100.123	81.916214	0.47605354	0.6341259	1.0	False	liver	mid	enformer
2394	18.206848	100.12334	81.91649	0.47605357	0.6341259	1.0	False	liver	mid	enformer
1830	18.207016	100.12429	81.917274	0.47605354	0.6341259	1.0	False	liver	mid	enformer
1003	18.208733	100.134	81.92527	0.47605285	0.6341263	1.0	False	liver	mid	enformer
4674	18.206856	100.12355	81.916695	0.47605273	0.6341264	1.0	False	liver	mid	enformer
2135	18.208595	100.133316	81.92472	0.47605243	0.6341266	1.0	False	liver	mid	enformer
3002	18.206863	100.12388	81.917015	0.4760513	0.63412744	1.0	False	liver	mid	enformer
3400	18.206902	100.12426	81.91736	0.47605047	0.6341281	1.0	False	liver	mid	enformer
5925	18.20179	100.10903	81.90724	0.47598708	0.6341731	1.0	False	liver	mid	enformer
558	18.201637	100.10821	81.90657	0.47598693	0.6341732	1.0	False	liver	mid	enformer
4492	18.203255	100.11733	81.91408	0.4759864	0.6341735	1.0	False	liver	mid	enformer
5809	18.201416	100.107216	81.9058	0.4759857	0.6341741	1.0	False	liver	mid	enformer
1466	18.2016	100.108246	81.90665	0.47598568	0.6341741	1.0	False	liver	mid	enformer
70	18.203117	100.11698	81.913864	0.4759843	0.6341752	1.0	False	liver	mid	enformer
3981	18.20308	100.11683	81.91375	0.47598404	0.6341754	1.0	False	liver	mid	enformer
2412	18.201492	100.10809	81.9066	0.47598347	0.6341757	1.0	False	liver	mid	enformer
4908	18.202972	100.11635	81.913376	0.47598347	0.6341757	1.0	False	liver	mid	enformer
4145	18.20147	100.10803	81.90656	0.4759831	0.634176	1.0	False	liver	mid	enformer
1255	18.201454	100.10806	81.90661	0.47598252	0.63417643	1.0	False	liver	mid	enformer
3673	18.203041	100.116936	81.913895	0.47598237	0.63417655	1.0	False	liver	mid	enformer
5504	18.203018	100.11689	81.91387	0.475982	0.6341768	1.0	False	liver	mid	enformer
1515	18.20137	100.10769	81.90632	0.47598204	0.6341768	1.0	False	liver	mid	enformer
1980	18.20134	100.10756	81.90622	0.47598186	0.6341769	1.0	False	liver	mid	enformer
1590	18.203033	100.11703	81.913994	0.47598174	0.63417697	1.0	False	liver	mid	enformer
1551	18.201355	100.107704	81.90635	0.4759816	0.6341771	1.0	False	liver	mid	enformer
1481	18.2016	100.10905	81.90745	0.47598156	0.6341771	1.0	False	liver	mid	enformer
2173	18.20137	100.10786	81.90649	0.47598124	0.63417727	1.0	False	liver	mid	enformer
4715	18.202873	100.11626	81.91338	0.47598112	0.6341774	1.0	False	liver	mid	enformer
4527	18.201477	100.10854	81.90707	0.47598073	0.63417774	1.0	False	liver	mid	enformer
1115	18.203041	100.11735	81.91431	0.47598034	0.6341779	1.0	False	liver	mid	enformer
4981	18.20311	100.11772	81.91461	0.47598037	0.6341779	1.0	False	liver	mid	enformer
3370	18.202934	100.11679	81.91386	0.47598016	0.6341781	1.0	False	liver	mid	enformer
4639	18.202995	100.11725	81.91425	0.47597957	0.6341785	1.0	False	liver	mid	enformer
5303	18.203018	100.11738	81.91436	0.47597954	0.6341786	1.0	False	liver	mid	enformer
3266	18.201424	100.108536	81.90711	0.47597924	0.6341787	1.0	False	liver	mid	enformer
5447	18.202904	100.1168	81.913895	0.47597927	0.6341787	1.0	False	liver	mid	enformer
5156	18.20121	100.10734	81.90613	0.47597927	0.6341787	1.0	False	liver	mid	enformer
3525	18.20121	100.10734	81.90613	0.47597927	0.6341787	1.0	False	liver	mid	enformer
549	18.20124	100.10757	81.90633	0.47597903	0.6341789	1.0	False	liver	mid	enformer
2864	18.201263	100.10772	81.906456	0.47597885	0.63417906	1.0	False	liver	mid	enformer
6054	18.203033	100.11759	81.91456	0.4759789	0.63417906	1.0	False	liver	mid	enformer
5710	18.201202	100.107445	81.90624	0.47597858	0.6341792	1.0	False	liver	mid	enformer
236	18.201218	100.107506	81.90629	0.4759787	0.6341792	1.0	False	liver	mid	enformer
4306	18.201195	100.10744	81.90624	0.4759784	0.6341793	1.0	False	liver	mid	enformer
5860	18.202866	100.11675	81.91389	0.4759784	0.6341794	1.0	False	liver	mid	enformer
4851	18.201607	100.10981	81.9082	0.47597802	0.63417965	1.0	False	liver	mid	enformer
2015	18.201324	100.1083	81.906975	0.47597775	0.63417983	1.0	False	liver	mid	enformer
2413	18.201233	100.107765	81.90653	0.47597778	0.63417983	1.0	False	liver	mid	enformer
3905	18.201195	100.10758	81.90639	0.47597763	0.6341799	1.0	False	liver	mid	enformer
1878	18.201164	100.10749	81.90633	0.4759773	0.6341801	1.0	False	liver	mid	enformer
462	18.201363	100.1087	81.90734	0.4759768	0.6341805	1.0	False	liver	mid	enformer
4724	18.201149	100.10748	81.906334	0.47597685	0.6341805	1.0	False	liver	mid	enformer
2432	18.201187	100.10771	81.906525	0.47597682	0.6341805	1.0	False	liver	mid	enformer
2252	18.201141	100.10748	81.90634	0.47597668	0.63418055	1.0	False	liver	mid	enformer
3430	18.201477	100.10934	81.90786	0.47597677	0.63418055	1.0	False	liver	mid	enformer
1110	18.201096	100.107216	81.90612	0.4759768	0.63418055	1.0	False	liver	mid	enformer
3441	18.202797	100.11675	81.913956	0.47597647	0.6341808	1.0	False	liver	mid	enformer
5202	18.201279	100.108315	81.907036	0.47597635	0.63418084	1.0	False	liver	mid	enformer
3407	18.201286	100.10842	81.907135	0.47597605	0.63418096	1.0	False	liver	mid	enformer
4720	18.202927	100.11756	81.914635	0.47597605	0.634181	1.0	False	liver	mid	enformer
3034	18.20111	100.10744	81.90633	0.47597602	0.6341811	1.0	False	liver	mid	enformer
1813	18.201035	100.10726	81.90623	0.47597477	0.634182	1.0	False	liver	mid	enformer
5694	18.20111	100.10772	81.90661	0.4759746	0.63418204	1.0	False	liver	mid	enformer
1278	18.201004	100.10719	81.90619	0.47597426	0.63418233	1.0	False	liver	mid	enformer
4203	18.202667	100.11654	81.91387	0.47597393	0.6341826	1.0	False	liver	mid	enformer
6082	18.200928	100.10735	81.906425	0.4759713	0.63418436	1.0	False	liver	mid	enformer
5572	18.195328	100.12126	81.925934	0.4757431	0.63434696	1.0	False	liver	mid	enformer
5383	18.198433	100.13913	81.9407	0.47574005	0.6343491	1.0	False	liver	mid	enformer
4628	18.193901	100.12995	81.93605	0.47565964	0.63440645	1.0	False	liver	mid	enformer
2481	18.191948	100.11989	81.92794	0.47565746	0.63440806	1.0	False	liver	mid	enformer
2203	18.192581	100.12504	81.93246	0.47564712	0.6344153	1.0	False	liver	mid	enformer
363	18.192284	100.12363	81.93134	0.47564584	0.63441634	1.0	False	liver	mid	enformer
452	18.193054	100.12862	81.93556	0.47564238	0.6344188	1.0	False	liver	mid	enformer
5970	18.193321	100.13013	81.936806	0.4756422	0.6344189	1.0	False	liver	mid	enformer
4990	18.190132	100.11267	81.92254	0.47564226	0.6344189	1.0	False	liver	mid	enformer
2021	18.193886	100.13369	81.939804	0.4756402	0.63442034	1.0	False	liver	mid	enformer
2930	18.192154	100.124054	81.9319	0.47563857	0.6344214	1.0	False	liver	mid	enformer
1742	18.192047	100.12389	81.93185	0.47563797	0.6344219	1.0	False	liver	mid	enformer
2972	18.192207	100.12458	81.93237	0.47563735	0.6344224	1.0	False	liver	mid	enformer
31	18.193703	100.13302	81.939316	0.4756369	0.6344227	1.0	False	liver	mid	enformer
2357	18.193848	100.134	81.940155	0.47563598	0.6344233	1.0	False	liver	mid	enformer
2050	18.191963	100.12389	81.93193	0.47563553	0.6344237	1.0	False	liver	mid	enformer
3491	18.193672	100.133156	81.93948	0.4756353	0.63442373	1.0	False	liver	mid	enformer
3998	18.19345	100.13201	81.93856	0.47563487	0.6344241	1.0	False	liver	mid	enformer
3482	18.195862	100.14548	81.949615	0.47563466	0.63442415	1.0	False	liver	mid	enformer
4836	18.193855	100.1343	81.940445	0.47563472	0.6344242	1.0	False	liver	mid	enformer
3687	18.193626	100.13311	81.93948	0.47563428	0.6344245	1.0	False	liver	mid	enformer
1824	18.191963	100.123856	81.93189	0.47563422	0.63442457	1.0	False	liver	mid	enformer
4239	18.193588	100.13297	81.939384	0.4756339	0.63442475	1.0	False	liver	mid	enformer
2335	18.19371	100.13379	81.94008	0.47563326	0.63442516	1.0	False	liver	mid	enformer
5467	18.195465	100.14363	81.948166	0.4756328	0.6344255	1.0	False	liver	mid	enformer
762	18.191818	100.12351	81.931694	0.47563183	0.63442624	1.0	False	liver	mid	enformer
564	18.19181	100.12348	81.93167	0.47563177	0.63442636	1.0	False	liver	mid	enformer
6119	18.191551	100.122086	81.930534	0.47563145	0.6344266	1.0	False	liver	mid	enformer
6122	18.193573	100.133385	81.93981	0.47563136	0.6344266	1.0	False	liver	mid	enformer
3415	18.193375	100.13238	81.939	0.47563094	0.6344269	1.0	False	liver	mid	enformer
2427	18.193474	100.13325	81.93977	0.4756293	0.634428	1.0	False	liver	mid	enformer
2799	18.193245	100.13208	81.938835	0.47562882	0.6344284	1.0	False	liver	mid	enformer
4170	18.191818	100.124214	81.932396	0.47562832	0.63442874	1.0	False	liver	mid	enformer
2773	18.193253	100.13233	81.93908	0.4756277	0.6344292	1.0	False	liver	mid	enformer
5684	18.195175	100.143105	81.94793	0.47562733	0.6344294	1.0	False	liver	mid	enformer
2101	18.193016	100.13131	81.93829	0.47562626	0.63443017	1.0	False	liver	mid	enformer
1287	18.195091	100.14289	81.9478	0.47562605	0.63443035	1.0	False	liver	mid	enformer
1019	18.194496	100.15069	81.95619	0.47557104	0.63446957	1.0	False	liver	mid	enformer
5367	18.194412	100.15038	81.95597	0.47557017	0.6344702	1.0	False	liver	mid	enformer
2261	18.192833	100.15638	81.96355	0.47549567	0.6345232	1.0	False	liver	mid	enformer
5182	18.192696	100.155815	81.96312	0.47549462	0.6345239	1.0	False	liver	mid	enformer
2805	18.19107	100.146866	81.955795	0.47549406	0.63452435	1.0	False	liver	mid	enformer
4307	18.190674	100.1453	81.95463	0.4754908	0.6345267	1.0	False	liver	mid	enformer
3463	18.191902	100.15879	81.96689	0.4754572	0.63455075	1.0	False	liver	mid	enformer
1229	18.191826	100.158485	81.96666	0.47545668	0.63455105	1.0	False	liver	mid	enformer
4663	18.18982	100.14746	81.95764	0.4754557	0.63455176	1.0	False	liver	mid	enformer
1235	18.189957	100.14827	81.95831	0.47545552	0.6345519	1.0	False	liver	mid	enformer
280	18.19197	100.1596	81.96763	0.47545505	0.63455224	1.0	False	liver	mid	enformer
3846	18.191872	100.15943	81.96756	0.47545314	0.63455355	1.0	False	liver	mid	enformer
1266	18.19172	100.15869	81.96697	0.47545254	0.634554	1.0	False	liver	mid	enformer
1587	18.189865	100.148384	81.95852	0.4754524	0.6345541	1.0	False	liver	mid	enformer
5026	18.189919	100.148735	81.95882	0.47545224	0.6345542	1.0	False	liver	mid	enformer
504	18.188591	100.141426	81.952835	0.4754516	0.63455474	1.0	False	liver	mid	enformer
4408	18.18338	100.11951	81.93613	0.4754199	0.63457733	1.0	False	liver	mid	enformer
3591	18.180016	100.126396	81.94638	0.47528923	0.6346704	1.0	False	liver	mid	enformer
2351	18.177338	100.13314	81.9558	0.47517955	0.6347484	1.0	False	liver	mid	enformer
5460	18.177643	100.13578	81.95814	0.47517487	0.63475174	1.0	False	liver	mid	enformer
5935	18.177582	100.13574	81.95816	0.47517332	0.6347528	1.0	False	liver	mid	enformer
5292	18.177345	100.137184	81.95984	0.47516054	0.63476187	1.0	False	liver	mid	enformer
4973	18.173439	100.11612	81.94268	0.475159	0.63476306	1.0	False	liver	mid	enformer
2062	18.177826	100.15273	81.97491	0.47509527	0.6348085	1.0	False	liver	mid	enformer
5047	18.178009	100.15408	81.976074	0.47509366	0.6348095	1.0	False	liver	mid	enformer
4504	18.176025	100.14321	81.967186	0.4750926	0.6348103	1.0	False	liver	mid	enformer
3478	18.175858	100.14291	81.96705	0.4750894	0.63481265	1.0	False	liver	mid	enformer
2186	18.177696	100.1534	81.9757	0.4750883	0.6348134	1.0	False	liver	mid	enformer
6079	18.17588	100.143234	81.967354	0.47508833	0.6348134	1.0	False	liver	mid	enformer
3780	18.174026	100.13323	81.959206	0.47508687	0.63481444	1.0	False	liver	mid	enformer
1461	18.172989	100.128365	81.955376	0.47508296	0.63481724	1.0	False	liver	mid	enformer
4325	18.174187	100.135864	81.96168	0.47507897	0.6348201	1.0	False	liver	mid	enformer
4123	18.174599	100.13819	81.96359	0.4750787	0.6348203	1.0	False	liver	mid	enformer
1549	18.17292	100.12898	81.95606	0.47507796	0.6348208	1.0	False	liver	mid	enformer
3158	18.171684	100.129326	81.95764	0.4750411	0.6348471	1.0	False	liver	mid	enformer
4040	18.173409	100.13903	81.96562	0.47504076	0.6348474	1.0	False	liver	mid	enformer
1172	18.171356	100.12778	81.95642	0.47503972	0.63484806	1.0	False	liver	mid	enformer
4929	18.171371	100.128075	81.9567	0.4750386	0.6348489	1.0	False	liver	mid	enformer
3295	18.16478	100.10359	81.93881	0.4749788	0.6348914	1.0	False	liver	mid	enformer
2347	18.1652	100.11063	81.94543	0.47495472	0.63490856	1.0	False	liver	mid	enformer
5702	18.167122	100.12124	81.95412	0.47495311	0.6349098	1.0	False	liver	mid	enformer
1589	18.165024	100.110245	81.94522	0.4749517	0.63491076	1.0	False	liver	mid	enformer
1642	18.164886	100.110954	81.94607	0.47494432	0.634916	1.0	False	liver	mid	enformer
251	18.16906	100.1463	81.97724	0.47488117	0.63496095	1.0	False	liver	mid	enformer
2424	18.167137	100.13596	81.96883	0.47487926	0.6349624	1.0	False	liver	mid	enformer
703	18.165253	100.12549	81.960236	0.47487906	0.6349625	1.0	False	liver	mid	enformer
4550	18.166992	100.13521	81.968216	0.47487903	0.63496256	1.0	False	liver	mid	enformer
3571	18.166794	100.134186	81.96739	0.4748786	0.63496286	1.0	False	liver	mid	enformer
2084	18.168991	100.146416	81.977425	0.47487867	0.63496286	1.0	False	liver	mid	enformer
4799	18.165268	100.12574	81.96047	0.47487822	0.63496315	1.0	False	liver	mid	enformer
3864	18.167023	100.13569	81.968666	0.47487745	0.63496375	1.0	False	liver	mid	enformer
2639	18.167152	100.13665	81.9695	0.4748763	0.6349645	1.0	False	liver	mid	enformer
5354	18.168854	100.146484	81.97763	0.47487447	0.6349658	1.0	False	liver	mid	enformer
1519	18.166702	100.134476	81.96777	0.47487453	0.6349658	1.0	False	liver	mid	enformer
217	18.166954	100.13626	81.96931	0.47487268	0.6349671	1.0	False	liver	mid	enformer
244	18.165154	100.12623	81.961075	0.47487253	0.63496715	1.0	False	liver	mid	enformer
1275	18.16687	100.13597	81.9691	0.47487175	0.63496774	1.0	False	liver	mid	enformer
5276	18.165192	100.12671	81.96152	0.47487122	0.6349681	1.0	False	liver	mid	enformer
413	18.16484	100.12528	81.96044	0.47486857	0.63496995	1.0	False	liver	mid	enformer
1531	18.168617	100.146454	81.97784	0.47486806	0.63497037	1.0	False	liver	mid	enformer
3501	18.170822	100.16241	81.991585	0.47484645	0.6349857	1.0	False	liver	mid	enformer
981	18.16864	100.15172	81.98308	0.47484255	0.63498855	1.0	False	liver	mid	enformer
3334	18.162819	100.12218	81.95936	0.4748269	0.63499963	1.0	False	liver	mid	enformer
2238	18.158073	100.14565	81.98758	0.47457698	0.6351778	1.0	False	liver	mid	enformer
953	18.158356	100.14736	81.989006	0.47457632	0.6351782	1.0	False	liver	mid	enformer
104	18.15615	100.13525	81.979095	0.4745755	0.6351788	1.0	False	liver	mid	enformer
125	18.151886	100.11241	81.960526	0.4745731	0.63518053	1.0	False	liver	mid	enformer
6114	18.151817	100.112495	81.96068	0.47457075	0.63518226	1.0	False	liver	mid	enformer
4583	18.155983	100.13531	81.979324	0.4745704	0.63518256	1.0	False	liver	mid	enformer
5038	18.151909	100.113106	81.9612	0.47457027	0.6351826	1.0	False	liver	mid	enformer
2791	18.155487	100.13333	81.977844	0.47456712	0.6351848	1.0	False	liver	mid	enformer
2065	18.150055	100.10382	81.953766	0.47456482	0.6351865	1.0	False	liver	mid	enformer
1474	18.15332	100.12218	81.96886	0.4745622	0.6351884	1.0	False	liver	mid	enformer
686	18.150436	100.10667	81.95623	0.47456124	0.63518906	1.0	False	liver	mid	enformer
5402	18.154816	100.14589	81.99107	0.4744868	0.63524204	1.0	False	liver	mid	enformer
2293	18.151756	100.12899	81.977234	0.47448596	0.63524264	1.0	False	liver	mid	enformer
2141	18.147324	100.12414	81.976814	0.47438496	0.63531464	1.0	False	liver	mid	enformer
5486	18.140839	100.106476	81.96564	0.4742947	0.635379	1.0	False	liver	mid	enformer
2368	18.139221	100.097565	81.95834	0.47429428	0.6353793	1.0	False	liver	mid	enformer
4389	18.14087	100.10706	81.966194	0.4742926	0.6353804	1.0	False	liver	mid	enformer
84	18.140617	100.1069	81.966286	0.47428635	0.63538504	1.0	False	liver	mid	enformer
2596	18.13379	100.072975	81.939186	0.47426364	0.6354012	1.0	False	liver	mid	enformer
4098	18.137436	100.09369	81.95625	0.47426203	0.63540226	1.0	False	liver	mid	enformer
391	18.143585	100.136284	81.9927	0.474217	0.6354343	1.0	False	liver	mid	enformer
595	18.146538	100.15392	82.007385	0.4742111	0.63543856	1.0	False	liver	mid	enformer
1614	18.145035	100.14605	82.001015	0.47420835	0.63544047	1.0	False	liver	mid	enformer
334	18.145966	100.151405	82.00544	0.47420767	0.635441	1.0	False	liver	mid	enformer
4291	18.141853	100.13833	81.996475	0.4741584	0.63547605	1.0	False	liver	mid	enformer
4919	18.140007	100.12888	81.98888	0.47415397	0.6354793	1.0	False	liver	mid	enformer
4164	18.141716	100.13853	81.99681	0.47415364	0.6354795	1.0	False	liver	mid	enformer
2893	18.143402	100.14816	82.00476	0.47415218	0.6354805	1.0	False	liver	mid	enformer
3747	18.143646	100.14952	82.005875	0.47415224	0.6354805	1.0	False	liver	mid	enformer
1340	18.142204	100.14158	81.999374	0.47415185	0.63548076	1.0	False	liver	mid	enformer
4810	18.143524	100.149185	82.00566	0.47415054	0.6354817	1.0	False	liver	mid	enformer
5986	18.141518	100.138214	81.9967	0.47414953	0.63548243	1.0	False	liver	mid	enformer
705	18.143562	100.14963	82.006065	0.47414938	0.63548255	1.0	False	liver	mid	enformer
2070	18.143272	100.14824	82.00497	0.4741482	0.63548344	1.0	False	liver	mid	enformer
4816	18.137367	100.116356	81.97899	0.47414732	0.63548404	1.0	False	liver	mid	enformer
1922	18.141304	100.13759	81.996284	0.47414675	0.6354844	1.0	False	liver	mid	enformer
2025	18.143234	100.14855	82.00532	0.47414556	0.6354853	1.0	False	liver	mid	enformer
1169	18.138954	100.12548	81.98653	0.47414413	0.6354863	1.0	False	liver	mid	enformer
4631	18.138817	100.12509	81.986275	0.4741422	0.6354877	1.0	False	liver	mid	enformer
5129	18.132202	100.096466	81.964264	0.474101	0.635517	1.0	False	liver	mid	enformer
776	18.131187	100.1101	81.97891	0.47400638	0.6355846	1.0	False	liver	mid	enformer
3110	18.134842	100.13052	81.99568	0.47400394	0.63558626	1.0	False	liver	mid	enformer
2462	18.136002	100.13772	82.00172	0.47400028	0.6355889	1.0	False	liver	mid	enformer
1955	18.127419	100.09035	81.96293	0.4739999	0.6355892	1.0	False	liver	mid	enformer
4662	18.12822	100.11237	81.98415	0.47391084	0.6356526	1.0	False	liver	mid	enformer
4684	18.128792	100.11562	81.98683	0.4739107	0.63565266	1.0	False	liver	mid	enformer
4828	18.125336	100.10836	81.983025	0.47385	0.635696	1.0	False	liver	mid	enformer
2814	18.126648	100.11574	81.98909	0.4738498	0.6356961	1.0	False	liver	mid	enformer
5181	18.126976	100.11774	81.99076	0.473849	0.63569665	1.0	False	liver	mid	enformer
51	18.12709	100.11844	81.99135	0.47384873	0.6356969	1.0	False	liver	mid	enformer
2726	18.126808	100.11689	81.99008	0.47384858	0.63569695	1.0	False	liver	mid	enformer
4253	18.125237	100.10834	81.9831	0.47384736	0.6356978	1.0	False	liver	mid	enformer
4257	18.124977	100.10709	81.98212	0.4738463	0.6356987	1.0	False	liver	mid	enformer
5635	18.1249	100.10676	81.98186	0.47384587	0.6356989	1.0	False	liver	mid	enformer
1133	18.125229	100.10865	81.98342	0.47384557	0.6356992	1.0	False	liver	mid	enformer
24	18.125038	100.10767	81.982635	0.4738451	0.63569957	1.0	False	liver	mid	enformer
4194	18.126572	100.11631	81.98974	0.4738448	0.6356996	1.0	False	liver	mid	enformer
1355	18.124863	100.10677	81.98191	0.47384468	0.63569975	1.0	False	liver	mid	enformer
1512	18.123108	100.09711	81.974	0.47384408	0.63570017	1.0	False	liver	mid	enformer
1170	18.126808	100.11779	81.99098	0.47384408	0.63570017	1.0	False	liver	mid	enformer
1752	18.124939	100.10735	81.982414	0.47384393	0.6357003	1.0	False	liver	mid	enformer
4115	18.124931	100.10742	81.98249	0.4738434	0.63570064	1.0	False	liver	mid	enformer
2018	18.12674	100.11767	81.99093	0.47384277	0.63570106	1.0	False	liver	mid	enformer
4333	18.12468	100.10629	81.98161	0.47384197	0.6357017	1.0	False	liver	mid	enformer
2685	18.129578	100.138115	82.00854	0.4738164	0.63572	1.0	False	liver	mid	enformer
1900	18.1315	100.1493	82.0178	0.47381413	0.63572145	1.0	False	liver	mid	enformer
3800	18.129547	100.13867	82.009125	0.47381282	0.63572246	1.0	False	liver	mid	enformer
4581	18.129501	100.13845	82.00895	0.4738126	0.6357226	1.0	False	liver	mid	enformer
6121	18.127739	100.12866	82.00092	0.47381222	0.63572294	1.0	False	liver	mid	enformer
603	18.129784	100.1401	82.010315	0.4738121	0.635723	1.0	False	liver	mid	enformer
1574	18.12777	100.12887	82.0011	0.47381198	0.63572305	1.0	False	liver	mid	enformer
1308	18.12658	100.1228	81.99622	0.47380912	0.6357252	1.0	False	liver	mid	enformer
4210	18.128029	100.13111	82.00308	0.47380805	0.63572586	1.0	False	liver	mid	enformer
3573	18.129303	100.13824	82.008934	0.47380814	0.63572586	1.0	False	liver	mid	enformer
1774	18.126587	100.12351	81.996925	0.47380584	0.63572747	1.0	False	liver	mid	enformer
5666	18.128075	100.13199	82.003914	0.47380495	0.6357281	1.0	False	liver	mid	enformer
2835	18.123909	100.1253	82.00139	0.4737234	0.63578635	1.0	False	liver	mid	enformer
1656	18.118324	100.10727	81.988945	0.47365886	0.63583225	1.0	False	liver	mid	enformer
2460	18.122452	100.13032	82.007866	0.4736561	0.63583416	1.0	False	liver	mid	enformer
403	18.118103	100.106544	81.98844	0.4736562	0.63583416	1.0	False	liver	mid	enformer
2638	18.120033	100.1177	81.997665	0.4736545	0.6358354	1.0	False	liver	mid	enformer
2937	18.122284	100.13012	82.007835	0.47365233	0.63583696	1.0	False	liver	mid	enformer
273	18.121277	100.12473	82.003456	0.47365203	0.6358372	1.0	False	liver	mid	enformer
4826	18.124275	100.141556	82.01728	0.47365072	0.63583815	1.0	False	liver	mid	enformer
5658	18.11499	100.1205	82.00551	0.47349685	0.63594776	1.0	False	liver	mid	enformer
584	18.114723	100.12164	82.00692	0.4734836	0.63595724	1.0	False	liver	mid	enformer
5696	18.115211	100.12567	82.01046	0.47347814	0.63596106	1.0	False	liver	mid	enformer
5304	18.117416	100.14106	82.02364	0.47346342	0.63597167	1.0	False	liver	mid	enformer
4604	18.117104	100.13941	82.02231	0.47346315	0.6359718	1.0	False	liver	mid	enformer
6125	18.117165	100.13971	82.022545	0.4734633	0.6359718	1.0	False	liver	mid	enformer
1399	18.119354	100.151985	82.03263	0.47346294	0.63597196	1.0	False	liver	mid	enformer
95	18.117264	100.14063	82.02337	0.4734613	0.63597316	1.0	False	liver	mid	enformer
3101	18.117256	100.14088	82.02362	0.47345993	0.63597417	1.0	False	liver	mid	enformer
1773	18.117111	100.14024	82.02313	0.47345898	0.6359748	1.0	False	liver	mid	enformer
1521	18.117249	100.14121	82.023964	0.473458	0.6359755	1.0	False	liver	mid	enformer
5868	18.110855	100.10972	81.99886	0.4734381	0.63598967	1.0	False	liver	mid	enformer
2525	18.110458	100.1089	81.99844	0.47343114	0.6359947	1.0	False	liver	mid	enformer
4865	18.112228	100.12221	82.00998	0.47341046	0.6360094	1.0	False	liver	mid	enformer
1588	18.102432	100.13608	82.033646	0.47306645	0.63625467	1.0	False	liver	mid	enformer
5343	18.093422	100.13407	82.04065	0.47280747	0.6364394	1.0	False	liver	mid	enformer
5550	18.092964	100.13179	82.038826	0.47280598	0.63644046	1.0	False	liver	mid	enformer
813	18.09317	100.13302	82.03985	0.4728056	0.63644075	1.0	False	liver	mid	enformer
3997	18.093025	100.13224	82.039215	0.47280544	0.6364409	1.0	False	liver	mid	enformer
4998	18.091232	100.12232	82.03109	0.47280478	0.6364413	1.0	False	liver	mid	enformer
5682	18.093086	100.132744	82.03966	0.47280467	0.6364414	1.0	False	liver	mid	enformer
2402	18.092834	100.13138	82.03854	0.47280446	0.6364415	1.0	False	liver	mid	enformer
648	18.090958	100.12086	82.0299	0.47280434	0.6364416	1.0	False	liver	mid	enformer
6002	18.092972	100.13219	82.039215	0.47280422	0.63644177	1.0	False	liver	mid	enformer
4463	18.093048	100.132744	82.039696	0.4728036	0.6364422	1.0	False	liver	mid	enformer
336	18.092987	100.13245	82.03946	0.47280335	0.6364424	1.0	False	liver	mid	enformer
3189	18.089241	100.111916	82.022675	0.47280326	0.6364424	1.0	False	liver	mid	enformer
2587	18.093063	100.13288	82.03982	0.47280326	0.63644254	1.0	False	liver	mid	enformer
2498	18.091125	100.12205	82.03092	0.47280318	0.63644254	1.0	False	liver	mid	enformer
3493	18.090904	100.120804	82.0299	0.4728031	0.63644254	1.0	False	liver	mid	enformer
4147	18.09298	100.13245	82.03947	0.47280312	0.6364426	1.0	False	liver	mid	enformer
5494	18.092957	100.13238	82.03942	0.4728028	0.6364428	1.0	False	liver	mid	enformer
6061	18.092957	100.13242	82.03947	0.4728026	0.636443	1.0	False	liver	mid	enformer
1896	18.09301	100.13279	82.03978	0.47280225	0.63644314	1.0	False	liver	mid	enformer
2512	18.093132	100.13356	82.04043	0.47280192	0.6364435	1.0	False	liver	mid	enformer
3496	18.090828	100.12065	82.02982	0.47280174	0.63644356	1.0	False	liver	mid	enformer
5413	18.092972	100.13271	82.03974	0.4728016	0.6364436	1.0	False	liver	mid	enformer
1926	18.092705	100.13121	82.038506	0.4728016	0.6364437	1.0	False	liver	mid	enformer
4317	18.092789	100.1317	82.03891	0.4728015	0.6364437	1.0	False	liver	mid	enformer
5483	18.089256	100.112305	82.02305	0.4728017	0.6364437	1.0	False	liver	mid	enformer
2077	18.092926	100.13254	82.03961	0.4728012	0.636444	1.0	False	liver	mid	enformer
2310	18.092888	100.132355	82.03947	0.472801	0.63644403	1.0	False	liver	mid	enformer
2105	18.091225	100.123055	82.03183	0.4728009	0.6364441	1.0	False	liver	mid	enformer
5265	18.092957	100.13276	82.0398	0.4728009	0.6364441	1.0	False	liver	mid	enformer
4339	18.092873	100.13229	82.03942	0.47280088	0.6364442	1.0	False	liver	mid	enformer
960	18.09291	100.13254	82.03963	0.47280076	0.6364443	1.0	False	liver	mid	enformer
1902	18.092743	100.131615	82.03887	0.4728007	0.63644433	1.0	False	liver	mid	enformer
5862	18.092857	100.13229	82.03944	0.47280052	0.63644445	1.0	False	liver	mid	enformer
241	18.092827	100.13216	82.03933	0.4728003	0.6364445	1.0	False	liver	mid	enformer
2872	18.091019	100.122	82.03098	0.4728004	0.6364445	1.0	False	liver	mid	enformer
6096	18.092674	100.13132	82.03864	0.47280023	0.6364446	1.0	False	liver	mid	enformer
5894	18.092796	100.131996	82.0392	0.4728002	0.6364446	1.0	False	liver	mid	enformer
1716	18.092651	100.13121	82.03856	0.47280014	0.63644475	1.0	False	liver	mid	enformer
4384	18.092941	100.132835	82.039894	0.47280014	0.63644475	1.0	False	liver	mid	enformer
5547	18.09079	100.12086	82.03007	0.47279966	0.63644505	1.0	False	liver	mid	enformer
2940	18.092636	100.131294	82.03866	0.47279924	0.63644534	1.0	False	liver	mid	enformer
2841	18.091164	100.123055	82.03189	0.47279915	0.6364454	1.0	False	liver	mid	enformer
769	18.092865	100.13263	82.039764	0.47279903	0.63644546	1.0	False	liver	mid	enformer
2666	18.09288	100.13271	82.03983	0.472799	0.63644546	1.0	False	liver	mid	enformer
4468	18.09301	100.13346	82.04045	0.4727989	0.6364456	1.0	False	liver	mid	enformer
557	18.092903	100.1329	82.03999	0.47279876	0.6364457	1.0	False	liver	mid	enformer
1268	18.093018	100.1337	82.04068	0.47279793	0.63644624	1.0	False	liver	mid	enformer
2659	18.092804	100.132545	82.03974	0.47279766	0.6364465	1.0	False	liver	mid	enformer
1065	18.091087	100.12296	82.031876	0.47279754	0.63644654	1.0	False	liver	mid	enformer
672	18.09092	100.12201	82.03109	0.47279748	0.6364466	1.0	False	liver	mid	enformer
2406	18.092728	100.13221	82.03948	0.47279733	0.63644665	1.0	False	liver	mid	enformer
1853	18.092842	100.13286	82.040016	0.47279724	0.6364468	1.0	False	liver	mid	enformer
3666	18.092728	100.13237	82.03964	0.47279644	0.63644725	1.0	False	liver	mid	enformer
2003	18.062683	100.13315	82.070465	0.47195965	0.63704425	1.0	False	liver	mid	enformer
881	18.063843	100.13982	82.07597	0.47195607	0.6370469	1.0	False	liver	mid	enformer
4335	-14.286873	90.24212	104.52899	-0.36986727	0.7115403	1.0	False	liver	mid	enformer
5488	-14.236641	90.242676	104.47932	-0.3686362	0.71245766	1.0	False	liver	mid	enformer
4243	-14.236618	90.242714	104.47933	-0.3686355	0.7124582	1.0	False	liver	mid	enformer
1979	-14.236946	90.24445	104.4814	-0.36863407	0.7124592	1.0	False	liver	mid	enformer
5158	-13.020012	80.2145	93.23451	-0.3566885	0.72138137	1.0	False	liver	mid	enformer
2637	-13.017281	80.22888	93.24616	-0.35655636	0.72148037	1.0	False	liver	mid	enformer
764	-13.01059	80.20466	93.21525	-0.35648426	0.7215343	1.0	False	liver	mid	enformer
4356	-13.011063	80.20957	93.220634	-0.35647595	0.7215405	1.0	False	liver	mid	enformer
3310	-13.01123	80.21077	93.222	-0.35647538	0.721541	1.0	False	liver	mid	enformer
959	-13.010437	80.22387	93.23431	-0.3564008	0.72159684	1.0	False	liver	mid	enformer
1301	-13.010933	80.23427	93.2452	-0.35636953	0.7216202	1.0	False	liver	mid	enformer
3060	-13.011757	80.24026	93.252014	-0.35636607	0.7216228	1.0	False	liver	mid	enformer
2792	-13.013451	80.25135	93.2648	-0.3563624	0.7216255	1.0	False	liver	mid	enformer
5767	-13.005669	80.22049	93.22616	-0.35629162	0.7216786	1.0	False	liver	mid	enformer
2184	-13.005592	80.234055	93.23965	-0.35623387	0.7217218	1.0	False	liver	mid	enformer
710	-13.005333	80.23562	93.24095	-0.35621968	0.72173244	1.0	False	liver	mid	enformer
4143	-13.003372	80.223625	93.227	-0.3562192	0.72173285	1.0	False	liver	mid	enformer
2554	-13.003433	80.22435	93.22778	-0.35621783	0.7217338	1.0	False	liver	mid	enformer
1722	-13.004532	80.2324	93.23693	-0.35621235	0.7217379	1.0	False	liver	mid	enformer
4877	-13.005974	80.24437	93.25034	-0.35620195	0.7217457	1.0	False	liver	mid	enformer
665	-13.0058365	80.248055	93.25389	-0.35618064	0.72176176	1.0	False	liver	mid	enformer
1233	-13.004494	80.24161	93.2461	-0.3561733	0.7217671	1.0	False	liver	mid	enformer
5639	-13.001282	80.22316	93.22444	-0.35616827	0.7217709	1.0	False	liver	mid	enformer
529	-13.00132	80.227585	93.228905	-0.35614944	0.721785	1.0	False	liver	mid	enformer
4783	-13.001068	80.22758	93.228645	-0.35614434	0.7217889	1.0	False	liver	mid	enformer
3458	-13.001991	80.234184	93.236176	-0.35614073	0.7217915	1.0	False	liver	mid	enformer
5921	-13.006699	80.26283	93.26953	-0.35614	0.72179216	1.0	False	liver	mid	enformer
1639	-13.006569	80.26319	93.26976	-0.35613522	0.7217956	1.0	False	liver	mid	enformer
5837	-13.001068	80.23504	93.23611	-0.3561107	0.72181404	1.0	False	liver	mid	enformer
2929	-13.001343	80.23861	93.23995	-0.3561044	0.7218187	1.0	False	liver	mid	enformer
2582	-13.001244	80.23889	93.240135	-0.35610077	0.7218214	1.0	False	liver	mid	enformer
14	-13.003624	80.25856	93.262184	-0.35607964	0.7218373	1.0	False	liver	mid	enformer
4364	-12.996216	80.24	93.23621	-0.3559658	0.7219226	1.0	False	liver	mid	enformer
3950	-12.99929	80.26274	93.26203	-0.35595024	0.72193426	1.0	False	liver	mid	enformer
4379	-12.9981	80.25545	93.25355	-0.35595006	0.7219343	1.0	False	liver	mid	enformer
3581	-12.998001	80.255775	93.25378	-0.35594615	0.7219372	1.0	False	liver	mid	enformer
1739	-12.992149	80.21986	93.212006	-0.35594487	0.7219382	1.0	False	liver	mid	enformer
165	-12.991272	80.26887	93.26014	-0.35571775	0.7221082	1.0	False	liver	mid	enformer
5097	-12.986	80.24789	93.23389	-0.35566965	0.7221442	1.0	False	liver	mid	enformer
4855	-12.987526	80.26356	93.25108	-0.35564235	0.72216463	1.0	False	liver	mid	enformer
360	-12.98661	80.26017	93.24678	-0.35563248	0.7221721	1.0	False	liver	mid	enformer
2422	-12.986198	80.25911	93.24531	-0.35562623	0.7221768	1.0	False	liver	mid	enformer
857	-12.989258	80.27923	93.268486	-0.3556222	0.7221798	1.0	False	liver	mid	enformer
73	-12.982613	80.24377	93.22638	-0.3555984	0.7221976	1.0	False	liver	mid	enformer
2618	-12.982498	80.26885	93.25135	-0.3554902	0.7222786	1.0	False	liver	mid	enformer
250	-12.977821	80.24666	93.22448	-0.35546303	0.722299	1.0	False	liver	mid	enformer
5307	-12.982277	80.27554	93.25782	-0.3554564	0.7223038	1.0	False	liver	mid	enformer
5707	-12.982346	80.275986	93.25833	-0.35545632	0.722304	1.0	False	liver	mid	enformer
219	-12.982208	80.27544	93.257645	-0.35545513	0.7223048	1.0	False	liver	mid	enformer
4125	-12.978584	80.26812	93.246704	-0.3553925	0.7223518	1.0	False	liver	mid	enformer
888	-12.977402	80.27742	93.25482	-0.3553234	0.7224035	1.0	False	liver	mid	enformer
3227	-12.973686	80.26088	93.234566	-0.35529512	0.7224247	1.0	False	liver	mid	enformer
3522	-12.975433	80.27869	93.25412	-0.3552672	0.7224456	1.0	False	liver	mid	enformer
1665	-12.974899	80.2815	93.2564	-0.35524115	0.72246516	1.0	False	liver	mid	enformer
4798	-12.974739	80.28108	93.25582	-0.35523874	0.722467	1.0	False	liver	mid	enformer
4602	-12.973984	80.28101	93.255	-0.3552199	0.722481	1.0	False	liver	mid	enformer
2932	-12.971817	80.278366	93.25018	-0.3551747	0.722515	1.0	False	liver	mid	enformer
5825	-12.972603	80.28418	93.25678	-0.3551711	0.7225176	1.0	False	liver	mid	enformer
4189	-12.970924	80.2805	93.25143	-0.3551431	0.72253865	1.0	False	liver	mid	enformer
4637	-12.968628	80.267494	93.23612	-0.3551371	0.72254306	1.0	False	liver	mid	enformer
3244	-12.9668045	80.27884	93.24564	-0.35504308	0.72261345	1.0	False	liver	mid	enformer
2677	-12.966705	80.28559	93.2523	-0.3550137	0.72263545	1.0	False	liver	mid	enformer
5869	-12.961365	80.28834	93.2497	-0.35486457	0.7227472	1.0	False	liver	mid	enformer
3445	-12.960846	80.28844	93.24928	-0.35484996	0.72275805	1.0	False	liver	mid	enformer
3498	-12.960213	80.2925	93.252716	-0.3548146	0.7227846	1.0	False	liver	mid	enformer
4184	-12.960297	80.29325	93.25355	-0.3548137	0.7227853	1.0	False	liver	mid	enformer
3626	-12.960381	80.29433	93.25471	-0.3548114	0.7227869	1.0	False	liver	mid	enformer
592	-12.95945	80.29634	93.25579	-0.35478172	0.72280926	1.0	False	liver	mid	enformer
2227	-12.95797	80.28734	93.24531	-0.3547803	0.7228103	1.0	False	liver	mid	enformer
3991	-12.959236	80.295425	93.25466	-0.35478008	0.72281045	1.0	False	liver	mid	enformer
4786	-12.958015	80.287994	93.24601	-0.35477874	0.7228114	1.0	False	liver	mid	enformer
4996	-12.958237	80.28995	93.248184	-0.35477677	0.7228129	1.0	False	liver	mid	enformer
2999	-12.956795	80.29232	93.249115	-0.3547286	0.7228491	1.0	False	liver	mid	enformer
5607	-12.9568405	80.2927	93.24954	-0.35472825	0.7228493	1.0	False	liver	mid	enformer
5557	-12.957222	80.29527	93.252495	-0.35472786	0.7228496	1.0	False	liver	mid	enformer
1810	-12.955559	80.285126	93.240685	-0.3547276	0.7228498	1.0	False	liver	mid	enformer
1193	-12.958115	80.300415	93.25853	-0.35472694	0.7228503	1.0	False	liver	mid	enformer
3308	-12.956879	80.29722	93.2541	-0.35471046	0.72286266	1.0	False	liver	mid	enformer
951	-12.956154	80.29631	93.252464	-0.35469604	0.72287345	1.0	False	liver	mid	enformer
2776	-12.957092	80.303375	93.26047	-0.35468885	0.7228788	1.0	False	liver	mid	enformer
4272	-12.95726	80.308365	93.265625	-0.35467145	0.7228918	1.0	False	liver	mid	enformer
1378	-12.956078	80.30132	93.2574	-0.35466948	0.7228933	1.0	False	liver	mid	enformer
327	-12.955688	80.30037	93.25606	-0.3546646	0.722897	1.0	False	liver	mid	enformer
3319	-12.956696	80.31074	93.26743	-0.3546482	0.72290933	1.0	False	liver	mid	enformer
300	-12.9567795	80.31148	93.26826	-0.3546473	0.72291	1.0	False	liver	mid	enformer
2342	-12.95665	80.31119	93.26784	-0.35464513	0.72291154	1.0	False	liver	mid	enformer
2447	-12.955055	80.3029	93.25796	-0.35463843	0.7229166	1.0	False	liver	mid	enformer
5865	-12.957428	80.31965	93.27708	-0.35462937	0.7229234	1.0	False	liver	mid	enformer
1790	-12.95182	80.28728	93.2391	-0.35462245	0.7229285	1.0	False	liver	mid	enformer
2578	-12.955505	80.31044	93.265945	-0.35461813	0.7229318	1.0	False	liver	mid	enformer
1680	-12.954086	80.30225	93.25634	-0.35461518	0.72293407	1.0	False	liver	mid	enformer
848	-12.952881	80.300575	93.253456	-0.35459095	0.7229522	1.0	False	liver	mid	enformer
4136	-12.952194	80.29943	93.251625	-0.35458013	0.7229603	1.0	False	liver	mid	enformer
4806	-12.953133	80.31374	93.26688	-0.3545427	0.72298825	1.0	False	liver	mid	enformer
2454	-12.948143	80.29552	93.24366	-0.35449263	0.72302586	1.0	False	liver	mid	enformer
4369	-12.9502945	80.30924	93.25954	-0.3544869	0.7230301	1.0	False	liver	mid	enformer
352	-12.950478	80.320694	93.27117	-0.3544462	0.72306067	1.0	False	liver	mid	enformer
5401	-12.949234	80.31322	93.26245	-0.35444477	0.72306174	1.0	False	liver	mid	enformer
5714	-12.946503	80.30723	93.25373	-0.35440022	0.72309506	1.0	False	liver	mid	enformer
4101	-12.9459915	80.31298	93.25897	-0.3543621	0.7231236	1.0	False	liver	mid	enformer
488	-12.946693	80.318405	93.2651	-0.3543575	0.7231271	1.0	False	liver	mid	enformer
2630	-12.943947	80.30425	93.2482	-0.3543453	0.72313625	1.0	False	liver	mid	enformer
4129	-12.945938	80.31735	93.26329	-0.35434258	0.7231383	1.0	False	liver	mid	enformer
1952	-12.943962	80.30516	93.24912	-0.35434195	0.72313875	1.0	False	liver	mid	enformer
2682	-12.943855	80.30502	93.24888	-0.35433975	0.7231404	1.0	False	liver	mid	enformer
2178	-12.944344	80.31906	93.263405	-0.3542945	0.7231743	1.0	False	liver	mid	enformer
1319	-12.943695	80.31656	93.260254	-0.35428813	0.72317904	1.0	False	liver	mid	enformer
1834	-12.942314	80.31007	93.25238	-0.35427958	0.72318536	1.0	False	liver	mid	enformer
4460	-12.9436035	80.31843	93.26203	-0.3542786	0.72318614	1.0	False	liver	mid	enformer
2345	-12.943596	80.318794	93.26239	-0.35427687	0.7231875	1.0	False	liver	mid	enformer
5900	-12.943451	80.31815	93.261604	-0.35427576	0.72318834	1.0	False	liver	mid	enformer
5035	-12.9410095	80.31583	93.256836	-0.35422233	0.7232284	1.0	False	liver	mid	enformer
3134	-12.942123	80.323494	93.26562	-0.3542196	0.7232304	1.0	False	liver	mid	enformer
340	-12.94223	80.32964	93.27187	-0.35419652	0.7232477	1.0	False	liver	mid	enformer
101	-12.941254	80.326195	93.26745	-0.35418478	0.7232565	1.0	False	liver	mid	enformer
5542	-12.939606	80.32398	93.26359	-0.35415274	0.7232805	1.0	False	liver	mid	enformer
3859	-12.939377	80.322685	93.26206	-0.35415223	0.72328097	1.0	False	liver	mid	enformer
5234	-12.939453	80.32398	93.263435	-0.3541488	0.72328347	1.0	False	liver	mid	enformer
5083	-12.938805	80.32206	93.260864	-0.35413915	0.7232907	1.0	False	liver	mid	enformer
3118	-12.935013	80.320595	93.25561	-0.35404876	0.7233584	1.0	False	liver	mid	enformer
5177	-12.933655	80.31218	93.245834	-0.35404834	0.7233587	1.0	False	liver	mid	enformer
5100	-12.933502	80.31169	93.24519	-0.3540464	0.72336024	1.0	False	liver	mid	enformer
2919	-12.933311	80.311005	93.244316	-0.35404432	0.72336173	1.0	False	liver	mid	enformer
1555	-12.93335	80.31134	93.24469	-0.35404393	0.723362	1.0	False	liver	mid	enformer
641	-12.9326935	80.320854	93.25355	-0.353986	0.7234053	1.0	False	liver	mid	enformer
4449	-12.932747	80.322	93.254745	-0.35398266	0.72340786	1.0	False	liver	mid	enformer
729	-12.932655	80.32158	93.254234	-0.35398203	0.7234083	1.0	False	liver	mid	enformer
4296	-12.931358	80.313576	93.244934	-0.35398152	0.72340864	1.0	False	liver	mid	enformer
5475	-12.931099	80.31292	93.24402	-0.35397753	0.7234116	1.0	False	liver	mid	enformer
2848	-12.928818	80.3211	93.249916	-0.35388625	0.7234801	1.0	False	liver	mid	enformer
3561	-12.930046	80.33225	93.2623	-0.35386965	0.72349256	1.0	False	liver	mid	enformer
4563	-12.929779	80.33783	93.26761	-0.35383877	0.7235156	1.0	False	liver	mid	enformer
5845	-12.929573	80.3368	93.26637	-0.3538377	0.72351646	1.0	False	liver	mid	enformer
5034	-12.929626	80.33748	93.267105	-0.3538362	0.7235176	1.0	False	liver	mid	enformer
4562	-12.926262	80.32207	93.24833	-0.35381487	0.7235336	1.0	False	liver	mid	enformer
3624	-12.926079	80.327385	93.25346	-0.3537869	0.72355455	1.0	False	liver	mid	enformer
1122	-12.926323	80.3295	93.25582	-0.35378456	0.72355634	1.0	False	liver	mid	enformer
1234	-12.92601	80.32805	93.25406	-0.35378242	0.7235579	1.0	False	liver	mid	enformer
1511	-12.923233	80.331116	93.25435	-0.3536983	0.723621	1.0	False	liver	mid	enformer
3569	-12.923187	80.33142	93.25461	-0.35369593	0.7236227	1.0	False	liver	mid	enformer
1111	-12.92318	80.33143	93.25461	-0.35369572	0.7236229	1.0	False	liver	mid	enformer
1654	-12.923073	80.330826	93.2539	-0.35369542	0.7236231	1.0	False	liver	mid	enformer
2772	-12.923164	80.33258	93.255745	-0.3536907	0.72362655	1.0	False	liver	mid	enformer
3073	-12.922867	80.33094	93.25381	-0.35368955	0.72362745	1.0	False	liver	mid	enformer
1770	-12.922951	80.331955	93.254906	-0.3536878	0.7236288	1.0	False	liver	mid	enformer
3346	-12.9229355	80.33236	93.255295	-0.35368574	0.72363037	1.0	False	liver	mid	enformer
5455	-12.922264	80.32937	93.25163	-0.35368112	0.7236338	1.0	False	liver	mid	enformer
4713	-12.922783	80.33257	93.255356	-0.35368094	0.72363394	1.0	False	liver	mid	enformer
2867	-12.921646	80.32898	93.250626	-0.35366604	0.72364515	1.0	False	liver	mid	enformer
2705	-12.920937	80.33686	93.2578	-0.35361707	0.7236818	1.0	False	liver	mid	enformer
1872	-12.920853	80.336914	93.25777	-0.3536147	0.7236836	1.0	False	liver	mid	enformer
4497	-12.91674	80.31995	93.23669	-0.3535781	0.723711	1.0	False	liver	mid	enformer
751	-12.916885	80.3209	93.237785	-0.35357797	0.72371113	1.0	False	liver	mid	enformer
5876	-12.916649	80.319916	93.236565	-0.35357586	0.7237127	1.0	False	liver	mid	enformer
4731	-12.917183	80.3363	93.25349	-0.35352075	0.723754	1.0	False	liver	mid	enformer
884	-12.916222	80.331345	93.24757	-0.35351643	0.72375727	1.0	False	liver	mid	enformer
1457	-12.91465	80.329285	93.243935	-0.35348576	0.7237802	1.0	False	liver	mid	enformer
2952	-12.9146805	80.32965	93.24433	-0.35348505	0.72378075	1.0	False	liver	mid	enformer
1284	-12.914467	80.32945	93.24392	-0.3534804	0.72378427	1.0	False	liver	mid	enformer
781	-12.913551	80.33915	93.2527	-0.35341632	0.72383225	1.0	False	liver	mid	enformer
5877	-12.912315	80.33174	93.24406	-0.35341495	0.72383326	1.0	False	liver	mid	enformer
4156	-12.913475	80.33911	93.25259	-0.3534145	0.7238337	1.0	False	liver	mid	enformer
821	-12.913483	80.3401	93.253586	-0.35341144	0.7238359	1.0	False	liver	mid	enformer
5619	-12.916077	80.35589	93.271965	-0.3534108	0.72383636	1.0	False	liver	mid	enformer
5599	-12.913536	80.341125	93.25466	-0.35340863	0.72383803	1.0	False	liver	mid	enformer
2876	-12.913681	80.342186	93.25587	-0.35340804	0.72383845	1.0	False	liver	mid	enformer
4676	-12.913216	80.3399	93.25311	-0.3534054	0.7238404	1.0	False	liver	mid	enformer
2663	-12.9133835	80.34097	93.25436	-0.35340527	0.7238405	1.0	False	liver	mid	enformer
4429	-12.913322	80.34077	93.25409	-0.35340458	0.723841	1.0	False	liver	mid	enformer
3606	-12.911636	80.333824	93.24546	-0.35338902	0.7238527	1.0	False	liver	mid	enformer
748	-12.913269	80.34436	93.25763	-0.35338652	0.7238546	1.0	False	liver	mid	enformer
2033	-12.912338	80.338936	93.251274	-0.35338482	0.72385585	1.0	False	liver	mid	enformer
4478	-12.912003	80.33703	93.24903	-0.353384	0.72385645	1.0	False	liver	mid	enformer
1901	-12.911827	80.336395	93.24822	-0.35338208	0.7238579	1.0	False	liver	mid	enformer
3365	-12.911697	80.33697	93.248665	-0.35337636	0.72386223	1.0	False	liver	mid	enformer
5250	-12.914017	80.354164	93.26818	-0.35336447	0.72387105	1.0	False	liver	mid	enformer
5370	-12.908798	80.34336	93.25216	-0.35327536	0.72393787	1.0	False	liver	mid	enformer
1388	-12.907883	80.33832	93.2462	-0.3532724	0.7239401	1.0	False	liver	mid	enformer
4711	-12.908844	80.344505	93.25335	-0.3532717	0.7239407	1.0	False	liver	mid	enformer
4472	-12.908768	80.34484	93.25361	-0.35326838	0.7239431	1.0	False	liver	mid	enformer
6059	-12.908806	80.345116	93.25392	-0.35326824	0.72394323	1.0	False	liver	mid	enformer
2405	-12.906715	80.33818	93.244896	-0.35324353	0.7239618	1.0	False	liver	mid	enformer
3449	-12.900307	80.33557	93.23588	-0.35308677	0.7240792	1.0	False	liver	mid	enformer
3115	-12.90052	80.33761	93.23813	-0.35308397	0.72408146	1.0	False	liver	mid	enformer
1730	-12.900253	80.33641	93.236664	-0.353082	0.7240828	1.0	False	liver	mid	enformer
3338	-12.900246	80.336716	93.23696	-0.35308054	0.7240839	1.0	False	liver	mid	enformer
1024	-12.90007	80.3357	93.23577	-0.35308015	0.72408426	1.0	False	liver	mid	enformer
6062	-12.90033	80.3375	93.23783	-0.3530794	0.7240848	1.0	False	liver	mid	enformer
3271	-12.891029	80.339554	93.23058	-0.3528317	0.7242704	1.0	False	liver	mid	enformer
3618	-12.892273	80.34784	93.24011	-0.3528298	0.7242719	1.0	False	liver	mid	enformer
5513	-12.89093	80.33968	93.23061	-0.35282865	0.7242728	1.0	False	liver	mid	enformer
3550	-12.890823	80.33925	93.23007	-0.3528276	0.7242735	1.0	False	liver	mid	enformer
3302	-12.890671	80.33846	93.22913	-0.3528269	0.72427404	1.0	False	liver	mid	enformer
5267	-12.890617	80.33826	93.228874	-0.35282636	0.72427446	1.0	False	liver	mid	enformer
4575	-12.891937	80.34759	93.239525	-0.35282218	0.72427756	1.0	False	liver	mid	enformer
1581	-12.890518	80.33877	93.22929	-0.35282177	0.72427785	1.0	False	liver	mid	enformer
5255	-12.885132	80.34987	93.235	-0.3526366	0.72441673	1.0	False	liver	mid	enformer
2321	-12.872238	80.343956	93.216194	-0.35232863	0.7246475	1.0	False	liver	mid	enformer
853	-11.710846	70.23876	81.94961	-0.34187695	0.7324973	1.0	False	liver	mid	enformer
3280	-11.706879	70.24175	81.94863	-0.34175438	0.73258936	1.0	False	liver	mid	enformer
4512	-11.705231	70.236595	81.941826	-0.34173244	0.73260593	1.0	False	liver	mid	enformer
1500	-11.704369	70.231735	81.936104	-0.34173077	0.7326071	1.0	False	liver	mid	enformer
5004	-11.705254	70.23723	81.94248	-0.34173015	0.73260766	1.0	False	liver	mid	enformer
5	-11.705162	70.23724	81.942406	-0.34172764	0.7326095	1.0	False	liver	mid	enformer
2914	-11.705154	70.23744	81.9426	-0.34172645	0.7326104	1.0	False	liver	mid	enformer
6097	-11.706139	70.25897	81.96511	-0.34165436	0.73266464	1.0	False	liver	mid	enformer
3369	-11.702454	70.23717	81.93962	-0.34165317	0.73266554	1.0	False	liver	mid	enformer
1576	-11.703369	70.2434	81.94677	-0.34165007	0.73266786	1.0	False	liver	mid	enformer
4455	-11.696922	70.20471	81.901634	-0.34165013	0.73266786	1.0	False	liver	mid	enformer
2151	-11.69577	70.19828	81.89405	-0.34164754	0.7326698	1.0	False	liver	mid	enformer
2644	-11.697456	70.20985	81.9073	-0.34163925	0.73267597	1.0	False	liver	mid	enformer
3559	-11.698135	70.214035	81.91217	-0.34163892	0.73267627	1.0	False	liver	mid	enformer
1119	-11.6981735	70.21491	81.913086	-0.341636	0.7326784	1.0	False	liver	mid	enformer
4763	-11.698151	70.215225	81.913376	-0.341634	0.7326799	1.0	False	liver	mid	enformer
2106	-11.697914	70.213844	81.91176	-0.3416337	0.7326802	1.0	False	liver	mid	enformer
1236	-11.698212	70.21569	81.9139	-0.34163353	0.7326804	1.0	False	liver	mid	enformer
4970	-11.697945	70.214386	81.91233	-0.3416321	0.73268133	1.0	False	liver	mid	enformer
5410	-11.69709	70.22518	81.92227	-0.3415597	0.73273593	1.0	False	liver	mid	enformer
4938	-11.698257	70.23238	81.93064	-0.34155846	0.7327369	1.0	False	liver	mid	enformer
4359	-11.697105	70.22591	81.92301	-0.34155685	0.7327381	1.0	False	liver	mid	enformer
1663	-11.698158	70.23579	81.933945	-0.34154138	0.73274964	1.0	False	liver	mid	enformer
5325	-11.698036	70.23513	81.93317	-0.34154096	0.73274994	1.0	False	liver	mid	enformer
5224	-11.698036	70.2363	81.93433	-0.34153575	0.7327539	1.0	False	liver	mid	enformer
3982	-11.6948395	70.22	81.91484	-0.34152177	0.7327644	1.0	False	liver	mid	enformer
461	-11.692703	70.20828	81.900986	-0.34151784	0.7327673	1.0	False	liver	mid	enformer
263	-11.690437	70.1945	81.88494	-0.3415179	0.7327673	1.0	False	liver	mid	enformer
3113	-11.692574	70.207825	81.9004	-0.3415163	0.73276854	1.0	False	liver	mid	enformer
4410	-11.692322	70.20665	81.89897	-0.34151468	0.7327698	1.0	False	liver	mid	enformer
5357	-11.692406	70.20842	81.900826	-0.34150904	0.732774	1.0	False	liver	mid	enformer
1007	-11.697884	70.25098	81.94886	-0.3414637	0.7328081	1.0	False	liver	mid	enformer
5175	-11.697617	70.2507	81.94832	-0.34145764	0.73281264	1.0	False	liver	mid	enformer
5203	-11.689247	70.2111	81.900345	-0.3414084	0.7328497	1.0	False	liver	mid	enformer
1023	-11.689278	70.21141	81.90069	-0.3414079	0.7328501	1.0	False	liver	mid	enformer
2274	-11.689423	70.2208	81.910225	-0.34136897	0.7328794	1.0	False	liver	mid	enformer
5503	-11.687721	70.22213	81.90985	-0.34131688	0.73291856	1.0	False	liver	mid	enformer
4426	-11.6901245	70.2445	81.93462	-0.3412816	0.73294514	1.0	False	liver	mid	enformer
5798	-11.691742	70.25832	81.950066	-0.34126192	0.73296	1.0	False	liver	mid	enformer
3587	-11.691544	70.25793	81.94947	-0.34125826	0.73296267	1.0	False	liver	mid	enformer
3125	-11.682785	70.21564	81.89842	-0.34121233	0.73299736	1.0	False	liver	mid	enformer
5078	-11.68325	70.218	81.90125	-0.34121192	0.73299754	1.0	False	liver	mid	enformer
2941	-11.682297	70.2128	81.895096	-0.34121	0.732999	1.0	False	liver	mid	enformer
451	-11.687126	70.242966	81.93009	-0.34120628	0.7330018	1.0	False	liver	mid	enformer
5115	-11.689499	70.270065	81.959564	-0.34114614	0.733047	1.0	False	liver	mid	enformer
2250	-11.687187	70.2568	81.943985	-0.34114352	0.733049	1.0	False	liver	mid	enformer
1559	-11.689339	70.269905	81.95924	-0.3411425	0.7330498	1.0	False	liver	mid	enformer
1712	-11.689407	70.2736	81.963005	-0.34112942	0.7330597	1.0	False	liver	mid	enformer
5861	-11.689308	70.27328	81.962585	-0.3411282	0.73306054	1.0	False	liver	mid	enformer
1084	-11.687363	70.2684	81.955765	-0.34109542	0.7330853	1.0	False	liver	mid	enformer
1603	-11.687416	70.26914	81.95656	-0.34109357	0.7330866	1.0	False	liver	mid	enformer
188	-11.68914	70.283134	81.972275	-0.34107906	0.7330976	1.0	False	liver	mid	enformer
6029	-11.688049	70.27651	81.96456	-0.34107894	0.7330977	1.0	False	liver	mid	enformer
911	-11.688072	70.2772	81.96527	-0.3410765	0.7330996	1.0	False	liver	mid	enformer
3438	-11.68174	70.2393	81.92104	-0.3410748	0.73310083	1.0	False	liver	mid	enformer
5775	-11.688927	70.28308	81.97201	-0.34107348	0.73310184	1.0	False	liver	mid	enformer
4404	-11.68158	70.23869	81.92027	-0.34107316	0.733102	1.0	False	liver	mid	enformer
3331	-11.681625	70.23908	81.92071	-0.34107313	0.733102	1.0	False	liver	mid	enformer
1700	-11.681633	70.23957	81.9212	-0.3410707	0.7331038	1.0	False	liver	mid	enformer
1216	-11.687325	70.27769	81.96501	-0.34105092	0.7331188	1.0	False	liver	mid	enformer
1354	-11.68911	70.290054	81.979164	-0.34104556	0.7331228	1.0	False	liver	mid	enformer
2365	-11.681129	70.24701	81.92814	-0.341023	0.7331398	1.0	False	liver	mid	enformer
386	-11.681061	70.24773	81.92879	-0.3410179	0.7331436	1.0	False	liver	mid	enformer
1247	-11.680237	70.249344	81.92958	-0.34098786	0.7331662	1.0	False	liver	mid	enformer
1187	-11.680832	70.2555	81.93633	-0.34097683	0.7331745	1.0	False	liver	mid	enformer
805	-11.680885	70.25611	81.937	-0.34097546	0.7331756	1.0	False	liver	mid	enformer
3748	-11.677666	70.24456	81.922226	-0.34093845	0.7332034	1.0	False	liver	mid	enformer
3907	-11.677605	70.24476	81.92236	-0.34093586	0.7332054	1.0	False	liver	mid	enformer
375	-11.682892	70.28388	81.966774	-0.34090272	0.7332304	1.0	False	liver	mid	enformer
5142	-11.6824875	70.28195	81.96444	-0.34090024	0.73323226	1.0	False	liver	mid	enformer
5214	-11.682587	70.28295	81.96554	-0.3408984	0.7332337	1.0	False	liver	mid	enformer
2482	-11.68248	70.2825	81.96498	-0.3408976	0.7332342	1.0	False	liver	mid	enformer
1480	-11.682243	70.28191	81.96416	-0.34089372	0.73323715	1.0	False	liver	mid	enformer
3884	-11.682236	70.28329	81.96552	-0.3408861	0.73324287	1.0	False	liver	mid	enformer
5351	-11.688591	70.33154	82.020134	-0.3408435	0.733275	1.0	False	liver	mid	enformer
834	-11.687225	70.32971	82.01694	-0.34081307	0.7332979	1.0	False	liver	mid	enformer
1336	-11.683403	70.30683	81.990234	-0.34081152	0.733299	1.0	False	liver	mid	enformer
517	-11.686012	70.327194	82.01321	-0.3407921	0.7333136	1.0	False	liver	mid	enformer
3791	-11.684227	70.31931	82.00354	-0.3407784	0.733324	1.0	False	liver	mid	enformer
3976	-11.68277	70.31253	81.9953	-0.3407701	0.7333302	1.0	False	liver	mid	enformer
3811	-11.680466	70.29885	81.97932	-0.34076825	0.7333316	1.0	False	liver	mid	enformer
5116	-11.681839	70.32821	82.01005	-0.34067306	0.7334032	1.0	False	liver	mid	enformer
1689	-11.6723175	70.283905	81.95622	-0.34061223	0.733449	1.0	False	liver	mid	enformer
2348	-11.67244	70.2848	81.95724	-0.34061158	0.7334495	1.0	False	liver	mid	enformer
5384	-11.668854	70.265	81.93385	-0.34060204	0.7334567	1.0	False	liver	mid	enformer
4388	-11.669594	70.2697	81.93929	-0.34060112	0.7334574	1.0	False	liver	mid	enformer
4269	-11.672752	70.30707	81.97982	-0.34051973	0.7335186	1.0	False	liver	mid	enformer
2208	-11.673363	70.31157	81.98493	-0.34051633	0.73352116	1.0	False	liver	mid	enformer
4968	-11.672356	70.305824	81.97818	-0.34051448	0.73352253	1.0	False	liver	mid	enformer
3204	-11.673279	70.31167	81.98495	-0.34051353	0.7335233	1.0	False	liver	mid	enformer
3181	-11.673195	70.31131	81.984505	-0.34051287	0.7335238	1.0	False	liver	mid	enformer
1437	-11.672035	70.30441	81.97645	-0.34051204	0.73352444	1.0	False	liver	mid	enformer
4038	-11.674438	70.32047	81.99491	-0.34050447	0.73353016	1.0	False	liver	mid	enformer
3696	-11.672714	70.31045	81.98316	-0.34050313	0.7335311	1.0	False	liver	mid	enformer
3233	-11.674324	70.32114	81.99546	-0.34049833	0.73353475	1.0	False	liver	mid	enformer
1449	-11.672485	70.31015	81.982635	-0.34049815	0.7335349	1.0	False	liver	mid	enformer
2623	-11.674355	70.32185	81.99621	-0.3404959	0.7335366	1.0	False	liver	mid	enformer
4872	-11.671753	70.307976	81.97973	-0.3404872	0.73354316	1.0	False	liver	mid	enformer
4722	-11.671761	70.308624	81.980385	-0.34048444	0.73354524	1.0	False	liver	mid	enformer
3698	-11.671669	70.3082	81.979866	-0.34048396	0.7335456	1.0	False	liver	mid	enformer
6020	-11.671753	70.30873	81.980484	-0.34048375	0.7335458	1.0	False	liver	mid	enformer
5425	-11.671608	70.30807	81.979675	-0.3404828	0.73354644	1.0	False	liver	mid	enformer
4729	-11.671585	70.30798	81.97957	-0.34048253	0.7335467	1.0	False	liver	mid	enformer
5980	-11.671555	70.30803	81.97958	-0.3404815	0.73354745	1.0	False	liver	mid	enformer
3588	-11.671356	70.30729	81.978645	-0.34047934	0.73354906	1.0	False	liver	mid	enformer
1049	-11.672134	70.32884	82.00098	-0.34040412	0.7336057	1.0	False	liver	mid	enformer
1057	-11.669952	70.320564	81.99052	-0.3403805	0.73362345	1.0	False	liver	mid	enformer
147	-11.668297	70.32082	81.98912	-0.34033337	0.733659	1.0	False	liver	mid	enformer
831	-11.668663	70.32426	81.99292	-0.34032795	0.7336631	1.0	False	liver	mid	enformer
5270	-11.665146	70.30385	81.968994	-0.3403246	0.7336656	1.0	False	liver	mid	enformer
3293	-11.664993	70.30422	81.969215	-0.3403187	0.73366994	1.0	False	liver	mid	enformer
5133	-11.666023	70.32226	81.98828	-0.3402664	0.7337094	1.0	False	liver	mid	enformer
3047	-11.665558	70.32552	81.99108	-0.34023792	0.73373085	1.0	False	liver	mid	enformer
3111	-11.659241	70.302574	81.961815	-0.340168	0.7337835	1.0	False	liver	mid	enformer
5082	-11.658325	70.29759	81.95592	-0.34016523	0.73378557	1.0	False	liver	mid	enformer
3309	-11.659119	70.30311	81.96223	-0.34016222	0.73378783	1.0	False	liver	mid	enformer
4619	-11.662132	70.329735	81.99187	-0.3401253	0.73381567	1.0	False	liver	mid	enformer
4710	-11.661171	70.32483	81.986	-0.34012106	0.73381877	1.0	False	liver	mid	enformer
6123	-11.662201	70.3312	81.9934	-0.34012055	0.7338191	1.0	False	liver	mid	enformer
1760	-11.665344	70.362854	82.0282	-0.34006202	0.73386323	1.0	False	liver	mid	enformer
5610	-11.661247	70.35815	82.019394	-0.33997196	0.733931	1.0	False	liver	mid	enformer
4470	-11.65197	70.30904	81.961006	-0.3399389	0.7339559	1.0	False	liver	mid	enformer
5649	-11.655571	70.33251	81.98808	-0.33993286	0.73396045	1.0	False	liver	mid	enformer
1237	-11.657845	70.348045	82.00589	-0.33992395	0.7339672	1.0	False	liver	mid	enformer
1788	-11.656364	70.339745	81.99611	-0.33992139	0.73396915	1.0	False	liver	mid	enformer
5067	-11.656395	70.34021	81.996605	-0.33992007	0.7339701	1.0	False	liver	mid	enformer
2341	-11.656265	70.34003	81.99629	-0.33991733	0.73397225	1.0	False	liver	mid	enformer
342	-11.6560135	70.33892	81.994934	-0.33991545	0.7339737	1.0	False	liver	mid	enformer
2496	-11.659706	70.36276	82.02247	-0.3399086	0.73397875	1.0	False	liver	mid	enformer
3257	-11.659843	70.36385	82.0237	-0.3399075	0.7339796	1.0	False	liver	mid	enformer
356	-11.659569	70.363174	82.02274	-0.339903	0.733983	1.0	False	liver	mid	enformer
3686	-11.652985	70.32763	81.98061	-0.33988312	0.733998	1.0	False	liver	mid	enformer
1893	-11.652817	70.32756	81.98038	-0.3398788	0.7340012	1.0	False	liver	mid	enformer
5221	-11.652748	70.32726	81.98001	-0.33987826	0.7340017	1.0	False	liver	mid	enformer
2813	-11.649887	70.309746	81.95963	-0.33987713	0.7340025	1.0	False	liver	mid	enformer
1580	-11.652588	70.32663	81.97922	-0.3398767	0.7340028	1.0	False	liver	mid	enformer
1352	-11.654976	70.345665	82.00064	-0.33985475	0.7340193	1.0	False	liver	mid	enformer
4906	-11.653748	70.342545	81.99629	-0.3398375	0.7340323	1.0	False	liver	mid	enformer
2780	-11.653603	70.34193	81.99553	-0.33983687	0.7340328	1.0	False	liver	mid	enformer
1382	-11.653679	70.34248	81.99616	-0.3398359	0.7340335	1.0	False	liver	mid	enformer
127	-11.653465	70.34138	81.99484	-0.33983555	0.7340338	1.0	False	liver	mid	enformer
311	-11.653641	70.34237	81.99601	-0.33983538	0.73403394	1.0	False	liver	mid	enformer
524	-11.653526	70.34223	81.99576	-0.3398328	0.7340359	1.0	False	liver	mid	enformer
1334	-11.653297	70.345634	81.99893	-0.33981076	0.7340524	1.0	False	liver	mid	enformer
171	-11.657341	70.37204	82.02938	-0.3397987	0.7340615	1.0	False	liver	mid	enformer
4677	-11.651016	70.33469	81.9857	-0.3397981	0.73406196	1.0	False	liver	mid	enformer
4889	-11.650948	70.33461	81.98556	-0.3397965	0.7340631	1.0	False	liver	mid	enformer
943	-11.649818	70.32784	81.97766	-0.33979592	0.7340635	1.0	False	liver	mid	enformer
4853	-11.6510315	70.335266	81.9863	-0.33979583	0.7340636	1.0	False	liver	mid	enformer
2373	-11.650887	70.33443	81.98531	-0.33979568	0.73406374	1.0	False	liver	mid	enformer
4213	-11.649544	70.32642	81.97597	-0.33979478	0.73406446	1.0	False	liver	mid	enformer
5724	-11.650841	70.33437	81.985214	-0.33979464	0.7340645	1.0	False	liver	mid	enformer
5732	-11.650795	70.334404	81.9852	-0.33979332	0.7340656	1.0	False	liver	mid	enformer
1858	-11.650642	70.333626	81.98427	-0.33979252	0.7340662	1.0	False	liver	mid	enformer
2672	-11.650742	70.33464	81.98538	-0.3397907	0.7340675	1.0	False	liver	mid	enformer
4991	-11.651039	70.34382	81.99486	-0.3397564	0.73409337	1.0	False	liver	mid	enformer
5800	-11.650848	70.34296	81.993805	-0.33975506	0.7340943	1.0	False	liver	mid	enformer
6085	-11.650993	70.34442	81.995415	-0.3397524	0.73409635	1.0	False	liver	mid	enformer
2735	-11.651108	70.346855	81.99796	-0.33974475	0.7341022	1.0	False	liver	mid	enformer
825	-11.65094	70.34596	81.9969	-0.33974335	0.7341032	1.0	False	liver	mid	enformer
4732	-11.651939	70.35237	82.00431	-0.33974266	0.73410374	1.0	False	liver	mid	enformer
835	-11.6517105	70.3514	82.00311	-0.33974072	0.73410517	1.0	False	liver	mid	enformer
3283	-11.650566	70.3448	81.99537	-0.3397391	0.73410636	1.0	False	liver	mid	enformer
1723	-11.654358	70.37072	82.02508	-0.3397233	0.7341182	1.0	False	liver	mid	enformer
5072	-11.650726	70.353905	82.00463	-0.33970174	0.7341345	1.0	False	liver	mid	enformer
438	-11.645134	70.32152	81.96665	-0.3396914	0.7341423	1.0	False	liver	mid	enformer
1545	-11.646004	70.32895	81.97495	-0.33968577	0.73414654	1.0	False	liver	mid	enformer
1446	-11.644905	70.3215	81.96641	-0.3396852	0.73414695	1.0	False	liver	mid	enformer
1528	-11.645096	70.32376	81.96886	-0.33968416	0.7341477	1.0	False	liver	mid	enformer
5022	-11.646042	70.32962	81.97566	-0.33968383	0.734148	1.0	False	liver	mid	enformer
5669	-11.651764	70.36563	82.017395	-0.33967784	0.73415244	1.0	False	liver	mid	enformer
893	-11.646805	70.33578	81.98258	-0.33967713	0.73415303	1.0	False	liver	mid	enformer
599	-11.646896	70.33678	81.98367	-0.33967513	0.7341545	1.0	False	liver	mid	enformer
1610	-11.645714	70.32956	81.97527	-0.3396751	0.7341546	1.0	False	liver	mid	enformer
4757	-11.645523	70.32859	81.97411	-0.33967417	0.7341553	1.0	False	liver	mid	enformer
3760	-11.645538	70.34823	81.99377	-0.33958578	0.7342219	1.0	False	liver	mid	enformer
3252	-11.645149	70.35212	81.99727	-0.33955655	0.73424387	1.0	False	liver	mid	enformer
4567	-11.6451645	70.35223	81.99739	-0.33955655	0.73424387	1.0	False	liver	mid	enformer
2026	-11.643547	70.35387	81.99741	-0.33950585	0.734282	1.0	False	liver	mid	enformer
746	-11.645172	70.3725	82.01767	-0.33946273	0.73431444	1.0	False	liver	mid	enformer
3676	-11.64315	70.362526	82.00568	-0.33945444	0.7343207	1.0	False	liver	mid	enformer
5251	-11.641617	70.37289	82.0145	-0.33936453	0.7343884	1.0	False	liver	mid	enformer
908	-11.634735	70.33793	81.972664	-0.33933482	0.7344108	1.0	False	liver	mid	enformer
4159	-11.636818	70.35181	81.988625	-0.33932912	0.7344151	1.0	False	liver	mid	enformer
6045	-11.636856	70.370094	82.00695	-0.33924782	0.7344763	1.0	False	liver	mid	enformer
5167	-11.6364975	70.36842	82.00492	-0.33924624	0.7344775	1.0	False	liver	mid	enformer
2030	-11.636467	70.36886	82.005325	-0.3392434	0.73447967	1.0	False	liver	mid	enformer
426	-11.636253	70.36773	82.00398	-0.33924264	0.73448026	1.0	False	liver	mid	enformer
863	-11.637352	70.375114	82.01247	-0.33923706	0.73448443	1.0	False	liver	mid	enformer
4586	-11.63295	70.35479	81.98774	-0.33920893	0.7345056	1.0	False	liver	mid	enformer
4787	-11.632881	70.35486	81.98774	-0.33920863	0.7345058	1.0	False	liver	mid	enformer
1594	-11.63385	70.38255	82.0164	-0.33910722	0.7345822	1.0	False	liver	mid	enformer
357	-11.626854	70.34802	81.97488	-0.33907193	0.73460877	1.0	False	liver	mid	enformer
5842	-11.627838	70.3735	82.001335	-0.33898285	0.7346759	1.0	False	liver	mid	enformer
962	-11.627663	70.37396	82.001625	-0.33897597	0.7346811	1.0	False	liver	mid	enformer
3356	-11.629478	70.3854	82.01488	-0.3389745	0.7346822	1.0	False	liver	mid	enformer
992	-11.626343	70.36702	81.99336	-0.33897355	0.7346829	1.0	False	liver	mid	enformer
2426	-11.627518	70.37378	82.0013	-0.33897284	0.73468345	1.0	False	liver	mid	enformer
1460	-11.628426	70.37938	82.007805	-0.33897266	0.73468363	1.0	False	liver	mid	enformer
417	-11.627335	70.37288	82.00021	-0.33897173	0.73468435	1.0	False	liver	mid	enformer
2297	-11.625847	70.36808	81.99393	-0.3389547	0.7346971	1.0	False	liver	mid	enformer
793	-11.621017	70.374626	81.99564	-0.33879	0.73482114	1.0	False	liver	mid	enformer
2331	-11.611397	70.368256	81.97965	-0.33855718	0.7349965	1.0	False	liver	mid	enformer
4625	-11.563988	70.43191	81.995895	-0.33696738	0.73619443	1.0	False	liver	mid	enformer
5614	-11.56366	70.43065	81.99431	-0.33696395	0.736197	1.0	False	liver	mid	enformer
1717	10.624756	70.093185	59.46843	0.3283109	0.74273455	1.0	False	liver	mid	enformer
2231	10.624863	70.094315	59.46945	0.32830885	0.74273616	1.0	False	liver	mid	enformer
3849	10.624821	70.09412	59.469296	0.32830846	0.7427364	1.0	False	liver	mid	enformer
4310	10.624775	70.09409	59.46932	0.32830703	0.74273753	1.0	False	liver	mid	enformer
5208	10.624832	70.0945	59.469666	0.32830694	0.7427376	1.0	False	liver	mid	enformer
3088	10.624737	70.093895	59.46916	0.3283068	0.74273765	1.0	False	liver	mid	enformer
3711	10.624825	70.09451	59.46969	0.3283066	0.7427378	1.0	False	liver	mid	enformer
4852	10.624802	70.09441	59.469612	0.32830635	0.742738	1.0	False	liver	mid	enformer
4656	10.62484	70.09468	59.46984	0.32830626	0.74273807	1.0	False	liver	mid	enformer
601	10.624676	70.093605	59.46893	0.32830626	0.74273807	1.0	False	liver	mid	enformer
3703	10.624775	70.094284	59.46951	0.32830608	0.7427382	1.0	False	liver	mid	enformer
1357	10.624744	70.09407	59.469326	0.32830617	0.7427382	1.0	False	liver	mid	enformer
412	10.624737	70.0941	59.469364	0.32830578	0.7427384	1.0	False	liver	mid	enformer
3602	10.623566	70.08683	59.463264	0.32830587	0.7427384	1.0	False	liver	mid	enformer
5121	10.624393	70.09183	59.467434	0.32830566	0.74273854	1.0	False	liver	mid	enformer
1575	10.624687	70.09383	59.46914	0.32830554	0.74273866	1.0	False	liver	mid	enformer
650	10.624744	70.0942	59.469456	0.3283055	0.74273866	1.0	False	liver	mid	enformer
5069	10.623688	70.0877	59.464012	0.3283055	0.74273866	1.0	False	liver	mid	enformer
2809	10.6246605	70.09368	59.46902	0.32830533	0.7427387	1.0	False	liver	mid	enformer
5969	10.624756	70.09435	59.469597	0.32830513	0.74273896	1.0	False	liver	mid	enformer
1620	10.624802	70.09467	59.46987	0.32830507	0.74273896	1.0	False	liver	mid	enformer
1540	10.624702	70.09404	59.469337	0.32830495	0.7427391	1.0	False	liver	mid	enformer
1678	10.624683	70.09392	59.469234	0.32830492	0.7427391	1.0	False	liver	mid	enformer
2117	10.624786	70.09462	59.469833	0.3283048	0.7427392	1.0	False	liver	mid	enformer
3717	10.623512	70.08669	59.46318	0.32830474	0.74273926	1.0	False	liver	mid	enformer
2072	10.623474	70.08644	59.462967	0.32830474	0.74273926	1.0	False	liver	mid	enformer
3689	10.624619	70.09355	59.468933	0.32830456	0.7427393	1.0	False	liver	mid	enformer
5867	10.624737	70.09436	59.469624	0.3283045	0.74273944	1.0	False	liver	mid	enformer
5334	10.624729	70.09438	59.469654	0.32830408	0.74273974	1.0	False	liver	mid	enformer
1062	10.624649	70.093925	59.469276	0.32830375	0.74274	1.0	False	liver	mid	enformer
5772	10.623402	70.08618	59.46278	0.32830358	0.7427401	1.0	False	liver	mid	enformer
2353	10.624519	70.09312	59.468597	0.32830343	0.7427402	1.0	False	liver	mid	enformer
3336	10.624737	70.09459	59.469852	0.3283034	0.7427402	1.0	False	liver	mid	enformer
407	10.624542	70.09327	59.468727	0.3283035	0.7427402	1.0	False	liver	mid	enformer
6110	10.624664	70.09409	59.46943	0.32830343	0.7427402	1.0	False	liver	mid	enformer
1494	10.62471	70.094444	59.469734	0.32830322	0.7427404	1.0	False	liver	mid	enformer
3282	10.624619	70.09384	59.469223	0.3283032	0.74274045	1.0	False	liver	mid	enformer
1920	10.624569	70.09351	59.468945	0.32830316	0.74274045	1.0	False	liver	mid	enformer
5598	10.624527	70.09328	59.46875	0.32830298	0.7427406	1.0	False	liver	mid	enformer
1087	10.623486	70.08685	59.463367	0.32830307	0.7427406	1.0	False	liver	mid	enformer
1398	10.624641	70.09401	59.469368	0.3283031	0.7427406	1.0	False	liver	mid	enformer
4091	10.623455	70.08671	59.463253	0.3283028	0.7427407	1.0	False	liver	mid	enformer
2540	10.624584	70.09373	59.469143	0.32830262	0.7427408	1.0	False	liver	mid	enformer
4623	10.623539	70.0873	59.463764	0.3283026	0.7427408	1.0	False	liver	mid	enformer
2909	10.624615	70.0939	59.469288	0.32830274	0.7427408	1.0	False	liver	mid	enformer
1608	10.624622	70.09402	59.469395	0.32830244	0.742741	1.0	False	liver	mid	enformer
5654	10.624603	70.09391	59.469307	0.32830235	0.74274105	1.0	False	liver	mid	enformer
81	10.624672	70.094376	59.469704	0.32830226	0.7427411	1.0	False	liver	mid	enformer
4367	10.624626	70.09407	59.469444	0.32830223	0.7427411	1.0	False	liver	mid	enformer
2700	10.623501	70.08711	59.46361	0.32830226	0.7427411	1.0	False	liver	mid	enformer
5352	10.624706	70.09459	59.469883	0.3283023	0.7427411	1.0	False	liver	mid	enformer
1118	10.624653	70.09428	59.469624	0.32830215	0.7427412	1.0	False	liver	mid	enformer
2277	10.62468	70.09446	59.46978	0.3283021	0.7427412	1.0	False	liver	mid	enformer
2665	10.623489	70.08714	59.463654	0.32830176	0.74274147	1.0	False	liver	mid	enformer
5816	10.624626	70.09416	59.469536	0.32830182	0.74274147	1.0	False	liver	mid	enformer
5509	10.624577	70.09382	59.469242	0.32830185	0.74274147	1.0	False	liver	mid	enformer
4779	10.624641	70.09427	59.469627	0.3283018	0.74274147	1.0	False	liver	mid	enformer
3937	10.624569	70.09377	59.469204	0.32830188	0.74274147	1.0	False	liver	mid	enformer
2619	10.624622	70.09416	59.46954	0.32830176	0.7427415	1.0	False	liver	mid	enformer
2520	10.62455	70.0937	59.469147	0.32830164	0.7427416	1.0	False	liver	mid	enformer
2617	10.624622	70.09419	59.46957	0.32830155	0.7427417	1.0	False	liver	mid	enformer
2296	10.624649	70.094376	59.469727	0.32830152	0.7427417	1.0	False	liver	mid	enformer
5081	10.624233	70.09162	59.46739	0.32830146	0.7427417	1.0	False	liver	mid	enformer
4653	10.62458	70.09397	59.46939	0.3283013	0.74274176	1.0	False	liver	mid	enformer
5362	10.6246605	70.0945	59.469837	0.3283013	0.7427418	1.0	False	liver	mid	enformer
738	10.623417	70.08677	59.463352	0.32830125	0.7427419	1.0	False	liver	mid	enformer
1841	10.624607	70.094185	59.469578	0.32830113	0.7427419	1.0	False	liver	mid	enformer
5751	10.624542	70.09373	59.469185	0.3283012	0.7427419	1.0	False	liver	mid	enformer
3815	10.62455	70.09378	59.46923	0.32830122	0.7427419	1.0	False	liver	mid	enformer
4423	10.624638	70.0944	59.46976	0.32830104	0.742742	1.0	False	liver	mid	enformer
2494	10.624592	70.09409	59.4695	0.32830107	0.742742	1.0	False	liver	mid	enformer
4035	10.624599	70.09421	59.46961	0.3283007	0.74274224	1.0	False	liver	mid	enformer
2942	10.623356	70.08646	59.4631	0.32830077	0.74274224	1.0	False	liver	mid	enformer
4120	10.624481	70.09343	59.46895	0.32830068	0.74274224	1.0	False	liver	mid	enformer
213	10.623417	70.0869	59.46348	0.3283006	0.74274236	1.0	False	liver	mid	enformer
5122	10.624409	70.09296	59.468548	0.32830063	0.74274236	1.0	False	liver	mid	enformer
4696	10.623409	70.08685	59.463444	0.32830057	0.74274236	1.0	False	liver	mid	enformer
2486	10.624577	70.09409	59.469517	0.32830057	0.74274236	1.0	False	liver	mid	enformer
3792	10.624531	70.09379	59.469257	0.32830054	0.7427424	1.0	False	liver	mid	enformer
1796	10.624508	70.09365	59.469143	0.32830045	0.7427425	1.0	False	liver	mid	enformer
3677	10.624588	70.094185	59.469597	0.32830045	0.7427425	1.0	False	liver	mid	enformer
5952	10.624603	70.094284	59.46968	0.32830045	0.7427425	1.0	False	liver	mid	enformer
4039	10.624546	70.09395	59.469402	0.32830027	0.7427426	1.0	False	liver	mid	enformer
5815	10.624439	70.093315	59.468876	0.32829988	0.7427429	1.0	False	liver	mid	enformer
2763	10.624508	70.09377	59.469265	0.32829988	0.7427429	1.0	False	liver	mid	enformer
2150	10.624432	70.09327	59.468838	0.32829985	0.7427429	1.0	False	liver	mid	enformer
4283	10.624504	70.09377	59.46927	0.32829976	0.74274296	1.0	False	liver	mid	enformer
4807	10.623451	70.0873	59.463852	0.32829973	0.742743	1.0	False	liver	mid	enformer
170	10.624504	70.093796	59.46929	0.3282996	0.7427431	1.0	False	liver	mid	enformer
1514	10.623638	70.08806	59.46442	0.32829946	0.7427432	1.0	False	liver	mid	enformer
4529	10.623367	70.08683	59.463463	0.3282993	0.74274325	1.0	False	liver	mid	enformer
2497	10.624596	70.09445	59.469856	0.3282994	0.74274325	1.0	False	liver	mid	enformer
4021	10.624275	70.09241	59.468132	0.32829896	0.7427436	1.0	False	liver	mid	enformer
633	10.624348	70.09299	59.46864	0.32829848	0.7427439	1.0	False	liver	mid	enformer
3574	10.623264	70.086334	59.46307	0.32829836	0.742744	1.0	False	liver	mid	enformer
5478	10.624332	70.09299	59.468655	0.32829797	0.7427443	1.0	False	liver	mid	enformer
1938	10.624508	70.09418	59.46967	0.32829785	0.7427444	1.0	False	liver	mid	enformer
199	10.624443	70.09381	59.469368	0.32829753	0.7427447	1.0	False	liver	mid	enformer
5747	10.62442	70.09373	59.469307	0.3282972	0.742745	1.0	False	liver	mid	enformer
1429	12.560196	100.15132	87.591125	0.32488957	0.7453217	1.0	False	liver	mid	enformer
4765	12.560104	100.15104	87.590935	0.324888	0.7453229	1.0	False	liver	mid	enformer
3741	12.5600815	100.15141	87.59133	0.3248861	0.74532425	1.0	False	liver	mid	enformer
2674	12.559814	100.15008	87.59026	0.32488334	0.7453264	1.0	False	liver	mid	enformer
526	12.556374	100.15692	87.60055	0.32476702	0.74541444	1.0	False	liver	mid	enformer
688	12.557312	100.16404	87.60673	0.3247662	0.7454151	1.0	False	liver	mid	enformer
739	12.55735	100.1647	87.60735	0.32476497	0.745416	1.0	False	liver	mid	enformer
988	12.5572815	100.16435	87.60707	0.32476428	0.74541646	1.0	False	liver	mid	enformer
5555	12.557129	100.163345	87.60622	0.3247635	0.74541706	1.0	False	liver	mid	enformer
4788	12.544922	100.14702	87.6021	0.32449102	0.7456233	1.0	False	liver	mid	enformer
5032	12.544846	100.14681	87.60197	0.32448965	0.74562436	1.0	False	liver	mid	enformer
2097	12.544746	100.14617	87.601425	0.32448912	0.7456247	1.0	False	liver	mid	enformer
4571	12.544823	100.14687	87.60205	0.3244888	0.7456249	1.0	False	liver	mid	enformer
2149	12.5448	100.146774	87.601974	0.32448858	0.74562514	1.0	False	liver	mid	enformer
4108	12.544739	100.14651	87.60177	0.32448778	0.74562573	1.0	False	liver	mid	enformer
4923	12.544777	100.14718	87.6024	0.32448652	0.74562675	1.0	False	liver	mid	enformer
1802	12.543785	100.13944	87.59566	0.3244857	0.7456273	1.0	False	liver	mid	enformer
5713	12.54483	100.14793	87.603096	0.3244855	0.74562746	1.0	False	liver	mid	enformer
493	12.544647	100.14649	87.601845	0.32448533	0.7456276	1.0	False	liver	mid	enformer
2269	12.544632	100.14671	87.60208	0.32448417	0.7456285	1.0	False	liver	mid	enformer
2078	12.543655	100.13896	87.59531	0.3244838	0.7456288	1.0	False	liver	mid	enformer
3560	12.543724	100.139725	87.596	0.32448307	0.7456293	1.0	False	liver	mid	enformer
654	12.544487	100.14626	87.601776	0.32448176	0.7456304	1.0	False	liver	mid	enformer
4585	12.544479	100.146484	87.602005	0.32448077	0.74563104	1.0	False	liver	mid	enformer
5622	12.537125	100.12702	87.5899	0.32434562	0.74573326	1.0	False	liver	mid	enformer
2366	12.525024	100.13828	87.61326	0.3239806	0.74600965	1.0	False	liver	mid	enformer
4524	12.524857	100.136955	87.6121	0.32398057	0.74600965	1.0	False	liver	mid	enformer
2553	12.524567	100.13542	87.610855	0.32397783	0.74601173	1.0	False	liver	mid	enformer
5742	12.524399	100.135284	87.610886	0.32397377	0.7460148	1.0	False	liver	mid	enformer
1097	12.5230255	100.13109	87.60806	0.32395032	0.7460325	1.0	False	liver	mid	enformer
3351	12.522774	100.13009	87.607315	0.32394683	0.74603516	1.0	False	liver	mid	enformer
5306	12.522865	100.13137	87.608505	0.32394502	0.7460366	1.0	False	liver	mid	enformer
2837	12.522644	100.13092	87.60828	0.32394058	0.7460399	1.0	False	liver	mid	enformer
1029	12.522606	100.13073	87.60812	0.32394016	0.74604017	1.0	False	liver	mid	enformer
3714	12.522995	100.13739	87.614395	0.32392725	0.74605	1.0	False	liver	mid	enformer
2737	12.520317	100.12904	87.60873	0.323884	0.7460827	1.0	False	liver	mid	enformer
1351	12.521591	100.13951	87.61792	0.32388347	0.7460832	1.0	False	liver	mid	enformer
4615	12.520386	100.12987	87.60948	0.32388315	0.7460834	1.0	False	liver	mid	enformer
419	12.519211	100.121254	87.60204	0.32388002	0.74608576	1.0	False	liver	mid	enformer
2784	12.519974	100.12927	87.6093	0.32387397	0.7460903	1.0	False	liver	mid	enformer
3731	12.523285	100.15981	87.63653	0.3238608	0.74610025	1.0	False	liver	mid	enformer
4762	12.522079	100.15012	87.628044	0.3238605	0.7461005	1.0	False	liver	mid	enformer
3923	12.5216675	100.14873	87.62706	0.32385394	0.74610543	1.0	False	liver	mid	enformer
5280	12.519585	100.140465	87.62088	0.32382515	0.7461273	1.0	False	liver	mid	enformer
2058	12.519699	100.141556	87.62186	0.3238246	0.7461277	1.0	False	liver	mid	enformer
1421	12.519516	100.14086	87.621346	0.3238219	0.7461297	1.0	False	liver	mid	enformer
1906	12.51918	100.14802	87.62884	0.32378843	0.74615514	1.0	False	liver	mid	enformer
785	12.51915	100.148636	87.629486	0.32378554	0.7461573	1.0	False	liver	mid	enformer
4618	12.518982	100.14734	87.62836	0.32378533	0.74615747	1.0	False	liver	mid	enformer
3003	12.517624	100.1367	87.61908	0.3237842	0.7461583	1.0	False	liver	mid	enformer
2771	12.517769	100.13813	87.62036	0.3237834	0.74615896	1.0	False	liver	mid	enformer
2547	12.51899	100.148056	87.62907	0.32378313	0.7461591	1.0	False	liver	mid	enformer
5128	12.51638	100.128456	87.612076	0.3237787	0.7461625	1.0	False	liver	mid	enformer
5045	12.516281	100.128044	87.61176	0.32377738	0.7461635	1.0	False	liver	mid	enformer
4848	12.5173645	100.13804	87.620674	0.32377324	0.7461666	1.0	False	liver	mid	enformer
4854	12.515976	100.127365	87.61139	0.32377133	0.746168	1.0	False	liver	mid	enformer
1005	12.513641	100.12349	87.60985	0.32372123	0.746206	1.0	False	liver	mid	enformer
2907	12.514755	100.157234	87.64248	0.32363817	0.74626887	1.0	False	liver	mid	enformer
5812	12.512207	100.1386	87.626396	0.32363135	0.746274	1.0	False	liver	mid	enformer
940	12.510414	100.135445	87.62503	0.32359377	0.7463025	1.0	False	liver	mid	enformer
3684	12.49762	100.13579	87.63817	0.32324556	0.746566	1.0	False	liver	mid	enformer
120	12.4972	100.134926	87.637726	0.32323706	0.74657243	1.0	False	liver	mid	enformer
2869	12.495316	100.14799	87.65267	0.3231415	0.7466448	1.0	False	liver	mid	enformer
3419	12.495239	100.14744	87.6522	0.32314125	0.74664503	1.0	False	liver	mid	enformer
4496	12.496613	100.15867	87.662056	0.32314095	0.7466453	1.0	False	liver	mid	enformer
5263	12.49514	100.1473	87.65216	0.323139	0.7466466	1.0	False	liver	mid	enformer
6117	12.495117	100.14774	87.652626	0.32313693	0.7466483	1.0	False	liver	mid	enformer
1826	12.495003	100.14751	87.652504	0.32313463	0.74665	1.0	False	liver	mid	enformer
5646	12.494957	100.14763	87.65267	0.32313293	0.74665123	1.0	False	liver	mid	enformer
448	12.492081	100.13235	87.64027	0.32310757	0.7466704	1.0	False	liver	mid	enformer
2679	12.491203	100.13295	87.64175	0.323081	0.74669045	1.0	False	liver	mid	enformer
2431	12.484329	100.124855	87.640526	0.32292107	0.7468116	1.0	False	liver	mid	enformer
5823	12.482925	100.11485	87.63193	0.32291767	0.74681413	1.0	False	liver	mid	enformer
3434	12.484131	100.125206	87.641075	0.3229145	0.74681664	1.0	False	liver	mid	enformer
5648	12.478989	100.11696	87.63797	0.32280344	0.7469007	1.0	False	liver	mid	enformer
1929	12.475571	100.1297	87.65413	0.32266736	0.74700373	1.0	False	liver	mid	enformer
6086	12.458092	100.14191	87.683815	0.3221467	0.747398	1.0	False	liver	mid	enformer
1570	12.457977	100.14116	87.68318	0.32214612	0.7473985	1.0	False	liver	mid	enformer
1831	12.4591675	100.15116	87.69199	0.32214522	0.74739915	1.0	False	liver	mid	enformer
4097	12.458153	100.14328	87.68513	0.32214382	0.7474002	1.0	False	liver	mid	enformer
1668	12.458969	100.15025	87.691284	0.3221428	0.747401	1.0	False	liver	mid	enformer
1643	12.457802	100.14071	87.68291	0.32214284	0.747401	1.0	False	liver	mid	enformer
1862	12.457909	100.14162	87.68371	0.32214278	0.74740106	1.0	False	liver	mid	enformer
1890	12.459038	100.15096	87.691925	0.3221423	0.74740136	1.0	False	liver	mid	enformer
5472	12.457779	100.141014	87.683235	0.32214126	0.7474022	1.0	False	liver	mid	enformer
2102	12.4578705	100.14177	87.6839	0.32214117	0.74740225	1.0	False	liver	mid	enformer
5931	12.457977	100.1427	87.68472	0.322141	0.74740237	1.0	False	liver	mid	enformer
4071	12.457802	100.14128	87.68348	0.322141	0.74740237	1.0	False	liver	mid	enformer
1198	12.457596	100.139725	87.68213	0.32214072	0.74740255	1.0	False	liver	mid	enformer
5893	12.457855	100.14193	87.684074	0.32214028	0.7474029	1.0	False	liver	mid	enformer
1827	12.457634	100.14033	87.68269	0.32213956	0.74740344	1.0	False	liver	mid	enformer
2985	12.459198	100.15311	87.69391	0.32213947	0.7474035	1.0	False	liver	mid	enformer
2346	12.457558	100.13986	87.682304	0.32213917	0.74740374	1.0	False	liver	mid	enformer
4453	12.457809	100.14192	87.68411	0.32213905	0.7474038	1.0	False	liver	mid	enformer
3108	12.459045	100.15203	87.692986	0.3221389	0.7474039	1.0	False	liver	mid	enformer
2721	12.459045	100.15221	87.69316	0.32213834	0.7474044	1.0	False	liver	mid	enformer
1281	-8.737701	90.13276	98.87046	-0.22875996	0.8190914	1.0	False	liver	mid	enformer
1975	-8.736282	90.12623	98.86251	-0.22874022	0.8191067	1.0	False	liver	mid	enformer
553	-8.731659	90.18472	98.91638	-0.22847985	0.8193091	1.0	False	liver	mid	enformer
1154	-8.725723	90.181305	98.90703	-0.22833762	0.8194195	1.0	False	liver	mid	enformer
5396	-8.725563	90.18064	98.906204	-0.22833517	0.8194214	1.0	False	liver	mid	enformer
747	-8.726479	90.19075	98.91723	-0.22833383	0.8194225	1.0	False	liver	mid	enformer
316	-8.724579	90.17304	98.89762	-0.22832893	0.8194263	1.0	False	liver	mid	enformer
892	-8.721054	90.15522	98.876274	-0.22828357	0.81946164	1.0	False	liver	mid	enformer
1013	-8.717285	90.18216	98.899445	-0.22812304	0.8195864	1.0	False	liver	mid	enformer
1339	-8.717033	90.182076	98.89911	-0.22811688	0.8195911	1.0	False	liver	mid	enformer
3770	-8.71035	90.153366	98.863716	-0.22801961	0.8196668	1.0	False	liver	mid	enformer
5127	-8.712204	90.18581	98.89801	-0.22798617	0.8196928	1.0	False	liver	mid	enformer
1965	-8.713676	90.20174	98.91541	-0.22798368	0.8196947	1.0	False	liver	mid	enformer
2906	-8.713585	90.20121	98.914795	-0.22798264	0.81969553	1.0	False	liver	mid	enformer
5818	-8.713379	90.202225	98.9156	-0.22797503	0.81970143	1.0	False	liver	mid	enformer
2280	-8.712379	90.19691	98.90929	-0.22796324	0.8197106	1.0	False	liver	mid	enformer
5141	-8.709595	90.179756	98.88935	-0.22793382	0.81973344	1.0	False	liver	mid	enformer
3740	-8.709671	90.181076	98.89075	-0.22793259	0.81973433	1.0	False	liver	mid	enformer
2034	-8.708641	90.17172	98.88036	-0.22792935	0.8197369	1.0	False	liver	mid	enformer
5587	-8.709305	90.17896	98.88827	-0.22792837	0.8197377	1.0	False	liver	mid	enformer
99	-8.709206	90.18073	98.88994	-0.22792304	0.8197418	1.0	False	liver	mid	enformer
1149	-8.708176	90.192375	98.90055	-0.2278683	0.81978434	1.0	False	liver	mid	enformer
862	-8.707726	90.18904	98.89677	-0.22786506	0.81978685	1.0	False	liver	mid	enformer
4034	-8.708542	90.19776	98.9063	-0.22786473	0.81978714	1.0	False	liver	mid	enformer
6007	-8.707573	90.18777	98.89534	-0.22786427	0.81978744	1.0	False	liver	mid	enformer
2444	-8.707069	90.18257	98.88964	-0.22786403	0.8197877	1.0	False	liver	mid	enformer
2324	-8.706749	90.178894	98.88564	-0.2278638	0.81978786	1.0	False	liver	mid	enformer
5291	-8.707085	90.183044	98.89013	-0.2278633	0.8197882	1.0	False	liver	mid	enformer
4241	-8.707504	90.18824	98.895744	-0.22786142	0.81978965	1.0	False	liver	mid	enformer
1672	-8.707947	90.19344	98.90139	-0.22786006	0.81979066	1.0	False	liver	mid	enformer
18	-8.706856	90.18245	98.889305	-0.22785892	0.8197916	1.0	False	liver	mid	enformer
5434	-8.708939	90.205	98.91394	-0.22785656	0.8197934	1.0	False	liver	mid	enformer
4	-8.705894	90.17391	98.87981	-0.22785543	0.81979436	1.0	False	liver	mid	enformer
2951	-8.707901	90.19576	98.90366	-0.22785324	0.819796	1.0	False	liver	mid	enformer
2333	-8.708847	90.20545	98.9143	-0.22785303	0.8197962	1.0	False	liver	mid	enformer
2329	-8.708786	90.205	98.91379	-0.22785272	0.81979644	1.0	False	liver	mid	enformer
5056	-8.708054	90.19768	98.90573	-0.2278523	0.81979674	1.0	False	liver	mid	enformer
4965	-8.708717	90.20465	98.91337	-0.22785181	0.8197971	1.0	False	liver	mid	enformer
318	-8.707825	90.19567	98.903496	-0.22785136	0.81979746	1.0	False	liver	mid	enformer
2126	-8.707726	90.19512	98.90285	-0.22785017	0.8197984	1.0	False	liver	mid	enformer
915	-8.708527	90.20372	98.91225	-0.22784922	0.8197992	1.0	False	liver	mid	enformer
5021	-8.707794	90.196205	98.904	-0.22784926	0.8197992	1.0	False	liver	mid	enformer
1789	-8.708694	90.20559	98.91428	-0.22784883	0.8197994	1.0	False	liver	mid	enformer
100	-8.707726	90.19571	98.903435	-0.22784877	0.8197995	1.0	False	liver	mid	enformer
1721	-8.704216	90.18495	98.88917	-0.2277863	0.8198481	1.0	False	liver	mid	enformer
3736	-8.703339	90.17623	98.87957	-0.22778542	0.8198487	1.0	False	liver	mid	enformer
2891	-8.704834	90.19211	98.89694	-0.2277837	0.81985015	1.0	False	liver	mid	enformer
5567	-8.703918	90.188416	98.892334	-0.22776929	0.81986135	1.0	False	liver	mid	enformer
5028	-8.701813	90.17847	98.88028	-0.22774154	0.81988287	1.0	False	liver	mid	enformer
3056	-8.702385	90.18512	98.887505	-0.22773993	0.8198841	1.0	False	liver	mid	enformer
4659	-8.703697	90.20167	98.905365	-0.22773199	0.8198903	1.0	False	liver	mid	enformer
635	-8.704178	90.20793	98.91211	-0.2277298	0.819892	1.0	False	liver	mid	enformer
4791	-8.702652	90.19214	98.89479	-0.22772914	0.8198925	1.0	False	liver	mid	enformer
4289	-8.70253	90.19123	98.89376	-0.22772837	0.8198931	1.0	False	liver	mid	enformer
6036	-8.702499	90.19125	98.89375	-0.22772752	0.8198937	1.0	False	liver	mid	enformer
3667	-8.703468	90.201904	98.90537	-0.22772565	0.8198952	1.0	False	liver	mid	enformer
4287	-8.699654	90.16358	98.863235	-0.22772345	0.81989694	1.0	False	liver	mid	enformer
2636	-8.703117	90.19952	98.90263	-0.22772323	0.8198971	1.0	False	liver	mid	enformer
2923	-8.699402	90.162636	98.86204	-0.22771934	0.8199001	1.0	False	liver	mid	enformer
3988	-8.701714	90.18813	98.88985	-0.22771457	0.81990385	1.0	False	liver	mid	enformer
247	-8.698494	90.162506	98.861	-0.22769715	0.8199174	1.0	False	liver	mid	enformer
6092	-8.701942	90.20374	98.905685	-0.22768258	0.8199287	1.0	False	liver	mid	enformer
3340	-8.701843	90.2028	98.90464	-0.2276823	0.8199289	1.0	False	liver	mid	enformer
4114	-8.700111	90.18515	98.88526	-0.22768171	0.81992936	1.0	False	liver	mid	enformer
3924	-8.701904	90.20488	98.906784	-0.2276794	0.81993115	1.0	False	liver	mid	enformer
542	-8.703629	90.223404	98.92703	-0.22767806	0.81993216	1.0	False	liver	mid	enformer
2686	-8.702034	90.206924	98.90896	-0.22767778	0.8199324	1.0	False	liver	mid	enformer
2594	-8.702736	90.21503	98.91776	-0.22767591	0.81993383	1.0	False	liver	mid	enformer
3303	-8.699158	90.183716	98.88287	-0.22766198	0.81994474	1.0	False	liver	mid	enformer
5071	-8.700081	90.19511	98.89519	-0.22765741	0.81994826	1.0	False	liver	mid	enformer
819	-8.700279	90.19771	98.89799	-0.2276556	0.8199496	1.0	False	liver	mid	enformer
3898	-8.69854	90.18748	98.88602	-0.2276369	0.8199642	1.0	False	liver	mid	enformer
3967	-8.699226	90.199745	98.89897	-0.22762473	0.8199737	1.0	False	liver	mid	enformer
2795	-8.699646	90.216896	98.91654	-0.22759305	0.8199983	1.0	False	liver	mid	enformer
5849	-8.695572	90.17546	98.87103	-0.22759193	0.81999916	1.0	False	liver	mid	enformer
585	-8.699425	90.21673	98.91615	-0.22758788	0.8200023	1.0	False	liver	mid	enformer
651	-8.699844	90.22225	98.9221	-0.22758493	0.82000464	1.0	False	liver	mid	enformer
5104	-8.698059	90.208336	98.906395	-0.22757415	0.820013	1.0	False	liver	mid	enformer
132	-8.698013	90.20796	98.905975	-0.22757387	0.82001317	1.0	False	liver	mid	enformer
5589	-8.697815	90.20769	98.9055	-0.22756952	0.82001656	1.0	False	liver	mid	enformer
4330	-8.696983	90.19974	98.89672	-0.2275683	0.82001746	1.0	False	liver	mid	enformer
3648	-8.69722	90.20335	98.900566	-0.22756477	0.82002026	1.0	False	liver	mid	enformer
5571	-8.697571	90.20772	98.90529	-0.22756329	0.8200214	1.0	False	liver	mid	enformer
4692	-8.695847	90.19308	98.88892	-0.22755517	0.82002777	1.0	False	liver	mid	enformer
5558	-8.694756	90.18325	98.878006	-0.22755125	0.82003075	1.0	False	liver	mid	enformer
5704	-8.696312	90.206245	98.90256	-0.22753446	0.8200438	1.0	False	liver	mid	enformer
578	-8.692253	90.199486	98.89174	-0.22744961	0.8201097	1.0	False	liver	mid	enformer
2631	-8.693314	90.21073	98.904045	-0.22744866	0.8201105	1.0	False	liver	mid	enformer
5019	-8.692383	90.20107	98.893456	-0.22744839	0.82011074	1.0	False	liver	mid	enformer
4233	-8.692169	90.1992	98.89137	-0.22744818	0.8201109	1.0	False	liver	mid	enformer
82	-8.692177	90.19913	98.891304	-0.22744736	0.8201115	1.0	False	liver	mid	enformer
1248	-8.69223	90.200325	98.892555	-0.22744633	0.82011235	1.0	False	liver	mid	enformer
1109	-8.692154	90.20011	98.892265	-0.22744495	0.8201134	1.0	False	liver	mid	enformer
5985	-8.692123	90.20101	98.893135	-0.22744201	0.82011575	1.0	False	liver	mid	enformer
5814	-8.691948	90.20015	98.8921	-0.22743963	0.8201175	1.0	False	liver	mid	enformer
35	-8.689407	90.18026	98.86967	-0.22742447	0.8201293	1.0	False	liver	mid	enformer
337	-8.69149	90.20439	98.89588	-0.22741723	0.82013494	1.0	False	liver	mid	enformer
1061	-8.687866	90.19473	98.8826	-0.2273495	0.8201876	1.0	False	liver	mid	enformer
151	-8.686005	90.18159	98.86759	-0.22733536	0.82019866	1.0	False	liver	mid	enformer
1404	-8.687981	90.21179	98.89977	-0.22731097	0.8202176	1.0	False	liver	mid	enformer
106	-8.687073	90.20248	98.88955	-0.22731046	0.82021797	1.0	False	liver	mid	enformer
2695	-8.687866	90.21207	98.89993	-0.22730742	0.82022035	1.0	False	liver	mid	enformer
1963	-8.687897	90.21242	98.900314	-0.22730733	0.8202204	1.0	False	liver	mid	enformer
4374	-8.687195	90.20541	98.8926	-0.22730651	0.8202211	1.0	False	liver	mid	enformer
2260	-8.686958	90.20338	98.890335	-0.22730541	0.8202219	1.0	False	liver	mid	enformer
3549	-8.687477	90.210915	98.89839	-0.22730038	0.8202259	1.0	False	liver	mid	enformer
2326	-8.688339	90.2255	98.91384	-0.22728671	0.82023644	1.0	False	liver	mid	enformer
4559	-8.688271	90.225945	98.914215	-0.22728378	0.82023877	1.0	False	liver	mid	enformer
2042	-8.687851	90.22218	98.910034	-0.22728221	0.82023996	1.0	False	liver	mid	enformer
657	-8.687866	90.222534	98.9104	-0.22728178	0.8202403	1.0	False	liver	mid	enformer
1596	-8.687073	90.21472	98.901794	-0.22728077	0.8202411	1.0	False	liver	mid	enformer
320	-8.686874	90.21337	98.900246	-0.22727898	0.82024246	1.0	False	liver	mid	enformer
3357	-8.686752	90.21232	98.89907	-0.22727843	0.82024294	1.0	False	liver	mid	enformer
2131	-8.686859	90.21347	98.90033	-0.22727773	0.8202435	1.0	False	liver	mid	enformer
4464	-8.684135	90.186516	98.87065	-0.22727633	0.8202445	1.0	False	liver	mid	enformer
71	-8.686684	90.21265	98.89933	-0.2272759	0.8202449	1.0	False	liver	mid	enformer
1138	-8.686752	90.21362	98.900375	-0.22727531	0.8202453	1.0	False	liver	mid	enformer
823	-8.686745	90.21341	98.900154	-0.22727495	0.8202456	1.0	False	liver	mid	enformer
3688	-8.6875305	90.22186	98.90939	-0.22727455	0.8202459	1.0	False	liver	mid	enformer
1992	-8.686684	90.213295	98.89998	-0.22727436	0.8202461	1.0	False	liver	mid	enformer
3877	-8.687492	90.22226	98.90975	-0.22727232	0.82024765	1.0	False	liver	mid	enformer
1869	-8.686714	90.2143	98.90102	-0.22727205	0.8202479	1.0	False	liver	mid	enformer
6134	-8.686386	90.21169	98.89808	-0.22727065	0.82024896	1.0	False	liver	mid	enformer
944	-8.683647	90.20186	98.885506	-0.22722554	0.820284	1.0	False	liver	mid	enformer
1951	-8.684921	90.22386	98.90878	-0.22720389	0.82030076	1.0	False	liver	mid	enformer
3547	-8.684883	90.2241	98.90898	-0.22720236	0.820302	1.0	False	liver	mid	enformer
3494	-8.684807	90.22396	98.90877	-0.22720073	0.8203032	1.0	False	liver	mid	enformer
5187	-8.68148	90.19282	98.8743	-0.22719309	0.8203092	1.0	False	liver	mid	enformer
5740	-8.68235	90.20196	98.88431	-0.22719249	0.8203097	1.0	False	liver	mid	enformer
200	-8.681274	90.19304	98.87431	-0.22718734	0.8203137	1.0	False	liver	mid	enformer
3699	-8.682098	90.20868	98.89078	-0.22717026	0.82032704	1.0	False	liver	mid	enformer
605	-8.681633	90.213005	98.89464	-0.22714736	0.8203448	1.0	False	liver	mid	enformer
4207	-8.683762	90.23473	98.918495	-0.22714733	0.82034487	1.0	False	liver	mid	enformer
5312	-8.6826935	90.23062	98.913315	-0.22713067	0.82035774	1.0	False	liver	mid	enformer
556	-8.682404	90.22928	98.91168	-0.22712654	0.820361	1.0	False	liver	mid	enformer
3368	-8.682335	90.234146	98.91648	-0.22711386	0.8203708	1.0	False	liver	mid	enformer
1782	-8.681503	90.2264	98.907906	-0.22711149	0.82037264	1.0	False	liver	mid	enformer
4608	-8.681313	90.22466	98.905975	-0.22711085	0.8203732	1.0	False	liver	mid	enformer
2895	-8.681213	90.22395	98.90517	-0.22711004	0.8203738	1.0	False	liver	mid	enformer
3638	-8.680679	90.21846	98.89914	-0.22710998	0.82037383	1.0	False	liver	mid	enformer
248	-8.680603	90.2185	98.8991	-0.22710797	0.8203754	1.0	False	liver	mid	enformer
1904	-8.681267	90.22596	98.90723	-0.22710657	0.8203765	1.0	False	liver	mid	enformer
3323	-8.681221	90.22562	98.90684	-0.22710626	0.82037675	1.0	False	liver	mid	enformer
696	-8.681122	90.22473	98.90585	-0.22710583	0.82037705	1.0	False	liver	mid	enformer
1288	-8.681114	90.22506	98.90617	-0.22710489	0.8203778	1.0	False	liver	mid	enformer
3541	-8.678162	90.19559	98.87375	-0.2271023	0.8203798	1.0	False	liver	mid	enformer
4951	-8.67894	90.20684	98.88578	-0.22709423	0.82038605	1.0	False	liver	mid	enformer
196	-8.678848	90.20744	98.88629	-0.22709051	0.820389	1.0	False	liver	mid	enformer
1666	-8.67836	90.21564	98.894	-0.22705801	0.8204143	1.0	False	liver	mid	enformer
5836	-8.679939	90.23316	98.9131	-0.22705565	0.8204161	1.0	False	liver	mid	enformer
3820	-8.679932	90.233894	98.913826	-0.22705369	0.82041764	1.0	False	liver	mid	enformer
3948	-8.679855	90.23324	98.91309	-0.22705333	0.8204179	1.0	False	liver	mid	enformer
3092	-8.680031	90.23508	98.91511	-0.22705323	0.820418	1.0	False	liver	mid	enformer
5872	-8.680038	90.235374	98.91541	-0.22705272	0.82041836	1.0	False	liver	mid	enformer
2913	-8.6805725	90.24125	98.92182	-0.22705215	0.82041883	1.0	False	liver	mid	enformer
3650	-8.679886	90.23443	98.914314	-0.22705114	0.8204196	1.0	False	liver	mid	enformer
3024	-8.679054	90.225716	98.90477	-0.22705111	0.82041967	1.0	False	liver	mid	enformer
5300	-8.679832	90.23457	98.914406	-0.22704944	0.8204209	1.0	False	liver	mid	enformer
1812	-8.679733	90.233604	98.91334	-0.22704937	0.8204209	1.0	False	liver	mid	enformer
1014	-8.679779	90.23416	98.91394	-0.22704922	0.82042104	1.0	False	liver	mid	enformer
1533	-8.679703	90.23347	98.91317	-0.22704893	0.8204213	1.0	False	liver	mid	enformer
742	-8.679756	90.23408	98.91383	-0.22704878	0.8204214	1.0	False	liver	mid	enformer
3662	-8.6796875	90.233734	98.91342	-0.22704789	0.8204221	1.0	False	liver	mid	enformer
691	-8.679832	90.23527	98.9151	-0.22704782	0.8204222	1.0	False	liver	mid	enformer
2917	-8.67971	90.23454	98.91425	-0.22704642	0.82042325	1.0	False	liver	mid	enformer
2844	-8.67971	90.234955	98.914665	-0.22704542	0.820424	1.0	False	liver	mid	enformer
5397	-8.674751	90.21779	98.89254	-0.22696134	0.8204894	1.0	False	liver	mid	enformer
428	-8.672485	90.19858	98.87106	-0.22695303	0.82049584	1.0	False	liver	mid	enformer
389	-8.674255	90.21666	98.890915	-0.22695191	0.8204967	1.0	False	liver	mid	enformer
409	-8.670197	90.248474	98.91867	-0.22677112	0.8206372	1.0	False	liver	mid	enformer
1495	-8.67012	90.24835	98.91847	-0.22676943	0.8206386	1.0	False	liver	mid	enformer
1223	-8.66964	90.24587	98.91551	-0.22676325	0.8206434	1.0	False	liver	mid	enformer
1537	-8.669472	90.24428	98.91375	-0.22676249	0.82064396	1.0	False	liver	mid	enformer
4547	-8.669479	90.24462	98.9141	-0.22676188	0.82064444	1.0	False	liver	mid	enformer
4500	-8.669235	90.243546	98.91278	-0.22675967	0.82064617	1.0	False	liver	mid	enformer
3448	-8.6694565	90.24594	98.9154	-0.22675805	0.8206475	1.0	False	liver	mid	enformer
449	-8.665169	90.247154	98.91232	-0.22664759	0.82073337	1.0	False	liver	mid	enformer
1644	-8.665001	90.2454	98.9104	-0.22664753	0.8207334	1.0	False	liver	mid	enformer
3556	-8.664879	90.24512	98.909996	-0.2266451	0.8207353	1.0	False	liver	mid	enformer
5043	-8.665627	90.25324	98.91887	-0.22664449	0.8207358	1.0	False	liver	mid	enformer
1219	-8.66568	90.25506	98.92074	-0.22664149	0.82073814	1.0	False	liver	mid	enformer
5314	-8.664833	90.24645	98.911285	-0.22664073	0.82073873	1.0	False	liver	mid	enformer
303	-8.664833	90.24652	98.911354	-0.22664063	0.8207388	1.0	False	liver	mid	enformer
4704	-8.660767	90.23258	98.89335	-0.22657232	0.8207919	1.0	False	liver	mid	enformer
3	-8.647194	90.22853	98.875725	-0.22623965	0.8210505	1.0	False	liver	mid	enformer
1940	-8.647537	90.26279	98.910324	-0.22616385	0.8211094	1.0	False	liver	mid	enformer
1524	-8.647301	90.261154	98.908455	-0.22616182	0.821111	1.0	False	liver	mid	enformer
4917	-8.647324	90.26256	98.90988	-0.226159	0.8211132	1.0	False	liver	mid	enformer
5573	-8.6464615	90.25347	98.89993	-0.22615893	0.8211132	1.0	False	liver	mid	enformer
2992	-8.647079	90.26353	98.91061	-0.22615059	0.8211197	1.0	False	liver	mid	enformer
2684	-8.646233	90.25675	98.902985	-0.22614561	0.8211236	1.0	False	liver	mid	enformer
140	-8.646271	90.25832	98.904594	-0.2261428	0.8211258	1.0	False	liver	mid	enformer
292	-8.643707	90.26002	98.903725	-0.22607392	0.8211794	1.0	False	liver	mid	enformer
6067	-8.642021	90.243256	98.88528	-0.22607304	0.82118	1.0	False	liver	mid	enformer
1930	-8.643074	90.25402	98.897095	-0.22607225	0.8211807	1.0	False	liver	mid	enformer
1291	-8.639519	90.248116	98.887634	-0.22599652	0.82123953	1.0	False	liver	mid	enformer
4910	-8.639542	90.2484	98.88794	-0.22599643	0.8212396	1.0	False	liver	mid	enformer
1194	-8.63884	90.24224	98.88108	-0.2259951	0.8212407	1.0	False	liver	mid	enformer
235	-8.638763	90.24162	98.88039	-0.22599463	0.821241	1.0	False	liver	mid	enformer
2223	-8.635834	90.24659	98.88242	-0.22590771	0.8213086	1.0	False	liver	mid	enformer
4208	-8.632271	90.24673	98.879	-0.22581698	0.8213792	1.0	False	liver	mid	enformer
4961	-8.631737	90.25347	98.88521	-0.22578745	0.82140213	1.0	False	liver	mid	enformer
2036	-8.631638	90.25385	98.88549	-0.22578402	0.8214049	1.0	False	liver	mid	enformer
141	-8.630569	90.243805	98.874374	-0.22578268	0.8214058	1.0	False	liver	mid	enformer
3707	-8.630356	90.24206	98.87241	-0.22578266	0.8214059	1.0	False	liver	mid	enformer
4652	-8.630745	90.24509	98.87583	-0.22578238	0.82140607	1.0	False	liver	mid	enformer
1415	-8.630531	90.24366	98.87419	-0.22578205	0.82140636	1.0	False	liver	mid	enformer
4673	-8.624786	90.24822	98.87301	-0.22562596	0.8215278	1.0	False	liver	mid	enformer
4737	-8.613312	90.25705	98.87036	-0.22531466	0.82176983	1.0	False	liver	mid	enformer
1837	-8.613083	90.256294	98.86938	-0.22531067	0.821773	1.0	False	liver	mid	enformer
3194	-8.597015	90.24384	98.84086	-0.2249359	0.82206446	1.0	False	liver	mid	enformer
4399	-8.596878	90.24242	98.839294	-0.22493578	0.8220645	1.0	False	liver	mid	enformer
3132	-8.596214	90.23705	98.83327	-0.22493173	0.8220676	1.0	False	liver	mid	enformer
2197	8.247719	90.24282	81.9951	0.22291389	0.8236401	1.0	False	liver	mid	enformer
2627	8.2475815	90.242645	81.99506	0.22291048	0.8236428	1.0	False	liver	mid	enformer
2651	8.246689	90.23342	81.98673	0.22290878	0.8236441	1.0	False	liver	mid	enformer
1199	8.219933	90.18471	81.964775	0.22228588	0.8241288	1.0	False	liver	mid	enformer
1225	8.2215805	90.2069	81.98532	0.22227505	0.8241372	1.0	False	liver	mid	enformer
2375	8.221512	90.2071	81.98559	0.22227262	0.8241391	1.0	False	liver	mid	enformer
3005	8.21743	90.221535	82.004105	0.22212225	0.8242561	1.0	False	liver	mid	enformer
3953	8.211464	90.1759	81.96444	0.22207151	0.82429564	1.0	False	liver	mid	enformer
693	8.212547	90.22906	82.01651	0.22196618	0.82437766	1.0	False	liver	mid	enformer
1693	8.211586	90.219	82.007416	0.22196493	0.82437867	1.0	False	liver	mid	enformer
3473	8.201508	90.21149	82.00998	0.22170214	0.8245832	1.0	False	liver	mid	enformer
683	8.201439	90.211914	82.010475	0.22169913	0.8245855	1.0	False	liver	mid	enformer
1423	8.195137	90.20495	82.00981	0.22154051	0.82470894	1.0	False	liver	mid	enformer
4867	8.195129	90.20495	82.00982	0.22154033	0.82470906	1.0	False	liver	mid	enformer
2463	8.194931	90.203476	82.008545	0.22153793	0.8247109	1.0	False	liver	mid	enformer
3954	8.194687	90.22089	82.0262	0.22148795	0.8247499	1.0	False	liver	mid	enformer
52	8.194702	90.22231	82.02761	0.22148448	0.8247526	1.0	False	liver	mid	enformer
3014	8.194496	90.22121	82.02671	0.22148181	0.82475466	1.0	False	liver	mid	enformer
1699	8.194382	90.22145	82.02707	0.22147797	0.8247577	1.0	False	liver	mid	enformer
5077	8.194359	90.22159	82.02723	0.22147702	0.82475835	1.0	False	liver	mid	enformer
4956	8.178986	90.24885	82.06986	0.22097169	0.8251517	1.0	False	liver	mid	enformer
1044	8.178886	90.24807	82.06918	0.22097088	0.82515234	1.0	False	liver	mid	enformer
4735	8.178841	90.2486	82.069756	0.22096828	0.82515436	1.0	False	liver	mid	enformer
6076	8.133011	90.158485	82.025475	0.21991998	0.8259706	1.0	False	liver	mid	enformer
4531	8.132874	90.15776	82.02489	0.21991791	0.82597214	1.0	False	liver	mid	enformer
1081	8.086678	90.08519	81.99851	0.2188068	0.82683736	1.0	False	liver	mid	enformer
2483	8.084518	90.09023	82.005714	0.21873383	0.8268942	1.0	False	liver	mid	enformer
4520	8.084183	90.08899	82.00481	0.21872753	0.8268991	1.0	False	liver	mid	enformer
3150	8.081566	90.068665	81.9871	0.21870488	0.8269167	1.0	False	liver	mid	enformer
4437	8.0733795	90.06276	81.98938	0.21849191	0.8270826	1.0	False	liver	mid	enformer
2057	8.07312	90.05995	81.98683	0.21849166	0.8270828	1.0	False	liver	mid	enformer
4260	8.069328	90.04902	81.97969	0.21841277	0.8271443	1.0	False	liver	mid	enformer
3264	8.061668	90.03465	81.972984	0.21823385	0.8272836	1.0	False	liver	mid	enformer
6023	-7.416939	80.181946	87.598885	-0.20563243	0.8371102	1.0	False	liver	mid	enformer
4526	-7.4125214	80.18021	87.59273	-0.2055179	0.83719957	1.0	False	liver	mid	enformer
4959	-7.414482	80.21128	87.62576	-0.20549403	0.8372183	1.0	False	liver	mid	enformer
1464	-7.4117126	80.188515	87.60023	-0.20547596	0.8372324	1.0	False	liver	mid	enformer
1857	-7.4111786	80.21491	87.62609	-0.2053958	0.837295	1.0	False	liver	mid	enformer
3405	-7.4102554	80.20859	87.61884	-0.20538805	0.8373011	1.0	False	liver	mid	enformer
4200	-7.410614	80.21353	87.624146	-0.20538558	0.837303	1.0	False	liver	mid	enformer
780	-7.4098434	80.20707	87.61691	-0.20538066	0.83730686	1.0	False	liver	mid	enformer
4448	-7.410431	80.21389	87.62432	-0.20537977	0.8373075	1.0	False	liver	mid	enformer
2339	-7.40963	80.21798	87.62761	-0.2053478	0.8373324	1.0	False	liver	mid	enformer
5233	-7.4090652	80.21406	87.62312	-0.20534238	0.8373367	1.0	False	liver	mid	enformer
664	-7.408684	80.2116	87.620285	-0.20533802	0.8373401	1.0	False	liver	mid	enformer
5906	-7.408821	80.21415	87.62297	-0.20533562	0.837342	1.0	False	liver	mid	enformer
4174	-7.409851	80.22556	87.635414	-0.20533457	0.8373428	1.0	False	liver	mid	enformer
2502	-7.409775	80.225075	87.63485	-0.20533374	0.8373434	1.0	False	liver	mid	enformer
3311	-7.4088974	80.217	87.6259	-0.20533027	0.83734614	1.0	False	liver	mid	enformer
2044	-7.4102554	80.23281	87.64307	-0.20532773	0.83734816	1.0	False	liver	mid	enformer
2109	-7.4054413	80.19816	87.6036	-0.20528464	0.8373819	1.0	False	liver	mid	enformer
1361	-7.404564	80.20887	87.613434	-0.20523432	0.8374211	1.0	False	liver	mid	enformer
2825	-7.4048157	80.213264	87.61808	-0.20523031	0.8374243	1.0	False	liver	mid	enformer
191	-7.4045715	80.218155	87.62273	-0.20521256	0.8374381	1.0	False	liver	mid	enformer
5371	-7.4038925	80.2113	87.6152	-0.20521025	0.83743995	1.0	False	liver	mid	enformer
4730	-7.4038544	80.213486	87.61734	-0.20520456	0.8374444	1.0	False	liver	mid	enformer
341	-7.4037857	80.214615	87.6184	-0.20519996	0.83744794	1.0	False	liver	mid	enformer
2544	-7.4034805	80.21255	87.61603	-0.20519683	0.83745044	1.0	False	liver	mid	enformer
6003	-7.403549	80.214096	87.617645	-0.20519489	0.83745193	1.0	False	liver	mid	enformer
1383	-7.4042816	80.22387	87.62815	-0.20518965	0.83745605	1.0	False	liver	mid	enformer
4679	-7.4038467	80.22215	87.626	-0.20518224	0.8374618	1.0	False	liver	mid	enformer
5309	-7.40403	80.22522	87.62925	-0.20517933	0.8374641	1.0	False	liver	mid	enformer
1856	-7.401367	80.208336	87.6097	-0.20515017	0.8374869	1.0	False	liver	mid	enformer
1294	-7.4020157	80.217705	87.61972	-0.20514429	0.83749145	1.0	False	liver	mid	enformer
3634	-7.402092	80.23077	87.63286	-0.2051144	0.8375148	1.0	False	liver	mid	enformer
5839	-7.4016495	80.23182	87.63347	-0.20509969	0.8375263	1.0	False	liver	mid	enformer
1646	-7.401741	80.23311	87.63485	-0.20509902	0.8375268	1.0	False	liver	mid	enformer
1974	-7.3997726	80.21259	87.612366	-0.20509662	0.8375287	1.0	False	liver	mid	enformer
3715	-7.3997498	80.21291	87.61266	-0.20509522	0.8375298	1.0	False	liver	mid	enformer
2953	-7.4003906	80.22033	87.62072	-0.2050942	0.83753055	1.0	False	liver	mid	enformer
1155	-7.3994064	80.21293	87.612335	-0.2050867	0.83753645	1.0	False	liver	mid	enformer
3680	-7.399826	80.21765	87.61748	-0.20508656	0.8375366	1.0	False	liver	mid	enformer
647	-7.3969345	80.20288	87.599815	-0.20504488	0.83756906	1.0	False	liver	mid	enformer
518	-7.3988266	80.23052	87.62935	-0.2050277	0.83758247	1.0	False	liver	mid	enformer
534	-7.3988495	80.23234	87.63119	-0.20502375	0.83758557	1.0	False	liver	mid	enformer
1843	-7.3994904	80.23947	87.63896	-0.2050237	0.8375856	1.0	False	liver	mid	enformer
6102	-7.3994827	80.239395	87.63888	-0.20502369	0.8375856	1.0	False	liver	mid	enformer
3259	-7.398651	80.2329	87.63155	-0.20501703	0.8375908	1.0	False	liver	mid	enformer
494	-7.397522	80.2229	87.62042	-0.20501171	0.837595	1.0	False	liver	mid	enformer
3958	-7.397278	80.223335	87.62061	-0.2050041	0.83760095	1.0	False	liver	mid	enformer
5874	-7.396515	80.22458	87.62109	-0.20498043	0.83761936	1.0	False	liver	mid	enformer
2147	-7.397278	80.23449	87.63177	-0.20497632	0.8376226	1.0	False	liver	mid	enformer
3068	-7.3975754	80.23959	87.63717	-0.20497125	0.83762664	1.0	False	liver	mid	enformer
2597	-7.3976364	80.240395	87.63803	-0.20497091	0.8376269	1.0	False	liver	mid	enformer
714	-7.3962555	80.226456	87.62271	-0.20496887	0.8376285	1.0	False	liver	mid	enformer
1162	-7.3962784	80.22687	87.623146	-0.20496851	0.8376288	1.0	False	liver	mid	enformer
4121	-7.3961334	80.22631	87.622444	-0.20496596	0.83763075	1.0	False	liver	mid	enformer
4521	-7.39653	80.23072	87.62725	-0.20496508	0.83763146	1.0	False	liver	mid	enformer
3497	-7.3944397	80.209305	87.603745	-0.20496187	0.83763397	1.0	False	liver	mid	enformer
3389	-7.3971786	80.239365	87.63654	-0.20496115	0.8376345	1.0	False	liver	mid	enformer
6051	-7.395279	80.21911	87.61439	-0.20496033	0.83763516	1.0	False	liver	mid	enformer
3025	-7.3958206	80.226135	87.621956	-0.20495743	0.8376374	1.0	False	liver	mid	enformer
1043	-7.3946915	80.21854	87.61323	-0.20494631	0.83764607	1.0	False	liver	mid	enformer
1598	-7.39447	80.21677	87.61124	-0.2049454	0.8376468	1.0	False	liver	mid	enformer
2584	-7.3947754	80.221725	87.6165	-0.20494118	0.8376501	1.0	False	liver	mid	enformer
1215	-7.394127	80.21819	87.61232	-0.20493211	0.8376572	1.0	False	liver	mid	enformer
1263	-7.3949356	80.22815	87.623085	-0.20492859	0.83766	1.0	False	liver	mid	enformer
4110	-7.3943253	80.22272	87.61704	-0.20492621	0.8376618	1.0	False	liver	mid	enformer
4561	-7.3941116	80.222206	87.61632	-0.20492175	0.8376653	1.0	False	liver	mid	enformer
5173	-7.394127	80.223434	87.61756	-0.20491917	0.8376673	1.0	False	liver	mid	enformer
971	-7.395195	80.240105	87.6353	-0.2049074	0.8376765	1.0	False	liver	mid	enformer
2968	-7.3944626	80.23976	87.634224	-0.20488742	0.8376921	1.0	False	liver	mid	enformer
544	-7.3940735	80.23794	87.63201	-0.20488226	0.83769614	1.0	False	liver	mid	enformer
4439	-7.392845	80.22514	87.61799	-0.20488068	0.8376973	1.0	False	liver	mid	enformer
2440	-7.393898	80.23683	87.63073	-0.20488028	0.8376976	1.0	False	liver	mid	enformer
1838	-7.3938904	80.23732	87.63121	-0.20487888	0.8376988	1.0	False	liver	mid	enformer
3576	-7.393898	80.23766	87.63156	-0.20487823	0.83769923	1.0	False	liver	mid	enformer
2205	-7.393059	80.22873	87.62179	-0.20487733	0.83769995	1.0	False	liver	mid	enformer
2751	-7.392891	80.230965	87.623856	-0.20486745	0.83770764	1.0	False	liver	mid	enformer
3928	-7.391083	80.21422	87.6053	-0.20486048	0.8377131	1.0	False	liver	mid	enformer
5508	-7.391197	80.21583	87.607025	-0.2048596	0.83771384	1.0	False	liver	mid	enformer
1615	-7.3935013	80.248695	87.6422	-0.20484008	0.8377291	1.0	False	liver	mid	enformer
1565	-7.39122	80.226906	87.618126	-0.20483316	0.8377345	1.0	False	liver	mid	enformer
3241	-7.389885	80.216095	87.60598	-0.20482369	0.83774185	1.0	False	liver	mid	enformer
1186	-7.389824	80.22062	87.61044	-0.2048111	0.83775175	1.0	False	liver	mid	enformer
1108	-7.390831	80.237434	87.628265	-0.2047964	0.83776313	1.0	False	liver	mid	enformer
3957	-7.3913574	80.244606	87.63596	-0.20479302	0.8377658	1.0	False	liver	mid	enformer
4473	-7.3913727	80.245125	87.6365	-0.20479219	0.83776647	1.0	False	liver	mid	enformer
4572	-7.388756	80.216965	87.60572	-0.20479098	0.8377674	1.0	False	liver	mid	enformer
614	-7.3894424	80.22545	87.61489	-0.20478798	0.83776975	1.0	False	liver	mid	enformer
2103	-7.391197	80.245125	87.63632	-0.20478745	0.83777016	1.0	False	liver	mid	enformer
3655	-7.38916	80.22437	87.61353	-0.20478448	0.8377724	1.0	False	liver	mid	enformer
1697	-7.3916473	80.25093	87.64258	-0.20478411	0.8377728	1.0	False	liver	mid	enformer
76	-7.389908	80.23278	87.62269	-0.20478301	0.8377736	1.0	False	liver	mid	enformer
1621	-7.3902893	80.23917	87.629456	-0.20477724	0.8377781	1.0	False	liver	mid	enformer
766	-7.390312	80.24005	87.63036	-0.20477572	0.83777934	1.0	False	liver	mid	enformer
1365	-7.390091	80.23813	87.62822	-0.20477447	0.8377803	1.0	False	liver	mid	enformer
1553	-7.3886795	80.22341	87.61209	-0.20477293	0.83778155	1.0	False	liver	mid	enformer
3635	-7.3866043	80.21349	87.6001	-0.20474288	0.837805	1.0	False	liver	mid	enformer
2068	-7.388092	80.233154	87.62125	-0.2047339	0.837812	1.0	False	liver	mid	enformer
5501	-7.3885803	80.24961	87.63819	-0.2047066	0.83783334	1.0	False	liver	mid	enformer
3228	-7.38752	80.249435	87.636955	-0.20467763	0.8378559	1.0	False	liver	mid	enformer
3477	-7.384163	80.22413	87.60829	-0.2046513	0.83787656	1.0	False	liver	mid	enformer
4616	-7.383972	80.22286	87.606834	-0.20464928	0.83787805	1.0	False	liver	mid	enformer
78	-7.3859406	80.24814	87.63408	-0.20463963	0.8378857	1.0	False	liver	mid	enformer
2984	-7.382889	80.23054	87.61343	-0.20460083	0.837916	1.0	False	liver	mid	enformer
5852	-7.385582	80.26108	87.64666	-0.20459743	0.83791864	1.0	False	liver	mid	enformer
3117	-7.383972	80.24556	87.62953	-0.20459276	0.8379223	1.0	False	liver	mid	enformer
4105	-7.3850403	80.25767	87.64271	-0.204591	0.83792365	1.0	False	liver	mid	enformer
3955	-7.3848343	80.2565	87.641335	-0.20458837	0.83792573	1.0	False	liver	mid	enformer
1657	-7.383156	80.238716	87.62187	-0.20458783	0.83792615	1.0	False	liver	mid	enformer
1414	-7.384674	80.256226	87.6409	-0.20458436	0.8379289	1.0	False	liver	mid	enformer
2505	-7.384659	80.256516	87.641174	-0.20458324	0.8379297	1.0	False	liver	mid	enformer
728	-7.3838654	80.248985	87.63285	-0.20458113	0.83793133	1.0	False	liver	mid	enformer
606	-7.385338	80.26535	87.65069	-0.20457992	0.8379323	1.0	False	liver	mid	enformer
2209	-7.385109	80.26751	87.65262	-0.2045694	0.8379406	1.0	False	liver	mid	enformer
5975	-7.384346	80.26013	87.64448	-0.20456693	0.8379425	1.0	False	liver	mid	enformer
3287	-7.3850174	80.26775	87.65277	-0.20456634	0.83794296	1.0	False	liver	mid	enformer
27	-7.3840485	80.25795	87.642	-0.20456491	0.8379441	1.0	False	liver	mid	enformer
3031	-7.382622	80.24416	87.626785	-0.2045597	0.83794814	1.0	False	liver	mid	enformer
111	-7.381462	80.23983	87.62129	-0.20453945	0.837964	1.0	False	liver	mid	enformer
2506	-7.3807907	80.23361	87.6144	-0.20453645	0.8379663	1.0	False	liver	mid	enformer
1954	-7.379524	80.23509	87.61462	-0.20449917	0.8379954	1.0	False	liver	mid	enformer
2764	-7.378769	80.23334	87.61211	-0.20448343	0.8380077	1.0	False	liver	mid	enformer
3594	-7.378456	80.23168	87.61014	-0.20447907	0.8380111	1.0	False	liver	mid	enformer
4773	-7.3804626	80.254745	87.63521	-0.2044755	0.8380139	1.0	False	liver	mid	enformer
4475	-7.3800583	80.25059	87.630646	-0.2044749	0.83801436	1.0	False	liver	mid	enformer
5213	-7.380089	80.251144	87.63123	-0.20447436	0.8380148	1.0	False	liver	mid	enformer
2170	-7.379326	80.24457	87.62389	-0.20447072	0.8380176	1.0	False	liver	mid	enformer
264	-7.378372	80.23586	87.614235	-0.20446676	0.83802074	1.0	False	liver	mid	enformer
4433	-7.381546	80.27046	87.65201	-0.20446637	0.838021	1.0	False	liver	mid	enformer
3530	-7.3772964	80.22598	87.60328	-0.20446204	0.83802444	1.0	False	liver	mid	enformer
842	-7.377884	80.23321	87.61109	-0.20445976	0.83802617	1.0	False	liver	mid	enformer
3055	-7.3791656	80.24923	87.628395	-0.20445548	0.8380295	1.0	False	liver	mid	enformer
1558	-7.379158	80.25025	87.62941	-0.20445198	0.8380323	1.0	False	liver	mid	enformer
5465	-7.3791428	80.25013	87.62927	-0.20445184	0.8380324	1.0	False	liver	mid	enformer
4782	-7.3791428	80.25017	87.62931	-0.20445178	0.8380324	1.0	False	liver	mid	enformer
5801	-7.3789825	80.248886	87.62787	-0.2044514	0.8380327	1.0	False	liver	mid	enformer
1069	-7.37912	80.25019	87.62931	-0.2044511	0.83803296	1.0	False	liver	mid	enformer
5159	-7.379036	80.25075	87.62978	-0.2044475	0.8380358	1.0	False	liver	mid	enformer
2245	-7.3781433	80.24339	87.62154	-0.20444144	0.8380405	1.0	False	liver	mid	enformer
2897	-7.3780518	80.24519	87.623245	-0.20443484	0.83804566	1.0	False	liver	mid	enformer
5940	-7.3772583	80.24462	87.62188	-0.20441514	0.83806103	1.0	False	liver	mid	enformer
1467	-7.3789673	80.26387	87.64284	-0.20441277	0.8380629	1.0	False	liver	mid	enformer
5898	-7.376671	80.24162	87.61829	-0.20440671	0.83806765	1.0	False	liver	mid	enformer
3422	-7.376549	80.24204	87.61859	-0.20440242	0.838071	1.0	False	liver	mid	enformer
2397	-7.3750687	80.26042	87.63549	-0.20431721	0.8381375	1.0	False	liver	mid	enformer
4997	-7.3750916	80.26111	87.6362	-0.20431617	0.83813834	1.0	False	liver	mid	enformer
3291	-7.373726	80.25432	87.628044	-0.2042958	0.8381543	1.0	False	liver	mid	enformer
2193	-7.373497	80.253365	87.62686	-0.20429194	0.83815724	1.0	False	liver	mid	enformer
5651	-7.3745117	80.267914	87.642426	-0.204284	0.8381635	1.0	False	liver	mid	enformer
1905	-7.372307	80.24513	87.61744	-0.20428099	0.8381659	1.0	False	liver	mid	enformer
1221	-7.373459	80.25825	87.63171	-0.2042792	0.8381673	1.0	False	liver	mid	enformer
5966	-7.3703384	80.23689	87.60723	-0.20424788	0.8381917	1.0	False	liver	mid	enformer
4814	-7.370323	80.24595	87.61627	-0.20422652	0.83820844	1.0	False	liver	mid	enformer
5531	-7.3703156	80.25965	87.62997	-0.20419227	0.8382352	1.0	False	liver	mid	enformer
929	-7.3710938	80.26989	87.64098	-0.20418836	0.83823824	1.0	False	liver	mid	enformer
430	-7.3710327	80.26989	87.64092	-0.20418677	0.8382395	1.0	False	liver	mid	enformer
1513	-7.369156	80.263	87.63216	-0.204153	0.8382659	1.0	False	liver	mid	enformer
2538	-7.3690414	80.2633	87.63234	-0.20414919	0.8382689	1.0	False	liver	mid	enformer
5753	-7.3682404	80.256294	87.624535	-0.20414416	0.83827275	1.0	False	liver	mid	enformer
75	-7.366516	80.24934	87.61585	-0.20411512	0.83829546	1.0	False	liver	mid	enformer
5516	-7.3677216	80.26784	87.63556	-0.20410274	0.8383052	1.0	False	liver	mid	enformer
2965	-7.3660965	80.26838	87.634476	-0.20405719	0.8383407	1.0	False	liver	mid	enformer
5957	-7.3610153	80.27371	87.63473	-0.20390898	0.8384566	1.0	False	liver	mid	enformer
2697	-7.3615494	80.280365	87.641914	-0.2039067	0.8384583	1.0	False	liver	mid	enformer
2690	-7.3613586	80.27888	87.640236	-0.20390533	0.83845943	1.0	False	liver	mid	enformer
2358	-7.3605194	80.276276	87.636795	-0.20388782	0.8384731	1.0	False	liver	mid	enformer
4406	-7.357933	80.281265	87.6392	-0.20380726	0.838536	1.0	False	liver	mid	enformer
1698	-7.356949	80.275635	87.63258	-0.20379451	0.838546	1.0	False	liver	mid	enformer
5390	-7.354965	80.27451	87.62948	-0.203745	0.83858454	1.0	False	liver	mid	enformer
2032	-7.3522263	80.28697	87.6392	-0.20364101	0.83866584	1.0	False	liver	mid	enformer
4315	-7.352127	80.28724	87.639366	-0.20363767	0.8386684	1.0	False	liver	mid	enformer
1056	-7.3498764	80.28533	87.63521	-0.20358115	0.8387127	1.0	False	liver	mid	enformer
5165	-7.345642	80.28451	87.63015	-0.20346986	0.83879954	1.0	False	liver	mid	enformer
2577	-7.3462906	80.29274	87.63903	-0.2034667	0.838802	1.0	False	liver	mid	enformer
1376	-7.346237	80.29272	87.638954	-0.20346549	0.838803	1.0	False	liver	mid	enformer
1676	-7.346031	80.29128	87.637314	-0.20346346	0.83880454	1.0	False	liver	mid	enformer
2430	-7.344719	80.2894	87.63412	-0.20343305	0.8388283	1.0	False	liver	mid	enformer
755	-7.3447113	80.28981	87.63452	-0.20343184	0.8388293	1.0	False	liver	mid	enformer
2435	-7.344513	80.28933	87.63384	-0.20342769	0.83883256	1.0	False	liver	mid	enformer
5399	-7.342346	80.30453	87.64687	-0.2033318	0.8389074	1.0	False	liver	mid	enformer
5994	-7.342041	80.30503	87.64707	-0.20332228	0.8389149	1.0	False	liver	mid	enformer
2852	-7.3385468	80.29261	87.63116	-0.20326078	0.838963	1.0	False	liver	mid	enformer
343	-7.336273	80.28857	87.62484	-0.20320891	0.83900356	1.0	False	liver	mid	enformer
3734	-7.3366394	80.29298	87.629616	-0.20320801	0.8390042	1.0	False	liver	mid	enformer
5787	-7.3371887	80.30247	87.639656	-0.2031985	0.8390116	1.0	False	liver	mid	enformer
3904	-7.3335037	80.301125	87.63463	-0.20310187	0.8390872	1.0	False	liver	mid	enformer
4107	-7.3333206	80.305984	87.639305	-0.20308651	0.83909917	1.0	False	liver	mid	enformer
5391	-7.332596	80.30108	87.633675	-0.20307915	0.83910495	1.0	False	liver	mid	enformer
4358	-7.333458	80.311516	87.64497	-0.20307611	0.8391073	1.0	False	liver	mid	enformer
829	-7.3323593	80.30036	87.63272	-0.20307441	0.83910865	1.0	False	liver	mid	enformer
4926	-7.333191	80.30943	87.642624	-0.20307396	0.83910894	1.0	False	liver	mid	enformer
2299	-7.3321075	80.300995	87.6331	-0.20306613	0.8391151	1.0	False	liver	mid	enformer
269	-7.328247	80.31175	87.64	-0.20293689	0.83921605	1.0	False	liver	mid	enformer
4403	-7.326462	80.314415	87.64088	-0.20288245	0.8392587	1.0	False	liver	mid	enformer
21	-7.3260956	80.31644	87.64253	-0.20286782	0.8392701	1.0	False	liver	mid	enformer
2855	-7.3270264	80.327705	87.65473	-0.2028648	0.83927244	1.0	False	liver	mid	enformer
211	-7.3223343	80.296715	87.61905	-0.20281585	0.8393107	1.0	False	liver	mid	enformer
1578	-7.324005	80.32609	87.65009	-0.20278801	0.83933246	1.0	False	liver	mid	enformer
1762	-7.3224945	80.31229	87.63478	-0.2027809	0.839338	1.0	False	liver	mid	enformer
4565	-7.323303	80.33558	87.65888	-0.20274524	0.83936584	1.0	False	liver	mid	enformer
4490	-7.32312	80.33589	87.65901	-0.20273961	0.8393703	1.0	False	liver	mid	enformer
912	-7.319786	80.317215	87.637	-0.20269655	0.8394039	1.0	False	liver	mid	enformer
5239	-7.318138	80.32951	87.64765	-0.202622	0.8394622	1.0	False	liver	mid	enformer
2122	-7.3180237	80.32865	87.646675	-0.20262103	0.83946294	1.0	False	liver	mid	enformer
1720	-7.314064	80.30308	87.61714	-0.20257743	0.83949697	1.0	False	liver	mid	enformer
3018	-7.314682	80.32372	87.638405	-0.20254372	0.8395233	1.0	False	liver	mid	enformer
770	-7.3143463	80.32549	87.63984	-0.20253055	0.83953375	1.0	False	liver	mid	enformer
4858	-7.314499	80.329025	87.643524	-0.20252606	0.83953714	1.0	False	liver	mid	enformer
4606	-7.3143463	80.32838	87.64272	-0.20252353	0.83953923	1.0	False	liver	mid	enformer
4235	-7.311821	80.31734	87.62916	-0.2024826	0.8395711	1.0	False	liver	mid	enformer
4044	-7.3118286	80.31775	87.62958	-0.20248179	0.8395717	1.0	False	liver	mid	enformer
5039	-7.3116913	80.317764	87.629456	-0.20247808	0.83957464	1.0	False	liver	mid	enformer
870	-7.3116455	80.31753	87.62917	-0.20247738	0.83957523	1.0	False	liver	mid	enformer
4171	-7.3106003	80.307625	87.618225	-0.20247383	0.83957803	1.0	False	liver	mid	enformer
4979	-7.3105087	80.307205	87.617714	-0.20247236	0.83957916	1.0	False	liver	mid	enformer
743	-7.3118668	80.322556	87.63442	-0.20247181	0.8395795	1.0	False	liver	mid	enformer
600	-7.310478	80.307335	87.61781	-0.20247124	0.83958	1.0	False	liver	mid	enformer
2503	-7.3093643	80.31494	87.624306	-0.20242369	0.83961713	1.0	False	liver	mid	enformer
6004	-7.307762	80.32183	87.62959	-0.20236391	0.83966386	1.0	False	liver	mid	enformer
1747	-7.305023	80.310524	87.61555	-0.20231736	0.8397002	1.0	False	liver	mid	enformer
4343	-7.3055573	80.31747	87.623024	-0.20231496	0.8397021	1.0	False	liver	mid	enformer
5421	-7.3050613	80.312294	87.617355	-0.20231414	0.8397027	1.0	False	liver	mid	enformer
1059	-7.306404	80.32738	87.63378	-0.20231351	0.83970326	1.0	False	liver	mid	enformer
5125	-7.3057327	80.32013	87.62586	-0.20231326	0.83970344	1.0	False	liver	mid	enformer
2237	-7.3057175	80.32013	87.62585	-0.20231284	0.8397038	1.0	False	liver	mid	enformer
3671	-7.3058167	80.32152	87.627335	-0.20231217	0.83970433	1.0	False	liver	mid	enformer
5884	-7.306198	80.326	87.632195	-0.20231134	0.83970493	1.0	False	liver	mid	enformer
33	-7.3061676	80.32619	87.632355	-0.20231007	0.83970594	1.0	False	liver	mid	enformer
2074	-7.30616	80.32616	87.63232	-0.20230994	0.83970606	1.0	False	liver	mid	enformer
2361	-7.3062363	80.32709	87.63332	-0.20230974	0.83970624	1.0	False	liver	mid	enformer
1710	-7.3058167	80.32256	87.62838	-0.20230941	0.8397065	1.0	False	liver	mid	enformer
1018	-7.3053513	80.31762	87.62297	-0.20230909	0.8397067	1.0	False	liver	mid	enformer
3657	-7.3058167	80.32294	87.62875	-0.20230852	0.8397072	1.0	False	liver	mid	enformer
65	-7.3052673	80.3169	87.62217	-0.2023083	0.8397074	1.0	False	liver	mid	enformer
5326	-7.303276	80.32023	87.623505	-0.20224743	0.8397549	1.0	False	liver	mid	enformer
85	-7.3032	80.32079	87.62399	-0.20224401	0.83975756	1.0	False	liver	mid	enformer
4797	-7.302559	80.31424	87.6168	-0.2022426	0.8397587	1.0	False	liver	mid	enformer
3572	-7.3024673	80.31454	87.617004	-0.20223944	0.83976114	1.0	False	liver	mid	enformer
348	-7.302414	80.31448	87.6169	-0.20223813	0.83976215	1.0	False	liver	mid	enformer
2175	-7.302849	80.32006	87.62291	-0.2022364	0.8397635	1.0	False	liver	mid	enformer
1050	-7.3016663	80.31797	87.61964	-0.20220958	0.8397845	1.0	False	liver	mid	enformer
1102	-7.301323	80.31752	87.61884	-0.20220146	0.8397908	1.0	False	liver	mid	enformer
5061	-7.299881	80.31736	87.61724	-0.20216328	0.83982074	1.0	False	liver	mid	enformer
763	-7.3016205	80.33708	87.6387	-0.20216157	0.83982205	1.0	False	liver	mid	enformer
3643	-7.300865	80.32871	87.62958	-0.20216143	0.8398222	1.0	False	liver	mid	enformer
2249	-7.300926	80.33053	87.631454	-0.20215872	0.83982426	1.0	False	liver	mid	enformer
5949	-7.2998123	80.31858	87.61839	-0.20215851	0.83982444	1.0	False	liver	mid	enformer
5000	-7.3014755	80.33676	87.63824	-0.20215847	0.8398245	1.0	False	liver	mid	enformer
5749	-7.2996674	80.317474	87.61714	-0.2021573	0.83982533	1.0	False	liver	mid	enformer
28	-7.3013916	80.33667	87.63806	-0.20215642	0.83982605	1.0	False	liver	mid	enformer
6043	-7.2994156	80.315865	87.61528	-0.20215444	0.83982766	1.0	False	liver	mid	enformer
4769	-7.3013077	80.33711	87.63842	-0.20215307	0.83982867	1.0	False	liver	mid	enformer
5805	-7.3012543	80.3366	87.637856	-0.2021529	0.83982885	1.0	False	liver	mid	enformer
5210	-7.297966	80.32847	87.626434	-0.20208472	0.83988214	1.0	False	liver	mid	enformer
89	-7.2942734	80.310646	87.60492	-0.20202768	0.83992666	1.0	False	liver	mid	enformer
559	-7.2942886	80.311134	87.60542	-0.20202695	0.83992726	1.0	False	liver	mid	enformer
3390	-7.294159	80.33046	87.62462	-0.20197782	0.83996564	1.0	False	liver	mid	enformer
4670	-7.29393	80.3294	87.62333	-0.20197427	0.8399684	1.0	False	liver	mid	enformer
4250	-7.2929916	80.329185	87.62218	-0.2019487	0.8399884	1.0	False	liver	mid	enformer
4444	-7.282509	80.346344	87.62885	-0.20162764	0.84023935	1.0	False	liver	mid	enformer
6073	-7.2817764	80.33875	87.62053	-0.2016262	0.8402405	1.0	False	liver	mid	enformer
1164	-7.2817764	80.339005	87.62078	-0.20162557	0.840241	1.0	False	liver	mid	enformer
4007	-7.2824707	80.347885	87.630356	-0.20162289	0.8402431	1.0	False	liver	mid	enformer
5324	-7.265373	80.337296	87.60267	-0.20119007	0.8405814	1.0	False	liver	mid	enformer
4077	-7.2645264	80.3481	87.612625	-0.20114113	0.8406197	1.0	False	liver	mid	enformer
2049	-7.2649994	80.35598	87.62098	-0.20113422	0.84062505	1.0	False	liver	mid	enformer
1168	-7.264786	80.35391	87.6187	-0.20113343	0.84062564	1.0	False	liver	mid	enformer
5040	-6.1986923	70.14546	76.344154	-0.18349609	0.8544373	1.0	False	liver	mid	enformer
4033	-6.1992188	70.15227	76.35149	-0.18349415	0.8544388	1.0	False	liver	mid	enformer
3314	-6.199257	70.15268	76.35194	-0.18349421	0.8544388	1.0	False	liver	mid	enformer
6018	-6.1985855	70.1456	76.344185	-0.18349266	0.85444	1.0	False	liver	mid	enformer
4871	-6.198616	70.146	76.34462	-0.18349253	0.85444003	1.0	False	liver	mid	enformer
3908	-6.1985855	70.1457	76.344284	-0.1834924	0.85444015	1.0	False	liver	mid	enformer
5989	-6.198509	70.144966	76.343475	-0.18349206	0.85444045	1.0	False	liver	mid	enformer
5423	-6.1985703	70.14566	76.34423	-0.18349208	0.85444045	1.0	False	liver	mid	enformer
5027	-6.198494	70.14481	76.34331	-0.18349202	0.85444045	1.0	False	liver	mid	enformer
2024	-6.1986313	70.14643	76.34506	-0.1834919	0.85444057	1.0	False	liver	mid	enformer
3563	-6.198532	70.14528	76.34381	-0.18349195	0.85444057	1.0	False	liver	mid	enformer
3412	-6.1985474	70.14551	76.344055	-0.1834918	0.8544407	1.0	False	liver	mid	enformer
3595	-6.1991806	70.15281	76.35199	-0.18349169	0.85444075	1.0	False	liver	mid	enformer
3821	-6.1985855	70.14605	76.344635	-0.18349154	0.85444087	1.0	False	liver	mid	enformer
6016	-6.198517	70.14529	76.3438	-0.1834915	0.8544409	1.0	False	liver	mid	enformer
4589	-6.1985474	70.14569	76.34424	-0.18349135	0.85444105	1.0	False	liver	mid	enformer
1794	-6.1985703	70.14596	76.34453	-0.18349133	0.85444105	1.0	False	liver	mid	enformer
96	-6.1985703	70.14602	76.34459	-0.18349117	0.85444117	1.0	False	liver	mid	enformer
2847	-6.1985855	70.14619	76.34477	-0.18349122	0.85444117	1.0	False	liver	mid	enformer
1124	-6.1985855	70.14625	76.34483	-0.18349102	0.8544413	1.0	False	liver	mid	enformer
268	-6.1985474	70.14583	76.344376	-0.183491	0.8544413	1.0	False	liver	mid	enformer
2948	-6.1985016	70.145424	76.343925	-0.18349071	0.8544415	1.0	False	liver	mid	enformer
6050	-6.198044	70.140785	76.33883	-0.18349071	0.8544415	1.0	False	liver	mid	enformer
3972	-6.198555	70.146065	76.34462	-0.18349063	0.8544416	1.0	False	liver	mid	enformer
302	-6.198517	70.145615	76.34413	-0.18349065	0.8544416	1.0	False	liver	mid	enformer
5448	-6.198494	70.14537	76.343864	-0.18349063	0.8544416	1.0	False	liver	mid	enformer
5174	-6.1990967	70.15228	76.35138	-0.18349062	0.8544416	1.0	False	liver	mid	enformer
6	-6.1985245	70.145744	76.34427	-0.18349056	0.85444164	1.0	False	liver	mid	enformer
3827	-6.1984863	70.14534	76.34383	-0.18349048	0.8544417	1.0	False	liver	mid	enformer
2317	-6.19915	70.152954	76.352104	-0.18349044	0.8544417	1.0	False	liver	mid	enformer
4415	-6.198471	70.14519	76.34366	-0.18349041	0.85444176	1.0	False	liver	mid	enformer
2559	-6.199112	70.15254	76.351654	-0.18349038	0.85444176	1.0	False	liver	mid	enformer
3255	-6.198448	70.14495	76.3434	-0.18349035	0.8544418	1.0	False	liver	mid	enformer
1243	-6.198509	70.14567	76.34418	-0.18349032	0.8544418	1.0	False	liver	mid	enformer
6011	-6.198532	70.14592	76.34445	-0.18349034	0.8544418	1.0	False	liver	mid	enformer
4474	-6.198532	70.145935	76.34447	-0.1834903	0.8544418	1.0	False	liver	mid	enformer
6001	-6.1985016	70.145584	76.344086	-0.18349034	0.8544418	1.0	False	liver	mid	enformer
2225	-6.1984787	70.1453	76.34378	-0.18349037	0.8544418	1.0	False	liver	mid	enformer
3004	-6.1991425	70.152954	76.3521	-0.18349023	0.8544419	1.0	False	liver	mid	enformer
1659	-6.199112	70.15262	76.35173	-0.1834902	0.85444194	1.0	False	liver	mid	enformer
2807	-6.1985016	70.145645	76.34415	-0.18349016	0.85444194	1.0	False	liver	mid	enformer
972	-6.1984787	70.14542	76.343895	-0.18349005	0.85444206	1.0	False	liver	mid	enformer
2289	-6.1991196	70.15277	76.35189	-0.18349002	0.85444206	1.0	False	liver	mid	enformer
2028	-6.1984177	70.14476	76.34318	-0.18348995	0.8544421	1.0	False	liver	mid	enformer
2305	-6.199089	70.152466	76.351555	-0.18348993	0.8544421	1.0	False	liver	mid	enformer
2762	-6.198494	70.145645	76.34414	-0.18348993	0.8544421	1.0	False	liver	mid	enformer
6022	-6.1985397	70.14624	76.34478	-0.18348977	0.85444224	1.0	False	liver	mid	enformer
5961	-6.1984634	70.14533	76.343796	-0.18348983	0.85444224	1.0	False	liver	mid	enformer
2270	-6.1985016	70.14583	76.34433	-0.1834897	0.8544423	1.0	False	liver	mid	enformer
5247	-6.1990967	70.15264	76.35174	-0.18348968	0.85444236	1.0	False	liver	mid	enformer
4532	-6.199074	70.1524	76.35147	-0.18348965	0.85444236	1.0	False	liver	mid	enformer
2323	-6.1985016	70.14587	76.34437	-0.18348959	0.8544424	1.0	False	liver	mid	enformer
2806	-6.1984787	70.14565	76.34413	-0.18348947	0.8544425	1.0	False	liver	mid	enformer
5631	-6.198456	70.14539	76.34385	-0.18348949	0.8544425	1.0	False	liver	mid	enformer
1754	-6.198433	70.14513	76.34356	-0.18348947	0.8544425	1.0	False	liver	mid	enformer
1921	-6.19841	70.144875	76.343285	-0.18348946	0.8544425	1.0	False	liver	mid	enformer
1323	-6.198456	70.145454	76.34391	-0.18348932	0.8544426	1.0	False	liver	mid	enformer
914	-6.198532	70.146324	76.34486	-0.18348934	0.8544426	1.0	False	liver	mid	enformer
4517	-6.1985245	70.14621	76.344734	-0.18348938	0.8544426	1.0	False	liver	mid	enformer
5153	-6.1984787	70.14571	76.34419	-0.18348934	0.8544426	1.0	False	liver	mid	enformer
1846	-6.198448	70.14534	76.34379	-0.18348938	0.8544426	1.0	False	liver	mid	enformer
3471	-6.1990967	70.15286	76.35196	-0.18348914	0.8544428	1.0	False	liver	mid	enformer
242	-6.198471	70.1457	76.34417	-0.18348914	0.8544428	1.0	False	liver	mid	enformer
3869	-6.199074	70.1526	76.35168	-0.18348914	0.8544428	1.0	False	liver	mid	enformer
450	-6.1984634	70.145645	76.34411	-0.18348907	0.85444283	1.0	False	liver	mid	enformer
3946	-6.1984253	70.14522	76.34364	-0.18348905	0.85444283	1.0	False	liver	mid	enformer
5131	-6.1984253	70.14521	76.343636	-0.18348905	0.85444283	1.0	False	liver	mid	enformer
3517	-6.1984634	70.145645	76.34411	-0.18348907	0.85444283	1.0	False	liver	mid	enformer
5835	-6.1984177	70.14516	76.343575	-0.18348898	0.85444283	1.0	False	liver	mid	enformer
5625	-6.1984634	70.14565	76.34412	-0.18348902	0.85444283	1.0	False	liver	mid	enformer
3983	-6.1983795	70.144714	76.343094	-0.18348898	0.85444283	1.0	False	liver	mid	enformer
3817	-6.1985397	70.14653	76.34507	-0.18348902	0.85444283	1.0	False	liver	mid	enformer
5792	-6.1984863	70.14598	76.34447	-0.18348888	0.8544429	1.0	False	liver	mid	enformer
3354	-6.1984406	70.14545	76.34389	-0.18348889	0.8544429	1.0	False	liver	mid	enformer
3122	-6.199089	70.15288	76.35197	-0.18348889	0.8544429	1.0	False	liver	mid	enformer
3402	-6.1984406	70.14543	76.34387	-0.18348894	0.8544429	1.0	False	liver	mid	enformer
6132	-6.1990585	70.15255	76.35161	-0.18348882	0.85444295	1.0	False	liver	mid	enformer
1765	-6.1990814	70.15284	76.35192	-0.18348877	0.854443	1.0	False	liver	mid	enformer
2302	-6.1984253	70.14536	76.34379	-0.18348867	0.8544431	1.0	False	liver	mid	enformer
5848	-6.1984634	70.1458	76.34426	-0.18348865	0.8544431	1.0	False	liver	mid	enformer
3652	-6.19899	70.15187	76.35086	-0.18348858	0.85444313	1.0	False	liver	mid	enformer
1079	-6.1984024	70.14513	76.34353	-0.1834886	0.85444313	1.0	False	liver	mid	enformer
1325	-6.198448	70.14568	76.34413	-0.18348853	0.8544432	1.0	False	liver	mid	enformer
2507	-6.1984024	70.145195	76.3436	-0.18348844	0.85444325	1.0	False	liver	mid	enformer
2210	-6.198494	70.14623	76.34473	-0.18348846	0.85444325	1.0	False	liver	mid	enformer
2023	-6.198471	70.145966	76.34444	-0.18348846	0.85444325	1.0	False	liver	mid	enformer
4340	-6.1984253	70.14548	76.3439	-0.1834884	0.8544433	1.0	False	liver	mid	enformer
468	-6.19841	70.14529	76.3437	-0.1834884	0.8544433	1.0	False	liver	mid	enformer
4627	-6.1984177	70.14542	76.343834	-0.18348834	0.8544434	1.0	False	liver	mid	enformer
3801	-6.1989517	70.151566	76.35052	-0.18348825	0.85444343	1.0	False	liver	mid	enformer
4109	-6.1984787	70.14616	76.344635	-0.18348822	0.85444343	1.0	False	liver	mid	enformer
299	-6.1984177	70.145485	76.3439	-0.18348815	0.8544435	1.0	False	liver	mid	enformer
5480	-6.1984253	70.145584	76.34401	-0.18348813	0.8544435	1.0	False	liver	mid	enformer
5887	-6.198494	70.146355	76.34485	-0.18348815	0.8544435	1.0	False	liver	mid	enformer
2198	-6.198456	70.14593	76.34438	-0.18348813	0.8544435	1.0	False	liver	mid	enformer
3046	-6.1985016	70.14646	76.34496	-0.1834881	0.8544435	1.0	False	liver	mid	enformer
4099	-6.1990585	70.15289	76.35195	-0.18348797	0.8544436	1.0	False	liver	mid	enformer
345	-6.19841	70.14544	76.34385	-0.18348803	0.8544436	1.0	False	liver	mid	enformer
5754	-6.1984024	70.14535	76.34375	-0.18348804	0.8544436	1.0	False	liver	mid	enformer
1497	-6.198395	70.14528	76.34367	-0.18348803	0.8544436	1.0	False	liver	mid	enformer
2931	-6.198372	70.14501	76.34338	-0.18348801	0.8544436	1.0	False	liver	mid	enformer
3371	-6.1983566	70.144844	76.3432	-0.18348801	0.8544436	1.0	False	liver	mid	enformer
4166	-6.198448	70.145874	76.34432	-0.18348806	0.8544436	1.0	False	liver	mid	enformer
324	-6.1985245	70.14677	76.34529	-0.18348804	0.8544436	1.0	False	liver	mid	enformer
3033	-6.1990204	70.15244	76.35146	-0.18348803	0.8544436	1.0	False	liver	mid	enformer
618	-6.198509	70.14658	76.34509	-0.18348804	0.8544436	1.0	False	liver	mid	enformer
3570	-6.198433	70.14574	76.34417	-0.18348795	0.85444367	1.0	False	liver	mid	enformer
920	-6.1984406	70.145836	76.34428	-0.18348794	0.85444367	1.0	False	liver	mid	enformer
1914	-6.198395	70.145325	76.34372	-0.1834879	0.85444367	1.0	False	liver	mid	enformer
2240	-6.199005	70.15234	76.35135	-0.18348782	0.8544437	1.0	False	liver	mid	enformer
877	-6.1984177	70.14561	76.344025	-0.18348783	0.8544437	1.0	False	liver	mid	enformer
4128	-6.1990204	70.15252	76.35154	-0.18348782	0.8544437	1.0	False	liver	mid	enformer
1768	-6.198349	70.144806	76.343155	-0.18348788	0.8544437	1.0	False	liver	mid	enformer
2670	-6.1983414	70.144775	76.34312	-0.18348776	0.8544438	1.0	False	liver	mid	enformer
2801	-6.199028	70.15263	76.35166	-0.18348777	0.8544438	1.0	False	liver	mid	enformer
2219	-6.198372	70.145096	76.34347	-0.1834878	0.8544438	1.0	False	liver	mid	enformer
3933	-6.198303	70.14437	76.342674	-0.18348765	0.85444385	1.0	False	liver	mid	enformer
3718	-6.1983566	70.14494	76.3433	-0.18348774	0.85444385	1.0	False	liver	mid	enformer
5638	-6.1984253	70.14575	76.34418	-0.18348768	0.85444385	1.0	False	liver	mid	enformer
4392	-6.1984177	70.14568	76.3441	-0.18348767	0.85444385	1.0	False	liver	mid	enformer
3853	-6.1984024	70.14547	76.34387	-0.18348771	0.85444385	1.0	False	liver	mid	enformer
3165	-6.1990585	70.152985	76.35204	-0.18348773	0.85444385	1.0	False	liver	mid	enformer
5692	-6.198395	70.145424	76.34382	-0.18348764	0.8544439	1.0	False	liver	mid	enformer
4748	-6.1984787	70.146385	76.344864	-0.18348764	0.8544439	1.0	False	liver	mid	enformer
3757	-6.1983337	70.14477	76.3431	-0.18348755	0.85444397	1.0	False	liver	mid	enformer
5947	-6.1983414	70.14484	76.34318	-0.1834876	0.85444397	1.0	False	liver	mid	enformer
3253	-6.1984024	70.14556	76.34396	-0.18348753	0.85444397	1.0	False	liver	mid	enformer
1406	-6.1984253	70.14579	76.344215	-0.18348761	0.85444397	1.0	False	liver	mid	enformer
878	-6.198387	70.14537	76.34376	-0.18348758	0.85444397	1.0	False	liver	mid	enformer
3317	-6.1989746	70.152115	76.35109	-0.18348753	0.85444397	1.0	False	liver	mid	enformer
1252	-6.1984253	70.14582	76.344246	-0.18348752	0.854444	1.0	False	liver	mid	enformer
1222	-6.1983185	70.14462	76.34294	-0.18348747	0.854444	1.0	False	liver	mid	enformer
4182	-6.1984024	70.14563	76.34403	-0.18348737	0.8544441	1.0	False	liver	mid	enformer
847	-6.198372	70.14523	76.343605	-0.18348746	0.8544441	1.0	False	liver	mid	enformer
1586	-6.198387	70.14545	76.343834	-0.18348737	0.8544441	1.0	False	liver	mid	enformer
1470	-6.198471	70.14641	76.34488	-0.18348739	0.8544441	1.0	False	liver	mid	enformer
3608	-6.1989365	70.15174	76.35068	-0.18348739	0.8544441	1.0	False	liver	mid	enformer
175	-6.1990967	70.15355	76.352646	-0.18348745	0.8544441	1.0	False	liver	mid	enformer
4263	-6.198433	70.14594	76.344376	-0.18348745	0.8544441	1.0	False	liver	mid	enformer
982	-6.198387	70.14544	76.34383	-0.18348739	0.8544441	1.0	False	liver	mid	enformer
4393	-6.198456	70.14623	76.34469	-0.18348737	0.8544441	1.0	False	liver	mid	enformer
6139	-6.198433	70.14596	76.34439	-0.18348742	0.8544441	1.0	False	liver	mid	enformer
3691	-6.1983566	70.1451	76.34346	-0.18348736	0.85444415	1.0	False	liver	mid	enformer
4785	-6.1983643	70.14521	76.343575	-0.18348731	0.85444415	1.0	False	liver	mid	enformer
1146	-6.198387	70.14547	76.34386	-0.18348733	0.85444415	1.0	False	liver	mid	enformer
5958	-6.1984177	70.145805	76.34422	-0.18348731	0.85444415	1.0	False	liver	mid	enformer
5107	-6.1983566	70.14514	76.3435	-0.18348724	0.8544442	1.0	False	liver	mid	enformer
2740	-6.198456	70.14629	76.34475	-0.18348725	0.8544442	1.0	False	liver	mid	enformer
3178	-6.1984253	70.14598	76.344406	-0.18348713	0.8544443	1.0	False	liver	mid	enformer
1267	-6.1983566	70.145195	76.34355	-0.18348713	0.8544443	1.0	False	liver	mid	enformer
3089	-6.198326	70.14487	76.34319	-0.18348707	0.8544443	1.0	False	liver	mid	enformer
1052	-6.19841	70.14582	76.34423	-0.18348712	0.8544443	1.0	False	liver	mid	enformer
1650	-6.1984024	70.14576	76.34416	-0.18348703	0.8544444	1.0	False	liver	mid	enformer
955	-6.1989594	70.15215	76.35111	-0.183487	0.8544444	1.0	False	liver	mid	enformer
5995	-6.1984253	70.14604	76.34447	-0.18348698	0.85444444	1.0	False	liver	mid	enformer
4457	-6.1989746	70.15236	76.35133	-0.18348692	0.85444444	1.0	False	liver	mid	enformer
4062	-6.198387	70.14561	76.343994	-0.18348697	0.85444444	1.0	False	liver	mid	enformer
2719	-6.199005	70.15271	76.351715	-0.18348695	0.85444444	1.0	False	liver	mid	enformer
1139	-6.1983795	70.14551	76.34389	-0.183487	0.85444444	1.0	False	liver	mid	enformer
1184	-6.1984787	70.146645	76.34512	-0.183487	0.85444444	1.0	False	liver	mid	enformer
4167	-6.1990204	70.15287	76.35189	-0.18348695	0.85444444	1.0	False	liver	mid	enformer
1866	-6.1983414	70.14508	76.34342	-0.18348698	0.85444444	1.0	False	liver	mid	enformer
1258	-6.1983643	70.14537	76.343735	-0.1834869	0.8544445	1.0	False	liver	mid	enformer
2956	-6.1983795	70.14555	76.34393	-0.18348691	0.8544445	1.0	False	liver	mid	enformer
2045	-6.198303	70.14469	76.342995	-0.18348685	0.85444456	1.0	False	liver	mid	enformer
707	-6.198395	70.145775	76.34417	-0.18348679	0.85444456	1.0	False	liver	mid	enformer
5238	-6.1983643	70.14542	76.34378	-0.18348679	0.85444456	1.0	False	liver	mid	enformer
5059	-6.198387	70.1457	76.344086	-0.18348676	0.85444456	1.0	False	liver	mid	enformer
2485	-6.1984024	70.14592	76.34432	-0.18348664	0.8544447	1.0	False	liver	mid	enformer
966	-6.1983643	70.145485	76.34385	-0.18348663	0.8544447	1.0	False	liver	mid	enformer
5773	-6.198311	70.14492	76.34323	-0.18348654	0.85444474	1.0	False	liver	mid	enformer
3301	-6.198349	70.14534	76.34369	-0.18348657	0.85444474	1.0	False	liver	mid	enformer
5621	-6.1989517	70.15223	76.35118	-0.18348657	0.85444474	1.0	False	liver	mid	enformer
928	-6.1989822	70.15258	76.35156	-0.18348658	0.85444474	1.0	False	liver	mid	enformer
903	-6.198372	70.14561	76.34398	-0.18348652	0.8544448	1.0	False	liver	mid	enformer
5171	-6.1983337	70.145164	76.3435	-0.18348655	0.8544448	1.0	False	liver	mid	enformer
2327	-6.19841	70.14605	76.34446	-0.1834865	0.8544448	1.0	False	liver	mid	enformer
1038	-6.1983414	70.1453	76.34364	-0.18348643	0.85444486	1.0	False	liver	mid	enformer
5540	-6.198387	70.14581	76.3442	-0.18348646	0.85444486	1.0	False	liver	mid	enformer
697	-6.1983795	70.145775	76.344154	-0.18348633	0.8544449	1.0	False	liver	mid	enformer
486	-6.1984177	70.14621	76.34463	-0.18348634	0.8544449	1.0	False	liver	mid	enformer
3751	-6.1984177	70.14621	76.34463	-0.18348634	0.8544449	1.0	False	liver	mid	enformer
5757	-6.198456	70.146645	76.3451	-0.18348633	0.8544449	1.0	False	liver	mid	enformer
3443	-6.198326	70.14514	76.34347	-0.18348637	0.8544449	1.0	False	liver	mid	enformer
4016	-6.1983795	70.14579	76.34417	-0.18348631	0.8544449	1.0	False	liver	mid	enformer
5793	-6.1983566	70.145515	76.34387	-0.18348631	0.8544449	1.0	False	liver	mid	enformer
1260	-6.1983795	70.14581	76.34419	-0.18348622	0.85444504	1.0	False	liver	mid	enformer
285	-6.198372	70.14574	76.34411	-0.18348621	0.85444504	1.0	False	liver	mid	enformer
1374	-6.198349	70.14547	76.34382	-0.1834862	0.85444504	1.0	False	liver	mid	enformer
178	-6.19841	70.14619	76.3446	-0.18348616	0.85444504	1.0	False	liver	mid	enformer
1396	-6.1983414	70.14541	76.34375	-0.18348616	0.85444504	1.0	False	liver	mid	enformer
2415	-6.198349	70.14551	76.34386	-0.18348612	0.8544451	1.0	False	liver	mid	enformer
3824	-6.1989365	70.15223	76.351166	-0.18348613	0.8544451	1.0	False	liver	mid	enformer
4922	-6.1983566	70.14563	76.34399	-0.18348604	0.85444516	1.0	False	liver	mid	enformer
4225	-6.1989517	70.15246	76.35141	-0.18348598	0.85444516	1.0	False	liver	mid	enformer
2398	-6.1983414	70.145454	76.343796	-0.18348606	0.85444516	1.0	False	liver	mid	enformer
4875	-6.19899	70.15287	76.35186	-0.18348606	0.85444516	1.0	False	liver	mid	enformer
643	-6.1989136	70.15204	76.35095	-0.18348595	0.8544452	1.0	False	liver	mid	enformer
5739	-6.198326	70.14531	76.343636	-0.18348597	0.8544452	1.0	False	liver	mid	enformer
3383	-6.198921	70.15216	76.35108	-0.1834859	0.8544453	1.0	False	liver	mid	enformer
5008	-6.1983795	70.14595	76.34433	-0.1834859	0.8544453	1.0	False	liver	mid	enformer
4839	-6.1983185	70.14528	76.3436	-0.18348584	0.8544453	1.0	False	liver	mid	enformer
6069	-6.1983643	70.14578	76.34415	-0.18348588	0.8544453	1.0	False	liver	mid	enformer
1375	-6.1983414	70.14556	76.3439	-0.18348579	0.85444534	1.0	False	liver	mid	enformer
4396	-6.199005	70.15317	76.35217	-0.18348578	0.8544454	1.0	False	liver	mid	enformer
2880	-6.1983185	70.14531	76.34363	-0.18348573	0.8544454	1.0	False	liver	mid	enformer
6089	-6.198387	70.14611	76.3445	-0.18348572	0.8544454	1.0	False	liver	mid	enformer
1178	-6.198288	70.144966	76.343254	-0.18348576	0.8544454	1.0	False	liver	mid	enformer
2756	-6.1984253	70.14658	76.34501	-0.18348564	0.85444546	1.0	False	liver	mid	enformer
5112	-6.198311	70.1453	76.34361	-0.18348557	0.8544455	1.0	False	liver	mid	enformer
3851	-6.1983643	70.14592	76.344284	-0.18348552	0.8544456	1.0	False	liver	mid	enformer
2859	-6.1990128	70.153366	76.35238	-0.1834855	0.8544456	1.0	False	liver	mid	enformer
3724	-6.1989517	70.15268	76.35163	-0.18348545	0.85444564	1.0	False	liver	mid	enformer
919	-6.198929	70.152435	76.351364	-0.18348542	0.85444564	1.0	False	liver	mid	enformer
3885	-6.198311	70.14534	76.34365	-0.18348546	0.85444564	1.0	False	liver	mid	enformer
5124	-6.198311	70.14535	76.34366	-0.18348542	0.85444564	1.0	False	liver	mid	enformer
2029	-6.198349	70.14583	76.34418	-0.18348533	0.85444576	1.0	False	liver	mid	enformer
725	-6.1989136	70.15231	76.35123	-0.18348528	0.85444576	1.0	False	liver	mid	enformer
1688	-6.198921	70.15242	76.35134	-0.18348524	0.8544458	1.0	False	liver	mid	enformer
4789	-6.198303	70.14536	76.343666	-0.1834852	0.8544458	1.0	False	liver	mid	enformer
779	-6.198372	70.14617	76.34454	-0.18348512	0.8544459	1.0	False	liver	mid	enformer
3795	-6.1983414	70.14582	76.34416	-0.18348514	0.8544459	1.0	False	liver	mid	enformer
5348	-6.1983414	70.14588	76.34422	-0.18348497	0.854446	1.0	False	liver	mid	enformer
5372	-6.1983566	70.14606	76.34441	-0.18348496	0.854446	1.0	False	liver	mid	enformer
4952	-6.198883	70.15207	76.35095	-0.183485	0.854446	1.0	False	liver	mid	enformer
4902	-6.1989517	70.152885	76.35184	-0.18348494	0.854446	1.0	False	liver	mid	enformer
5190	-6.198395	70.14653	76.344925	-0.1834849	0.85444605	1.0	False	liver	mid	enformer
2465	-6.1983185	70.14568	76.344	-0.18348484	0.8544461	1.0	False	liver	mid	enformer
1670	-6.1982727	70.14514	76.343414	-0.18348485	0.8544461	1.0	False	liver	mid	enformer
1338	-6.198303	70.1455	76.3438	-0.18348484	0.8544461	1.0	False	liver	mid	enformer
2944	-6.1988373	70.15161	76.35045	-0.18348487	0.8544461	1.0	False	liver	mid	enformer
644	-6.198868	70.151955	76.35082	-0.18348488	0.8544461	1.0	False	liver	mid	enformer
5013	-6.198303	70.145485	76.34379	-0.18348487	0.8544461	1.0	False	liver	mid	enformer
1764	-6.1982803	70.14527	76.34355	-0.18348475	0.8544462	1.0	False	liver	mid	enformer
571	-6.198326	70.14579	76.34412	-0.18348475	0.8544462	1.0	False	liver	mid	enformer
3135	-6.1982803	70.145294	76.343575	-0.18348472	0.85444623	1.0	False	liver	mid	enformer
1996	-6.198303	70.14555	76.34386	-0.18348472	0.85444623	1.0	False	liver	mid	enformer
4088	-6.1983337	70.14592	76.34425	-0.18348464	0.8544463	1.0	False	liver	mid	enformer
4025	-6.1983566	70.14626	76.34462	-0.18348445	0.85444635	1.0	False	liver	mid	enformer
5381	-6.198303	70.1456	76.3439	-0.18348457	0.85444635	1.0	False	liver	mid	enformer
1486	-6.1983566	70.14632	76.34467	-0.18348433	0.8544465	1.0	False	liver	mid	enformer
2983	-6.1989746	70.15339	76.35236	-0.18348433	0.8544465	1.0	False	liver	mid	enformer
3427	-6.19899	70.153595	76.352585	-0.18348429	0.85444653	1.0	False	liver	mid	enformer
1562	-6.1982803	70.14551	76.34379	-0.18348417	0.8544466	1.0	False	liver	mid	enformer
245	-6.198265	70.14535	76.34361	-0.18348412	0.85444665	1.0	False	liver	mid	enformer
3583	-6.1983414	70.14627	76.34461	-0.18348402	0.8544467	1.0	False	liver	mid	enformer
4139	-6.1982956	70.14575	76.34405	-0.18348397	0.85444677	1.0	False	liver	mid	enformer
5339	-6.198181	70.14448	76.34266	-0.1834839	0.8544468	1.0	False	liver	mid	enformer
1270	-6.198303	70.145905	76.34421	-0.18348382	0.8544469	1.0	False	liver	mid	enformer
1372	-6.198288	70.14577	76.344055	-0.18348372	0.85444695	1.0	False	liver	mid	enformer
552	-6.1988754	70.152565	76.35144	-0.18348357	0.85444707	1.0	False	liver	mid	enformer
5398	-6.1982574	70.145645	76.3439	-0.18348318	0.85444736	1.0	False	liver	mid	enformer
3664	-6.19825	70.14557	76.34382	-0.18348311	0.8544474	1.0	False	liver	mid	enformer
4064	-6.1982346	70.1455	76.343735	-0.18348286	0.85444766	1.0	False	liver	mid	enformer
5164	-6.1982727	70.14594	76.344215	-0.18348286	0.85444766	1.0	False	liver	mid	enformer
232	-6.1982346	70.14556	76.343796	-0.18348272	0.8544477	1.0	False	liver	mid	enformer
2007	-6.1988754	70.15293	76.35181	-0.18348266	0.8544478	1.0	False	liver	mid	enformer
223	-6.1982346	70.14556	76.343796	-0.1834827	0.8544478	1.0	False	liver	mid	enformer
839	-6.198288	70.1462	76.34449	-0.18348265	0.85444784	1.0	False	liver	mid	enformer
1750	-6.1987915	70.152	76.35079	-0.18348257	0.85444784	1.0	False	liver	mid	enformer
5382	-6.198189	70.14511	76.3433	-0.18348251	0.8544479	1.0	False	liver	mid	enformer
4187	-6.198204	70.14535	76.34355	-0.18348238	0.854448	1.0	False	liver	mid	enformer
3597	-6.1982193	70.14553	76.34375	-0.18348236	0.854448	1.0	False	liver	mid	enformer
2926	-6.1988373	70.15264	76.35148	-0.18348229	0.8544481	1.0	False	liver	mid	enformer
5584	-6.198181	70.145615	76.343796	-0.18348104	0.8544491	1.0	False	liver	mid	enformer
1386	-6.198166	70.14554	76.343704	-0.18348081	0.8544493	1.0	False	liver	mid	enformer
4564	-6.198143	70.14534	76.34348	-0.18348067	0.8544494	1.0	False	liver	mid	enformer
305	-6.108017	70.18459	76.29261	-0.18081519	0.8565408	1.0	False	liver	mid	enformer
2306	-6.1096344	70.208755	76.31839	-0.18080242	0.85655075	1.0	False	liver	mid	enformer
3500	-6.1063232	70.18359	76.28992	-0.18076946	0.8565767	1.0	False	liver	mid	enformer
3964	-6.1076584	70.21331	76.32097	-0.1807342	0.85660434	1.0	False	liver	mid	enformer
4693	-6.1050873	70.19898	76.30407	-0.18069644	0.8566339	1.0	False	liver	mid	enformer
3509	-6.0993347	70.18848	76.28781	-0.18055712	0.8567433	1.0	False	liver	mid	enformer
4499	-6.0996094	70.192635	76.292244	-0.18055494	0.856745	1.0	False	liver	mid	enformer
1002	-6.099777	70.19505	76.29483	-0.18055353	0.85674614	1.0	False	liver	mid	enformer
3462	-6.0978928	70.18166	76.27956	-0.18053238	0.85676265	1.0	False	liver	mid	enformer
3385	-6.098892	70.195786	76.29468	-0.18052627	0.8567675	1.0	False	liver	mid	enformer
5225	-6.099869	70.20745	76.30732	-0.18052527	0.8567683	1.0	False	liver	mid	enformer
4930	-6.093178	70.203964	76.29714	-0.18034224	0.8569119	1.0	False	liver	mid	enformer
3201	-6.089897	70.18763	76.27753	-0.18028891	0.8569538	1.0	False	liver	mid	enformer
932	-6.090767	70.20523	76.296	-0.18026999	0.85696864	1.0	False	liver	mid	enformer
5328	-6.090988	70.20807	76.29906	-0.18026933	0.8569692	1.0	False	liver	mid	enformer
3330	-6.0900574	70.19856	76.28862	-0.18026613	0.8569717	1.0	False	liver	mid	enformer
4958	-6.0913773	70.21428	76.30566	-0.18026589	0.85697186	1.0	False	liver	mid	enformer
5272	-6.0909576	70.2093	76.300255	-0.18026549	0.8569722	1.0	False	liver	mid	enformer
4558	-6.0907974	70.20773	76.29853	-0.18026468	0.8569728	1.0	False	liver	mid	enformer
613	-6.0907974	70.208565	76.29936	-0.18026266	0.85697436	1.0	False	liver	mid	enformer
4309	-6.089157	70.193245	76.2824	-0.18025355	0.8569815	1.0	False	liver	mid	enformer
4111	-6.0877	70.2022	76.2899	-0.1801898	0.8570316	1.0	False	liver	mid	enformer
4740	-6.086975	70.19539	76.282364	-0.18018584	0.8570347	1.0	False	liver	mid	enformer
258	-6.0874176	70.20149	76.28891	-0.18018353	0.8570365	1.0	False	liver	mid	enformer
2309	-6.0837555	70.18971	76.27347	-0.18010792	0.85709584	1.0	False	liver	mid	enformer
5819	-6.0834427	70.20422	76.28767	-0.18006206	0.85713184	1.0	False	liver	mid	enformer
3262	-6.084114	70.21263	76.296745	-0.18006058	0.857133	1.0	False	liver	mid	enformer
3342	-6.083832	70.21217	76.296005	-0.18005359	0.85713845	1.0	False	liver	mid	enformer
225	6.9549484	100.1607	93.20575	0.17807648	0.85869247	1.0	False	liver	mid	enformer
5231	6.9549026	100.1617	93.206795	0.17807345	0.8586948	1.0	False	liver	mid	enformer
5953	6.9547653	100.16195	93.207184	0.1780694	0.858698	1.0	False	liver	mid	enformer
431	6.9539795	100.15132	93.19734	0.17806917	0.8586981	1.0	False	liver	mid	enformer
3215	6.9547424	100.16175	93.20701	0.17806916	0.8586982	1.0	False	liver	mid	enformer
3540	6.9547653	100.162315	93.20755	0.17806876	0.8586985	1.0	False	liver	mid	enformer
668	6.954651	100.16077	93.206116	0.17806852	0.85869867	1.0	False	liver	mid	enformer
3062	6.9539795	100.15225	93.19827	0.17806749	0.85869944	1.0	False	liver	mid	enformer
3095	6.9538574	100.152	93.19814	0.17806475	0.85870165	1.0	False	liver	mid	enformer
1855	6.953697	100.151924	93.19823	0.17806067	0.85870486	1.0	False	liver	mid	enformer
872	6.904457	100.13691	93.23245	0.17679307	0.85970026	1.0	False	liver	mid	enformer
3721	6.904373	100.136154	93.23178	0.17679226	0.8597009	1.0	False	liver	mid	enformer
958	6.8728867	100.138466	93.26558	0.17596081	0.8603539	1.0	False	liver	mid	enformer
4336	6.871788	100.15103	93.27924	0.17590953	0.86039424	1.0	False	liver	mid	enformer
5541	6.8714523	100.14947	93.278015	0.17590347	0.86039895	1.0	False	liver	mid	enformer
5376	6.862602	100.136604	93.274	0.17569405	0.86056346	1.0	False	liver	mid	enformer
6044	6.862549	100.13679	93.27424	0.1756923	0.8605648	1.0	False	liver	mid	enformer
5722	6.862358	100.13707	93.27471	0.17568678	0.8605692	1.0	False	liver	mid	enformer
4297	5.019623	70.106514	65.08689	0.15285009	0.8785415	1.0	False	liver	mid	enformer
5220	5.0191116	70.09942	65.08031	0.15284994	0.8785417	1.0	False	liver	mid	enformer
2543	5.0191803	70.10069	65.08151	0.15284926	0.87854224	1.0	False	liver	mid	enformer
704	5.0192184	70.1014	65.082184	0.15284888	0.87854254	1.0	False	liver	mid	enformer
685	5.01873	70.09478	65.07605	0.15284829	0.878543	1.0	False	liver	mid	enformer
2600	5.018715	70.09468	65.075966	0.15284804	0.8785432	1.0	False	liver	mid	enformer
2896	5.019211	70.101875	65.082664	0.15284756	0.8785436	1.0	False	liver	mid	enformer
1441	5.0187073	70.09487	65.076164	0.15284738	0.87854373	1.0	False	liver	mid	enformer
4005	5.01915	70.10113	65.08198	0.15284733	0.8785438	1.0	False	liver	mid	enformer
1483	5.019211	70.102104	65.08289	0.15284707	0.878544	1.0	False	liver	mid	enformer
2531	5.0191727	70.10169	65.08252	0.1528468	0.8785442	1.0	False	liver	mid	enformer
3733	5.0191574	70.10147	65.08231	0.15284681	0.8785442	1.0	False	liver	mid	enformer
4051	5.0191345	70.10118	65.08205	0.15284671	0.8785443	1.0	False	liver	mid	enformer
4049	5.0186844	70.09486	65.07617	0.15284668	0.87854433	1.0	False	liver	mid	enformer
579	5.019142	70.10136	65.082214	0.15284659	0.8785444	1.0	False	liver	mid	enformer
3582	5.019058	70.100266	65.08121	0.15284637	0.87854457	1.0	False	liver	mid	enformer
3746	5.019142	70.1015	65.08236	0.15284625	0.8785446	1.0	False	liver	mid	enformer
5973	5.0186615	70.09479	65.076126	0.15284613	0.87854475	1.0	False	liver	mid	enformer
1557	5.018654	70.09476	65.0761	0.15284595	0.87854487	1.0	False	liver	mid	enformer
3926	5.0190887	70.10097	65.08188	0.15284577	0.87854505	1.0	False	liver	mid	enformer
5076	5.019127	70.101524	65.0824	0.15284574	0.87854505	1.0	False	liver	mid	enformer
2977	5.0190887	70.101006	65.08192	0.1528457	0.8785451	1.0	False	liver	mid	enformer
1605	5.019058	70.100586	65.08153	0.15284565	0.8785451	1.0	False	liver	mid	enformer
5608	5.01915	70.10194	65.08279	0.15284555	0.87854517	1.0	False	liver	mid	enformer
3977	5.018692	70.09547	65.076775	0.15284556	0.87854517	1.0	False	liver	mid	enformer
2935	5.0186386	70.09483	65.076195	0.15284531	0.87854534	1.0	False	liver	mid	enformer
3155	5.019058	70.10077	65.08171	0.15284526	0.8785454	1.0	False	liver	mid	enformer
3288	5.0191193	70.10165	65.08253	0.15284522	0.87854546	1.0	False	liver	mid	enformer
3376	5.019081	70.10124	65.08216	0.1528449	0.8785457	1.0	False	liver	mid	enformer
4229	5.0190887	70.1014	65.08231	0.15284482	0.87854576	1.0	False	liver	mid	enformer
1673	5.0186234	70.09491	65.07629	0.15284464	0.8785458	1.0	False	liver	mid	enformer
3447	5.0190964	70.10154	65.08244	0.15284476	0.8785458	1.0	False	liver	mid	enformer
1546	5.0194855	70.10703	65.08755	0.15284462	0.8785459	1.0	False	liver	mid	enformer
925	5.0189896	70.10006	65.08107	0.15284468	0.8785459	1.0	False	liver	mid	enformer
2011	5.018608	70.094666	65.07606	0.15284471	0.8785459	1.0	False	liver	mid	enformer
5799	5.0190506	70.10099	65.08194	0.15284453	0.87854594	1.0	False	liver	mid	enformer
36	5.019104	70.1019	65.082794	0.15284419	0.8785462	1.0	False	liver	mid	enformer
1364	5.018997	70.1004	65.081406	0.15284415	0.87854624	1.0	False	liver	mid	enformer
5341	5.019043	70.101074	65.08203	0.15284412	0.87854624	1.0	False	liver	mid	enformer
2588	5.019142	70.10246	65.08332	0.15284412	0.87854624	1.0	False	liver	mid	enformer
5591	5.018585	70.09463	65.07604	0.15284412	0.87854624	1.0	False	liver	mid	enformer
3388	5.0190277	70.10087	65.08184	0.15284409	0.8785463	1.0	False	liver	mid	enformer
3968	5.019043	70.1011	65.082054	0.15284406	0.8785463	1.0	False	liver	mid	enformer
3797	5.0190277	70.10095	65.081924	0.1528439	0.8785464	1.0	False	liver	mid	enformer
502	5.01857	70.094505	65.075935	0.15284386	0.8785465	1.0	False	liver	mid	enformer
2788	5.0191116	70.102196	65.083084	0.15284374	0.87854654	1.0	False	liver	mid	enformer
2586	5.0191193	70.10231	65.08319	0.15284374	0.87854654	1.0	False	liver	mid	enformer
5588	5.019058	70.10148	65.08242	0.1528437	0.8785466	1.0	False	liver	mid	enformer
3775	5.01857	70.094604	65.076035	0.15284365	0.87854666	1.0	False	liver	mid	enformer
4273	5.019058	70.10157	65.08251	0.15284349	0.8785468	1.0	False	liver	mid	enformer
5093	5.0190887	70.10205	65.08296	0.15284337	0.8785469	1.0	False	liver	mid	enformer
6012	5.018547	70.09445	65.075905	0.15284327	0.87854695	1.0	False	liver	mid	enformer
4891	5.0185623	70.09469	65.076126	0.15284322	0.87854695	1.0	False	liver	mid	enformer
6104	5.019005	70.10099	65.081985	0.1528431	0.8785471	1.0	False	liver	mid	enformer
5451	5.018547	70.094635	65.07609	0.15284288	0.87854725	1.0	False	liver	mid	enformer
1728	5.018547	70.09461	65.076065	0.15284292	0.87854725	1.0	False	liver	mid	enformer
4830	5.0190353	70.10163	65.082596	0.15284264	0.87854743	1.0	False	liver	mid	enformer
3212	5.0190506	70.10186	65.08281	0.1528426	0.8785475	1.0	False	liver	mid	enformer
1617	5.018532	70.09458	65.07605	0.1528425	0.87854755	1.0	False	liver	mid	enformer
788	5.0185165	70.09439	65.075874	0.15284245	0.8785476	1.0	False	liver	mid	enformer
2134	5.0190353	70.10171	65.08267	0.15284245	0.8785476	1.0	False	liver	mid	enformer
5449	5.018585	70.09536	65.076775	0.15284243	0.8785476	1.0	False	liver	mid	enformer
5642	5.0189667	70.10077	65.0818	0.15284237	0.87854767	1.0	False	liver	mid	enformer
2187	5.018509	70.094345	65.075836	0.15284233	0.87854767	1.0	False	liver	mid	enformer
6128	5.0189056	70.09991	65.081	0.15284239	0.87854767	1.0	False	liver	mid	enformer
4172	5.018524	70.09456	65.076035	0.15284231	0.8785477	1.0	False	liver	mid	enformer
1417	5.019005	70.10134	65.08234	0.15284231	0.8785477	1.0	False	liver	mid	enformer
3378	5.0189743	70.10103	65.082054	0.15284204	0.8785479	1.0	False	liver	mid	enformer
5512	5.0185013	70.09453	65.07603	0.15284167	0.8785482	1.0	False	liver	mid	enformer
5207	5.0185013	70.09455	65.07605	0.15284161	0.87854826	1.0	False	liver	mid	enformer
5095	5.0185013	70.09463	65.076126	0.15284148	0.8785484	1.0	False	liver	mid	enformer
3251	5.0185013	70.09467	65.07617	0.15284134	0.87854844	1.0	False	liver	mid	enformer
3555	5.0184937	70.09465	65.07616	0.15284117	0.8785486	1.0	False	liver	mid	enformer
3322	5.0189514	70.1011	65.082146	0.15284118	0.8785486	1.0	False	liver	mid	enformer
155	5.018509	70.094864	65.076355	0.15284118	0.8785486	1.0	False	liver	mid	enformer
2994	5.018471	70.094376	65.075905	0.15284106	0.8785487	1.0	False	liver	mid	enformer
149	5.0184937	70.09472	65.076225	0.15284102	0.87854874	1.0	False	liver	mid	enformer
3159	5.0189285	70.100845	65.08192	0.15284103	0.87854874	1.0	False	liver	mid	enformer
2152	5.018921	70.10076	65.08184	0.15284097	0.8785488	1.0	False	liver	mid	enformer
4066	5.018463	70.09437	65.075905	0.15284085	0.87854886	1.0	False	liver	mid	enformer
2858	5.0189743	70.101654	65.08268	0.15284066	0.87854904	1.0	False	liver	mid	enformer
1942	5.018471	70.094574	65.0761	0.15284061	0.87854904	1.0	False	liver	mid	enformer
4624	5.018463	70.0945	65.076035	0.15284055	0.8785491	1.0	False	liver	mid	enformer
2649	5.0184784	70.09483	65.076355	0.15284026	0.87854934	1.0	False	liver	mid	enformer
3633	5.018799	70.0994	65.080605	0.15284018	0.8785494	1.0	False	liver	mid	enformer
3670	5.0189896	70.10225	65.08326	0.15283981	0.8785497	1.0	False	liver	mid	enformer
6136	5.0188828	70.10082	65.08194	0.15283962	0.8785499	1.0	False	liver	mid	enformer
3177	5.018898	70.10124	65.082344	0.15283917	0.87855023	1.0	False	liver	mid	enformer
2086	5.018448	70.095	65.07655	0.15283895	0.87855035	1.0	False	liver	mid	enformer
1675	5.018959	70.10217	65.08321	0.15283902	0.87855035	1.0	False	liver	mid	enformer
1749	5.0187225	70.09889	65.08017	0.15283892	0.8785504	1.0	False	liver	mid	enformer
6031	5.0184402	70.09503	65.07659	0.15283866	0.8785506	1.0	False	liver	mid	enformer
5924	5.0188828	70.10126	65.082375	0.15283868	0.8785506	1.0	False	liver	mid	enformer
588	5.018387	70.09456	65.07617	0.15283804	0.87855107	1.0	False	liver	mid	enformer
2854	5.018692	70.09908	65.08039	0.15283753	0.8785515	1.0	False	liver	mid	enformer
3061	5.01828	70.09463	65.07635	0.15283453	0.87855387	1.0	False	liver	mid	enformer
5054	3.8048477	80.10952	76.30467	0.10816273	0.91388416	1.0	False	liver	mid	enformer
843	3.8044357	80.103676	76.29924	0.10815876	0.9138873	1.0	False	liver	mid	enformer
1436	3.8033524	80.11049	76.30714	0.1081179	0.91391975	1.0	False	liver	mid	enformer
1686	3.8008804	80.100815	76.299934	0.1080595	0.913966	1.0	False	liver	mid	enformer
79	3.8000793	80.10272	76.30264	0.10803421	0.9139861	1.0	False	liver	mid	enformer
3475	3.7987595	80.08119	76.28243	0.10802593	0.91399264	1.0	False	liver	mid	enformer
4511	3.7996368	80.10113	76.30149	0.10802288	0.913995	1.0	False	liver	mid	enformer
5522	3.7987137	80.109795	76.31108	0.10798494	0.9140251	1.0	False	liver	mid	enformer
1166	3.7987595	80.11139	76.31263	0.10798411	0.9140258	1.0	False	liver	mid	enformer
2064	3.7983322	80.105545	76.30721	0.107979655	0.91402936	1.0	False	liver	mid	enformer
5581	3.7965088	80.08663	76.29012	0.10795248	0.91405094	1.0	False	liver	mid	enformer
3472	3.7967072	80.093155	76.29645	0.10794937	0.9140533	1.0	False	liver	mid	enformer
4805	3.7963943	80.08656	76.29017	0.10794926	0.9140534	1.0	False	liver	mid	enformer
5080	3.7963867	80.08693	76.29054	0.10794855	0.914054	1.0	False	liver	mid	enformer
5551	3.7966537	80.094635	76.29798	0.10794582	0.9140562	1.0	False	liver	mid	enformer
828	3.7963486	80.1059	76.309555	0.10792155	0.9140754	1.0	False	liver	mid	enformer
2565	3.7960129	80.10085	76.30484	0.10791866	0.91407776	1.0	False	liver	mid	enformer
4459	3.7917328	80.105896	76.31416	0.10778832	0.91418105	1.0	False	liver	mid	enformer
5055	3.791687	80.10568	76.313995	0.10778726	0.9141819	1.0	False	liver	mid	enformer
4778	3.7898865	80.08464	76.294754	0.10776388	0.9142004	1.0	False	liver	mid	enformer
5227	3.788559	80.09096	76.3024	0.10771705	0.91423756	1.0	False	liver	mid	enformer
3164	3.7882843	80.0895	76.301216	0.10771109	0.9142423	1.0	False	liver	mid	enformer
2400	3.7888184	80.12533	76.33651	0.10767689	0.91426945	1.0	False	liver	mid	enformer
2742	3.788742	80.12393	76.33519	0.10767668	0.9142696	1.0	False	liver	mid	enformer
4326	3.7890854	80.13242	76.34334	0.107674986	0.91427094	1.0	False	liver	mid	enformer
1171	3.7874222	80.10405	76.31663	0.1076658	0.9142782	1.0	False	liver	mid	enformer
5335	3.7838898	80.08713	76.30324	0.107587054	0.9143407	1.0	False	liver	mid	enformer
4192	3.7838364	80.08638	76.30254	0.10758651	0.9143411	1.0	False	liver	mid	enformer
733	3.7836761	80.08654	76.302864	0.107581645	0.914345	1.0	False	liver	mid	enformer
2823	3.779152	80.09101	76.31186	0.10744495	0.9144534	1.0	False	liver	mid	enformer
3527	3.7792587	80.09377	76.314514	0.107444316	0.9144539	1.0	False	liver	mid	enformer
365	3.7798996	80.10812	76.328224	0.10744288	0.91445506	1.0	False	liver	mid	enformer
5728	-3.1329422	90.12504	93.25798	-0.08289829	0.9339455	1.0	False	liver	mid	enformer
1353	-3.124176	90.140465	93.26464	-0.08265504	0.93413883	1.0	False	liver	mid	enformer
4237	-3.1241531	90.141556	93.26571	-0.082653485	0.9341401	1.0	False	liver	mid	enformer
4614	-3.0921173	90.176575	93.26869	-0.081785806	0.9348299	1.0	False	liver	mid	enformer
257	-3.0913086	90.1653	93.25661	-0.081774294	0.93483907	1.0	False	liver	mid	enformer
4887	-3.0916061	90.1762	93.26781	-0.08177244	0.93484056	1.0	False	liver	mid	enformer
2986	-3.0848007	90.17341	93.25821	-0.08159766	0.9349795	1.0	False	liver	mid	enformer
4899	-3.0834656	90.184296	93.26776	-0.08155267	0.93501526	1.0	False	liver	mid	enformer
3524	-3.083435	90.183846	93.26728	-0.08155228	0.93501556	1.0	False	liver	mid	enformer
1344	-3.0833588	90.18325	93.26661	-0.08155081	0.93501675	1.0	False	liver	mid	enformer
4999	-3.0832367	90.18737	93.27061	-0.08154421	0.935022	1.0	False	liver	mid	enformer
2082	-3.0821838	90.17453	93.256714	-0.081528045	0.9350348	1.0	False	liver	mid	enformer
2056	-3.0824814	90.184296	93.26678	-0.081527114	0.9350356	1.0	False	liver	mid	enformer
2019	-3.078331	90.17252	93.250854	-0.081429444	0.9351132	1.0	False	liver	mid	enformer
5048	-3.0785522	90.180145	93.2587	-0.08142836	0.9351141	1.0	False	liver	mid	enformer
3232	-3.07827	90.17357	93.25184	-0.08142693	0.93511516	1.0	False	liver	mid	enformer
5878	-3.0785828	90.18294	93.26152	-0.081426576	0.9351155	1.0	False	liver	mid	enformer
2527	-3.0784454	90.18177	93.260216	-0.081424005	0.93511754	1.0	False	liver	mid	enformer
6105	-3.0780869	90.171616	93.2497	-0.081423864	0.93511766	1.0	False	liver	mid	enformer
4402	-3.0775833	90.18555	93.26313	-0.08139773	0.93513846	1.0	False	liver	mid	enformer
4022	-3.0774155	90.18457	93.261986	-0.08139422	0.9351412	1.0	False	liver	mid	enformer
5847	-3.076622	90.17324	93.24986	-0.08138399	0.9351494	1.0	False	liver	mid	enformer
4833	-3.075142	90.178276	93.25342	-0.0813408	0.93518376	1.0	False	liver	mid	enformer
4841	-3.0746994	90.19239	93.26709	-0.08131652	0.93520296	1.0	False	liver	mid	enformer
1606	-3.0740585	90.200424	93.27448	-0.08129248	0.9352221	1.0	False	liver	mid	enformer
2789	-3.0726166	90.177475	93.25009	-0.0812757	0.9352355	1.0	False	liver	mid	enformer
5183	-3.0591583	90.18821	93.24737	-0.080914214	0.9355229	1.0	False	liver	mid	enformer
4870	-3.0591888	90.18978	93.24897	-0.08091363	0.9355234	1.0	False	liver	mid	enformer
3123	-3.0590744	90.18846	93.247536	-0.08091181	0.9355248	1.0	False	liver	mid	enformer
4140	-3.0587997	90.18107	93.23987	-0.0809111	0.9355254	1.0	False	liver	mid	enformer
5462	-3.0586853	90.18016	93.238846	-0.08090891	0.93552715	1.0	False	liver	mid	enformer
2573	-3.0589905	90.189476	93.24847	-0.08090872	0.93552727	1.0	False	liver	mid	enformer
4928	-3.0588455	90.18804	93.24689	-0.0809062	0.93552923	1.0	False	liver	mid	enformer
858	-3.054947	90.21982	93.274765	-0.08077626	0.9356326	1.0	False	liver	mid	enformer
4588	-3.0548859	90.219536	93.27442	-0.08077491	0.93563366	1.0	False	liver	mid	enformer
2575	-3.0535583	90.22027	93.27383	-0.08073991	0.9356615	1.0	False	liver	mid	enformer
4212	-3.0531082	90.22479	93.2779	-0.080723844	0.93567425	1.0	False	liver	mid	enformer
3558	-3.0415573	90.22128	93.26284	-0.08042545	0.93591154	1.0	False	liver	mid	enformer
442	-3.0402603	90.22385	93.26411	-0.08038935	0.9359402	1.0	False	liver	mid	enformer
5274	-3.0402298	90.23092	93.27115	-0.08038237	0.9359458	1.0	False	liver	mid	enformer
1103	-3.0402374	90.23149	93.27173	-0.08038208	0.93594605	1.0	False	liver	mid	enformer
5577	-3.0401535	90.23012	93.27027	-0.080381036	0.9359469	1.0	False	liver	mid	enformer
4629	-3.0400925	90.231995	93.27209	-0.08037786	0.9359493	1.0	False	liver	mid	enformer
5915	-3.03656	90.236725	93.273285	-0.080280975	0.9360264	1.0	False	liver	mid	enformer
1613	-3.0369873	90.252525	93.28951	-0.080277786	0.93602896	1.0	False	liver	mid	enformer
511	-3.036377	90.23567	93.27205	-0.08027711	0.9360295	1.0	False	liver	mid	enformer
445	-3.0343704	90.223	93.25737	-0.08023621	0.936062	1.0	False	liver	mid	enformer
4988	-3.0325928	90.23207	93.26466	-0.08018182	0.93610525	1.0	False	liver	mid	enformer
2824	-3.0301208	90.22704	93.257164	-0.08012169	0.93615305	1.0	False	liver	mid	enformer
4075	-3.030098	90.22718	93.25728	-0.080120966	0.9361536	1.0	False	liver	mid	enformer
572	-3.0293808	90.2193	93.24868	-0.0801089	0.93616325	1.0	False	liver	mid	enformer
5640	-3.0290985	90.241585	93.27068	-0.08008238	0.93618435	1.0	False	liver	mid	enformer
4311	-3.0288773	90.24095	93.26983	-0.08007714	0.9361885	1.0	False	liver	mid	enformer
6024	-3.0287704	90.24114	93.26991	-0.08007418	0.93619084	1.0	False	liver	mid	enformer
2157	-3.0286407	90.239586	93.26823	-0.08007216	0.9361924	1.0	False	liver	mid	enformer
2104	-3.0286255	90.23972	93.26835	-0.08007163	0.93619287	1.0	False	liver	mid	enformer
3880	-3.0286255	90.2407	93.269325	-0.080070786	0.9361935	1.0	False	liver	mid	enformer
634	-3.026329	90.235306	93.261635	-0.080015555	0.93623745	1.0	False	liver	mid	enformer
259	-3.0263214	90.23584	93.26216	-0.0800149	0.936238	1.0	False	liver	mid	enformer
3339	-3.0254517	90.23633	93.26178	-0.07999185	0.9362563	1.0	False	liver	mid	enformer
1407	-3.023819	90.23546	93.25928	-0.07994997	0.9362896	1.0	False	liver	mid	enformer
228	-3.0237045	90.233536	93.25724	-0.07994861	0.9362907	1.0	False	liver	mid	enformer
1242	-3.0236053	90.2342	93.257805	-0.07994545	0.9362932	1.0	False	liver	mid	enformer
3104	-3.0235596	90.23332	93.25688	-0.07994501	0.93629354	1.0	False	liver	mid	enformer
582	-3.0235214	90.23299	93.25651	-0.07994431	0.93629414	1.0	False	liver	mid	enformer
980	-3.0235596	90.234215	93.257774	-0.07994424	0.93629414	1.0	False	liver	mid	enformer
4014	-3.0235062	90.23406	93.25757	-0.07994299	0.93629515	1.0	False	liver	mid	enformer
4052	-3.0234528	90.23366	93.25711	-0.079941936	0.936296	1.0	False	liver	mid	enformer
792	-3.0233002	90.23328	93.25658	-0.07993827	0.9362989	1.0	False	liver	mid	enformer
123	-3.023285	90.233604	93.25689	-0.079937585	0.9362995	1.0	False	liver	mid	enformer
4344	-3.0190735	90.24593	93.26501	-0.07981648	0.93639576	1.0	False	liver	mid	enformer
3542	-3.018982	90.24492	93.2639	-0.079814956	0.93639696	1.0	False	liver	mid	enformer
4454	-3.0191574	90.25094	93.270096	-0.07981416	0.9363976	1.0	False	liver	mid	enformer
2128	-3.0186539	90.23691	93.25556	-0.07981391	0.9363978	1.0	False	liver	mid	enformer
3660	-3.0187302	90.2394	93.25813	-0.07981376	0.9363979	1.0	False	liver	mid	enformer
4876	-3.0190125	90.24736	93.26637	-0.079813674	0.93639797	1.0	False	liver	mid	enformer
5948	-3.0189514	90.246	93.26495	-0.07981325	0.9363983	1.0	False	liver	mid	enformer
2294	-3.0189743	90.24684	93.265816	-0.079813115	0.93639845	1.0	False	liver	mid	enformer
1095	-3.0186157	90.23779	93.25641	-0.079812154	0.93639916	1.0	False	liver	mid	enformer
3607	-3.0175323	90.22137	93.2389	-0.07979807	0.9364104	1.0	False	liver	mid	enformer
3649	-3.0175095	90.22225	93.23976	-0.07979661	0.93641156	1.0	False	liver	mid	enformer
5463	-3.0174332	90.22191	93.23934	-0.07979501	0.9364129	1.0	False	liver	mid	enformer
3162	-3.0177307	90.2316	93.24933	-0.07979433	0.93641335	1.0	False	liver	mid	enformer
3457	-3.0174026	90.2225	93.23991	-0.07979361	0.93641394	1.0	False	liver	mid	enformer
3333	-3.0173416	90.22186	93.239204	-0.07979266	0.93641466	1.0	False	liver	mid	enformer
527	-3.0173492	90.222145	93.239494	-0.07979252	0.9364148	1.0	False	liver	mid	enformer
3544	-3.0185165	90.26223	93.28075	-0.0797875	0.9364188	1.0	False	liver	mid	enformer
97	-3.0181885	90.25273	93.27092	-0.07978715	0.93641907	1.0	False	liver	mid	enformer
3321	-3.0181732	90.25273	93.270905	-0.079786755	0.93641937	1.0	False	liver	mid	enformer
2080	-3.0182953	90.26221	93.2805	-0.07978173	0.9364234	1.0	False	liver	mid	enformer
1302	-3.0182495	90.26164	93.27989	-0.07978104	0.93642396	1.0	False	liver	mid	enformer
1448	-3.0179749	90.2541	93.27207	-0.07978039	0.9364245	1.0	False	liver	mid	enformer
5502	-3.016945	90.237915	93.25486	-0.07976828	0.9364341	1.0	False	liver	mid	enformer
5736	-3.0165176	90.23776	93.25428	-0.07975721	0.9364429	1.0	False	liver	mid	enformer
1181	-3.0141678	90.25259	93.266754	-0.0796825	0.93650234	1.0	False	liver	mid	enformer
4319	-3.0102081	90.23412	93.24433	-0.07959575	0.9365713	1.0	False	liver	mid	enformer
5807	-3.0101776	90.23517	93.245346	-0.07959406	0.9365726	1.0	False	liver	mid	enformer
3090	-3.0104675	90.24511	93.25558	-0.07959246	0.9365739	1.0	False	liver	mid	enformer
820	-3.0049057	90.259865	93.26477	-0.07943405	0.93669987	1.0	False	liver	mid	enformer
177	-3.0048065	90.25857	93.263374	-0.07943255	0.93670106	1.0	False	liver	mid	enformer
3168	-3.0047379	90.25942	93.26416	-0.07943003	0.9367031	1.0	False	liver	mid	enformer
4666	-3.0046616	90.2594	93.26406	-0.07942806	0.93670464	1.0	False	liver	mid	enformer
3058	-2.992363	90.25193	93.24429	-0.07911357	0.93695474	1.0	False	liver	mid	enformer
4621	-2.9924316	90.25839	93.250824	-0.07910984	0.9369577	1.0	False	liver	mid	enformer
4458	-2.9814835	90.24323	93.22472	-0.07883736	0.9371744	1.0	False	liver	mid	enformer
2364	-2.9810944	90.23435	93.21545	-0.078834765	0.9371764	1.0	False	liver	mid	enformer
3505	-2.9810638	90.23576	93.21683	-0.07883276	0.937178	1.0	False	liver	mid	enformer
5829	-2.9809723	90.23449	93.21546	-0.07883146	0.937179	1.0	False	liver	mid	enformer
5500	2.6401596	90.2481	87.60794	0.070568554	0.94375247	1.0	False	liver	mid	enformer
2094	2.6401062	90.24773	87.60762	0.0705674	0.9437534	1.0	False	liver	mid	enformer
1972	2.617424	90.21305	87.59563	0.069982365	0.94421893	1.0	False	liver	mid	enformer
5920	2.6174774	90.2217	87.604225	0.0699771	0.9442231	1.0	False	liver	mid	enformer
3693	2.6174545	90.223145	87.60569	0.06997527	0.94422454	1.0	False	liver	mid	enformer
4401	2.6140747	90.25134	87.63727	0.069861345	0.9443152	1.0	False	liver	mid	enformer
4357	2.6140442	90.25176	87.63772	0.0698602	0.94431615	1.0	False	liver	mid	enformer
5730	2.6136627	90.24196	87.628296	0.069858	0.9443179	1.0	False	liver	mid	enformer
4495	2.6134186	90.2338	87.620384	0.0698577	0.9443181	1.0	False	liver	mid	enformer
1592	2.6136322	90.25204	87.638405	0.06984888	0.94432515	1.0	False	liver	mid	enformer
2957	2.613594	90.251915	87.63832	0.06984794	0.9443259	1.0	False	liver	mid	enformer
3307	2.6135635	90.25132	87.63776	0.06984757	0.9443262	1.0	False	liver	mid	enformer
212	2.6136017	90.25298	87.63938	0.069847316	0.9443264	1.0	False	liver	mid	enformer
1597	2.6132507	90.24362	87.63037	0.0698456	0.9443278	1.0	False	liver	mid	enformer
2879	2.6108475	90.22187	87.61102	0.06979777	0.9443658	1.0	False	liver	mid	enformer
695	2.6096115	90.241844	87.63223	0.069748744	0.94440484	1.0	False	liver	mid	enformer
882	2.6083908	90.238365	87.629974	0.06971848	0.9444289	1.0	False	liver	mid	enformer
611	2.6086044	90.2466	87.63799	0.06971736	0.9444298	1.0	False	liver	mid	enformer
3730	2.6085129	90.2453	87.63679	0.06971589	0.944431	1.0	False	liver	mid	enformer
1561	2.6036987	90.251366	87.64767	0.06958084	0.9445384	1.0	False	liver	mid	enformer
2511	2.6036224	90.249306	87.64568	0.06958038	0.94453883	1.0	False	liver	mid	enformer
5790	2.6036224	90.2513	87.647675	0.06957884	0.94454	1.0	False	liver	mid	enformer
5327	2.6032867	90.24248	87.63919	0.069577105	0.9445414	1.0	False	liver	mid	enformer
5783	2.5985718	90.230125	87.63155	0.06945943	0.94463503	1.0	False	liver	mid	enformer
2652	2.5976868	90.211105	87.61342	0.06945022	0.9446424	1.0	False	liver	mid	enformer
3994	2.5976486	90.21079	87.613144	0.069449455	0.944643	1.0	False	liver	mid	enformer
5361	2.597519	90.21134	87.61382	0.06944552	0.9446461	1.0	False	liver	mid	enformer
4043	2.5974655	90.21061	87.613144	0.069444634	0.94464684	1.0	False	liver	mid	enformer
184	2.5968628	90.24518	87.648315	0.0694012	0.9446814	1.0	False	liver	mid	enformer
3786	2.595375	90.2482	87.652824	0.069358565	0.9447153	1.0	False	liver	mid	enformer
508	2.5952682	90.247665	87.6524	0.06935609	0.9447173	1.0	False	liver	mid	enformer
3639	2.5949554	90.23789	87.64294	0.06935567	0.94471765	1.0	False	liver	mid	enformer
1104	2.5951538	90.24821	87.65305	0.06935259	0.9447201	1.0	False	liver	mid	enformer
5117	2.5932617	90.22574	87.63248	0.06931939	0.9447465	1.0	False	liver	mid	enformer
416	2.5932007	90.231125	87.637924	0.06931355	0.94475114	1.0	False	liver	mid	enformer
503	2.5928268	90.22467	87.63184	0.069308385	0.94475526	1.0	False	liver	mid	enformer
2556	2.5931015	90.235695	87.64259	0.069307365	0.94475603	1.0	False	liver	mid	enformer
1669	2.592781	90.224945	87.632164	0.06930694	0.9447564	1.0	False	liver	mid	enformer
156	2.5919724	90.21142	87.619446	0.0692954	0.9447656	1.0	False	liver	mid	enformer
4201	2.5927734	90.240036	87.64726	0.06929509	0.94476587	1.0	False	liver	mid	enformer
851	2.5927582	90.240845	87.64809	0.069294065	0.94476664	1.0	False	liver	mid	enformer
296	2.592682	90.241615	87.64893	0.069291405	0.9447688	1.0	False	liver	mid	enformer
3240	2.59169	90.21027	87.61858	0.06928866	0.944771	1.0	False	liver	mid	enformer
2882	2.5911255	90.23722	87.646095	0.06925293	0.9447994	1.0	False	liver	mid	enformer
4598	2.591072	90.238884	87.64781	0.06925022	0.94480157	1.0	False	liver	mid	enformer
2112	2.5910568	90.23926	87.6482	0.06924952	0.9448021	1.0	False	liver	mid	enformer
5992	2.59095	90.23746	87.64651	0.06924801	0.94480336	1.0	False	liver	mid	enformer
625	2.5906448	90.22913	87.63849	0.06924583	0.944805	1.0	False	liver	mid	enformer
3012	2.5907974	90.23597	87.64517	0.06924472	0.9448059	1.0	False	liver	mid	enformer
794	2.5904465	90.22604	87.6356	0.069242835	0.9448074	1.0	False	liver	mid	enformer
243	2.5898209	90.2119	87.62208	0.069236934	0.9448121	1.0	False	liver	mid	enformer
1191	2.5894928	90.21349	87.624	0.06922703	0.94482	1.0	False	liver	mid	enformer
2974	2.589386	90.21439	87.62501	0.06922344	0.9448229	1.0	False	liver	mid	enformer
2766	2.5892792	90.21388	87.6246	0.06922094	0.9448249	1.0	False	liver	mid	enformer
2271	2.5895615	90.22405	87.63449	0.0692207	0.94482505	1.0	False	liver	mid	enformer
5748	2.5892868	90.21455	87.62526	0.06922064	0.9448251	1.0	False	liver	mid	enformer
1490	2.589157	90.213326	87.62417	0.06921808	0.94482714	1.0	False	liver	mid	enformer
1412	2.5893097	90.22266	87.63335	0.06921496	0.9448296	1.0	False	liver	mid	enformer
4949	2.5891113	90.22834	87.63923	0.06920528	0.94483733	1.0	False	liver	mid	enformer
2736	2.5890427	90.2284	87.63936	0.06920337	0.9448388	1.0	False	liver	mid	enformer
110	2.5890121	90.23017	87.64116	0.0692012	0.94484055	1.0	False	liver	mid	enformer
541	2.5889053	90.22905	87.640144	0.06919917	0.94484216	1.0	False	liver	mid	enformer
5470	2.5889053	90.22972	87.640816	0.069198646	0.9448426	1.0	False	liver	mid	enformer
4240	2.5888748	90.23003	87.64115	0.069197595	0.9448434	1.0	False	liver	mid	enformer
1538	2.5887146	90.23023	87.64152	0.06919311	0.94484705	1.0	False	liver	mid	enformer
5683	2.588707	90.23028	87.64157	0.06919288	0.9448472	1.0	False	liver	mid	enformer
4094	2.5879288	90.20624	87.61831	0.06919023	0.9448493	1.0	False	liver	mid	enformer
128	2.5880432	90.23701	87.648964	0.069169775	0.9448656	1.0	False	liver	mid	enformer
4041	2.5876846	90.23138	87.64369	0.06916458	0.9448697	1.0	False	liver	mid	enformer
1112	2.587654	90.231674	87.64402	0.06916352	0.9448706	1.0	False	liver	mid	enformer
4102	2.5875473	90.231125	87.64358	0.06916107	0.9448725	1.0	False	liver	mid	enformer
5406	2.587494	90.23494	87.647446	0.069156215	0.94487643	1.0	False	liver	mid	enformer
4723	2.5870514	90.22871	87.641655	0.06914903	0.9448821	1.0	False	liver	mid	enformer
1726	2.5860367	90.228584	87.64255	0.06912209	0.9449035	1.0	False	liver	mid	enformer
2522	2.5859833	90.22772	87.64174	0.069121286	0.94490415	1.0	False	liver	mid	enformer
2189	2.5857162	90.21908	87.63336	0.06912079	0.94490457	1.0	False	liver	mid	enformer
3197	2.5856247	90.21863	87.633	0.06911866	0.94490623	1.0	False	liver	mid	enformer
2387	2.585884	90.227905	87.64202	0.06911849	0.94490635	1.0	False	liver	mid	enformer
3300	2.585617	90.21888	87.63326	0.06911825	0.9449066	1.0	False	liver	mid	enformer
3175	2.5858917	90.22877	87.642876	0.06911802	0.9449068	1.0	False	liver	mid	enformer
4873	2.5854263	90.21352	87.62809	0.069117084	0.9449075	1.0	False	liver	mid	enformer
4481	2.5858078	90.22743	87.641624	0.069116786	0.9449077	1.0	False	liver	mid	enformer
3069	2.5855942	90.22117	87.635574	0.06911579	0.9449085	1.0	False	liver	mid	enformer
2779	2.585785	90.228294	87.64251	0.06911551	0.94490874	1.0	False	liver	mid	enformer
2076	2.5855026	90.21891	87.63341	0.06911514	0.94490904	1.0	False	liver	mid	enformer
471	2.5854034	90.217606	87.6322	0.06911345	0.9449104	1.0	False	liver	mid	enformer
5932	2.5859222	90.23555	87.64963	0.06911327	0.9449105	1.0	False	liver	mid	enformer
3386	2.5857925	90.23713	87.65134	0.06910856	0.9449143	1.0	False	liver	mid	enformer
997	2.5839996	90.23269	87.64869	0.0690638	0.9449499	1.0	False	liver	mid	enformer
5297	2.5838165	90.2288	87.64498	0.06906179	0.94495153	1.0	False	liver	mid	enformer
5674	2.5837631	90.23197	87.64821	0.06905796	0.9449546	1.0	False	liver	mid	enformer
3219	2.583702	90.233864	87.65016	0.06905485	0.944957	1.0	False	liver	mid	enformer
3806	2.581993	90.209114	87.62712	0.06902785	0.94497854	1.0	False	liver	mid	enformer
837	2.5819626	90.209145	87.62718	0.069027	0.9449792	1.0	False	liver	mid	enformer
5134	2.581833	90.22615	87.64432	0.06901038	0.9449924	1.0	False	liver	mid	enformer
49	2.57901	90.22048	87.64147	0.06893838	0.94504976	1.0	False	liver	mid	enformer
4901	2.5770035	90.22383	87.64683	0.06888123	0.94509524	1.0	False	liver	mid	enformer
2922	2.576622	90.21491	87.63829	0.06887779	0.945098	1.0	False	liver	mid	enformer
2757	2.5766373	90.21753	87.64089	0.068876244	0.9450992	1.0	False	liver	mid	enformer
2163	2.5694275	90.21681	87.647385	0.06868238	0.9452535	1.0	False	liver	mid	enformer
2382	2.5693207	90.21787	87.64855	0.068678685	0.94525635	1.0	False	liver	mid	enformer
5063	2.5693054	90.2177	87.64839	0.06867841	0.9452566	1.0	False	liver	mid	enformer
5355	2.551178	90.211235	87.66006	0.06819335	0.9456427	1.0	False	liver	mid	enformer
4220	2.551178	90.21273	87.66155	0.06819223	0.9456436	1.0	False	liver	mid	enformer
2181	2.551155	90.21187	87.66071	0.06819225	0.9456436	1.0	False	liver	mid	enformer
3987	2.5139084	90.15988	87.64597	0.06722528	0.9464132	1.0	False	liver	mid	enformer
1264	2.5083923	90.13991	87.631516	0.0670913	0.94651985	1.0	False	liver	mid	enformer
1544	2.5061188	90.14098	87.634865	0.06702874	0.9465696	1.0	False	liver	mid	enformer
1116	2.493187	90.151184	87.658	0.066671915	0.94685364	1.0	False	liver	mid	enformer
1297	2.493042	90.14765	87.65461	0.066670604	0.9468547	1.0	False	liver	mid	enformer
4027	2.492485	90.13751	87.64503	0.06666304	0.94686073	1.0	False	liver	mid	enformer
1137	2.4856796	90.11221	87.62653	0.066498086	0.946992	1.0	False	liver	mid	enformer
800	2.4825134	90.11971	87.6372	0.066406816	0.94706464	1.0	False	liver	mid	enformer
1298	2.4813538	90.122025	87.64067	0.06637393	0.9470908	1.0	False	liver	mid	enformer
3267	2.4791794	90.10132	87.62214	0.066330604	0.9471253	1.0	False	liver	mid	enformer
2621	2.479248	90.10934	87.63009	0.066326715	0.9471284	1.0	False	liver	mid	enformer
5373	2.4767303	90.090965	87.614235	0.06627222	0.94717175	1.0	False	liver	mid	enformer
4863	2.475502	90.07118	87.59568	0.066253394	0.94718677	1.0	False	liver	mid	enformer
4909	2.4755936	90.0956	87.62	0.06623775	0.94719917	1.0	False	liver	mid	enformer
3565	2.4755173	90.09448	87.618965	0.0662365	0.9472002	1.0	False	liver	mid	enformer
512	2.4739532	90.078285	87.60433	0.066206366	0.94722414	1.0	False	liver	mid	enformer
3934	2.4739075	90.07901	87.6051	0.06620456	0.94722563	1.0	False	liver	mid	enformer
3844	2.4734268	90.098114	87.62469	0.0661773	0.9472473	1.0	False	liver	mid	enformer
1981	2.4707642	90.08314	87.61237	0.06611661	0.94729567	1.0	False	liver	mid	enformer
5419	2.4657364	90.07865	87.612915	0.06598385	0.94740134	1.0	False	liver	mid	enformer
2090	-1.8279266	80.149345	81.97727	-0.051301356	0.9590935	1.0	False	liver	mid	enformer
5603	-1.8279114	80.14919	81.977104	-0.051301025	0.95909375	1.0	False	liver	mid	enformer
909	-1.8259659	80.13899	81.96496	-0.051252976	0.959132	1.0	False	liver	mid	enformer
5311	-1.8257599	80.138855	81.964615	-0.051247332	0.9591365	1.0	False	liver	mid	enformer
4438	-1.8244476	80.14854	81.972984	-0.05120481	0.9591704	1.0	False	liver	mid	enformer
3316	-1.8235474	80.122765	81.94631	-0.051195864	0.9591775	1.0	False	liver	mid	enformer
4181	-1.8234711	80.12734	81.95081	-0.051190794	0.95918155	1.0	False	liver	mid	enformer
2681	-1.8234329	80.127174	81.95061	-0.051189832	0.9591823	1.0	False	liver	mid	enformer
3893	-1.8231201	80.11762	81.94074	-0.05118739	0.9591843	1.0	False	liver	mid	enformer
2820	-1.8228531	80.12659	81.94944	-0.051174168	0.9591948	1.0	False	liver	mid	enformer
5731	-1.8211899	80.09628	81.91747	-0.051147096	0.95921636	1.0	False	liver	mid	enformer
3682	-1.8206024	80.098816	81.91942	-0.051129393	0.9592305	1.0	False	liver	mid	enformer
1915	-1.8215485	80.150734	81.97228	-0.05112257	0.9592359	1.0	False	liver	mid	enformer
528	-1.820488	80.12278	81.94327	-0.051110588	0.9592454	1.0	False	liver	mid	enformer
2376	-1.8210144	80.16206	81.98308	-0.051100425	0.95925355	1.0	False	liver	mid	enformer
4777	-1.8199539	80.1229	81.942856	-0.051095687	0.9592573	1.0	False	liver	mid	enformer
3484	-1.820076	80.1307	81.950775	-0.05109415	0.95925856	1.0	False	liver	mid	enformer
4665	-1.818718	80.1124	81.931114	-0.051067848	0.95927954	1.0	False	liver	mid	enformer
5518	-1.818512	80.12094	81.93945	-0.051056817	0.95928824	1.0	False	liver	mid	enformer
2996	-1.8188705	80.141014	81.959885	-0.051054135	0.9592904	1.0	False	liver	mid	enformer
867	-1.8190231	80.14796	81.96698	-0.051054046	0.95929044	1.0	False	liver	mid	enformer
4760	-1.8183289	80.12667	81.945	-0.051048063	0.9592952	1.0	False	liver	mid	enformer
4758	-1.8182602	80.12676	81.94502	-0.0510461	0.9592968	1.0	False	liver	mid	enformer
3456	-1.8182983	80.13514	81.95344	-0.05104202	0.95930004	1.0	False	liver	mid	enformer
4736	-1.8186798	80.16789	81.98657	-0.051031925	0.9593081	1.0	False	liver	mid	enformer
5318	-1.8183823	80.15884	81.97722	-0.0510293	0.9593102	1.0	False	liver	mid	enformer
56	-1.8177948	80.144684	81.96248	-0.0510219	0.95931613	1.0	False	liver	mid	enformer
5336	-1.8166122	80.10187	81.91848	-0.051015846	0.9593209	1.0	False	liver	mid	enformer
4019	-1.8179626	80.164116	81.98208	-0.0510144	0.9593221	1.0	False	liver	mid	enformer
5892	-1.8176727	80.15126	81.96893	-0.0510142	0.9593223	1.0	False	liver	mid	enformer
2046	-1.8176346	80.15041	81.96805	-0.051013667	0.9593227	1.0	False	liver	mid	enformer
796	-1.8165741	80.11582	81.932396	-0.051006153	0.95932865	1.0	False	liver	mid	enformer
1743	-1.8160324	80.1076	81.92363	-0.05099604	0.9593367	1.0	False	liver	mid	enformer
4322	-1.8160019	80.11798	81.93398	-0.050988764	0.9593425	1.0	False	liver	mid	enformer
173	-1.8163757	80.13937	81.95575	-0.050985854	0.9593448	1.0	False	liver	mid	enformer
2514	-1.8164825	80.14455	81.96103	-0.05098542	0.95934516	1.0	False	liver	mid	enformer
4160	-1.8162766	80.13567	81.95195	-0.05098522	0.9593453	1.0	False	liver	mid	enformer
3490	-1.8162766	80.13658	81.95286	-0.050984647	0.95934576	1.0	False	liver	mid	enformer
4489	-1.8162155	80.13475	81.950966	-0.050984114	0.9593462	1.0	False	liver	mid	enformer
1256	-1.8163986	80.1438	81.9602	-0.050983556	0.95934665	1.0	False	liver	mid	enformer
5612	-1.816536	80.15055	81.96709	-0.050982967	0.9593471	1.0	False	liver	mid	enformer
224	-1.8165131	80.15039	81.9669	-0.050982423	0.95934755	1.0	False	liver	mid	enformer
5532	-1.8163223	80.14317	81.959496	-0.050981823	0.959348	1.0	False	liver	mid	enformer
4013	-1.8164368	80.14975	81.96619	-0.050980914	0.95934874	1.0	False	liver	mid	enformer
2484	-1.8160095	80.13607	81.95208	-0.05097754	0.9593514	1.0	False	liver	mid	enformer
4321	-1.815155	80.10821	81.92336	-0.05097144	0.9593563	1.0	False	liver	mid	enformer
2833	-1.8152695	80.11546	81.93073	-0.050970066	0.9593574	1.0	False	liver	mid	enformer
1804	-1.8150253	80.10767	81.9227	-0.05096816	0.95935893	1.0	False	liver	mid	enformer
5332	-1.8150482	80.12675	81.941795	-0.050956752	0.959368	1.0	False	liver	mid	enformer
4092	-1.8147812	80.11664	81.93142	-0.050955556	0.959369	1.0	False	liver	mid	enformer
4329	-1.8155518	80.15125	81.966805	-0.05095546	0.95936906	1.0	False	liver	mid	enformer
2273	-1.8144913	80.1069	81.921394	-0.050953735	0.95937043	1.0	False	liver	mid	enformer
5016	-1.8150024	80.13565	81.95065	-0.050949924	0.9593735	1.0	False	liver	mid	enformer
20	-1.8147736	80.12675	81.94152	-0.050949074	0.9593741	1.0	False	liver	mid	enformer
3914	-1.8147659	80.12684	81.941605	-0.050948806	0.95937437	1.0	False	liver	mid	enformer
2316	-1.814743	80.126686	81.94143	-0.050948262	0.9593748	1.0	False	liver	mid	enformer
3156	-1.8146896	80.12619	81.94088	-0.050947085	0.95937574	1.0	False	liver	mid	enformer
5840	-1.8140182	80.1073	81.92132	-0.050940357	0.95938104	1.0	False	liver	mid	enformer
2048	-1.814148	80.1158	81.92995	-0.050938647	0.9593824	1.0	False	liver	mid	enformer
3641	-1.8140488	80.11248	81.92653	-0.05093798	0.95938295	1.0	False	liver	mid	enformer
1318	-1.8141937	80.11993	81.93412	-0.050937362	0.9593834	1.0	False	liver	mid	enformer
1536	-1.8143768	80.12848	81.942856	-0.050937038	0.95938367	1.0	False	liver	mid	enformer
2059	-1.8141403	80.11976	81.9339	-0.050935984	0.9593845	1.0	False	liver	mid	enformer
1876	-1.8140106	80.11435	81.92836	-0.050935723	0.95938474	1.0	False	liver	mid	enformer
1289	-1.8141632	80.121994	81.93616	-0.050935213	0.95938516	1.0	False	liver	mid	enformer
4593	-1.8141327	80.12113	81.935265	-0.050934903	0.9593854	1.0	False	liver	mid	enformer
2650	-1.8145905	80.14204	81.95663	-0.050934274	0.9593859	1.0	False	liver	mid	enformer
358	-1.8141098	80.121346	81.935455	-0.05093414	0.959386	1.0	False	liver	mid	enformer
1786	-1.8143845	80.13333	81.947716	-0.050934084	0.95938605	1.0	False	liver	mid	enformer
1508	-1.8139038	80.11544	81.929344	-0.050932065	0.95938766	1.0	False	liver	mid	enformer
2688	-1.814415	80.14365	81.95806	-0.0509284	0.9593906	1.0	False	liver	mid	enformer
5430	-1.8143082	80.14127	81.95558	-0.05092718	0.95939153	1.0	False	liver	mid	enformer
2934	-1.8146973	80.16934	81.98404	-0.050920434	0.95939696	1.0	False	liver	mid	enformer
3196	-1.814827	80.18572	82.00055	-0.05091345	0.9594025	1.0	False	liver	mid	enformer
3169	-1.8133316	80.1404	81.953735	-0.050900538	0.9594128	1.0	False	liver	mid	enformer
4587	-1.8134689	80.14752	81.96099	-0.050899934	0.9594133	1.0	False	liver	mid	enformer
464	-1.8134308	80.14731	81.96074	-0.05089901	0.959414	1.0	False	liver	mid	enformer
5443	-1.8127594	80.132744	81.9455	-0.05088935	0.95942175	1.0	False	liver	mid	enformer
5942	-1.8136063	80.17226	81.98586	-0.050888132	0.95942265	1.0	False	liver	mid	enformer
3174	-1.8127213	80.13378	81.9465	-0.050887644	0.959423	1.0	False	liver	mid	enformer
4654	-1.8128738	80.14054	81.953415	-0.050887667	0.959423	1.0	False	liver	mid	enformer
4832	-1.8135529	80.17364	81.98719	-0.05088579	0.9594245	1.0	False	liver	mid	enformer
102	-1.8125916	80.13312	81.94571	-0.050884448	0.95942557	1.0	False	liver	mid	enformer
1604	-1.8126144	80.13625	81.94887	-0.05088321	0.9594266	1.0	False	liver	mid	enformer
1403	-1.8129883	80.1535	81.96649	-0.050882634	0.959427	1.0	False	liver	mid	enformer
896	-1.8128204	80.14775	81.96057	-0.050881747	0.9594277	1.0	False	liver	mid	enformer
4122	-1.8130798	80.16212	81.9752	-0.050879836	0.95942926	1.0	False	liver	mid	enformer
5319	-1.8122177	80.135544	81.94776	-0.05087257	0.95943505	1.0	False	liver	mid	enformer
3105	-1.8124237	80.14871	81.961136	-0.050869998	0.95943713	1.0	False	liver	mid	enformer
2479	-1.8121796	80.139465	81.951645	-0.050869048	0.95943785	1.0	False	liver	mid	enformer
2434	-1.8124619	80.15759	81.970055	-0.050865397	0.95944077	1.0	False	liver	mid	enformer
5473	-1.8122482	80.15812	81.97037	-0.050859135	0.9594458	1.0	False	liver	mid	enformer
3142	-1.8108444	80.096985	81.90783	-0.050858654	0.95944613	1.0	False	liver	mid	enformer
5088	-1.8109589	80.104866	81.915825	-0.050856635	0.95944774	1.0	False	liver	mid	enformer
2786	-1.811554	80.151955	81.96351	-0.05084356	0.9594582	1.0	False	liver	mid	enformer
3026	-1.811203	80.137924	81.94913	-0.050842848	0.95945877	1.0	False	liver	mid	enformer
539	-1.811142	80.13988	81.95102	-0.050839987	0.95946103	1.0	False	liver	mid	enformer
2047	-1.8111649	80.14383	81.954994	-0.050838098	0.9594626	1.0	False	liver	mid	enformer
2450	-1.810852	80.13293	81.94378	-0.050836306	0.95946395	1.0	False	liver	mid	enformer
3592	-1.811142	80.145775	81.95692	-0.050836265	0.959464	1.0	False	liver	mid	enformer
2061	-1.8110199	80.14057	81.95159	-0.0508362	0.9594641	1.0	False	liver	mid	enformer
3149	-1.8110123	80.14181	81.95282	-0.05083522	0.95946485	1.0	False	liver	mid	enformer
1293	-1.8107834	80.13352	81.944305	-0.05083394	0.95946586	1.0	False	liver	mid	enformer
4368	-1.8107452	80.13322	81.94396	-0.05083307	0.9594666	1.0	False	liver	mid	enformer
1040	-1.8108826	80.13945	81.95033	-0.050833017	0.9594666	1.0	False	liver	mid	enformer
2185	-1.8108292	80.138916	81.949745	-0.050831866	0.95946753	1.0	False	liver	mid	enformer
2107	-1.8103409	80.12005	81.93039	-0.050830144	0.95946884	1.0	False	liver	mid	enformer
3414	-1.8104553	80.128746	81.9392	-0.050827842	0.9594707	1.0	False	liver	mid	enformer
424	-1.8115616	80.17806	81.989624	-0.05082761	0.95947087	1.0	False	liver	mid	enformer
5723	-1.8113632	80.170944	81.98231	-0.050826583	0.9594717	1.0	False	liver	mid	enformer
4822	-1.810318	80.125534	81.93585	-0.050826024	0.9594721	1.0	False	liver	mid	enformer
5903	-1.8109207	80.153465	81.964386	-0.050824966	0.95947295	1.0	False	liver	mid	enformer
434	-1.8102646	80.12574	81.936005	-0.050824415	0.9594734	1.0	False	liver	mid	enformer
3154	-1.8111954	80.16737	81.97857	-0.05082405	0.95947367	1.0	False	liver	mid	enformer
4885	-1.8105011	80.13761	81.94811	-0.050823674	0.95947397	1.0	False	liver	mid	enformer
525	-1.8104477	80.135445	81.94589	-0.050823476	0.95947415	1.0	False	liver	mid	enformer
5052	-1.810852	80.15422	81.96507	-0.050822575	0.95947486	1.0	False	liver	mid	enformer
1174	-1.810585	80.14469	81.95528	-0.050821595	0.95947564	1.0	False	liver	mid	enformer
1214	-1.8110199	80.16389	81.97491	-0.05082136	0.9594758	1.0	False	liver	mid	enformer
3526	-1.810936	80.16174	81.97268	-0.050820332	0.95947665	1.0	False	liver	mid	enformer
2132	-1.8105087	80.14546	81.95597	-0.050818995	0.9594777	1.0	False	liver	mid	enformer
2279	-1.8108749	80.16273	81.9736	-0.050817937	0.95947856	1.0	False	liver	mid	enformer
301	-1.8098679	80.12006	81.92993	-0.050816827	0.95947945	1.0	False	liver	mid	enformer
5123	-1.809761	80.1158	81.92556	-0.050816443	0.95947975	1.0	False	liver	mid	enformer
3416	-1.8095703	80.1114	81.92097	-0.05081395	0.9594818	1.0	False	liver	mid	enformer
4518	-1.8098145	80.12231	81.93212	-0.050813857	0.95948184	1.0	False	liver	mid	enformer
4861	-1.809845	80.12377	81.93362	-0.050813798	0.9594819	1.0	False	liver	mid	enformer
3613	-1.8097305	80.12012	81.92985	-0.050812967	0.95948255	1.0	False	liver	mid	enformer
339	-1.8096848	80.11919	81.92887	-0.050812267	0.9594831	1.0	False	liver	mid	enformer
3973	-1.809639	80.117424	81.92706	-0.050812084	0.95948327	1.0	False	liver	mid	enformer
3211	-1.8094788	80.111565	81.92104	-0.0508113	0.95948386	1.0	False	liver	mid	enformer
4705	-1.8099442	80.13363	81.94357	-0.050810426	0.9594846	1.0	False	liver	mid	enformer
294	-1.8107376	80.16922	81.97996	-0.050810263	0.9594847	1.0	False	liver	mid	enformer
1337	-1.8093948	80.11201	81.9214	-0.050808698	0.95948595	1.0	False	liver	mid	enformer
4584	-1.8098526	80.13345	81.943306	-0.05080799	0.9594865	1.0	False	liver	mid	enformer
1232	-1.8094788	80.11816	81.927635	-0.050807204	0.95948714	1.0	False	liver	mid	enformer
1082	-1.809639	80.12531	81.93495	-0.050807122	0.9594872	1.0	False	liver	mid	enformer
1626	-1.8106384	80.16978	81.980415	-0.05080716	0.9594872	1.0	False	liver	mid	enformer
1832	-1.8093262	80.112	81.921326	-0.050806787	0.95948744	1.0	False	liver	mid	enformer
3623	-1.8100128	80.14646	81.956474	-0.05080443	0.95948935	1.0	False	liver	mid	enformer
3261	-1.8095856	80.127335	81.93692	-0.050804403	0.95948935	1.0	False	liver	mid	enformer
30	-1.8098373	80.13963	81.94947	-0.05080373	0.9594899	1.0	False	liver	mid	enformer
5482	-1.8099442	80.1466	81.95654	-0.050802432	0.95949095	1.0	False	liver	mid	enformer
6000	-1.8100891	80.15377	81.96386	-0.050801806	0.95949143	1.0	False	liver	mid	enformer
673	-1.8095856	80.13151	81.94109	-0.050801635	0.95949155	1.0	False	liver	mid	enformer
5991	-1.8098984	80.153595	81.96349	-0.050796587	0.9594956	1.0	False	liver	mid	enformer
476	-1.8097839	80.15225	81.962036	-0.050794307	0.9594974	1.0	False	liver	mid	enformer
144	-1.8090591	80.12339	81.93245	-0.050792143	0.9594991	1.0	False	liver	mid	enformer
2966	-1.8091736	80.13043	81.939606	-0.050790872	0.95950013	1.0	False	liver	mid	enformer
3437	-1.8097534	80.157906	81.96766	-0.050789952	0.9595009	1.0	False	liver	mid	enformer
4739	-1.8096924	80.155396	81.96509	-0.050789643	0.95950115	1.0	False	liver	mid	enformer
1798	-1.810257	80.18148	81.99174	-0.050789278	0.95950145	1.0	False	liver	mid	enformer
1548	-1.8091583	80.13544	81.944595	-0.050787535	0.9595028	1.0	False	liver	mid	enformer
570	-1.8102036	80.182304	81.99251	-0.05078728	0.959503	1.0	False	liver	mid	enformer
3276	-1.8101349	80.18154	81.99168	-0.050785836	0.9595042	1.0	False	liver	mid	enformer
4714	-1.8099594	80.17409	81.98405	-0.050785672	0.9595043	1.0	False	liver	mid	enformer
1847	-1.8094482	80.151215	81.96066	-0.05078561	0.95950437	1.0	False	liver	mid	enformer
4838	-1.8085403	80.1242	81.93274	-0.050777312	0.959511	1.0	False	liver	mid	enformer
5385	-1.8088608	80.14489	81.95375	-0.050773304	0.9595142	1.0	False	liver	mid	enformer
5031	-1.8094864	80.18677	81.996254	-0.05076434	0.95952123	1.0	False	liver	mid	enformer
2448	-1.8085098	80.145424	81.95393	-0.050763216	0.9595222	1.0	False	liver	mid	enformer
5394	-1.8097534	80.20142	82.01118	-0.05076279	0.9595225	1.0	False	liver	mid	enformer
4462	-1.8097382	80.20092	82.01066	-0.05076254	0.9595227	1.0	False	liver	mid	enformer
4293	-1.8083572	80.144226	81.95258	-0.05075971	0.9595249	1.0	False	liver	mid	enformer
5758	-1.8083725	80.145065	81.95344	-0.050759617	0.95952505	1.0	False	liver	mid	enformer
5729	-1.8085785	80.16131	81.96989	-0.050755005	0.9595287	1.0	False	liver	mid	enformer
602	-1.8075104	80.1213	81.92881	-0.050750323	0.95953244	1.0	False	liver	mid	enformer
5936	-1.8074493	80.11944	81.92689	-0.05074978	0.9595329	1.0	False	liver	mid	enformer
2453	-1.8088303	80.18378	81.99261	-0.050748087	0.9595342	1.0	False	liver	mid	enformer
1995	-1.8072891	80.11875	81.92604	-0.050745778	0.9595361	1.0	False	liver	mid	enformer
3325	-1.807579	80.14751	81.955086	-0.050736047	0.9595438	1.0	False	liver	mid	enformer
607	-1.8073273	80.13778	81.94511	-0.050735068	0.9595446	1.0	False	liver	mid	enformer
869	-1.8069687	80.12205	81.929016	-0.050734922	0.9595447	1.0	False	liver	mid	enformer
1950	-1.8065033	80.10145	81.90795	-0.050734572	0.959545	1.0	False	liver	mid	enformer
5146	-1.8077164	80.15634	81.96406	-0.050734077	0.95954543	1.0	False	liver	mid	enformer
1341	-1.8064575	80.10098	81.90744	-0.050733585	0.9595458	1.0	False	liver	mid	enformer
1156	-1.807457	80.14635	81.953804	-0.050733365	0.95954597	1.0	False	liver	mid	enformer
4844	-1.8075256	80.14964	81.95717	-0.05073313	0.95954615	1.0	False	liver	mid	enformer
3796	-1.8073502	80.142914	81.950264	-0.050732434	0.95954674	1.0	False	liver	mid	enformer
789	-1.806427	80.10247	81.9089	-0.050731827	0.9595472	1.0	False	liver	mid	enformer
1569	-1.8075562	80.156555	81.96411	-0.050729483	0.95954907	1.0	False	liver	mid	enformer
5738	-1.8062744	80.10251	81.90878	-0.050727583	0.95955056	1.0	False	liver	mid	enformer
1335	-1.8074799	80.15649	81.96397	-0.050727397	0.95955074	1.0	False	liver	mid	enformer
5885	-1.8073654	80.157425	81.96479	-0.050723583	0.9595538	1.0	False	liver	mid	enformer
5375	-1.8060989	80.10244	81.90854	-0.050722748	0.95955443	1.0	False	liver	mid	enformer
2524	-1.8065262	80.121796	81.92832	-0.050722655	0.9595545	1.0	False	liver	mid	enformer
4549	-1.8073502	80.161064	81.968414	-0.050720986	0.95955586	1.0	False	liver	mid	enformer
181	-1.8066711	80.136635	81.943306	-0.05071734	0.9595588	1.0	False	liver	mid	enformer
4193	-1.8062973	80.12124	81.927536	-0.05071663	0.9595593	1.0	False	liver	mid	enformer
3690	-1.8061523	80.11703	81.92318	-0.05071522	0.95956045	1.0	False	liver	mid	enformer
2526	-1.8063278	80.12525	81.93158	-0.050714903	0.95956063	1.0	False	liver	mid	enformer
169	-1.8063507	80.128296	81.93465	-0.05071369	0.9595616	1.0	False	liver	mid	enformer
3077	-1.8063507	80.12844	81.93479	-0.050713602	0.9595617	1.0	False	liver	mid	enformer
3590	-1.806633	80.141205	81.94784	-0.0507135	0.95956177	1.0	False	liver	mid	enformer
5025	-1.8063354	80.128746	81.93508	-0.050712995	0.9595622	1.0	False	liver	mid	enformer
4084	-1.8062363	80.124756	81.93099	-0.05071273	0.95956236	1.0	False	liver	mid	enformer
226	-1.8063889	80.13441	81.940796	-0.050710913	0.95956385	1.0	False	liver	mid	enformer
787	-1.8060684	80.12148	81.92755	-0.05071014	0.95956445	1.0	False	liver	mid	enformer
5695	-1.8069305	80.16611	81.97304	-0.05070624	0.95956755	1.0	False	liver	mid	enformer
1502	-1.8068008	80.16036	81.96716	-0.050705966	0.9595678	1.0	False	liver	mid	enformer
2845	-1.8068542	80.16785	81.9747	-0.050702814	0.9595703	1.0	False	liver	mid	enformer
3202	-1.8065948	80.16022	81.96681	-0.050700326	0.95957226	1.0	False	liver	mid	enformer
1072	-1.8065414	80.16113	81.967674	-0.050698444	0.95957375	1.0	False	liver	mid	enformer
2466	-1.8052292	80.113106	81.918335	-0.050691806	0.95957905	1.0	False	liver	mid	enformer
2281	-1.806221	80.15768	81.9639	-0.05069169	0.95957917	1.0	False	liver	mid	enformer
4058	-1.8065414	80.17245	81.97899	-0.050691377	0.9595794	1.0	False	liver	mid	enformer
3320	-1.8058624	80.142746	81.94861	-0.05069104	0.9595797	1.0	False	liver	mid	enformer
1427	-1.8059387	80.149185	81.955124	-0.050689302	0.9595811	1.0	False	liver	mid	enformer
4420	-1.805893	80.149864	81.95576	-0.0506874	0.95958257	1.0	False	liver	mid	enformer
4734	-1.8050461	80.11271	81.917755	-0.050686944	0.9595829	1.0	False	liver	mid	enformer
1883	-1.8058167	80.148125	81.95394	-0.050686557	0.9595833	1.0	False	liver	mid	enformer
2815	-1.8058395	80.14991	81.95575	-0.050685886	0.95958376	1.0	False	liver	mid	enformer
4337	-1.8057327	80.14808	81.95381	-0.050684255	0.9595851	1.0	False	liver	mid	enformer
2516	-1.8062286	80.17168	81.977905	-0.050683253	0.9595859	1.0	False	liver	mid	enformer
4274	-1.8061981	80.17259	81.97879	-0.05068184	0.95958704	1.0	False	liver	mid	enformer
3940	-1.8059616	80.16831	81.97427	-0.05067786	0.9595902	1.0	False	liver	mid	enformer
4953	-1.8059464	80.16798	81.97392	-0.050677635	0.9595904	1.0	False	liver	mid	enformer
2000	-1.8059692	80.170105	81.976074	-0.05067703	0.95959085	1.0	False	liver	mid	enformer
4347	-1.8060837	80.17623	81.982315	-0.050676353	0.9595914	1.0	False	liver	mid	enformer
899	-1.8059158	80.1699	81.975815	-0.05067567	0.9595919	1.0	False	liver	mid	enformer
1009	-1.804985	80.128586	81.93357	-0.0506754	0.95959216	1.0	False	liver	mid	enformer
2334	-1.80587	80.170006	81.975876	-0.050674334	0.959593	1.0	False	liver	mid	enformer
2959	-1.8060074	80.17677	81.98278	-0.050673816	0.9595934	1.0	False	liver	mid	enformer
3779	-1.8054276	80.15594	81.961365	-0.05067062	0.959596	1.0	False	liver	mid	enformer
1197	-1.806015	80.182625	81.98864	-0.050670553	0.95959604	1.0	False	liver	mid	enformer
1909	-1.8052292	80.148	81.95323	-0.050670147	0.95959634	1.0	False	liver	mid	enformer
1660	-1.8059387	80.18046	81.9864	-0.050669774	0.95959663	1.0	False	liver	mid	enformer
1825	-1.8061371	80.189476	81.99561	-0.050669704	0.9595967	1.0	False	liver	mid	enformer
5496	-1.8060379	80.18532	81.991356	-0.050669447	0.9595969	1.0	False	liver	mid	enformer
5645	-1.8053055	80.15342	81.958725	-0.050668932	0.9595973	1.0	False	liver	mid	enformer
855	-1.8055344	80.16808	81.97362	-0.050666053	0.9595996	1.0	False	liver	mid	enformer
5939	-1.8056717	80.17623	81.9819	-0.05066476	0.9596006	1.0	False	liver	mid	enformer
722	-1.805481	80.17014	81.975624	-0.05066351	0.95960164	1.0	False	liver	mid	enformer
2395	-1.8055649	80.17766	81.98322	-0.050661117	0.95960355	1.0	False	liver	mid	enformer
2818	-1.8055267	80.17903	81.98456	-0.050659213	0.9596051	1.0	False	liver	mid	enformer
3131	-1.8039474	80.11285	81.916794	-0.05065645	0.9596072	1.0	False	liver	mid	enformer
2411	-1.804985	80.16221	81.96719	-0.050654728	0.95960855	1.0	False	liver	mid	enformer
830	-1.8052368	80.17466	81.9799	-0.050653838	0.95960927	1.0	False	liver	mid	enformer
2928	-1.8049774	80.16346	81.96844	-0.05065357	0.9596095	1.0	False	liver	mid	enformer
3826	-1.8054352	80.1839	81.989334	-0.050653473	0.95960957	1.0	False	liver	mid	enformer
4974	-1.8039856	80.120285	81.92427	-0.050652906	0.95961004	1.0	False	liver	mid	enformer
5005	-1.8039856	80.12123	81.92522	-0.05065232	0.9596105	1.0	False	liver	mid	enformer
1811	-1.8037338	80.11094	81.91467	-0.05065168	0.959611	1.0	False	liver	mid	enformer
902	-1.803688	80.11121	81.9149	-0.05065024	0.9596122	1.0	False	liver	mid	enformer
5841	-1.8036575	80.11633	81.91999	-0.05064599	0.9596155	1.0	False	liver	mid	enformer
4232	-1.8040619	80.13542	81.93948	-0.0506456	0.9596159	1.0	False	liver	mid	enformer
3543	-1.8035126	80.11124	81.91475	-0.050645337	0.95961607	1.0	False	liver	mid	enformer
1946	-1.8036194	80.11651	81.92013	-0.050644815	0.9596165	1.0	False	liver	mid	enformer
4685	-1.8043442	80.1497	81.95404	-0.050644565	0.9596167	1.0	False	liver	mid	enformer
622	-1.8040161	80.13521	81.939224	-0.05064446	0.9596168	1.0	False	liver	mid	enformer
1315	-1.8039627	80.13479	81.93875	-0.050643243	0.95961773	1.0	False	liver	mid	enformer
2804	-1.8039246	80.13435	81.93828	-0.050642453	0.9596184	1.0	False	liver	mid	enformer
3328	-1.8036499	80.12278	81.92643	-0.050641783	0.9596189	1.0	False	liver	mid	enformer
3863	-1.8049316	80.19185	81.99678	-0.05063461	0.95962465	1.0	False	liver	mid	enformer
2875	-1.8043518	80.16954	81.97389	-0.050632164	0.9596266	1.0	False	liver	mid	enformer
467	-1.8039322	80.15386	81.957794	-0.050630312	0.95962805	1.0	False	liver	mid	enformer
2005	-1.804184	80.168274	81.97246	-0.050628375	0.9596296	1.0	False	liver	mid	enformer
214	-1.8040924	80.16554	81.969635	-0.050627682	0.9596302	1.0	False	liver	mid	enformer
4230	-1.8048401	80.200615	82.005455	-0.050626453	0.95963115	1.0	False	liver	mid	enformer
410	-1.8047562	80.19976	82.00452	-0.050624646	0.9596326	1.0	False	liver	mid	enformer
1516	-1.8039093	80.16263	81.96654	-0.05062439	0.95963275	1.0	False	liver	mid	enformer
1350	-1.8048859	80.20578	82.010666	-0.05062445	0.95963275	1.0	False	liver	mid	enformer
1228	-1.8041611	80.17426	81.978424	-0.050623816	0.95963323	1.0	False	liver	mid	enformer
3294	-1.8041382	80.17382	81.97796	-0.05062375	0.9596333	1.0	False	liver	mid	enformer
4255	-1.8039474	80.165504	81.96945	-0.050623633	0.9596334	1.0	False	liver	mid	enformer
3391	-1.804863	80.20675	82.01161	-0.050623205	0.9596337	1.0	False	liver	mid	enformer
6021	-1.8047638	80.206665	82.01143	-0.0506205	0.9596359	1.0	False	liver	mid	enformer
4551	-1.8039093	80.169556	81.973465	-0.050619904	0.9596364	1.0	False	liver	mid	enformer
2171	-1.8039246	80.17298	81.976906	-0.05061833	0.95963764	1.0	False	liver	mid	enformer
460	-1.8039627	80.17744	81.9814	-0.050616466	0.95963913	1.0	False	liver	mid	enformer
4725	-1.8025208	80.1286	81.93112	-0.05060672	0.9596469	1.0	False	liver	mid	enformer
4281	-1.8027878	80.14356	81.94635	-0.05060481	0.95964843	1.0	False	liver	mid	enformer
1566	-1.8034744	80.17522	81.97869	-0.05060423	0.95964885	1.0	False	liver	mid	enformer
708	-1.8035355	80.18307	81.9866	-0.050601065	0.9596514	1.0	False	liver	mid	enformer
2083	-1.802391	80.136696	81.93909	-0.050598286	0.95965356	1.0	False	liver	mid	enformer
3269	-1.8029861	80.16564	81.96863	-0.050596684	0.9596548	1.0	False	liver	mid	enformer
4103	-1.8023071	80.135735	81.93804	-0.050596554	0.9596549	1.0	False	liver	mid	enformer
4133	-1.8021088	80.127426	81.929535	-0.050596166	0.9596552	1.0	False	liver	mid	enformer
3148	-1.8022385	80.135544	81.93778	-0.050594762	0.95965636	1.0	False	liver	mid	enformer
623	-1.8025894	80.15445	81.95704	-0.050592773	0.95965797	1.0	False	liver	mid	enformer
2130	-1.8021393	80.13493	81.93707	-0.050592374	0.95965827	1.0	False	liver	mid	enformer
216	-1.8021393	80.13511	81.93725	-0.05059223	0.9596584	1.0	False	liver	mid	enformer
5277	-1.8021164	80.13571	81.93783	-0.05059126	0.95965916	1.0	False	liver	mid	enformer
2445	-1.8021088	80.13565	81.93776	-0.05059109	0.9596593	1.0	False	liver	mid	enformer
2890	-1.8030319	80.17957	81.982605	-0.05058936	0.95966065	1.0	False	liver	mid	enformer
4279	-1.8023453	80.15414	81.95648	-0.05058618	0.9596632	1.0	False	liver	mid	enformer
3103	-1.802208	80.15555	81.957756	-0.05058122	0.95966715	1.0	False	liver	mid	enformer
1633	-1.8019867	80.15523	81.957214	-0.05057526	0.9596719	1.0	False	liver	mid	enformer
1158	-1.802948	80.1987	82.00165	-0.05057528	0.9596719	1.0	False	liver	mid	enformer
608	-1.8022232	80.169266	81.97149	-0.050573163	0.9596736	1.0	False	liver	mid	enformer
2746	-1.802002	80.16041	81.96241	-0.05057268	0.959674	1.0	False	liver	mid	enformer
3361	-1.8025208	80.18543	81.98795	-0.050571356	0.959675	1.0	False	liver	mid	enformer
3645	-1.80233	80.17782	81.98015	-0.050570752	0.9596755	1.0	False	liver	mid	enformer
3679	-1.8013992	80.14315	81.94455	-0.050566684	0.95967877	1.0	False	liver	mid	enformer
3538	-1.802269	80.18724	81.98951	-0.050563287	0.95968145	1.0	False	liver	mid	enformer
4950	-1.8025742	80.20796	82.01054	-0.050559063	0.95968485	1.0	False	liver	mid	enformer
1488	-1.8004608	80.115295	81.91576	-0.050558027	0.9596857	1.0	False	liver	mid	enformer
2474	-1.80233	80.198845	82.001175	-0.050557684	0.9596859	1.0	False	liver	mid	enformer
3350	-1.8003693	80.11242	81.91279	-0.05055726	0.9596863	1.0	False	liver	mid	enformer
3486	-1.8022156	80.19476	81.99698	-0.05055715	0.9596864	1.0	False	liver	mid	enformer
1295	-1.8013	80.1559	81.9572	-0.05055602	0.9596873	1.0	False	liver	mid	enformer
2810	-1.8021698	80.19555	81.99772	-0.050555397	0.95968777	1.0	False	liver	mid	enformer
1276	-1.8012466	80.15618	81.95743	-0.050554357	0.9596886	1.0	False	liver	mid	enformer
609	-1.8021317	80.19609	81.99822	-0.050553996	0.9596889	1.0	False	liver	mid	enformer
6017	-1.8001099	80.106094	81.906204	-0.050553948	0.9596889	1.0	False	liver	mid	enformer
1322	-1.8019104	80.18736	81.98927	-0.05055323	0.9596895	1.0	False	liver	mid	enformer
505	-1.8002167	80.11219	81.91241	-0.050553158	0.95968956	1.0	False	liver	mid	enformer
3510	-1.8000259	80.10688	81.906906	-0.05055112	0.95969117	1.0	False	liver	mid	enformer
3152	-1.8000259	80.10742	81.90745	-0.050550785	0.95969146	1.0	False	liver	mid	enformer
202	-1.800087	80.11429	81.914375	-0.050548248	0.9596935	1.0	False	liver	mid	enformer
1401	-1.8015289	80.17888	81.98041	-0.050548144	0.95969355	1.0	False	liver	mid	enformer
4350	-1.8013535	80.17153	81.972885	-0.050547868	0.9596938	1.0	False	liver	mid	enformer
3902	-1.8011398	80.166885	81.968025	-0.050544344	0.9596966	1.0	False	liver	mid	enformer
3774	-1.8012085	80.17092	81.97213	-0.050544217	0.9596967	1.0	False	liver	mid	enformer
1136	-1.8001175	80.13125	81.931366	-0.050538428	0.95970124	1.0	False	liver	mid	enformer
3360	-1.800766	80.16348	81.96425	-0.05053628	0.95970297	1.0	False	liver	mid	enformer
255	-1.801384	80.191734	81.99312	-0.05053597	0.9597032	1.0	False	liver	mid	enformer
5329	-1.8008957	80.17056	81.97146	-0.050535593	0.9597035	1.0	False	liver	mid	enformer
5228	-1.79982	80.12348	81.9233	-0.05053505	0.9597039	1.0	False	liver	mid	enformer
1778	-1.7997742	80.1229	81.922676	-0.050534133	0.9597047	1.0	False	liver	mid	enformer
3705	-1.8014832	80.20255	82.004036	-0.050531894	0.9597065	1.0	False	liver	mid	enformer
2827	-1.7998581	80.131195	81.93105	-0.050531246	0.95970696	1.0	False	liver	mid	enformer
4003	-1.8000259	80.13869	81.93871	-0.050531287	0.95970696	1.0	False	liver	mid	enformer
5789	-1.8005753	80.164566	81.96514	-0.050530218	0.9597078	1.0	False	liver	mid	enformer
2113	-1.8005142	80.164474	81.96499	-0.050528575	0.9597091	1.0	False	liver	mid	enformer
3856	-1.8003845	80.15975	81.96014	-0.050527755	0.95970976	1.0	False	liver	mid	enformer
1833	-1.8004913	80.16668	81.96717	-0.05052682	0.9597105	1.0	False	liver	mid	enformer
5960	-1.8004379	80.16549	81.96593	-0.050525993	0.95971113	1.0	False	liver	mid	enformer
4829	-1.8002625	80.157845	81.95811	-0.050525833	0.9597113	1.0	False	liver	mid	enformer
3980	-1.8000565	80.15403	81.95409	-0.050522305	0.9597141	1.0	False	liver	mid	enformer
1496	-1.8005676	80.17724	81.977806	-0.050522204	0.9597142	1.0	False	liver	mid	enformer
3221	-1.800499	80.17694	81.97744	-0.05052048	0.95971555	1.0	False	liver	mid	enformer
3279	-1.8004913	80.17699	81.97748	-0.050520234	0.9597158	1.0	False	liver	mid	enformer
2979	-1.8002777	80.16723	81.96751	-0.050520185	0.9597158	1.0	False	liver	mid	enformer
642	-1.8000946	80.159775	81.95987	-0.050519954	0.95971596	1.0	False	liver	mid	enformer
382	-1.8000336	80.15897	81.95901	-0.050518747	0.9597169	1.0	False	liver	mid	enformer
3529	-1.8005676	80.1843	81.98487	-0.050517842	0.9597177	1.0	False	liver	mid	enformer
4223	-1.7993088	80.134155	81.933464	-0.050513927	0.9597208	1.0	False	liver	mid	enformer
2732	-1.7991943	80.13785	81.93704	-0.050508488	0.95972514	1.0	False	liver	mid	enformer
2894	-1.7993774	80.146965	81.94634	-0.050507955	0.95972556	1.0	False	liver	mid	enformer
4017	-1.8002243	80.192085	81.99231	-0.050503433	0.95972914	1.0	False	liver	mid	enformer
5137	-1.79982	80.17486	81.97468	-0.050502904	0.95972955	1.0	False	liver	mid	enformer
351	-1.7993927	80.15569	81.955086	-0.05050286	0.9597296	1.0	False	liver	mid	enformer
3188	-1.7995529	80.164474	81.96403	-0.050501898	0.9597304	1.0	False	liver	mid	enformer
660	-1.7987518	80.12912	81.92787	-0.050501704	0.95973057	1.0	False	liver	mid	enformer
2166	-1.7993546	80.1561	81.95545	-0.05050155	0.9597307	1.0	False	liver	mid	enformer
5317	-1.798706	80.12803	81.926735	-0.050501138	0.959731	1.0	False	liver	mid	enformer
5901	-1.7993317	80.15627	81.955605	-0.050500814	0.9597313	1.0	False	liver	mid	enformer
3969	-1.7986908	80.12805	81.92674	-0.050500706	0.95973134	1.0	False	liver	mid	enformer
297	-1.8000793	80.190506	81.990585	-0.050500374	0.9597316	1.0	False	liver	mid	enformer
4811	-1.7998352	80.18966	81.989494	-0.050494127	0.9597366	1.0	False	liver	mid	enformer
2643	-1.7985916	80.13784	81.93643	-0.05049181	0.95973843	1.0	False	liver	mid	enformer
29	-1.7985916	80.1379	81.93649	-0.05049177	0.9597385	1.0	False	liver	mid	enformer
5617	-1.7985687	80.13815	81.93672	-0.050490983	0.9597391	1.0	False	liver	mid	enformer
4592	-1.7985611	80.137886	81.93645	-0.05049093	0.95973915	1.0	False	liver	mid	enformer
3858	-1.7985535	80.13779	81.93634	-0.05049078	0.95973927	1.0	False	liver	mid	enformer
1224	-1.7985535	80.137985	81.93654	-0.050490662	0.9597393	1.0	False	liver	mid	enformer
3881	-1.7985306	80.14283	81.94136	-0.05048703	0.95974225	1.0	False	liver	mid	enformer
3739	-1.7987518	80.15273	81.951485	-0.05048692	0.9597423	1.0	False	liver	mid	enformer
3579	-1.7987137	80.15163	81.95034	-0.05048656	0.9597426	1.0	False	liver	mid	enformer
1020	-1.7991943	80.17564	81.97483	-0.050484803	0.95974404	1.0	False	liver	mid	enformer
3506	-1.7987976	80.16109	81.959885	-0.050482787	0.95974565	1.0	False	liver	mid	enformer
1520	-1.7981949	80.13703	81.93523	-0.05048118	0.9597469	1.0	False	liver	mid	enformer
1245	-1.7985458	80.15314	81.95168	-0.050480936	0.959747	1.0	False	liver	mid	enformer
1209	-1.7984009	80.14692	81.94532	-0.050480884	0.9597471	1.0	False	liver	mid	enformer
1619	-1.7995605	80.200005	81.999565	-0.050480127	0.9597477	1.0	False	liver	mid	enformer
2417	-1.7982635	80.14389	81.942154	-0.05047885	0.9597487	1.0	False	liver	mid	enformer
3504	-1.799469	80.1989	81.99837	-0.05047825	0.95974916	1.0	False	liver	mid	enformer
1200	-1.7981796	80.14145	81.93963	-0.05047801	0.9597494	1.0	False	liver	mid	enformer
1984	-1.7985916	80.160126	81.95872	-0.050477903	0.95974946	1.0	False	liver	mid	enformer
5505	-1.7981567	80.14337	81.94153	-0.05047619	0.95975083	1.0	False	liver	mid	enformer
1272	-1.7984009	80.154076	81.95248	-0.050476067	0.95975095	1.0	False	liver	mid	enformer
4537	-1.7980118	80.13999	81.938	-0.050474063	0.95975256	1.0	False	liver	mid	enformer
6058	-1.7988434	80.17817	81.97701	-0.050473403	0.95975304	1.0	False	liver	mid	enformer
129	-1.7984543	80.16981	81.96826	-0.050467927	0.95975745	1.0	False	liver	mid	enformer
568	-1.7987366	80.187546	81.98628	-0.05046488	0.95975983	1.0	False	liver	mid	enformer
4205	-1.7984772	80.17894	81.97742	-0.050462864	0.95976144	1.0	False	liver	mid	enformer
1530	-1.7980957	80.166	81.964096	-0.050460428	0.9597634	1.0	False	liver	mid	enformer
5015	-1.7985077	80.18485	81.98336	-0.05046023	0.9597636	1.0	False	liver	mid	enformer
5138	-1.7985077	80.18693	81.985435	-0.050458893	0.9597646	1.0	False	liver	mid	enformer
941	-1.7977676	80.154434	81.9522	-0.050458543	0.9597649	1.0	False	liver	mid	enformer
1504	-1.7984848	80.18708	81.985565	-0.050458163	0.9597652	1.0	False	liver	mid	enformer
237	-1.7973633	80.13972	81.93708	-0.05045649	0.9597665	1.0	False	liver	mid	enformer
2442	-1.7983398	80.186295	81.984634	-0.05045455	0.95976806	1.0	False	liver	mid	enformer
555	-1.798317	80.18678	81.9851	-0.05045361	0.95976883	1.0	False	liver	mid	enformer
4850	-1.7986069	80.20089	81.9995	-0.050452847	0.9597694	1.0	False	liver	mid	enformer
2370	-1.7974854	80.1639	81.96139	-0.050444655	0.959776	1.0	False	liver	mid	enformer
4868	-1.7974472	80.16448	81.96193	-0.05044324	0.9597771	1.0	False	liver	mid	enformer
3744	-1.797615	80.1734	81.971016	-0.050442453	0.9597777	1.0	False	liver	mid	enformer
2337	-1.797615	80.17401	81.97163	-0.050442085	0.959778	1.0	False	liver	mid	enformer
2487	-1.7974014	80.16448	81.96188	-0.050441965	0.95977813	1.0	False	liver	mid	enformer
4513	-1.7972794	80.16022	81.9575	-0.050441246	0.9597787	1.0	False	liver	mid	enformer
624	-1.7976227	80.17714	81.97476	-0.050440237	0.9597795	1.0	False	liver	mid	enformer
1257	-1.7976303	80.177795	81.975426	-0.050440047	0.9597797	1.0	False	liver	mid	enformer
26	-1.7974167	80.17293	81.970345	-0.05043723	0.9597819	1.0	False	liver	mid	enformer
208	-1.7969971	80.1597	81.956696	-0.050433684	0.95978475	1.0	False	liver	mid	enformer
5011	-1.7970581	80.16474	81.9618	-0.05043237	0.9597858	1.0	False	liver	mid	enformer
873	-1.7970886	80.16883	81.96592	-0.050430596	0.9597872	1.0	False	liver	mid	enformer
939	-1.796875	80.16323	81.960106	-0.05042823	0.9597891	1.0	False	liver	mid	enformer
887	-1.7979126	80.2104	82.008316	-0.05042784	0.9597894	1.0	False	liver	mid	enformer
4610	-1.7977295	80.20303	82.00076	-0.05042728	0.9597899	1.0	False	liver	mid	enformer
1635	-1.7973862	80.18861	81.98599	-0.050426755	0.9597903	1.0	False	liver	mid	enformer
5264	-1.797615	80.201225	81.99884	-0.05042524	0.9597915	1.0	False	liver	mid	enformer
4395	-1.7974548	80.195335	81.99279	-0.050424404	0.95979214	1.0	False	liver	mid	enformer
4574	-1.7971878	80.184006	81.98119	-0.050423913	0.95979255	1.0	False	liver	mid	enformer
279	-1.797409	80.19649	81.9939	-0.0504225	0.9597937	1.0	False	liver	mid	enformer
1849	-1.7973328	80.196396	81.99373	-0.05042044	0.95979524	1.0	False	liver	mid	enformer
4270	-1.7972946	80.196594	81.99389	-0.050419256	0.9597962	1.0	False	liver	mid	enformer
580	-1.7973862	80.20111	81.9985	-0.050418843	0.95979655	1.0	False	liver	mid	enformer
5169	-1.7975082	80.20739	82.0049	-0.050418608	0.9597967	1.0	False	liver	mid	enformer
1848	-1.7974701	80.20813	82.0056	-0.05041693	0.95979804	1.0	False	liver	mid	enformer
331	-1.7964172	80.160805	81.95722	-0.050416823	0.95979816	1.0	False	liver	mid	enformer
808	-1.7971115	80.19292	81.99003	-0.050416246	0.9597986	1.0	False	liver	mid	enformer
4004	-1.7963486	80.18134	81.97769	-0.050402362	0.95980966	1.0	False	liver	mid	enformer
1220	-1.7958069	80.16999	81.9658	-0.0503942	0.95981616	1.0	False	liver	mid	enformer
25	-1.7963333	80.19449	81.99082	-0.050393734	0.9598166	1.0	False	liver	mid	enformer
629	-1.7957306	80.168724	81.964455	-0.05039296	0.9598172	1.0	False	liver	mid	enformer
2318	-1.7950058	80.140854	81.93586	-0.050390154	0.9598194	1.0	False	liver	mid	enformer
969	-1.7947388	80.13506	81.9298	-0.050386176	0.9598226	1.0	False	liver	mid	enformer
4744	-1.7956848	80.19554	81.99123	-0.050375015	0.9598315	1.0	False	liver	mid	enformer
4074	-1.7953033	80.201866	81.99717	-0.05036048	0.95984304	1.0	False	liver	mid	enformer
3166	-1.7952805	80.20282	81.9981	-0.050359357	0.95984393	1.0	False	liver	mid	enformer
4434	-1.7943115	80.15991	81.95422	-0.050358895	0.9598443	1.0	False	liver	mid	enformer
6084	-1.7947006	80.17743	81.97213	-0.050358843	0.95984435	1.0	False	liver	mid	enformer
2016	-1.7948074	80.18504	81.97985	-0.050357137	0.95984566	1.0	False	liver	mid	enformer
4984	-1.7947922	80.185425	81.98022	-0.050356444	0.95984626	1.0	False	liver	mid	enformer
2973	-1.7951584	80.202644	81.9978	-0.05035597	0.9598466	1.0	False	liver	mid	enformer
5185	-1.795105	80.20226	81.99737	-0.050354823	0.9598475	1.0	False	liver	mid	enformer
745	-1.7950516	80.200966	81.99602	-0.05035404	0.95984817	1.0	False	liver	mid	enformer
3382	-1.7946396	80.1848	81.97944	-0.050352566	0.95984936	1.0	False	liver	mid	enformer
5831	-1.7946396	80.18523	81.979866	-0.05035235	0.9598495	1.0	False	liver	mid	enformer
2829	-1.7949142	80.20146	81.996376	-0.050350018	0.9598514	1.0	False	liver	mid	enformer
1177	-1.7944641	80.18489	81.979355	-0.050347637	0.95985323	1.0	False	liver	mid	enformer
2378	-1.7942734	80.178314	81.97259	-0.050346285	0.95985436	1.0	False	liver	mid	enformer
5763	-1.7942505	80.18134	81.97559	-0.05034386	0.9598563	1.0	False	liver	mid	enformer
2687	-1.7943802	80.18732	81.9817	-0.050343838	0.95985633	1.0	False	liver	mid	enformer
3852	-1.7945862	80.19883	81.993416	-0.050342523	0.95985734	1.0	False	liver	mid	enformer
3521	-1.7943573	80.191826	81.98618	-0.05034047	0.959859	1.0	False	liver	mid	enformer
998	-1.794075	80.18354	81.977615	-0.050337635	0.9598613	1.0	False	liver	mid	enformer
6131	-1.794632	80.213974	82.008606	-0.0503343	0.9598639	1.0	False	liver	mid	enformer
2817	-1.7931442	80.152794	81.94594	-0.050330855	0.95986664	1.0	False	liver	mid	enformer
405	-1.7940369	80.1951	81.989136	-0.050329503	0.9598677	1.0	False	liver	mid	enformer
59	-1.793396	80.16792	81.96132	-0.05032853	0.9598685	1.0	False	liver	mid	enformer
5188	-1.7935791	80.17634	81.96992	-0.050328366	0.95986867	1.0	False	liver	mid	enformer
4948	-1.7939987	80.195984	81.98998	-0.050327897	0.959869	1.0	False	liver	mid	enformer
2433	-1.7935104	80.17568	81.96919	-0.050326865	0.95986986	1.0	False	liver	mid	enformer
2162	-1.7940826	80.2069	82.000984	-0.050323475	0.95987254	1.0	False	liver	mid	enformer
4023	-1.7933731	80.17694	81.970314	-0.05032227	0.9598735	1.0	False	liver	mid	enformer
3758	-1.7940063	80.20786	82.00187	-0.05032076	0.9598747	1.0	False	liver	mid	enformer
6026	-1.7940674	80.21241	82.00648	-0.050319538	0.9598757	1.0	False	liver	mid	enformer
2002	-1.7934647	80.18776	81.981224	-0.050318196	0.9598768	1.0	False	liver	mid	enformer
1345	-1.7926865	80.16148	81.95417	-0.050312456	0.9598813	1.0	False	liver	mid	enformer
4234	-1.7935562	80.20369	81.997246	-0.05031085	0.9598826	1.0	False	liver	mid	enformer
3223	-1.792656	80.176155	81.96881	-0.050302837	0.95988894	1.0	False	liver	mid	enformer
900	-1.7929764	80.19267	81.98565	-0.0503017	0.9598898	1.0	False	liver	mid	enformer
11	-1.7929611	80.19284	81.9858	-0.050301168	0.95989025	1.0	False	liver	mid	enformer
1358	-1.7929688	80.19361	81.98658	-0.05030091	0.9598905	1.0	False	liver	mid	enformer
3993	-1.7929611	80.1937	81.986664	-0.050300643	0.95989066	1.0	False	liver	mid	enformer
5650	-1.7929306	80.19364	81.98657	-0.05029983	0.9598913	1.0	False	liver	mid	enformer
1273	-1.7929306	80.19356	81.98649	-0.05029988	0.9598913	1.0	False	liver	mid	enformer
2414	-1.792923	80.19367	81.986595	-0.050299596	0.9598915	1.0	False	liver	mid	enformer
4354	-1.7928925	80.19236	81.98525	-0.05029955	0.95989156	1.0	False	liver	mid	enformer
5377	-1.7929916	80.201164	81.994156	-0.0502969	0.9598937	1.0	False	liver	mid	enformer
4609	-1.7924957	80.181496	81.97399	-0.050294794	0.9598954	1.0	False	liver	mid	enformer
2081	-1.7923203	80.174576	81.966896	-0.050294243	0.9598958	1.0	False	liver	mid	enformer
3401	-1.792717	80.19643	81.98914	-0.05029198	0.9598976	1.0	False	liver	mid	enformer
249	-1.7924728	80.18874	81.98122	-0.050289918	0.95989925	1.0	False	liver	mid	enformer
4175	-1.7923737	80.18851	81.98088	-0.05028739	0.9599013	1.0	False	liver	mid	enformer
3363	-1.7927856	80.2074	82.00018	-0.050287213	0.9599014	1.0	False	liver	mid	enformer
3512	-1.792778	80.21009	82.00287	-0.0502851	0.9599031	1.0	False	liver	mid	enformer
3768	-1.7919083	80.17385	81.96576	-0.050283376	0.9599045	1.0	False	liver	mid	enformer
2286	-1.792099	80.18284	81.97494	-0.05028298	0.9599048	1.0	False	liver	mid	enformer
262	-1.792778	80.21521	82.00799	-0.0502822	0.9599054	1.0	False	liver	mid	enformer
967	-1.7924423	80.20013	81.99257	-0.050282	0.95990556	1.0	False	liver	mid	enformer
3207	-1.7926788	80.21158	82.00426	-0.050281424	0.95990604	1.0	False	liver	mid	enformer
1977	-1.7927322	80.2148	82.00753	-0.050281174	0.9599062	1.0	False	liver	mid	enformer
4313	-1.7925415	80.206184	81.998726	-0.050281048	0.95990634	1.0	False	liver	mid	enformer
2625	-1.7925873	80.21025	82.00284	-0.050279707	0.9599074	1.0	False	liver	mid	enformer
2718	-1.791954	80.182396	81.97435	-0.05027922	0.95990777	1.0	False	liver	mid	enformer
2354	-1.7917404	80.173935	81.965675	-0.05027865	0.95990825	1.0	False	liver	mid	enformer
4942	-1.79142	80.17458	81.966	-0.05026942	0.9599156	1.0	False	liver	mid	enformer
2901	-1.7915115	80.18154	81.97305	-0.050267626	0.959917	1.0	False	liver	mid	enformer
1004	-1.7915878	80.19352	81.98511	-0.05026232	0.95992124	1.0	False	liver	mid	enformer
1612	-1.7915726	80.20673	81.99831	-0.050253812	0.95992804	1.0	False	liver	mid	enformer
1153	-1.7908707	80.17544	81.96631	-0.050253436	0.95992833	1.0	False	liver	mid	enformer
799	-1.791069	80.18877	81.979836	-0.050250847	0.9599304	1.0	False	liver	mid	enformer
947	-1.7908249	80.18453	81.97536	-0.050246596	0.9599338	1.0	False	liver	mid	enformer
1455	-1.7913055	80.20749	81.998795	-0.050245773	0.9599345	1.0	False	liver	mid	enformer
282	-1.7902603	80.16572	81.95598	-0.050242253	0.9599372	1.0	False	liver	mid	enformer
926	-1.7906265	80.18276	81.97339	-0.050242	0.9599374	1.0	False	liver	mid	enformer
142	-1.790184	80.16476	81.95494	-0.050240718	0.9599384	1.0	False	liver	mid	enformer
2898	-1.7901917	80.165474	81.955666	-0.050240498	0.95993865	1.0	False	liver	mid	enformer
3348	-1.7901688	80.1656	81.95577	-0.05023978	0.9599392	1.0	False	liver	mid	enformer
1465	-1.7901154	80.16447	81.95458	-0.050238986	0.95993984	1.0	False	liver	mid	enformer
5525	-1.7901154	80.16586	81.95598	-0.05023814	0.9599405	1.0	False	liver	mid	enformer
3364	-1.7900772	80.1644	81.954475	-0.050237976	0.9599406	1.0	False	liver	mid	enformer
2371	-1.7900543	80.16441	81.95447	-0.050237328	0.95994115	1.0	False	liver	mid	enformer
1445	-1.7910004	80.2087	81.9997	-0.050236654	0.9599417	1.0	False	liver	mid	enformer
3006	-1.7900162	80.16589	81.95591	-0.050235365	0.9599427	1.0	False	liver	mid	enformer
1532	-1.7909698	80.209785	82.000755	-0.050235115	0.95994294	1.0	False	liver	mid	enformer
3285	-1.7910385	80.21463	82.00567	-0.050234057	0.9599438	1.0	False	liver	mid	enformer
5559	-1.790451	80.188	81.978455	-0.050233923	0.9599439	1.0	False	liver	mid	enformer
1692	-1.7902603	80.18676	81.97702	-0.050229378	0.95994747	1.0	False	liver	mid	enformer
5296	-1.790062	80.17927	81.96933	-0.050228458	0.95994824	1.0	False	liver	mid	enformer
313	-1.7897797	80.167984	81.95776	-0.050227802	0.9599488	1.0	False	liver	mid	enformer
346	-1.7901077	80.185524	81.97563	-0.050225906	0.95995027	1.0	False	liver	mid	enformer
1442	-1.7901306	80.18705	81.97718	-0.050225597	0.9599505	1.0	False	liver	mid	enformer
5794	-1.7901382	80.18758	81.977715	-0.05022548	0.95995057	1.0	False	liver	mid	enformer
289	-1.7896652	80.16682	81.95648	-0.050225332	0.9599507	1.0	False	liver	mid	enformer
3464	-1.789566	80.16592	81.95548	-0.050223123	0.9599525	1.0	False	liver	mid	enformer
1253	-1.7901306	80.19397	81.9841	-0.050221365	0.9599539	1.0	False	liver	mid	enformer
3911	-1.7899628	80.188324	81.97829	-0.05022031	0.95995474	1.0	False	liver	mid	enformer
406	-1.7899628	80.18842	81.978386	-0.050220247	0.9599548	1.0	False	liver	mid	enformer
3052	-1.7899704	80.18876	81.97873	-0.050220102	0.95995486	1.0	False	liver	mid	enformer
344	-1.7899323	80.1873	81.977234	-0.050220083	0.9599549	1.0	False	liver	mid	enformer
1189	-1.7896423	80.178986	81.96863	-0.050217118	0.9599573	1.0	False	liver	mid	enformer
4883	-1.7903976	80.21419	82.004585	-0.050216433	0.95995784	1.0	False	liver	mid	enformer
4918	-1.789772	80.18739	81.977165	-0.05021557	0.9599585	1.0	False	liver	mid	enformer
1776	-1.7905502	80.222725	82.013275	-0.050215434	0.9599586	1.0	False	liver	mid	enformer
4398	-1.7897339	80.186935	81.97667	-0.050214794	0.95995915	1.0	False	liver	mid	enformer
4613	-1.7897415	80.188354	81.978096	-0.050214134	0.9599596	1.0	False	liver	mid	enformer
5440	-1.7904282	80.22215	82.01258	-0.050212394	0.95996106	1.0	False	liver	mid	enformer
4660	-1.790596	80.22993	82.02052	-0.050212216	0.9599612	1.0	False	liver	mid	enformer
5667	-1.7902069	80.21413	82.00433	-0.05021116	0.959962	1.0	False	liver	mid	enformer
4465	-1.7890701	80.16431	81.95338	-0.0502102	0.9599628	1.0	False	liver	mid	enformer
3312	-1.78936	80.1796	81.96896	-0.05020878	0.9599639	1.0	False	liver	mid	enformer
907	-1.7893448	80.17942	81.968765	-0.050208468	0.95996416	1.0	False	liver	mid	enformer
3273	-1.7893372	80.179726	81.96906	-0.050208066	0.9599645	1.0	False	liver	mid	enformer
2124	-1.7893295	80.17989	81.96922	-0.05020776	0.95996475	1.0	False	liver	mid	enformer
5323	-1.7892685	80.18025	81.96952	-0.050205845	0.95996624	1.0	False	liver	mid	enformer
1033	-1.7892838	80.18308	81.97237	-0.05020451	0.9599673	1.0	False	liver	mid	enformer
369	-1.7891693	80.178795	81.967964	-0.050203983	0.95996773	1.0	False	liver	mid	enformer
897	-1.7895203	80.2017	81.99122	-0.050199863	0.959971	1.0	False	liver	mid	enformer
4503	-1.7894974	80.20258	81.99208	-0.0501987	0.95997196	1.0	False	liver	mid	enformer
1475	-1.7894135	80.20059	81.990005	-0.050197575	0.95997286	1.0	False	liver	mid	enformer
2472	-1.7894135	80.20112	81.99053	-0.050197255	0.9599731	1.0	False	liver	mid	enformer
849	-1.78936	80.2025	81.99186	-0.05019493	0.95997494	1.0	False	liver	mid	enformer
4215	-1.7889023	80.193985	81.98289	-0.05018734	0.959981	1.0	False	liver	mid	enformer
5411	-1.7895279	80.22221	82.01174	-0.05018722	0.95998114	1.0	False	liver	mid	enformer
209	-1.7886505	80.194496	81.98315	-0.05017998	0.9599868	1.0	False	liver	mid	enformer
2868	-1.789093	80.21737	82.00646	-0.050178234	0.95998824	1.0	False	liver	mid	enformer
1438	-1.7885666	80.20283	81.991394	-0.0501725	0.9599928	1.0	False	liver	mid	enformer
2229	-1.7877121	80.19349	81.9812	-0.050154474	0.9600072	1.0	False	liver	mid	enformer
921	-1.787796	80.20216	81.98996	-0.050151452	0.9600096	1.0	False	liver	mid	enformer
3628	-1.7876282	80.20515	81.992775	-0.050145086	0.96001464	1.0	False	liver	mid	enformer
4119	-1.7876282	80.20639	81.99402	-0.05014432	0.9600153	1.0	False	liver	mid	enformer
2730	-1.7876816	80.21372	82.0014	-0.050141294	0.9600177	1.0	False	liver	mid	enformer
4421	-1.7863007	80.15446	81.94076	-0.050139245	0.96001935	1.0	False	liver	mid	enformer
2591	-1.7875366	80.215866	82.0034	-0.050135903	0.960022	1.0	False	liver	mid	enformer
5136	-1.7872162	80.2191	82.00632	-0.050124988	0.9600307	1.0	False	liver	mid	enformer
2120	-1.7867432	80.198715	81.98546	-0.05012426	0.9600312	1.0	False	liver	mid	enformer
3720	-1.7866592	80.19575	81.98241	-0.050123774	0.9600316	1.0	False	liver	mid	enformer
1795	-1.7867355	80.20512	81.99185	-0.05012014	0.9600345	1.0	False	liver	mid	enformer
5741	-1.786499	80.195816	81.982315	-0.050119273	0.9600352	1.0	False	liver	mid	enformer
5971	-1.786583	80.20354	81.99012	-0.05011688	0.9600371	1.0	False	liver	mid	enformer
1661	-1.7862549	80.188705	81.97496	-0.050116822	0.9600372	1.0	False	liver	mid	enformer
5850	-1.7863922	80.19555	81.98194	-0.050116464	0.96003747	1.0	False	liver	mid	enformer
4658	-1.7863235	80.19579	81.98212	-0.050114404	0.9600391	1.0	False	liver	mid	enformer
4690	-1.7862854	80.19574	81.982025	-0.05011338	0.9600399	1.0	False	liver	mid	enformer
5364	-1.7864456	80.204315	81.99076	-0.050112583	0.96004057	1.0	False	liver	mid	enformer
3891	-1.7862625	80.196236	81.9825	-0.050112434	0.9600407	1.0	False	liver	mid	enformer
3610	-1.7861938	80.19557	81.981766	-0.050110836	0.96004194	1.0	False	liver	mid	enformer
5824	-1.7861786	80.20939	81.99557	-0.05010224	0.9600488	1.0	False	liver	mid	enformer
4536	-1.7860336	80.224045	82.01008	-0.050089046	0.9600593	1.0	False	liver	mid	enformer
1098	-1.7852554	80.19001	81.975266	-0.05008813	0.96006006	1.0	False	liver	mid	enformer
930	-1.7851486	80.19034	81.97549	-0.050085273	0.9600623	1.0	False	liver	mid	enformer
1691	-1.7853165	80.1982	81.98351	-0.05008514	0.96006244	1.0	False	liver	mid	enformer
956	-1.7851181	80.19006	81.97518	-0.05008459	0.96006286	1.0	False	liver	mid	enformer
1897	-1.7850723	80.188934	81.97401	-0.050084006	0.96006334	1.0	False	liver	mid	enformer
3642	-1.7855377	80.21184	81.997375	-0.050082956	0.9600642	1.0	False	liver	mid	enformer
3120	-1.7850266	80.188156	81.97318	-0.05008289	0.96006423	1.0	False	liver	mid	enformer
5212	-1.7850494	80.190384	81.97543	-0.050082482	0.96006453	1.0	False	liver	mid	enformer
3738	-1.7850418	80.189674	81.97472	-0.05008239	0.96006465	1.0	False	liver	mid	enformer
3974	-1.7853394	80.20469	81.99003	-0.050081797	0.9600651	1.0	False	liver	mid	enformer
1454	-1.7849884	80.18952	81.97451	-0.050081	0.9600657	1.0	False	liver	mid	enformer
4327	-1.7849884	80.19009	81.975075	-0.050080974	0.9600658	1.0	False	liver	mid	enformer
4168	-1.7850037	80.19571	81.98071	-0.050077643	0.9600684	1.0	False	liver	mid	enformer
3872	-1.7853088	80.21198	81.99729	-0.0500765	0.9600693	1.0	False	liver	mid	enformer
3180	-1.7846909	80.20583	81.990524	-0.05006286	0.96008015	1.0	False	liver	mid	enformer
4456	-1.7845001	80.198	81.9825	-0.050062347	0.96008056	1.0	False	liver	mid	enformer
3270	-1.784317	80.19636	81.980675	-0.05005844	0.96008366	1.0	False	liver	mid	enformer
2156	-1.784317	80.196556	81.98087	-0.05005832	0.9600838	1.0	False	liver	mid	enformer
4163	-1.783699	80.17143	81.95513	-0.05005633	0.96008533	1.0	False	liver	mid	enformer
2834	-1.7843094	80.20842	81.99273	-0.050050784	0.9600898	1.0	False	liver	mid	enformer
92	-1.7844162	80.21536	81.99978	-0.050049324	0.96009094	1.0	False	liver	mid	enformer
3065	-1.7840652	80.20627	81.99033	-0.050045308	0.96009415	1.0	False	liver	mid	enformer
3737	-1.7842255	80.21391	81.99814	-0.0500449	0.96009445	1.0	False	liver	mid	enformer
4815	-1.7824478	80.175964	81.95841	-0.050018873	0.96011525	1.0	False	liver	mid	enformer
4804	-1.7824097	80.17676	81.95917	-0.050017327	0.96011645	1.0	False	liver	mid	enformer
5197	-1.7820969	80.16731	81.94941	-0.050014492	0.9601187	1.0	False	liver	mid	enformer
640	-1.7820892	80.166916	81.949005	-0.050014522	0.9601187	1.0	False	liver	mid	enformer
4966	-1.7822418	80.17554	81.95778	-0.0500134	0.9601196	1.0	False	liver	mid	enformer
3116	-1.7821884	80.17532	81.95751	-0.05001205	0.9601207	1.0	False	liver	mid	enformer
2513	-1.7819824	80.16706	81.94904	-0.05001146	0.96012115	1.0	False	liver	mid	enformer
2111	-1.78302	80.216156	81.999176	-0.0500101	0.9601222	1.0	False	liver	mid	enformer
4061	-1.7828064	80.20921	81.99202	-0.050008453	0.96012354	1.0	False	liver	mid	enformer
2939	-1.7825775	80.20102	81.9836	-0.05000709	0.9601246	1.0	False	liver	mid	enformer
2069	-1.782692	80.207954	81.99065	-0.050006036	0.9601254	1.0	False	liver	mid	enformer
4566	-1.7824783	80.226654	82.00913	-0.049988393	0.9601395	1.0	False	liver	mid	enformer
1190	-1.781723	80.20393	81.98566	-0.049981445	0.960145	1.0	False	liver	mid	enformer
6027	-1.7819824	80.218636	82.00062	-0.049979657	0.9601465	1.0	False	liver	mid	enformer
1394	-1.7818375	80.21238	81.99422	-0.049979467	0.9601466	1.0	False	liver	mid	enformer
1114	-1.781723	80.208626	81.99035	-0.049978588	0.9601473	1.0	False	liver	mid	enformer
1484	-1.7809677	80.2051	81.98607	-0.04995985	0.9601623	1.0	False	liver	mid	enformer
4510	-1.780571	80.193016	81.97359	-0.049956184	0.9601652	1.0	False	liver	mid	enformer
1400	-1.7809525	80.21612	81.99707	-0.0499526	0.96016806	1.0	False	liver	mid	enformer
1579	-1.7802277	80.19174	81.97197	-0.049947407	0.9601722	1.0	False	liver	mid	enformer
2861	-1.7810135	80.231804	82.01282	-0.049944658	0.9601743	1.0	False	liver	mid	enformer
2079	-1.7803421	80.21017	81.99051	-0.04993909	0.9601788	1.0	False	liver	mid	enformer
2391	-1.7801819	80.20353	81.98371	-0.049938682	0.9601791	1.0	False	liver	mid	enformer
5672	-1.7794571	80.17463	81.95409	-0.04993616	0.9601811	1.0	False	liver	mid	enformer
2997	-1.7794571	80.18361	81.963066	-0.049930613	0.9601855	1.0	False	liver	mid	enformer
3503	-1.7800674	80.21923	81.9993	-0.04992607	0.96018916	1.0	False	liver	mid	enformer
3609	-1.7794495	80.19162	81.97107	-0.049925502	0.9601896	1.0	False	liver	mid	enformer
3816	-1.7802277	80.22784	82.008064	-0.049925182	0.9601899	1.0	False	liver	mid	enformer
617	-1.7794037	80.20106	81.98046	-0.049918637	0.96019506	1.0	False	liver	mid	enformer
2200	-1.7793427	80.199875	81.97922	-0.04991765	0.96019584	1.0	False	liver	mid	enformer
4812	-1.7792587	80.20075	81.98001	-0.049914785	0.96019816	1.0	False	liver	mid	enformer
3939	-1.7792435	80.20108	81.98032	-0.04991416	0.96019864	1.0	False	liver	mid	enformer
1964	-1.7791367	80.20036	81.9795	-0.049911626	0.96020067	1.0	False	liver	mid	enformer
2710	-1.7797394	80.23183	82.011566	-0.04990913	0.96020263	1.0	False	liver	mid	enformer
2604	-1.7794724	80.22293	82.0024	-0.049907193	0.9602042	1.0	False	liver	mid	enformer
894	-1.7794113	80.22417	82.00358	-0.049904745	0.96020615	1.0	False	liver	mid	enformer
4362	-1.7793579	80.22374	82.0031	-0.04990351	0.96020716	1.0	False	liver	mid	enformer
3140	-1.7793503	80.23259	82.01194	-0.049897898	0.96021163	1.0	False	liver	mid	enformer
5388	-1.7782669	80.20332	81.98159	-0.04988562	0.96022135	1.0	False	liver	mid	enformer
6111	-1.7781525	80.20103	81.97918	-0.049883828	0.9602228	1.0	False	liver	mid	enformer
4217	-1.7780533	80.19925	81.9773	-0.04988218	0.9602241	1.0	False	liver	mid	enformer
1157	-1.7762527	80.19513	81.97138	-0.049834684	0.960262	1.0	False	liver	mid	enformer
4818	-1.7764359	80.22362	82.00005	-0.049822506	0.96027166	1.0	False	liver	mid	enformer
5368	-1.7760849	80.21522	81.9913	-0.049817633	0.96027553	1.0	False	liver	mid	enformer
5441	-1.7759552	80.21514	81.9911	-0.049814068	0.9602784	1.0	False	liver	mid	enformer
2826	-1.7758484	80.22182	81.997665	-0.04980721	0.9602838	1.0	False	liver	mid	enformer
5298	-1.7747498	80.19675	81.9715	-0.049791496	0.9602964	1.0	False	liver	mid	enformer
5245	-1.7745895	80.19672	81.971306	-0.049787056	0.9602999	1.0	False	liver	mid	enformer
4834	-1.7753906	80.24107	82.016464	-0.04978243	0.9603036	1.0	False	liver	mid	enformer
3480	-1.7739792	80.19899	81.97297	-0.04976896	0.96031433	1.0	False	liver	mid	enformer
5569	-1.7741928	80.22066	81.99485	-0.049761754	0.96032006	1.0	False	liver	mid	enformer
1652	-1.7739792	80.22053	81.99451	-0.04975604	0.9603246	1.0	False	liver	mid	enformer
4712	-1.7739182	80.225334	81.99925	-0.049751334	0.96032834	1.0	False	liver	mid	enformer
291	-1.7730942	80.2056	81.97869	-0.04974046	0.96033704	1.0	False	liver	mid	enformer
381	-1.7722702	80.231285	82.003555	-0.049701825	0.9603678	1.0	False	liver	mid	enformer
2452	-1.771904	80.21655	81.98846	-0.049700577	0.9603688	1.0	False	liver	mid	enformer
1927	-1.7714844	80.20342	81.97491	-0.049696572	0.960372	1.0	False	liver	mid	enformer
221	-1.7715225	80.21616	81.987686	-0.049690235	0.96037704	1.0	False	liver	mid	enformer
4686	-1.7707672	80.20306	81.97382	-0.04967701	0.9603876	1.0	False	liver	mid	enformer
1090	-1.7710953	80.224815	81.99591	-0.049673125	0.9603907	1.0	False	liver	mid	enformer
3318	-1.7694855	80.212395	81.98188	-0.049635876	0.96042037	1.0	False	liver	mid	enformer
397	-1.7693939	80.23031	81.9997	-0.049622253	0.9604312	1.0	False	liver	mid	enformer
5881	-1.7647552	80.19157	81.95632	-0.04951688	0.96051514	1.0	False	liver	mid	enformer
3313	-1.7648621	80.20092	81.96578	-0.04951419	0.9605173	1.0	False	liver	mid	enformer
4303	-1.7647705	80.20129	81.96606	-0.049511425	0.9605195	1.0	False	liver	mid	enformer
3743	-1.7646637	80.199936	81.9646	-0.04950926	0.9605212	1.0	False	liver	mid	enformer
3074	-1.7648239	80.20783	81.97266	-0.049508955	0.96052146	1.0	False	liver	mid	enformer
5806	-1.7638626	80.24609	82.00996	-0.049459036	0.9605612	1.0	False	liver	mid	enformer
3258	-1.7579193	80.257034	82.01495	-0.049286764	0.96069854	1.0	False	liver	mid	enformer
3890	-1.753746	80.24737	82.001114	-0.049176738	0.96078616	1.0	False	liver	mid	enformer
1573	-1.7491837	80.244934	81.99412	-0.049051125	0.9608863	1.0	False	liver	mid	enformer
4445	-1.7491302	80.2449	81.99403	-0.049049657	0.96088743	1.0	False	liver	mid	enformer
2137	-1.7491226	80.245316	81.99444	-0.0490492	0.96088785	1.0	False	liver	mid	enformer
3894	-1.7490845	80.24585	81.994934	-0.049047813	0.9608889	1.0	False	liver	mid	enformer
845	-1.7490005	80.24428	81.99328	-0.049046423	0.96089005	1.0	False	liver	mid	enformer
1917	-1.7488632	80.238434	81.9873	-0.049046103	0.9608903	1.0	False	liver	mid	enformer
3790	-1.7491455	80.25462	82.00377	-0.04904407	0.9608919	1.0	False	liver	mid	enformer
136	-1.746872	80.270966	82.01784	-0.048971344	0.96094984	1.0	False	liver	mid	enformer
1501	-1.7466202	80.26242	82.00904	-0.04896945	0.9609514	1.0	False	liver	mid	enformer
5875	-1.7376328	80.2427	81.98033	-0.048731178	0.9611412	1.0	False	liver	mid	enformer
2797	-1.7374649	80.235054	81.97252	-0.048731063	0.9611413	1.0	False	liver	mid	enformer
0	-1.7374496	80.23514	81.97259	-0.048730582	0.9611417	1.0	False	liver	mid	enformer
1988	-1.73732	80.22931	81.96663	-0.048730448	0.96114177	1.0	False	liver	mid	enformer
1088	-1.7372818	80.22833	81.965614	-0.048729956	0.9611422	1.0	False	liver	mid	enformer
1671	-1.7373352	80.23509	81.97243	-0.04872742	0.9611442	1.0	False	liver	mid	enformer
5725	-1.7373276	80.23494	81.97227	-0.048727304	0.96114427	1.0	False	liver	mid	enformer
3656	-1.7373352	80.23545	81.972786	-0.04872721	0.9611444	1.0	False	liver	mid	enformer
2155	-1.737297	80.23585	81.973145	-0.04872591	0.9611454	1.0	False	liver	mid	enformer
396	-1.7372665	80.234695	81.97196	-0.04872575	0.9611455	1.0	False	liver	mid	enformer
5290	-1.7372208	80.236275	81.973495	-0.048723537	0.9611473	1.0	False	liver	mid	enformer
2694	-1.7371979	80.2355	81.972694	-0.048723366	0.9611474	1.0	False	liver	mid	enformer
1818	-1.7350845	80.281525	82.01661	-0.048636965	0.9612162	1.0	False	liver	mid	enformer
4483	-1.7347641	80.27648	82.011246	-0.048631176	0.96122086	1.0	False	liver	mid	enformer
5436	-1.734314	80.26016	81.99448	-0.048628442	0.96122307	1.0	False	liver	mid	enformer
864	-1.7329178	80.277504	82.01042	-0.048579335	0.96126217	1.0	False	liver	mid	enformer
373	-1.7328186	80.27791	82.01073	-0.04857634	0.96126455	1.0	False	liver	mid	enformer
3208	-1.7327194	80.27664	82.00936	-0.04857434	0.96126616	1.0	False	liver	mid	enformer
521	-1.7327194	80.27664	82.00936	-0.04857433	0.96126616	1.0	False	liver	mid	enformer
4202	-1.7304611	80.26242	81.99288	-0.04851994	0.9613095	1.0	False	liver	mid	enformer
4219	-1.7303162	80.27022	82.000534	-0.048511274	0.9613164	1.0	False	liver	mid	enformer
3452	-1.7280502	80.284775	82.012825	-0.04843949	0.9613736	1.0	False	liver	mid	enformer
3813	-1.7266922	80.28675	82.01344	-0.048400667	0.96140456	1.0	False	liver	mid	enformer
1183	-1.7263031	80.27068	81.99699	-0.048399437	0.9614055	1.0	False	liver	mid	enformer
2696	-1.7263031	80.275444	82.00175	-0.048396327	0.96140796	1.0	False	liver	mid	enformer
3172	-1.7259903	80.29404	82.02003	-0.04837684	0.9614235	1.0	False	liver	mid	enformer
1346	-1.7255249	80.295395	82.02092	-0.048362844	0.96143466	1.0	False	liver	mid	enformer
5546	-1.7244415	80.28497	82.009415	-0.048338927	0.9614538	1.0	False	liver	mid	enformer
1077	-1.724472	80.29069	82.01516	-0.04833639	0.9614558	1.0	False	liver	mid	enformer
5583	-1.724472	80.2916	82.016075	-0.048335847	0.96145624	1.0	False	liver	mid	enformer
699	-1.724266	80.28496	82.009224	-0.048334055	0.9614576	1.0	False	liver	mid	enformer
6068	-1.7243805	80.291016	82.015396	-0.048333652	0.9614579	1.0	False	liver	mid	enformer
2215	-1.7243652	80.29069	82.01505	-0.04833342	0.9614581	1.0	False	liver	mid	enformer
3045	-1.724472	80.3091	82.03357	-0.04832508	0.96146476	1.0	False	liver	mid	enformer
5110	-1.7204666	80.312164	82.03263	-0.048212077	0.9615548	1.0	False	liver	mid	enformer
23	-1.7205963	80.32032	82.04092	-0.04821088	0.9615558	1.0	False	liver	mid	enformer
3239	-1.7205887	80.32006	82.04065	-0.048210822	0.96155584	1.0	False	liver	mid	enformer
2381	-1.7205276	80.32109	82.04162	-0.048208527	0.9615577	1.0	False	liver	mid	enformer
1472	-1.7204971	80.320244	82.04074	-0.04820818	0.9615579	1.0	False	liver	mid	enformer
3016	-1.7192535	80.28842	82.007675	-0.04819282	0.96157014	1.0	False	liver	mid	enformer
278	-1.7195282	80.30243	82.02196	-0.048191886	0.96157086	1.0	False	liver	mid	enformer
3011	-1.7192078	80.308876	82.02808	-0.04817892	0.96158123	1.0	False	liver	mid	enformer
5937	-1.7179565	80.31217	82.03013	-0.04814211	0.96161056	1.0	False	liver	mid	enformer
5596	-1.717514	80.31766	82.03517	-0.048126828	0.9616227	1.0	False	liver	mid	enformer
3952	-1.7174911	80.31823	82.03572	-0.048125852	0.9616235	1.0	False	liver	mid	enformer
5193	-1.7171555	80.31859	82.03574	-0.04811631	0.9616311	1.0	False	liver	mid	enformer
3612	-1.7171326	80.31836	82.03549	-0.048115816	0.96163154	1.0	False	liver	mid	enformer
4323	-1.7155685	80.29675	82.01232	-0.048085496	0.9616557	1.0	False	liver	mid	enformer
3432	-1.7154236	80.2973	82.012726	-0.048081145	0.9616592	1.0	False	liver	mid	enformer
2285	-1.7151871	80.31095	82.02614	-0.048065953	0.96167123	1.0	False	liver	mid	enformer
2671	-1.7145767	80.28449	81.99907	-0.04806492	0.96167207	1.0	False	liver	mid	enformer
1694	-1.714386	80.27751	81.9919	-0.048063707	0.961673	1.0	False	liver	mid	enformer
3329	-1.714508	80.28631	82.00082	-0.048061915	0.96167445	1.0	False	liver	mid	enformer
5444	-1.7144699	80.28581	82.00028	-0.048061147	0.96167505	1.0	False	liver	mid	enformer
1492	-1.7144547	80.286316	82.00077	-0.048060436	0.96167564	1.0	False	liver	mid	enformer
3145	-1.7141495	80.277596	81.991745	-0.048057076	0.9616783	1.0	False	liver	mid	enformer
1392	-1.7140732	80.27685	81.99092	-0.048055395	0.96167964	1.0	False	liver	mid	enformer
3962	-1.714035	80.27712	81.99116	-0.04805418	0.9616806	1.0	False	liver	mid	enformer
3404	-1.7124786	80.32339	82.035866	-0.047983363	0.96173704	1.0	False	liver	mid	enformer
5226	-1.7121811	80.31321	82.02539	-0.04798104	0.9617389	1.0	False	liver	mid	enformer
5366	-1.7117844	80.29526	82.00704	-0.04798099	0.96173894	1.0	False	liver	mid	enformer
986	-1.7117462	80.294235	82.00598	-0.047980532	0.9617393	1.0	False	liver	mid	enformer
2946	-1.7120972	80.31389	82.025986	-0.047978316	0.9617411	1.0	False	liver	mid	enformer
1769	-1.7116852	80.296394	82.00808	-0.047977738	0.96174157	1.0	False	liver	mid	enformer
4466	-1.7116013	80.29401	82.00561	-0.047976628	0.9617424	1.0	False	liver	mid	enformer
1908	-1.7104721	80.31004	82.020515	-0.047935557	0.9617751	1.0	False	liver	mid	enformer
3315	-1.7084274	80.31955	82.02798	-0.047872994	0.961825	1.0	False	liver	mid	enformer
744	-1.7081909	80.31121	82.0194	-0.047871325	0.9618263	1.0	False	liver	mid	enformer
5179	-1.7083588	80.3197	82.02806	-0.047870997	0.96182656	1.0	False	liver	mid	enformer
5218	-1.7080002	80.31511	82.02311	-0.047863685	0.9618324	1.0	False	liver	mid	enformer
3782	-1.7078247	80.31544	82.02326	-0.047858622	0.96183646	1.0	False	liver	mid	enformer
1718	-1.707283	80.31197	82.01926	-0.047845773	0.9618467	1.0	False	liver	mid	enformer
3247	-1.7064514	80.30381	82.01026	-0.047827374	0.9618614	1.0	False	liver	mid	enformer
2458	-1.7059097	80.29131	81.99722	-0.04781994	0.9618673	1.0	False	liver	mid	enformer
1066	-1.7056351	80.28271	81.98834	-0.047817323	0.9618693	1.0	False	liver	mid	enformer
1391	-1.7058105	80.29122	81.99703	-0.047817238	0.9618694	1.0	False	liver	mid	enformer
114	-1.7042084	80.29513	81.99934	-0.04777043	0.96190673	1.0	False	liver	mid	enformer
2355	-1.7024689	80.30802	82.01049	-0.047714073	0.9619516	1.0	False	liver	mid	enformer
1595	-1.702446	80.30826	82.010704	-0.0477133	0.96195227	1.0	False	liver	mid	enformer
4162	-1.7024536	80.30989	82.012344	-0.047712553	0.96195287	1.0	False	liver	mid	enformer
5507	-1.702385	80.306854	82.00924	-0.047712415	0.9619529	1.0	False	liver	mid	enformer
3183	-1.7024307	80.30979	82.01222	-0.04771197	0.9619533	1.0	False	liver	mid	enformer
2182	-1.702385	80.30781	82.01019	-0.047711864	0.9619534	1.0	False	liver	mid	enformer
6049	-1.702301	80.30794	82.01024	-0.04770945	0.9619553	1.0	False	liver	mid	enformer
1105	-1.7005386	80.31279	82.01333	-0.04765769	0.96199656	1.0	False	liver	mid	enformer
3941	-1.7001343	80.29648	81.99661	-0.047656212	0.96199775	1.0	False	liver	mid	enformer
3843	-1.7000885	80.29706	81.99715	-0.047654603	0.961999	1.0	False	liver	mid	enformer
1058	-1.7000427	80.29631	81.99635	-0.04765377	0.96199965	1.0	False	liver	mid	enformer
1842	-1.7002335	80.306915	82.00715	-0.04765263	0.9620006	1.0	False	liver	mid	enformer
2921	-1.7001266	80.303986	82.00411	-0.047651287	0.9620017	1.0	False	liver	mid	enformer
6065	-1.7000961	80.30369	82.003784	-0.047650613	0.9620022	1.0	False	liver	mid	enformer
2509	-1.70018	80.31299	82.01317	-0.047647607	0.9620046	1.0	False	liver	mid	enformer
2037	-1.7001572	80.31201	82.01217	-0.047647547	0.96200466	1.0	False	liver	mid	enformer
3701	-1.6987152	80.29329	81.992004	-0.047618665	0.9620276	1.0	False	liver	mid	enformer
4180	-1.6985626	80.31449	82.013054	-0.04760162	0.9620412	1.0	False	liver	mid	enformer
1217	-1.697815	80.30483	82.00265	-0.047586475	0.9620533	1.0	False	liver	mid	enformer
1211	-1.6965561	80.298996	81.99555	-0.0475551	0.96207833	1.0	False	liver	mid	enformer
4508	-1.6963654	80.2933	81.98966	-0.04755342	0.9620796	1.0	False	liver	mid	enformer
591	-1.6965637	80.30293	81.9995	-0.047553014	0.96207994	1.0	False	liver	mid	enformer
4132	-1.6965408	80.31085	82.00739	-0.04754776	0.9620841	1.0	False	liver	mid	enformer
5726	-1.6963425	80.30237	81.99871	-0.04754719	0.9620846	1.0	False	liver	mid	enformer
531	-1.6963577	80.30368	82.00004	-0.047546834	0.96208483	1.0	False	liver	mid	enformer
6064	-1.6949158	80.31994	82.014854	-0.047497276	0.9621244	1.0	False	liver	mid	enformer
5536	-1.6939774	80.30586	81.99984	-0.04747909	0.96213883	1.0	False	liver	mid	enformer
2655	-1.690918	80.3128	82.003716	-0.047390148	0.96220976	1.0	False	liver	mid	enformer
5538	-1.6896362	80.30872	81.99836	-0.047356922	0.9622362	1.0	False	liver	mid	enformer
513	-1.6878967	80.30628	81.99418	-0.047309592	0.96227396	1.0	False	liver	mid	enformer
2039	-1.6860046	80.293945	81.97995	-0.047264736	0.96230966	1.0	False	liver	mid	enformer
3479	-1.6835098	80.320114	82.003624	-0.04717997	0.9623772	1.0	False	liver	mid	enformer
3874	-1.6833801	80.32218	82.00556	-0.04717517	0.96238106	1.0	False	liver	mid	enformer
990	-1.6807022	80.320595	82.0013	-0.047101684	0.9624396	1.0	False	liver	mid	enformer
1506	-1.6806641	80.32051	82.001175	-0.04710067	0.96244043	1.0	False	liver	mid	enformer
5437	1.272522	100.15332	98.8808	0.032254998	0.97427386	1.0	False	liver	mid	enformer
1444	1.2724152	100.15195	98.87953	0.032252714	0.9742757	1.0	False	liver	mid	enformer
1706	1.2590485	100.15601	98.896965	0.031911064	0.97454804	1.0	False	liver	mid	enformer
4412	-0.49249268	70.15016	70.642654	-0.014787212	0.98820424	1.0	False	liver	mid	enformer
3794	-0.48844147	70.15114	70.63958	-0.014665679	0.9883012	1.0	False	liver	mid	enformer
2	0.0	0.0	0.0				False	liver	mid	enformer
7	0.0	0.0	0.0				False	liver	mid	enformer
8	0.0	0.0	0.0				False	liver	mid	enformer
9	0.0	0.0	0.0				False	liver	mid	enformer
10	0.0	0.0	0.0				False	liver	mid	enformer
12	0.0	0.0	0.0				False	liver	mid	enformer
13	0.0	0.0	0.0				False	liver	mid	enformer
15	0.0	0.0	0.0				False	liver	mid	enformer
16	0.0	0.0	0.0				False	liver	mid	enformer
37	0.0	0.0	0.0				False	liver	mid	enformer
39	0.0	0.0	0.0				False	liver	mid	enformer
42	0.0	0.0	0.0				False	liver	mid	enformer
44	0.0	0.0	0.0				False	liver	mid	enformer
46	0.0	0.0	0.0				False	liver	mid	enformer
50	0.0	0.0	0.0				False	liver	mid	enformer
53	0.0	0.0	0.0				False	liver	mid	enformer
57	0.0	0.0	0.0				False	liver	mid	enformer
58	0.0	0.0	0.0				False	liver	mid	enformer
60	0.0	0.0	0.0				False	liver	mid	enformer
63	0.0	0.0	0.0				False	liver	mid	enformer
68	0.0	0.0	0.0				False	liver	mid	enformer
72	0.0	0.0	0.0				False	liver	mid	enformer
86	0.0	0.0	0.0				False	liver	mid	enformer
87	0.0	0.0	0.0				False	liver	mid	enformer
91	0.0	0.0	0.0				False	liver	mid	enformer
94	0.0	0.0	0.0				False	liver	mid	enformer
98	0.0	0.0	0.0				False	liver	mid	enformer
108	0.0	0.0	0.0				False	liver	mid	enformer
109	0.0	0.0	0.0				False	liver	mid	enformer
113	0.0	0.0	0.0				False	liver	mid	enformer
115	0.0	0.0	0.0				False	liver	mid	enformer
118	0.0	0.0	0.0				False	liver	mid	enformer
119	0.0	0.0	0.0				False	liver	mid	enformer
124	0.0	0.0	0.0				False	liver	mid	enformer
137	0.0	0.0	0.0				False	liver	mid	enformer
138	0.0	0.0	0.0				False	liver	mid	enformer
139	0.0	0.0	0.0				False	liver	mid	enformer
143	0.0	0.0	0.0				False	liver	mid	enformer
146	0.0	0.0	0.0				False	liver	mid	enformer
150	0.0	0.0	0.0				False	liver	mid	enformer
153	0.0	0.0	0.0				False	liver	mid	enformer
154	0.0	0.0	0.0				False	liver	mid	enformer
157	0.0	0.0	0.0				False	liver	mid	enformer
159	0.0	0.0	0.0				False	liver	mid	enformer
164	0.0	0.0	0.0				False	liver	mid	enformer
167	0.0	0.0	0.0				False	liver	mid	enformer
168	0.0	0.0	0.0				False	liver	mid	enformer
174	0.0	0.0	0.0				False	liver	mid	enformer
179	0.0	0.0	0.0				False	liver	mid	enformer
180	0.0	0.0	0.0				False	liver	mid	enformer
182	0.0	0.0	0.0				False	liver	mid	enformer
186	0.0	0.0	0.0				False	liver	mid	enformer
189	0.0	0.0	0.0				False	liver	mid	enformer
192	0.0	0.0	0.0				False	liver	mid	enformer
195	0.0	0.0	0.0				False	liver	mid	enformer
197	0.0	0.0	0.0				False	liver	mid	enformer
201	0.0	0.0	0.0				False	liver	mid	enformer
203	0.0	0.0	0.0				False	liver	mid	enformer
206	0.0	0.0	0.0				False	liver	mid	enformer
207	0.0	0.0	0.0				False	liver	mid	enformer
210	0.0	0.0	0.0				False	liver	mid	enformer
229	0.0	0.0	0.0				False	liver	mid	enformer
230	0.0	0.0	0.0				False	liver	mid	enformer
231	0.0	0.0	0.0				False	liver	mid	enformer
233	0.0	0.0	0.0				False	liver	mid	enformer
234	0.0	0.0	0.0				False	liver	mid	enformer
238	0.0	0.0	0.0				False	liver	mid	enformer
246	0.0	0.0	0.0				False	liver	mid	enformer
252	0.0	0.0	0.0				False	liver	mid	enformer
254	0.0	0.0	0.0				False	liver	mid	enformer
256	0.0	0.0	0.0				False	liver	mid	enformer
260	0.0	0.0	0.0				False	liver	mid	enformer
261	0.0	0.0	0.0				False	liver	mid	enformer
265	0.0	0.0	0.0				False	liver	mid	enformer
272	0.0	0.0	0.0				False	liver	mid	enformer
275	0.0	0.0	0.0				False	liver	mid	enformer
276	0.0	0.0	0.0				False	liver	mid	enformer
277	0.0	0.0	0.0				False	liver	mid	enformer
283	0.0	0.0	0.0				False	liver	mid	enformer
284	0.0	0.0	0.0				False	liver	mid	enformer
286	0.0	0.0	0.0				False	liver	mid	enformer
287	0.0	0.0	0.0				False	liver	mid	enformer
295	0.0	0.0	0.0				False	liver	mid	enformer
307	0.0	0.0	0.0				False	liver	mid	enformer
308	0.0	0.0	0.0				False	liver	mid	enformer
309	0.0	0.0	0.0				False	liver	mid	enformer
312	0.0	0.0	0.0				False	liver	mid	enformer
314	0.0	0.0	0.0				False	liver	mid	enformer
315	0.0	0.0	0.0				False	liver	mid	enformer
317	0.0	0.0	0.0				False	liver	mid	enformer
319	0.0	0.0	0.0				False	liver	mid	enformer
321	0.0	0.0	0.0				False	liver	mid	enformer
326	0.0	0.0	0.0				False	liver	mid	enformer
329	0.0	0.0	0.0				False	liver	mid	enformer
330	0.0	0.0	0.0				False	liver	mid	enformer
333	0.0	0.0	0.0				False	liver	mid	enformer
347	0.0	0.0	0.0				False	liver	mid	enformer
350	0.0	0.0	0.0				False	liver	mid	enformer
353	0.0	0.0	0.0				False	liver	mid	enformer
354	0.0	0.0	0.0				False	liver	mid	enformer
355	0.0	0.0	0.0				False	liver	mid	enformer
359	0.0	0.0	0.0				False	liver	mid	enformer
362	0.0	0.0	0.0				False	liver	mid	enformer
364	0.0	0.0	0.0				False	liver	mid	enformer
366	0.0	0.0	0.0				False	liver	mid	enformer
374	0.0	0.0	0.0				False	liver	mid	enformer
376	0.0	0.0	0.0				False	liver	mid	enformer
379	0.0	0.0	0.0				False	liver	mid	enformer
380	0.0	0.0	0.0				False	liver	mid	enformer
383	0.0	0.0	0.0				False	liver	mid	enformer
384	0.0	0.0	0.0				False	liver	mid	enformer
387	0.0	0.0	0.0				False	liver	mid	enformer
399	0.0	0.0	0.0				False	liver	mid	enformer
400	0.0	0.0	0.0				False	liver	mid	enformer
401	0.0	0.0	0.0				False	liver	mid	enformer
402	0.0	0.0	0.0				False	liver	mid	enformer
408	0.0	0.0	0.0				False	liver	mid	enformer
411	0.0	0.0	0.0				False	liver	mid	enformer
420	0.0	0.0	0.0				False	liver	mid	enformer
421	0.0	0.0	0.0				False	liver	mid	enformer
423	0.0	0.0	0.0				False	liver	mid	enformer
425	0.0	0.0	0.0				False	liver	mid	enformer
427	0.0	0.0	0.0				False	liver	mid	enformer
429	0.0	0.0	0.0				False	liver	mid	enformer
432	0.0	0.0	0.0				False	liver	mid	enformer
435	0.0	0.0	0.0				False	liver	mid	enformer
436	0.0	0.0	0.0				False	liver	mid	enformer
437	0.0	0.0	0.0				False	liver	mid	enformer
440	0.0	0.0	0.0				False	liver	mid	enformer
443	0.0	0.0	0.0				False	liver	mid	enformer
446	0.0	0.0	0.0				False	liver	mid	enformer
447	0.0	0.0	0.0				False	liver	mid	enformer
455	0.0	0.0	0.0				False	liver	mid	enformer
456	0.0	0.0	0.0				False	liver	mid	enformer
457	0.0	0.0	0.0				False	liver	mid	enformer
458	0.0	0.0	0.0				False	liver	mid	enformer
472	0.0	0.0	0.0				False	liver	mid	enformer
474	0.0	0.0	0.0				False	liver	mid	enformer
475	0.0	0.0	0.0				False	liver	mid	enformer
477	0.0	0.0	0.0				False	liver	mid	enformer
478	0.0	0.0	0.0				False	liver	mid	enformer
479	0.0	0.0	0.0				False	liver	mid	enformer
480	0.0	0.0	0.0				False	liver	mid	enformer
481	0.0	0.0	0.0				False	liver	mid	enformer
482	0.0	0.0	0.0				False	liver	mid	enformer
483	0.0	0.0	0.0				False	liver	mid	enformer
485	0.0	0.0	0.0				False	liver	mid	enformer
487	0.0	0.0	0.0				False	liver	mid	enformer
492	0.0	0.0	0.0				False	liver	mid	enformer
495	0.0	0.0	0.0				False	liver	mid	enformer
496	0.0	0.0	0.0				False	liver	mid	enformer
498	0.0	0.0	0.0				False	liver	mid	enformer
500	0.0	0.0	0.0				False	liver	mid	enformer
501	0.0	0.0	0.0				False	liver	mid	enformer
509	0.0	0.0	0.0				False	liver	mid	enformer
510	0.0	0.0	0.0				False	liver	mid	enformer
514	0.0	0.0	0.0				False	liver	mid	enformer
515	0.0	0.0	0.0				False	liver	mid	enformer
519	0.0	0.0	0.0				False	liver	mid	enformer
520	0.0	0.0	0.0				False	liver	mid	enformer
522	0.0	0.0	0.0				False	liver	mid	enformer
530	0.0	0.0	0.0				False	liver	mid	enformer
532	0.0	0.0	0.0				False	liver	mid	enformer
536	0.0	0.0	0.0				False	liver	mid	enformer
538	0.0	0.0	0.0				False	liver	mid	enformer
540	0.0	0.0	0.0				False	liver	mid	enformer
546	0.0	0.0	0.0				False	liver	mid	enformer
548	0.0	0.0	0.0				False	liver	mid	enformer
550	0.0	0.0	0.0				False	liver	mid	enformer
551	0.0	0.0	0.0				False	liver	mid	enformer
560	0.0	0.0	0.0				False	liver	mid	enformer
561	0.0	0.0	0.0				False	liver	mid	enformer
569	0.0	0.0	0.0				False	liver	mid	enformer
575	0.0	0.0	0.0				False	liver	mid	enformer
576	0.0	0.0	0.0				False	liver	mid	enformer
577	0.0	0.0	0.0				False	liver	mid	enformer
583	0.0	0.0	0.0				False	liver	mid	enformer
587	0.0	0.0	0.0				False	liver	mid	enformer
589	0.0	0.0	0.0				False	liver	mid	enformer
590	0.0	0.0	0.0				False	liver	mid	enformer
593	0.0	0.0	0.0				False	liver	mid	enformer
594	0.0	0.0	0.0				False	liver	mid	enformer
596	0.0	0.0	0.0				False	liver	mid	enformer
598	0.0	0.0	0.0				False	liver	mid	enformer
604	0.0	0.0	0.0				False	liver	mid	enformer
610	0.0	0.0	0.0				False	liver	mid	enformer
620	0.0	0.0	0.0				False	liver	mid	enformer
621	0.0	0.0	0.0				False	liver	mid	enformer
626	0.0	0.0	0.0				False	liver	mid	enformer
627	0.0	0.0	0.0				False	liver	mid	enformer
628	0.0	0.0	0.0				False	liver	mid	enformer
630	0.0	0.0	0.0				False	liver	mid	enformer
632	0.0	0.0	0.0				False	liver	mid	enformer
636	0.0	0.0	0.0				False	liver	mid	enformer
637	0.0	0.0	0.0				False	liver	mid	enformer
639	0.0	0.0	0.0				False	liver	mid	enformer
645	0.0	0.0	0.0				False	liver	mid	enformer
649	0.0	0.0	0.0				False	liver	mid	enformer
652	0.0	0.0	0.0				False	liver	mid	enformer
656	0.0	0.0	0.0				False	liver	mid	enformer
659	0.0	0.0	0.0				False	liver	mid	enformer
661	0.0	0.0	0.0				False	liver	mid	enformer
662	0.0	0.0	0.0				False	liver	mid	enformer
666	0.0	0.0	0.0				False	liver	mid	enformer
670	0.0	0.0	0.0				False	liver	mid	enformer
671	0.0	0.0	0.0				False	liver	mid	enformer
675	0.0	0.0	0.0				False	liver	mid	enformer
676	0.0	0.0	0.0				False	liver	mid	enformer
679	0.0	0.0	0.0				False	liver	mid	enformer
680	0.0	0.0	0.0				False	liver	mid	enformer
681	0.0	0.0	0.0				False	liver	mid	enformer
682	0.0	0.0	0.0				False	liver	mid	enformer
684	0.0	0.0	0.0				False	liver	mid	enformer
687	0.0	0.0	0.0				False	liver	mid	enformer
689	0.0	0.0	0.0				False	liver	mid	enformer
690	0.0	0.0	0.0				False	liver	mid	enformer
692	0.0	0.0	0.0				False	liver	mid	enformer
698	0.0	0.0	0.0				False	liver	mid	enformer
701	0.0	0.0	0.0				False	liver	mid	enformer
706	0.0	0.0	0.0				False	liver	mid	enformer
709	0.0	0.0	0.0				False	liver	mid	enformer
711	0.0	0.0	0.0				False	liver	mid	enformer
713	0.0	0.0	0.0				False	liver	mid	enformer
716	0.0	0.0	0.0				False	liver	mid	enformer
717	0.0	0.0	0.0				False	liver	mid	enformer
719	0.0	0.0	0.0				False	liver	mid	enformer
720	0.0	0.0	0.0				False	liver	mid	enformer
721	0.0	0.0	0.0				False	liver	mid	enformer
726	0.0	0.0	0.0				False	liver	mid	enformer
727	0.0	0.0	0.0				False	liver	mid	enformer
732	0.0	0.0	0.0				False	liver	mid	enformer
735	0.0	0.0	0.0				False	liver	mid	enformer
736	0.0	0.0	0.0				False	liver	mid	enformer
737	0.0	0.0	0.0				False	liver	mid	enformer
741	0.0	0.0	0.0				False	liver	mid	enformer
749	0.0	0.0	0.0				False	liver	mid	enformer
750	0.0	0.0	0.0				False	liver	mid	enformer
753	0.0	0.0	0.0				False	liver	mid	enformer
754	0.0	0.0	0.0				False	liver	mid	enformer
757	0.0	0.0	0.0				False	liver	mid	enformer
758	0.0	0.0	0.0				False	liver	mid	enformer
760	0.0	0.0	0.0				False	liver	mid	enformer
761	0.0	0.0	0.0				False	liver	mid	enformer
765	0.0	0.0	0.0				False	liver	mid	enformer
768	0.0	0.0	0.0				False	liver	mid	enformer
771	0.0	0.0	0.0				False	liver	mid	enformer
772	0.0	0.0	0.0				False	liver	mid	enformer
773	0.0	0.0	0.0				False	liver	mid	enformer
775	0.0	0.0	0.0				False	liver	mid	enformer
782	0.0	0.0	0.0				False	liver	mid	enformer
783	0.0	0.0	0.0				False	liver	mid	enformer
784	0.0	0.0	0.0				False	liver	mid	enformer
791	0.0	0.0	0.0				False	liver	mid	enformer
797	0.0	0.0	0.0				False	liver	mid	enformer
798	0.0	0.0	0.0				False	liver	mid	enformer
802	0.0	0.0	0.0				False	liver	mid	enformer
803	0.0	0.0	0.0				False	liver	mid	enformer
806	0.0	0.0	0.0				False	liver	mid	enformer
810	0.0	0.0	0.0				False	liver	mid	enformer
812	0.0	0.0	0.0				False	liver	mid	enformer
816	0.0	0.0	0.0				False	liver	mid	enformer
817	0.0	0.0	0.0				False	liver	mid	enformer
818	0.0	0.0	0.0				False	liver	mid	enformer
822	0.0	0.0	0.0				False	liver	mid	enformer
824	0.0	0.0	0.0				False	liver	mid	enformer
827	0.0	0.0	0.0				False	liver	mid	enformer
832	0.0	0.0	0.0				False	liver	mid	enformer
833	0.0	0.0	0.0				False	liver	mid	enformer
836	0.0	0.0	0.0				False	liver	mid	enformer
840	0.0	0.0	0.0				False	liver	mid	enformer
859	0.0	0.0	0.0				False	liver	mid	enformer
865	0.0	0.0	0.0				False	liver	mid	enformer
871	0.0	0.0	0.0				False	liver	mid	enformer
874	0.0	0.0	0.0				False	liver	mid	enformer
875	0.0	0.0	0.0				False	liver	mid	enformer
879	0.0	0.0	0.0				False	liver	mid	enformer
895	0.0	0.0	0.0				False	liver	mid	enformer
904	0.0	0.0	0.0				False	liver	mid	enformer
905	0.0	0.0	0.0				False	liver	mid	enformer
916	0.0	0.0	0.0				False	liver	mid	enformer
917	0.0	0.0	0.0				False	liver	mid	enformer
918	0.0	0.0	0.0				False	liver	mid	enformer
924	0.0	0.0	0.0				False	liver	mid	enformer
927	0.0	0.0	0.0				False	liver	mid	enformer
931	0.0	0.0	0.0				False	liver	mid	enformer
934	0.0	0.0	0.0				False	liver	mid	enformer
936	0.0	0.0	0.0				False	liver	mid	enformer
946	0.0	0.0	0.0				False	liver	mid	enformer
949	0.0	0.0	0.0				False	liver	mid	enformer
950	0.0	0.0	0.0				False	liver	mid	enformer
952	0.0	0.0	0.0				False	liver	mid	enformer
954	0.0	0.0	0.0				False	liver	mid	enformer
961	0.0	0.0	0.0				False	liver	mid	enformer
963	0.0	0.0	0.0				False	liver	mid	enformer
964	0.0	0.0	0.0				False	liver	mid	enformer
965	0.0	0.0	0.0				False	liver	mid	enformer
977	0.0	0.0	0.0				False	liver	mid	enformer
978	0.0	0.0	0.0				False	liver	mid	enformer
979	0.0	0.0	0.0				False	liver	mid	enformer
984	0.0	0.0	0.0				False	liver	mid	enformer
985	0.0	0.0	0.0				False	liver	mid	enformer
989	0.0	0.0	0.0				False	liver	mid	enformer
991	0.0	0.0	0.0				False	liver	mid	enformer
993	0.0	0.0	0.0				False	liver	mid	enformer
1000	0.0	0.0	0.0				False	liver	mid	enformer
1001	0.0	0.0	0.0				False	liver	mid	enformer
1006	0.0	0.0	0.0				False	liver	mid	enformer
1010	0.0	0.0	0.0				False	liver	mid	enformer
1011	0.0	0.0	0.0				False	liver	mid	enformer
1015	0.0	0.0	0.0				False	liver	mid	enformer
1016	0.0	0.0	0.0				False	liver	mid	enformer
1021	0.0	0.0	0.0				False	liver	mid	enformer
1022	0.0	0.0	0.0				False	liver	mid	enformer
1026	0.0	0.0	0.0				False	liver	mid	enformer
1027	0.0	0.0	0.0				False	liver	mid	enformer
1028	0.0	0.0	0.0				False	liver	mid	enformer
1032	0.0	0.0	0.0				False	liver	mid	enformer
1035	0.0	0.0	0.0				False	liver	mid	enformer
1039	0.0	0.0	0.0				False	liver	mid	enformer
1041	0.0	0.0	0.0				False	liver	mid	enformer
1046	0.0	0.0	0.0				False	liver	mid	enformer
1047	0.0	0.0	0.0				False	liver	mid	enformer
1053	0.0	0.0	0.0				False	liver	mid	enformer
1055	0.0	0.0	0.0				False	liver	mid	enformer
1060	0.0	0.0	0.0				False	liver	mid	enformer
1068	0.0	0.0	0.0				False	liver	mid	enformer
1070	0.0	0.0	0.0				False	liver	mid	enformer
1071	0.0	0.0	0.0				False	liver	mid	enformer
1074	0.0	0.0	0.0				False	liver	mid	enformer
1080	0.0	0.0	0.0				False	liver	mid	enformer
1083	0.0	0.0	0.0				False	liver	mid	enformer
1086	0.0	0.0	0.0				False	liver	mid	enformer
1089	0.0	0.0	0.0				False	liver	mid	enformer
1093	0.0	0.0	0.0				False	liver	mid	enformer
1094	0.0	0.0	0.0				False	liver	mid	enformer
1096	0.0	0.0	0.0				False	liver	mid	enformer
1100	0.0	0.0	0.0				False	liver	mid	enformer
1106	0.0	0.0	0.0				False	liver	mid	enformer
1107	0.0	0.0	0.0				False	liver	mid	enformer
1113	0.0	0.0	0.0				False	liver	mid	enformer
1123	0.0	0.0	0.0				False	liver	mid	enformer
1126	0.0	0.0	0.0				False	liver	mid	enformer
1128	0.0	0.0	0.0				False	liver	mid	enformer
1129	0.0	0.0	0.0				False	liver	mid	enformer
1131	0.0	0.0	0.0				False	liver	mid	enformer
1134	0.0	0.0	0.0				False	liver	mid	enformer
1135	0.0	0.0	0.0				False	liver	mid	enformer
1140	0.0	0.0	0.0				False	liver	mid	enformer
1141	0.0	0.0	0.0				False	liver	mid	enformer
1147	0.0	0.0	0.0				False	liver	mid	enformer
1148	0.0	0.0	0.0				False	liver	mid	enformer
1150	0.0	0.0	0.0				False	liver	mid	enformer
1152	0.0	0.0	0.0				False	liver	mid	enformer
1160	0.0	0.0	0.0				False	liver	mid	enformer
1161	0.0	0.0	0.0				False	liver	mid	enformer
1176	0.0	0.0	0.0				False	liver	mid	enformer
1180	0.0	0.0	0.0				False	liver	mid	enformer
1182	0.0	0.0	0.0				False	liver	mid	enformer
1185	0.0	0.0	0.0				False	liver	mid	enformer
1188	0.0	0.0	0.0				False	liver	mid	enformer
1202	0.0	0.0	0.0				False	liver	mid	enformer
1203	0.0	0.0	0.0				False	liver	mid	enformer
1205	0.0	0.0	0.0				False	liver	mid	enformer
1206	0.0	0.0	0.0				False	liver	mid	enformer
1207	0.0	0.0	0.0				False	liver	mid	enformer
1208	0.0	0.0	0.0				False	liver	mid	enformer
1210	0.0	0.0	0.0				False	liver	mid	enformer
1212	0.0	0.0	0.0				False	liver	mid	enformer
1213	0.0	0.0	0.0				False	liver	mid	enformer
1230	0.0	0.0	0.0				False	liver	mid	enformer
1231	0.0	0.0	0.0				False	liver	mid	enformer
1239	0.0	0.0	0.0				False	liver	mid	enformer
1244	0.0	0.0	0.0				False	liver	mid	enformer
1246	0.0	0.0	0.0				False	liver	mid	enformer
1249	0.0	0.0	0.0				False	liver	mid	enformer
1251	0.0	0.0	0.0				False	liver	mid	enformer
1261	0.0	0.0	0.0				False	liver	mid	enformer
1262	0.0	0.0	0.0				False	liver	mid	enformer
1265	0.0	0.0	0.0				False	liver	mid	enformer
1277	0.0	0.0	0.0				False	liver	mid	enformer
1280	0.0	0.0	0.0				False	liver	mid	enformer
1283	0.0	0.0	0.0				False	liver	mid	enformer
1286	0.0	0.0	0.0				False	liver	mid	enformer
1290	0.0	0.0	0.0				False	liver	mid	enformer
1292	0.0	0.0	0.0				False	liver	mid	enformer
1299	0.0	0.0	0.0				False	liver	mid	enformer
1305	0.0	0.0	0.0				False	liver	mid	enformer
1306	0.0	0.0	0.0				False	liver	mid	enformer
1307	0.0	0.0	0.0				False	liver	mid	enformer
1310	0.0	0.0	0.0				False	liver	mid	enformer
1316	0.0	0.0	0.0				False	liver	mid	enformer
1317	0.0	0.0	0.0				False	liver	mid	enformer
1320	0.0	0.0	0.0				False	liver	mid	enformer
1321	0.0	0.0	0.0				False	liver	mid	enformer
1324	0.0	0.0	0.0				False	liver	mid	enformer
1327	0.0	0.0	0.0				False	liver	mid	enformer
1328	0.0	0.0	0.0				False	liver	mid	enformer
1330	0.0	0.0	0.0				False	liver	mid	enformer
1332	0.0	0.0	0.0				False	liver	mid	enformer
1342	0.0	0.0	0.0				False	liver	mid	enformer
1347	0.0	0.0	0.0				False	liver	mid	enformer
1356	0.0	0.0	0.0				False	liver	mid	enformer
1359	0.0	0.0	0.0				False	liver	mid	enformer
1360	0.0	0.0	0.0				False	liver	mid	enformer
1362	0.0	0.0	0.0				False	liver	mid	enformer
1366	0.0	0.0	0.0				False	liver	mid	enformer
1371	0.0	0.0	0.0				False	liver	mid	enformer
1373	0.0	0.0	0.0				False	liver	mid	enformer
1377	0.0	0.0	0.0				False	liver	mid	enformer
1380	0.0	0.0	0.0				False	liver	mid	enformer
1381	0.0	0.0	0.0				False	liver	mid	enformer
1384	0.0	0.0	0.0				False	liver	mid	enformer
1385	0.0	0.0	0.0				False	liver	mid	enformer
1397	0.0	0.0	0.0				False	liver	mid	enformer
1402	0.0	0.0	0.0				False	liver	mid	enformer
1405	0.0	0.0	0.0				False	liver	mid	enformer
1408	0.0	0.0	0.0				False	liver	mid	enformer
1409	0.0	0.0	0.0				False	liver	mid	enformer
1410	0.0	0.0	0.0				False	liver	mid	enformer
1411	0.0	0.0	0.0				False	liver	mid	enformer
1413	0.0	0.0	0.0				False	liver	mid	enformer
1416	0.0	0.0	0.0				False	liver	mid	enformer
1418	0.0	0.0	0.0				False	liver	mid	enformer
1424	0.0	0.0	0.0				False	liver	mid	enformer
1428	0.0	0.0	0.0				False	liver	mid	enformer
1430	0.0	0.0	0.0				False	liver	mid	enformer
1431	0.0	0.0	0.0				False	liver	mid	enformer
1432	0.0	0.0	0.0				False	liver	mid	enformer
1435	0.0	0.0	0.0				False	liver	mid	enformer
1440	0.0	0.0	0.0				False	liver	mid	enformer
1443	0.0	0.0	0.0				False	liver	mid	enformer
1447	0.0	0.0	0.0				False	liver	mid	enformer
1450	0.0	0.0	0.0				False	liver	mid	enformer
1453	0.0	0.0	0.0				False	liver	mid	enformer
1459	0.0	0.0	0.0				False	liver	mid	enformer
1462	0.0	0.0	0.0				False	liver	mid	enformer
1468	0.0	0.0	0.0				False	liver	mid	enformer
1471	0.0	0.0	0.0				False	liver	mid	enformer
1473	0.0	0.0	0.0				False	liver	mid	enformer
1477	0.0	0.0	0.0				False	liver	mid	enformer
1478	0.0	0.0	0.0				False	liver	mid	enformer
1482	0.0	0.0	0.0				False	liver	mid	enformer
1485	0.0	0.0	0.0				False	liver	mid	enformer
1491	0.0	0.0	0.0				False	liver	mid	enformer
1493	0.0	0.0	0.0				False	liver	mid	enformer
1498	0.0	0.0	0.0				False	liver	mid	enformer
1503	0.0	0.0	0.0				False	liver	mid	enformer
1507	0.0	0.0	0.0				False	liver	mid	enformer
1509	0.0	0.0	0.0				False	liver	mid	enformer
1510	0.0	0.0	0.0				False	liver	mid	enformer
1517	0.0	0.0	0.0				False	liver	mid	enformer
1518	0.0	0.0	0.0				False	liver	mid	enformer
1523	0.0	0.0	0.0				False	liver	mid	enformer
1525	0.0	0.0	0.0				False	liver	mid	enformer
1526	0.0	0.0	0.0				False	liver	mid	enformer
1527	0.0	0.0	0.0				False	liver	mid	enformer
1529	0.0	0.0	0.0				False	liver	mid	enformer
1539	0.0	0.0	0.0				False	liver	mid	enformer
1543	0.0	0.0	0.0				False	liver	mid	enformer
1552	0.0	0.0	0.0				False	liver	mid	enformer
1554	0.0	0.0	0.0				False	liver	mid	enformer
1556	0.0	0.0	0.0				False	liver	mid	enformer
1560	0.0	0.0	0.0				False	liver	mid	enformer
1563	0.0	0.0	0.0				False	liver	mid	enformer
1564	0.0	0.0	0.0				False	liver	mid	enformer
1571	0.0	0.0	0.0				False	liver	mid	enformer
1577	0.0	0.0	0.0				False	liver	mid	enformer
1583	0.0	0.0	0.0				False	liver	mid	enformer
1599	0.0	0.0	0.0				False	liver	mid	enformer
1600	0.0	0.0	0.0				False	liver	mid	enformer
1601	0.0	0.0	0.0				False	liver	mid	enformer
1611	0.0	0.0	0.0				False	liver	mid	enformer
1616	0.0	0.0	0.0				False	liver	mid	enformer
1623	0.0	0.0	0.0				False	liver	mid	enformer
1625	0.0	0.0	0.0				False	liver	mid	enformer
1628	0.0	0.0	0.0				False	liver	mid	enformer
1629	0.0	0.0	0.0				False	liver	mid	enformer
1631	0.0	0.0	0.0				False	liver	mid	enformer
1634	0.0	0.0	0.0				False	liver	mid	enformer
1636	0.0	0.0	0.0				False	liver	mid	enformer
1637	0.0	0.0	0.0				False	liver	mid	enformer
1641	0.0	0.0	0.0				False	liver	mid	enformer
1645	0.0	0.0	0.0				False	liver	mid	enformer
1647	0.0	0.0	0.0				False	liver	mid	enformer
1648	0.0	0.0	0.0				False	liver	mid	enformer
1651	0.0	0.0	0.0				False	liver	mid	enformer
1655	0.0	0.0	0.0				False	liver	mid	enformer
1677	0.0	0.0	0.0				False	liver	mid	enformer
1681	0.0	0.0	0.0				False	liver	mid	enformer
1682	0.0	0.0	0.0				False	liver	mid	enformer
1687	0.0	0.0	0.0				False	liver	mid	enformer
1695	0.0	0.0	0.0				False	liver	mid	enformer
1702	0.0	0.0	0.0				False	liver	mid	enformer
1711	0.0	0.0	0.0				False	liver	mid	enformer
1713	0.0	0.0	0.0				False	liver	mid	enformer
1715	0.0	0.0	0.0				False	liver	mid	enformer
1719	0.0	0.0	0.0				False	liver	mid	enformer
1724	0.0	0.0	0.0				False	liver	mid	enformer
1725	0.0	0.0	0.0				False	liver	mid	enformer
1729	0.0	0.0	0.0				False	liver	mid	enformer
1732	0.0	0.0	0.0				False	liver	mid	enformer
1733	0.0	0.0	0.0				False	liver	mid	enformer
1734	0.0	0.0	0.0				False	liver	mid	enformer
1737	0.0	0.0	0.0				False	liver	mid	enformer
1738	0.0	0.0	0.0				False	liver	mid	enformer
1740	0.0	0.0	0.0				False	liver	mid	enformer
1744	0.0	0.0	0.0				False	liver	mid	enformer
1748	0.0	0.0	0.0				False	liver	mid	enformer
1751	0.0	0.0	0.0				False	liver	mid	enformer
1753	0.0	0.0	0.0				False	liver	mid	enformer
1757	0.0	0.0	0.0				False	liver	mid	enformer
1759	0.0	0.0	0.0				False	liver	mid	enformer
1761	0.0	0.0	0.0				False	liver	mid	enformer
1766	0.0	0.0	0.0				False	liver	mid	enformer
1775	0.0	0.0	0.0				False	liver	mid	enformer
1780	0.0	0.0	0.0				False	liver	mid	enformer
1781	0.0	0.0	0.0				False	liver	mid	enformer
1783	0.0	0.0	0.0				False	liver	mid	enformer
1791	0.0	0.0	0.0				False	liver	mid	enformer
1792	0.0	0.0	0.0				False	liver	mid	enformer
1797	0.0	0.0	0.0				False	liver	mid	enformer
1799	0.0	0.0	0.0				False	liver	mid	enformer
1800	0.0	0.0	0.0				False	liver	mid	enformer
1801	0.0	0.0	0.0				False	liver	mid	enformer
1807	0.0	0.0	0.0				False	liver	mid	enformer
1816	0.0	0.0	0.0				False	liver	mid	enformer
1819	0.0	0.0	0.0				False	liver	mid	enformer
1823	0.0	0.0	0.0				False	liver	mid	enformer
1835	0.0	0.0	0.0				False	liver	mid	enformer
1836	0.0	0.0	0.0				False	liver	mid	enformer
1839	0.0	0.0	0.0				False	liver	mid	enformer
1840	0.0	0.0	0.0				False	liver	mid	enformer
1845	0.0	0.0	0.0				False	liver	mid	enformer
1850	0.0	0.0	0.0				False	liver	mid	enformer
1851	0.0	0.0	0.0				False	liver	mid	enformer
1852	0.0	0.0	0.0				False	liver	mid	enformer
1854	0.0	0.0	0.0				False	liver	mid	enformer
1859	0.0	0.0	0.0				False	liver	mid	enformer
1860	0.0	0.0	0.0				False	liver	mid	enformer
1864	0.0	0.0	0.0				False	liver	mid	enformer
1865	0.0	0.0	0.0				False	liver	mid	enformer
1867	0.0	0.0	0.0				False	liver	mid	enformer
1870	0.0	0.0	0.0				False	liver	mid	enformer
1873	0.0	0.0	0.0				False	liver	mid	enformer
1875	0.0	0.0	0.0				False	liver	mid	enformer
1877	0.0	0.0	0.0				False	liver	mid	enformer
1879	0.0	0.0	0.0				False	liver	mid	enformer
1884	0.0	0.0	0.0				False	liver	mid	enformer
1885	0.0	0.0	0.0				False	liver	mid	enformer
1886	0.0	0.0	0.0				False	liver	mid	enformer
1889	0.0	0.0	0.0				False	liver	mid	enformer
1894	0.0	0.0	0.0				False	liver	mid	enformer
1895	0.0	0.0	0.0				False	liver	mid	enformer
1898	0.0	0.0	0.0				False	liver	mid	enformer
1907	0.0	0.0	0.0				False	liver	mid	enformer
1911	0.0	0.0	0.0				False	liver	mid	enformer
1912	0.0	0.0	0.0				False	liver	mid	enformer
1923	0.0	0.0	0.0				False	liver	mid	enformer
1928	0.0	0.0	0.0				False	liver	mid	enformer
1932	0.0	0.0	0.0				False	liver	mid	enformer
1933	0.0	0.0	0.0				False	liver	mid	enformer
1935	0.0	0.0	0.0				False	liver	mid	enformer
1936	0.0	0.0	0.0				False	liver	mid	enformer
1937	0.0	0.0	0.0				False	liver	mid	enformer
1941	0.0	0.0	0.0				False	liver	mid	enformer
1945	0.0	0.0	0.0				False	liver	mid	enformer
1948	0.0	0.0	0.0				False	liver	mid	enformer
1957	0.0	0.0	0.0				False	liver	mid	enformer
1958	0.0	0.0	0.0				False	liver	mid	enformer
1959	0.0	0.0	0.0				False	liver	mid	enformer
1960	0.0	0.0	0.0				False	liver	mid	enformer
1961	0.0	0.0	0.0				False	liver	mid	enformer
1962	0.0	0.0	0.0				False	liver	mid	enformer
1968	0.0	0.0	0.0				False	liver	mid	enformer
1982	0.0	0.0	0.0				False	liver	mid	enformer
1983	0.0	0.0	0.0				False	liver	mid	enformer
1985	0.0	0.0	0.0				False	liver	mid	enformer
1986	0.0	0.0	0.0				False	liver	mid	enformer
1989	0.0	0.0	0.0				False	liver	mid	enformer
1990	0.0	0.0	0.0				False	liver	mid	enformer
1991	0.0	0.0	0.0				False	liver	mid	enformer
1993	0.0	0.0	0.0				False	liver	mid	enformer
2004	0.0	0.0	0.0				False	liver	mid	enformer
2006	0.0	0.0	0.0				False	liver	mid	enformer
2008	0.0	0.0	0.0				False	liver	mid	enformer
2009	0.0	0.0	0.0				False	liver	mid	enformer
2010	0.0	0.0	0.0				False	liver	mid	enformer
2012	0.0	0.0	0.0				False	liver	mid	enformer
2013	0.0	0.0	0.0				False	liver	mid	enformer
2014	0.0	0.0	0.0				False	liver	mid	enformer
2017	0.0	0.0	0.0				False	liver	mid	enformer
2022	0.0	0.0	0.0				False	liver	mid	enformer
2035	0.0	0.0	0.0				False	liver	mid	enformer
2038	0.0	0.0	0.0				False	liver	mid	enformer
2040	0.0	0.0	0.0				False	liver	mid	enformer
2043	0.0	0.0	0.0				False	liver	mid	enformer
2051	0.0	0.0	0.0				False	liver	mid	enformer
2052	0.0	0.0	0.0				False	liver	mid	enformer
2055	0.0	0.0	0.0				False	liver	mid	enformer
2060	0.0	0.0	0.0				False	liver	mid	enformer
2066	0.0	0.0	0.0				False	liver	mid	enformer
2067	0.0	0.0	0.0				False	liver	mid	enformer
2071	0.0	0.0	0.0				False	liver	mid	enformer
2073	0.0	0.0	0.0				False	liver	mid	enformer
2075	0.0	0.0	0.0				False	liver	mid	enformer
2085	0.0	0.0	0.0				False	liver	mid	enformer
2087	0.0	0.0	0.0				False	liver	mid	enformer
2088	0.0	0.0	0.0				False	liver	mid	enformer
2089	0.0	0.0	0.0				False	liver	mid	enformer
2095	0.0	0.0	0.0				False	liver	mid	enformer
2099	0.0	0.0	0.0				False	liver	mid	enformer
2100	0.0	0.0	0.0				False	liver	mid	enformer
2108	0.0	0.0	0.0				False	liver	mid	enformer
2110	0.0	0.0	0.0				False	liver	mid	enformer
2114	0.0	0.0	0.0				False	liver	mid	enformer
2116	0.0	0.0	0.0				False	liver	mid	enformer
2121	0.0	0.0	0.0				False	liver	mid	enformer
2123	0.0	0.0	0.0				False	liver	mid	enformer
2125	0.0	0.0	0.0				False	liver	mid	enformer
2129	0.0	0.0	0.0				False	liver	mid	enformer
2133	0.0	0.0	0.0				False	liver	mid	enformer
2136	0.0	0.0	0.0				False	liver	mid	enformer
2138	0.0	0.0	0.0				False	liver	mid	enformer
2139	0.0	0.0	0.0				False	liver	mid	enformer
2142	0.0	0.0	0.0				False	liver	mid	enformer
2143	0.0	0.0	0.0				False	liver	mid	enformer
2145	0.0	0.0	0.0				False	liver	mid	enformer
2160	0.0	0.0	0.0				False	liver	mid	enformer
2161	0.0	0.0	0.0				False	liver	mid	enformer
2164	0.0	0.0	0.0				False	liver	mid	enformer
2165	0.0	0.0	0.0				False	liver	mid	enformer
2167	0.0	0.0	0.0				False	liver	mid	enformer
2172	0.0	0.0	0.0				False	liver	mid	enformer
2177	0.0	0.0	0.0				False	liver	mid	enformer
2179	0.0	0.0	0.0				False	liver	mid	enformer
2180	0.0	0.0	0.0				False	liver	mid	enformer
2188	0.0	0.0	0.0				False	liver	mid	enformer
2192	0.0	0.0	0.0				False	liver	mid	enformer
2194	0.0	0.0	0.0				False	liver	mid	enformer
2199	0.0	0.0	0.0				False	liver	mid	enformer
2202	0.0	0.0	0.0				False	liver	mid	enformer
2212	0.0	0.0	0.0				False	liver	mid	enformer
2213	0.0	0.0	0.0				False	liver	mid	enformer
2214	0.0	0.0	0.0				False	liver	mid	enformer
2216	0.0	0.0	0.0				False	liver	mid	enformer
2218	0.0	0.0	0.0				False	liver	mid	enformer
2220	0.0	0.0	0.0				False	liver	mid	enformer
2221	0.0	0.0	0.0				False	liver	mid	enformer
2222	0.0	0.0	0.0				False	liver	mid	enformer
2226	0.0	0.0	0.0				False	liver	mid	enformer
2228	0.0	0.0	0.0				False	liver	mid	enformer
2239	0.0	0.0	0.0				False	liver	mid	enformer
2241	0.0	0.0	0.0				False	liver	mid	enformer
2247	0.0	0.0	0.0				False	liver	mid	enformer
2248	0.0	0.0	0.0				False	liver	mid	enformer
2251	0.0	0.0	0.0				False	liver	mid	enformer
2253	0.0	0.0	0.0				False	liver	mid	enformer
2254	0.0	0.0	0.0				False	liver	mid	enformer
2255	0.0	0.0	0.0				False	liver	mid	enformer
2256	0.0	0.0	0.0				False	liver	mid	enformer
2257	0.0	0.0	0.0				False	liver	mid	enformer
2259	0.0	0.0	0.0				False	liver	mid	enformer
2262	0.0	0.0	0.0				False	liver	mid	enformer
2268	0.0	0.0	0.0				False	liver	mid	enformer
2275	0.0	0.0	0.0				False	liver	mid	enformer
2278	0.0	0.0	0.0				False	liver	mid	enformer
2287	0.0	0.0	0.0				False	liver	mid	enformer
2290	0.0	0.0	0.0				False	liver	mid	enformer
2292	0.0	0.0	0.0				False	liver	mid	enformer
2298	0.0	0.0	0.0				False	liver	mid	enformer
2300	0.0	0.0	0.0				False	liver	mid	enformer
2301	0.0	0.0	0.0				False	liver	mid	enformer
2303	0.0	0.0	0.0				False	liver	mid	enformer
2304	0.0	0.0	0.0				False	liver	mid	enformer
2308	0.0	0.0	0.0				False	liver	mid	enformer
2311	0.0	0.0	0.0				False	liver	mid	enformer
2312	0.0	0.0	0.0				False	liver	mid	enformer
2314	0.0	0.0	0.0				False	liver	mid	enformer
2315	0.0	0.0	0.0				False	liver	mid	enformer
2319	0.0	0.0	0.0				False	liver	mid	enformer
2320	0.0	0.0	0.0				False	liver	mid	enformer
2322	0.0	0.0	0.0				False	liver	mid	enformer
2325	0.0	0.0	0.0				False	liver	mid	enformer
2328	0.0	0.0	0.0				False	liver	mid	enformer
2338	0.0	0.0	0.0				False	liver	mid	enformer
2340	0.0	0.0	0.0				False	liver	mid	enformer
2343	0.0	0.0	0.0				False	liver	mid	enformer
2344	0.0	0.0	0.0				False	liver	mid	enformer
2349	0.0	0.0	0.0				False	liver	mid	enformer
2350	0.0	0.0	0.0				False	liver	mid	enformer
2352	0.0	0.0	0.0				False	liver	mid	enformer
2360	0.0	0.0	0.0				False	liver	mid	enformer
2367	0.0	0.0	0.0				False	liver	mid	enformer
2372	0.0	0.0	0.0				False	liver	mid	enformer
2374	0.0	0.0	0.0				False	liver	mid	enformer
2377	0.0	0.0	0.0				False	liver	mid	enformer
2379	0.0	0.0	0.0				False	liver	mid	enformer
2383	0.0	0.0	0.0				False	liver	mid	enformer
2384	0.0	0.0	0.0				False	liver	mid	enformer
2385	0.0	0.0	0.0				False	liver	mid	enformer
2388	0.0	0.0	0.0				False	liver	mid	enformer
2389	0.0	0.0	0.0				False	liver	mid	enformer
2390	0.0	0.0	0.0				False	liver	mid	enformer
2392	0.0	0.0	0.0				False	liver	mid	enformer
2393	0.0	0.0	0.0				False	liver	mid	enformer
2401	0.0	0.0	0.0				False	liver	mid	enformer
2409	0.0	0.0	0.0				False	liver	mid	enformer
2410	0.0	0.0	0.0				False	liver	mid	enformer
2419	0.0	0.0	0.0				False	liver	mid	enformer
2420	0.0	0.0	0.0				False	liver	mid	enformer
2421	0.0	0.0	0.0				False	liver	mid	enformer
2425	0.0	0.0	0.0				False	liver	mid	enformer
2429	0.0	0.0	0.0				False	liver	mid	enformer
2436	0.0	0.0	0.0				False	liver	mid	enformer
2438	0.0	0.0	0.0				False	liver	mid	enformer
2441	0.0	0.0	0.0				False	liver	mid	enformer
2443	0.0	0.0	0.0				False	liver	mid	enformer
2446	0.0	0.0	0.0				False	liver	mid	enformer
2451	0.0	0.0	0.0				False	liver	mid	enformer
2459	0.0	0.0	0.0				False	liver	mid	enformer
2461	0.0	0.0	0.0				False	liver	mid	enformer
2464	0.0	0.0	0.0				False	liver	mid	enformer
2467	0.0	0.0	0.0				False	liver	mid	enformer
2469	0.0	0.0	0.0				False	liver	mid	enformer
2473	0.0	0.0	0.0				False	liver	mid	enformer
2476	0.0	0.0	0.0				False	liver	mid	enformer
2477	0.0	0.0	0.0				False	liver	mid	enformer
2480	0.0	0.0	0.0				False	liver	mid	enformer
2491	0.0	0.0	0.0				False	liver	mid	enformer
2492	0.0	0.0	0.0				False	liver	mid	enformer
2499	0.0	0.0	0.0				False	liver	mid	enformer
2508	0.0	0.0	0.0				False	liver	mid	enformer
2521	0.0	0.0	0.0				False	liver	mid	enformer
2523	0.0	0.0	0.0				False	liver	mid	enformer
2528	0.0	0.0	0.0				False	liver	mid	enformer
2533	0.0	0.0	0.0				False	liver	mid	enformer
2534	0.0	0.0	0.0				False	liver	mid	enformer
2535	0.0	0.0	0.0				False	liver	mid	enformer
2537	0.0	0.0	0.0				False	liver	mid	enformer
2539	0.0	0.0	0.0				False	liver	mid	enformer
2541	0.0	0.0	0.0				False	liver	mid	enformer
2548	0.0	0.0	0.0				False	liver	mid	enformer
2550	0.0	0.0	0.0				False	liver	mid	enformer
2551	0.0	0.0	0.0				False	liver	mid	enformer
2552	0.0	0.0	0.0				False	liver	mid	enformer
2555	0.0	0.0	0.0				False	liver	mid	enformer
2557	0.0	0.0	0.0				False	liver	mid	enformer
2558	0.0	0.0	0.0				False	liver	mid	enformer
2563	0.0	0.0	0.0				False	liver	mid	enformer
2566	0.0	0.0	0.0				False	liver	mid	enformer
2568	0.0	0.0	0.0				False	liver	mid	enformer
2569	0.0	0.0	0.0				False	liver	mid	enformer
2570	0.0	0.0	0.0				False	liver	mid	enformer
2571	0.0	0.0	0.0				False	liver	mid	enformer
2580	0.0	0.0	0.0				False	liver	mid	enformer
2583	0.0	0.0	0.0				False	liver	mid	enformer
2585	0.0	0.0	0.0				False	liver	mid	enformer
2589	0.0	0.0	0.0				False	liver	mid	enformer
2590	0.0	0.0	0.0				False	liver	mid	enformer
2592	0.0	0.0	0.0				False	liver	mid	enformer
2593	0.0	0.0	0.0				False	liver	mid	enformer
2595	0.0	0.0	0.0				False	liver	mid	enformer
2601	0.0	0.0	0.0				False	liver	mid	enformer
2602	0.0	0.0	0.0				False	liver	mid	enformer
2607	0.0	0.0	0.0				False	liver	mid	enformer
2610	0.0	0.0	0.0				False	liver	mid	enformer
2612	0.0	0.0	0.0				False	liver	mid	enformer
2613	0.0	0.0	0.0				False	liver	mid	enformer
2615	0.0	0.0	0.0				False	liver	mid	enformer
2616	0.0	0.0	0.0				False	liver	mid	enformer
2620	0.0	0.0	0.0				False	liver	mid	enformer
2622	0.0	0.0	0.0				False	liver	mid	enformer
2628	0.0	0.0	0.0				False	liver	mid	enformer
2633	0.0	0.0	0.0				False	liver	mid	enformer
2634	0.0	0.0	0.0				False	liver	mid	enformer
2635	0.0	0.0	0.0				False	liver	mid	enformer
2640	0.0	0.0	0.0				False	liver	mid	enformer
2641	0.0	0.0	0.0				False	liver	mid	enformer
2645	0.0	0.0	0.0				False	liver	mid	enformer
2653	0.0	0.0	0.0				False	liver	mid	enformer
2657	0.0	0.0	0.0				False	liver	mid	enformer
2658	0.0	0.0	0.0				False	liver	mid	enformer
2661	0.0	0.0	0.0				False	liver	mid	enformer
2662	0.0	0.0	0.0				False	liver	mid	enformer
2667	0.0	0.0	0.0				False	liver	mid	enformer
2669	0.0	0.0	0.0				False	liver	mid	enformer
2673	0.0	0.0	0.0				False	liver	mid	enformer
2676	0.0	0.0	0.0				False	liver	mid	enformer
2678	0.0	0.0	0.0				False	liver	mid	enformer
2680	0.0	0.0	0.0				False	liver	mid	enformer
2691	0.0	0.0	0.0				False	liver	mid	enformer
2692	0.0	0.0	0.0				False	liver	mid	enformer
2701	0.0	0.0	0.0				False	liver	mid	enformer
2703	0.0	0.0	0.0				False	liver	mid	enformer
2713	0.0	0.0	0.0				False	liver	mid	enformer
2717	0.0	0.0	0.0				False	liver	mid	enformer
2720	0.0	0.0	0.0				False	liver	mid	enformer
2722	0.0	0.0	0.0				False	liver	mid	enformer
2723	0.0	0.0	0.0				False	liver	mid	enformer
2725	0.0	0.0	0.0				False	liver	mid	enformer
2727	0.0	0.0	0.0				False	liver	mid	enformer
2728	0.0	0.0	0.0				False	liver	mid	enformer
2733	0.0	0.0	0.0				False	liver	mid	enformer
2734	0.0	0.0	0.0				False	liver	mid	enformer
2738	0.0	0.0	0.0				False	liver	mid	enformer
2739	0.0	0.0	0.0				False	liver	mid	enformer
2748	0.0	0.0	0.0				False	liver	mid	enformer
2753	0.0	0.0	0.0				False	liver	mid	enformer
2755	0.0	0.0	0.0				False	liver	mid	enformer
2758	0.0	0.0	0.0				False	liver	mid	enformer
2770	0.0	0.0	0.0				False	liver	mid	enformer
2777	0.0	0.0	0.0				False	liver	mid	enformer
2778	0.0	0.0	0.0				False	liver	mid	enformer
2781	0.0	0.0	0.0				False	liver	mid	enformer
2787	0.0	0.0	0.0				False	liver	mid	enformer
2794	0.0	0.0	0.0				False	liver	mid	enformer
2798	0.0	0.0	0.0				False	liver	mid	enformer
2803	0.0	0.0	0.0				False	liver	mid	enformer
2808	0.0	0.0	0.0				False	liver	mid	enformer
2812	0.0	0.0	0.0				False	liver	mid	enformer
2819	0.0	0.0	0.0				False	liver	mid	enformer
2821	0.0	0.0	0.0				False	liver	mid	enformer
2832	0.0	0.0	0.0				False	liver	mid	enformer
2838	0.0	0.0	0.0				False	liver	mid	enformer
2839	0.0	0.0	0.0				False	liver	mid	enformer
2840	0.0	0.0	0.0				False	liver	mid	enformer
2842	0.0	0.0	0.0				False	liver	mid	enformer
2846	0.0	0.0	0.0				False	liver	mid	enformer
2853	0.0	0.0	0.0				False	liver	mid	enformer
2857	0.0	0.0	0.0				False	liver	mid	enformer
2860	0.0	0.0	0.0				False	liver	mid	enformer
2863	0.0	0.0	0.0				False	liver	mid	enformer
2865	0.0	0.0	0.0				False	liver	mid	enformer
2871	0.0	0.0	0.0				False	liver	mid	enformer
2877	0.0	0.0	0.0				False	liver	mid	enformer
2881	0.0	0.0	0.0				False	liver	mid	enformer
2883	0.0	0.0	0.0				False	liver	mid	enformer
2888	0.0	0.0	0.0				False	liver	mid	enformer
2889	0.0	0.0	0.0				False	liver	mid	enformer
2892	0.0	0.0	0.0				False	liver	mid	enformer
2900	0.0	0.0	0.0				False	liver	mid	enformer
2902	0.0	0.0	0.0				False	liver	mid	enformer
2908	0.0	0.0	0.0				False	liver	mid	enformer
2910	0.0	0.0	0.0				False	liver	mid	enformer
2912	0.0	0.0	0.0				False	liver	mid	enformer
2915	0.0	0.0	0.0				False	liver	mid	enformer
2916	0.0	0.0	0.0				False	liver	mid	enformer
2924	0.0	0.0	0.0				False	liver	mid	enformer
2927	0.0	0.0	0.0				False	liver	mid	enformer
2947	0.0	0.0	0.0				False	liver	mid	enformer
2950	0.0	0.0	0.0				False	liver	mid	enformer
2960	0.0	0.0	0.0				False	liver	mid	enformer
2961	0.0	0.0	0.0				False	liver	mid	enformer
2962	0.0	0.0	0.0				False	liver	mid	enformer
2963	0.0	0.0	0.0				False	liver	mid	enformer
2964	0.0	0.0	0.0				False	liver	mid	enformer
2967	0.0	0.0	0.0				False	liver	mid	enformer
2975	0.0	0.0	0.0				False	liver	mid	enformer
2976	0.0	0.0	0.0				False	liver	mid	enformer
2978	0.0	0.0	0.0				False	liver	mid	enformer
2980	0.0	0.0	0.0				False	liver	mid	enformer
2981	0.0	0.0	0.0				False	liver	mid	enformer
2982	0.0	0.0	0.0				False	liver	mid	enformer
2988	0.0	0.0	0.0				False	liver	mid	enformer
2989	0.0	0.0	0.0				False	liver	mid	enformer
2990	0.0	0.0	0.0				False	liver	mid	enformer
2995	0.0	0.0	0.0				False	liver	mid	enformer
2998	0.0	0.0	0.0				False	liver	mid	enformer
3000	0.0	0.0	0.0				False	liver	mid	enformer
3001	0.0	0.0	0.0				False	liver	mid	enformer
3009	0.0	0.0	0.0				False	liver	mid	enformer
3020	0.0	0.0	0.0				False	liver	mid	enformer
3021	0.0	0.0	0.0				False	liver	mid	enformer
3022	0.0	0.0	0.0				False	liver	mid	enformer
3023	0.0	0.0	0.0				False	liver	mid	enformer
3027	0.0	0.0	0.0				False	liver	mid	enformer
3028	0.0	0.0	0.0				False	liver	mid	enformer
3029	0.0	0.0	0.0				False	liver	mid	enformer
3035	0.0	0.0	0.0				False	liver	mid	enformer
3036	0.0	0.0	0.0				False	liver	mid	enformer
3038	0.0	0.0	0.0				False	liver	mid	enformer
3040	0.0	0.0	0.0				False	liver	mid	enformer
3041	0.0	0.0	0.0				False	liver	mid	enformer
3043	0.0	0.0	0.0				False	liver	mid	enformer
3044	0.0	0.0	0.0				False	liver	mid	enformer
3048	0.0	0.0	0.0				False	liver	mid	enformer
3050	0.0	0.0	0.0				False	liver	mid	enformer
3051	0.0	0.0	0.0				False	liver	mid	enformer
3053	0.0	0.0	0.0				False	liver	mid	enformer
3057	0.0	0.0	0.0				False	liver	mid	enformer
3059	0.0	0.0	0.0				False	liver	mid	enformer
3063	0.0	0.0	0.0				False	liver	mid	enformer
3064	0.0	0.0	0.0				False	liver	mid	enformer
3066	0.0	0.0	0.0				False	liver	mid	enformer
3070	0.0	0.0	0.0				False	liver	mid	enformer
3072	0.0	0.0	0.0				False	liver	mid	enformer
3075	0.0	0.0	0.0				False	liver	mid	enformer
3079	0.0	0.0	0.0				False	liver	mid	enformer
3080	0.0	0.0	0.0				False	liver	mid	enformer
3081	0.0	0.0	0.0				False	liver	mid	enformer
3082	0.0	0.0	0.0				False	liver	mid	enformer
3083	0.0	0.0	0.0				False	liver	mid	enformer
3091	0.0	0.0	0.0				False	liver	mid	enformer
3093	0.0	0.0	0.0				False	liver	mid	enformer
3096	0.0	0.0	0.0				False	liver	mid	enformer
3098	0.0	0.0	0.0				False	liver	mid	enformer
3099	0.0	0.0	0.0				False	liver	mid	enformer
3100	0.0	0.0	0.0				False	liver	mid	enformer
3102	0.0	0.0	0.0				False	liver	mid	enformer
3106	0.0	0.0	0.0				False	liver	mid	enformer
3109	0.0	0.0	0.0				False	liver	mid	enformer
3112	0.0	0.0	0.0				False	liver	mid	enformer
3114	0.0	0.0	0.0				False	liver	mid	enformer
3121	0.0	0.0	0.0				False	liver	mid	enformer
3126	0.0	0.0	0.0				False	liver	mid	enformer
3138	0.0	0.0	0.0				False	liver	mid	enformer
3141	0.0	0.0	0.0				False	liver	mid	enformer
3143	0.0	0.0	0.0				False	liver	mid	enformer
3144	0.0	0.0	0.0				False	liver	mid	enformer
3146	0.0	0.0	0.0				False	liver	mid	enformer
3151	0.0	0.0	0.0				False	liver	mid	enformer
3153	0.0	0.0	0.0				False	liver	mid	enformer
3157	0.0	0.0	0.0				False	liver	mid	enformer
3160	0.0	0.0	0.0				False	liver	mid	enformer
3161	0.0	0.0	0.0				False	liver	mid	enformer
3167	0.0	0.0	0.0				False	liver	mid	enformer
3179	0.0	0.0	0.0				False	liver	mid	enformer
3186	0.0	0.0	0.0				False	liver	mid	enformer
3187	0.0	0.0	0.0				False	liver	mid	enformer
3190	0.0	0.0	0.0				False	liver	mid	enformer
3192	0.0	0.0	0.0				False	liver	mid	enformer
3193	0.0	0.0	0.0				False	liver	mid	enformer
3195	0.0	0.0	0.0				False	liver	mid	enformer
3198	0.0	0.0	0.0				False	liver	mid	enformer
3199	0.0	0.0	0.0				False	liver	mid	enformer
3203	0.0	0.0	0.0				False	liver	mid	enformer
3206	0.0	0.0	0.0				False	liver	mid	enformer
3209	0.0	0.0	0.0				False	liver	mid	enformer
3216	0.0	0.0	0.0				False	liver	mid	enformer
3218	0.0	0.0	0.0				False	liver	mid	enformer
3220	0.0	0.0	0.0				False	liver	mid	enformer
3222	0.0	0.0	0.0				False	liver	mid	enformer
3224	0.0	0.0	0.0				False	liver	mid	enformer
3225	0.0	0.0	0.0				False	liver	mid	enformer
3226	0.0	0.0	0.0				False	liver	mid	enformer
3229	0.0	0.0	0.0				False	liver	mid	enformer
3230	0.0	0.0	0.0				False	liver	mid	enformer
3231	0.0	0.0	0.0				False	liver	mid	enformer
3235	0.0	0.0	0.0				False	liver	mid	enformer
3237	0.0	0.0	0.0				False	liver	mid	enformer
3242	0.0	0.0	0.0				False	liver	mid	enformer
3243	0.0	0.0	0.0				False	liver	mid	enformer
3245	0.0	0.0	0.0				False	liver	mid	enformer
3248	0.0	0.0	0.0				False	liver	mid	enformer
3249	0.0	0.0	0.0				False	liver	mid	enformer
3250	0.0	0.0	0.0				False	liver	mid	enformer
3260	0.0	0.0	0.0				False	liver	mid	enformer
3265	0.0	0.0	0.0				False	liver	mid	enformer
3275	0.0	0.0	0.0				False	liver	mid	enformer
3277	0.0	0.0	0.0				False	liver	mid	enformer
3278	0.0	0.0	0.0				False	liver	mid	enformer
3284	0.0	0.0	0.0				False	liver	mid	enformer
3286	0.0	0.0	0.0				False	liver	mid	enformer
3289	0.0	0.0	0.0				False	liver	mid	enformer
3296	0.0	0.0	0.0				False	liver	mid	enformer
3324	0.0	0.0	0.0				False	liver	mid	enformer
3327	0.0	0.0	0.0				False	liver	mid	enformer
3341	0.0	0.0	0.0				False	liver	mid	enformer
3343	0.0	0.0	0.0				False	liver	mid	enformer
3344	0.0	0.0	0.0				False	liver	mid	enformer
3347	0.0	0.0	0.0				False	liver	mid	enformer
3349	0.0	0.0	0.0				False	liver	mid	enformer
3352	0.0	0.0	0.0				False	liver	mid	enformer
3355	0.0	0.0	0.0				False	liver	mid	enformer
3358	0.0	0.0	0.0				False	liver	mid	enformer
3359	0.0	0.0	0.0				False	liver	mid	enformer
3366	0.0	0.0	0.0				False	liver	mid	enformer
3367	0.0	0.0	0.0				False	liver	mid	enformer
3380	0.0	0.0	0.0				False	liver	mid	enformer
3381	0.0	0.0	0.0				False	liver	mid	enformer
3384	0.0	0.0	0.0				False	liver	mid	enformer
3387	0.0	0.0	0.0				False	liver	mid	enformer
3392	0.0	0.0	0.0				False	liver	mid	enformer
3393	0.0	0.0	0.0				False	liver	mid	enformer
3394	0.0	0.0	0.0				False	liver	mid	enformer
3395	0.0	0.0	0.0				False	liver	mid	enformer
3396	0.0	0.0	0.0				False	liver	mid	enformer
3403	0.0	0.0	0.0				False	liver	mid	enformer
3406	0.0	0.0	0.0				False	liver	mid	enformer
3408	0.0	0.0	0.0				False	liver	mid	enformer
3410	0.0	0.0	0.0				False	liver	mid	enformer
3411	0.0	0.0	0.0				False	liver	mid	enformer
3417	0.0	0.0	0.0				False	liver	mid	enformer
3418	0.0	0.0	0.0				False	liver	mid	enformer
3420	0.0	0.0	0.0				False	liver	mid	enformer
3423	0.0	0.0	0.0				False	liver	mid	enformer
3425	0.0	0.0	0.0				False	liver	mid	enformer
3426	0.0	0.0	0.0				False	liver	mid	enformer
3428	0.0	0.0	0.0				False	liver	mid	enformer
3431	0.0	0.0	0.0				False	liver	mid	enformer
3435	0.0	0.0	0.0				False	liver	mid	enformer
3436	0.0	0.0	0.0				False	liver	mid	enformer
3439	0.0	0.0	0.0				False	liver	mid	enformer
3440	0.0	0.0	0.0				False	liver	mid	enformer
3442	0.0	0.0	0.0				False	liver	mid	enformer
3450	0.0	0.0	0.0				False	liver	mid	enformer
3451	0.0	0.0	0.0				False	liver	mid	enformer
3453	0.0	0.0	0.0				False	liver	mid	enformer
3466	0.0	0.0	0.0				False	liver	mid	enformer
3467	0.0	0.0	0.0				False	liver	mid	enformer
3468	0.0	0.0	0.0				False	liver	mid	enformer
3476	0.0	0.0	0.0				False	liver	mid	enformer
3485	0.0	0.0	0.0				False	liver	mid	enformer
3487	0.0	0.0	0.0				False	liver	mid	enformer
3488	0.0	0.0	0.0				False	liver	mid	enformer
3495	0.0	0.0	0.0				False	liver	mid	enformer
3499	0.0	0.0	0.0				False	liver	mid	enformer
3502	0.0	0.0	0.0				False	liver	mid	enformer
3508	0.0	0.0	0.0				False	liver	mid	enformer
3511	0.0	0.0	0.0				False	liver	mid	enformer
3513	0.0	0.0	0.0				False	liver	mid	enformer
3523	0.0	0.0	0.0				False	liver	mid	enformer
3528	0.0	0.0	0.0				False	liver	mid	enformer
3531	0.0	0.0	0.0				False	liver	mid	enformer
3532	0.0	0.0	0.0				False	liver	mid	enformer
3533	0.0	0.0	0.0				False	liver	mid	enformer
3534	0.0	0.0	0.0				False	liver	mid	enformer
3535	0.0	0.0	0.0				False	liver	mid	enformer
3537	0.0	0.0	0.0				False	liver	mid	enformer
3539	0.0	0.0	0.0				False	liver	mid	enformer
3545	0.0	0.0	0.0				False	liver	mid	enformer
3546	0.0	0.0	0.0				False	liver	mid	enformer
3551	0.0	0.0	0.0				False	liver	mid	enformer
3552	0.0	0.0	0.0				False	liver	mid	enformer
3554	0.0	0.0	0.0				False	liver	mid	enformer
3557	0.0	0.0	0.0				False	liver	mid	enformer
3562	0.0	0.0	0.0				False	liver	mid	enformer
3566	0.0	0.0	0.0				False	liver	mid	enformer
3567	0.0	0.0	0.0				False	liver	mid	enformer
3575	0.0	0.0	0.0				False	liver	mid	enformer
3577	0.0	0.0	0.0				False	liver	mid	enformer
3585	0.0	0.0	0.0				False	liver	mid	enformer
3596	0.0	0.0	0.0				False	liver	mid	enformer
3599	0.0	0.0	0.0				False	liver	mid	enformer
3600	0.0	0.0	0.0				False	liver	mid	enformer
3603	0.0	0.0	0.0				False	liver	mid	enformer
3616	0.0	0.0	0.0				False	liver	mid	enformer
3620	0.0	0.0	0.0				False	liver	mid	enformer
3621	0.0	0.0	0.0				False	liver	mid	enformer
3622	0.0	0.0	0.0				False	liver	mid	enformer
3630	0.0	0.0	0.0				False	liver	mid	enformer
3631	0.0	0.0	0.0				False	liver	mid	enformer
3632	0.0	0.0	0.0				False	liver	mid	enformer
3637	0.0	0.0	0.0				False	liver	mid	enformer
3640	0.0	0.0	0.0				False	liver	mid	enformer
3644	0.0	0.0	0.0				False	liver	mid	enformer
3647	0.0	0.0	0.0				False	liver	mid	enformer
3651	0.0	0.0	0.0				False	liver	mid	enformer
3653	0.0	0.0	0.0				False	liver	mid	enformer
3658	0.0	0.0	0.0				False	liver	mid	enformer
3674	0.0	0.0	0.0				False	liver	mid	enformer
3675	0.0	0.0	0.0				False	liver	mid	enformer
3678	0.0	0.0	0.0				False	liver	mid	enformer
3681	0.0	0.0	0.0				False	liver	mid	enformer
3685	0.0	0.0	0.0				False	liver	mid	enformer
3692	0.0	0.0	0.0				False	liver	mid	enformer
3695	0.0	0.0	0.0				False	liver	mid	enformer
3697	0.0	0.0	0.0				False	liver	mid	enformer
3704	0.0	0.0	0.0				False	liver	mid	enformer
3709	0.0	0.0	0.0				False	liver	mid	enformer
3712	0.0	0.0	0.0				False	liver	mid	enformer
3713	0.0	0.0	0.0				False	liver	mid	enformer
3716	0.0	0.0	0.0				False	liver	mid	enformer
3719	0.0	0.0	0.0				False	liver	mid	enformer
3723	0.0	0.0	0.0				False	liver	mid	enformer
3725	0.0	0.0	0.0				False	liver	mid	enformer
3727	0.0	0.0	0.0				False	liver	mid	enformer
3729	0.0	0.0	0.0				False	liver	mid	enformer
3732	0.0	0.0	0.0				False	liver	mid	enformer
3742	0.0	0.0	0.0				False	liver	mid	enformer
3749	0.0	0.0	0.0				False	liver	mid	enformer
3750	0.0	0.0	0.0				False	liver	mid	enformer
3753	0.0	0.0	0.0				False	liver	mid	enformer
3755	0.0	0.0	0.0				False	liver	mid	enformer
3761	0.0	0.0	0.0				False	liver	mid	enformer
3766	0.0	0.0	0.0				False	liver	mid	enformer
3767	0.0	0.0	0.0				False	liver	mid	enformer
3773	0.0	0.0	0.0				False	liver	mid	enformer
3776	0.0	0.0	0.0				False	liver	mid	enformer
3777	0.0	0.0	0.0				False	liver	mid	enformer
3778	0.0	0.0	0.0				False	liver	mid	enformer
3781	0.0	0.0	0.0				False	liver	mid	enformer
3784	0.0	0.0	0.0				False	liver	mid	enformer
3785	0.0	0.0	0.0				False	liver	mid	enformer
3787	0.0	0.0	0.0				False	liver	mid	enformer
3788	0.0	0.0	0.0				False	liver	mid	enformer
3789	0.0	0.0	0.0				False	liver	mid	enformer
3798	0.0	0.0	0.0				False	liver	mid	enformer
3803	0.0	0.0	0.0				False	liver	mid	enformer
3804	0.0	0.0	0.0				False	liver	mid	enformer
3807	0.0	0.0	0.0				False	liver	mid	enformer
3808	0.0	0.0	0.0				False	liver	mid	enformer
3809	0.0	0.0	0.0				False	liver	mid	enformer
3810	0.0	0.0	0.0				False	liver	mid	enformer
3814	0.0	0.0	0.0				False	liver	mid	enformer
3818	0.0	0.0	0.0				False	liver	mid	enformer
3819	0.0	0.0	0.0				False	liver	mid	enformer
3825	0.0	0.0	0.0				False	liver	mid	enformer
3828	0.0	0.0	0.0				False	liver	mid	enformer
3831	0.0	0.0	0.0				False	liver	mid	enformer
3832	0.0	0.0	0.0				False	liver	mid	enformer
3833	0.0	0.0	0.0				False	liver	mid	enformer
3834	0.0	0.0	0.0				False	liver	mid	enformer
3837	0.0	0.0	0.0				False	liver	mid	enformer
3840	0.0	0.0	0.0				False	liver	mid	enformer
3841	0.0	0.0	0.0				False	liver	mid	enformer
3848	0.0	0.0	0.0				False	liver	mid	enformer
3850	0.0	0.0	0.0				False	liver	mid	enformer
3854	0.0	0.0	0.0				False	liver	mid	enformer
3855	0.0	0.0	0.0				False	liver	mid	enformer
3860	0.0	0.0	0.0				False	liver	mid	enformer
3861	0.0	0.0	0.0				False	liver	mid	enformer
3865	0.0	0.0	0.0				False	liver	mid	enformer
3868	0.0	0.0	0.0				False	liver	mid	enformer
3873	0.0	0.0	0.0				False	liver	mid	enformer
3883	0.0	0.0	0.0				False	liver	mid	enformer
3888	0.0	0.0	0.0				False	liver	mid	enformer
3892	0.0	0.0	0.0				False	liver	mid	enformer
3895	0.0	0.0	0.0				False	liver	mid	enformer
3896	0.0	0.0	0.0				False	liver	mid	enformer
3901	0.0	0.0	0.0				False	liver	mid	enformer
3903	0.0	0.0	0.0				False	liver	mid	enformer
3909	0.0	0.0	0.0				False	liver	mid	enformer
3912	0.0	0.0	0.0				False	liver	mid	enformer
3913	0.0	0.0	0.0				False	liver	mid	enformer
3917	0.0	0.0	0.0				False	liver	mid	enformer
3918	0.0	0.0	0.0				False	liver	mid	enformer
3919	0.0	0.0	0.0				False	liver	mid	enformer
3920	0.0	0.0	0.0				False	liver	mid	enformer
3922	0.0	0.0	0.0				False	liver	mid	enformer
3925	0.0	0.0	0.0				False	liver	mid	enformer
3927	0.0	0.0	0.0				False	liver	mid	enformer
3929	0.0	0.0	0.0				False	liver	mid	enformer
3930	0.0	0.0	0.0				False	liver	mid	enformer
3931	0.0	0.0	0.0				False	liver	mid	enformer
3936	0.0	0.0	0.0				False	liver	mid	enformer
3943	0.0	0.0	0.0				False	liver	mid	enformer
3947	0.0	0.0	0.0				False	liver	mid	enformer
3949	0.0	0.0	0.0				False	liver	mid	enformer
3951	0.0	0.0	0.0				False	liver	mid	enformer
3959	0.0	0.0	0.0				False	liver	mid	enformer
3961	0.0	0.0	0.0				False	liver	mid	enformer
3963	0.0	0.0	0.0				False	liver	mid	enformer
3965	0.0	0.0	0.0				False	liver	mid	enformer
3970	0.0	0.0	0.0				False	liver	mid	enformer
3975	0.0	0.0	0.0				False	liver	mid	enformer
3978	0.0	0.0	0.0				False	liver	mid	enformer
3984	0.0	0.0	0.0				False	liver	mid	enformer
3986	0.0	0.0	0.0				False	liver	mid	enformer
3989	0.0	0.0	0.0				False	liver	mid	enformer
3990	0.0	0.0	0.0				False	liver	mid	enformer
3995	0.0	0.0	0.0				False	liver	mid	enformer
4002	0.0	0.0	0.0				False	liver	mid	enformer
4008	0.0	0.0	0.0				False	liver	mid	enformer
4009	0.0	0.0	0.0				False	liver	mid	enformer
4010	0.0	0.0	0.0				False	liver	mid	enformer
4020	0.0	0.0	0.0				False	liver	mid	enformer
4024	0.0	0.0	0.0				False	liver	mid	enformer
4026	0.0	0.0	0.0				False	liver	mid	enformer
4030	0.0	0.0	0.0				False	liver	mid	enformer
4036	0.0	0.0	0.0				False	liver	mid	enformer
4042	0.0	0.0	0.0				False	liver	mid	enformer
4045	0.0	0.0	0.0				False	liver	mid	enformer
4050	0.0	0.0	0.0				False	liver	mid	enformer
4056	0.0	0.0	0.0				False	liver	mid	enformer
4059	0.0	0.0	0.0				False	liver	mid	enformer
4060	0.0	0.0	0.0				False	liver	mid	enformer
4065	0.0	0.0	0.0				False	liver	mid	enformer
4068	0.0	0.0	0.0				False	liver	mid	enformer
4078	0.0	0.0	0.0				False	liver	mid	enformer
4080	0.0	0.0	0.0				False	liver	mid	enformer
4081	0.0	0.0	0.0				False	liver	mid	enformer
4085	0.0	0.0	0.0				False	liver	mid	enformer
4093	0.0	0.0	0.0				False	liver	mid	enformer
4095	0.0	0.0	0.0				False	liver	mid	enformer
4096	0.0	0.0	0.0				False	liver	mid	enformer
4124	0.0	0.0	0.0				False	liver	mid	enformer
4126	0.0	0.0	0.0				False	liver	mid	enformer
4134	0.0	0.0	0.0				False	liver	mid	enformer
4138	0.0	0.0	0.0				False	liver	mid	enformer
4141	0.0	0.0	0.0				False	liver	mid	enformer
4142	0.0	0.0	0.0				False	liver	mid	enformer
4149	0.0	0.0	0.0				False	liver	mid	enformer
4150	0.0	0.0	0.0				False	liver	mid	enformer
4151	0.0	0.0	0.0				False	liver	mid	enformer
4153	0.0	0.0	0.0				False	liver	mid	enformer
4158	0.0	0.0	0.0				False	liver	mid	enformer
4165	0.0	0.0	0.0				False	liver	mid	enformer
4173	0.0	0.0	0.0				False	liver	mid	enformer
4177	0.0	0.0	0.0				False	liver	mid	enformer
4178	0.0	0.0	0.0				False	liver	mid	enformer
4191	0.0	0.0	0.0				False	liver	mid	enformer
4195	0.0	0.0	0.0				False	liver	mid	enformer
4197	0.0	0.0	0.0				False	liver	mid	enformer
4199	0.0	0.0	0.0				False	liver	mid	enformer
4204	0.0	0.0	0.0				False	liver	mid	enformer
4206	0.0	0.0	0.0				False	liver	mid	enformer
4209	0.0	0.0	0.0				False	liver	mid	enformer
4211	0.0	0.0	0.0				False	liver	mid	enformer
4214	0.0	0.0	0.0				False	liver	mid	enformer
4216	0.0	0.0	0.0				False	liver	mid	enformer
4218	0.0	0.0	0.0				False	liver	mid	enformer
4221	0.0	0.0	0.0				False	liver	mid	enformer
4222	0.0	0.0	0.0				False	liver	mid	enformer
4224	0.0	0.0	0.0				False	liver	mid	enformer
4226	0.0	0.0	0.0				False	liver	mid	enformer
4228	0.0	0.0	0.0				False	liver	mid	enformer
4231	0.0	0.0	0.0				False	liver	mid	enformer
4236	0.0	0.0	0.0				False	liver	mid	enformer
4242	0.0	0.0	0.0				False	liver	mid	enformer
4244	0.0	0.0	0.0				False	liver	mid	enformer
4245	0.0	0.0	0.0				False	liver	mid	enformer
4246	0.0	0.0	0.0				False	liver	mid	enformer
4247	0.0	0.0	0.0				False	liver	mid	enformer
4248	0.0	0.0	0.0				False	liver	mid	enformer
4252	0.0	0.0	0.0				False	liver	mid	enformer
4256	0.0	0.0	0.0				False	liver	mid	enformer
4259	0.0	0.0	0.0				False	liver	mid	enformer
4261	0.0	0.0	0.0				False	liver	mid	enformer
4264	0.0	0.0	0.0				False	liver	mid	enformer
4265	0.0	0.0	0.0				False	liver	mid	enformer
4267	0.0	0.0	0.0				False	liver	mid	enformer
4268	0.0	0.0	0.0				False	liver	mid	enformer
4271	0.0	0.0	0.0				False	liver	mid	enformer
4276	0.0	0.0	0.0				False	liver	mid	enformer
4292	0.0	0.0	0.0				False	liver	mid	enformer
4299	0.0	0.0	0.0				False	liver	mid	enformer
4300	0.0	0.0	0.0				False	liver	mid	enformer
4301	0.0	0.0	0.0				False	liver	mid	enformer
4304	0.0	0.0	0.0				False	liver	mid	enformer
4312	0.0	0.0	0.0				False	liver	mid	enformer
4314	0.0	0.0	0.0				False	liver	mid	enformer
4316	0.0	0.0	0.0				False	liver	mid	enformer
4318	0.0	0.0	0.0				False	liver	mid	enformer
4328	0.0	0.0	0.0				False	liver	mid	enformer
4331	0.0	0.0	0.0				False	liver	mid	enformer
4332	0.0	0.0	0.0				False	liver	mid	enformer
4334	0.0	0.0	0.0				False	liver	mid	enformer
4341	0.0	0.0	0.0				False	liver	mid	enformer
4342	0.0	0.0	0.0				False	liver	mid	enformer
4346	0.0	0.0	0.0				False	liver	mid	enformer
4351	0.0	0.0	0.0				False	liver	mid	enformer
4355	0.0	0.0	0.0				False	liver	mid	enformer
4361	0.0	0.0	0.0				False	liver	mid	enformer
4365	0.0	0.0	0.0				False	liver	mid	enformer
4366	0.0	0.0	0.0				False	liver	mid	enformer
4370	0.0	0.0	0.0				False	liver	mid	enformer
4371	0.0	0.0	0.0				False	liver	mid	enformer
4375	0.0	0.0	0.0				False	liver	mid	enformer
4376	0.0	0.0	0.0				False	liver	mid	enformer
4377	0.0	0.0	0.0				False	liver	mid	enformer
4381	0.0	0.0	0.0				False	liver	mid	enformer
4382	0.0	0.0	0.0				False	liver	mid	enformer
4386	0.0	0.0	0.0				False	liver	mid	enformer
4387	0.0	0.0	0.0				False	liver	mid	enformer
4390	0.0	0.0	0.0				False	liver	mid	enformer
4391	0.0	0.0	0.0				False	liver	mid	enformer
4405	0.0	0.0	0.0				False	liver	mid	enformer
4411	0.0	0.0	0.0				False	liver	mid	enformer
4413	0.0	0.0	0.0				False	liver	mid	enformer
4414	0.0	0.0	0.0				False	liver	mid	enformer
4419	0.0	0.0	0.0				False	liver	mid	enformer
4422	0.0	0.0	0.0				False	liver	mid	enformer
4424	0.0	0.0	0.0				False	liver	mid	enformer
4427	0.0	0.0	0.0				False	liver	mid	enformer
4432	0.0	0.0	0.0				False	liver	mid	enformer
4435	0.0	0.0	0.0				False	liver	mid	enformer
4440	0.0	0.0	0.0				False	liver	mid	enformer
4441	0.0	0.0	0.0				False	liver	mid	enformer
4442	0.0	0.0	0.0				False	liver	mid	enformer
4446	0.0	0.0	0.0				False	liver	mid	enformer
4447	0.0	0.0	0.0				False	liver	mid	enformer
4467	0.0	0.0	0.0				False	liver	mid	enformer
4469	0.0	0.0	0.0				False	liver	mid	enformer
4471	0.0	0.0	0.0				False	liver	mid	enformer
4476	0.0	0.0	0.0				False	liver	mid	enformer
4479	0.0	0.0	0.0				False	liver	mid	enformer
4484	0.0	0.0	0.0				False	liver	mid	enformer
4486	0.0	0.0	0.0				False	liver	mid	enformer
4488	0.0	0.0	0.0				False	liver	mid	enformer
4493	0.0	0.0	0.0				False	liver	mid	enformer
4505	0.0	0.0	0.0				False	liver	mid	enformer
4506	0.0	0.0	0.0				False	liver	mid	enformer
4509	0.0	0.0	0.0				False	liver	mid	enformer
4514	0.0	0.0	0.0				False	liver	mid	enformer
4515	0.0	0.0	0.0				False	liver	mid	enformer
4519	0.0	0.0	0.0				False	liver	mid	enformer
4525	0.0	0.0	0.0				False	liver	mid	enformer
4528	0.0	0.0	0.0				False	liver	mid	enformer
4530	0.0	0.0	0.0				False	liver	mid	enformer
4539	0.0	0.0	0.0				False	liver	mid	enformer
4546	0.0	0.0	0.0				False	liver	mid	enformer
4553	0.0	0.0	0.0				False	liver	mid	enformer
4555	0.0	0.0	0.0				False	liver	mid	enformer
4556	0.0	0.0	0.0				False	liver	mid	enformer
4557	0.0	0.0	0.0				False	liver	mid	enformer
4568	0.0	0.0	0.0				False	liver	mid	enformer
4569	0.0	0.0	0.0				False	liver	mid	enformer
4570	0.0	0.0	0.0				False	liver	mid	enformer
4573	0.0	0.0	0.0				False	liver	mid	enformer
4577	0.0	0.0	0.0				False	liver	mid	enformer
4580	0.0	0.0	0.0				False	liver	mid	enformer
4590	0.0	0.0	0.0				False	liver	mid	enformer
4594	0.0	0.0	0.0				False	liver	mid	enformer
4595	0.0	0.0	0.0				False	liver	mid	enformer
4596	0.0	0.0	0.0				False	liver	mid	enformer
4599	0.0	0.0	0.0				False	liver	mid	enformer
4603	0.0	0.0	0.0				False	liver	mid	enformer
4612	0.0	0.0	0.0				False	liver	mid	enformer
4617	0.0	0.0	0.0				False	liver	mid	enformer
4622	0.0	0.0	0.0				False	liver	mid	enformer
4640	0.0	0.0	0.0				False	liver	mid	enformer
4641	0.0	0.0	0.0				False	liver	mid	enformer
4642	0.0	0.0	0.0				False	liver	mid	enformer
4645	0.0	0.0	0.0				False	liver	mid	enformer
4647	0.0	0.0	0.0				False	liver	mid	enformer
4649	0.0	0.0	0.0				False	liver	mid	enformer
4650	0.0	0.0	0.0				False	liver	mid	enformer
4657	0.0	0.0	0.0				False	liver	mid	enformer
4661	0.0	0.0	0.0				False	liver	mid	enformer
4664	0.0	0.0	0.0				False	liver	mid	enformer
4667	0.0	0.0	0.0				False	liver	mid	enformer
4668	0.0	0.0	0.0				False	liver	mid	enformer
4669	0.0	0.0	0.0				False	liver	mid	enformer
4671	0.0	0.0	0.0				False	liver	mid	enformer
4678	0.0	0.0	0.0				False	liver	mid	enformer
4680	0.0	0.0	0.0				False	liver	mid	enformer
4689	0.0	0.0	0.0				False	liver	mid	enformer
4691	0.0	0.0	0.0				False	liver	mid	enformer
4694	0.0	0.0	0.0				False	liver	mid	enformer
4695	0.0	0.0	0.0				False	liver	mid	enformer
4697	0.0	0.0	0.0				False	liver	mid	enformer
4698	0.0	0.0	0.0				False	liver	mid	enformer
4700	0.0	0.0	0.0				False	liver	mid	enformer
4701	0.0	0.0	0.0				False	liver	mid	enformer
4702	0.0	0.0	0.0				False	liver	mid	enformer
4703	0.0	0.0	0.0				False	liver	mid	enformer
4706	0.0	0.0	0.0				False	liver	mid	enformer
4707	0.0	0.0	0.0				False	liver	mid	enformer
4708	0.0	0.0	0.0				False	liver	mid	enformer
4716	0.0	0.0	0.0				False	liver	mid	enformer
4718	0.0	0.0	0.0				False	liver	mid	enformer
4727	0.0	0.0	0.0				False	liver	mid	enformer
4733	0.0	0.0	0.0				False	liver	mid	enformer
4738	0.0	0.0	0.0				False	liver	mid	enformer
4742	0.0	0.0	0.0				False	liver	mid	enformer
4743	0.0	0.0	0.0				False	liver	mid	enformer
4746	0.0	0.0	0.0				False	liver	mid	enformer
4747	0.0	0.0	0.0				False	liver	mid	enformer
4749	0.0	0.0	0.0				False	liver	mid	enformer
4753	0.0	0.0	0.0				False	liver	mid	enformer
4754	0.0	0.0	0.0				False	liver	mid	enformer
4756	0.0	0.0	0.0				False	liver	mid	enformer
4759	0.0	0.0	0.0				False	liver	mid	enformer
4764	0.0	0.0	0.0				False	liver	mid	enformer
4766	0.0	0.0	0.0				False	liver	mid	enformer
4767	0.0	0.0	0.0				False	liver	mid	enformer
4770	0.0	0.0	0.0				False	liver	mid	enformer
4771	0.0	0.0	0.0				False	liver	mid	enformer
4774	0.0	0.0	0.0				False	liver	mid	enformer
4776	0.0	0.0	0.0				False	liver	mid	enformer
4780	0.0	0.0	0.0				False	liver	mid	enformer
4781	0.0	0.0	0.0				False	liver	mid	enformer
4794	0.0	0.0	0.0				False	liver	mid	enformer
4802	0.0	0.0	0.0				False	liver	mid	enformer
4803	0.0	0.0	0.0				False	liver	mid	enformer
4808	0.0	0.0	0.0				False	liver	mid	enformer
4809	0.0	0.0	0.0				False	liver	mid	enformer
4813	0.0	0.0	0.0				False	liver	mid	enformer
4823	0.0	0.0	0.0				False	liver	mid	enformer
4825	0.0	0.0	0.0				False	liver	mid	enformer
4827	0.0	0.0	0.0				False	liver	mid	enformer
4831	0.0	0.0	0.0				False	liver	mid	enformer
4840	0.0	0.0	0.0				False	liver	mid	enformer
4842	0.0	0.0	0.0				False	liver	mid	enformer
4843	0.0	0.0	0.0				False	liver	mid	enformer
4845	0.0	0.0	0.0				False	liver	mid	enformer
4846	0.0	0.0	0.0				False	liver	mid	enformer
4849	0.0	0.0	0.0				False	liver	mid	enformer
4856	0.0	0.0	0.0				False	liver	mid	enformer
4857	0.0	0.0	0.0				False	liver	mid	enformer
4859	0.0	0.0	0.0				False	liver	mid	enformer
4860	0.0	0.0	0.0				False	liver	mid	enformer
4869	0.0	0.0	0.0				False	liver	mid	enformer
4874	0.0	0.0	0.0				False	liver	mid	enformer
4880	0.0	0.0	0.0				False	liver	mid	enformer
4881	0.0	0.0	0.0				False	liver	mid	enformer
4884	0.0	0.0	0.0				False	liver	mid	enformer
4886	0.0	0.0	0.0				False	liver	mid	enformer
4892	0.0	0.0	0.0				False	liver	mid	enformer
4893	0.0	0.0	0.0				False	liver	mid	enformer
4895	0.0	0.0	0.0				False	liver	mid	enformer
4896	0.0	0.0	0.0				False	liver	mid	enformer
4898	0.0	0.0	0.0				False	liver	mid	enformer
4900	0.0	0.0	0.0				False	liver	mid	enformer
4905	0.0	0.0	0.0				False	liver	mid	enformer
4911	0.0	0.0	0.0				False	liver	mid	enformer
4912	0.0	0.0	0.0				False	liver	mid	enformer
4913	0.0	0.0	0.0				False	liver	mid	enformer
4914	0.0	0.0	0.0				False	liver	mid	enformer
4916	0.0	0.0	0.0				False	liver	mid	enformer
4920	0.0	0.0	0.0				False	liver	mid	enformer
4921	0.0	0.0	0.0				False	liver	mid	enformer
4924	0.0	0.0	0.0				False	liver	mid	enformer
4925	0.0	0.0	0.0				False	liver	mid	enformer
4927	0.0	0.0	0.0				False	liver	mid	enformer
4931	0.0	0.0	0.0				False	liver	mid	enformer
4932	0.0	0.0	0.0				False	liver	mid	enformer
4934	0.0	0.0	0.0				False	liver	mid	enformer
4935	0.0	0.0	0.0				False	liver	mid	enformer
4936	0.0	0.0	0.0				False	liver	mid	enformer
4939	0.0	0.0	0.0				False	liver	mid	enformer
4940	0.0	0.0	0.0				False	liver	mid	enformer
4946	0.0	0.0	0.0				False	liver	mid	enformer
4947	0.0	0.0	0.0				False	liver	mid	enformer
4957	0.0	0.0	0.0				False	liver	mid	enformer
4960	0.0	0.0	0.0				False	liver	mid	enformer
4963	0.0	0.0	0.0				False	liver	mid	enformer
4964	0.0	0.0	0.0				False	liver	mid	enformer
4969	0.0	0.0	0.0				False	liver	mid	enformer
4972	0.0	0.0	0.0				False	liver	mid	enformer
4976	0.0	0.0	0.0				False	liver	mid	enformer
4977	0.0	0.0	0.0				False	liver	mid	enformer
4983	0.0	0.0	0.0				False	liver	mid	enformer
4993	0.0	0.0	0.0				False	liver	mid	enformer
4994	0.0	0.0	0.0				False	liver	mid	enformer
4995	0.0	0.0	0.0				False	liver	mid	enformer
5002	0.0	0.0	0.0				False	liver	mid	enformer
5003	0.0	0.0	0.0				False	liver	mid	enformer
5007	0.0	0.0	0.0				False	liver	mid	enformer
5009	0.0	0.0	0.0				False	liver	mid	enformer
5010	0.0	0.0	0.0				False	liver	mid	enformer
5018	0.0	0.0	0.0				False	liver	mid	enformer
5020	0.0	0.0	0.0				False	liver	mid	enformer
5024	0.0	0.0	0.0				False	liver	mid	enformer
5029	0.0	0.0	0.0				False	liver	mid	enformer
5030	0.0	0.0	0.0				False	liver	mid	enformer
5033	0.0	0.0	0.0				False	liver	mid	enformer
5036	0.0	0.0	0.0				False	liver	mid	enformer
5037	0.0	0.0	0.0				False	liver	mid	enformer
5042	0.0	0.0	0.0				False	liver	mid	enformer
5046	0.0	0.0	0.0				False	liver	mid	enformer
5049	0.0	0.0	0.0				False	liver	mid	enformer
5051	0.0	0.0	0.0				False	liver	mid	enformer
5057	0.0	0.0	0.0				False	liver	mid	enformer
5058	0.0	0.0	0.0				False	liver	mid	enformer
5060	0.0	0.0	0.0				False	liver	mid	enformer
5064	0.0	0.0	0.0				False	liver	mid	enformer
5065	0.0	0.0	0.0				False	liver	mid	enformer
5066	0.0	0.0	0.0				False	liver	mid	enformer
5068	0.0	0.0	0.0				False	liver	mid	enformer
5070	0.0	0.0	0.0				False	liver	mid	enformer
5073	0.0	0.0	0.0				False	liver	mid	enformer
5074	0.0	0.0	0.0				False	liver	mid	enformer
5075	0.0	0.0	0.0				False	liver	mid	enformer
5086	0.0	0.0	0.0				False	liver	mid	enformer
5090	0.0	0.0	0.0				False	liver	mid	enformer
5091	0.0	0.0	0.0				False	liver	mid	enformer
5092	0.0	0.0	0.0				False	liver	mid	enformer
5094	0.0	0.0	0.0				False	liver	mid	enformer
5096	0.0	0.0	0.0				False	liver	mid	enformer
5101	0.0	0.0	0.0				False	liver	mid	enformer
5105	0.0	0.0	0.0				False	liver	mid	enformer
5108	0.0	0.0	0.0				False	liver	mid	enformer
5111	0.0	0.0	0.0				False	liver	mid	enformer
5113	0.0	0.0	0.0				False	liver	mid	enformer
5114	0.0	0.0	0.0				False	liver	mid	enformer
5130	0.0	0.0	0.0				False	liver	mid	enformer
5132	0.0	0.0	0.0				False	liver	mid	enformer
5135	0.0	0.0	0.0				False	liver	mid	enformer
5139	0.0	0.0	0.0				False	liver	mid	enformer
5143	0.0	0.0	0.0				False	liver	mid	enformer
5145	0.0	0.0	0.0				False	liver	mid	enformer
5147	0.0	0.0	0.0				False	liver	mid	enformer
5148	0.0	0.0	0.0				False	liver	mid	enformer
5149	0.0	0.0	0.0				False	liver	mid	enformer
5152	0.0	0.0	0.0				False	liver	mid	enformer
5154	0.0	0.0	0.0				False	liver	mid	enformer
5157	0.0	0.0	0.0				False	liver	mid	enformer
5160	0.0	0.0	0.0				False	liver	mid	enformer
5166	0.0	0.0	0.0				False	liver	mid	enformer
5170	0.0	0.0	0.0				False	liver	mid	enformer
5178	0.0	0.0	0.0				False	liver	mid	enformer
5180	0.0	0.0	0.0				False	liver	mid	enformer
5194	0.0	0.0	0.0				False	liver	mid	enformer
5195	0.0	0.0	0.0				False	liver	mid	enformer
5196	0.0	0.0	0.0				False	liver	mid	enformer
5198	0.0	0.0	0.0				False	liver	mid	enformer
5200	0.0	0.0	0.0				False	liver	mid	enformer
5205	0.0	0.0	0.0				False	liver	mid	enformer
5211	0.0	0.0	0.0				False	liver	mid	enformer
5216	0.0	0.0	0.0				False	liver	mid	enformer
5219	0.0	0.0	0.0				False	liver	mid	enformer
5222	0.0	0.0	0.0				False	liver	mid	enformer
5223	0.0	0.0	0.0				False	liver	mid	enformer
5229	0.0	0.0	0.0				False	liver	mid	enformer
5236	0.0	0.0	0.0				False	liver	mid	enformer
5237	0.0	0.0	0.0				False	liver	mid	enformer
5240	0.0	0.0	0.0				False	liver	mid	enformer
5243	0.0	0.0	0.0				False	liver	mid	enformer
5253	0.0	0.0	0.0				False	liver	mid	enformer
5256	0.0	0.0	0.0				False	liver	mid	enformer
5257	0.0	0.0	0.0				False	liver	mid	enformer
5258	0.0	0.0	0.0				False	liver	mid	enformer
5259	0.0	0.0	0.0				False	liver	mid	enformer
5262	0.0	0.0	0.0				False	liver	mid	enformer
5266	0.0	0.0	0.0				False	liver	mid	enformer
5268	0.0	0.0	0.0				False	liver	mid	enformer
5271	0.0	0.0	0.0				False	liver	mid	enformer
5273	0.0	0.0	0.0				False	liver	mid	enformer
5275	0.0	0.0	0.0				False	liver	mid	enformer
5279	0.0	0.0	0.0				False	liver	mid	enformer
5282	0.0	0.0	0.0				False	liver	mid	enformer
5283	0.0	0.0	0.0				False	liver	mid	enformer
5286	0.0	0.0	0.0				False	liver	mid	enformer
5288	0.0	0.0	0.0				False	liver	mid	enformer
5289	0.0	0.0	0.0				False	liver	mid	enformer
5293	0.0	0.0	0.0				False	liver	mid	enformer
5294	0.0	0.0	0.0				False	liver	mid	enformer
5295	0.0	0.0	0.0				False	liver	mid	enformer
5299	0.0	0.0	0.0				False	liver	mid	enformer
5315	0.0	0.0	0.0				False	liver	mid	enformer
5316	0.0	0.0	0.0				False	liver	mid	enformer
5322	0.0	0.0	0.0				False	liver	mid	enformer
5331	0.0	0.0	0.0				False	liver	mid	enformer
5338	0.0	0.0	0.0				False	liver	mid	enformer
5340	0.0	0.0	0.0				False	liver	mid	enformer
5347	0.0	0.0	0.0				False	liver	mid	enformer
5350	0.0	0.0	0.0				False	liver	mid	enformer
5353	0.0	0.0	0.0				False	liver	mid	enformer
5356	0.0	0.0	0.0				False	liver	mid	enformer
5358	0.0	0.0	0.0				False	liver	mid	enformer
5359	0.0	0.0	0.0				False	liver	mid	enformer
5360	0.0	0.0	0.0				False	liver	mid	enformer
5363	0.0	0.0	0.0				False	liver	mid	enformer
5369	0.0	0.0	0.0				False	liver	mid	enformer
5380	0.0	0.0	0.0				False	liver	mid	enformer
5389	0.0	0.0	0.0				False	liver	mid	enformer
5393	0.0	0.0	0.0				False	liver	mid	enformer
5395	0.0	0.0	0.0				False	liver	mid	enformer
5403	0.0	0.0	0.0				False	liver	mid	enformer
5405	0.0	0.0	0.0				False	liver	mid	enformer
5407	0.0	0.0	0.0				False	liver	mid	enformer
5408	0.0	0.0	0.0				False	liver	mid	enformer
5409	0.0	0.0	0.0				False	liver	mid	enformer
5412	0.0	0.0	0.0				False	liver	mid	enformer
5416	0.0	0.0	0.0				False	liver	mid	enformer
5418	0.0	0.0	0.0				False	liver	mid	enformer
5420	0.0	0.0	0.0				False	liver	mid	enformer
5422	0.0	0.0	0.0				False	liver	mid	enformer
5427	0.0	0.0	0.0				False	liver	mid	enformer
5428	0.0	0.0	0.0				False	liver	mid	enformer
5431	0.0	0.0	0.0				False	liver	mid	enformer
5432	0.0	0.0	0.0				False	liver	mid	enformer
5445	0.0	0.0	0.0				False	liver	mid	enformer
5450	0.0	0.0	0.0				False	liver	mid	enformer
5454	0.0	0.0	0.0				False	liver	mid	enformer
5458	0.0	0.0	0.0				False	liver	mid	enformer
5466	0.0	0.0	0.0				False	liver	mid	enformer
5469	0.0	0.0	0.0				False	liver	mid	enformer
5471	0.0	0.0	0.0				False	liver	mid	enformer
5477	0.0	0.0	0.0				False	liver	mid	enformer
5481	0.0	0.0	0.0				False	liver	mid	enformer
5485	0.0	0.0	0.0				False	liver	mid	enformer
5487	0.0	0.0	0.0				False	liver	mid	enformer
5489	0.0	0.0	0.0				False	liver	mid	enformer
5491	0.0	0.0	0.0				False	liver	mid	enformer
5493	0.0	0.0	0.0				False	liver	mid	enformer
5495	0.0	0.0	0.0				False	liver	mid	enformer
5497	0.0	0.0	0.0				False	liver	mid	enformer
5498	0.0	0.0	0.0				False	liver	mid	enformer
5499	0.0	0.0	0.0				False	liver	mid	enformer
5506	0.0	0.0	0.0				False	liver	mid	enformer
5511	0.0	0.0	0.0				False	liver	mid	enformer
5514	0.0	0.0	0.0				False	liver	mid	enformer
5515	0.0	0.0	0.0				False	liver	mid	enformer
5521	0.0	0.0	0.0				False	liver	mid	enformer
5523	0.0	0.0	0.0				False	liver	mid	enformer
5524	0.0	0.0	0.0				False	liver	mid	enformer
5527	0.0	0.0	0.0				False	liver	mid	enformer
5529	0.0	0.0	0.0				False	liver	mid	enformer
5533	0.0	0.0	0.0				False	liver	mid	enformer
5543	0.0	0.0	0.0				False	liver	mid	enformer
5554	0.0	0.0	0.0				False	liver	mid	enformer
5556	0.0	0.0	0.0				False	liver	mid	enformer
5561	0.0	0.0	0.0				False	liver	mid	enformer
5562	0.0	0.0	0.0				False	liver	mid	enformer
5563	0.0	0.0	0.0				False	liver	mid	enformer
5564	0.0	0.0	0.0				False	liver	mid	enformer
5568	0.0	0.0	0.0				False	liver	mid	enformer
5574	0.0	0.0	0.0				False	liver	mid	enformer
5578	0.0	0.0	0.0				False	liver	mid	enformer
5579	0.0	0.0	0.0				False	liver	mid	enformer
5580	0.0	0.0	0.0				False	liver	mid	enformer
5585	0.0	0.0	0.0				False	liver	mid	enformer
5586	0.0	0.0	0.0				False	liver	mid	enformer
5590	0.0	0.0	0.0				False	liver	mid	enformer
5592	0.0	0.0	0.0				False	liver	mid	enformer
5597	0.0	0.0	0.0				False	liver	mid	enformer
5600	0.0	0.0	0.0				False	liver	mid	enformer
5601	0.0	0.0	0.0				False	liver	mid	enformer
5602	0.0	0.0	0.0				False	liver	mid	enformer
5604	0.0	0.0	0.0				False	liver	mid	enformer
5605	0.0	0.0	0.0				False	liver	mid	enformer
5606	0.0	0.0	0.0				False	liver	mid	enformer
5609	0.0	0.0	0.0				False	liver	mid	enformer
5615	0.0	0.0	0.0				False	liver	mid	enformer
5616	0.0	0.0	0.0				False	liver	mid	enformer
5620	0.0	0.0	0.0				False	liver	mid	enformer
5624	0.0	0.0	0.0				False	liver	mid	enformer
5626	0.0	0.0	0.0				False	liver	mid	enformer
5627	0.0	0.0	0.0				False	liver	mid	enformer
5632	0.0	0.0	0.0				False	liver	mid	enformer
5633	0.0	0.0	0.0				False	liver	mid	enformer
5636	0.0	0.0	0.0				False	liver	mid	enformer
5637	0.0	0.0	0.0				False	liver	mid	enformer
5641	0.0	0.0	0.0				False	liver	mid	enformer
5644	0.0	0.0	0.0				False	liver	mid	enformer
5652	0.0	0.0	0.0				False	liver	mid	enformer
5657	0.0	0.0	0.0				False	liver	mid	enformer
5659	0.0	0.0	0.0				False	liver	mid	enformer
5660	0.0	0.0	0.0				False	liver	mid	enformer
5661	0.0	0.0	0.0				False	liver	mid	enformer
5664	0.0	0.0	0.0				False	liver	mid	enformer
5665	0.0	0.0	0.0				False	liver	mid	enformer
5670	0.0	0.0	0.0				False	liver	mid	enformer
5671	0.0	0.0	0.0				False	liver	mid	enformer
5673	0.0	0.0	0.0				False	liver	mid	enformer
5675	0.0	0.0	0.0				False	liver	mid	enformer
5676	0.0	0.0	0.0				False	liver	mid	enformer
5677	0.0	0.0	0.0				False	liver	mid	enformer
5679	0.0	0.0	0.0				False	liver	mid	enformer
5681	0.0	0.0	0.0				False	liver	mid	enformer
5687	0.0	0.0	0.0				False	liver	mid	enformer
5688	0.0	0.0	0.0				False	liver	mid	enformer
5690	0.0	0.0	0.0				False	liver	mid	enformer
5691	0.0	0.0	0.0				False	liver	mid	enformer
5693	0.0	0.0	0.0				False	liver	mid	enformer
5699	0.0	0.0	0.0				False	liver	mid	enformer
5701	0.0	0.0	0.0				False	liver	mid	enformer
5703	0.0	0.0	0.0				False	liver	mid	enformer
5706	0.0	0.0	0.0				False	liver	mid	enformer
5709	0.0	0.0	0.0				False	liver	mid	enformer
5711	0.0	0.0	0.0				False	liver	mid	enformer
5716	0.0	0.0	0.0				False	liver	mid	enformer
5717	0.0	0.0	0.0				False	liver	mid	enformer
5719	0.0	0.0	0.0				False	liver	mid	enformer
5721	0.0	0.0	0.0				False	liver	mid	enformer
5735	0.0	0.0	0.0				False	liver	mid	enformer
5737	0.0	0.0	0.0				False	liver	mid	enformer
5744	0.0	0.0	0.0				False	liver	mid	enformer
5746	0.0	0.0	0.0				False	liver	mid	enformer
5750	0.0	0.0	0.0				False	liver	mid	enformer
5755	0.0	0.0	0.0				False	liver	mid	enformer
5759	0.0	0.0	0.0				False	liver	mid	enformer
5761	0.0	0.0	0.0				False	liver	mid	enformer
5762	0.0	0.0	0.0				False	liver	mid	enformer
5766	0.0	0.0	0.0				False	liver	mid	enformer
5768	0.0	0.0	0.0				False	liver	mid	enformer
5769	0.0	0.0	0.0				False	liver	mid	enformer
5770	0.0	0.0	0.0				False	liver	mid	enformer
5771	0.0	0.0	0.0				False	liver	mid	enformer
5782	0.0	0.0	0.0				False	liver	mid	enformer
5786	0.0	0.0	0.0				False	liver	mid	enformer
5788	0.0	0.0	0.0				False	liver	mid	enformer
5791	0.0	0.0	0.0				False	liver	mid	enformer
5795	0.0	0.0	0.0				False	liver	mid	enformer
5802	0.0	0.0	0.0				False	liver	mid	enformer
5804	0.0	0.0	0.0				False	liver	mid	enformer
5808	0.0	0.0	0.0				False	liver	mid	enformer
5810	0.0	0.0	0.0				False	liver	mid	enformer
5817	0.0	0.0	0.0				False	liver	mid	enformer
5820	0.0	0.0	0.0				False	liver	mid	enformer
5822	0.0	0.0	0.0				False	liver	mid	enformer
5827	0.0	0.0	0.0				False	liver	mid	enformer
5828	0.0	0.0	0.0				False	liver	mid	enformer
5830	0.0	0.0	0.0				False	liver	mid	enformer
5832	0.0	0.0	0.0				False	liver	mid	enformer
5833	0.0	0.0	0.0				False	liver	mid	enformer
5834	0.0	0.0	0.0				False	liver	mid	enformer
5843	0.0	0.0	0.0				False	liver	mid	enformer
5844	0.0	0.0	0.0				False	liver	mid	enformer
5854	0.0	0.0	0.0				False	liver	mid	enformer
5855	0.0	0.0	0.0				False	liver	mid	enformer
5856	0.0	0.0	0.0				False	liver	mid	enformer
5859	0.0	0.0	0.0				False	liver	mid	enformer
5864	0.0	0.0	0.0				False	liver	mid	enformer
5870	0.0	0.0	0.0				False	liver	mid	enformer
5873	0.0	0.0	0.0				False	liver	mid	enformer
5879	0.0	0.0	0.0				False	liver	mid	enformer
5880	0.0	0.0	0.0				False	liver	mid	enformer
5882	0.0	0.0	0.0				False	liver	mid	enformer
5883	0.0	0.0	0.0				False	liver	mid	enformer
5886	0.0	0.0	0.0				False	liver	mid	enformer
5888	0.0	0.0	0.0				False	liver	mid	enformer
5889	0.0	0.0	0.0				False	liver	mid	enformer
5890	0.0	0.0	0.0				False	liver	mid	enformer
5895	0.0	0.0	0.0				False	liver	mid	enformer
5896	0.0	0.0	0.0				False	liver	mid	enformer
5897	0.0	0.0	0.0				False	liver	mid	enformer
5899	0.0	0.0	0.0				False	liver	mid	enformer
5904	0.0	0.0	0.0				False	liver	mid	enformer
5905	0.0	0.0	0.0				False	liver	mid	enformer
5907	0.0	0.0	0.0				False	liver	mid	enformer
5908	0.0	0.0	0.0				False	liver	mid	enformer
5910	0.0	0.0	0.0				False	liver	mid	enformer
5911	0.0	0.0	0.0				False	liver	mid	enformer
5914	0.0	0.0	0.0				False	liver	mid	enformer
5916	0.0	0.0	0.0				False	liver	mid	enformer
5917	0.0	0.0	0.0				False	liver	mid	enformer
5919	0.0	0.0	0.0				False	liver	mid	enformer
5922	0.0	0.0	0.0				False	liver	mid	enformer
5923	0.0	0.0	0.0				False	liver	mid	enformer
5926	0.0	0.0	0.0				False	liver	mid	enformer
5927	0.0	0.0	0.0				False	liver	mid	enformer
5930	0.0	0.0	0.0				False	liver	mid	enformer
5933	0.0	0.0	0.0				False	liver	mid	enformer
5938	0.0	0.0	0.0				False	liver	mid	enformer
5945	0.0	0.0	0.0				False	liver	mid	enformer
5951	0.0	0.0	0.0				False	liver	mid	enformer
5954	0.0	0.0	0.0				False	liver	mid	enformer
5963	0.0	0.0	0.0				False	liver	mid	enformer
5965	0.0	0.0	0.0				False	liver	mid	enformer
5968	0.0	0.0	0.0				False	liver	mid	enformer
5972	0.0	0.0	0.0				False	liver	mid	enformer
5974	0.0	0.0	0.0				False	liver	mid	enformer
5977	0.0	0.0	0.0				False	liver	mid	enformer
5978	0.0	0.0	0.0				False	liver	mid	enformer
5981	0.0	0.0	0.0				False	liver	mid	enformer
5983	0.0	0.0	0.0				False	liver	mid	enformer
5984	0.0	0.0	0.0				False	liver	mid	enformer
5987	0.0	0.0	0.0				False	liver	mid	enformer
5993	0.0	0.0	0.0				False	liver	mid	enformer
5997	0.0	0.0	0.0				False	liver	mid	enformer
5998	0.0	0.0	0.0				False	liver	mid	enformer
5999	0.0	0.0	0.0				False	liver	mid	enformer
6006	0.0	0.0	0.0				False	liver	mid	enformer
6019	0.0	0.0	0.0				False	liver	mid	enformer
6033	0.0	0.0	0.0				False	liver	mid	enformer
6034	0.0	0.0	0.0				False	liver	mid	enformer
6035	0.0	0.0	0.0				False	liver	mid	enformer
6038	0.0	0.0	0.0				False	liver	mid	enformer
6039	0.0	0.0	0.0				False	liver	mid	enformer
6046	0.0	0.0	0.0				False	liver	mid	enformer
6047	0.0	0.0	0.0				False	liver	mid	enformer
6048	0.0	0.0	0.0				False	liver	mid	enformer
6053	0.0	0.0	0.0				False	liver	mid	enformer
6056	0.0	0.0	0.0				False	liver	mid	enformer
6057	0.0	0.0	0.0				False	liver	mid	enformer
6060	0.0	0.0	0.0				False	liver	mid	enformer
6063	0.0	0.0	0.0				False	liver	mid	enformer
6066	0.0	0.0	0.0				False	liver	mid	enformer
6070	0.0	0.0	0.0				False	liver	mid	enformer
6071	0.0	0.0	0.0				False	liver	mid	enformer
6072	0.0	0.0	0.0				False	liver	mid	enformer
6078	0.0	0.0	0.0				False	liver	mid	enformer
6080	0.0	0.0	0.0				False	liver	mid	enformer
6081	0.0	0.0	0.0				False	liver	mid	enformer
6088	0.0	0.0	0.0				False	liver	mid	enformer
6090	0.0	0.0	0.0				False	liver	mid	enformer
6093	0.0	0.0	0.0				False	liver	mid	enformer
6095	0.0	0.0	0.0				False	liver	mid	enformer
6098	0.0	0.0	0.0				False	liver	mid	enformer
6099	0.0	0.0	0.0				False	liver	mid	enformer
6100	0.0	0.0	0.0				False	liver	mid	enformer
6103	0.0	0.0	0.0				False	liver	mid	enformer
6106	0.0	0.0	0.0				False	liver	mid	enformer
6107	0.0	0.0	0.0				False	liver	mid	enformer
6109	0.0	0.0	0.0				False	liver	mid	enformer
6112	0.0	0.0	0.0				False	liver	mid	enformer
6113	0.0	0.0	0.0				False	liver	mid	enformer
6115	0.0	0.0	0.0				False	liver	mid	enformer
6124	0.0	0.0	0.0				False	liver	mid	enformer
6130	0.0	0.0	0.0				False	liver	mid	enformer
6135	0.0	0.0	0.0				False	liver	mid	enformer
6138	0.0	0.0	0.0				False	liver	mid	enformer
6142	0.0	0.0	0.0				False	liver	mid	enformer
