feature_id	cds	vitro_mean	vivo_mean	t_stat	pval	pval_bonf	significant	pair	layer	model
1861	759.6886	1995.9762	1236.2876	5.142547	3.5045494e-07	0.0021531952	True	lymph	mid	enformer
5099	-283.1328	36260.363	36543.496	-2.5807433	0.010093459	1.0	False	lymph	mid	enformer
1658	322.6875	6777.672	6454.9844	1.8986403	0.058103308	1.0	False	lymph	mid	enformer
2230	229.7959	6335.4087	6105.613	1.3125814	0.1898194	1.0	False	lymph	mid	enformer
5861	26.24266	89.98904	63.746376	0.699286	0.48459944	1.0	False	lymph	mid	enformer
1712	26.242714	89.98949	63.746773	0.6992833	0.4846011	1.0	False	lymph	mid	enformer
214	26.242393	89.99528	63.752884	0.6992136	0.4846446	1.0	False	lymph	mid	enformer
3774	26.242767	89.997444	63.754677	0.6992054	0.48464972	1.0	False	lymph	mid	enformer
4350	26.24281	89.99811	63.7553	0.6992002	0.48465306	1.0	False	lymph	mid	enformer
3188	26.237583	89.98819	63.750607	0.6991174	0.48470476	1.0	False	lymph	mid	enformer
830	26.241886	90.00346	63.761578	0.69911426	0.48470667	1.0	False	lymph	mid	enformer
313	26.237152	89.990005	63.752853	0.6990855	0.48472476	1.0	False	lymph	mid	enformer
5645	26.234009	89.98089	63.74688	0.6990682	0.4847354	1.0	False	lymph	mid	enformer
5011	26.23441	89.98463	63.750217	0.69904387	0.48475066	1.0	False	lymph	mid	enformer
1833	26.23553	89.99308	63.75755	0.6989991	0.48477852	1.0	False	lymph	mid	enformer
1072	26.234211	89.9895	63.75529	0.6989877	0.48478574	1.0	False	lymph	mid	enformer
2934	26.23714	90.00044	63.7633	0.6989804	0.48479027	1.0	False	lymph	mid	enformer
6023	26.239647	90.011505	63.77186	0.69895667	0.4848051	1.0	False	lymph	mid	enformer
2057	26.236042	89.999886	63.763844	0.6989473	0.48481083	1.0	False	lymph	mid	enformer
4437	26.236774	90.00272	63.76595	0.69894385	0.48481312	1.0	False	lymph	mid	enformer
424	26.237057	90.006195	63.76914	0.6989191	0.4848286	1.0	False	lymph	mid	enformer
5939	26.234978	89.99936	63.76438	0.69891524	0.4848309	1.0	False	lymph	mid	enformer
5695	26.233238	89.99481	63.761574	0.69890225	0.484839	1.0	False	lymph	mid	enformer
3940	26.231995	89.99275	63.760757	0.6988789	0.4848537	1.0	False	lymph	mid	enformer
2959	26.234608	90.00215	63.767544	0.6988751	0.4848559	1.0	False	lymph	mid	enformer
4953	26.231739	89.99228	63.76054	0.6988748	0.48485625	1.0	False	lymph	mid	enformer
2453	26.236553	90.00967	63.773113	0.69886816	0.48486024	1.0	False	lymph	mid	enformer
4274	26.232204	89.99656	63.764355	0.6988488	0.48487252	1.0	False	lymph	mid	enformer
5419	26.23914	90.02061	63.781467	0.6988436	0.48487577	1.0	False	lymph	mid	enformer
624	26.23291	89.99987	63.76696	0.6988388	0.4848788	1.0	False	lymph	mid	enformer
1257	26.233063	90.000656	63.767593	0.69883615	0.48488045	1.0	False	lymph	mid	enformer
1798	26.23602	90.01184	63.77582	0.69882864	0.48488513	1.0	False	lymph	mid	enformer
570	26.236141	90.012596	63.776455	0.69882536	0.4848872	1.0	False	lymph	mid	enformer
4714	26.233437	90.0034	63.769966	0.69882375	0.4848882	1.0	False	lymph	mid	enformer
3276	26.235783	90.01168	63.775898	0.69882196	0.48488933	1.0	False	lymph	mid	enformer
3154	26.230076	89.99317	63.763096	0.69880825	0.48489788	1.0	False	lymph	mid	enformer
799	26.233719	90.00691	63.773193	0.69879764	0.48490453	1.0	False	lymph	mid	enformer
1566	26.230663	89.997375	63.766712	0.69878674	0.48491135	1.0	False	lymph	mid	enformer
1464	26.233864	90.0129	63.779037	0.6987428	0.4849386	1.0	False	lymph	mid	enformer
3196	26.231186	90.00972	63.778534	0.6986798	0.48497808	1.0	False	lymph	mid	enformer
3934	26.23146	90.01711	63.785652	0.6986142	0.48501906	1.0	False	lymph	mid	enformer
410	26.233559	90.0245	63.79094	0.6986117	0.48502067	1.0	False	lymph	mid	enformer
3150	26.22609	90.004425	63.778336	0.6985587	0.4850538	1.0	False	lymph	mid	enformer
4863	26.226742	90.00689	63.780148	0.6985566	0.48505506	1.0	False	lymph	mid	enformer
512	26.22926	90.016495	63.787235	0.69854456	0.48506263	1.0	False	lymph	mid	enformer
5015	26.221142	90.0036	63.78246	0.69839334	0.485157	1.0	False	lymph	mid	enformer
5430	21.844158	85.568695	63.724537	0.58618677	0.55793816	1.0	False	lymph	mid	enformer
1883	21.84394	85.57413	63.730186	0.5861332	0.5579741	1.0	False	lymph	mid	enformer
4337	21.843708	85.574005	63.730297	0.58612657	0.5579786	1.0	False	lymph	mid	enformer
375	21.847015	85.59912	63.752106	0.5860249	0.5580469	1.0	False	lymph	mid	enformer
4822	21.833916	85.54805	63.714134	0.5860226	0.5580485	1.0	False	lymph	mid	enformer
2482	21.8465	85.59739	63.75089	0.58602226	0.5580487	1.0	False	lymph	mid	enformer
434	21.833961	85.548325	63.714363	0.5860218	0.5580491	1.0	False	lymph	mid	enformer
5142	21.846302	85.596756	63.750454	0.586021	0.55804956	1.0	False	lymph	mid	enformer
1480	21.846245	85.596596	63.75035	0.58602047	0.55805	1.0	False	lymph	mid	enformer
5214	21.846523	85.597824	63.7513	0.58601934	0.55805063	1.0	False	lymph	mid	enformer
3414	21.834675	85.55146	63.716785	0.5860191	0.5580508	1.0	False	lymph	mid	enformer
525	21.836544	85.55859	63.72205	0.5860177	0.55805176	1.0	False	lymph	mid	enformer
5052	21.841076	85.58091	63.739834	0.5859789	0.5580777	1.0	False	lymph	mid	enformer
2279	21.843182	85.58993	63.746746	0.5859731	0.5580815	1.0	False	lymph	mid	enformer
1174	21.836464	85.56647	63.730003	0.5859489	0.55809796	1.0	False	lymph	mid	enformer
4885	21.834557	85.55898	63.724426	0.58594835	0.55809826	1.0	False	lymph	mid	enformer
2132	21.836647	85.5673	63.73065	0.58594805	0.55809844	1.0	False	lymph	mid	enformer
1276	21.839878	85.58056	63.74068	0.5859447	0.55810064	1.0	False	lymph	mid	enformer
1295	21.839722	85.58031	63.740585	0.58594173	0.5581027	1.0	False	lymph	mid	enformer
4368	21.832874	85.55437	63.721493	0.5859304	0.5581104	1.0	False	lymph	mid	enformer
2185	21.834324	85.56037	63.726048	0.58592737	0.55811244	1.0	False	lymph	mid	enformer
1293	21.832867	85.55473	63.721867	0.58592707	0.5581126	1.0	False	lymph	mid	enformer
1040	21.834476	85.56102	63.726543	0.585927	0.5581127	1.0	False	lymph	mid	enformer
2479	21.833263	85.55904	63.725773	0.58590275	0.55812883	1.0	False	lymph	mid	enformer
4279	21.83685	85.57555	63.738697	0.58588433	0.55814123	1.0	False	lymph	mid	enformer
623	21.836945	85.57597	63.73903	0.5858838	0.55814165	1.0	False	lymph	mid	enformer
3264	21.837944	85.58048	63.74254	0.5858782	0.5581454	1.0	False	lymph	mid	enformer
5758	21.834389	85.56663	63.73224	0.5858768	0.55814636	1.0	False	lymph	mid	enformer
2448	21.834427	85.56703	63.732605	0.5858746	0.55814785	1.0	False	lymph	mid	enformer
4293	21.833992	85.56577	63.73178	0.58587074	0.5581505	1.0	False	lymph	mid	enformer
909	21.833508	85.56546	63.731953	0.58585596	0.5581603	1.0	False	lymph	mid	enformer
5311	21.83337	85.565216	63.731846	0.58585346	0.558162	1.0	False	lymph	mid	enformer
4434	21.837666	85.58314	63.745472	0.5858482	0.5581656	1.0	False	lymph	mid	enformer
2166	21.83646	85.58022	63.743763	0.5858315	0.5581767	1.0	False	lymph	mid	enformer
5901	21.836472	85.58034	63.743866	0.58583087	0.55817723	1.0	False	lymph	mid	enformer
351	21.836296	85.57985	63.743553	0.58582914	0.55817837	1.0	False	lymph	mid	enformer
4438	21.835209	85.57574	63.74053	0.58582574	0.5581806	1.0	False	lymph	mid	enformer
5146	21.836273	85.580605	63.74433	0.58582085	0.5581839	1.0	False	lymph	mid	enformer
4844	21.834393	85.57336	63.738964	0.58581936	0.55818486	1.0	False	lymph	mid	enformer
173	21.831211	85.56107	63.729862	0.5858166	0.5581867	1.0	False	lymph	mid	enformer
1569	21.836151	85.58063	63.744476	0.5858167	0.5581867	1.0	False	lymph	mid	enformer
1335	21.83606	85.580536	63.744476	0.58581436	0.5581882	1.0	False	lymph	mid	enformer
3464	21.83799	85.58904	63.751053	0.5858092	0.5581917	1.0	False	lymph	mid	enformer
289	21.838158	85.590004	63.751846	0.58580655	0.55819345	1.0	False	lymph	mid	enformer
4739	21.835392	85.57896	63.743565	0.5858051	0.5581944	1.0	False	lymph	mid	enformer
3484	21.828407	85.5514	63.722992	0.58580416	0.55819505	1.0	False	lymph	mid	enformer
1604	21.82906	85.556786	63.727726	0.58578247	0.55820966	1.0	False	lymph	mid	enformer
2820	21.827408	85.55024	63.72283	0.5857814	0.5582105	1.0	False	lymph	mid	enformer
4705	21.827595	85.552155	63.72456	0.5857716	0.55821705	1.0	False	lymph	mid	enformer
30	21.829147	85.55845	63.7293	0.58576965	0.55821836	1.0	False	lymph	mid	enformer
4584	21.827438	85.551956	63.724518	0.5857681	0.55821943	1.0	False	lymph	mid	enformer
5532	21.830753	85.56504	63.734287	0.5857665	0.5582205	1.0	False	lymph	mid	enformer
3490	21.828968	85.558075	63.729107	0.5857659	0.5582208	1.0	False	lymph	mid	enformer
1909	21.831188	85.566925	63.735737	0.58576584	0.55822086	1.0	False	lymph	mid	enformer
6000	21.834759	85.58128	63.746525	0.5857658	0.5582209	1.0	False	lymph	mid	enformer
224	21.832664	85.57277	63.740105	0.585765	0.55822146	1.0	False	lymph	mid	enformer
2514	21.8311	85.56658	63.73548	0.58576494	0.5582215	1.0	False	lymph	mid	enformer
4013	21.832455	85.57205	63.739597	0.58576405	0.55822206	1.0	False	lymph	mid	enformer
5612	21.832668	85.572975	63.740307	0.58576334	0.55822253	1.0	False	lymph	mid	enformer
1256	21.8308	85.56572	63.73492	0.58576226	0.55822325	1.0	False	lymph	mid	enformer
2928	21.838028	85.59505	63.75702	0.5857603	0.55822456	1.0	False	lymph	mid	enformer
2996	21.829975	85.56323	63.733257	0.5857561	0.5582274	1.0	False	lymph	mid	enformer
867	21.83183	85.57069	63.738857	0.58575475	0.5582284	1.0	False	lymph	mid	enformer
5729	21.83466	85.58311	63.748447	0.58574563	0.55823445	1.0	False	lymph	mid	enformer
2061	21.829582	85.56364	63.734055	0.58574176	0.5582371	1.0	False	lymph	mid	enformer
3149	21.829758	85.56485	63.735092	0.58573735	0.55823994	1.0	False	lymph	mid	enformer
5318	21.835552	85.587616	63.752064	0.58573675	0.55824035	1.0	False	lymph	mid	enformer
2450	21.827301	85.55546	63.728157	0.5857356	0.55824125	1.0	False	lymph	mid	enformer
5892	21.832138	85.57428	63.74214	0.5857351	0.5582414	1.0	False	lymph	mid	enformer
4736	21.83791	85.59721	63.759304	0.58573437	0.55824196	1.0	False	lymph	mid	enformer
56	21.830338	85.56733	63.73699	0.58573353	0.55824244	1.0	False	lymph	mid	enformer
2046	21.83184	85.57328	63.74144	0.5857334	0.5582425	1.0	False	lymph	mid	enformer
539	21.828106	85.55873	63.730625	0.58573353	0.5582426	1.0	False	lymph	mid	enformer
3437	21.834366	85.583626	63.74926	0.585733	0.5582429	1.0	False	lymph	mid	enformer
1847	21.832489	85.57642	63.743935	0.58573115	0.5582441	1.0	False	lymph	mid	enformer
476	21.83274	85.57762	63.74488	0.5857294	0.55824536	1.0	False	lymph	mid	enformer
941	21.832268	85.57594	63.743675	0.58572793	0.55824625	1.0	False	lymph	mid	enformer
3169	21.828487	85.56095	63.732464	0.5857269	0.55824697	1.0	False	lymph	mid	enformer
464	21.830261	85.56835	63.73809	0.58572346	0.55824935	1.0	False	lymph	mid	enformer
4587	21.830296	85.56853	63.73823	0.5857231	0.5582496	1.0	False	lymph	mid	enformer
4329	21.832047	85.57592	63.743874	0.58571935	0.55825216	1.0	False	lymph	mid	enformer
642	21.83274	85.57936	63.74662	0.585714	0.55825573	1.0	False	lymph	mid	enformer
3456	21.826565	85.55511	63.728542	0.5857123	0.5582568	1.0	False	lymph	mid	enformer
3026	21.827583	85.559166	63.731583	0.5857122	0.5582569	1.0	False	lymph	mid	enformer
3592	21.82967	85.56743	63.73776	0.58571196	0.558257	1.0	False	lymph	mid	enformer
382	21.83244	85.578415	63.745975	0.5857119	0.5582571	1.0	False	lymph	mid	enformer
2047	21.829067	85.56529	63.736225	0.5857098	0.55825853	1.0	False	lymph	mid	enformer
5991	21.83208	85.577675	63.745594	0.58570576	0.5582612	1.0	False	lymph	mid	enformer
5885	21.832611	85.57983	63.747215	0.58570486	0.5582619	1.0	False	lymph	mid	enformer
4019	21.834904	85.58928	63.754375	0.58570147	0.5582641	1.0	False	lymph	mid	enformer
4868	21.833492	85.58497	63.751476	0.58569133	0.558271	1.0	False	lymph	mid	enformer
2370	21.83331	85.584335	63.751026	0.58569056	0.5582715	1.0	False	lymph	mid	enformer
467	21.830292	85.57254	63.74225	0.58568895	0.5582725	1.0	False	lymph	mid	enformer
6097	21.829388	85.56923	63.73984	0.58568716	0.5582737	1.0	False	lymph	mid	enformer
2487	21.83334	85.58497	63.75163	0.58568627	0.55827427	1.0	False	lymph	mid	enformer
5385	21.82869	85.56672	63.73803	0.5856848	0.55827534	1.0	False	lymph	mid	enformer
2786	21.829845	85.571335	63.74149	0.58568364	0.5582762	1.0	False	lymph	mid	enformer
2746	21.832794	85.58318	63.75039	0.5856832	0.5582764	1.0	False	lymph	mid	enformer
1626	21.835487	85.59435	63.758865	0.5856789	0.55827934	1.0	False	lymph	mid	enformer
294	21.835297	85.59381	63.758514	0.585677	0.5582805	1.0	False	lymph	mid	enformer
3779	21.8306	85.5767	63.746098	0.5856642	0.5582892	1.0	False	lymph	mid	enformer
5723	21.83627	85.59968	63.76341	0.58566004	0.55829203	1.0	False	lymph	mid	enformer
4260	21.834393	85.59283	63.758434	0.58565575	0.55829483	1.0	False	lymph	mid	enformer
855	21.83374	85.591644	63.757904	0.5856429	0.55830353	1.0	False	lymph	mid	enformer
1530	21.832523	85.58812	63.755596	0.5856332	0.55831	1.0	False	lymph	mid	enformer
4122	21.831322	85.58428	63.75296	0.58562386	0.55831623	1.0	False	lymph	mid	enformer
1403	21.828873	85.57514	63.74627	0.5856192	0.5583194	1.0	False	lymph	mid	enformer
896	21.827232	85.56894	63.741707	0.58561677	0.5583211	1.0	False	lymph	mid	enformer
2090	21.829807	85.582565	63.752758	0.58558965	0.5583393	1.0	False	lymph	mid	enformer
5603	21.82965	85.58239	63.75274	0.58558595	0.558342	1.0	False	lymph	mid	enformer
2516	21.833225	85.596825	63.7636	0.5855828	0.55834395	1.0	False	lymph	mid	enformer
939	21.829494	85.58255	63.753056	0.58557993	0.5583459	1.0	False	lymph	mid	enformer
3269	21.830002	85.584564	63.754562	0.58557785	0.55834734	1.0	False	lymph	mid	enformer
2113	21.829784	85.58463	63.75485	0.5855703	0.55835253	1.0	False	lymph	mid	enformer
1516	21.82988	85.58524	63.755363	0.5855689	0.5583534	1.0	False	lymph	mid	enformer
2281	21.828491	85.57989	63.751396	0.585567	0.55835456	1.0	False	lymph	mid	enformer
5789	21.829685	85.58474	63.755054	0.58556604	0.5583552	1.0	False	lymph	mid	enformer
5016	21.821629	85.55341	63.731785	0.58556134	0.55835843	1.0	False	lymph	mid	enformer
5903	21.82684	85.57484	63.747997	0.5855541	0.5583632	1.0	False	lymph	mid	enformer
3526	21.8298	85.58834	63.75854	0.5855392	0.5583733	1.0	False	lymph	mid	enformer
2005	21.829964	85.59005	63.760086	0.58553046	0.5583791	1.0	False	lymph	mid	enformer
4832	21.832333	85.59963	63.7673	0.5855282	0.5583806	1.0	False	lymph	mid	enformer
5942	21.831863	85.5982	63.766335	0.5855246	0.55838305	1.0	False	lymph	mid	enformer
4058	21.829922	85.59059	63.76067	0.5855235	0.5583839	1.0	False	lymph	mid	enformer
608	21.829643	85.59017	63.76053	0.585518	0.55838746	1.0	False	lymph	mid	enformer
1915	21.825947	85.575745	63.749798	0.5855162	0.5583887	1.0	False	lymph	mid	enformer
460	21.831512	85.60042	63.768906	0.58549404	0.55840355	1.0	False	lymph	mid	enformer
2376	21.828506	85.58901	63.760506	0.5854888	0.5584072	1.0	False	lymph	mid	enformer
4549	21.826004	85.57969	63.753685	0.5854849	0.55840963	1.0	False	lymph	mid	enformer
4255	21.827744	85.58672	63.75898	0.5854846	0.55840987	1.0	False	lymph	mid	enformer
3645	21.830357	85.59708	63.76672	0.5854834	0.5584107	1.0	False	lymph	mid	enformer
3361	21.832516	85.605225	63.77271	0.5854828	0.55841124	1.0	False	lymph	mid	enformer
1153	21.82874	85.591415	63.762676	0.5854777	0.55841446	1.0	False	lymph	mid	enformer
1214	21.827251	85.58555	63.758297	0.58547723	0.5584149	1.0	False	lymph	mid	enformer
873	21.826935	85.58487	63.757935	0.58547264	0.5584179	1.0	False	lymph	mid	enformer
5960	21.826874	85.586845	63.75997	0.5854549	0.55842966	1.0	False	lymph	mid	enformer
911	21.825733	85.58268	63.756947	0.58545184	0.5584319	1.0	False	lymph	mid	enformer
188	21.827553	85.58995	63.762398	0.58545125	0.5584322	1.0	False	lymph	mid	enformer
6029	21.825485	85.5819	63.756416	0.5854501	0.558433	1.0	False	lymph	mid	enformer
5775	21.827389	85.58976	63.76237	0.5854473	0.55843496	1.0	False	lymph	mid	enformer
2434	21.82407	85.57706	63.752987	0.5854423	0.5584383	1.0	False	lymph	mid	enformer
5473	21.824116	85.577545	63.75343	0.5854398	0.55843985	1.0	False	lymph	mid	enformer
2875	21.827686	85.59221	63.764523	0.58543503	0.5584432	1.0	False	lymph	mid	enformer
2337	21.826912	85.594055	63.767143	0.5853942	0.55847055	1.0	False	lymph	mid	enformer
3744	21.826603	85.59336	63.766758	0.5853897	0.55847365	1.0	False	lymph	mid	enformer
722	21.825981	85.591576	63.765594	0.58538437	0.55847716	1.0	False	lymph	mid	enformer
2395	21.827991	85.59959	63.771595	0.5853839	0.5584775	1.0	False	lymph	mid	enformer
2818	21.828327	85.6011	63.77277	0.58538246	0.5584786	1.0	False	lymph	mid	enformer
4205	21.827023	85.599106	63.772083	0.58535475	0.5584971	1.0	False	lymph	mid	enformer
2171	21.824982	85.5924	63.767418	0.5853439	0.55850434	1.0	False	lymph	mid	enformer
3294	21.825092	85.59328	63.768185	0.5853401	0.5585069	1.0	False	lymph	mid	enformer
3768	21.823994	85.590004	63.76601	0.58533114	0.558513	1.0	False	lymph	mid	enformer
2979	21.821613	85.58235	63.76074	0.58531535	0.5585236	1.0	False	lymph	mid	enformer
2890	21.8261	85.6014	63.775303	0.5853049	0.5585306	1.0	False	lymph	mid	enformer
2411	21.816269	85.579475	63.763206	0.5851626	0.5586262	1.0	False	lymph	mid	enformer
6058	21.815834	85.58786	63.772026	0.58507425	0.55868554	1.0	False	lymph	mid	enformer
365	17.438194	81.13365	63.695457	0.47136727	0.6375282	1.0	False	lymph	mid	enformer
2817	17.447628	81.181	63.73337	0.47134554	0.63754374	1.0	False	lymph	mid	enformer
358	17.436764	81.14768	63.71092	0.47122443	0.6376301	1.0	False	lymph	mid	enformer
1536	17.438168	81.1549	63.716732	0.47122008	0.6376332	1.0	False	lymph	mid	enformer
4593	17.436573	81.1475	63.710926	0.47121948	0.6376337	1.0	False	lymph	mid	enformer
1289	17.436714	81.14831	63.711594	0.47121847	0.63763434	1.0	False	lymph	mid	enformer
2107	17.433968	81.14367	63.7097	0.4711619	0.63767475	1.0	False	lymph	mid	enformer
607	17.437725	81.16099	63.723263	0.47116125	0.63767517	1.0	False	lymph	mid	enformer
4181	17.436169	81.15413	63.71796	0.47115943	0.63767654	1.0	False	lymph	mid	enformer
2681	17.435917	81.1538	63.717884	0.47115356	0.63768065	1.0	False	lymph	mid	enformer
5798	17.439606	81.173294	63.73369	0.47113895	0.6376911	1.0	False	lymph	mid	enformer
3587	17.439373	81.172775	63.733402	0.47113496	0.63769406	1.0	False	lymph	mid	enformer
3316	17.431229	81.14621	63.71498	0.47105348	0.6377522	1.0	False	lymph	mid	enformer
3893	17.428162	81.14069	63.712532	0.47099373	0.63779485	1.0	False	lymph	mid	enformer
3796	17.433868	81.167496	63.733627	0.47099096	0.63779676	1.0	False	lymph	mid	enformer
2083	17.430305	81.154564	63.72426	0.47096503	0.63781524	1.0	False	lymph	mid	enformer
4103	17.430077	81.15355	63.723473	0.47096467	0.63781554	1.0	False	lymph	mid	enformer
3148	17.430023	81.15336	63.723335	0.4709642	0.63781583	1.0	False	lymph	mid	enformer
2445	17.43003	81.1535	63.723473	0.4709636	0.6378163	1.0	False	lymph	mid	enformer
5277	17.43002	81.15348	63.72346	0.47096333	0.63781655	1.0	False	lymph	mid	enformer
2130	17.429832	81.15271	63.722878	0.47096255	0.637817	1.0	False	lymph	mid	enformer
5482	17.434338	81.17514	63.740803	0.47095436	0.6378229	1.0	False	lymph	mid	enformer
3623	17.434288	81.17505	63.74076	0.47095332	0.6378237	1.0	False	lymph	mid	enformer
1084	17.434784	81.17777	63.74299	0.47095007	0.637826	1.0	False	lymph	mid	enformer
1603	17.434921	81.17864	63.74372	0.47094855	0.63782716	1.0	False	lymph	mid	enformer
3980	17.433594	81.174385	63.74079	0.47093448	0.6378371	1.0	False	lymph	mid	enformer
1156	17.432995	81.172005	63.73901	0.47093222	0.63783866	1.0	False	lymph	mid	enformer
4512	17.42698	81.14401	63.717033	0.4709314	0.63783926	1.0	False	lymph	mid	enformer
4160	17.43013	81.1585	63.72837	0.47093064	0.6378399	1.0	False	lymph	mid	enformer
3325	17.433182	81.1732	63.74002	0.47093004	0.6378402	1.0	False	lymph	mid	enformer
5004	17.427063	81.14471	63.717644	0.47092935	0.63784075	1.0	False	lymph	mid	enformer
2914	17.427082	81.14488	63.7178	0.47092882	0.63784105	1.0	False	lymph	mid	enformer
4489	17.429802	81.15745	63.727646	0.47092727	0.63784224	1.0	False	lymph	mid	enformer
5	17.426918	81.1446	63.71768	0.4709254	0.63784367	1.0	False	lymph	mid	enformer
2484	17.429962	81.15873	63.728767	0.47092363	0.63784486	1.0	False	lymph	mid	enformer
5115	17.434837	81.18394	63.7491	0.4709094	0.637855	1.0	False	lymph	mid	enformer
1559	17.434696	81.183655	63.74896	0.4709068	0.6378569	1.0	False	lymph	mid	enformer
853	17.42733	81.14933	63.722	0.4709038	0.63785887	1.0	False	lymph	mid	enformer
5319	17.428291	81.15752	63.729225	0.4708788	0.6378768	1.0	False	lymph	mid	enformer
3280	17.426376	81.1508	63.724426	0.47086295	0.6378882	1.0	False	lymph	mid	enformer
5443	17.426136	81.15256	63.72642	0.47084334	0.63790214	1.0	False	lymph	mid	enformer
102	17.42612	81.152756	63.726635	0.47084147	0.63790345	1.0	False	lymph	mid	enformer
3174	17.426262	81.15354	63.72728	0.47084057	0.6379042	1.0	False	lymph	mid	enformer
4654	17.427708	81.16038	63.73267	0.47084033	0.63790435	1.0	False	lymph	mid	enformer
4685	17.429543	81.16922	63.739677	0.47083905	0.63790524	1.0	False	lymph	mid	enformer
216	17.425762	81.15163	63.725864	0.47083732	0.63790643	1.0	False	lymph	mid	enformer
3739	17.430187	81.17411	63.743923	0.47082636	0.6379142	1.0	False	lymph	mid	enformer
3506	17.432476	81.18489	63.752415	0.47082582	0.6379145	1.0	False	lymph	mid	enformer
3579	17.429924	81.17303	63.743103	0.47082528	0.63791496	1.0	False	lymph	mid	enformer
1245	17.430153	81.17453	63.744377	0.4708223	0.63791704	1.0	False	lymph	mid	enformer
1984	17.431618	81.181465	63.749847	0.470822	0.6379173	1.0	False	lymph	mid	enformer
1220	17.433578	81.19164	63.758064	0.47081515	0.63792217	1.0	False	lymph	mid	enformer
3105	17.428993	81.17385	63.744858	0.47078905	0.6379409	1.0	False	lymph	mid	enformer
2250	17.426075	81.16116	63.73509	0.4707826	0.6379454	1.0	False	lymph	mid	enformer
331	17.430107	81.18072	63.75061	0.47077766	0.63794905	1.0	False	lymph	mid	enformer
3360	17.430992	81.18671	63.755714	0.47076562	0.6379575	1.0	False	lymph	mid	enformer
4420	17.427746	81.172874	63.74513	0.47075546	0.6379648	1.0	False	lymph	mid	enformer
1427	17.427505	81.17222	63.744713	0.47075227	0.6379671	1.0	False	lymph	mid	enformer
2815	17.42759	81.17291	63.745323	0.4707501	0.6379686	1.0	False	lymph	mid	enformer
1502	17.430004	81.18488	63.75488	0.47074607	0.63797146	1.0	False	lymph	mid	enformer
3202	17.429947	81.18462	63.754677	0.470746	0.6379716	1.0	False	lymph	mid	enformer
3902	17.428436	81.18466	63.756226	0.4706959	0.6380074	1.0	False	lymph	mid	enformer
59	17.428642	81.18612	63.757477	0.470694	0.63800865	1.0	False	lymph	mid	enformer
1548	17.421421	81.155655	63.734234	0.47066915	0.6380265	1.0	False	lymph	mid	enformer
4829	17.426136	81.18007	63.753933	0.47065446	0.6380371	1.0	False	lymph	mid	enformer
1216	17.426968	81.184715	63.757748	0.47064796	0.6380417	1.0	False	lymph	mid	enformer
3884	17.4273	81.18918	63.76188	0.47062823	0.63805574	1.0	False	lymph	mid	enformer
26	17.427658	81.19403	63.766373	0.47060668	0.6380711	1.0	False	lymph	mid	enformer
4513	17.42482	81.18128	63.756462	0.4706028	0.6380739	1.0	False	lymph	mid	enformer
2966	17.414764	81.14182	63.72706	0.47054783	0.63811314	1.0	False	lymph	mid	enformer
2742	17.413593	81.13949	63.725895	0.47052434	0.6381299	1.0	False	lymph	mid	enformer
2400	17.413883	81.14093	63.727047	0.47052377	0.6381303	1.0	False	lymph	mid	enformer
4326	17.415344	81.148094	63.73275	0.47052115	0.6381322	1.0	False	lymph	mid	enformer
1228	17.41407	81.18997	63.7759	0.47019213	0.6383671	1.0	False	lymph	mid	enformer
5565	15.177582	94.4979	79.32032	0.37189925	0.7100859	1.0	False	lymph	mid	enformer
5162	15.17717	94.496284	79.319115	0.37189484	0.71008915	1.0	False	lymph	mid	enformer
6101	15.178535	94.50578	79.32725	0.37188938	0.71009326	1.0	False	lymph	mid	enformer
6015	15.177353	94.5021	79.324745	0.37187317	0.7101053	1.0	False	lymph	mid	enformer
5944	15.177116	94.50088	79.32376	0.37187192	0.7101062	1.0	False	lymph	mid	enformer
2712	15.178696	94.51135	79.33266	0.37186956	0.71010804	1.0	False	lymph	mid	enformer
957	15.177246	94.5024	79.32516	0.37186876	0.7101086	1.0	False	lymph	mid	enformer
2307	15.177147	94.50251	79.32536	0.37186554	0.71011096	1.0	False	lymph	mid	enformer
1329	15.17852	94.51134	79.33282	0.3718648	0.71011156	1.0	False	lymph	mid	enformer
1696	15.177055	94.50215	79.325096	0.3718646	0.71011174	1.0	False	lymph	mid	enformer
3682	13.044472	76.730705	63.686234	0.35509998	0.7226263	1.0	False	lymph	mid	enformer
4838	13.0453415	76.75157	63.70623	0.3550158	0.72268945	1.0	False	lymph	mid	enformer
169	13.044014	76.75788	63.713867	0.35494033	0.72274595	1.0	False	lymph	mid	enformer
5025	13.04398	76.75831	63.71433	0.35493702	0.7227484	1.0	False	lymph	mid	enformer
787	13.042751	76.75133	63.708576	0.35493535	0.7227497	1.0	False	lymph	mid	enformer
3077	13.043842	76.75794	63.7141	0.35493463	0.72275025	1.0	False	lymph	mid	enformer
2804	13.042583	76.763084	63.7205	0.3548669	0.72280085	1.0	False	lymph	mid	enformer
451	13.041222	76.75538	63.714157	0.35486668	0.7228011	1.0	False	lymph	mid	enformer
622	13.042732	76.76402	63.72129	0.35486656	0.7228011	1.0	False	lymph	mid	enformer
4232	13.042713	76.76422	63.721508	0.35486498	0.7228023	1.0	False	lymph	mid	enformer
1315	13.042526	76.76355	63.721024	0.35486266	0.72280407	1.0	False	lymph	mid	enformer
2316	13.040718	76.754425	63.713707	0.35485482	0.7228099	1.0	False	lymph	mid	enformer
3914	13.040657	76.75451	63.713852	0.35485244	0.7228117	1.0	False	lymph	mid	enformer
3156	13.040508	76.753876	63.713367	0.3548511	0.7228127	1.0	False	lymph	mid	enformer
20	13.040524	76.75437	63.71385	0.354849	0.7228143	1.0	False	lymph	mid	enformer
3969	13.040638	76.75646	63.715824	0.35484347	0.7228185	1.0	False	lymph	mid	enformer
5078	13.0354	76.724976	63.689575	0.35484353	0.7228185	1.0	False	lymph	mid	enformer
5317	13.040569	76.75642	63.715847	0.35484156	0.72281986	1.0	False	lymph	mid	enformer
660	13.040615	76.75739	63.716778	0.35483783	0.7228226	1.0	False	lymph	mid	enformer
4404	13.036331	76.74507	63.70874	0.35476723	0.72287554	1.0	False	lymph	mid	enformer
1700	13.036488	76.74602	63.70953	0.35476714	0.7228756	1.0	False	lymph	mid	enformer
3438	13.036297	76.74569	63.709393	0.3547629	0.72287875	1.0	False	lymph	mid	enformer
869	13.0361595	76.7467	63.710537	0.3547534	0.72288585	1.0	False	lymph	mid	enformer
29	13.038963	76.76425	63.72529	0.35474718	0.72289056	1.0	False	lymph	mid	enformer
4592	13.038933	76.7641	63.725166	0.35474706	0.7228907	1.0	False	lymph	mid	enformer
2365	13.037605	76.756294	63.71869	0.3547466	0.722891	1.0	False	lymph	mid	enformer
386	13.037724	76.75702	63.719296	0.35474652	0.7228911	1.0	False	lymph	mid	enformer
1224	13.038929	76.76422	63.725292	0.35474628	0.7228912	1.0	False	lymph	mid	enformer
3881	13.039703	76.76893	63.729225	0.35474575	0.7228917	1.0	False	lymph	mid	enformer
5617	13.038902	76.76434	63.72544	0.35474485	0.72289234	1.0	False	lymph	mid	enformer
2643	13.038837	76.76416	63.725323	0.35474375	0.7228931	1.0	False	lymph	mid	enformer
3858	13.038795	76.76402	63.725227	0.35474312	0.7228936	1.0	False	lymph	mid	enformer
3748	13.036533	76.75232	63.715786	0.35473537	0.72289944	1.0	False	lymph	mid	enformer
3907	13.036507	76.75246	63.71595	0.3547338	0.7229007	1.0	False	lymph	mid	enformer
969	13.037716	76.75943	63.721714	0.35473314	0.7229011	1.0	False	lymph	mid	enformer
5175	13.038506	76.76433	63.725822	0.35473138	0.7229024	1.0	False	lymph	mid	enformer
1007	13.03854	76.764656	63.726116	0.3547307	0.7229029	1.0	False	lymph	mid	enformer
2688	13.039986	76.77355	63.733566	0.35472912	0.72290415	1.0	False	lymph	mid	enformer
2650	13.039696	76.77216	63.732468	0.3547274	0.7229054	1.0	False	lymph	mid	enformer
1337	13.0327835	76.736	63.703217	0.35470363	0.7229231	1.0	False	lymph	mid	enformer
301	13.034073	76.743774	63.7097	0.35470298	0.7229236	1.0	False	lymph	mid	enformer
1082	13.034836	76.74864	63.713806	0.35470122	0.7229249	1.0	False	lymph	mid	enformer
1832	13.032631	76.73595	63.703316	0.35469905	0.7229266	1.0	False	lymph	mid	enformer
3613	13.033928	76.743744	63.709816	0.35469863	0.7229269	1.0	False	lymph	mid	enformer
3973	13.033482	76.74112	63.707638	0.35469848	0.72292703	1.0	False	lymph	mid	enformer
3416	13.032513	76.735374	63.70286	0.35469833	0.72292715	1.0	False	lymph	mid	enformer
339	13.033737	76.74278	63.709045	0.3546977	0.72292763	1.0	False	lymph	mid	enformer
3211	13.032513	76.73556	63.703045	0.35469744	0.72292787	1.0	False	lymph	mid	enformer
2417	13.037495	76.765434	63.72794	0.35469466	0.72293	1.0	False	lymph	mid	enformer
1520	13.036388	76.75893	63.722538	0.35469437	0.72293025	1.0	False	lymph	mid	enformer
1200	13.03709	76.7631	63.72601	0.3546943	0.7229303	1.0	False	lymph	mid	enformer
5505	13.037304	76.76491	63.727604	0.35469148	0.72293234	1.0	False	lymph	mid	enformer
1187	13.035732	76.76254	63.72681	0.3546548	0.72295976	1.0	False	lymph	mid	enformer
5841	13.031441	76.737206	63.705765	0.35465404	0.72296035	1.0	False	lymph	mid	enformer
805	13.035755	76.76326	63.727505	0.3546517	0.72296214	1.0	False	lymph	mid	enformer
237	13.035763	76.76337	63.727604	0.3546514	0.7229624	1.0	False	lymph	mid	enformer
5228	13.032867	76.74678	63.713913	0.35465	0.7229634	1.0	False	lymph	mid	enformer
4003	13.035358	76.7613	63.72594	0.35464972	0.72296363	1.0	False	lymph	mid	enformer
1946	13.031288	76.73728	63.705994	0.35464892	0.7229642	1.0	False	lymph	mid	enformer
1778	13.032673	76.74608	63.713406	0.3546476	0.7229652	1.0	False	lymph	mid	enformer
3328	13.032238	76.74327	63.711033	0.35464707	0.7229656	1.0	False	lymph	mid	enformer
2827	13.034054	76.75412	63.720066	0.35464668	0.72296584	1.0	False	lymph	mid	enformer
1136	13.034	76.75423	63.720226	0.35464445	0.7229675	1.0	False	lymph	mid	enformer
4322	13.032269	76.74426	63.711994	0.35464337	0.72296834	1.0	False	lymph	mid	enformer
2318	13.034664	76.761116	63.72645	0.35462883	0.72297925	1.0	False	lymph	mid	enformer
3679	13.035263	76.76506	63.729797	0.35462686	0.7229807	1.0	False	lymph	mid	enformer
673	13.032909	76.75308	63.720173	0.3546154	0.72298926	1.0	False	lymph	mid	enformer
5384	13.035355	76.77002	63.734665	0.35460386	0.7229979	1.0	False	lymph	mid	enformer
1009	13.031506	76.747894	63.71639	0.35460055	0.7230004	1.0	False	lymph	mid	enformer
2059	13.03027	76.74093	63.71066	0.35459885	0.7230017	1.0	False	lymph	mid	enformer
1318	13.030239	76.741104	63.710865	0.35459694	0.7230031	1.0	False	lymph	mid	enformer
226	13.032726	76.75639	63.723667	0.3545928	0.7230062	1.0	False	lymph	mid	enformer
3590	13.033695	76.76283	63.729137	0.35458916	0.72300893	1.0	False	lymph	mid	enformer
1209	13.033634	76.769516	63.73588	0.3545516	0.7230371	1.0	False	lymph	mid	enformer
1247	13.031025	76.7548	63.723774	0.35454756	0.72304016	1.0	False	lymph	mid	enformer
4133	13.02953	76.74645	63.716923	0.3545469	0.7230406	1.0	False	lymph	mid	enformer
796	13.028133	76.73812	63.709988	0.3545466	0.7230408	1.0	False	lymph	mid	enformer
4734	13.027367	76.73378	63.706413	0.3545448	0.7230422	1.0	False	lymph	mid	enformer
2466	13.027428	76.73425	63.706825	0.35454422	0.72304267	1.0	False	lymph	mid	enformer
4777	13.029331	76.746086	63.716755	0.35454133	0.72304475	1.0	False	lymph	mid	enformer
4725	13.029938	76.75	63.720062	0.3545385	0.7230469	1.0	False	lymph	mid	enformer
4974	13.027546	76.736946	63.7094	0.35453445	0.72305	1.0	False	lymph	mid	enformer
3131	13.0263405	76.72986	63.703518	0.35453394	0.7230503	1.0	False	lymph	mid	enformer
1811	13.025925	76.727905	63.70198	0.35453138	0.72305226	1.0	False	lymph	mid	enformer
3543	13.025944	76.72822	63.702274	0.35453033	0.723053	1.0	False	lymph	mid	enformer
5005	13.027565	76.737885	63.71032	0.3545301	0.72305316	1.0	False	lymph	mid	enformer
902	13.02589	76.728165	63.702274	0.35452893	0.72305405	1.0	False	lymph	mid	enformer
1500	13.027187	76.73991	63.71272	0.35450733	0.7230704	1.0	False	lymph	mid	enformer
1663	13.027069	76.74019	63.71312	0.35450217	0.7230742	1.0	False	lymph	mid	enformer
5332	13.028328	76.74745	63.719124	0.35450155	0.7230747	1.0	False	lymph	mid	enformer
2526	13.027756	76.74449	63.716736	0.3545011	0.723075	1.0	False	lymph	mid	enformer
5325	13.026882	76.73938	63.712498	0.35450062	0.72307533	1.0	False	lymph	mid	enformer
3690	13.026363	76.73663	63.71027	0.3544989	0.72307664	1.0	False	lymph	mid	enformer
4084	13.027561	76.743965	63.716404	0.3544978	0.7230775	1.0	False	lymph	mid	enformer
5224	13.026958	76.74055	63.71359	0.35449687	0.72307813	1.0	False	lymph	mid	enformer
4426	13.027252	76.74884	63.72159	0.35446042	0.7231053	1.0	False	lymph	mid	enformer
1272	13.032234	76.77897	63.746735	0.35445824	0.723107	1.0	False	lymph	mid	enformer
4223	13.027412	76.755356	63.727943	0.3544313	0.72312707	1.0	False	lymph	mid	enformer
1786	13.027645	76.758156	63.73051	0.35442346	0.723133	1.0	False	lymph	mid	enformer
1995	13.022869	76.73528	63.712414	0.3543963	0.7231533	1.0	False	lymph	mid	enformer
602	13.023293	76.73779	63.7145	0.35439634	0.7231533	1.0	False	lymph	mid	enformer
5936	13.022911	76.736015	63.713104	0.35439378	0.7231552	1.0	False	lymph	mid	enformer
4861	13.023796	76.741776	63.71798	0.35439104	0.72315735	1.0	False	lymph	mid	enformer
4518	13.023518	76.74031	63.716793	0.35439003	0.7231581	1.0	False	lymph	mid	enformer
5123	13.022476	76.73415	63.711678	0.35438982	0.72315824	1.0	False	lymph	mid	enformer
2894	13.026535	76.763145	63.73661	0.35436288	0.7231784	1.0	False	lymph	mid	enformer
2732	13.024994	76.75438	63.729385	0.3543609	0.7231798	1.0	False	lymph	mid	enformer
1633	13.028988	76.77839	63.7494	0.3543594	0.72318095	1.0	False	lymph	mid	enformer
3103	13.028992	76.77875	63.749756	0.35435757	0.7231824	1.0	False	lymph	mid	enformer
181	13.024662	76.759	63.73434	0.35432556	0.72320634	1.0	False	lymph	mid	enformer
1576	13.022938	76.74919	63.726254	0.35432342	0.72320795	1.0	False	lymph	mid	enformer
3320	13.0250435	76.761856	63.736813	0.35432258	0.72320855	1.0	False	lymph	mid	enformer
3369	13.021763	76.742455	63.72069	0.35432217	0.72320884	1.0	False	lymph	mid	enformer
208	13.027405	76.77808	63.75068	0.3543116	0.72321683	1.0	False	lymph	mid	enformer
4281	13.024494	76.76414	63.739643	0.35429308	0.72323066	1.0	False	lymph	mid	enformer
4537	13.022285	76.75631	63.734024	0.3542648	0.7232519	1.0	False	lymph	mid	enformer
3856	13.024956	76.7762	63.751244	0.3542442	0.72326714	1.0	False	lymph	mid	enformer
144	13.014915	76.73643	63.72151	0.3541386	0.72334635	1.0	False	lymph	mid	enformer
1662	-13.702721	81.200264	94.902985	-0.3190331	0.749815	1.0	False	lymph	mid	enformer
5685	-13.701393	81.19237	94.89376	-0.3190328	0.74981517	1.0	False	lymph	mid	enformer
3086	-13.701279	81.19167	94.89295	-0.31903282	0.74981517	1.0	False	lymph	mid	enformer
3932	-13.701279	81.19208	94.89336	-0.31903142	0.74981624	1.0	False	lymph	mid	enformer
43	-13.7031555	81.22741	94.930565	-0.31894845	0.7498791	1.0	False	lymph	mid	enformer
537	-13.703194	81.227806	94.931	-0.31894788	0.74987954	1.0	False	lymph	mid	enformer
61	-13.703041	81.22701	94.93005	-0.3189474	0.74987984	1.0	False	lymph	mid	enformer
5698	-13.704666	81.23656	94.94122	-0.31894708	0.74988014	1.0	False	lymph	mid	enformer
5305	-13.703224	81.22827	94.931496	-0.31894684	0.7498803	1.0	False	lymph	mid	enformer
1054	-13.7031555	81.227936	94.93109	-0.31894663	0.74988043	1.0	False	lymph	mid	enformer
5400	-13.704552	81.2362	94.94075	-0.31894597	0.7498809	1.0	False	lymph	mid	enformer
3702	-13.703186	81.22833	94.93152	-0.31894588	0.74988097	1.0	False	lymph	mid	enformer
3337	-13.703148	81.22836	94.93151	-0.31894496	0.7498817	1.0	False	lymph	mid	enformer
4249	-13.702972	81.2273	94.930275	-0.318945	0.7498817	1.0	False	lymph	mid	enformer
1735	-13.703255	81.22875	94.93201	-0.31894463	0.749882	1.0	False	lymph	mid	enformer
1422	-13.703049	81.22794	94.93099	-0.3189444	0.7498821	1.0	False	lymph	mid	enformer
4915	-13.704521	81.23645	94.94097	-0.31894445	0.7498821	1.0	False	lymph	mid	enformer
5284	-13.703102	81.22829	94.93139	-0.3189443	0.7498822	1.0	False	lymph	mid	enformer
2488	-13.703606	81.23103	94.93464	-0.31894413	0.74988234	1.0	False	lymph	mid	enformer
4903	-13.704636	81.2373	94.94193	-0.31894395	0.7498825	1.0	False	lymph	mid	enformer
1274	-13.70314	81.22865	94.93179	-0.31894267	0.7498835	1.0	False	lymph	mid	enformer
3332	-13.703255	81.22961	94.93286	-0.31894174	0.7498842	1.0	False	lymph	mid	enformer
4990	-13.706192	81.275215	94.98141	-0.3188467	0.7499562	1.0	False	lymph	mid	enformer
1250	-13.703712	81.26315	94.966866	-0.31883577	0.74996454	1.0	False	lymph	mid	enformer
484	-13.704933	81.270454	94.97539	-0.31883478	0.7499653	1.0	False	lymph	mid	enformer
5959	-13.70636	81.279015	94.985374	-0.3188348	0.7499653	1.0	False	lymph	mid	enformer
3465	-13.706314	81.27889	94.98521	-0.3188343	0.74996567	1.0	False	lymph	mid	enformer
3627	-13.705109	81.27179	94.9769	-0.3188339	0.749966	1.0	False	lymph	mid	enformer
1542	-13.706177	81.27823	94.984406	-0.31883374	0.749966	1.0	False	lymph	mid	enformer
2455	-13.706429	81.2798	94.98623	-0.3188336	0.74996614	1.0	False	lymph	mid	enformer
1803	-13.703438	81.262146	94.96558	-0.31883356	0.74996614	1.0	False	lymph	mid	enformer
4768	-13.703583	81.26302	94.966606	-0.31883356	0.74996614	1.0	False	lymph	mid	enformer
5705	-13.706314	81.27914	94.98545	-0.3188335	0.7499662	1.0	False	lymph	mid	enformer
4285	-13.70649	81.280205	94.986694	-0.31883344	0.7499663	1.0	False	lymph	mid	enformer
2246	-13.703514	81.26266	94.96617	-0.31883338	0.7499663	1.0	False	lymph	mid	enformer
4431	-13.705093	81.27184	94.97694	-0.31883335	0.7499663	1.0	False	lymph	mid	enformer
3421	-13.704834	81.27025	94.97508	-0.31883344	0.7499663	1.0	False	lymph	mid	enformer
3900	-13.707588	81.286865	94.99445	-0.31883332	0.7499664	1.0	False	lymph	mid	enformer
3375	-13.706284	81.27902	94.985306	-0.31883323	0.74996644	1.0	False	lymph	mid	enformer
5553	-13.705063	81.27176	94.97682	-0.31883305	0.74996656	1.0	False	lymph	mid	enformer
1939	-13.704834	81.270355	94.97519	-0.31883308	0.74996656	1.0	False	lymph	mid	enformer
724	-13.70356	81.263016	94.966576	-0.3188331	0.74996656	1.0	False	lymph	mid	enformer
64	-13.706169	81.27839	94.98456	-0.318833	0.7499666	1.0	False	lymph	mid	enformer
135	-13.704842	81.270424	94.975266	-0.318833	0.7499666	1.0	False	lymph	mid	enformer
4643	-13.703499	81.26272	94.96622	-0.31883287	0.7499667	1.0	False	lymph	mid	enformer
3668	-13.706184	81.27856	94.98474	-0.31883276	0.7499668	1.0	False	lymph	mid	enformer
1664	-13.707581	81.286995	94.994576	-0.3188327	0.74996686	1.0	False	lymph	mid	enformer
5308	-13.706116	81.27817	94.98428	-0.3188327	0.74996686	1.0	False	lymph	mid	enformer
506	-13.706177	81.278564	94.98474	-0.3188326	0.7499669	1.0	False	lymph	mid	enformer
5320	-13.704872	81.270706	94.97558	-0.31883267	0.7499669	1.0	False	lymph	mid	enformer
1806	-13.7062	81.27871	94.98491	-0.31883258	0.749967	1.0	False	lymph	mid	enformer
4944	-13.706055	81.277885	94.98394	-0.31883252	0.74996704	1.0	False	lymph	mid	enformer
1705	-13.704605	81.26914	94.97375	-0.31883246	0.74996704	1.0	False	lymph	mid	enformer
1300	-13.706093	81.27814	94.98423	-0.31883234	0.7499671	1.0	False	lymph	mid	enformer
2439	-13.704887	81.270905	94.97579	-0.31883228	0.7499671	1.0	False	lymph	mid	enformer
3015	-13.704994	81.27153	94.976524	-0.31883237	0.7499671	1.0	False	lymph	mid	enformer
4954	-13.70462	81.26928	94.9739	-0.31883237	0.7499671	1.0	False	lymph	mid	enformer
3765	-13.70578	81.2763	94.98208	-0.31883228	0.7499671	1.0	False	lymph	mid	enformer
1584	-13.704826	81.27056	94.97539	-0.31883225	0.74996716	1.0	False	lymph	mid	enformer
4792	-13.704895	81.27096	94.97585	-0.31883225	0.74996716	1.0	False	lymph	mid	enformer
2878	-13.704803	81.270424	94.97523	-0.31883222	0.7499672	1.0	False	lymph	mid	enformer
2001	-13.704964	81.27141	94.97637	-0.31883216	0.7499672	1.0	False	lymph	mid	enformer
1931	-13.706306	81.27946	94.98576	-0.31883222	0.7499672	1.0	False	lymph	mid	enformer
390	-13.706398	81.280014	94.98641	-0.31883222	0.7499672	1.0	False	lymph	mid	enformer
5321	-13.706238	81.27907	94.985306	-0.31883213	0.7499673	1.0	False	lymph	mid	enformer
1314	-13.704788	81.270355	94.97514	-0.3188321	0.7499673	1.0	False	lymph	mid	enformer
3474	-13.704895	81.270996	94.97589	-0.3188321	0.7499673	1.0	False	lymph	mid	enformer
161	-13.706291	81.279396	94.98569	-0.31883213	0.7499673	1.0	False	lymph	mid	enformer
2418	-13.704826	81.27059	94.97542	-0.3188321	0.7499673	1.0	False	lymph	mid	enformer
3935	-13.704735	81.27005	94.974785	-0.3188321	0.7499673	1.0	False	lymph	mid	enformer
1785	-13.704781	81.27035	94.97513	-0.31883204	0.74996734	1.0	False	lymph	mid	enformer
4031	-13.704765	81.27024	94.975006	-0.31883207	0.74996734	1.0	False	lymph	mid	enformer
67	-13.706207	81.278915	94.98512	-0.318832	0.74996734	1.0	False	lymph	mid	enformer
4284	-13.70623	81.2791	94.98533	-0.31883186	0.74996746	1.0	False	lymph	mid	enformer
4632	-13.706108	81.278366	94.984474	-0.31883183	0.74996746	1.0	False	lymph	mid	enformer
3200	-13.70639	81.28006	94.98645	-0.3188319	0.74996746	1.0	False	lymph	mid	enformer
4029	-13.704796	81.27049	94.97529	-0.31883183	0.74996746	1.0	False	lymph	mid	enformer
4487	-13.706329	81.27968	94.98601	-0.31883192	0.74996746	1.0	False	lymph	mid	enformer
2918	-13.703438	81.26262	94.96606	-0.3188319	0.74996746	1.0	False	lymph	mid	enformer
3377	-13.707703	81.287994	94.9957	-0.31883183	0.74996746	1.0	False	lymph	mid	enformer
6143	-13.70488	81.27097	94.97585	-0.3188319	0.74996746	1.0	False	lymph	mid	enformer
1784	-13.704788	81.27044	94.97523	-0.3188319	0.74996746	1.0	False	lymph	mid	enformer
3752	-13.704918	81.27123	94.97615	-0.31883183	0.74996746	1.0	False	lymph	mid	enformer
3942	-13.706276	81.27937	94.98565	-0.3188319	0.74996746	1.0	False	lymph	mid	enformer
4728	-13.706223	81.27905	94.985275	-0.31883183	0.7499675	1.0	False	lymph	mid	enformer
5017	-13.706261	81.2793	94.98556	-0.3188318	0.7499675	1.0	False	lymph	mid	enformer
222	-13.705009	81.27181	94.97682	-0.3188317	0.7499676	1.0	False	lymph	mid	enformer
298	-13.704994	81.27171	94.97671	-0.31883174	0.7499676	1.0	False	lymph	mid	enformer
2437	-13.704903	81.27117	94.976074	-0.3188317	0.7499676	1.0	False	lymph	mid	enformer
2885	-13.704697	81.26994	94.97464	-0.31883168	0.7499676	1.0	False	lymph	mid	enformer
3398	-13.706398	81.28017	94.986565	-0.31883168	0.7499676	1.0	False	lymph	mid	enformer
795	-13.707756	81.28836	94.99612	-0.31883165	0.74996763	1.0	False	lymph	mid	enformer
323	-13.704895	81.27113	94.97603	-0.31883165	0.74996763	1.0	False	lymph	mid	enformer
499	-13.7048645	81.27096	94.97582	-0.31883165	0.74996763	1.0	False	lymph	mid	enformer
2709	-13.706322	81.27975	94.98607	-0.31883153	0.7499677	1.0	False	lymph	mid	enformer
1434	-13.704849	81.27088	94.97573	-0.3188316	0.7499677	1.0	False	lymph	mid	enformer
5510	-13.704765	81.27037	94.975136	-0.31883162	0.7499677	1.0	False	lymph	mid	enformer
945	-13.7048645	81.27096	94.97582	-0.31883162	0.7499677	1.0	False	lymph	mid	enformer
3507	-13.706284	81.279495	94.98578	-0.3188316	0.7499677	1.0	False	lymph	mid	enformer
5119	-13.706207	81.27906	94.98527	-0.31883153	0.7499677	1.0	False	lymph	mid	enformer
2626	-13.706154	81.27875	94.9849	-0.31883147	0.7499678	1.0	False	lymph	mid	enformer
4131	-13.704849	81.27093	94.97578	-0.31883144	0.7499678	1.0	False	lymph	mid	enformer
3605	-13.706352	81.279945	94.9863	-0.31883147	0.7499678	1.0	False	lymph	mid	enformer
306	-13.706223	81.279175	94.9854	-0.31883144	0.7499678	1.0	False	lymph	mid	enformer
5414	-13.704742	81.27028	94.97502	-0.31883144	0.7499678	1.0	False	lymph	mid	enformer
47	-13.706139	81.27868	94.98482	-0.3188314	0.7499678	1.0	False	lymph	mid	enformer
4086	-13.705002	81.271866	94.97687	-0.31883138	0.7499679	1.0	False	lymph	mid	enformer
975	-13.705048	81.27214	94.97719	-0.31883135	0.7499679	1.0	False	lymph	mid	enformer
4721	-13.705101	81.27249	94.97759	-0.31883126	0.74996793	1.0	False	lymph	mid	enformer
3039	-13.704895	81.271286	94.97618	-0.3188312	0.74996793	1.0	False	lymph	mid	enformer
2574	-13.704857	81.27103	94.97588	-0.31883126	0.74996793	1.0	False	lymph	mid	enformer
631	-13.706337	81.27991	94.986244	-0.3188313	0.74996793	1.0	False	lymph	mid	enformer
4073	-13.706177	81.27897	94.985146	-0.31883124	0.74996793	1.0	False	lymph	mid	enformer
2790	-13.705986	81.27783	94.98382	-0.31883126	0.74996793	1.0	False	lymph	mid	enformer
271	-13.70491	81.27133	94.97624	-0.3188313	0.74996793	1.0	False	lymph	mid	enformer
5479	-13.706001	81.27794	94.98394	-0.31883124	0.74996793	1.0	False	lymph	mid	enformer
5192	-13.70488	81.27116	94.976036	-0.31883126	0.74996793	1.0	False	lymph	mid	enformer
723	-13.706238	81.27934	94.98558	-0.3188312	0.749968	1.0	False	lymph	mid	enformer
2624	-13.7062	81.27911	94.98531	-0.3188312	0.749968	1.0	False	lymph	mid	enformer
2724	-13.706184	81.27903	94.985214	-0.31883118	0.74996805	1.0	False	lymph	mid	enformer
994	-13.706123	81.27866	94.98479	-0.31883115	0.74996805	1.0	False	lymph	mid	enformer
5519	-13.704903	81.271324	94.97623	-0.31883115	0.74996805	1.0	False	lymph	mid	enformer
2236	-13.704926	81.27148	94.9764	-0.31883115	0.74996805	1.0	False	lymph	mid	enformer
4190	-13.706093	81.27847	94.984566	-0.31883112	0.74996805	1.0	False	lymph	mid	enformer
204	-13.70472	81.27026	94.97498	-0.31883106	0.7499681	1.0	False	lymph	mid	enformer
2027	-13.705078	81.272415	94.97749	-0.3188311	0.7499681	1.0	False	lymph	mid	enformer
190	-13.704788	81.27067	94.97546	-0.31883106	0.7499682	1.0	False	lymph	mid	enformer
1638	-13.705009	81.27204	94.97705	-0.31883097	0.7499682	1.0	False	lymph	mid	enformer
489	-13.704948	81.27164	94.976585	-0.31883106	0.7499682	1.0	False	lymph	mid	enformer
1820	-13.704956	81.271736	94.97669	-0.3188309	0.7499682	1.0	False	lymph	mid	enformer
777	-13.70475	81.27048	94.97523	-0.31883094	0.7499682	1.0	False	lymph	mid	enformer
4407	-13.706169	81.27899	94.98516	-0.31883097	0.7499682	1.0	False	lymph	mid	enformer
2761	-13.706139	81.2788	94.98494	-0.318831	0.7499682	1.0	False	lymph	mid	enformer
172	-13.706291	81.2797	94.98599	-0.31883103	0.7499682	1.0	False	lymph	mid	enformer
5718	-13.704811	81.27085	94.97566	-0.31883094	0.7499682	1.0	False	lymph	mid	enformer
3037	-13.704781	81.27069	94.97547	-0.31883088	0.74996823	1.0	False	lymph	mid	enformer
2802	-13.7061	81.27862	94.98472	-0.31883088	0.74996823	1.0	False	lymph	mid	enformer
923	-13.706245	81.279495	94.98574	-0.31883082	0.74996823	1.0	False	lymph	mid	enformer
2830	-13.704918	81.2715	94.97642	-0.31883088	0.74996823	1.0	False	lymph	mid	enformer
4179	-13.706238	81.27945	94.98569	-0.31883085	0.74996823	1.0	False	lymph	mid	enformer
2127	-13.70488	81.27131	94.97619	-0.31883076	0.7499683	1.0	False	lymph	mid	enformer
4286	-13.704796	81.270805	94.9756	-0.31883076	0.7499683	1.0	False	lymph	mid	enformer
759	-13.704926	81.27158	94.97651	-0.31883076	0.7499683	1.0	False	lymph	mid	enformer
5386	-13.703529	81.26352	94.96705	-0.31883073	0.7499683	1.0	False	lymph	mid	enformer
4198	-13.704803	81.270836	94.97564	-0.3188308	0.7499683	1.0	False	lymph	mid	enformer
5846	-13.704803	81.27085	94.975655	-0.31883076	0.7499683	1.0	False	lymph	mid	enformer
1684	-13.7048645	81.27123	94.9761	-0.31883073	0.74996835	1.0	False	lymph	mid	enformer
398	-13.704849	81.27115	94.976	-0.31883067	0.74996835	1.0	False	lymph	mid	enformer
3515	-13.706009	81.27815	94.98416	-0.31883064	0.74996835	1.0	False	lymph	mid	enformer
4971	-13.706306	81.27993	94.98624	-0.3188306	0.74996835	1.0	False	lymph	mid	enformer
5392	-13.706245	81.27955	94.985794	-0.3188306	0.74996835	1.0	False	lymph	mid	enformer
3305	-13.706177	81.27916	94.98534	-0.31883058	0.7499684	1.0	False	lymph	mid	enformer
1887	-13.706085	81.27861	94.984695	-0.31883058	0.7499684	1.0	False	lymph	mid	enformer
2407	-13.704788	81.270836	94.975624	-0.31883052	0.74996847	1.0	False	lymph	mid	enformer
1279	-13.7048645	81.27129	94.97616	-0.31883052	0.74996847	1.0	False	lymph	mid	enformer
1607	-13.704918	81.27162	94.97654	-0.3188305	0.74996847	1.0	False	lymph	mid	enformer
4183	-13.704811	81.27095	94.97576	-0.31883055	0.74996847	1.0	False	lymph	mid	enformer
4611	-13.704834	81.2711	94.97594	-0.3188305	0.74996847	1.0	False	lymph	mid	enformer
4137	-13.704605	81.269745	94.97435	-0.3188305	0.74996847	1.0	False	lymph	mid	enformer
3335	-13.704826	81.271065	94.97589	-0.3188305	0.74996847	1.0	False	lymph	mid	enformer
2546	-13.706253	81.27963	94.985886	-0.31883052	0.74996847	1.0	False	lymph	mid	enformer
4824	-13.704895	81.27146	94.97636	-0.31883055	0.74996847	1.0	False	lymph	mid	enformer
1296	-13.706039	81.278336	94.984375	-0.31883052	0.74996847	1.0	False	lymph	mid	enformer
5686	-13.706184	81.27922	94.985405	-0.3188305	0.74996847	1.0	False	lymph	mid	enformer
4353	-13.705063	81.27249	94.977554	-0.3188305	0.74996847	1.0	False	lymph	mid	enformer
1303	-13.704895	81.27149	94.97639	-0.31883046	0.7499685	1.0	False	lymph	mid	enformer
2549	-13.704926	81.271675	94.9766	-0.31883046	0.7499685	1.0	False	lymph	mid	enformer
5760	-13.704964	81.27191	94.976875	-0.31883046	0.7499685	1.0	False	lymph	mid	enformer
4638	-13.703468	81.26327	94.966736	-0.3188303	0.7499686	1.0	False	lymph	mid	enformer
5249	-13.704727	81.2705	94.97523	-0.31883037	0.7499686	1.0	False	lymph	mid	enformer
807	-13.704979	81.27201	94.97699	-0.3188304	0.7499686	1.0	False	lymph	mid	enformer
2263	-13.706337	81.28018	94.98652	-0.31883037	0.7499686	1.0	False	lymph	mid	enformer
1736	-13.704811	81.271	94.975815	-0.31883037	0.7499686	1.0	False	lymph	mid	enformer
4450	-13.70475	81.27063	94.97538	-0.31883043	0.7499686	1.0	False	lymph	mid	enformer
6108	-13.706093	81.278725	94.98482	-0.3188303	0.74996865	1.0	False	lymph	mid	enformer
3611	-13.704613	81.269844	94.97446	-0.31883028	0.7499687	1.0	False	lymph	mid	enformer
574	-13.704697	81.27034	94.97504	-0.31883028	0.7499687	1.0	False	lymph	mid	enformer
2749	-13.707535	81.28747	94.995	-0.3188302	0.7499687	1.0	False	lymph	mid	enformer
2500	-13.704842	81.27123	94.976074	-0.31883022	0.7499687	1.0	False	lymph	mid	enformer
5863	-13.704758	81.27073	94.97549	-0.31883025	0.7499687	1.0	False	lymph	mid	enformer
1036	-13.706261	81.27976	94.98602	-0.31883025	0.7499687	1.0	False	lymph	mid	enformer
5433	-13.703606	81.26412	94.96773	-0.31883025	0.7499687	1.0	False	lymph	mid	enformer
4087	-13.704956	81.27193	94.97688	-0.31883022	0.7499687	1.0	False	lymph	mid	enformer
1874	-13.704613	81.269844	94.97446	-0.31883028	0.7499687	1.0	False	lymph	mid	enformer
4015	-13.704887	81.271515	94.9764	-0.3188302	0.7499687	1.0	False	lymph	mid	enformer
4655	-13.704712	81.270454	94.97517	-0.31883025	0.7499687	1.0	False	lymph	mid	enformer
4352	-13.706459	81.28098	94.98744	-0.31883016	0.74996877	1.0	False	lymph	mid	enformer
5161	-13.704758	81.27076	94.97552	-0.31883013	0.74996877	1.0	False	lymph	mid	enformer
2579	-13.70462	81.26992	94.97454	-0.31883016	0.74996877	1.0	False	lymph	mid	enformer
1151	-13.704773	81.270836	94.97561	-0.31883013	0.74996877	1.0	False	lymph	mid	enformer
4897	-13.705025	81.27237	94.977394	-0.31883013	0.74996877	1.0	False	lymph	mid	enformer
2284	-13.7046585	81.270164	94.97482	-0.3188301	0.7499688	1.0	False	lymph	mid	enformer
377	-13.706192	81.279396	94.98559	-0.31883004	0.7499688	1.0	False	lymph	mid	enformer
6009	-13.704788	81.27094	94.97573	-0.31883007	0.7499688	1.0	False	lymph	mid	enformer
1978	-13.706093	81.2788	94.98489	-0.31883004	0.7499688	1.0	False	lymph	mid	enformer
3374	-13.704872	81.27148	94.97635	-0.31883004	0.7499688	1.0	False	lymph	mid	enformer
83	-13.705971	81.27808	94.984055	-0.31883004	0.7499688	1.0	False	lymph	mid	enformer
152	-13.704674	81.27027	94.974945	-0.31883007	0.7499688	1.0	False	lymph	mid	enformer
562	-13.704872	81.27147	94.97634	-0.31883007	0.7499688	1.0	False	lymph	mid	enformer
5365	-13.706253	81.279785	94.98604	-0.31883	0.7499689	1.0	False	lymph	mid	enformer
6028	-13.706329	81.280235	94.986565	-0.31883	0.7499689	1.0	False	lymph	mid	enformer
4726	-13.70475	81.27075	94.9755	-0.31883	0.7499689	1.0	False	lymph	mid	enformer
122	-13.704613	81.26996	94.97457	-0.31882992	0.74996895	1.0	False	lymph	mid	enformer
6014	-13.706039	81.278496	94.984535	-0.31882992	0.74996895	1.0	False	lymph	mid	enformer
3910	-13.704727	81.270615	94.97534	-0.31882998	0.74996895	1.0	False	lymph	mid	enformer
4955	-13.706268	81.2799	94.98617	-0.3188299	0.74996895	1.0	False	lymph	mid	enformer
5484	-13.704605	81.26988	94.97449	-0.31882998	0.74996895	1.0	False	lymph	mid	enformer
4428	-13.704903	81.27169	94.97659	-0.31882992	0.74996895	1.0	False	lymph	mid	enformer
2614	-13.706024	81.27841	94.984436	-0.31882995	0.74996895	1.0	False	lymph	mid	enformer
1259	-13.706131	81.27905	94.98518	-0.31882998	0.74996895	1.0	False	lymph	mid	enformer
1817	-13.703331	81.262566	94.9659	-0.3188299	0.74996895	1.0	False	lymph	mid	enformer
148	-13.704811	81.27113	94.975945	-0.31882995	0.74996895	1.0	False	lymph	mid	enformer
4591	-13.705917	81.2778	94.98372	-0.31882998	0.74996895	1.0	False	lymph	mid	enformer
1971	-13.704849	81.2714	94.97625	-0.31882983	0.749969	1.0	False	lymph	mid	enformer
2564	-13.704643	81.27015	94.97479	-0.31882983	0.749969	1.0	False	lymph	mid	enformer
974	-13.704933	81.27191	94.976845	-0.31882983	0.749969	1.0	False	lymph	mid	enformer
2831	-13.704742	81.270744	94.97549	-0.31882983	0.749969	1.0	False	lymph	mid	enformer
597	-13.706192	81.27946	94.98565	-0.31882986	0.749969	1.0	False	lymph	mid	enformer
5811	-13.704758	81.27085	94.97561	-0.3188298	0.74996907	1.0	False	lymph	mid	enformer
3119	-13.706322	81.28026	94.98658	-0.3188298	0.74996907	1.0	False	lymph	mid	enformer
5826	-13.70472	81.27063	94.97535	-0.3188298	0.74996907	1.0	False	lymph	mid	enformer
5001	-13.706284	81.28002	94.986305	-0.3188298	0.74996907	1.0	False	lymph	mid	enformer
573	-13.706139	81.27917	94.985306	-0.31882975	0.74996907	1.0	False	lymph	mid	enformer
3793	-13.706123	81.27906	94.98518	-0.31882977	0.74996907	1.0	False	lymph	mid	enformer
1808	-13.704941	81.271965	94.976906	-0.3188298	0.74996907	1.0	False	lymph	mid	enformer
1822	-13.70343	81.263214	94.966644	-0.31882975	0.74996907	1.0	False	lymph	mid	enformer
1863	-13.706207	81.279564	94.98577	-0.3188298	0.74996907	1.0	False	lymph	mid	enformer
731	-13.7061615	81.2793	94.98546	-0.31882977	0.74996907	1.0	False	lymph	mid	enformer
1919	-13.70475	81.27083	94.97558	-0.31882972	0.7499691	1.0	False	lymph	mid	enformer
4385	-13.706177	81.2794	94.98558	-0.31882972	0.7499691	1.0	False	lymph	mid	enformer
5526	-13.7063675	81.28057	94.98694	-0.31882972	0.7499691	1.0	False	lymph	mid	enformer
5976	-13.704689	81.27047	94.97516	-0.31882972	0.7499691	1.0	False	lymph	mid	enformer
4772	-13.704636	81.27019	94.97482	-0.3188296	0.7499692	1.0	False	lymph	mid	enformer
5302	-13.707481	81.28728	94.99476	-0.3188297	0.7499692	1.0	False	lymph	mid	enformer
3992	-13.706245	81.27985	94.98609	-0.31882963	0.7499692	1.0	False	lymph	mid	enformer
3548	-13.704895	81.271736	94.97663	-0.31882963	0.7499692	1.0	False	lymph	mid	enformer
5474	-13.706192	81.279526	94.98572	-0.31882963	0.7499692	1.0	False	lymph	mid	enformer
3256	-13.707497	81.2874	94.994896	-0.31882963	0.7499692	1.0	False	lymph	mid	enformer
4116	-13.706177	81.279434	94.98561	-0.31882966	0.7499692	1.0	False	lymph	mid	enformer
5537	-13.706207	81.2796	94.98581	-0.31882966	0.7499692	1.0	False	lymph	mid	enformer
6010	-13.705978	81.27825	94.98423	-0.3188296	0.7499692	1.0	False	lymph	mid	enformer
227	-13.704796	81.27112	94.975914	-0.31882966	0.7499692	1.0	False	lymph	mid	enformer
3835	-13.704887	81.2717	94.976585	-0.3188296	0.7499692	1.0	False	lymph	mid	enformer
5727	-13.704597	81.26996	94.974556	-0.31882954	0.74996924	1.0	False	lymph	mid	enformer
4682	-13.70327	81.262314	94.96558	-0.31882954	0.74996924	1.0	False	lymph	mid	enformer
1309	-13.704689	81.27053	94.97522	-0.31882954	0.74996924	1.0	False	lymph	mid	enformer
3985	-13.706329	81.28037	94.9867	-0.31882957	0.74996924	1.0	False	lymph	mid	enformer
2276	-13.706238	81.279816	94.98605	-0.31882954	0.74996924	1.0	False	lymph	mid	enformer
3756	-13.705009	81.27245	94.97746	-0.31882954	0.74996924	1.0	False	lymph	mid	enformer
4452	-13.703484	81.26357	94.96706	-0.31882957	0.74996924	1.0	False	lymph	mid	enformer
5014	-13.706093	81.27897	94.98506	-0.31882945	0.7499693	1.0	False	lymph	mid	enformer
2140	-13.706062	81.278786	94.98485	-0.31882948	0.7499693	1.0	False	lymph	mid	enformer
1534	-13.706116	81.27912	94.98524	-0.31882945	0.7499693	1.0	False	lymph	mid	enformer
4072	-13.704727	81.27078	94.97551	-0.31882942	0.7499693	1.0	False	lymph	mid	enformer
4933	-13.706276	81.28009	94.98637	-0.31882945	0.7499693	1.0	False	lymph	mid	enformer
270	-13.704735	81.27081	94.97555	-0.31882945	0.7499693	1.0	False	lymph	mid	enformer
5053	-13.704727	81.270775	94.9755	-0.31882945	0.7499693	1.0	False	lymph	mid	enformer
2196	-13.704712	81.27071	94.975426	-0.31882936	0.74996936	1.0	False	lymph	mid	enformer
5575	-13.70475	81.27094	94.97569	-0.3188293	0.74996936	1.0	False	lymph	mid	enformer
4186	-13.706184	81.27955	94.98573	-0.3188294	0.74996936	1.0	False	lymph	mid	enformer
3470	-13.704597	81.27002	94.97462	-0.31882936	0.74996936	1.0	False	lymph	mid	enformer
5967	-13.704956	81.27217	94.97713	-0.3188294	0.74996936	1.0	False	lymph	mid	enformer
3553	-13.704735	81.27084	94.97558	-0.31882936	0.74996936	1.0	False	lymph	mid	enformer
3520	-13.704727	81.270805	94.97553	-0.31882936	0.74996936	1.0	False	lymph	mid	enformer
2933	-13.706062	81.27885	94.98491	-0.31882924	0.7499694	1.0	False	lymph	mid	enformer
4104	-13.705948	81.27814	94.984085	-0.31882942	0.7499694	1.0	False	lymph	mid	enformer
5281	-13.704842	81.27153	94.97637	-0.31882927	0.7499694	1.0	False	lymph	mid	enformer
4648	-13.704758	81.270996	94.97575	-0.31882927	0.7499694	1.0	False	lymph	mid	enformer
1667	-13.704948	81.27215	94.9771	-0.31882927	0.7499694	1.0	False	lymph	mid	enformer
1085	-13.706108	81.27914	94.985245	-0.3188292	0.7499695	1.0	False	lymph	mid	enformer
3659	-13.704643	81.27034	94.97498	-0.3188292	0.7499695	1.0	False	lymph	mid	enformer
3238	-13.704697	81.27069	94.97539	-0.31882915	0.7499695	1.0	False	lymph	mid	enformer
1240	-13.704643	81.27036	94.975006	-0.31882915	0.7499695	1.0	False	lymph	mid	enformer
566	-13.704605	81.270096	94.9747	-0.31882924	0.7499695	1.0	False	lymph	mid	enformer
3875	-13.703354	81.26292	94.96627	-0.31882918	0.7499695	1.0	False	lymph	mid	enformer
5570	-13.706245	81.27997	94.98621	-0.3188292	0.7499695	1.0	False	lymph	mid	enformer
2955	-13.703445	81.26347	94.96692	-0.31882918	0.7499695	1.0	False	lymph	mid	enformer
1973	-13.703232	81.26218	94.96541	-0.3188292	0.7499695	1.0	False	lymph	mid	enformer
2642	-13.704727	81.27085	94.97558	-0.31882918	0.7499695	1.0	False	lymph	mid	enformer
4067	-13.706093	81.27906	94.98515	-0.31882915	0.7499695	1.0	False	lymph	mid	enformer
712	-13.704651	81.2704	94.97505	-0.31882915	0.7499695	1.0	False	lymph	mid	enformer
2330	-13.704666	81.2705	94.97517	-0.31882912	0.74996954	1.0	False	lymph	mid	enformer
5950	-13.706108	81.2792	94.985306	-0.31882903	0.7499696	1.0	False	lymph	mid	enformer
4644	-13.706085	81.279045	94.98513	-0.31882903	0.7499696	1.0	False	lymph	mid	enformer
4277	-13.70475	81.27103	94.97578	-0.31882906	0.7499696	1.0	False	lymph	mid	enformer
2849	-13.706139	81.27936	94.9855	-0.31882906	0.7499696	1.0	False	lymph	mid	enformer
2708	-13.704742	81.27099	94.97573	-0.318829	0.7499696	1.0	False	lymph	mid	enformer
5643	-13.706001	81.27852	94.98452	-0.3188291	0.7499696	1.0	False	lymph	mid	enformer
3107	-13.704765	81.27114	94.97591	-0.31882897	0.74996966	1.0	False	lymph	mid	enformer
890	-13.706253	81.280075	94.98633	-0.31882897	0.74996966	1.0	False	lymph	mid	enformer
1099	-13.706039	81.27879	94.98483	-0.318829	0.74996966	1.0	False	lymph	mid	enformer
4146	-13.705864	81.27776	94.98363	-0.318829	0.74996966	1.0	False	lymph	mid	enformer
2224	-13.706047	81.27885	94.98489	-0.31882897	0.74996966	1.0	False	lymph	mid	enformer
3836	-13.706131	81.27935	94.98548	-0.31882897	0.74996966	1.0	False	lymph	mid	enformer
465	-13.704956	81.27229	94.97725	-0.31882897	0.74996966	1.0	False	lymph	mid	enformer
5611	-13.704727	81.27093	94.975655	-0.31882894	0.7499697	1.0	False	lymph	mid	enformer
4118	-13.704575	81.270035	94.97461	-0.31882882	0.7499697	1.0	False	lymph	mid	enformer
1173	-13.704834	81.27158	94.97642	-0.31882888	0.7499697	1.0	False	lymph	mid	enformer
3578	-13.706146	81.279465	94.98561	-0.3188289	0.7499697	1.0	False	lymph	mid	enformer
5990	-13.704735	81.27098	94.975716	-0.31882888	0.7499697	1.0	False	lymph	mid	enformer
3210	-13.704613	81.27025	94.97486	-0.31882888	0.7499697	1.0	False	lymph	mid	enformer
3672	-13.704712	81.27087	94.97558	-0.31882882	0.7499697	1.0	False	lymph	mid	enformer
2741	-13.704628	81.27033	94.97496	-0.3188289	0.7499697	1.0	False	lymph	mid	enformer
4188	-13.704781	81.27126	94.97604	-0.31882885	0.7499697	1.0	False	lymph	mid	enformer
1003	-13.706207	81.279816	94.98602	-0.3188289	0.7499697	1.0	False	lymph	mid	enformer
415	-13.704605	81.270195	94.9748	-0.31882888	0.7499697	1.0	False	lymph	mid	enformer
3085	-13.706154	81.27952	94.98567	-0.31882882	0.7499698	1.0	False	lymph	mid	enformer
3921	-13.706085	81.27912	94.98521	-0.31882882	0.7499698	1.0	False	lymph	mid	enformer
2886	-13.704788	81.27133	94.97612	-0.31882882	0.7499698	1.0	False	lymph	mid	enformer
5079	-13.704628	81.27036	94.97499	-0.3188288	0.7499698	1.0	False	lymph	mid	enformer
4501	-13.704956	81.27235	94.9773	-0.31882882	0.7499698	1.0	False	lymph	mid	enformer
2991	-13.703377	81.26317	94.966545	-0.3188288	0.7499698	1.0	False	lymph	mid	enformer
3735	-13.706131	81.279396	94.98553	-0.31882876	0.74996984	1.0	False	lymph	mid	enformer
4975	-13.703423	81.263466	94.96689	-0.3188287	0.74996984	1.0	False	lymph	mid	enformer
2490	-13.705811	81.27751	94.98332	-0.3188287	0.74996984	1.0	False	lymph	mid	enformer
677	-13.704552	81.26993	94.97448	-0.3188287	0.74996984	1.0	False	lymph	mid	enformer
4282	-13.704681	81.27073	94.97541	-0.31882867	0.7499699	1.0	False	lymph	mid	enformer
1420	-13.704826	81.27159	94.97642	-0.31882867	0.7499699	1.0	False	lymph	mid	enformer
1025	-13.704788	81.27141	94.9762	-0.31882852	0.74996996	1.0	False	lymph	mid	enformer
5566	-13.704712	81.27093	94.97564	-0.31882864	0.74996996	1.0	False	lymph	mid	enformer
4582	-13.704697	81.27088	94.97558	-0.3188285	0.74997	1.0	False	lymph	mid	enformer
3586	-13.703354	81.26312	94.96648	-0.31882846	0.7499701	1.0	False	lymph	mid	enformer
5118	-13.704834	81.271706	94.97654	-0.31882843	0.7499701	1.0	False	lymph	mid	enformer
3078	-13.704689	81.27082	94.97551	-0.3188285	0.7499701	1.0	False	lymph	mid	enformer
2063	-13.706345	81.280785	94.98713	-0.31882846	0.7499701	1.0	False	lymph	mid	enformer
4383	-13.70472	81.27106	94.97578	-0.31882834	0.74997014	1.0	False	lymph	mid	enformer
372	-13.704597	81.270294	94.97489	-0.31882837	0.74997014	1.0	False	lymph	mid	enformer
1787	-13.706245	81.280205	94.98645	-0.31882837	0.74997014	1.0	False	lymph	mid	enformer
2313	-13.704575	81.270164	94.97474	-0.31882837	0.74997014	1.0	False	lymph	mid	enformer
5909	-13.704887	81.27206	94.976944	-0.3188284	0.74997014	1.0	False	lymph	mid	enformer
5184	-13.704857	81.27188	94.97674	-0.31882837	0.74997014	1.0	False	lymph	mid	enformer
838	-13.707375	81.28704	94.994415	-0.31882834	0.7499702	1.0	False	lymph	mid	enformer
2266	-13.70623	81.28015	94.98638	-0.31882825	0.7499702	1.0	False	lymph	mid	enformer
1674	-13.703293	81.262794	94.96609	-0.31882834	0.7499702	1.0	False	lymph	mid	enformer
293	-13.704773	81.27138	94.97615	-0.31882834	0.7499702	1.0	False	lymph	mid	enformer
2581	-13.70472	81.27106	94.97578	-0.31882834	0.7499702	1.0	False	lymph	mid	enformer
2475	-13.706085	81.27929	94.985374	-0.31882825	0.7499702	1.0	False	lymph	mid	enformer
4882	-13.7046585	81.270706	94.975365	-0.31882828	0.7499702	1.0	False	lymph	mid	enformer
6091	-13.704758	81.271286	94.97604	-0.31882828	0.7499702	1.0	False	lymph	mid	enformer
4278	-13.703339	81.26311	94.966446	-0.31882823	0.74997026	1.0	False	lymph	mid	enformer
1479	-13.704712	81.27105	94.97576	-0.31882817	0.7499703	1.0	False	lymph	mid	enformer
5700	-13.7059555	81.278534	94.98449	-0.31882814	0.7499703	1.0	False	lymph	mid	enformer
5155	-13.7062	81.280014	94.98621	-0.31882814	0.7499703	1.0	False	lymph	mid	enformer
1987	-13.706131	81.2796	94.98573	-0.31882814	0.7499703	1.0	False	lymph	mid	enformer
4018	-13.704552	81.270096	94.97465	-0.31882814	0.7499703	1.0	False	lymph	mid	enformer
5697	-13.704872	81.27204	94.97691	-0.3188281	0.7499703	1.0	False	lymph	mid	enformer
378	-13.704674	81.27084	94.97552	-0.31882814	0.7499703	1.0	False	lymph	mid	enformer
2793	-13.706184	81.279884	94.98607	-0.3188282	0.7499703	1.0	False	lymph	mid	enformer
5774	-13.703453	81.26383	94.967285	-0.3188281	0.7499703	1.0	False	lymph	mid	enformer
2856	-13.70475	81.271286	94.976036	-0.31882814	0.7499703	1.0	False	lymph	mid	enformer
90	-13.704742	81.27123	94.975975	-0.3188282	0.7499703	1.0	False	lymph	mid	enformer
3871	-13.706192	81.279976	94.98617	-0.3188281	0.7499704	1.0	False	lymph	mid	enformer
370	-13.704613	81.27047	94.97508	-0.31882808	0.7499704	1.0	False	lymph	mid	enformer
767	-13.70462	81.270546	94.97517	-0.31882802	0.74997044	1.0	False	lymph	mid	enformer
5439	-13.704529	81.27	94.974525	-0.31882805	0.74997044	1.0	False	lymph	mid	enformer
1947	-13.704704	81.27108	94.975784	-0.31882793	0.74997044	1.0	False	lymph	mid	enformer
4000	-13.706039	81.27908	94.98512	-0.31882802	0.74997044	1.0	False	lymph	mid	enformer
3268	-13.7046585	81.27079	94.97545	-0.31882796	0.74997044	1.0	False	lymph	mid	enformer
2244	-13.704636	81.27062	94.97526	-0.31882805	0.74997044	1.0	False	lymph	mid	enformer
5248	-13.706116	81.27953	94.98565	-0.31882802	0.74997044	1.0	False	lymph	mid	enformer
2664	-13.706131	81.27965	94.98578	-0.31882793	0.74997044	1.0	False	lymph	mid	enformer
2714	-13.704735	81.27126	94.976	-0.31882793	0.74997044	1.0	False	lymph	mid	enformer
2576	-13.707382	81.287186	94.99457	-0.318828	0.74997044	1.0	False	lymph	mid	enformer
1685	-13.70607	81.27929	94.98536	-0.31882793	0.74997044	1.0	False	lymph	mid	enformer
2850	-13.706154	81.27978	94.98593	-0.318828	0.74997044	1.0	False	lymph	mid	enformer
3147	-13.706245	81.28033	94.98657	-0.31882802	0.74997044	1.0	False	lymph	mid	enformer
1101	-13.706093	81.27939	94.98548	-0.31882805	0.74997044	1.0	False	lymph	mid	enformer
2656	-13.70462	81.2706	94.97522	-0.31882787	0.7499705	1.0	False	lymph	mid	enformer
2702	-13.703415	81.26367	94.96709	-0.31882784	0.7499705	1.0	False	lymph	mid	enformer
5150	-13.704781	81.27156	94.97634	-0.3188279	0.7499705	1.0	False	lymph	mid	enformer
619	-13.7020035	81.25518	94.957184	-0.31882787	0.7499705	1.0	False	lymph	mid	enformer
4069	-13.706116	81.27959	94.9857	-0.31882787	0.7499705	1.0	False	lymph	mid	enformer
4498	-13.70594	81.27853	94.98447	-0.31882784	0.7499705	1.0	False	lymph	mid	enformer
5813	-13.704689	81.27103	94.975716	-0.31882784	0.7499705	1.0	False	lymph	mid	enformer
470	-13.704803	81.27166	94.97646	-0.31882796	0.7499705	1.0	False	lymph	mid	enformer
5689	-13.706291	81.28063	94.98692	-0.3188279	0.7499705	1.0	False	lymph	mid	enformer
4560	-13.703285	81.26289	94.96618	-0.31882784	0.7499705	1.0	False	lymph	mid	enformer
1092	-13.703377	81.26347	94.96685	-0.31882775	0.74997056	1.0	False	lymph	mid	enformer
368	-13.704964	81.272675	94.97764	-0.3188278	0.74997056	1.0	False	lymph	mid	enformer
3097	-13.704788	81.27162	94.97641	-0.3188278	0.74997056	1.0	False	lymph	mid	enformer
1439	-13.704796	81.27167	94.97646	-0.31882778	0.74997056	1.0	False	lymph	mid	enformer
2020	-13.7059555	81.27866	94.98462	-0.31882775	0.7499706	1.0	False	lymph	mid	enformer
1051	-13.704666	81.27093	94.97559	-0.3188277	0.7499706	1.0	False	lymph	mid	enformer
1805	-13.706207	81.28018	94.98639	-0.31882766	0.7499706	1.0	False	lymph	mid	enformer
2715	-13.706207	81.280174	94.98638	-0.3188277	0.7499706	1.0	False	lymph	mid	enformer
3345	-13.704742	81.27139	94.976135	-0.3188277	0.7499706	1.0	False	lymph	mid	enformer
1880	-13.704575	81.27035	94.97492	-0.31882775	0.7499706	1.0	False	lymph	mid	enformer
1591	-13.704422	81.26944	94.97386	-0.31882772	0.7499706	1.0	False	lymph	mid	enformer
4425	-13.704697	81.27111	94.97581	-0.31882766	0.7499707	1.0	False	lymph	mid	enformer
5012	-13.704704	81.27116	94.97586	-0.31882766	0.7499707	1.0	False	lymph	mid	enformer
811	-13.704979	81.27282	94.9778	-0.31882766	0.7499707	1.0	False	lymph	mid	enformer
5151	-13.704643	81.2708	94.97544	-0.31882763	0.7499707	1.0	False	lymph	mid	enformer
730	-13.704704	81.27118	94.97588	-0.3188276	0.74997073	1.0	False	lymph	mid	enformer
4494	-13.704742	81.27141	94.97615	-0.3188276	0.74997073	1.0	False	lymph	mid	enformer
2711	-13.7061615	81.27995	94.986115	-0.31882754	0.74997073	1.0	False	lymph	mid	enformer
2054	-13.704758	81.271515	94.97627	-0.31882754	0.74997073	1.0	False	lymph	mid	enformer
1814	-13.704781	81.27164	94.97642	-0.31882757	0.74997073	1.0	False	lymph	mid	enformer
158	-13.703407	81.263725	94.96713	-0.31882754	0.74997073	1.0	False	lymph	mid	enformer
116	-13.704857	81.27212	94.976974	-0.3188275	0.7499708	1.0	False	lymph	mid	enformer
1953	-13.7061615	81.279976	94.98614	-0.3188275	0.7499708	1.0	False	lymph	mid	enformer
385	-13.706169	81.280014	94.98618	-0.31882745	0.7499708	1.0	False	lymph	mid	enformer
3054	-13.703194	81.26248	94.965675	-0.3188274	0.74997085	1.0	False	lymph	mid	enformer
267	-13.704666	81.271	94.97567	-0.3188274	0.74997085	1.0	False	lymph	mid	enformer
5387	-13.704613	81.270676	94.97529	-0.31882742	0.74997085	1.0	False	lymph	mid	enformer
2561	-13.7046585	81.270966	94.975624	-0.3188274	0.74997085	1.0	False	lymph	mid	enformer
889	-13.706177	81.28007	94.986244	-0.31882745	0.74997085	1.0	False	lymph	mid	enformer
3133	-13.70459	81.27055	94.97514	-0.31882736	0.7499709	1.0	False	lymph	mid	enformer
3669	-13.7061	81.27963	94.98573	-0.31882736	0.7499709	1.0	False	lymph	mid	enformer
5349	-13.7061	81.27964	94.98574	-0.31882733	0.749971	1.0	False	lymph	mid	enformer
4533	-13.704552	81.27036	94.974915	-0.31882727	0.749971	1.0	False	lymph	mid	enformer
5618	-13.706085	81.279594	94.98568	-0.3188272	0.749971	1.0	False	lymph	mid	enformer
5576	-13.704544	81.270325	94.97487	-0.3188272	0.749971	1.0	False	lymph	mid	enformer
4169	-13.704697	81.27124	94.97594	-0.3188272	0.749971	1.0	False	lymph	mid	enformer
5006	-13.704681	81.27113	94.975815	-0.31882727	0.749971	1.0	False	lymph	mid	enformer
3171	-13.70607	81.27951	94.98558	-0.31882718	0.749971	1.0	False	lymph	mid	enformer
4741	-13.706268	81.2807	94.98697	-0.31882718	0.749971	1.0	False	lymph	mid	enformer
1451	-13.704834	81.272095	94.97693	-0.31882718	0.749971	1.0	False	lymph	mid	enformer
4028	-13.70472	81.27135	94.97607	-0.31882733	0.749971	1.0	False	lymph	mid	enformer
3304	-13.70459	81.270584	94.975174	-0.31882724	0.749971	1.0	False	lymph	mid	enformer
2232	-13.704788	81.2718	94.976585	-0.31882718	0.74997103	1.0	False	lymph	mid	enformer
2954	-13.704681	81.271194	94.975876	-0.31882712	0.7499711	1.0	False	lymph	mid	enformer
1714	-13.703224	81.26274	94.965965	-0.3188271	0.7499711	1.0	False	lymph	mid	enformer
134	-13.706123	81.27983	94.985954	-0.31882715	0.7499711	1.0	False	lymph	mid	enformer
2190	-13.706039	81.27933	94.98537	-0.31882715	0.7499711	1.0	False	lymph	mid	enformer
1755	-13.70472	81.271416	94.976135	-0.31882712	0.7499711	1.0	False	lymph	mid	enformer
69	-13.705925	81.27864	94.984566	-0.31882712	0.7499711	1.0	False	lymph	mid	enformer
2811	-13.704803	81.271935	94.97674	-0.31882706	0.74997115	1.0	False	lymph	mid	enformer
3163	-13.704727	81.271484	94.97621	-0.31882703	0.74997115	1.0	False	lymph	mid	enformer
913	-13.704849	81.27222	94.977066	-0.31882703	0.74997115	1.0	False	lymph	mid	enformer
2783	-13.704842	81.27221	94.97705	-0.3188269	0.7499712	1.0	False	lymph	mid	enformer
970	-13.704651	81.271034	94.975685	-0.318827	0.7499712	1.0	False	lymph	mid	enformer
5246	-13.706062	81.27952	94.98558	-0.31882697	0.7499712	1.0	False	lymph	mid	enformer
5429	-13.706001	81.27915	94.98515	-0.31882697	0.7499712	1.0	False	lymph	mid	enformer
1572	-13.7046585	81.27113	94.97579	-0.3188268	0.74997133	1.0	False	lymph	mid	enformer
3281	-13.704826	81.27214	94.97697	-0.31882682	0.74997133	1.0	False	lymph	mid	enformer
3661	-13.706108	81.27982	94.98593	-0.31882682	0.74997133	1.0	False	lymph	mid	enformer
5962	-13.706093	81.27975	94.98584	-0.31882682	0.74997133	1.0	False	lymph	mid	enformer
4800	-13.706131	81.279976	94.98611	-0.31882682	0.74997133	1.0	False	lymph	mid	enformer
1159	-13.704529	81.27036	94.97489	-0.3188268	0.74997133	1.0	False	lymph	mid	enformer
2135	-13.706017	81.27932	94.98534	-0.31882674	0.7499714	1.0	False	lymph	mid	enformer
2920	-13.706177	81.28028	94.98646	-0.31882674	0.7499714	1.0	False	lymph	mid	enformer
778	-13.704605	81.270836	94.97544	-0.31882676	0.7499714	1.0	False	lymph	mid	enformer
5285	-13.706108	81.27985	94.985954	-0.31882676	0.7499714	1.0	False	lymph	mid	enformer
861	-13.704697	81.27139	94.97609	-0.3188267	0.74997145	1.0	False	lymph	mid	enformer
4630	-13.706039	81.27947	94.98551	-0.31882665	0.74997145	1.0	False	lymph	mid	enformer
2699	-13.704651	81.27111	94.97576	-0.31882668	0.74997145	1.0	False	lymph	mid	enformer
310	-13.705978	81.27911	94.98509	-0.31882662	0.74997145	1.0	False	lymph	mid	enformer
2729	-13.704826	81.27221	94.977036	-0.31882662	0.74997145	1.0	False	lymph	mid	enformer
5452	-13.706093	81.2798	94.98589	-0.31882662	0.74997145	1.0	False	lymph	mid	enformer
5663	-13.704567	81.27061	94.975174	-0.3188267	0.74997145	1.0	False	lymph	mid	enformer
3397	-13.704605	81.270874	94.97548	-0.3188266	0.7499715	1.0	False	lymph	mid	enformer
1393	-13.704773	81.27189	94.97666	-0.3188266	0.7499715	1.0	False	lymph	mid	enformer
4646	-13.706085	81.2798	94.985886	-0.31882647	0.74997157	1.0	False	lymph	mid	enformer
5189	-13.706139	81.28012	94.98626	-0.3188265	0.74997157	1.0	False	lymph	mid	enformer
2098	-13.704567	81.27067	94.975235	-0.31882653	0.74997157	1.0	False	lymph	mid	enformer
3593	-13.704582	81.270744	94.97533	-0.31882653	0.74997157	1.0	False	lymph	mid	enformer
2545	-13.706108	81.27991	94.986015	-0.3188266	0.74997157	1.0	False	lymph	mid	enformer
2242	-13.704636	81.27108	94.975716	-0.3188265	0.74997157	1.0	False	lymph	mid	enformer
5656	-13.705994	81.27922	94.985214	-0.3188266	0.74997157	1.0	False	lymph	mid	enformer
4709	-13.706032	81.279526	94.98556	-0.31882632	0.7499716	1.0	False	lymph	mid	enformer
4011	-13.704666	81.27134	94.976006	-0.31882632	0.7499716	1.0	False	lymph	mid	enformer
1333	-13.705994	81.27931	94.985306	-0.3188263	0.7499716	1.0	False	lymph	mid	enformer
734	-13.704636	81.27116	94.97579	-0.31882623	0.74997175	1.0	False	lymph	mid	enformer
2760	-13.706085	81.27989	94.98598	-0.31882617	0.74997175	1.0	False	lymph	mid	enformer
5459	-13.704506	81.27038	94.974884	-0.31882626	0.74997175	1.0	False	lymph	mid	enformer
1312	-13.704842	81.27247	94.97731	-0.31882602	0.74997187	1.0	False	lymph	mid	enformer
4106	-13.704613	81.27108	94.97569	-0.318826	0.7499719	1.0	False	lymph	mid	enformer
4795	-13.706024	81.27963	94.98566	-0.31882584	0.749972	1.0	False	lymph	mid	enformer
4687	-13.704811	81.27237	94.97718	-0.31882578	0.7499721	1.0	False	lymph	mid	enformer
5242	-13.70443	81.27009	94.97452	-0.3188257	0.7499721	1.0	False	lymph	mid	enformer
1238	-13.704643	81.27142	94.97607	-0.3188255	0.7499722	1.0	False	lymph	mid	enformer
3008	-13.705994	81.27956	94.98555	-0.31882548	0.7499723	1.0	False	lymph	mid	enformer
4674	-13.704643	81.27143	94.976074	-0.31882545	0.7499723	1.0	False	lymph	mid	enformer
2515	-13.704483	81.2705	94.97498	-0.31882536	0.7499724	1.0	False	lymph	mid	enformer
5871	-13.704468	81.2704	94.97487	-0.31882536	0.74997246	1.0	False	lymph	mid	enformer
2478	-13.704567	81.27103	94.97559	-0.3188253	0.74997246	1.0	False	lymph	mid	enformer
4888	-13.704437	81.27024	94.97468	-0.3188253	0.74997246	1.0	False	lymph	mid	enformer
5201	-13.704735	81.27204	94.976776	-0.31882527	0.74997246	1.0	False	lymph	mid	enformer
3002	-13.704666	81.27165	94.97632	-0.3188252	0.7499725	1.0	False	lymph	mid	enformer
3042	-13.7046585	81.27168	94.97634	-0.31882495	0.74997264	1.0	False	lymph	mid	enformer
3067	-13.704521	81.270966	94.97549	-0.31882456	0.749973	1.0	False	lymph	mid	enformer
5098	-13.704506	81.27098	94.97549	-0.3188242	0.74997324	1.0	False	lymph	mid	enformer
3400	-13.704681	81.27203	94.976715	-0.31882417	0.74997324	1.0	False	lymph	mid	enformer
2394	-13.704552	81.27127	94.97582	-0.3188241	0.74997336	1.0	False	lymph	mid	enformer
54	-13.704498	81.27098	94.97548	-0.31882405	0.74997336	1.0	False	lymph	mid	enformer
1830	-13.7046585	81.272064	94.97672	-0.3188236	0.7499737	1.0	False	lymph	mid	enformer
3710	-13.705925	81.27975	94.98567	-0.3188234	0.74997383	1.0	False	lymph	mid	enformer
2904	-13.699593	81.25062	94.95021	-0.31879544	0.74999505	1.0	False	lymph	mid	enformer
2336	-13.700882	81.25831	94.95919	-0.31879497	0.7499954	1.0	False	lymph	mid	enformer
5851	-13.699593	81.25076	94.950356	-0.318795	0.7499954	1.0	False	lymph	mid	enformer
3370	-13.702286	81.266785	94.96907	-0.31879485	0.74999547	1.0	False	lymph	mid	enformer
5925	-13.70121	81.26035	94.96156	-0.31879473	0.7499956	1.0	False	lymph	mid	enformer
4978	-13.700829	81.25818	94.95901	-0.31879434	0.7499959	1.0	False	lymph	mid	enformer
5549	-13.699509	81.25054	94.95005	-0.31879395	0.7499961	1.0	False	lymph	mid	enformer
5310	-13.699554	81.25082	94.95037	-0.31879392	0.7499962	1.0	False	lymph	mid	enformer
4492	-13.702293	81.26711	94.969406	-0.3187939	0.7499962	1.0	False	lymph	mid	enformer
1551	-13.700981	81.25934	94.96032	-0.3187935	0.7499964	1.0	False	lymph	mid	enformer
1367	-13.700935	81.25905	94.959984	-0.31879357	0.7499964	1.0	False	lymph	mid	enformer
1067	-13.69976	81.25232	94.95208	-0.31879312	0.7499968	1.0	False	lymph	mid	enformer
852	-13.700844	81.25864	94.95948	-0.31879306	0.7499968	1.0	False	lymph	mid	enformer
4006	-13.700737	81.258	94.95874	-0.31879303	0.74999684	1.0	False	lymph	mid	enformer
4793	-13.700836	81.258606	94.95944	-0.31879303	0.74999684	1.0	False	lymph	mid	enformer
558	-13.701012	81.25967	94.96068	-0.318793	0.7499969	1.0	False	lymph	mid	enformer
103	-13.699577	81.251274	94.95085	-0.31879288	0.749997	1.0	False	lymph	mid	enformer
4380	-13.700859	81.258804	94.95966	-0.3187928	0.7499971	1.0	False	lymph	mid	enformer
1515	-13.700935	81.25926	94.9602	-0.3187928	0.7499971	1.0	False	lymph	mid	enformer
3076	-13.699654	81.25179	94.95145	-0.31879273	0.74999714	1.0	False	lymph	mid	enformer
5144	-13.700844	81.25878	94.959625	-0.3187926	0.7499972	1.0	False	lymph	mid	enformer
2015	-13.701035	81.25993	94.96097	-0.31879258	0.74999726	1.0	False	lymph	mid	enformer
3413	-13.69957	81.25132	94.95089	-0.31879258	0.74999726	1.0	False	lymph	mid	enformer
2380	-13.698196	81.243065	94.94126	-0.31879258	0.74999726	1.0	False	lymph	mid	enformer
3981	-13.702156	81.266716	94.96887	-0.31879237	0.7499973	1.0	False	lymph	mid	enformer
4418	-13.700867	81.25896	94.95982	-0.31879246	0.7499973	1.0	False	lymph	mid	enformer
1	-13.699402	81.2504	94.9498	-0.31879228	0.7499974	1.0	False	lymph	mid	enformer
5860	-13.702148	81.26669	94.96884	-0.3187923	0.7499974	1.0	False	lymph	mid	enformer
395	-13.699532	81.251175	94.95071	-0.3187923	0.7499974	1.0	False	lymph	mid	enformer
70	-13.702179	81.26691	94.969086	-0.31879222	0.74999744	1.0	False	lymph	mid	enformer
1756	-13.700722	81.25815	94.95887	-0.3187922	0.74999744	1.0	False	lymph	mid	enformer
3938	-13.6994705	81.25086	94.95033	-0.31879207	0.74999756	1.0	False	lymph	mid	enformer
3629	-13.700798	81.258644	94.95944	-0.3187921	0.74999756	1.0	False	lymph	mid	enformer
3399	-13.700836	81.25886	94.959694	-0.31879213	0.74999756	1.0	False	lymph	mid	enformer
4941	-13.700874	81.25913	94.96001	-0.31879202	0.7499976	1.0	False	lymph	mid	enformer
4908	-13.70208	81.26635	94.96843	-0.31879207	0.7499976	1.0	False	lymph	mid	enformer
3673	-13.702164	81.26686	94.969025	-0.31879207	0.7499976	1.0	False	lymph	mid	enformer
4295	-13.700775	81.25855	94.95933	-0.31879196	0.7499977	1.0	False	lymph	mid	enformer
1590	-13.702164	81.26694	94.9691	-0.3187918	0.7499978	1.0	False	lymph	mid	enformer
4185	-13.699745	81.25264	94.952385	-0.31879166	0.7499979	1.0	False	lymph	mid	enformer
1882	-13.699387	81.25049	94.949875	-0.31879163	0.7499979	1.0	False	lymph	mid	enformer
4775	-13.699493	81.251144	94.95064	-0.3187916	0.7499979	1.0	False	lymph	mid	enformer
3525	-13.700859	81.25917	94.96003	-0.31879157	0.749998	1.0	False	lymph	mid	enformer
2412	-13.700943	81.25969	94.96063	-0.3187915	0.74999803	1.0	False	lymph	mid	enformer
5303	-13.702194	81.2672	94.96939	-0.31879154	0.74999803	1.0	False	lymph	mid	enformer
3722	-13.699432	81.25082	94.95025	-0.31879148	0.74999803	1.0	False	lymph	mid	enformer
5103	-13.699684	81.252335	94.95202	-0.31879148	0.74999803	1.0	False	lymph	mid	enformer
218	-13.700714	81.25831	94.95902	-0.31879154	0.74999803	1.0	False	lymph	mid	enformer
4280	-13.6994095	81.25072	94.95013	-0.31879136	0.7499981	1.0	False	lymph	mid	enformer
19	-13.700638	81.25786	94.958496	-0.31879145	0.7499981	1.0	False	lymph	mid	enformer
1311	-13.700615	81.257774	94.95839	-0.3187913	0.74999815	1.0	False	lymph	mid	enformer
1125	-13.700783	81.25878	94.959564	-0.31879133	0.74999815	1.0	False	lymph	mid	enformer
804	-13.699379	81.250595	94.949974	-0.31879112	0.7499983	1.0	False	lymph	mid	enformer
581	-13.699326	81.25027	94.94959	-0.31879118	0.7499983	1.0	False	lymph	mid	enformer
3706	-13.700653	81.25802	94.95867	-0.3187912	0.7499983	1.0	False	lymph	mid	enformer
361	-13.70079	81.25885	94.95964	-0.3187912	0.7499983	1.0	False	lymph	mid	enformer
850	-13.700684	81.25824	94.95892	-0.31879112	0.74999833	1.0	False	lymph	mid	enformer
5447	-13.702103	81.26677	94.96887	-0.3187911	0.7499984	1.0	False	lymph	mid	enformer
5301	-13.69986	81.25329	94.95315	-0.31879106	0.7499984	1.0	False	lymph	mid	enformer
6005	-13.700661	81.25812	94.95878	-0.31879106	0.7499984	1.0	False	lymph	mid	enformer
1466	-13.700935	81.25982	94.960754	-0.3187909	0.74999845	1.0	False	lymph	mid	enformer
3568	-13.699196	81.249535	94.94873	-0.31879094	0.74999845	1.0	False	lymph	mid	enformer
3589	-13.6994705	81.25123	94.9507	-0.31879082	0.74999845	1.0	False	lymph	mid	enformer
5235	-13.699432	81.25097	94.9504	-0.31879094	0.74999845	1.0	False	lymph	mid	enformer
4145	-13.700905	81.25965	94.960556	-0.31879088	0.74999845	1.0	False	lymph	mid	enformer
5853	-13.700623	81.257935	94.95856	-0.31879088	0.74999845	1.0	False	lymph	mid	enformer
2252	-13.700829	81.259186	94.960014	-0.31879085	0.7499985	1.0	False	lymph	mid	enformer
3996	-13.699486	81.25137	94.95086	-0.31879067	0.74999857	1.0	False	lymph	mid	enformer
2489	-13.699364	81.25063	94.95	-0.31879067	0.74999857	1.0	False	lymph	mid	enformer
3823	-13.700653	81.258156	94.95881	-0.3187908	0.74999857	1.0	False	lymph	mid	enformer
2704	-13.699509	81.25149	94.951	-0.31879073	0.74999857	1.0	False	lymph	mid	enformer
48	-13.69931	81.25032	94.94963	-0.31879064	0.7499986	1.0	False	lymph	mid	enformer
1115	-13.702164	81.267265	94.96943	-0.3187907	0.7499986	1.0	False	lymph	mid	enformer
3298	-13.6994705	81.25129	94.95076	-0.31879064	0.7499986	1.0	False	lymph	mid	enformer
565	-13.699432	81.25106	94.95049	-0.31879064	0.7499986	1.0	False	lymph	mid	enformer
3708	-13.700829	81.25925	94.960075	-0.31879064	0.7499987	1.0	False	lymph	mid	enformer
4308	-13.69944	81.251114	94.950554	-0.3187906	0.7499987	1.0	False	lymph	mid	enformer
473	-13.699478	81.25134	94.95082	-0.31879058	0.7499987	1.0	False	lymph	mid	enformer
549	-13.700844	81.259346	94.96019	-0.31879064	0.7499987	1.0	False	lymph	mid	enformer
5417	-13.698425	81.245	94.94343	-0.31879058	0.7499987	1.0	False	lymph	mid	enformer
3430	-13.701073	81.26074	94.961815	-0.31879058	0.7499987	1.0	False	lymph	mid	enformer
6054	-13.702187	81.26744	94.96963	-0.31879056	0.74999875	1.0	False	lymph	mid	enformer
4751	-13.699478	81.25137	94.95085	-0.31879053	0.74999875	1.0	False	lymph	mid	enformer
2774	-13.69944	81.251144	94.950584	-0.3187905	0.74999875	1.0	False	lymph	mid	enformer
5504	-13.702095	81.2669	94.968994	-0.31879053	0.74999875	1.0	False	lymph	mid	enformer
4516	-13.700714	81.258606	94.95932	-0.31879053	0.74999875	1.0	False	lymph	mid	enformer
5261	-13.698372	81.244736	94.94311	-0.31879038	0.7499988	1.0	False	lymph	mid	enformer
1175	-13.699425	81.25109	94.950516	-0.3187904	0.7499988	1.0	False	lymph	mid	enformer
1255	-13.700882	81.25964	94.960526	-0.3187904	0.74999887	1.0	False	lymph	mid	enformer
5156	-13.70079	81.2591	94.95989	-0.31879038	0.74999887	1.0	False	lymph	mid	enformer
3444	-13.699532	81.25177	94.9513	-0.31879026	0.7499989	1.0	False	lymph	mid	enformer
4451	-13.699516	81.25166	94.95118	-0.3187903	0.7499989	1.0	False	lymph	mid	enformer
2169	-13.700638	81.2582	94.95884	-0.31879032	0.7499989	1.0	False	lymph	mid	enformer
6032	-13.698364	81.24472	94.943085	-0.31879026	0.7499989	1.0	False	lymph	mid	enformer
2828	-13.699783	81.25304	94.95282	-0.31879032	0.7499989	1.0	False	lymph	mid	enformer
1481	-13.701019	81.260506	94.961525	-0.31879026	0.7499989	1.0	False	lymph	mid	enformer
3266	-13.700951	81.260086	94.96104	-0.3187903	0.7499989	1.0	False	lymph	mid	enformer
1925	-13.69944	81.251236	94.950676	-0.3187902	0.749999	1.0	False	lymph	mid	enformer
4527	-13.700951	81.26011	94.96106	-0.31879023	0.749999	1.0	False	lymph	mid	enformer
5199	-13.6994095	81.251045	94.950455	-0.31879023	0.749999	1.0	False	lymph	mid	enformer
5539	-13.69944	81.25124	94.95068	-0.3187902	0.749999	1.0	False	lymph	mid	enformer
6042	-13.699371	81.25083	94.9502	-0.31879014	0.74999905	1.0	False	lymph	mid	enformer
5378	-13.69944	81.25124	94.95068	-0.31879017	0.74999905	1.0	False	lymph	mid	enformer
5530	-13.698341	81.24462	94.94296	-0.3187901	0.74999905	1.0	False	lymph	mid	enformer
215	-13.699455	81.25134	94.9508	-0.31879014	0.74999905	1.0	False	lymph	mid	enformer
898	-13.700607	81.25806	94.958664	-0.31879017	0.74999905	1.0	False	lymph	mid	enformer
4639	-13.702118	81.26716	94.96928	-0.3187901	0.7499991	1.0	False	lymph	mid	enformer
3459	-13.700676	81.25849	94.95917	-0.31879008	0.74999917	1.0	False	lymph	mid	enformer
5678	-13.700516	81.25754	94.95805	-0.31879008	0.74999917	1.0	False	lymph	mid	enformer
433	-13.699501	81.25166	94.951164	-0.31879	0.74999917	1.0	False	lymph	mid	enformer
3886	-13.6994705	81.25149	94.95096	-0.31878996	0.74999917	1.0	False	lymph	mid	enformer
3429	-13.699394	81.251	94.95039	-0.31879002	0.74999917	1.0	False	lymph	mid	enformer
2146	-13.700653	81.25836	94.959015	-0.31879005	0.74999917	1.0	False	lymph	mid	enformer
976	-13.700645	81.25833	94.95898	-0.31879002	0.74999917	1.0	False	lymph	mid	enformer
2775	-13.700523	81.257614	94.95814	-0.31878993	0.7499992	1.0	False	lymph	mid	enformer
2707	-13.699287	81.250404	94.94969	-0.3187899	0.7499992	1.0	False	lymph	mid	enformer
1313	-13.699608	81.25234	94.95195	-0.31878987	0.7499993	1.0	False	lymph	mid	enformer
3492	-13.700737	81.258934	94.95967	-0.31878984	0.7499993	1.0	False	lymph	mid	enformer
3802	-13.699486	81.251625	94.95111	-0.3187898	0.7499993	1.0	False	lymph	mid	enformer
4600	-13.699509	81.251755	94.95126	-0.31878984	0.7499993	1.0	False	lymph	mid	enformer
2413	-13.700821	81.25946	94.96028	-0.31878978	0.74999934	1.0	False	lymph	mid	enformer
2183	-13.700722	81.25889	94.95961	-0.31878972	0.7499994	1.0	False	lymph	mid	enformer
4545	-13.699341	81.25078	94.95012	-0.31878972	0.7499994	1.0	False	lymph	mid	enformer
3763	-13.700607	81.25819	94.95879	-0.31878975	0.7499994	1.0	False	lymph	mid	enformer
1585	-13.700584	81.25808	94.958664	-0.31878963	0.74999946	1.0	False	lymph	mid	enformer
2173	-13.700829	81.25958	94.96041	-0.3187895	0.74999946	1.0	False	lymph	mid	enformer
4981	-13.702164	81.26757	94.969734	-0.31878963	0.74999946	1.0	False	lymph	mid	enformer
4633	-13.700615	81.258255	94.95887	-0.31878963	0.74999946	1.0	False	lymph	mid	enformer
4306	-13.7007675	81.2592	94.95997	-0.31878957	0.7499995	1.0	False	lymph	mid	enformer
5809	-13.700729	81.25896	94.95969	-0.3187896	0.7499995	1.0	False	lymph	mid	enformer
1110	-13.700752	81.25914	94.95989	-0.31878948	0.7499995	1.0	False	lymph	mid	enformer
4576	-13.700653	81.25858	94.959236	-0.31878936	0.7499996	1.0	False	lymph	mid	enformer
1772	-13.7007065	81.25886	94.959564	-0.31878945	0.7499996	1.0	False	lymph	mid	enformer
1881	-13.699509	81.25188	94.951385	-0.31878942	0.7499996	1.0	False	lymph	mid	enformer
4715	-13.701965	81.26642	94.96838	-0.31878948	0.7499996	1.0	False	lymph	mid	enformer
1779	-13.700638	81.25848	94.959114	-0.31878933	0.74999964	1.0	False	lymph	mid	enformer
674	-13.700661	81.258644	94.959305	-0.31878924	0.7499997	1.0	False	lymph	mid	enformer
5202	-13.700874	81.25994	94.960815	-0.31878924	0.7499997	1.0	False	lymph	mid	enformer
1622	-13.700623	81.2584	94.95902	-0.3187893	0.7499997	1.0	False	lymph	mid	enformer
1709	-13.700584	81.25818	94.95876	-0.31878927	0.7499997	1.0	False	lymph	mid	enformer
3887	-13.700577	81.25816	94.95874	-0.31878918	0.74999976	1.0	False	lymph	mid	enformer
669	-13.700478	81.25757	94.958046	-0.31878918	0.7499998	1.0	False	lymph	mid	enformer
5404	-13.700562	81.25808	94.95864	-0.31878912	0.7499998	1.0	False	lymph	mid	enformer
5710	-13.700745	81.25919	94.95994	-0.31878912	0.7499998	1.0	False	lymph	mid	enformer
586	-13.699387	81.251236	94.95062	-0.3187891	0.7499998	1.0	False	lymph	mid	enformer
2457	-13.700668	81.25872	94.95939	-0.31878918	0.7499998	1.0	False	lymph	mid	enformer
4534	-13.700676	81.25877	94.95945	-0.31878912	0.7499998	1.0	False	lymph	mid	enformer
3441	-13.702011	81.26685	94.968864	-0.31878895	0.74999994	1.0	False	lymph	mid	enformer
638	-13.699417	81.25145	94.95087	-0.31878898	0.74999994	1.0	False	lymph	mid	enformer
1708	-13.700714	81.259056	94.95977	-0.31878898	0.74999994	1.0	False	lymph	mid	enformer
1741	-13.700699	81.25894	94.95964	-0.318789	0.74999994	1.0	False	lymph	mid	enformer
80	-13.699341	81.25099	94.95033	-0.318789	0.74999994	1.0	False	lymph	mid	enformer
5050	-13.700684	81.25888	94.959564	-0.31878892	0.74999994	1.0	False	lymph	mid	enformer
2091	-13.700684	81.258896	94.95958	-0.3187889	0.75	1.0	False	lymph	mid	enformer
444	-13.699265	81.2506	94.94987	-0.31878877	0.75000006	1.0	False	lymph	mid	enformer
5426	-13.699379	81.251274	94.95065	-0.31878877	0.75000006	1.0	False	lymph	mid	enformer
5918	-13.699356	81.251114	94.95047	-0.3187889	0.75000006	1.0	False	lymph	mid	enformer
3128	-13.699226	81.25039	94.949615	-0.3187887	0.75000006	1.0	False	lymph	mid	enformer
4540	-13.700668	81.25884	94.95951	-0.31878874	0.7500001	1.0	False	lymph	mid	enformer
3034	-13.700737	81.25926	94.96	-0.3187887	0.7500002	1.0	False	lymph	mid	enformer
6055	-13.699356	81.251175	94.95053	-0.31878865	0.7500002	1.0	False	lymph	mid	enformer
5956	-13.699379	81.2513	94.950676	-0.3187887	0.7500002	1.0	False	lymph	mid	enformer
1683	-13.700607	81.25849	94.9591	-0.3187887	0.7500002	1.0	False	lymph	mid	enformer
4851	-13.701042	81.26113	94.96217	-0.31878862	0.75000024	1.0	False	lymph	mid	enformer
5655	-13.7006	81.258484	94.95908	-0.31878853	0.7500003	1.0	False	lymph	mid	enformer
2654	-13.69931	81.25095	94.950264	-0.3187885	0.7500003	1.0	False	lymph	mid	enformer
2115	-13.699249	81.250595	94.949844	-0.31878847	0.7500003	1.0	False	lymph	mid	enformer
1871	-13.69944	81.251724	94.951164	-0.31878853	0.7500003	1.0	False	lymph	mid	enformer
236	-13.700722	81.25926	94.959984	-0.3187884	0.7500004	1.0	False	lymph	mid	enformer
2884	-13.700676	81.25899	94.95966	-0.3187884	0.7500004	1.0	False	lymph	mid	enformer
4100	-13.699226	81.25054	94.94977	-0.3187882	0.75000054	1.0	False	lymph	mid	enformer
4203	-13.70195	81.266685	94.968636	-0.31878823	0.75000054	1.0	False	lymph	mid	enformer
462	-13.70089	81.26032	94.96121	-0.31878826	0.75000054	1.0	False	lymph	mid	enformer
5934	-13.69931	81.25102	94.95033	-0.31878826	0.75000054	1.0	False	lymph	mid	enformer
4266	-13.700676	81.25905	94.959724	-0.31878823	0.75000054	1.0	False	lymph	mid	enformer
4076	-13.700653	81.25894	94.959595	-0.31878814	0.7500006	1.0	False	lymph	mid	enformer
4238	-13.699364	81.251396	94.95076	-0.31878805	0.7500006	1.0	False	lymph	mid	enformer
4720	-13.70208	81.26752	94.9696	-0.3187881	0.75000066	1.0	False	lymph	mid	enformer
1980	-13.700722	81.25937	94.96009	-0.31878808	0.75000066	1.0	False	lymph	mid	enformer
2432	-13.700737	81.259514	94.96025	-0.31878787	0.7500007	1.0	False	lymph	mid	enformer
4394	-13.700623	81.258804	94.95943	-0.31878793	0.7500007	1.0	False	lymph	mid	enformer
2864	-13.700729	81.259476	94.960205	-0.3187878	0.7500008	1.0	False	lymph	mid	enformer
4090	-13.700615	81.25878	94.9594	-0.3187878	0.7500008	1.0	False	lymph	mid	enformer
1278	-13.700661	81.25913	94.95979	-0.3187876	0.75000095	1.0	False	lymph	mid	enformer
1878	-13.700684	81.2593	94.959984	-0.3187875	0.7500011	1.0	False	lymph	mid	enformer
3905	-13.700699	81.25941	94.960106	-0.31878746	0.7500011	1.0	False	lymph	mid	enformer
4724	-13.700684	81.25936	94.960045	-0.31878728	0.7500012	1.0	False	lymph	mid	enformer
5191	-13.700531	81.25848	94.95901	-0.3187872	0.7500013	1.0	False	lymph	mid	enformer
5694	-13.7007065	81.259544	94.96025	-0.31878716	0.7500013	1.0	False	lymph	mid	enformer
1813	-13.700638	81.25915	94.959785	-0.31878707	0.7500014	1.0	False	lymph	mid	enformer
332	-13.700455	81.258064	94.95852	-0.31878698	0.75000143	1.0	False	lymph	mid	enformer
3407	-13.700798	81.26014	94.96094	-0.31878698	0.75000143	1.0	False	lymph	mid	enformer
5120	-13.700539	81.258575	94.959114	-0.31878695	0.75000143	1.0	False	lymph	mid	enformer
2403	-13.699127	81.250305	94.94943	-0.31878695	0.7500015	1.0	False	lymph	mid	enformer
5838	-13.699295	81.25138	94.950676	-0.3187867	0.75000167	1.0	False	lymph	mid	enformer
3455	-13.699295	81.25145	94.950745	-0.31878647	0.7500018	1.0	False	lymph	mid	enformer
3694	-13.699165	81.25067	94.94984	-0.31878647	0.75000185	1.0	False	lymph	mid	enformer
6082	-13.7005005	81.25932	94.95982	-0.31878364	0.750004	1.0	False	lymph	mid	enformer
363	-13.689102	81.27485	94.96395	-0.31849468	0.750223	1.0	False	lymph	mid	enformer
2203	-13.689056	81.27604	94.965096	-0.31848973	0.7502268	1.0	False	lymph	mid	enformer
1742	-13.68885	81.27532	94.96417	-0.31848794	0.7502281	1.0	False	lymph	mid	enformer
2050	-13.688744	81.275314	94.96406	-0.31848574	0.7502299	1.0	False	lymph	mid	enformer
3687	-13.683174	81.28814	94.97131	-0.31832722	0.75035	1.0	False	lymph	mid	enformer
2357	-13.683273	81.2888	94.97208	-0.31832698	0.7503502	1.0	False	lymph	mid	enformer
2930	-13.681892	81.280655	94.96255	-0.31832644	0.7503505	1.0	False	lymph	mid	enformer
31	-13.683083	81.288	94.971085	-0.31832582	0.7503511	1.0	False	lymph	mid	enformer
3491	-13.683075	81.28807	94.971146	-0.3183254	0.7503513	1.0	False	lymph	mid	enformer
3998	-13.682938	81.28721	94.970146	-0.3183255	0.7503513	1.0	False	lymph	mid	enformer
4239	-13.683052	81.287994	94.97105	-0.3183252	0.7503515	1.0	False	lymph	mid	enformer
2972	-13.6819	81.281166	94.963066	-0.31832486	0.7503517	1.0	False	lymph	mid	enformer
2335	-13.683113	81.28873	94.97184	-0.31832397	0.75035244	1.0	False	lymph	mid	enformer
6122	-13.683044	81.28841	94.97145	-0.31832364	0.7503526	1.0	False	lymph	mid	enformer
1824	-13.681717	81.28059	94.9623	-0.31832305	0.7503531	1.0	False	lymph	mid	enformer
3415	-13.682838	81.28756	94.9704	-0.31832227	0.7503537	1.0	False	lymph	mid	enformer
6119	-13.681442	81.27924	94.960686	-0.31832194	0.75035393	1.0	False	lymph	mid	enformer
2799	-13.682793	81.28744	94.97023	-0.31832173	0.7503541	1.0	False	lymph	mid	enformer
762	-13.681595	81.280426	94.96202	-0.3183211	0.7503546	1.0	False	lymph	mid	enformer
2101	-13.682663	81.28682	94.96948	-0.31832117	0.7503546	1.0	False	lymph	mid	enformer
4170	-13.681694	81.281044	94.96274	-0.318321	0.7503547	1.0	False	lymph	mid	enformer
2427	-13.682877	81.28839	94.97127	-0.3183202	0.75035524	1.0	False	lymph	mid	enformer
564	-13.681549	81.28039	94.96194	-0.31832024	0.75035524	1.0	False	lymph	mid	enformer
2773	-13.682663	81.28767	94.97033	-0.31831825	0.7503568	1.0	False	lymph	mid	enformer
2481	-13.676147	81.27733	94.953476	-0.3182205	0.7504309	1.0	False	lymph	mid	enformer
5572	-13.677811	81.2875	94.96531	-0.31822038	0.750431	1.0	False	lymph	mid	enformer
3334	-13.675446	81.301704	94.97715	-0.31812203	0.7505055	1.0	False	lymph	mid	enformer
3571	-13.673584	81.29417	94.96775	-0.3181085	0.75051576	1.0	False	lymph	mid	enformer
703	-13.672325	81.28716	94.95949	-0.31810704	0.7505169	1.0	False	lymph	mid	enformer
1519	-13.673523	81.29457	94.968094	-0.3181059	0.7505178	1.0	False	lymph	mid	enformer
5276	-13.672424	81.28825	94.96068	-0.3181054	0.750518	1.0	False	lymph	mid	enformer
4799	-13.672295	81.287445	94.95974	-0.3181055	0.750518	1.0	False	lymph	mid	enformer
244	-13.67234	81.287865	94.960205	-0.31810495	0.7505184	1.0	False	lymph	mid	enformer
413	-13.672173	81.28713	94.959305	-0.318104	0.75051916	1.0	False	lymph	mid	enformer
2197	-13.665001	81.32185	94.986855	-0.31783572	0.75072265	1.0	False	lymph	mid	enformer
2627	-13.664856	81.32175	94.9866	-0.3178331	0.7507246	1.0	False	lymph	mid	enformer
2651	-13.663429	81.31344	94.97687	-0.3178321	0.7507254	1.0	False	lymph	mid	enformer
4291	-13.652939	81.315834	94.96877	-0.31760883	0.75089455	1.0	False	lymph	mid	enformer
4164	-13.652924	81.31614	94.96906	-0.3176075	0.75089556	1.0	False	lymph	mid	enformer
4919	-13.651543	81.30827	94.959816	-0.31760588	0.75089675	1.0	False	lymph	mid	enformer
3747	-13.654388	81.32511	94.9795	-0.31760597	0.75089675	1.0	False	lymph	mid	enformer
1340	-13.653252	81.318665	94.97192	-0.31760564	0.750897	1.0	False	lymph	mid	enformer
5986	-13.652786	81.31599	94.96877	-0.3176052	0.7508973	1.0	False	lymph	mid	enformer
1922	-13.652679	81.315506	94.968185	-0.3176046	0.75089777	1.0	False	lymph	mid	enformer
2893	-13.654129	81.324005	94.978134	-0.3176044	0.7508979	1.0	False	lymph	mid	enformer
705	-13.65432	81.32528	94.9796	-0.31760404	0.75089824	1.0	False	lymph	mid	enformer
4810	-13.654213	81.32484	94.97905	-0.3176033	0.7508987	1.0	False	lymph	mid	enformer
2070	-13.654007	81.32417	94.97818	-0.31760132	0.75090027	1.0	False	lymph	mid	enformer
2025	-13.653999	81.32442	94.97842	-0.31760028	0.7509011	1.0	False	lymph	mid	enformer
4998	-13.639114	81.31853	94.95764	-0.31730923	0.75112176	1.0	False	lymph	mid	enformer
960	-13.640457	81.32692	94.96738	-0.31730828	0.7511225	1.0	False	lymph	mid	enformer
3997	-13.640358	81.32666	94.96702	-0.31730708	0.75112337	1.0	False	lymph	mid	enformer
5682	-13.640427	81.327126	94.96755	-0.31730694	0.7511235	1.0	False	lymph	mid	enformer
5550	-13.640274	81.32624	94.966515	-0.31730682	0.7511236	1.0	False	lymph	mid	enformer
3189	-13.63755	81.310234	94.947784	-0.31730598	0.75112426	1.0	False	lymph	mid	enformer
5862	-13.640312	81.3268	94.96711	-0.3173057	0.7511244	1.0	False	lymph	mid	enformer
4147	-13.640327	81.32694	94.96727	-0.31730556	0.7511245	1.0	False	lymph	mid	enformer
557	-13.640381	81.32725	94.96763	-0.3173056	0.7511245	1.0	False	lymph	mid	enformer
5547	-13.638763	81.3175	94.95626	-0.31730548	0.7511246	1.0	False	lymph	mid	enformer
5494	-13.640297	81.32685	94.96715	-0.3173052	0.7511248	1.0	False	lymph	mid	enformer
5343	-13.640511	81.32817	94.96868	-0.31730518	0.75112486	1.0	False	lymph	mid	enformer
2666	-13.640343	81.327156	94.9675	-0.3173051	0.75112486	1.0	False	lymph	mid	enformer
1902	-13.64019	81.32624	94.96643	-0.31730506	0.751125	1.0	False	lymph	mid	enformer
3496	-13.638695	81.31728	94.95598	-0.31730482	0.7511251	1.0	False	lymph	mid	enformer
4468	-13.640434	81.32779	94.96822	-0.31730485	0.7511251	1.0	False	lymph	mid	enformer
6002	-13.640236	81.32665	94.96689	-0.31730464	0.7511252	1.0	False	lymph	mid	enformer
2105	-13.639023	81.319305	94.95833	-0.31730473	0.7511252	1.0	False	lymph	mid	enformer
2659	-13.640289	81.327	94.96729	-0.31730455	0.7511253	1.0	False	lymph	mid	enformer
2077	-13.640289	81.32703	94.967316	-0.31730446	0.75112534	1.0	False	lymph	mid	enformer
648	-13.638695	81.3174	94.95609	-0.31730443	0.75112534	1.0	False	lymph	mid	enformer
2406	-13.640259	81.32683	94.96709	-0.31730446	0.75112534	1.0	False	lymph	mid	enformer
2512	-13.640427	81.32783	94.968254	-0.31730455	0.75112534	1.0	False	lymph	mid	enformer
813	-13.640343	81.327354	94.9677	-0.31730443	0.7511254	1.0	False	lymph	mid	enformer
6061	-13.640259	81.32692	94.96718	-0.31730422	0.7511255	1.0	False	lymph	mid	enformer
4317	-13.640167	81.32634	94.96651	-0.31730428	0.7511255	1.0	False	lymph	mid	enformer
2872	-13.638847	81.31842	94.95727	-0.3173041	0.75112563	1.0	False	lymph	mid	enformer
2402	-13.640099	81.326	94.966095	-0.31730407	0.75112563	1.0	False	lymph	mid	enformer
2310	-13.640228	81.32684	94.96707	-0.31730387	0.75112575	1.0	False	lymph	mid	enformer
5894	-13.64019	81.32658	94.96677	-0.31730396	0.75112575	1.0	False	lymph	mid	enformer
336	-13.640244	81.32695	94.96719	-0.3173038	0.7511259	1.0	False	lymph	mid	enformer
5483	-13.637489	81.310524	94.94801	-0.31730372	0.75112593	1.0	False	lymph	mid	enformer
2587	-13.640289	81.327255	94.967545	-0.3173037	0.75112593	1.0	False	lymph	mid	enformer
1926	-13.640068	81.32594	94.96601	-0.3173036	0.751126	1.0	False	lymph	mid	enformer
3493	-13.638657	81.31742	94.95608	-0.31730354	0.75112605	1.0	False	lymph	mid	enformer
1716	-13.640068	81.326	94.966064	-0.31730345	0.7511261	1.0	False	lymph	mid	enformer
1065	-13.638954	81.31925	94.958206	-0.31730348	0.7511261	1.0	False	lymph	mid	enformer
5265	-13.640274	81.327225	94.9675	-0.31730342	0.75112617	1.0	False	lymph	mid	enformer
6096	-13.640068	81.3261	94.96617	-0.31730306	0.7511265	1.0	False	lymph	mid	enformer
4384	-13.640251	81.327255	94.96751	-0.31730285	0.7511266	1.0	False	lymph	mid	enformer
1853	-13.640259	81.32731	94.96757	-0.31730285	0.7511266	1.0	False	lymph	mid	enformer
1896	-13.640244	81.32718	94.96742	-0.31730297	0.7511266	1.0	False	lymph	mid	enformer
5413	-13.640221	81.327095	94.967316	-0.3173028	0.75112665	1.0	False	lymph	mid	enformer
4339	-13.640167	81.326805	94.96697	-0.3173027	0.7511267	1.0	False	lymph	mid	enformer
1268	-13.640358	81.327965	94.96832	-0.31730267	0.75112677	1.0	False	lymph	mid	enformer
4463	-13.640205	81.32718	94.967384	-0.31730223	0.7511271	1.0	False	lymph	mid	enformer
672	-13.638771	81.31855	94.95732	-0.31730208	0.7511273	1.0	False	lymph	mid	enformer
241	-13.640121	81.32673	94.96685	-0.31730202	0.7511273	1.0	False	lymph	mid	enformer
2498	-13.638748	81.318474	94.95722	-0.31730187	0.7511274	1.0	False	lymph	mid	enformer
2841	-13.638878	81.319336	94.95821	-0.3173016	0.75112766	1.0	False	lymph	mid	enformer
2940	-13.639984	81.32607	94.96606	-0.3173014	0.7511277	1.0	False	lymph	mid	enformer
3666	-13.640114	81.32699	94.9671	-0.31730095	0.7511281	1.0	False	lymph	mid	enformer
769	-13.640083	81.32718	94.96726	-0.31729975	0.751129	1.0	False	lymph	mid	enformer
1588	-13.630005	81.32983	94.95983	-0.31708857	0.7512892	1.0	False	lymph	mid	enformer
3953	-13.598946	81.28569	94.884636	-0.31660414	0.7516564	1.0	False	lymph	mid	enformer
4094	-13.595955	81.31759	94.91354	-0.31643113	0.7517877	1.0	False	lymph	mid	enformer
5218	-13.59124	81.30639	94.89763	-0.3163714	0.75183296	1.0	False	lymph	mid	enformer
3018	-13.592674	81.31516	94.90784	-0.3163711	0.75183314	1.0	False	lymph	mid	enformer
3782	-13.591187	81.306816	94.898	-0.31636885	0.7518349	1.0	False	lymph	mid	enformer
1066	-13.586166	81.2772	94.863365	-0.3163682	0.75183535	1.0	False	lymph	mid	enformer
1391	-13.587463	81.285965	94.87343	-0.3163645	0.7518382	1.0	False	lymph	mid	enformer
2458	-13.587379	81.28597	94.87335	-0.31636274	0.7518396	1.0	False	lymph	mid	enformer
1211	-13.587112	81.2896	94.87671	-0.31634474	0.7518533	1.0	False	lymph	mid	enformer
2655	-13.588417	81.30435	94.89277	-0.31632012	0.7518719	1.0	False	lymph	mid	enformer
572	-13.589684	81.3227	94.912384	-0.31628343	0.75189966	1.0	False	lymph	mid	enformer
2757	-13.589333	81.32113	94.91046	-0.3162815	0.75190115	1.0	False	lymph	mid	enformer
4180	-13.587357	81.31082	94.89818	-0.31627652	0.75190496	1.0	False	lymph	mid	enformer
89	-13.583824	81.31049	94.89432	-0.31620482	0.7519593	1.0	False	lymph	mid	enformer
513	-13.583038	81.30603	94.88907	-0.3162049	0.7519593	1.0	False	lymph	mid	enformer
3701	-13.581078	81.29432	94.8754	-0.31620443	0.7519597	1.0	False	lymph	mid	enformer
559	-13.583824	81.31085	94.89468	-0.3162036	0.7519602	1.0	False	lymph	mid	enformer
243	-13.585045	81.324326	94.90937	-0.31618306	0.7519758	1.0	False	lymph	mid	enformer
2463	-13.583672	81.31687	94.90054	-0.31617996	0.75197816	1.0	False	lymph	mid	enformer
6049	-13.579597	81.30324	94.882835	-0.3161429	0.7520063	1.0	False	lymph	mid	enformer
2355	-13.579552	81.30342	94.88297	-0.3161413	0.7520074	1.0	False	lymph	mid	enformer
2182	-13.579475	81.303154	94.88263	-0.31614065	0.752008	1.0	False	lymph	mid	enformer
1595	-13.579491	81.30364	94.88313	-0.31613934	0.752009	1.0	False	lymph	mid	enformer
5507	-13.5792465	81.30223	94.88148	-0.31613907	0.75200915	1.0	False	lymph	mid	enformer
2921	-13.577393	81.3021	94.87949	-0.316101	0.75203806	1.0	False	lymph	mid	enformer
6065	-13.577301	81.301865	94.879166	-0.31609997	0.75203884	1.0	False	lymph	mid	enformer
1058	-13.575935	81.29447	94.87041	-0.31609693	0.75204116	1.0	False	lymph	mid	enformer
3843	-13.575996	81.29516	94.871155	-0.3160959	0.75204194	1.0	False	lymph	mid	enformer
3941	-13.575897	81.29463	94.87053	-0.3160956	0.7520422	1.0	False	lymph	mid	enformer
870	-13.579178	81.31879	94.897964	-0.31608096	0.7520534	1.0	False	lymph	mid	enformer
4044	-13.579178	81.31907	94.89825	-0.31608	0.75205404	1.0	False	lymph	mid	enformer
5039	-13.579109	81.319115	94.898224	-0.3160784	0.75205517	1.0	False	lymph	mid	enformer
4235	-13.5789795	81.318756	94.897736	-0.31607696	0.7520563	1.0	False	lymph	mid	enformer
1217	-13.573288	81.29991	94.8732	-0.31602454	0.7520961	1.0	False	lymph	mid	enformer
5366	-13.568481	81.30127	94.86975	-0.31592044	0.75217503	1.0	False	lymph	mid	enformer
4466	-13.568138	81.29999	94.868126	-0.31591845	0.75217664	1.0	False	lymph	mid	enformer
986	-13.5681305	81.30029	94.86842	-0.31591654	0.75217813	1.0	False	lymph	mid	enformer
1917	-13.555435	81.24286	94.798294	-0.31585062	0.75222814	1.0	False	lymph	mid	enformer
3790	-13.558144	81.25926	94.817406	-0.31584972	0.75222874	1.0	False	lymph	mid	enformer
845	-13.556335	81.2487	94.80504	-0.3158494	0.752229	1.0	False	lymph	mid	enformer
3894	-13.556549	81.2504	94.806946	-0.31584695	0.7522308	1.0	False	lymph	mid	enformer
4445	-13.556282	81.24948	94.80576	-0.3158445	0.75223273	1.0	False	lymph	mid	enformer
2137	-13.556328	81.24988	94.806206	-0.31584412	0.752233	1.0	False	lymph	mid	enformer
1573	-13.556236	81.249535	94.80577	-0.31584334	0.7522336	1.0	False	lymph	mid	enformer
3045	-13.568108	81.32398	94.89209	-0.315835	0.75223994	1.0	False	lymph	mid	enformer
3904	-13.564606	81.31465	94.87926	-0.31579563	0.7522698	1.0	False	lymph	mid	enformer
114	-13.5594635	81.30536	94.86482	-0.31572187	0.7523257	1.0	False	lymph	mid	enformer
5444	-13.5587845	81.30257	94.86135	-0.3157185	0.75232834	1.0	False	lymph	mid	enformer
1392	-13.557274	81.29352	94.85079	-0.31571802	0.75232863	1.0	False	lymph	mid	enformer
1492	-13.558792	81.30316	94.86195	-0.3157166	0.75232977	1.0	False	lymph	mid	enformer
3145	-13.557297	81.29424	94.85154	-0.31571606	0.7523302	1.0	False	lymph	mid	enformer
3329	-13.558731	81.303116	94.86185	-0.3157155	0.7523306	1.0	False	lymph	mid	enformer
3962	-13.557175	81.29374	94.850914	-0.31571528	0.7523307	1.0	False	lymph	mid	enformer
1694	-13.557236	81.294304	94.85154	-0.3157146	0.75233126	1.0	False	lymph	mid	enformer
2671	-13.558136	81.3014	94.859535	-0.31570902	0.7523354	1.0	False	lymph	mid	enformer
2696	-13.55426	81.29657	94.85083	-0.3156448	0.75238425	1.0	False	lymph	mid	enformer
1183	-13.55072	81.2822	94.832924	-0.31562164	0.7524017	1.0	False	lymph	mid	enformer
3813	-13.553291	81.298454	94.851746	-0.31561795	0.7524045	1.0	False	lymph	mid	enformer
2331	-13.546448	81.26876	94.81521	-0.31558007	0.75243324	1.0	False	lymph	mid	enformer
4219	-13.548302	81.28004	94.82834	-0.31557846	0.7524345	1.0	False	lymph	mid	enformer
211	-13.552734	81.308784	94.86152	-0.31557137	0.7524399	1.0	False	lymph	mid	enformer
4202	-13.546593	81.27247	94.81906	-0.31556877	0.7524418	1.0	False	lymph	mid	enformer
5436	-13.54483	81.26997	94.814804	-0.3155408	0.75246316	1.0	False	lymph	mid	enformer
343	-13.5466	81.31154	94.85814	-0.31543595	0.75254256	1.0	False	lymph	mid	enformer
1594	-13.536743	81.28506	94.8218	-0.3153228	0.75262845	1.0	False	lymph	mid	enformer
2297	-13.53434	81.27121	94.80555	-0.31532052	0.7526302	1.0	False	lymph	mid	enformer
5165	-13.536705	81.317116	94.85382	-0.31521323	0.75271165	1.0	False	lymph	mid	enformer
4586	-13.5212555	81.254135	94.77539	-0.3151088	0.7527909	1.0	False	lymph	mid	enformer
793	-13.526146	81.28409	94.810234	-0.315108	0.7527915	1.0	False	lymph	mid	enformer
2030	-13.520325	81.27905	94.79938	-0.31500596	0.752869	1.0	False	lymph	mid	enformer
426	-13.520103	81.27782	94.79792	-0.31500557	0.7528692	1.0	False	lymph	mid	enformer
5167	-13.520172	81.27865	94.79882	-0.31500423	0.7528702	1.0	False	lymph	mid	enformer
417	-13.520103	81.28433	94.804436	-0.31498343	0.75288606	1.0	False	lymph	mid	enformer
2426	-13.52002	81.28542	94.80544	-0.31497687	0.752891	1.0	False	lymph	mid	enformer
5842	-13.519882	81.28527	94.80515	-0.3149745	0.75289285	1.0	False	lymph	mid	enformer
992	-13.518539	81.277695	94.796234	-0.3149736	0.7528935	1.0	False	lymph	mid	enformer
357	-13.508644	81.24778	94.756424	-0.31487098	0.75297135	1.0	False	lymph	mid	enformer
4787	-13.5086975	81.26642	94.775116	-0.3148093	0.75301814	1.0	False	lymph	mid	enformer
4651	-13.510986	81.29255	94.803535	-0.31476718	0.7530501	1.0	False	lymph	mid	enformer
4745	-13.510925	81.29246	94.80338	-0.31476626	0.7530508	1.0	False	lymph	mid	enformer
893	-13.503555	81.251724	94.75528	-0.31475437	0.75305986	1.0	False	lymph	mid	enformer
599	-13.503662	81.25288	94.75654	-0.31475267	0.7530612	1.0	False	lymph	mid	enformer
4757	-13.501999	81.243416	94.745415	-0.31475037	0.7530629	1.0	False	lymph	mid	enformer
1610	-13.502167	81.24451	94.74667	-0.31475013	0.7530631	1.0	False	lymph	mid	enformer
5022	-13.502098	81.24474	94.74684	-0.31474793	0.75306475	1.0	False	lymph	mid	enformer
1528	-13.500961	81.23797	94.73893	-0.31474748	0.7530651	1.0	False	lymph	mid	enformer
1545	-13.501823	81.24399	94.74581	-0.31474477	0.7530672	1.0	False	lymph	mid	enformer
4159	-13.503548	81.25737	94.76092	-0.31473386	0.7530754	1.0	False	lymph	mid	enformer
908	-13.500534	81.24149	94.74203	-0.3147253	0.7530819	1.0	False	lymph	mid	enformer
5649	-13.497635	81.247444	94.74508	-0.3146455	0.7531425	1.0	False	lymph	mid	enformer
1334	-13.49662	81.26913	94.76575	-0.31455097	0.75321424	1.0	False	lymph	mid	enformer
221	-13.491707	81.24799	94.7397	-0.31452087	0.753237	1.0	False	lymph	mid	enformer
5221	-13.490028	81.23932	94.72935	-0.31451607	0.7532407	1.0	False	lymph	mid	enformer
1580	-13.489868	81.23855	94.72842	-0.31451538	0.7532412	1.0	False	lymph	mid	enformer
1893	-13.489983	81.23975	94.72974	-0.31451362	0.75324255	1.0	False	lymph	mid	enformer
3318	-13.490204	81.241066	94.73127	-0.31451347	0.7532427	1.0	False	lymph	mid	enformer
3686	-13.489975	81.239815	94.72979	-0.31451327	0.7532428	1.0	False	lymph	mid	enformer
1652	-13.490646	81.25142	94.742065	-0.31448781	0.7532622	1.0	False	lymph	mid	enformer
3252	-13.487732	81.26841	94.75614	-0.3143693	0.75335217	1.0	False	lymph	mid	enformer
4567	-13.487625	81.268585	94.75621	-0.31436646	0.7533544	1.0	False	lymph	mid	enformer
220	-13.494347	81.31458	94.80893	-0.314347	0.7533691	1.0	False	lymph	mid	enformer
1458	-13.49276	81.305504	94.79826	-0.31434596	0.75336987	1.0	False	lymph	mid	enformer
1892	-13.494446	81.31552	94.80997	-0.3143459	0.7533699	1.0	False	lymph	mid	enformer
5966	-13.485985	81.272484	94.75847	-0.31431907	0.7533902	1.0	False	lymph	mid	enformer
2109	10.798103	90.03596	79.237854	0.26634505	0.79005736	1.0	False	lymph	mid	enformer
5137	10.792809	90.006615	79.213806	0.2662967	0.7900946	1.0	False	lymph	mid	enformer
764	10.795479	90.04185	79.24637	0.26625448	0.79012716	1.0	False	lymph	mid	enformer
1401	10.790283	90.00649	79.21621	0.26622885	0.7901469	1.0	False	lymph	mid	enformer
4004	10.7894745	90.00761	79.21813	0.2662032	0.7901666	1.0	False	lymph	mid	enformer
4811	10.791168	90.02307	79.2319	0.26619804	0.7901706	1.0	False	lymph	mid	enformer
2825	10.791847	90.043175	79.25133	0.26615053	0.79020715	1.0	False	lymph	mid	enformer
1361	10.791176	90.03827	79.24709	0.26614806	0.79020905	1.0	False	lymph	mid	enformer
3826	10.784241	90.011284	79.22704	0.26604694	0.79028696	1.0	False	lymph	mid	enformer
1197	10.784515	90.01502	79.23051	0.2660432	0.7902899	1.0	False	lymph	mid	enformer
1660	10.784164	90.012474	79.22831	0.26604185	0.7902908	1.0	False	lymph	mid	enformer
1354	10.7831955	90.00448	79.22128	0.26604125	0.7902913	1.0	False	lymph	mid	enformer
1825	10.785339	90.02265	79.23731	0.26604074	0.7902917	1.0	False	lymph	mid	enformer
4074	10.785713	90.03094	79.245224	0.26602396	0.79030466	1.0	False	lymph	mid	enformer
1438	10.786606	90.03888	79.25227	0.2660227	0.79030555	1.0	False	lymph	mid	enformer
745	10.785469	90.0298	79.24433	0.266021	0.7903069	1.0	False	lymph	mid	enformer
2973	10.785553	90.031715	79.24616	0.2660171	0.7903099	1.0	False	lymph	mid	enformer
255	10.7836685	90.02149	79.23782	0.26599932	0.79032356	1.0	False	lymph	mid	enformer
5824	10.785576	90.040184	79.25461	0.26599106	0.79032993	1.0	False	lymph	mid	enformer
6026	10.786186	90.045166	79.25898	0.26598993	0.7903309	1.0	False	lymph	mid	enformer
3310	10.786362	90.04774	79.261375	0.26598725	0.79033285	1.0	False	lymph	mid	enformer
4356	10.786026	90.04639	79.26036	0.26598245	0.7903366	1.0	False	lymph	mid	enformer
34	10.787193	90.057724	79.27053	0.26597738	0.7903404	1.0	False	lymph	mid	enformer
1593	10.787979	90.06493	79.276955	0.26597446	0.7903427	1.0	False	lymph	mid	enformer
5715	10.787949	90.06515	79.2772	0.26597297	0.7903439	1.0	False	lymph	mid	enformer
5435	10.788025	90.066055	79.27803	0.2659721	0.7903445	1.0	False	lymph	mid	enformer
2184	10.788544	90.07222	79.283676	0.26596633	0.790349	1.0	False	lymph	mid	enformer
4526	10.779869	90.00505	79.22518	0.26594847	0.7903627	1.0	False	lymph	mid	enformer
4551	10.778839	89.99755	79.21871	0.26594588	0.7903647	1.0	False	lymph	mid	enformer
5329	10.778221	89.99282	79.2146	0.26594448	0.79036576	1.0	False	lymph	mid	enformer
5394	10.783623	90.04152	79.2579	0.2659324	0.7903751	1.0	False	lymph	mid	enformer
6084	10.778496	90.00012	79.22163	0.2659275	0.7903788	1.0	False	lymph	mid	enformer
2016	10.779404	90.00856	79.22916	0.265925	0.7903808	1.0	False	lymph	mid	enformer
5377	10.782288	90.033516	79.25123	0.2659231	0.7903822	1.0	False	lymph	mid	enformer
5831	10.779289	90.008705	79.229416	0.26592144	0.7903835	1.0	False	lymph	mid	enformer
2901	10.778648	90.00424	79.22559	0.26591867	0.7903856	1.0	False	lymph	mid	enformer
3052	10.779137	90.00949	79.230354	0.26591435	0.79038894	1.0	False	lymph	mid	enformer
4959	10.782913	90.04433	79.26141	0.2659035	0.79039735	1.0	False	lymph	mid	enformer
658	10.7854	90.066154	79.280754	0.26590142	0.7903989	1.0	False	lymph	mid	enformer
194	10.785492	90.06757	79.28208	0.2658989	0.7904009	1.0	False	lymph	mid	enformer
1598	10.783623	90.05301	79.26939	0.26589683	0.7904026	1.0	False	lymph	mid	enformer
1017	10.786118	90.07635	79.29023	0.2658874	0.7904097	1.0	False	lymph	mid	enformer
5639	10.784142	90.06007	79.275925	0.2658871	0.7904099	1.0	False	lymph	mid	enformer
3635	10.782379	90.04636	79.26398	0.26588467	0.7904119	1.0	False	lymph	mid	enformer
1463	10.785774	90.074486	79.28871	0.2658841	0.79041225	1.0	False	lymph	mid	enformer
2000	10.776611	89.99901	79.2224	0.2658799	0.7904156	1.0	False	lymph	mid	enformer
4347	10.777405	90.00588	79.22848	0.26587936	0.790416	1.0	False	lymph	mid	enformer
2334	10.776573	89.99891	79.222336	0.26587918	0.79041606	1.0	False	lymph	mid	enformer
899	10.7765045	89.99878	79.222275	0.26587775	0.79041725	1.0	False	lymph	mid	enformer
5031	10.778603	90.01687	79.238266	0.26587558	0.79041886	1.0	False	lymph	mid	enformer
4230	10.77961	90.02539	79.24578	0.26587477	0.79041946	1.0	False	lymph	mid	enformer
5496	10.7784195	90.01594	79.23752	0.26587453	0.7904196	1.0	False	lymph	mid	enformer
1155	10.782486	90.05054	79.26805	0.26587376	0.7904202	1.0	False	lymph	mid	enformer
3844	10.78125	90.03969	79.25844	0.26587266	0.79042107	1.0	False	lymph	mid	enformer
4462	10.7803955	90.0327	79.252304	0.26587245	0.7904212	1.0	False	lymph	mid	enformer
2843	10.785568	90.076996	79.29143	0.2658705	0.7904227	1.0	False	lymph	mid	enformer
4017	10.778175	90.01559	79.23741	0.26586837	0.79042435	1.0	False	lymph	mid	enformer
4744	10.77858	90.01993	79.24135	0.26586556	0.79042655	1.0	False	lymph	mid	enformer
297	10.777832	90.01378	79.23595	0.26586485	0.7904271	1.0	False	lymph	mid	enformer
1981	10.7799	90.03104	79.25114	0.26586476	0.7904272	1.0	False	lymph	mid	enformer
5373	10.780304	90.034996	79.25469	0.26586288	0.7904286	1.0	False	lymph	mid	enformer
529	10.78373	90.064674	79.280945	0.2658605	0.7904304	1.0	False	lymph	mid	enformer
998	10.7767105	90.0061	79.22939	0.2658595	0.7904312	1.0	False	lymph	mid	enformer
5763	10.77636	90.003654	79.227295	0.26585785	0.79043245	1.0	False	lymph	mid	enformer
4984	10.776962	90.00959	79.23263	0.26585573	0.79043406	1.0	False	lymph	mid	enformer
3382	10.776695	90.00877	79.23208	0.26585108	0.79043764	1.0	False	lymph	mid	enformer
1177	10.776649	90.00882	79.23217	0.2658497	0.7904388	1.0	False	lymph	mid	enformer
3705	10.778755	90.02926	79.2505	0.26583904	0.790447	1.0	False	lymph	mid	enformer
4909	10.779938	90.03934	79.2594	0.26583868	0.7904472	1.0	False	lymph	mid	enformer
2637	10.782799	90.063835	79.28104	0.26583678	0.7904486	1.0	False	lymph	mid	enformer
3565	10.779747	90.03829	79.258545	0.26583698	0.7904486	1.0	False	lymph	mid	enformer
5158	10.780731	90.0478	79.26707	0.26583365	0.79045105	1.0	False	lymph	mid	enformer
4200	10.780029	90.042336	79.26231	0.26583165	0.7904526	1.0	False	lymph	mid	enformer
2433	10.773964	89.99203	79.21806	0.26583114	0.790453	1.0	False	lymph	mid	enformer
1612	10.778191	90.02771	79.24952	0.26582876	0.7904548	1.0	False	lymph	mid	enformer
5188	10.773949	89.99265	79.218704	0.26582867	0.7904549	1.0	False	lymph	mid	enformer
3405	10.779251	90.036835	79.25758	0.26582825	0.7904552	1.0	False	lymph	mid	enformer
5764	10.782928	90.06797	79.28504	0.2658273	0.790456	1.0	False	lymph	mid	enformer
4448	10.779877	90.04259	79.26271	0.26582667	0.7904565	1.0	False	lymph	mid	enformer
1455	10.7789	90.034996	79.256096	0.26582488	0.79045784	1.0	False	lymph	mid	enformer
4023	10.773834	89.99324	79.219406	0.2658237	0.79045874	1.0	False	lymph	mid	enformer
3363	10.778961	90.03724	79.25828	0.26581988	0.79046166	1.0	False	lymph	mid	enformer
3223	10.773979	89.99623	79.22225	0.26581708	0.79046386	1.0	False	lymph	mid	enformer
4215	10.776611	90.018684	79.24207	0.26581666	0.7904641	1.0	False	lymph	mid	enformer
4566	10.7814865	90.05949	79.278	0.2658157	0.79046494	1.0	False	lymph	mid	enformer
956	10.776398	90.017624	79.24123	0.26581466	0.7904657	1.0	False	lymph	mid	enformer
1977	10.779732	90.045425	79.26569	0.26581436	0.79046595	1.0	False	lymph	mid	enformer
262	10.779755	90.04594	79.26618	0.26581335	0.79046667	1.0	False	lymph	mid	enformer
5212	10.776314	90.01803	79.241714	0.2658111	0.79046845	1.0	False	lymph	mid	enformer
25	10.776817	90.022064	79.24525	0.26581103	0.7904685	1.0	False	lymph	mid	enformer
1215	10.780449	90.0524	79.27195	0.26581043	0.79046893	1.0	False	lymph	mid	enformer
4327	10.776184	90.017555	79.24137	0.2658091	0.79046994	1.0	False	lymph	mid	enformer
1897	10.776047	90.016426	79.24038	0.26580897	0.79047006	1.0	False	lymph	mid	enformer
5728	10.783516	90.07886	79.29534	0.2658078	0.79047096	1.0	False	lymph	mid	enformer
2474	10.777451	90.02804	79.25059	0.2658074	0.7904713	1.0	False	lymph	mid	enformer
3863	10.776146	90.01775	79.24161	0.26580608	0.7904723	1.0	False	lymph	mid	enformer
930	10.776093	90.017876	79.24178	0.26580557	0.79047275	1.0	False	lymph	mid	enformer
664	10.778687	90.04119	79.262505	0.26579872	0.790478	1.0	False	lymph	mid	enformer
5508	10.778435	90.0401	79.261665	0.26579633	0.7904798	1.0	False	lymph	mid	enformer
5264	10.777061	90.02863	79.25157	0.26579538	0.79048055	1.0	False	lymph	mid	enformer
469	10.782921	90.078094	79.29517	0.26579532	0.79048055	1.0	False	lymph	mid	enformer
4610	10.777245	90.030624	79.25338	0.26579395	0.7904816	1.0	False	lymph	mid	enformer
2834	10.7773285	90.03169	79.254364	0.26579338	0.7904821	1.0	False	lymph	mid	enformer
4395	10.776115	90.02193	79.24581	0.26579216	0.79048294	1.0	False	lymph	mid	enformer
3267	10.779091	90.04696	79.26787	0.26579154	0.7904835	1.0	False	lymph	mid	enformer
1856	10.777733	90.03572	79.25799	0.26579112	0.79048383	1.0	False	lymph	mid	enformer
3166	10.776978	90.02949	79.25251	0.26579064	0.7904842	1.0	False	lymph	mid	enformer
887	10.778076	90.03883	79.26076	0.26579008	0.79048455	1.0	False	lymph	mid	enformer
3391	10.77813	90.039375	79.261246	0.2657893	0.7904852	1.0	False	lymph	mid	enformer
4313	10.776932	90.0296	79.25267	0.26578885	0.79048556	1.0	False	lymph	mid	enformer
1857	10.779175	90.04845	79.26927	0.26578856	0.79048574	1.0	False	lymph	mid	enformer
1350	10.777969	90.03826	79.26029	0.26578853	0.7904858	1.0	False	lymph	mid	enformer
967	10.776077	90.0227	79.24662	0.2657878	0.79048634	1.0	False	lymph	mid	enformer
346	10.773689	90.00311	79.22942	0.265787	0.790487	1.0	False	lymph	mid	enformer
1848	10.777634	90.03615	79.258514	0.26578677	0.7904872	1.0	False	lymph	mid	enformer
4574	10.774025	90.00616	79.23213	0.26578596	0.7904878	1.0	False	lymph	mid	enformer
5185	10.776718	90.02882	79.2521	0.26578578	0.7904879	1.0	False	lymph	mid	enformer
1253	10.774765	90.01256	79.23779	0.26578578	0.7904879	1.0	False	lymph	mid	enformer
2829	10.776581	90.0279	79.25132	0.26578498	0.7904885	1.0	False	lymph	mid	enformer
1081	10.776291	90.0253	79.24901	0.26578492	0.79048854	1.0	False	lymph	mid	enformer
4883	10.778084	90.040405	79.26232	0.26578474	0.7904887	1.0	False	lymph	mid	enformer
6021	10.777939	90.03919	79.26125	0.2657847	0.7904887	1.0	False	lymph	mid	enformer
1776	10.779182	90.04994	79.27076	0.26578394	0.7904893	1.0	False	lymph	mid	enformer
4783	10.780312	90.06019	79.27988	0.2657825	0.7904905	1.0	False	lymph	mid	enformer
1475	10.777016	90.0326	79.255585	0.2657823	0.7904906	1.0	False	lymph	mid	enformer
5371	10.777863	90.03967	79.26181	0.26578155	0.79049116	1.0	False	lymph	mid	enformer
3696	10.7761	90.02507	79.24897	0.2657816	0.79049116	1.0	False	lymph	mid	enformer
1449	10.776039	90.024605	79.248566	0.26578146	0.7904913	1.0	False	lymph	mid	enformer
897	10.777115	90.03385	79.25674	0.26578096	0.79049164	1.0	False	lymph	mid	enformer
3458	10.781128	90.0675	79.28637	0.26578063	0.79049194	1.0	False	lymph	mid	enformer
5440	10.778961	90.04923	79.27027	0.2657802	0.7904923	1.0	False	lymph	mid	enformer
4503	10.777191	90.03479	79.2576	0.26578	0.7904924	1.0	False	lymph	mid	enformer
4521	10.780037	90.058716	79.27868	0.26577786	0.7904941	1.0	False	lymph	mid	enformer
4660	10.7799225	90.05798	79.27806	0.26577708	0.7904946	1.0	False	lymph	mid	enformer
849	10.777023	90.034645	79.25762	0.26577595	0.7904956	1.0	False	lymph	mid	enformer
5667	10.777733	90.04019	79.26246	0.26577586	0.7904956	1.0	False	lymph	mid	enformer
2472	10.776741	90.03309	79.25635	0.26577327	0.7904976	1.0	False	lymph	mid	enformer
580	10.775101	90.02063	79.24553	0.2657685	0.7905013	1.0	False	lymph	mid	enformer
568	10.77359	90.008	79.23441	0.26576793	0.7905017	1.0	False	lymph	mid	enformer
1504	10.77343	90.007385	79.233955	0.26576558	0.7905035	1.0	False	lymph	mid	enformer
808	10.773888	90.01135	79.237465	0.26576534	0.79050374	1.0	False	lymph	mid	enformer
6131	10.777695	90.0439	79.266205	0.2657635	0.7905051	1.0	False	lymph	mid	enformer
3538	10.773338	90.00777	79.23443	0.26576176	0.7905064	1.0	False	lymph	mid	enformer
2792	10.782928	90.088394	79.305466	0.26576114	0.79050696	1.0	False	lymph	mid	enformer
5138	10.773216	90.007195	79.23398	0.2657604	0.7905075	1.0	False	lymph	mid	enformer
2442	10.773407	90.00912	79.23571	0.2657594	0.7905082	1.0	False	lymph	mid	enformer
555	10.773468	90.00974	79.236275	0.26575905	0.7905085	1.0	False	lymph	mid	enformer
3521	10.774139	90.015724	79.241585	0.26575845	0.79050905	1.0	False	lymph	mid	enformer
3852	10.775085	90.02352	79.248436	0.26575816	0.7905092	1.0	False	lymph	mid	enformer
4690	10.773979	90.014404	79.240425	0.26575795	0.79050934	1.0	False	lymph	mid	enformer
3720	10.773972	90.014465	79.24049	0.26575753	0.7905097	1.0	False	lymph	mid	enformer
5741	10.773956	90.0145	79.24055	0.26575696	0.7905101	1.0	False	lymph	mid	enformer
1322	10.773148	90.0077	79.23455	0.2657568	0.7905103	1.0	False	lymph	mid	enformer
2810	10.774223	90.016884	79.24266	0.2657565	0.79051054	1.0	False	lymph	mid	enformer
3791	10.776428	90.03542	79.258995	0.26575625	0.7905107	1.0	False	lymph	mid	enformer
3486	10.774101	90.01601	79.241905	0.26575595	0.7905109	1.0	False	lymph	mid	enformer
5971	10.774971	90.02317	79.2482	0.26575574	0.790511	1.0	False	lymph	mid	enformer
3891	10.773933	90.01493	79.241	0.265755	0.79051167	1.0	False	lymph	mid	enformer
609	10.774231	90.01746	79.24323	0.2657548	0.7905118	1.0	False	lymph	mid	enformer
5850	10.773834	90.01416	79.240326	0.2657548	0.7905118	1.0	False	lymph	mid	enformer
5364	10.775024	90.02402	79.24899	0.26575452	0.790512	1.0	False	lymph	mid	enformer
4658	10.773796	90.014336	79.24054	0.26575318	0.79051304	1.0	False	lymph	mid	enformer
5133	10.776337	90.04051	79.264175	0.26573908	0.7905239	1.0	False	lymph	mid	enformer
4877	10.780922	90.079926	79.299	0.2657351	0.790527	1.0	False	lymph	mid	enformer
4850	10.773407	90.01705	79.243645	0.26573342	0.7905283	1.0	False	lymph	mid	enformer
191	10.777748	90.054504	79.27676	0.2657305	0.7905305	1.0	False	lymph	mid	enformer
2584	10.776978	90.04957	79.27259	0.26572487	0.79053485	1.0	False	lymph	mid	enformer
834	10.776955	90.04937	79.272415	0.26572445	0.7905352	1.0	False	lymph	mid	enformer
4270	10.773125	90.017975	79.24485	0.26572332	0.79053605	1.0	False	lymph	mid	enformer
2156	10.773224	90.01914	79.24592	0.26572338	0.79053605	1.0	False	lymph	mid	enformer
3270	10.773193	90.01898	79.24579	0.2657231	0.7905362	1.0	False	lymph	mid	enformer
1619	10.773834	90.02385	79.250015	0.2657226	0.7905366	1.0	False	lymph	mid	enformer
1849	10.773048	90.01768	79.24463	0.26572222	0.7905368	1.0	False	lymph	mid	enformer
279	10.773056	90.017815	79.24476	0.26572192	0.79053706	1.0	False	lymph	mid	enformer
4520	10.774391	90.029495	79.255104	0.26571962	0.79053885	1.0	False	lymph	mid	enformer
3504	10.773445	90.022446	79.249	0.26571655	0.79054123	1.0	False	lymph	mid	enformer
4948	10.7727585	90.01717	79.244415	0.2657162	0.7905415	1.0	False	lymph	mid	enformer
405	10.772621	90.01621	79.24359	0.26571557	0.79054195	1.0	False	lymph	mid	enformer
2483	10.7743225	90.03076	79.25644	0.2657137	0.7905434	1.0	False	lymph	mid	enformer
2471	10.779556	90.077774	79.29822	0.26570427	0.7905507	1.0	False	lymph	mid	enformer
3655	10.77697	90.05649	79.27952	0.26570344	0.79055136	1.0	False	lymph	mid	enformer
3279	10.769913	89.99797	79.22806	0.26570055	0.7905535	1.0	False	lymph	mid	enformer
1635	10.771957	90.01535	79.24339	0.26570028	0.79055375	1.0	False	lymph	mid	enformer
3529	10.77079	90.00613	79.23534	0.2656981	0.7905555	1.0	False	lymph	mid	enformer
1621	10.778877	90.074326	79.29545	0.26569715	0.7905562	1.0	False	lymph	mid	enformer
766	10.778999	90.07542	79.29642	0.265697	0.7905563	1.0	False	lymph	mid	enformer
3221	10.769768	89.99788	79.22811	0.2656969	0.79055643	1.0	False	lymph	mid	enformer
1365	10.778694	90.07321	79.29452	0.26569578	0.7905572	1.0	False	lymph	mid	enformer
1496	10.769768	89.99826	79.22849	0.26569566	0.7905573	1.0	False	lymph	mid	enformer
921	10.7728195	90.02427	79.25145	0.26569402	0.7905586	1.0	False	lymph	mid	enformer
2518	10.779808	90.08321	79.303406	0.26569387	0.7905587	1.0	False	lymph	mid	enformer
4294	10.779236	90.079735	79.3005	0.2656887	0.79056275	1.0	False	lymph	mid	enformer
1353	10.78009	90.08686	79.30677	0.2656882	0.79056305	1.0	False	lymph	mid	enformer
4237	10.780182	90.08785	79.30767	0.2656875	0.7905636	1.0	False	lymph	mid	enformer
4730	10.774315	90.040054	79.26574	0.26568368	0.79056656	1.0	False	lymph	mid	enformer
1186	10.77523	90.047775	79.272545	0.26568317	0.790567	1.0	False	lymph	mid	enformer
3634	10.777008	90.06285	79.28584	0.26568282	0.7905672	1.0	False	lymph	mid	enformer
1298	10.777954	90.07083	79.29288	0.26568243	0.7905675	1.0	False	lymph	mid	enformer
2208	10.772369	90.02486	79.25249	0.26568106	0.7905686	1.0	False	lymph	mid	enformer
5794	10.76947	90.0005	79.23103	0.26568022	0.79056925	1.0	False	lymph	mid	enformer
5169	10.773376	90.03327	79.259895	0.26568	0.7905694	1.0	False	lymph	mid	enformer
5559	10.769531	90.00112	79.23159	0.26567987	0.79056954	1.0	False	lymph	mid	enformer
800	10.777649	90.06909	79.29144	0.2656796	0.79056966	1.0	False	lymph	mid	enformer
4143	10.775642	90.0525	79.276855	0.2656794	0.79056984	1.0	False	lymph	mid	enformer
1722	10.776749	90.06227	79.28552	0.26567802	0.790571	1.0	False	lymph	mid	enformer
1442	10.769302	89.99987	79.23057	0.2656777	0.79057115	1.0	False	lymph	mid	enformer
5296	10.7682495	89.99126	79.22301	0.26567674	0.7905719	1.0	False	lymph	mid	enformer
710	10.777145	90.06602	79.28887	0.2656767	0.7905719	1.0	False	lymph	mid	enformer
3204	10.772209	90.02494	79.25273	0.26567647	0.7905721	1.0	False	lymph	mid	enformer
2544	10.773872	90.03873	79.264854	0.26567593	0.7905725	1.0	False	lymph	mid	enformer
341	10.774155	90.041214	79.26706	0.2656756	0.79057276	1.0	False	lymph	mid	enformer
1692	10.769188	89.99965	79.23046	0.2656753	0.79057294	1.0	False	lymph	mid	enformer
6003	10.7740555	90.04049	79.26643	0.26567525	0.790573	1.0	False	lymph	mid	enformer
2554	10.775589	90.05334	79.27775	0.26567522	0.79057306	1.0	False	lymph	mid	enformer
3181	10.772095	90.024506	79.25241	0.26567474	0.7905734	1.0	False	lymph	mid	enformer
1158	10.772644	90.029686	79.25704	0.2656724	0.79057527	1.0	False	lymph	mid	enformer
4110	10.775024	90.04966	79.274635	0.26567152	0.7905759	1.0	False	lymph	mid	enformer
2621	10.775398	90.0533	79.2779	0.26566958	0.7905774	1.0	False	lymph	mid	enformer
2591	10.773956	90.04199	79.268036	0.26566824	0.7905785	1.0	False	lymph	mid	enformer
4561	10.77475	90.049	79.274254	0.2656662	0.79058003	1.0	False	lymph	mid	enformer
780	10.773514	90.03908	79.265564	0.2656657	0.7905804	1.0	False	lymph	mid	enformer
3512	10.772522	90.03042	79.2579	0.26566574	0.7905804	1.0	False	lymph	mid	enformer
534	10.776459	90.06387	79.287415	0.26566488	0.790581	1.0	False	lymph	mid	enformer
5173	10.774849	90.05029	79.275444	0.26566473	0.7905811	1.0	False	lymph	mid	enformer
5837	10.776871	90.06737	79.2905	0.2656644	0.79058135	1.0	False	lymph	mid	enformer
5309	10.775589	90.05675	79.28116	0.26566362	0.79058206	1.0	False	lymph	mid	enformer
3207	10.772598	90.0321	79.2595	0.26566234	0.790583	1.0	False	lymph	mid	enformer
3259	10.776413	90.0644	79.28799	0.26566195	0.7905833	1.0	False	lymph	mid	enformer
2625	10.772385	90.03064	79.258255	0.2656613	0.7905839	1.0	False	lymph	mid	enformer
2205	10.775551	90.058136	79.282585	0.2656589	0.7905857	1.0	False	lymph	mid	enformer
2002	10.769203	90.005775	79.23657	0.26565614	0.7905878	1.0	False	lymph	mid	enformer
494	10.774689	90.05339	79.2787	0.26565105	0.7905917	1.0	False	lymph	mid	enformer
3958	10.774704	90.05381	79.279106	0.2656501	0.7905925	1.0	False	lymph	mid	enformer
3047	10.772438	90.03658	79.264145	0.26564476	0.7905966	1.0	False	lymph	mid	enformer
2111	10.773468	90.045425	79.27196	0.26564324	0.79059774	1.0	False	lymph	mid	enformer
2953	10.773979	90.04981	79.27583	0.26564237	0.7905984	1.0	False	lymph	mid	enformer
1137	10.774437	90.053665	79.27923	0.2656424	0.7905984	1.0	False	lymph	mid	enformer
1190	10.771301	90.02788	79.25658	0.26564175	0.7905989	1.0	False	lymph	mid	enformer
3715	10.772926	90.041466	79.26854	0.26564172	0.7905989	1.0	False	lymph	mid	enformer
6027	10.7732315	90.04435	79.27112	0.2656412	0.7905992	1.0	False	lymph	mid	enformer
1974	10.772842	90.04109	79.26825	0.26564062	0.7905997	1.0	False	lymph	mid	enformer
2572	10.7743	90.0532	79.2789	0.26564017	0.7906001	1.0	False	lymph	mid	enformer
1394	10.772324	90.03726	79.26494	0.2656393	0.7906007	1.0	False	lymph	mid	enformer
5906	10.773895	90.05102	79.27712	0.26563716	0.7906024	1.0	False	lymph	mid	enformer
5233	10.773872	90.05097	79.2771	0.2656367	0.7906028	1.0	False	lymph	mid	enformer
4950	10.772987	90.04418	79.271194	0.26563558	0.7906037	1.0	False	lymph	mid	enformer
2120	10.769951	90.01943	79.24948	0.26563182	0.7906065	1.0	False	lymph	mid	enformer
544	10.775764	90.068504	79.29274	0.26563126	0.790607	1.0	False	lymph	mid	enformer
2440	10.775581	90.067154	79.29157	0.26563063	0.79060745	1.0	False	lymph	mid	enformer
3576	10.775574	90.067986	79.29241	0.26562774	0.79060966	1.0	False	lymph	mid	enformer
959	10.774231	90.0567	79.28247	0.26562694	0.7906103	1.0	False	lymph	mid	enformer
1838	10.775497	90.06772	79.29222	0.26562652	0.7906106	1.0	False	lymph	mid	enformer
3180	10.770454	90.02543	79.254974	0.26562607	0.79061097	1.0	False	lymph	mid	enformer
4456	10.769371	90.01668	79.24731	0.26562494	0.7906118	1.0	False	lymph	mid	enformer
5767	10.7741165	90.05781	79.28369	0.26562127	0.7906146	1.0	False	lymph	mid	enformer
1383	10.773376	90.05172	79.27834	0.2656196	0.7906159	1.0	False	lymph	mid	enformer
3680	10.772614	90.0455	79.27289	0.26561943	0.79061604	1.0	False	lymph	mid	enformer
4679	10.773056	90.04972	79.276665	0.26561734	0.79061764	1.0	False	lymph	mid	enformer
647	10.769569	90.02289	79.25332	0.26561034	0.79062307	1.0	False	lymph	mid	enformer
3241	10.771202	90.03983	79.26863	0.2656004	0.7906307	1.0	False	lymph	mid	enformer
3976	10.769508	90.02723	79.25772	0.26559508	0.7906348	1.0	False	lymph	mid	enformer
3911	10.766609	90.00288	79.23627	0.26559493	0.79063493	1.0	False	lymph	mid	enformer
4613	10.766533	90.00273	79.2362	0.26559332	0.7906362	1.0	False	lymph	mid	enformer
406	10.766518	90.00286	79.23634	0.2655925	0.7906368	1.0	False	lymph	mid	enformer
533	10.777405	90.09451	79.31711	0.2655924	0.79063684	1.0	False	lymph	mid	enformer
4918	10.766327	90.001625	79.2353	0.26559126	0.7906378	1.0	False	lymph	mid	enformer
344	10.766319	90.00157	79.23525	0.2655912	0.7906378	1.0	False	lymph	mid	enformer
4398	10.766174	90.001144	79.23497	0.26558867	0.7906397	1.0	False	lymph	mid	enformer
5552	10.779724	90.115814	79.33609	0.26558626	0.79064155	1.0	False	lymph	mid	enformer
4234	10.769157	90.02779	79.25863	0.2655832	0.790644	1.0	False	lymph	mid	enformer
264	10.773361	90.06494	79.29158	0.2655782	0.79064775	1.0	False	lymph	mid	enformer
3530	10.772041	90.05379	79.281746	0.26557827	0.79064775	1.0	False	lymph	mid	enformer
3974	10.768875	90.027405	79.25853	0.26557744	0.79064834	1.0	False	lymph	mid	enformer
1090	10.77182	90.05244	79.28062	0.2655766	0.79064906	1.0	False	lymph	mid	enformer
2767	10.777061	90.09693	79.31987	0.26557603	0.7906495	1.0	False	lymph	mid	enformer
3642	10.769775	90.03549	79.26572	0.26557583	0.79064965	1.0	False	lymph	mid	enformer
3872	10.7697525	90.03552	79.26577	0.2655751	0.7906501	1.0	False	lymph	mid	enformer
1281	10.775345	90.08519	79.309845	0.26556468	0.7906582	1.0	False	lymph	mid	enformer
3628	10.768486	90.02814	79.25965	0.26556394	0.7906588	1.0	False	lymph	mid	enformer
2730	10.769585	90.037766	79.26818	0.2655629	0.79065955	1.0	False	lymph	mid	enformer
518	10.772392	90.06151	79.289116	0.26556203	0.79066026	1.0	False	lymph	mid	enformer
1843	10.77356	90.07152	79.29796	0.26556116	0.79066086	1.0	False	lymph	mid	enformer
4119	10.768547	90.02955	79.261	0.26556104	0.790661	1.0	False	lymph	mid	enformer
6102	10.773499	90.071495	79.298	0.26555958	0.7906621	1.0	False	lymph	mid	enformer
2687	10.765366	90.0049	79.23953	0.2655543	0.79066616	1.0	False	lymph	mid	enformer
5136	10.770058	90.046074	79.27602	0.265548	0.790671	1.0	False	lymph	mid	enformer
3060	10.77359	90.07638	79.30279	0.2655462	0.79067236	1.0	False	lymph	mid	enformer
1301	10.772728	90.06977	79.29704	0.26554397	0.79067415	1.0	False	lymph	mid	enformer
1294	10.769478	90.04215	79.272675	0.26554394	0.79067415	1.0	False	lymph	mid	enformer
5874	10.770493	90.05142	79.28093	0.26554236	0.7906754	1.0	False	lymph	mid	enformer
2147	10.771645	90.06234	79.290695	0.26553848	0.7906784	1.0	False	lymph	mid	enformer
2929	10.771889	90.068146	79.29626	0.2655263	0.79068774	1.0	False	lymph	mid	enformer
2582	10.771912	90.06848	79.29657	0.2655258	0.7906881	1.0	False	lymph	mid	enformer
2243	10.770378	90.05599	79.285614	0.26552486	0.79068893	1.0	False	lymph	mid	enformer
1565	10.770096	90.05432	79.284225	0.26552317	0.7906902	1.0	False	lymph	mid	enformer
4439	10.769913	90.053696	79.28378	0.26552	0.79069257	1.0	False	lymph	mid	enformer
5351	10.768913	90.04789	79.27898	0.26551002	0.7907003	1.0	False	lymph	mid	enformer
418	10.770088	90.05819	79.2881	0.26550868	0.7907013	1.0	False	lymph	mid	enformer
1975	10.771896	90.07597	79.30408	0.26550114	0.7907071	1.0	False	lymph	mid	enformer
5411	10.768837	90.05211	79.28327	0.26549545	0.7907115	1.0	False	lymph	mid	enformer
1400	10.76712	90.038956	79.271835	0.26549196	0.7907142	1.0	False	lymph	mid	enformer
3928	10.767166	90.04013	79.272964	0.26548913	0.7907164	1.0	False	lymph	mid	enformer
3758	10.766335	90.03361	79.26727	0.265488	0.79071724	1.0	False	lymph	mid	enformer
1195	10.775627	90.11159	79.33596	0.26548806	0.79071724	1.0	False	lymph	mid	enformer
517	10.766754	90.03698	79.270226	0.26548752	0.79071766	1.0	False	lymph	mid	enformer
2162	10.766174	90.032524	79.26635	0.26548716	0.7907179	1.0	False	lymph	mid	enformer
2339	10.767746	90.0454	79.27766	0.26548633	0.7907185	1.0	False	lymph	mid	enformer
3213	10.774231	90.10079	79.32656	0.26548514	0.7907195	1.0	False	lymph	mid	enformer
1034	10.771774	90.081	79.30923	0.2654824	0.7907216	1.0	False	lymph	mid	enformer
2068	10.769463	90.06321	79.29375	0.26547712	0.79072565	1.0	False	lymph	mid	enformer
76	10.768227	90.05641	79.288185	0.26546493	0.790735	1.0	False	lymph	mid	enformer
1043	10.765602	90.037796	79.272194	0.26545316	0.7907441	1.0	False	lymph	mid	enformer
2861	10.767288	90.056656	79.28937	0.2654384	0.7907554	1.0	False	lymph	mid	enformer
2288	10.771919	90.09655	79.32463	0.26543483	0.79075813	1.0	False	lymph	mid	enformer
653	10.7725525	90.10263	79.33008	0.26543444	0.79075843	1.0	False	lymph	mid	enformer
5839	10.768135	90.0654	79.297264	0.265434	0.7907588	1.0	False	lymph	mid	enformer
2868	10.765579	90.04382	79.278244	0.2654336	0.7907591	1.0	False	lymph	mid	enformer
1646	10.768257	90.06675	79.29849	0.26543254	0.7907599	1.0	False	lymph	mid	enformer
5776	10.772186	90.10192	79.329735	0.26542678	0.7907644	1.0	False	lymph	mid	enformer
3477	10.765633	90.04815	79.28252	0.26542175	0.79076827	1.0	False	lymph	mid	enformer
4616	10.765442	90.04676	79.28132	0.26542103	0.7907688	1.0	False	lymph	mid	enformer
3068	10.767693	90.06884	79.30115	0.26541007	0.79077727	1.0	False	lymph	mid	enformer
2597	10.76767	90.06966	79.30199	0.2654068	0.7907798	1.0	False	lymph	mid	enformer
3389	10.767296	90.068375	79.30108	0.2654008	0.79078436	1.0	False	lymph	mid	enformer
1049	10.763748	90.03922	79.275475	0.26539886	0.79078585	1.0	False	lymph	mid	enformer
714	10.765648	90.05548	79.28983	0.2653982	0.7907864	1.0	False	lymph	mid	enformer
614	10.7638855	90.04093	79.27705	0.26539615	0.79078794	1.0	False	lymph	mid	enformer
2826	10.764008	90.045944	79.28194	0.2653849	0.79079664	1.0	False	lymph	mid	enformer
111	10.766029	90.065704	79.299675	0.26537573	0.7908037	1.0	False	lymph	mid	enformer
4473	10.765648	90.06873	79.303085	0.2653547	0.79081994	1.0	False	lymph	mid	enformer
1263	10.763031	90.04725	79.28422	0.26535264	0.7908215	1.0	False	lymph	mid	enformer
3957	10.765465	90.068146	79.30268	0.2653516	0.79082227	1.0	False	lymph	mid	enformer
1108	10.764473	90.06013	79.295654	0.26535082	0.79082286	1.0	False	lymph	mid	enformer
2103	10.765381	90.06859	79.30321	0.26534787	0.7908251	1.0	False	lymph	mid	enformer
281	10.766006	90.08278	79.31677	0.26531833	0.79084784	1.0	False	lymph	mid	enformer
3274	10.766968	90.09082	79.32385	0.26531756	0.79084843	1.0	False	lymph	mid	enformer
1795	10.7584305	90.02017	79.26174	0.26531577	0.7908498	1.0	False	lymph	mid	enformer
2174	10.766495	90.08784	79.32134	0.26531538	0.7908501	1.0	False	lymph	mid	enformer
5116	10.759666	90.0355	79.27583	0.2652985	0.7908631	1.0	False	lymph	mid	enformer
3311	10.760231	90.04107	79.28084	0.2652958	0.79086524	1.0	False	lymph	mid	enformer
4174	10.761299	90.050735	79.28944	0.26529375	0.79086685	1.0	False	lymph	mid	enformer
2044	10.762085	90.058784	79.2967	0.26528925	0.7908703	1.0	False	lymph	mid	enformer
2502	10.76104	90.05014	79.2891	0.26528862	0.7908708	1.0	False	lymph	mid	enformer
6051	10.759605	90.03882	79.27921	0.26528692	0.7908721	1.0	False	lymph	mid	enformer
1233	10.763344	90.0702	79.306854	0.2652865	0.7908724	1.0	False	lymph	mid	enformer
3025	10.760193	90.046585	79.28639	0.26527786	0.7908791	1.0	False	lymph	mid	enformer
4864	10.76429	90.08491	79.32062	0.26526642	0.79088783	1.0	False	lymph	mid	enformer
4362	10.75898	90.043884	79.284904	0.2652533	0.7908979	1.0	False	lymph	mid	enformer
2710	10.760048	90.052986	79.29294	0.26525313	0.79089814	1.0	False	lymph	mid	enformer
2604	10.758781	90.04295	79.28417	0.26525095	0.79089975	1.0	False	lymph	mid	enformer
894	10.758858	90.04429	79.28543	0.26524866	0.79090154	1.0	False	lymph	mid	enformer
665	10.762848	90.07835	79.3155	0.26524705	0.79090273	1.0	False	lymph	mid	enformer
5206	10.761124	90.065994	79.30487	0.26524085	0.7909075	1.0	False	lymph	mid	enformer
2363	10.762123	90.07468	79.31255	0.2652396	0.7909085	1.0	False	lymph	mid	enformer
3594	10.759422	90.05271	79.29329	0.26523837	0.79090947	1.0	False	lymph	mid	enformer
2764	10.759613	90.05462	79.295006	0.26523742	0.7909102	1.0	False	lymph	mid	enformer
381	10.759338	90.05236	79.29302	0.2652372	0.7909103	1.0	False	lymph	mid	enformer
2769	10.761963	90.07418	79.31222	0.26523685	0.7909106	1.0	False	lymph	mid	enformer
5534	10.759102	90.073494	79.31439	0.26516077	0.79096925	1.0	False	lymph	mid	enformer
4502	10.759064	90.073296	79.31423	0.26516032	0.79096955	1.0	False	lymph	mid	enformer
1389	10.759201	90.07484	79.315636	0.26515913	0.7909705	1.0	False	lymph	mid	enformer
1829	10.758865	90.072334	79.31347	0.26515803	0.79097134	1.0	False	lymph	mid	enformer
338	10.757904	90.065544	79.30764	0.26515424	0.79097426	1.0	False	lymph	mid	enformer
4819	10.759758	90.09303	79.333275	0.26511547	0.7910041	1.0	False	lymph	mid	enformer
126	10.76075	90.10182	79.34107	0.26511416	0.7910051	1.0	False	lymph	mid	enformer
1640	10.759697	90.092926	79.33323	0.2651142	0.79100513	1.0	False	lymph	mid	enformer
1541	10.759697	90.09329	79.333595	0.26511297	0.79100597	1.0	False	lymph	mid	enformer
3409	10.758438	90.08261	79.32417	0.265113	0.79100597	1.0	False	lymph	mid	enformer
3960	10.760551	90.101845	79.34129	0.26510867	0.7910093	1.0	False	lymph	mid	enformer
3228	10.754059	90.06408	79.31002	0.26505536	0.7910503	1.0	False	lymph	mid	enformer
14	10.755661	90.08425	79.32859	0.26503205	0.7910683	1.0	False	lymph	mid	enformer
3331	8.654251	72.35415	63.699898	0.2371965	0.81257856	1.0	False	lymph	mid	enformer
4455	8.648857	72.321915	63.673058	0.23714997	0.8126147	1.0	False	lymph	mid	enformer
2151	8.648006	72.3152	63.667194	0.2371484	0.81261593	1.0	False	lymph	mid	enformer
2941	8.647453	72.33083	63.68338	0.23707555	0.8126724	1.0	False	lymph	mid	enformer
3125	8.647331	72.33068	63.68335	0.23707297	0.8126744	1.0	False	lymph	mid	enformer
505	8.648842	72.34312	63.694275	0.23707289	0.81267446	1.0	False	lymph	mid	enformer
1488	8.649174	72.34598	63.696804	0.23707266	0.81267464	1.0	False	lymph	mid	enformer
3350	8.648857	72.34333	63.694473	0.23707259	0.8126747	1.0	False	lymph	mid	enformer
6017	8.648151	72.337616	63.689465	0.23707171	0.81267536	1.0	False	lymph	mid	enformer
202	8.648968	72.34493	63.695965	0.23707019	0.8126766	1.0	False	lymph	mid	enformer
3152	8.648182	72.338844	63.690662	0.23706822	0.8126781	1.0	False	lymph	mid	enformer
3510	8.648094	72.33831	63.690216	0.2370675	0.81267864	1.0	False	lymph	mid	enformer
3559	8.644783	72.33335	63.68857	0.23698412	0.81274337	1.0	False	lymph	mid	enformer
5272	8.644054	72.32835	63.68429	0.23698127	0.8127455	1.0	False	lymph	mid	enformer
613	8.643955	72.32754	63.683582	0.23698118	0.8127456	1.0	False	lymph	mid	enformer
1236	8.644875	72.33497	63.690094	0.23698108	0.81274563	1.0	False	lymph	mid	enformer
2644	8.644138	72.32906	63.684925	0.23698123	0.81274563	1.0	False	lymph	mid	enformer
4763	8.644814	72.33448	63.689667	0.23698099	0.81274575	1.0	False	lymph	mid	enformer
1119	8.64476	72.33418	63.689423	0.23698047	0.8127461	1.0	False	lymph	mid	enformer
5328	8.643879	72.32718	63.6833	0.23698011	0.81274635	1.0	False	lymph	mid	enformer
2106	8.644581	72.33306	63.68848	0.23697902	0.81274724	1.0	False	lymph	mid	enformer
4558	8.643784	72.32673	63.682945	0.23697889	0.81274736	1.0	False	lymph	mid	enformer
4970	8.64463	72.33359	63.688957	0.23697865	0.81274754	1.0	False	lymph	mid	enformer
5503	8.644829	72.33535	63.69052	0.23697844	0.8127477	1.0	False	lymph	mid	enformer
1341	8.642326	72.33017	63.687843	0.23692161	0.81279176	1.0	False	lymph	mid	enformer
5203	8.641441	72.32391	63.682472	0.23691806	0.81279457	1.0	False	lymph	mid	enformer
1950	8.642246	72.33057	63.68832	0.23691781	0.8127948	1.0	False	lymph	mid	enformer
1232	8.643726	72.34739	63.703663	0.2369023	0.8128068	1.0	False	lymph	mid	enformer
3261	8.644661	72.355736	63.711075	0.23690069	0.81280804	1.0	False	lymph	mid	enformer
4111	8.638844	72.31266	63.673817	0.23687927	0.8128246	1.0	False	lymph	mid	enformer
4740	8.637882	72.30562	63.667736	0.2368755	0.8128276	1.0	False	lymph	mid	enformer
258	8.638603	72.31177	63.673164	0.2368752	0.8128278	1.0	False	lymph	mid	enformer
2823	8.637402	72.31929	63.68189	0.23681223	0.81287664	1.0	False	lymph	mid	enformer
3527	8.6376915	72.32186	63.68417	0.23681179	0.81287694	1.0	False	lymph	mid	enformer
263	8.635403	72.30463	63.669224	0.23680505	0.8128822	1.0	False	lymph	mid	enformer
2524	8.640419	72.34739	63.70697	0.23680212	0.8128845	1.0	False	lymph	mid	enformer
461	8.6369705	72.31877	63.6818	0.23680173	0.8128848	1.0	False	lymph	mid	enformer
3113	8.636898	72.31829	63.681393	0.23680125	0.81288505	1.0	False	lymph	mid	enformer
1743	8.638866	72.33453	63.695667	0.23680066	0.8128856	1.0	False	lymph	mid	enformer
5357	8.636929	72.31879	63.681858	0.23680043	0.81288576	1.0	False	lymph	mid	enformer
4193	8.640282	72.346756	63.706474	0.23680025	0.8128859	1.0	False	lymph	mid	enformer
4410	8.636681	72.31701	63.68033	0.23679928	0.8128867	1.0	False	lymph	mid	enformer
1023	8.637173	72.32172	63.684544	0.2367968	0.8128887	1.0	False	lymph	mid	enformer
789	8.638035	72.32901	63.690975	0.23679593	0.8128892	1.0	False	lymph	mid	enformer
4309	8.634438	72.302185	63.667747	0.23678362	0.81289876	1.0	False	lymph	mid	enformer
2048	8.638412	72.34507	63.706657	0.23674992	0.812925	1.0	False	lymph	mid	enformer
3641	8.638035	72.34205	63.704014	0.23674929	0.81292546	1.0	False	lymph	mid	enformer
5840	8.637436	72.33738	63.699944	0.23674798	0.8129265	1.0	False	lymph	mid	enformer
3982	8.636562	72.32998	63.693417	0.23674783	0.8129266	1.0	False	lymph	mid	enformer
1876	8.638161	72.343735	63.705574	0.2367471	0.8129272	1.0	False	lymph	mid	enformer
1508	8.638241	72.34468	63.70644	0.23674615	0.8129279	1.0	False	lymph	mid	enformer
5375	8.635559	72.32715	63.69159	0.23672792	0.812942	1.0	False	lymph	mid	enformer
5738	8.635548	72.32725	63.6917	0.23672721	0.8129426	1.0	False	lymph	mid	enformer
3142	8.635109	72.32667	63.69156	0.2367166	0.81295085	1.0	False	lymph	mid	enformer
5088	8.635822	72.33385	63.698025	0.23671204	0.81295437	1.0	False	lymph	mid	enformer
932	8.633102	72.311424	63.67832	0.23670986	0.81295604	1.0	False	lymph	mid	enformer
4511	8.63512	72.32843	63.69331	0.23670979	0.8129561	1.0	False	lymph	mid	enformer
3330	8.6322365	72.30447	63.67223	0.23670855	0.8129571	1.0	False	lymph	mid	enformer
3262	8.634506	72.32385	63.689346	0.23670755	0.81295776	1.0	False	lymph	mid	enformer
5819	8.633434	72.315125	63.68169	0.23670712	0.8129582	1.0	False	lymph	mid	enformer
3342	8.634415	72.32328	63.688866	0.23670682	0.81295836	1.0	False	lymph	mid	enformer
4192	8.632908	72.3131	63.680195	0.23669846	0.81296486	1.0	False	lymph	mid	enformer
5335	8.632992	72.31389	63.680897	0.2366982	0.8129651	1.0	False	lymph	mid	enformer
733	8.632912	72.31331	63.680397	0.2366978	0.81296545	1.0	False	lymph	mid	enformer
4092	8.635925	72.345345	63.70942	0.23667315	0.81298447	1.0	False	lymph	mid	enformer
4359	8.6349945	72.33787	63.702873	0.2366717	0.8129856	1.0	False	lymph	mid	enformer
3964	8.633678	72.32703	63.693348	0.23667073	0.8129864	1.0	False	lymph	mid	enformer
5410	8.634838	72.33716	63.70232	0.2366696	0.8129872	1.0	False	lymph	mid	enformer
4938	8.6356735	72.34457	63.708893	0.2366683	0.8129883	1.0	False	lymph	mid	enformer
528	8.635391	72.34819	63.7128	0.23664671	0.813005	1.0	False	lymph	mid	enformer
4778	8.630562	72.30765	63.677086	0.23664637	0.81300527	1.0	False	lymph	mid	enformer
5336	8.632153	72.32534	63.693188	0.23663113	0.81301713	1.0	False	lymph	mid	enformer
1686	8.631092	72.31944	63.68835	0.23661996	0.8130257	1.0	False	lymph	mid	enformer
5225	8.630714	72.31709	63.68638	0.23661758	0.8130276	1.0	False	lymph	mid	enformer
5227	8.6301155	72.3137	63.683582	0.2366118	0.8130321	1.0	False	lymph	mid	enformer
3164	8.62981	72.312454	63.682644	0.236607	0.8130358	1.0	False	lymph	mid	enformer
2274	8.631424	72.32723	63.69581	0.23660256	0.8130392	1.0	False	lymph	mid	enformer
5518	8.633438	72.34649	63.71305	0.2365942	0.8130457	1.0	False	lymph	mid	enformer
4760	8.634014	72.351494	63.71748	0.23659374	0.813046	1.0	False	lymph	mid	enformer
4321	8.631947	72.33449	63.70254	0.23659225	0.8130472	1.0	False	lymph	mid	enformer
4758	8.633942	72.35157	63.71763	0.23659128	0.81304795	1.0	False	lymph	mid	enformer
1804	8.631756	72.33394	63.702183	0.23658855	0.81305003	1.0	False	lymph	mid	enformer
2833	8.632534	72.34096	63.708424	0.23658693	0.8130513	1.0	False	lymph	mid	enformer
1171	8.630863	72.3287	63.697834	0.23658012	0.8130566	1.0	False	lymph	mid	enformer
3475	8.627766	72.30322	63.675457	0.2365789	0.81305754	1.0	False	lymph	mid	enformer
4665	8.631691	72.33632	63.704628	0.23657733	0.8130588	1.0	False	lymph	mid	enformer
79	8.629921	72.322495	63.692574	0.2365744	0.813061	1.0	False	lymph	mid	enformer
4958	8.629047	72.31839	63.689342	0.23656225	0.8130704	1.0	False	lymph	mid	enformer
5731	8.629246	72.32005	63.690807	0.23656198	0.81307065	1.0	False	lymph	mid	enformer
4459	8.629963	72.32642	63.69646	0.23656122	0.81307125	1.0	False	lymph	mid	enformer
5055	8.629902	72.32623	63.69633	0.23656005	0.8130722	1.0	False	lymph	mid	enformer
2273	8.629955	72.327324	63.69737	0.23655778	0.81307393	1.0	False	lymph	mid	enformer
4930	8.627243	72.309074	63.68183	0.23654121	0.8130868	1.0	False	lymph	mid	enformer
1436	8.629528	72.33212	63.702595	0.23652752	0.8130974	1.0	False	lymph	mid	enformer
828	8.6275215	72.32635	63.698826	0.23648743	0.8131285	1.0	False	lymph	mid	enformer
2565	8.626957	72.321815	63.69486	0.23648654	0.81312925	1.0	False	lymph	mid	enformer
5054	8.626019	72.32756	63.70154	0.23643817	0.8131667	1.0	False	lymph	mid	enformer
843	8.62521	72.32232	63.69711	0.23643245	0.81317115	1.0	False	lymph	mid	enformer
2064	8.622665	72.32456	63.701897	0.23634756	0.8132371	1.0	False	lymph	mid	enformer
5522	8.6230545	72.3284	63.705345	0.23634554	0.81323856	1.0	False	lymph	mid	enformer
1166	8.623116	72.32978	63.706665	0.23634242	0.813241	1.0	False	lymph	mid	enformer
2021	-9.291283	85.682045	94.97333	-0.2150598	0.82979405	1.0	False	lymph	mid	enformer
1019	-9.287453	85.70291	94.990364	-0.21492958	0.8298955	1.0	False	lymph	mid	enformer
5367	-9.287315	85.70264	94.98995	-0.21492729	0.82989734	1.0	False	lymph	mid	enformer
3482	-9.285629	85.697266	94.982895	-0.21490318	0.82991606	1.0	False	lymph	mid	enformer
4836	-9.284485	85.68782	94.972305	-0.21490136	0.82991755	1.0	False	lymph	mid	enformer
5467	-9.285339	85.69583	94.98117	-0.21490061	0.8299181	1.0	False	lymph	mid	enformer
5684	-9.285118	85.69547	94.98059	-0.21489668	0.8299211	1.0	False	lymph	mid	enformer
1287	-9.285072	85.69527	94.98034	-0.21489617	0.82992154	1.0	False	lymph	mid	enformer
452	-9.283119	85.684944	94.96806	-0.2148796	0.8299344	1.0	False	lymph	mid	enformer
5970	-9.283226	85.68636	94.96959	-0.21487863	0.8299352	1.0	False	lymph	mid	enformer
6129	-9.282448	85.683304	94.96575	-0.21486866	0.82994294	1.0	False	lymph	mid	enformer
1582	-9.282463	85.68473	94.96719	-0.21486571	0.8299453	1.0	False	lymph	mid	enformer
3514	-9.2817	85.67845	94.96015	-0.21486379	0.82994676	1.0	False	lymph	mid	enformer
3463	-9.282677	85.70749	94.990166	-0.21481667	0.8299835	1.0	False	lymph	mid	enformer
4663	-9.281593	85.69786	94.979454	-0.21481553	0.82998437	1.0	False	lymph	mid	enformer
280	-9.282692	85.70825	94.990944	-0.21481527	0.8299846	1.0	False	lymph	mid	enformer
1229	-9.28257	85.70732	94.98989	-0.21481478	0.82998496	1.0	False	lymph	mid	enformer
1587	-9.281616	85.69869	94.98031	-0.21481411	0.8299855	1.0	False	lymph	mid	enformer
3846	-9.282631	85.70822	94.99085	-0.21481404	0.8299856	1.0	False	lymph	mid	enformer
5026	-9.281631	85.6991	94.98073	-0.21481352	0.829986	1.0	False	lymph	mid	enformer
504	-9.280922	85.69278	94.9737	-0.21481305	0.82998633	1.0	False	lymph	mid	enformer
1235	-9.281548	85.698616	94.98016	-0.21481282	0.8299865	1.0	False	lymph	mid	enformer
1266	-9.282455	85.7076	94.99006	-0.2148117	0.8299874	1.0	False	lymph	mid	enformer
5383	-9.281403	85.70084	94.98225	-0.21480574	0.829992	1.0	False	lymph	mid	enformer
4628	-9.278511	85.68445	94.96296	-0.21478221	0.83001035	1.0	False	lymph	mid	enformer
2351	-9.276062	85.699326	94.97539	-0.21469446	0.8300787	1.0	False	lymph	mid	enformer
5460	-9.2760315	85.70177	94.9778	-0.21468824	0.83008355	1.0	False	lymph	mid	enformer
5935	-9.275894	85.70187	94.97777	-0.21468504	0.83008605	1.0	False	lymph	mid	enformer
4550	-9.274963	85.69387	94.968834	-0.2146841	0.8300868	1.0	False	lymph	mid	enformer
2639	-9.275017	85.695076	94.97009	-0.21468249	0.830088	1.0	False	lymph	mid	enformer
2084	-9.275955	85.70343	94.979385	-0.21468244	0.8300881	1.0	False	lymph	mid	enformer
3864	-9.274918	85.694244	94.96916	-0.21468228	0.8300882	1.0	False	lymph	mid	enformer
2424	-9.2749405	85.694496	94.96944	-0.21468219	0.83008826	1.0	False	lymph	mid	enformer
251	-9.275887	85.70331	94.979195	-0.21468127	0.83008903	1.0	False	lymph	mid	enformer
1275	-9.274849	85.69454	94.96939	-0.21468012	0.8300899	1.0	False	lymph	mid	enformer
217	-9.274811	85.6948	94.96961	-0.21467873	0.830091	1.0	False	lymph	mid	enformer
5354	-9.275764	85.70347	94.97923	-0.21467824	0.8300914	1.0	False	lymph	mid	enformer
1531	-9.275665	85.70356	94.979225	-0.21467593	0.83009315	1.0	False	lymph	mid	enformer
4123	-9.270706	85.70539	94.9761	-0.21456675	0.8301782	1.0	False	lymph	mid	enformer
1461	-9.269737	85.696945	94.96668	-0.21456635	0.83017856	1.0	False	lymph	mid	enformer
4325	-9.270462	85.70341	94.97387	-0.21456604	0.83017874	1.0	False	lymph	mid	enformer
1549	-9.269768	85.69756	94.96733	-0.21456526	0.8301794	1.0	False	lymph	mid	enformer
2805	-9.270866	85.71537	94.98624	-0.2145471	0.8301936	1.0	False	lymph	mid	enformer
2261	-9.2717285	85.72363	94.99536	-0.21454674	0.8301939	1.0	False	lymph	mid	enformer
5182	-9.271645	85.723175	94.99482	-0.21454598	0.8301944	1.0	False	lymph	mid	enformer
4307	-9.270645	85.71416	94.9848	-0.21454516	0.83019507	1.0	False	lymph	mid	enformer
3591	-9.268364	85.69883	94.96719	-0.21453233	0.8302051	1.0	False	lymph	mid	enformer
981	-9.267014	85.73451	95.001526	-0.21442169	0.83029133	1.0	False	lymph	mid	enformer
3501	-9.267975	85.74374	95.01171	-0.21442121	0.8302917	1.0	False	lymph	mid	enformer
4408	-9.261093	85.7049	94.965996	-0.21436344	0.8303367	1.0	False	lymph	mid	enformer
2062	-9.259666	85.72877	94.988434	-0.21427718	0.830404	1.0	False	lymph	mid	enformer
3478	-9.258743	85.72053	94.97927	-0.21427622	0.8304047	1.0	False	lymph	mid	enformer
2186	-9.259628	85.72962	94.98925	-0.21427442	0.83040607	1.0	False	lymph	mid	enformer
4504	-9.258652	85.72088	94.97953	-0.21427348	0.83040684	1.0	False	lymph	mid	enformer
6079	-9.258636	85.72084	94.97948	-0.21427324	0.830407	1.0	False	lymph	mid	enformer
5047	-9.259605	85.7301	94.98971	-0.21427284	0.8304073	1.0	False	lymph	mid	enformer
3295	-9.253998	85.6781	94.9321	-0.21427272	0.83040744	1.0	False	lymph	mid	enformer
3780	-9.25766	85.71233	94.96999	-0.2142725	0.83040756	1.0	False	lymph	mid	enformer
2238	-9.25927	85.72792	94.98719	-0.21427108	0.8304087	1.0	False	lymph	mid	enformer
4583	-9.258308	85.71912	94.977425	-0.2142706	0.83040905	1.0	False	lymph	mid	enformer
953	-9.259384	85.72951	94.98889	-0.21426994	0.8304096	1.0	False	lymph	mid	enformer
104	-9.2582245	85.71909	94.97732	-0.2142689	0.83041036	1.0	False	lymph	mid	enformer
5292	-9.255676	85.71642	94.9721	-0.21422131	0.83044755	1.0	False	lymph	mid	enformer
4973	-9.253731	85.69837	94.9521	-0.2142213	0.83044755	1.0	False	lymph	mid	enformer
3215	-9.255997	85.73952	94.995514	-0.21417414	0.8304843	1.0	False	lymph	mid	enformer
225	-9.2558975	85.738594	94.99449	-0.2141741	0.83048433	1.0	False	lymph	mid	enformer
4765	-9.2550125	85.73029	94.985306	-0.214174	0.8304844	1.0	False	lymph	mid	enformer
3741	-9.255058	85.730736	94.985794	-0.21417399	0.8304844	1.0	False	lymph	mid	enformer
5231	-9.255943	85.73938	94.99532	-0.21417327	0.830485	1.0	False	lymph	mid	enformer
5953	-9.255959	85.73971	94.99567	-0.21417287	0.8304853	1.0	False	lymph	mid	enformer
3540	-9.255974	85.74008	94.996056	-0.21417235	0.8304857	1.0	False	lymph	mid	enformer
1429	-9.254959	85.73066	94.98562	-0.21417205	0.83048594	1.0	False	lymph	mid	enformer
431	-9.254944	85.73067	94.98561	-0.2141717	0.83048624	1.0	False	lymph	mid	enformer
668	-9.255768	85.73871	94.99448	-0.21417105	0.83048666	1.0	False	lymph	mid	enformer
3062	-9.254959	85.73144	94.9864	-0.21417028	0.8304873	1.0	False	lymph	mid	enformer
3095	-9.254898	85.731316	94.98621	-0.21416923	0.83048815	1.0	False	lymph	mid	enformer
1855	-9.254822	85.73136	94.98618	-0.2141675	0.83048946	1.0	False	lymph	mid	enformer
2674	-9.254601	85.72974	94.98434	-0.21416648	0.83049023	1.0	False	lymph	mid	enformer
3158	-9.252647	85.713715	94.96636	-0.21416223	0.83049357	1.0	False	lymph	mid	enformer
1172	-9.252457	85.71254	94.965	-0.21416081	0.83049464	1.0	False	lymph	mid	enformer
4929	-9.252396	85.71277	94.965164	-0.21415901	0.8304961	1.0	False	lymph	mid	enformer
4040	-9.253319	85.72226	94.97558	-0.2141564	0.8304981	1.0	False	lymph	mid	enformer
2347	-9.248344	85.69361	94.941956	-0.21411711	0.8305287	1.0	False	lymph	mid	enformer
5702	-9.249329	85.70268	94.95201	-0.21411718	0.8305287	1.0	False	lymph	mid	enformer
1589	-9.248245	85.693344	94.94159	-0.21411562	0.8305299	1.0	False	lymph	mid	enformer
1642	-9.248123	85.69421	94.94233	-0.21411097	0.8305335	1.0	False	lymph	mid	enformer
526	-9.253372	85.74316	94.99653	-0.21410999	0.8305342	1.0	False	lymph	mid	enformer
988	-9.25399	85.74946	95.00345	-0.2141087	0.8305352	1.0	False	lymph	mid	enformer
5555	-9.253853	85.748695	95.00255	-0.21410751	0.8305362	1.0	False	lymph	mid	enformer
739	-9.253937	85.749825	95.00376	-0.21410675	0.8305368	1.0	False	lymph	mid	enformer
688	-9.253853	85.749275	95.00313	-0.21410622	0.83053726	1.0	False	lymph	mid	enformer
391	-9.248749	85.717705	94.96645	-0.21406905	0.8305661	1.0	False	lymph	mid	enformer
595	-9.250206	85.733055	94.98326	-0.21406461	0.83056957	1.0	False	lymph	mid	enformer
1614	-9.249474	85.72627	94.975746	-0.21406433	0.83056986	1.0	False	lymph	mid	enformer
334	-9.249886	85.7309	94.98079	-0.21406266	0.8305711	1.0	False	lymph	mid	enformer
2368	-9.238892	85.68844	94.92733	-0.21392733	0.8306767	1.0	False	lymph	mid	enformer
4389	-9.239746	85.6966	94.93635	-0.2139263	0.83067745	1.0	False	lymph	mid	enformer
5486	-9.239647	85.69612	94.93577	-0.21392526	0.8306782	1.0	False	lymph	mid	enformer
84	-9.23951	85.69656	94.93607	-0.21392132	0.8306813	1.0	False	lymph	mid	enformer
2141	-9.241226	85.713936	94.95516	-0.21391778	0.8306841	1.0	False	lymph	mid	enformer
2685	-9.241692	85.72941	94.9711	-0.21389228	0.830704	1.0	False	lymph	mid	enformer
4581	-9.241669	85.72985	94.97152	-0.21389079	0.83070517	1.0	False	lymph	mid	enformer
4210	-9.240952	85.72349	94.96444	-0.21388985	0.8307059	1.0	False	lymph	mid	enformer
603	-9.24176	85.73114	94.9729	-0.21388982	0.83070594	1.0	False	lymph	mid	enformer
1900	-9.242622	85.73898	94.981606	-0.21388967	0.83070606	1.0	False	lymph	mid	enformer
1308	-9.240166	85.71639	94.95656	-0.21388923	0.83070636	1.0	False	lymph	mid	enformer
3800	-9.241608	85.729996	94.9716	-0.21388914	0.8307064	1.0	False	lymph	mid	enformer
6121	-9.2406845	85.7214	94.96208	-0.21388896	0.83070654	1.0	False	lymph	mid	enformer
1574	-9.240669	85.72172	94.96239	-0.21388793	0.8307074	1.0	False	lymph	mid	enformer
1774	-9.24015	85.71704	94.95719	-0.21388744	0.8307078	1.0	False	lymph	mid	enformer
5666	-9.240913	85.724396	94.96531	-0.21388699	0.8307081	1.0	False	lymph	mid	enformer
3573	-9.241257	85.72979	94.97105	-0.2138821	0.8307119	1.0	False	lymph	mid	enformer
5402	-9.241753	85.73754	94.979294	-0.21387507	0.8307174	1.0	False	lymph	mid	enformer
2293	-9.240044	85.72302	94.963066	-0.2138723	0.83071953	1.0	False	lymph	mid	enformer
5622	-9.240616	85.735054	94.97567	-0.21385652	0.8307318	1.0	False	lymph	mid	enformer
5032	-9.240959	85.74639	94.98735	-0.21383828	0.83074605	1.0	False	lymph	mid	enformer
4788	-9.240852	85.74656	94.98741	-0.2138356	0.83074814	1.0	False	lymph	mid	enformer
4923	-9.240883	85.7469	94.987785	-0.2138355	0.83074826	1.0	False	lymph	mid	enformer
4108	-9.240784	85.7462	94.986984	-0.21383496	0.8307486	1.0	False	lymph	mid	enformer
2149	-9.240791	85.74644	94.98723	-0.2138346	0.830749	1.0	False	lymph	mid	enformer
2097	-9.240723	85.74596	94.98668	-0.21383418	0.8307493	1.0	False	lymph	mid	enformer
1802	-9.240097	85.74019	94.980286	-0.21383412	0.83074933	1.0	False	lymph	mid	enformer
3560	-9.240105	85.740456	94.98056	-0.21383366	0.83074963	1.0	False	lymph	mid	enformer
2078	-9.240036	85.73982	94.97986	-0.21383364	0.83074963	1.0	False	lymph	mid	enformer
654	-9.2407	85.746025	94.986725	-0.21383356	0.8307497	1.0	False	lymph	mid	enformer
2269	-9.240715	85.74642	94.98714	-0.21383299	0.8307501	1.0	False	lymph	mid	enformer
4571	-9.240723	85.74653	94.98725	-0.21383293	0.8307502	1.0	False	lymph	mid	enformer
5713	-9.240761	85.74749	94.98825	-0.21383153	0.8307513	1.0	False	lymph	mid	enformer
4585	-9.240616	85.74637	94.986984	-0.213831	0.8307518	1.0	False	lymph	mid	enformer
493	-9.240601	85.74626	94.98686	-0.21383087	0.83075184	1.0	False	lymph	mid	enformer
5129	-9.23436	85.6958	94.93016	-0.21381347	0.83076537	1.0	False	lymph	mid	enformer
3714	-9.237358	85.732574	94.96993	-0.21379279	0.8307815	1.0	False	lymph	mid	enformer
3731	-9.23893	85.75926	94.99819	-0.21376526	0.830803	1.0	False	lymph	mid	enformer
3923	-9.237816	85.74981	94.987625	-0.21376286	0.83080477	1.0	False	lymph	mid	enformer
4826	-9.236816	85.74008	94.9769	-0.21376272	0.83080494	1.0	False	lymph	mid	enformer
4762	-9.237938	85.751045	94.98898	-0.21376267	0.830805	1.0	False	lymph	mid	enformer
2460	-9.235741	85.73041	94.96615	-0.21376243	0.8308051	1.0	False	lymph	mid	enformer
2937	-9.235664	85.730255	94.96592	-0.21376114	0.83080614	1.0	False	lymph	mid	enformer
1169	-9.232956	85.71437	94.94733	-0.21374017	0.8308225	1.0	False	lymph	mid	enformer
4816	-9.232101	85.70651	94.938614	-0.21373974	0.8308228	1.0	False	lymph	mid	enformer
4631	-9.232826	85.71407	94.9469	-0.21373805	0.83082414	1.0	False	lymph	mid	enformer
125	-9.228943	85.70428	94.93322	-0.21367753	0.83087134	1.0	False	lymph	mid	enformer
6114	-9.228958	85.704414	94.93337	-0.21367756	0.83087134	1.0	False	lymph	mid	enformer
5038	-9.229004	85.704956	94.93396	-0.21367729	0.8308716	1.0	False	lymph	mid	enformer
686	-9.228317	85.69951	94.927826	-0.21367572	0.8308728	1.0	False	lymph	mid	enformer
2791	-9.230782	85.72234	94.953125	-0.21367532	0.8308731	1.0	False	lymph	mid	enformer
2065	-9.227974	85.69707	94.92504	-0.21367425	0.8308739	1.0	False	lymph	mid	enformer
1474	-9.2295685	85.71289	94.94246	-0.21367133	0.8308762	1.0	False	lymph	mid	enformer
3110	-9.229797	85.726654	94.95645	-0.21364483	0.83089685	1.0	False	lymph	mid	enformer
4604	-9.231842	85.745865	94.97771	-0.213644	0.8308975	1.0	False	lymph	mid	enformer
6125	-9.231857	85.74604	94.9779	-0.2136439	0.83089757	1.0	False	lymph	mid	enformer
2835	-9.228691	85.716705	94.9454	-0.21364346	0.830898	1.0	False	lymph	mid	enformer
5304	-9.2319565	85.747314	94.97927	-0.21364315	0.8308981	1.0	False	lymph	mid	enformer
51	-9.228592	85.71682	94.94541	-0.21364172	0.8308993	1.0	False	lymph	mid	enformer
95	-9.231842	85.746925	94.97877	-0.2136416	0.83089936	1.0	False	lymph	mid	enformer
2462	-9.230286	85.73283	94.96311	-0.21364129	0.83089966	1.0	False	lymph	mid	enformer
4257	-9.227531	85.707115	94.93465	-0.2136411	0.8308998	1.0	False	lymph	mid	enformer
1133	-9.227669	85.7085	94.93617	-0.21364088	0.83089995	1.0	False	lymph	mid	enformer
3101	-9.231827	85.74715	94.97897	-0.21364078	0.8309	1.0	False	lymph	mid	enformer
1752	-9.227539	85.70737	94.934906	-0.21364067	0.83090013	1.0	False	lymph	mid	enformer
5635	-9.227463	85.7068	94.934265	-0.21364035	0.8309004	1.0	False	lymph	mid	enformer
2726	-9.228386	85.71553	94.94392	-0.21364023	0.8309005	1.0	False	lymph	mid	enformer
2814	-9.228256	85.71448	94.94273	-0.21363987	0.83090067	1.0	False	lymph	mid	enformer
1521	-9.231827	85.74747	94.979294	-0.21364002	0.83090067	1.0	False	lymph	mid	enformer
1512	-9.226532	85.69858	94.92511	-0.21363983	0.8309007	1.0	False	lymph	mid	enformer
4828	-9.227577	85.70812	94.9357	-0.21363978	0.8309008	1.0	False	lymph	mid	enformer
1773	-9.23172	85.746635	94.978355	-0.21363965	0.8309009	1.0	False	lymph	mid	enformer
2018	-9.228424	85.71628	94.9447	-0.21363935	0.83090115	1.0	False	lymph	mid	enformer
4194	-9.228294	85.7151	94.9434	-0.21363926	0.8309012	1.0	False	lymph	mid	enformer
5181	-9.228416	85.71632	94.94473	-0.21363913	0.83090127	1.0	False	lymph	mid	enformer
4333	-9.227371	85.70654	94.933914	-0.21363896	0.8309014	1.0	False	lymph	mid	enformer
4253	-9.227547	85.708206	94.93575	-0.21363895	0.83090144	1.0	False	lymph	mid	enformer
24	-9.227493	85.70776	94.93526	-0.21363883	0.8309015	1.0	False	lymph	mid	enformer
4115	-9.227455	85.7075	94.93495	-0.2136386	0.83090174	1.0	False	lymph	mid	enformer
1355	-9.227272	85.70692	94.93419	-0.21363601	0.8309037	1.0	False	lymph	mid	enformer
1044	-9.23185	85.74834	94.98019	-0.21363576	0.83090395	1.0	False	lymph	mid	enformer
1170	-9.228264	85.71653	94.94479	-0.21363537	0.83090425	1.0	False	lymph	mid	enformer
1643	-9.232643	85.75616	94.9888	-0.21363495	0.83090454	1.0	False	lymph	mid	enformer
1570	-9.232613	85.75659	94.989204	-0.21363334	0.8309058	1.0	False	lymph	mid	enformer
881	-9.232491	85.755455	94.987946	-0.21363325	0.83090585	1.0	False	lymph	mid	enformer
2721	-9.233589	85.76616	94.99975	-0.21363254	0.83090645	1.0	False	lymph	mid	enformer
1668	-9.233391	85.76435	94.99774	-0.21363239	0.83090657	1.0	False	lymph	mid	enformer
4097	-9.232765	85.75845	94.99122	-0.21363236	0.83090657	1.0	False	lymph	mid	enformer
2346	-9.232468	85.75566	94.98813	-0.21363233	0.8309066	1.0	False	lymph	mid	enformer
5893	-9.232643	85.75732	94.98996	-0.21363232	0.8309066	1.0	False	lymph	mid	enformer
4071	-9.232574	85.75684	94.98942	-0.21363194	0.8309069	1.0	False	lymph	mid	enformer
1827	-9.232468	85.755905	94.98837	-0.21363176	0.83090705	1.0	False	lymph	mid	enformer
2985	-9.23362	85.76691	95.00053	-0.2136315	0.8309072	1.0	False	lymph	mid	enformer
3108	-9.2335205	85.765976	94.9995	-0.21363148	0.8309073	1.0	False	lymph	mid	enformer
1831	-9.233437	85.765236	94.99867	-0.21363135	0.83090734	1.0	False	lymph	mid	enformer
4956	-9.231712	85.74903	94.98074	-0.21363126	0.83090746	1.0	False	lymph	mid	enformer
1862	-9.232552	85.757	94.989555	-0.2136311	0.8309076	1.0	False	lymph	mid	enformer
6086	-9.232574	85.75725	94.98982	-0.21363103	0.83090764	1.0	False	lymph	mid	enformer
1198	-9.232384	85.755455	94.98784	-0.21363099	0.8309077	1.0	False	lymph	mid	enformer
1890	-9.233398	85.76517	94.998566	-0.21363072	0.8309079	1.0	False	lymph	mid	enformer
2003	-9.231743	85.74971	94.98145	-0.21363038	0.8309082	1.0	False	lymph	mid	enformer
2102	-9.232529	85.75715	94.98968	-0.21363024	0.8309083	1.0	False	lymph	mid	enformer
4735	-9.231621	85.74888	94.9805	-0.21362963	0.8309087	1.0	False	lymph	mid	enformer
5931	-9.23259	85.75807	94.99066	-0.21362948	0.83090883	1.0	False	lymph	mid	enformer
4453	-9.232506	85.757324	94.98983	-0.21362936	0.8309089	1.0	False	lymph	mid	enformer
5472	-9.232384	85.756615	94.989	-0.21362837	0.83090967	1.0	False	lymph	mid	enformer
4098	-9.225494	85.69825	94.923744	-0.2136184	0.8309175	1.0	False	lymph	mid	enformer
2596	-9.223541	85.68051	94.90405	-0.21361718	0.83091843	1.0	False	lymph	mid	enformer
776	-9.22657	85.71747	94.94404	-0.2135973	0.8309339	1.0	False	lymph	mid	enformer
1955	-9.224655	85.70072	94.92538	-0.21359509	0.83093566	1.0	False	lymph	mid	enformer
5280	-9.2265625	85.746	94.972565	-0.21353112	0.8309855	1.0	False	lymph	mid	enformer
2058	-9.226532	85.747086	94.97362	-0.21352802	0.8309879	1.0	False	lymph	mid	enformer
1421	-9.226326	85.746475	94.9728	-0.21352501	0.83099025	1.0	False	lymph	mid	enformer
5045	-9.226761	85.751656	94.97842	-0.213523	0.8309918	1.0	False	lymph	mid	enformer
5128	-9.226799	85.75203	94.97883	-0.21352296	0.83099186	1.0	False	lymph	mid	enformer
4848	-9.227562	85.76038	94.987946	-0.2135203	0.8309939	1.0	False	lymph	mid	enformer
4854	-9.226601	85.751305	94.977905	-0.21352036	0.8309939	1.0	False	lymph	mid	enformer
4662	-9.221184	85.710365	94.93155	-0.21349838	0.83101094	1.0	False	lymph	mid	enformer
4684	-9.221313	85.71317	94.93449	-0.21349402	0.83101434	1.0	False	lymph	mid	enformer
1097	-9.222855	85.747765	94.97062	-0.21344912	0.8310493	1.0	False	lymph	mid	enformer
3351	-9.222694	85.746925	94.96962	-0.21344759	0.8310506	1.0	False	lymph	mid	enformer
5306	-9.222778	85.748146	94.970924	-0.21344662	0.8310513	1.0	False	lymph	mid	enformer
1029	-9.222557	85.74765	94.97021	-0.21344303	0.83105415	1.0	False	lymph	mid	enformer
2837	-9.222549	85.74782	94.97037	-0.21344247	0.8310545	1.0	False	lymph	mid	enformer
4865	-9.21994	85.72435	94.94429	-0.21343866	0.8310575	1.0	False	lymph	mid	enformer
1005	-9.220444	85.73309	94.95354	-0.21343012	0.83106416	1.0	False	lymph	mid	enformer
1656	-9.21804	85.71488	94.93292	-0.2134198	0.8310722	1.0	False	lymph	mid	enformer
273	-9.219612	85.729866	94.94948	-0.21341944	0.83107245	1.0	False	lymph	mid	enformer
2638	-9.218964	85.72383	94.942795	-0.21341921	0.8310726	1.0	False	lymph	mid	enformer
403	-9.217941	85.7142	94.932144	-0.2134192	0.8310727	1.0	False	lymph	mid	enformer
3005	-9.218498	85.72328	94.94178	-0.21341106	0.831079	1.0	False	lymph	mid	enformer
2366	-9.220276	85.749306	94.96958	-0.21339014	0.8310954	1.0	False	lymph	mid	enformer
4524	-9.219894	85.74817	94.96806	-0.21338455	0.83109975	1.0	False	lymph	mid	enformer
5829	-9.21833	85.733406	94.95174	-0.21338405	0.83110017	1.0	False	lymph	mid	enformer
5742	-9.219719	85.74684	94.96656	-0.21338378	0.83110034	1.0	False	lymph	mid	enformer
3505	-9.21843	85.734604	94.95303	-0.21338299	0.83110094	1.0	False	lymph	mid	enformer
2553	-9.219688	85.7469	94.96659	-0.21338296	0.831101	1.0	False	lymph	mid	enformer
5868	-9.2170105	85.72209	94.9391	-0.21338242	0.83110136	1.0	False	lymph	mid	enformer
4458	-9.219147	85.74178	94.96093	-0.2133821	0.83110166	1.0	False	lymph	mid	enformer
2364	-9.218117	85.73343	94.951546	-0.21337946	0.8311037	1.0	False	lymph	mid	enformer
2525	-9.2165985	85.72156	94.938156	-0.21337481	0.8311073	1.0	False	lymph	mid	enformer
2511	-9.220825	85.7607	94.98152	-0.21337433	0.83110774	1.0	False	lymph	mid	enformer
1561	-9.221008	85.762634	94.98364	-0.21337382	0.83110815	1.0	False	lymph	mid	enformer
5327	-9.219994	85.75434	94.974335	-0.2133709	0.8311104	1.0	False	lymph	mid	enformer
5790	-9.220871	85.76272	94.98359	-0.21337074	0.8311105	1.0	False	lymph	mid	enformer
5658	-9.216614	85.7242	94.94081	-0.2133686	0.8311122	1.0	False	lymph	mid	enformer
584	-9.216522	85.72542	94.94194	-0.21336386	0.8311159	1.0	False	lymph	mid	enformer
2907	-9.220169	85.76832	94.98849	-0.2133438	0.8311315	1.0	False	lymph	mid	enformer
5812	-9.21843	85.752426	94.970856	-0.21334335	0.8311319	1.0	False	lymph	mid	enformer
3721	-9.215759	85.74437	94.96013	-0.21330369	0.8311627	1.0	False	lymph	mid	enformer
872	-9.215797	85.744995	94.96079	-0.2133031	0.83116317	1.0	False	lymph	mid	enformer
5406	-9.214775	85.741394	94.95617	-0.21328872	0.83117443	1.0	False	lymph	mid	enformer
4723	-9.213997	85.73569	94.949684	-0.21328546	0.831177	1.0	False	lymph	mid	enformer
1693	-9.211594	85.72479	94.936386	-0.21326049	0.8311964	1.0	False	lymph	mid	enformer
693	-9.212593	85.73436	94.94695	-0.21326013	0.83119667	1.0	False	lymph	mid	enformer
2094	-9.214325	85.75233	94.96665	-0.21325572	0.8312002	1.0	False	lymph	mid	enformer
5500	-9.214279	85.75263	94.96691	-0.21325408	0.83120143	1.0	False	lymph	mid	enformer
1351	-9.2144165	85.754776	94.96919	-0.21325245	0.83120275	1.0	False	lymph	mid	enformer
419	-9.2127	85.739174	94.95187	-0.21325175	0.8312032	1.0	False	lymph	mid	enformer
4615	-9.21347	85.74654	94.96001	-0.21325092	0.8312039	1.0	False	lymph	mid	enformer
2737	-9.213249	85.745804	94.95905	-0.21324785	0.8312062	1.0	False	lymph	mid	enformer
2784	-9.213211	85.74629	94.9595	-0.21324593	0.83120775	1.0	False	lymph	mid	enformer
2375	-9.208389	85.71417	94.92256	-0.21321657	0.8312307	1.0	False	lymph	mid	enformer
1225	-9.208366	85.713974	94.92234	-0.21321653	0.8312307	1.0	False	lymph	mid	enformer
1199	-9.204796	85.686226	94.89102	-0.21320322	0.8312411	1.0	False	lymph	mid	enformer
3132	-9.211433	85.75701	94.968445	-0.21318328	0.8312567	1.0	False	lymph	mid	enformer
2679	-9.210533	85.74876	94.95929	-0.21318269	0.8312571	1.0	False	lymph	mid	enformer
2321	-9.21035	85.7474	94.95775	-0.21318191	0.8312577	1.0	False	lymph	mid	enformer
5324	-9.209518	85.74032	94.94984	-0.21318081	0.83125854	1.0	False	lymph	mid	enformer
3194	-9.212044	85.76358	94.975624	-0.21318074	0.8312586	1.0	False	lymph	mid	enformer
4399	-9.211807	85.762314	94.97412	-0.21317855	0.83126026	1.0	False	lymph	mid	enformer
3058	-9.210701	85.761734	94.972435	-0.21315655	0.83127743	1.0	False	lymph	mid	enformer
5823	-9.207199	85.735756	94.942955	-0.21314105	0.8312895	1.0	False	lymph	mid	enformer
2431	-9.208084	85.74429	94.95238	-0.21314053	0.83128995	1.0	False	lymph	mid	enformer
3434	-9.207977	85.74472	94.9527	-0.21313678	0.83129287	1.0	False	lymph	mid	enformer
5696	-9.207237	85.741585	94.94882	-0.2131292	0.83129877	1.0	False	lymph	mid	enformer
940	-9.208099	85.74995	94.958046	-0.21312805	0.83129966	1.0	False	lymph	mid	enformer
4401	-9.208855	85.76523	94.97408	-0.21310917	0.8313143	1.0	False	lymph	mid	enformer
4357	-9.208847	85.76567	94.97452	-0.213108	0.8313153	1.0	False	lymph	mid	enformer
3473	-9.203407	85.71559	94.919	-0.2131063	0.83131665	1.0	False	lymph	mid	enformer
5730	-9.207748	85.75636	94.96411	-0.21310629	0.83131665	1.0	False	lymph	mid	enformer
683	-9.203377	85.71598	94.91936	-0.21310475	0.83131784	1.0	False	lymph	mid	enformer
4495	-9.206802	85.74873	94.955536	-0.21310337	0.831319	1.0	False	lymph	mid	enformer
3730	-9.205017	85.748146	94.95316	-0.21306612	0.83134794	1.0	False	lymph	mid	enformer
882	-9.2042465	85.74154	94.945786	-0.21306522	0.83134866	1.0	False	lymph	mid	enformer
3684	-9.205338	85.75153	94.95687	-0.21306506	0.8313488	1.0	False	lymph	mid	enformer
611	-9.205078	85.74936	94.95444	-0.21306469	0.83134913	1.0	False	lymph	mid	enformer
448	-9.205238	85.75147	94.95671	-0.21306333	0.8313502	1.0	False	lymph	mid	enformer
695	-9.205322	85.75261	94.95793	-0.21306264	0.8313507	1.0	False	lymph	mid	enformer
120	-9.205124	85.750984	94.95611	-0.2130617	0.83135146	1.0	False	lymph	mid	enformer
5920	-9.201111	85.73458	94.93569	-0.21301419	0.8313885	1.0	False	lymph	mid	enformer
1972	-9.200172	85.72622	94.92639	-0.21301375	0.83138883	1.0	False	lymph	mid	enformer
3693	-9.201126	85.7359	94.93703	-0.2130115	0.83139056	1.0	False	lymph	mid	enformer
4250	-9.199791	85.7253	94.925095	-0.21300621	0.8313947	1.0	False	lymph	mid	enformer
6062	-9.2007675	85.73429	94.93506	-0.21300605	0.8313948	1.0	False	lymph	mid	enformer
3338	-9.200684	85.73347	94.93415	-0.21300608	0.8313948	1.0	False	lymph	mid	enformer
1024	-9.200478	85.7324	94.93288	-0.21300411	0.83139634	1.0	False	lymph	mid	enformer
1730	-9.200554	85.73312	94.93368	-0.21300413	0.83139634	1.0	False	lymph	mid	enformer
3115	-9.200592	85.73443	94.93502	-0.21300198	0.83139795	1.0	False	lymph	mid	enformer
3449	-9.200195	85.73232	94.93252	-0.21299823	0.8314009	1.0	False	lymph	mid	enformer
4949	-9.200981	85.74275	94.94373	-0.2129926	0.8314053	1.0	False	lymph	mid	enformer
541	-9.201004	85.74357	94.94457	-0.21299124	0.83140635	1.0	False	lymph	mid	enformer
4240	-9.201103	85.74447	94.94557	-0.21299115	0.8314065	1.0	False	lymph	mid	enformer
1699	-9.200195	85.73635	94.93655	-0.21299027	0.83140707	1.0	False	lymph	mid	enformer
2736	-9.200874	85.74289	94.94376	-0.21298999	0.8314073	1.0	False	lymph	mid	enformer
5502	-9.201851	85.75189	94.95374	-0.21298987	0.83140737	1.0	False	lymph	mid	enformer
2879	-9.200523	85.740005	94.94053	-0.21298984	0.8314074	1.0	False	lymph	mid	enformer
3954	-9.200081	85.73566	94.93574	-0.21298943	0.8314077	1.0	False	lymph	mid	enformer
52	-9.200165	85.737236	94.9374	-0.21298768	0.83140916	1.0	False	lymph	mid	enformer
5470	-9.200905	85.744225	94.94513	-0.21298745	0.83140934	1.0	False	lymph	mid	enformer
3014	-9.199997	85.736145	94.93614	-0.21298653	0.83141	1.0	False	lymph	mid	enformer
110	-9.200905	85.74468	94.94559	-0.21298644	0.83141005	1.0	False	lymph	mid	enformer
1538	-9.20092	85.7448	94.94572	-0.2129865	0.83141005	1.0	False	lymph	mid	enformer
3162	-9.200928	85.74517	94.9461	-0.21298502	0.8314111	1.0	False	lymph	mid	enformer
5077	-9.199959	85.73651	94.93647	-0.21298489	0.8314113	1.0	False	lymph	mid	enformer
3333	-9.19989	85.736	94.93589	-0.21298379	0.83141214	1.0	False	lymph	mid	enformer
5683	-9.200722	85.744934	94.945656	-0.21298198	0.83141357	1.0	False	lymph	mid	enformer
527	-9.199791	85.73632	94.93611	-0.21298096	0.83141434	1.0	False	lymph	mid	enformer
5463	-9.199768	85.73615	94.93592	-0.21298085	0.83141446	1.0	False	lymph	mid	enformer
3607	-9.199692	85.73565	94.93534	-0.21298034	0.8314148	1.0	False	lymph	mid	enformer
4670	-9.1987	85.72673	94.92543	-0.21298005	0.83141506	1.0	False	lymph	mid	enformer
3457	-9.199738	85.73666	94.93639	-0.21297903	0.8314159	1.0	False	lymph	mid	enformer
3649	-9.199692	85.736496	94.93619	-0.21297845	0.8314163	1.0	False	lymph	mid	enformer
3390	-9.198746	85.727974	94.92672	-0.21297821	0.8314165	1.0	False	lymph	mid	enformer
5648	-9.199783	85.73969	94.939476	-0.21297325	0.8314203	1.0	False	lymph	mid	enformer
2925	-9.201202	85.753136	94.95434	-0.21297278	0.8314207	1.0	False	lymph	mid	enformer
1122	-9.200455	85.74641	94.94686	-0.2129725	0.8314209	1.0	False	lymph	mid	enformer
1234	-9.200287	85.74484	94.94513	-0.21297246	0.83142096	1.0	False	lymph	mid	enformer
3624	-9.20018	85.74414	94.94432	-0.21297178	0.8314215	1.0	False	lymph	mid	enformer
5442	-9.201088	85.753395	94.95448	-0.2129698	0.83142304	1.0	False	lymph	mid	enformer
156	-9.197014	85.72024	94.91725	-0.21295905	0.83143145	1.0	False	lymph	mid	enformer
5117	-9.198349	85.73378	94.93213	-0.21295644	0.8314334	1.0	False	lymph	mid	enformer
3240	-9.196739	85.71937	94.91611	-0.21295513	0.83143455	1.0	False	lymph	mid	enformer
3639	-9.198471	85.75252	94.95099	-0.21291643	0.83146465	1.0	False	lymph	mid	enformer
3307	-9.199715	85.76792	94.967636	-0.21290824	0.8314711	1.0	False	lymph	mid	enformer
212	-9.199867	85.76942	94.969284	-0.2129081	0.83147115	1.0	False	lymph	mid	enformer
1592	-9.199738	85.7686	94.96834	-0.21290721	0.83147186	1.0	False	lymph	mid	enformer
2957	-9.199684	85.768486	94.96817	-0.21290632	0.8314725	1.0	False	lymph	mid	enformer
1597	-9.198776	85.76064	94.95942	-0.21290466	0.8314738	1.0	False	lymph	mid	enformer
1929	-9.197784	85.75435	94.95213	-0.21289751	0.8314794	1.0	False	lymph	mid	enformer
625	-9.195984	85.738846	94.93483	-0.21289419	0.831482	1.0	False	lymph	mid	enformer
794	-9.19558	85.73597	94.93155	-0.21289282	0.83148307	1.0	False	lymph	mid	enformer
3012	-9.196548	85.74539	94.94194	-0.21289134	0.83148426	1.0	False	lymph	mid	enformer
4490	-9.194794	85.730255	94.92505	-0.21288805	0.8314869	1.0	False	lymph	mid	enformer
5034	-9.194954	85.73191	94.926865	-0.21288769	0.83148706	1.0	False	lymph	mid	enformer
5845	-9.194862	85.7313	94.92616	-0.21288715	0.8314875	1.0	False	lymph	mid	enformer
4563	-9.1949005	85.73244	94.92734	-0.2128854	0.83148885	1.0	False	lymph	mid	enformer
4565	-9.194519	85.73004	94.92456	-0.21288265	0.83149093	1.0	False	lymph	mid	enformer
4901	-9.194817	85.73294	94.92776	-0.21288256	0.8314911	1.0	False	lymph	mid	enformer
2922	-9.193871	85.72448	94.91835	-0.21288149	0.83149195	1.0	False	lymph	mid	enformer
2039	-9.19059	85.69625	94.88684	-0.2128781	0.83149457	1.0	False	lymph	mid	enformer
2556	-9.194763	85.752014	94.94678	-0.21283852	0.83152544	1.0	False	lymph	mid	enformer
503	-9.193565	85.74155	94.93511	-0.21283676	0.83152676	1.0	False	lymph	mid	enformer
416	-9.194183	85.747665	94.94185	-0.21283603	0.83152735	1.0	False	lymph	mid	enformer
1669	-9.1935425	85.74181	94.935356	-0.21283565	0.83152765	1.0	False	lymph	mid	enformer
6064	-9.189926	85.71056	94.90049	-0.21282913	0.8315327	1.0	False	lymph	mid	enformer
884	-9.191055	85.724525	94.91558	-0.21282142	0.8315387	1.0	False	lymph	mid	enformer
4731	-9.191574	85.72999	94.92156	-0.21282014	0.8315397	1.0	False	lymph	mid	enformer
2652	-9.191589	85.73469	94.92628	-0.21281156	0.83154637	1.0	False	lymph	mid	enformer
3994	-9.191528	85.73444	94.92597	-0.21281083	0.83154696	1.0	False	lymph	mid	enformer
5361	-9.191582	85.73501	94.92659	-0.2128107	0.8315471	1.0	False	lymph	mid	enformer
4043	-9.1914215	85.73432	94.92574	-0.2128088	0.8315486	1.0	False	lymph	mid	enformer
1490	-9.1896515	85.72311	94.91276	-0.21279523	0.83155924	1.0	False	lymph	mid	enformer
2974	-9.189659	85.72404	94.9137	-0.21279328	0.8315607	1.0	False	lymph	mid	enformer
1191	-9.189575	85.723206	94.91278	-0.21279338	0.8315607	1.0	False	lymph	mid	enformer
2766	-9.189583	85.7236	94.913185	-0.21279263	0.83156127	1.0	False	lymph	mid	enformer
2271	-9.190605	85.733315	94.92392	-0.21279253	0.8315613	1.0	False	lymph	mid	enformer
4867	-9.188683	85.71518	94.90386	-0.21279241	0.8315614	1.0	False	lymph	mid	enformer
5748	-9.189598	85.724205	94.9138	-0.2127916	0.83156204	1.0	False	lymph	mid	enformer
1423	-9.1886215	85.71521	94.90383	-0.21279104	0.83156246	1.0	False	lymph	mid	enformer
1412	-9.190392	85.73202	94.92241	-0.21279089	0.8315625	1.0	False	lymph	mid	enformer
885	-9.188057	85.71224	94.9003	-0.21278505	0.8315671	1.0	False	lymph	mid	enformer
809	-9.18721	85.70459	94.8918	-0.21278426	0.8315677	1.0	False	lymph	mid	enformer
166	-9.188263	85.71458	94.90284	-0.21278419	0.83156776	1.0	False	lymph	mid	enformer
5102	-9.188225	85.71486	94.90308	-0.21278276	0.83156896	1.0	False	lymph	mid	enformer
2532	-9.188103	85.71378	94.901886	-0.21278258	0.8315691	1.0	False	lymph	mid	enformer
45	-9.18721	85.70549	94.8927	-0.21278222	0.8315694	1.0	False	lymph	mid	enformer
404	-9.18821	85.7153	94.90351	-0.2127814	0.83156997	1.0	False	lymph	mid	enformer
3966	-9.188019	85.71354	94.90156	-0.2127813	0.8315701	1.0	False	lymph	mid	enformer
1934	-9.188004	85.71343	94.901436	-0.21278124	0.8315701	1.0	False	lymph	mid	enformer
5996	-9.187973	85.71335	94.90132	-0.21278074	0.8315705	1.0	False	lymph	mid	enformer
4485	-9.187172	85.70583	94.893005	-0.21278062	0.83157057	1.0	False	lymph	mid	enformer
163	-9.188011	85.713875	94.901886	-0.21278039	0.83157074	1.0	False	lymph	mid	enformer
55	-9.187904	85.71326	94.90116	-0.2127795	0.8315715	1.0	False	lymph	mid	enformer
3518	-9.188087	85.71503	94.903114	-0.21277942	0.8315715	1.0	False	lymph	mid	enformer
4542	-9.187103	85.705826	94.89293	-0.2127792	0.83157176	1.0	False	lymph	mid	enformer
1204	-9.18792	85.71374	94.90166	-0.21277875	0.8315721	1.0	False	lymph	mid	enformer
394	-9.187073	85.70588	94.89295	-0.21277842	0.8315723	1.0	False	lymph	mid	enformer
4397	-9.187836	85.71343	94.90127	-0.21277766	0.8315729	1.0	False	lymph	mid	enformer
3373	-9.187805	85.71355	94.90135	-0.21277672	0.83157367	1.0	False	lymph	mid	enformer
2971	-9.186928	85.70537	94.892296	-0.21277645	0.83157384	1.0	False	lymph	mid	enformer
184	-9.1927185	85.76019	94.95291	-0.21277583	0.8315744	1.0	False	lymph	mid	enformer
3479	-9.1881485	85.72142	94.90957	-0.21276772	0.83158064	1.0	False	lymph	mid	enformer
3874	-9.188271	85.72359	94.91186	-0.21276541	0.8315825	1.0	False	lymph	mid	enformer
4873	-9.188759	85.731285	94.920044	-0.21275789	0.83158827	1.0	False	lymph	mid	enformer
2882	-9.191742	85.75936	94.9511	-0.21275754	0.83158857	1.0	False	lymph	mid	enformer
5992	-9.191757	85.759544	94.9513	-0.21275741	0.8315887	1.0	False	lymph	mid	enformer
3069	-9.189484	85.7386	94.928085	-0.21275684	0.8315891	1.0	False	lymph	mid	enformer
4598	-9.19178	85.761024	94.952805	-0.21275409	0.8315913	1.0	False	lymph	mid	enformer
2112	-9.191795	85.76136	94.953156	-0.21275367	0.8315916	1.0	False	lymph	mid	enformer
2128	-9.191307	85.760605	94.95191	-0.21274549	0.8315979	1.0	False	lymph	mid	enformer
5783	-9.188972	85.74273	94.9317	-0.21273564	0.8316057	1.0	False	lymph	mid	enformer
5807	-9.188683	85.76606	94.95474	-0.21267717	0.8316512	1.0	False	lymph	mid	enformer
3090	-9.189507	85.77552	94.96503	-0.21267341	0.83165413	1.0	False	lymph	mid	enformer
4319	-9.188377	85.76516	94.95354	-0.2126727	0.83165467	1.0	False	lymph	mid	enformer
4162	-9.180992	85.70405	94.88504	-0.2126533	0.83166987	1.0	False	lymph	mid	enformer
3183	-9.180855	85.70389	94.88474	-0.21265072	0.8316718	1.0	False	lymph	mid	enformer
5179	-9.182426	85.71902	94.90144	-0.21264927	0.8316729	1.0	False	lymph	mid	enformer
3315	-9.182312	85.718925	94.90124	-0.212647	0.83167475	1.0	False	lymph	mid	enformer
744	-9.181175	85.7101	94.89127	-0.21264265	0.8316781	1.0	False	lymph	mid	enformer
2249	-9.182594	85.72378	94.90637	-0.21264166	0.83167887	1.0	False	lymph	mid	enformer
3643	-9.18232	85.72203	94.90435	-0.2126397	0.8316804	1.0	False	lymph	mid	enformer
2037	-9.180862	85.711586	94.89245	-0.21263331	0.83168536	1.0	False	lymph	mid	enformer
2509	-9.180893	85.712494	94.89339	-0.2126319	0.8316865	1.0	False	lymph	mid	enformer
1842	-9.180191	85.70621	94.8864	-0.21263187	0.83168656	1.0	False	lymph	mid	enformer
1105	-9.1807785	85.712555	94.89333	-0.21262932	0.83168846	1.0	False	lymph	mid	enformer
770	-9.181839	85.739426	94.921265	-0.21259166	0.83171785	1.0	False	lymph	mid	enformer
531	-9.1785965	85.71704	94.89564	-0.21257381	0.8317318	1.0	False	lymph	mid	enformer
5726	-9.178406	85.71567	94.89407	-0.21257283	0.8317325	1.0	False	lymph	mid	enformer
4132	-9.179329	85.72472	94.904045	-0.2125721	0.8317331	1.0	False	lymph	mid	enformer
4508	-9.1772995	85.70605	94.88335	-0.2125716	0.83173347	1.0	False	lymph	mid	enformer
591	-9.178215	85.716415	94.89463	-0.21256703	0.83173704	1.0	False	lymph	mid	enformer
2181	-9.178574	85.72402	94.902596	-0.212555	0.8317464	1.0	False	lymph	mid	enformer
4220	-9.178581	85.724686	94.90327	-0.21255367	0.8317475	1.0	False	lymph	mid	enformer
4588	-9.1791	85.7313	94.9104	-0.21254987	0.83175045	1.0	False	lymph	mid	enformer
5355	-9.17823	85.7234	94.90163	-0.21254906	0.83175105	1.0	False	lymph	mid	enformer
858	-9.179016	85.73164	94.91066	-0.21254729	0.8317524	1.0	False	lymph	mid	enformer
1284	-9.179695	85.739876	94.91957	-0.21254498	0.8317542	1.0	False	lymph	mid	enformer
1457	-9.179573	85.73983	94.9194	-0.21254246	0.8317562	1.0	False	lymph	mid	enformer
6004	-9.178612	85.73189	94.9105	-0.21253982	0.83175826	1.0	False	lymph	mid	enformer
2952	-9.179459	85.74025	94.91971	-0.21253909	0.8317588	1.0	False	lymph	mid	enformer
1710	-9.176819	85.72176	94.89858	-0.21252325	0.8317712	1.0	False	lymph	mid	enformer
3657	-9.176781	85.72219	94.89897	-0.21252146	0.83177257	1.0	False	lymph	mid	enformer
5538	-9.1764145	85.71942	94.895836	-0.21252146	0.8317726	1.0	False	lymph	mid	enformer
3247	-9.175232	85.70843	94.88366	-0.21252097	0.831773	1.0	False	lymph	mid	enformer
65	-9.175987	85.71573	94.891716	-0.21251906	0.8317744	1.0	False	lymph	mid	enformer
1102	-9.175896	85.71883	94.89472	-0.21251075	0.83178097	1.0	False	lymph	mid	enformer
1050	-9.175888	85.71952	94.89541	-0.21250905	0.8317822	1.0	False	lymph	mid	enformer
3365	-9.179268	85.75247	94.93174	-0.21250536	0.83178514	1.0	False	lymph	mid	enformer
1901	-9.179123	85.75193	94.93105	-0.21250428	0.83178604	1.0	False	lymph	mid	enformer
5455	-9.17672	85.72931	94.90603	-0.21250406	0.8317862	1.0	False	lymph	mid	enformer
1370	-9.178734	85.748795	94.92753	-0.21250314	0.8317869	1.0	False	lymph	mid	enformer
2033	-9.179375	85.754616	94.93399	-0.21250284	0.83178717	1.0	False	lymph	mid	enformer
4478	-9.179123	85.7526	94.931725	-0.21250199	0.8317878	1.0	False	lymph	mid	enformer
1769	-9.174324	85.70907	94.88339	-0.21250053	0.83178896	1.0	False	lymph	mid	enformer
5536	-9.173996	85.71093	94.884926	-0.21248849	0.8317983	1.0	False	lymph	mid	enformer
5877	-9.177673	85.75422	94.93189	-0.21246833	0.83181405	1.0	False	lymph	mid	enformer
781	-9.178383	85.76222	94.940605	-0.21246545	0.8318163	1.0	False	lymph	mid	enformer
4156	-9.17836	85.76215	94.94051	-0.21246512	0.83181655	1.0	False	lymph	mid	enformer
4212	-9.176193	85.74202	94.91821	-0.2124634	0.8318179	1.0	False	lymph	mid	enformer
729	-9.173401	85.72405	94.89745	-0.21244466	0.8318325	1.0	False	lymph	mid	enformer
4296	-9.172348	85.71558	94.88793	-0.21244201	0.83183455	1.0	False	lymph	mid	enformer
641	-9.173134	85.72333	94.89646	-0.2124406	0.8318357	1.0	False	lymph	mid	enformer
5475	-9.172157	85.71487	94.887024	-0.21243954	0.83183646	1.0	False	lymph	mid	enformer
1581	-9.176697	85.75813	94.93483	-0.21243902	0.8318369	1.0	False	lymph	mid	enformer
4449	-9.17318	85.72459	94.897766	-0.21243875	0.83183706	1.0	False	lymph	mid	enformer
3550	-9.176575	85.75876	94.93533	-0.21243498	0.83184004	1.0	False	lymph	mid	enformer
5267	-9.176407	85.757675	94.93408	-0.21243383	0.83184093	1.0	False	lymph	mid	enformer
3302	-9.1764145	85.75791	94.934326	-0.21243344	0.83184123	1.0	False	lymph	mid	enformer
5513	-9.176498	85.7592	94.9357	-0.21243234	0.8318421	1.0	False	lymph	mid	enformer
3271	-9.176445	85.759094	94.93554	-0.21243143	0.83184284	1.0	False	lymph	mid	enformer
5749	-9.172333	85.72496	94.89729	-0.21242063	0.83185124	1.0	False	lymph	mid	enformer
6043	-9.172058	85.72322	94.89528	-0.2124187	0.83185273	1.0	False	lymph	mid	enformer
5937	-9.170647	85.71007	94.880714	-0.21241781	0.83185345	1.0	False	lymph	mid	enformer
5399	-9.170837	85.71254	94.88338	-0.2124163	0.8318546	1.0	False	lymph	mid	enformer
5061	-9.172043	85.724915	94.89696	-0.21241452	0.831856	1.0	False	lymph	mid	enformer
5949	-9.172173	85.72621	94.898384	-0.21241437	0.83185613	1.0	False	lymph	mid	enformer
3016	-9.168655	85.6946	94.86326	-0.21241213	0.83185786	1.0	False	lymph	mid	enformer
278	-9.170235	85.70953	94.87977	-0.21241137	0.8318585	1.0	False	lymph	mid	enformer
5232	-9.172768	85.736046	94.90881	-0.21240571	0.8318628	1.0	False	lymph	mid	enformer
1653	-9.172829	85.73684	94.90967	-0.2124052	0.8318632	1.0	False	lymph	mid	enformer
5163	-9.171822	85.72826	94.90008	-0.21240301	0.83186495	1.0	False	lymph	mid	enformer
5928	-9.1726	85.73709	94.90969	-0.2123998	0.83186746	1.0	False	lymph	mid	enformer
1908	-9.170166	85.721695	94.89186	-0.21238196	0.8318814	1.0	False	lymph	mid	enformer
2299	-9.167976	85.70137	94.86935	-0.21238051	0.83188254	1.0	False	lymph	mid	enformer
829	-9.167633	85.70086	94.86849	-0.21237433	0.83188736	1.0	False	lymph	mid	enformer
1718	-9.168404	85.71426	94.88266	-0.21236137	0.8318975	1.0	False	lymph	mid	enformer
1720	-9.167412	85.70473	94.87214	-0.21236096	0.8318978	1.0	False	lymph	mid	enformer
2503	-9.16996	85.73081	94.90077	-0.21235761	0.8319004	1.0	False	lymph	mid	enformer
5100	-9.168465	85.71738	94.88584	-0.21235482	0.8319026	1.0	False	lymph	mid	enformer
1555	-9.1684265	85.71702	94.885445	-0.21235482	0.8319026	1.0	False	lymph	mid	enformer
3432	-9.166496	85.699394	94.86589	-0.2123546	0.83190274	1.0	False	lymph	mid	enformer
2919	-9.168358	85.71672	94.88508	-0.21235405	0.8319032	1.0	False	lymph	mid	enformer
2285	-9.167587	85.70958	94.87717	-0.21235353	0.8319035	1.0	False	lymph	mid	enformer
4323	-9.166374	85.69885	94.86523	-0.21235321	0.8319038	1.0	False	lymph	mid	enformer
3561	-9.169907	85.7325	94.902405	-0.21235056	0.8319059	1.0	False	lymph	mid	enformer
5177	-9.168236	85.71809	94.88632	-0.21234834	0.83190763	1.0	False	lymph	mid	enformer
5260	-9.170044	85.738014	94.90806	-0.21234249	0.83191216	1.0	False	lymph	mid	enformer
663	-9.169136	85.72958	94.89872	-0.21234211	0.83191246	1.0	False	lymph	mid	enformer
1567	-9.169052	85.72988	94.89893	-0.21233965	0.83191437	1.0	False	lymph	mid	enformer
17	-9.16996	85.738716	94.908676	-0.21233912	0.8319148	1.0	False	lymph	mid	enformer
1363	-9.168915	85.72924	94.898155	-0.21233812	0.8319156	1.0	False	lymph	mid	enformer
4797	-9.168312	85.72538	94.89369	-0.21233407	0.8319187	1.0	False	lymph	mid	enformer
2175	-9.168907	85.73161	94.90052	-0.21233271	0.8319198	1.0	False	lymph	mid	enformer
348	-9.1682205	85.725685	94.893906	-0.21233144	0.8319208	1.0	False	lymph	mid	enformer
3572	-9.168167	85.72565	94.893814	-0.21233037	0.8319216	1.0	False	lymph	mid	enformer
5326	-9.168777	85.73182	94.9006	-0.21232946	0.8319223	1.0	False	lymph	mid	enformer
85	-9.168793	85.73256	94.90135	-0.21232815	0.83192337	1.0	False	lymph	mid	enformer
743	-9.1679	85.72485	94.89275	-0.21232559	0.83192533	1.0	False	lymph	mid	enformer
600	-9.16613	85.70871	94.87484	-0.21232493	0.8319258	1.0	False	lymph	mid	enformer
4171	-9.166046	85.709114	94.87516	-0.2123222	0.83192796	1.0	False	lymph	mid	enformer
4979	-9.165932	85.7086	94.874535	-0.21232092	0.83192897	1.0	False	lymph	mid	enformer
5083	-9.167351	85.73219	94.89954	-0.21229759	0.8319472	1.0	False	lymph	mid	enformer
5110	-9.164726	85.716156	94.88088	-0.21227759	0.83196276	1.0	False	lymph	mid	enformer
826	-9.166992	85.74131	94.9083	-0.21226937	0.83196914	1.0	False	lymph	mid	enformer
5613	-9.1671295	85.7426	94.90973	-0.2122694	0.83196914	1.0	False	lymph	mid	enformer
774	-9.166176	85.73403	94.90021	-0.21226828	0.83197004	1.0	False	lymph	mid	enformer
3916	-9.166145	85.734184	94.90033	-0.2122673	0.83197075	1.0	False	lymph	mid	enformer
3011	-9.164124	85.71674	94.88087	-0.21226366	0.83197355	1.0	False	lymph	mid	enformer
2796	-9.165024	85.72522	94.89024	-0.21226348	0.83197373	1.0	False	lymph	mid	enformer
5876	-9.166603	85.745224	94.91183	-0.21225244	0.8319823	1.0	False	lymph	mid	enformer
751	-9.166664	85.74622	94.91289	-0.21225153	0.8319831	1.0	False	lymph	mid	enformer
4497	-9.166473	85.74539	94.911865	-0.21224932	0.83198476	1.0	False	lymph	mid	enformer
5546	-9.159843	85.683205	94.84305	-0.21224892	0.83198506	1.0	False	lymph	mid	enformer
2215	-9.160515	85.689255	94.84977	-0.2122489	0.8319851	1.0	False	lymph	mid	enformer
6068	-9.160454	85.689705	94.85016	-0.2122466	0.83198684	1.0	False	lymph	mid	enformer
699	-9.159683	85.68326	94.84294	-0.21224539	0.83198786	1.0	False	lymph	mid	enformer
1077	-9.160301	85.68933	94.84963	-0.21224417	0.8319888	1.0	False	lymph	mid	enformer
5583	-9.160294	85.69042	94.850716	-0.21224152	0.8319909	1.0	False	lymph	mid	enformer
938	-9.166008	85.74986	94.91587	-0.21222787	0.8320015	1.0	False	lymph	mid	enformer
3956	-9.166016	85.75053	94.91654	-0.21222654	0.8320025	1.0	False	lymph	mid	enformer
935	-9.164963	85.7411	94.90606	-0.2122254	0.8320034	1.0	False	lymph	mid	enformer
1762	-9.1636505	85.72937	94.89302	-0.21222503	0.8320037	1.0	False	lymph	mid	enformer
2501	-9.165062	85.742294	94.90736	-0.21222484	0.8320039	1.0	False	lymph	mid	enformer
288	-9.164955	85.74133	94.90629	-0.21222469	0.832004	1.0	False	lymph	mid	enformer
1949	-9.165802	85.74981	94.91561	-0.21222357	0.8320048	1.0	False	lymph	mid	enformer
5126	-9.164871	85.74101	94.90588	-0.21222363	0.8320048	1.0	False	lymph	mid	enformer
1727	-9.164001	85.73329	94.89729	-0.21222247	0.83200574	1.0	False	lymph	mid	enformer
1606	-9.163071	85.72864	94.89171	-0.2122135	0.83201265	1.0	False	lymph	mid	enformer
4272	-9.162109	85.72044	94.88255	-0.21221215	0.8320137	1.0	False	lymph	mid	enformer
2211	-9.164291	85.75246	94.91675	-0.21218568	0.83203447	1.0	False	lymph	mid	enformer
4926	-9.1604	85.7196	94.88	-0.21217744	0.8320409	1.0	False	lymph	mid	enformer
4358	-9.160545	85.721924	94.88247	-0.2121753	0.8320425	1.0	False	lymph	mid	enformer
1346	-9.15802	85.70313	94.86115	-0.21216416	0.8320512	1.0	False	lymph	mid	enformer
4107	-9.159882	85.72088	94.88076	-0.21216366	0.8320516	1.0	False	lymph	mid	enformer
488	-9.159683	85.728546	94.88823	-0.21214166	0.8320688	1.0	False	lymph	mid	enformer
5391	-9.156326	85.71167	94.868	-0.21210892	0.83209425	1.0	False	lymph	mid	enformer
3172	-9.155411	85.704155	94.859566	-0.21210623	0.83209634	1.0	False	lymph	mid	enformer
4928	-9.154106	85.70527	94.859375	-0.21207471	0.83212095	1.0	False	lymph	mid	enformer
2573	-9.154167	85.70669	94.860855	-0.2120728	0.83212245	1.0	False	lymph	mid	enformer
5183	-9.153992	85.70556	94.85955	-0.2120716	0.8321234	1.0	False	lymph	mid	enformer
4140	-9.153252	85.69875	94.852005	-0.21207108	0.8321238	1.0	False	lymph	mid	enformer
5462	-9.153076	85.69789	94.85097	-0.2120693	0.8321251	1.0	False	lymph	mid	enformer
3123	-9.15387	85.70579	94.85966	-0.21206844	0.83212584	1.0	False	lymph	mid	enformer
4870	-9.153969	85.70707	94.86104	-0.21206768	0.83212644	1.0	False	lymph	mid	enformer
3452	-9.151428	85.69205	94.843475	-0.21204881	0.8321411	1.0	False	lymph	mid	enformer
1319	-9.155685	85.73741	94.8931	-0.21203604	0.8321511	1.0	False	lymph	mid	enformer
2178	-9.155876	85.74011	94.89599	-0.21203405	0.83215266	1.0	False	lymph	mid	enformer
2447	-9.154503	85.729546	94.88405	-0.21203011	0.8321557	1.0	False	lymph	mid	enformer
1834	-9.153023	85.720146	94.87317	-0.21201834	0.8321649	1.0	False	lymph	mid	enformer
4460	-9.153862	85.729095	94.88296	-0.21201612	0.8321666	1.0	False	lymph	mid	enformer
2345	-9.153862	85.72944	94.8833	-0.21201533	0.8321672	1.0	False	lymph	mid	enformer
5900	-9.153748	85.72875	94.8825	-0.21201442	0.8321679	1.0	False	lymph	mid	enformer
3208	-9.1502075	85.69931	94.84952	-0.21200663	0.83217394	1.0	False	lymph	mid	enformer
521	-9.150154	85.69931	94.849464	-0.21200547	0.83217496	1.0	False	lymph	mid	enformer
373	-9.150185	85.70069	94.850876	-0.21200301	0.83217686	1.0	False	lymph	mid	enformer
864	-9.150116	85.70036	94.85048	-0.21200229	0.8321774	1.0	False	lymph	mid	enformer
4806	-9.153549	85.73348	94.88703	-0.212	0.8321792	1.0	False	lymph	mid	enformer
2578	-9.152046	85.72032	94.87237	-0.21199635	0.83218205	1.0	False	lymph	mid	enformer
1680	-9.151039	85.71163	94.86267	-0.21199484	0.83218324	1.0	False	lymph	mid	enformer
4483	-9.148186	85.68593	94.834114	-0.21199368	0.8321841	1.0	False	lymph	mid	enformer
3734	-9.150055	85.70672	94.85677	-0.21198568	0.83219033	1.0	False	lymph	mid	enformer
269	-9.152306	85.72867	94.880974	-0.21198456	0.8321912	1.0	False	lymph	mid	enformer
3979	-9.154373	85.750725	94.9051	-0.21197754	0.8321967	1.0	False	lymph	mid	enformer
5865	-9.153427	85.74182	94.89525	-0.21197753	0.8321967	1.0	False	lymph	mid	enformer
5787	-9.150734	85.72426	94.87499	-0.2119611	0.8322095	1.0	False	lymph	mid	enformer
2682	-9.150787	85.727036	94.87782	-0.21195601	0.8322135	1.0	False	lymph	mid	enformer
2630	-9.150383	85.72632	94.8767	-0.21194895	0.83221895	1.0	False	lymph	mid	enformer
5401	-9.149643	85.72143	94.87107	-0.2119424	0.8322241	1.0	False	lymph	mid	enformer
5994	-9.148636	85.71264	94.861275	-0.2119411	0.83222514	1.0	False	lymph	mid	enformer
352	-9.15033	85.72945	94.879776	-0.21193905	0.8322267	1.0	False	lymph	mid	enformer
5714	-9.14904	85.721535	94.870575	-0.21193002	0.8322337	1.0	False	lymph	mid	enformer
2852	-9.14724	85.706085	94.853325	-0.21192677	0.8322363	1.0	False	lymph	mid	enformer
300	-9.148666	85.73107	94.87974	-0.2119005	0.83225685	1.0	False	lymph	mid	enformer
3319	-9.148506	85.73031	94.878815	-0.21189886	0.83225805	1.0	False	lymph	mid	enformer
1378	-9.1471405	85.71774	94.86488	-0.2118978	0.8322589	1.0	False	lymph	mid	enformer
2342	-9.148514	85.7308	94.87931	-0.21189786	0.8322589	1.0	False	lymph	mid	enformer
327	-9.147461	85.72181	94.86927	-0.2118957	0.83226055	1.0	False	lymph	mid	enformer
1818	-9.143265	85.6893	94.832565	-0.21187977	0.83227295	1.0	False	lymph	mid	enformer
4996	-9.144653	85.712616	94.85727	-0.21185687	0.8322908	1.0	False	lymph	mid	enformer
592	-9.145233	85.71953	94.86476	-0.21185368	0.83229333	1.0	False	lymph	mid	enformer
5557	-9.144379	85.71713	94.86151	-0.21184066	0.83230346	1.0	False	lymph	mid	enformer
2430	-9.1427	85.70259	94.84529	-0.21183762	0.83230585	1.0	False	lymph	mid	enformer
2435	-9.14267	85.70256	94.84523	-0.21183704	0.8323063	1.0	False	lymph	mid	enformer
1547	-9.147507	85.7482	94.895706	-0.21183494	0.83230793	1.0	False	lymph	mid	enformer
755	-9.1425705	85.70303	94.845604	-0.21183383	0.8323088	1.0	False	lymph	mid	enformer
1676	-9.141983	85.706764	94.84875	-0.21181205	0.8323258	1.0	False	lymph	mid	enformer
4101	-9.144585	85.73167	94.87625	-0.21181196	0.8323259	1.0	False	lymph	mid	enformer
1376	-9.142105	85.70828	94.85039	-0.21181124	0.8323265	1.0	False	lymph	mid	enformer
844	-9.14547	85.74484	94.89031	-0.21180007	0.8323352	1.0	False	lymph	mid	enformer
4841	-9.142906	85.721794	94.8647	-0.211798	0.8323367	1.0	False	lymph	mid	enformer
5668	-9.145348	85.745026	94.89037	-0.21179706	0.83233756	1.0	False	lymph	mid	enformer
4136	-9.141731	85.71284	94.85457	-0.21179307	0.83234054	1.0	False	lymph	mid	enformer
4531	-9.139259	85.69251	94.83177	-0.21178779	0.8323447	1.0	False	lymph	mid	enformer
2999	-9.141548	85.7142	94.85575	-0.21178688	0.8323454	1.0	False	lymph	mid	enformer
1193	-9.142372	85.72287	94.86524	-0.21178497	0.8323469	1.0	False	lymph	mid	enformer
6076	-9.139198	85.69324	94.832436	-0.21178487	0.832347	1.0	False	lymph	mid	enformer
5607	-9.141434	85.71457	94.856	-0.2117836	0.832348	1.0	False	lymph	mid	enformer
4022	-9.141144	85.715065	94.85621	-0.21177511	0.83235455	1.0	False	lymph	mid	enformer
848	-9.141388	85.71783	94.859215	-0.21177492	0.8323547	1.0	False	lymph	mid	enformer
3498	-9.140121	85.70635	94.84647	-0.21177359	0.83235574	1.0	False	lymph	mid	enformer
4402	-9.141144	85.716095	94.85724	-0.21177283	0.83235633	1.0	False	lymph	mid	enformer
4184	-9.140083	85.70718	94.84726	-0.21177012	0.83235854	1.0	False	lymph	mid	enformer
2454	-9.141945	85.725975	94.86792	-0.21176921	0.83235914	1.0	False	lymph	mid	enformer
3626	-9.140152	85.70828	94.848434	-0.21176912	0.8323592	1.0	False	lymph	mid	enformer
3308	-9.140717	85.71614	94.85686	-0.2117644	0.83236295	1.0	False	lymph	mid	enformer
3445	-9.138817	85.70595	94.844765	-0.21174711	0.8323764	1.0	False	lymph	mid	enformer
5878	-9.13974	85.71707	94.85681	-0.21174112	0.83238107	1.0	False	lymph	mid	enformer
2527	-9.139534	85.71591	94.855446	-0.2117393	0.8323825	1.0	False	lymph	mid	enformer
2408	-9.142563	85.744995	94.88756	-0.2117382	0.83238333	1.0	False	lymph	mid	enformer
2577	-9.139526	85.71697	94.8565	-0.21173722	0.83238417	1.0	False	lymph	mid	enformer
1056	-9.137672	85.708954	94.84663	-0.2117165	0.83240026	1.0	False	lymph	mid	enformer
5847	-9.137695	85.70991	94.8476	-0.21171425	0.83240205	1.0	False	lymph	mid	enformer
2765	-9.140251	85.73475	94.875	-0.21171229	0.83240354	1.0	False	lymph	mid	enformer
2866	-9.140213	85.73494	94.87515	-0.21171102	0.83240455	1.0	False	lymph	mid	enformer
5390	-9.1356735	85.6981	94.83377	-0.21169883	0.832414	1.0	False	lymph	mid	enformer
4315	-9.1367035	85.70931	94.846016	-0.21169505	0.832417	1.0	False	lymph	mid	enformer
2032	-9.136658	85.70908	94.84574	-0.21169457	0.83241737	1.0	False	lymph	mid	enformer
1966	-9.1397705	85.7388	94.87857	-0.21169275	0.83241874	1.0	False	lymph	mid	enformer
3991	-9.13752	85.718124	94.855644	-0.21169196	0.8324194	1.0	False	lymph	mid	enformer
2227	-9.135849	85.71321	94.84906	-0.2116673	0.83243865	1.0	False	lymph	mid	enformer
4786	-9.135864	85.71386	94.849724	-0.21166621	0.8324395	1.0	False	lymph	mid	enformer
32	-9.136627	85.72708	94.86371	-0.21165171	0.83245075	1.0	False	lymph	mid	enformer
3541	-9.1369095	85.7301	94.86701	-0.21165167	0.8324508	1.0	False	lymph	mid	enformer
951	-9.135582	85.719086	94.85467	-0.21164794	0.83245367	1.0	False	lymph	mid	enformer
2776	-9.136337	85.7266	94.86294	-0.21164718	0.8324543	1.0	False	lymph	mid	enformer
1899	-9.136566	85.73978	94.87634	-0.21162133	0.83247447	1.0	False	lymph	mid	enformer
4601	-9.136658	85.74082	94.87748	-0.21162099	0.8324747	1.0	False	lymph	mid	enformer
2332	-9.136475	85.739555	94.87603	-0.21161988	0.8324756	1.0	False	lymph	mid	enformer
5869	-9.132889	85.70994	94.84283	-0.21161117	0.83248246	1.0	False	lymph	mid	enformer
4	-9.132317	85.71397	94.84628	-0.21158937	0.8324995	1.0	False	lymph	mid	enformer
3524	-9.1321945	85.71284	94.84503	-0.2115891	0.8324997	1.0	False	lymph	mid	enformer
4899	-9.132217	85.71327	94.84549	-0.21158862	0.83250004	1.0	False	lymph	mid	enformer
1344	-9.13208	85.71225	94.84433	-0.21158798	0.8325005	1.0	False	lymph	mid	enformer
3987	-9.129608	85.69141	94.821014	-0.21158227	0.832505	1.0	False	lymph	mid	enformer
2677	-9.13176	85.71444	94.8462	-0.21157776	0.83250844	1.0	False	lymph	mid	enformer
3890	-9.126068	85.668236	94.794304	-0.21156032	0.8325221	1.0	False	lymph	mid	enformer
3805	-9.132164	85.72587	94.85803	-0.21155933	0.8325229	1.0	False	lymph	mid	enformer
6083	-9.132141	85.72618	94.85832	-0.21155813	0.83252376	1.0	False	lymph	mid	enformer
1810	-9.130119	85.70752	94.83764	-0.21155788	0.832524	1.0	False	lymph	mid	enformer
2493	-9.132614	85.73419	94.866806	-0.21155068	0.8325296	1.0	False	lymph	mid	enformer
3071	-9.133575	85.743324	94.8769	-0.21155027	0.83252996	1.0	False	lymph	mid	enformer
4324	-9.133446	85.74212	94.875565	-0.2115502	0.83253	1.0	False	lymph	mid	enformer
3646	-9.133392	85.7425	94.87589	-0.21154824	0.8325315	1.0	False	lymph	mid	enformer
4189	-9.128845	85.70306	94.8319	-0.21154006	0.8325379	1.0	False	lymph	mid	enformer
4602	-9.129089	85.70983	94.83892	-0.21153057	0.8325453	1.0	False	lymph	mid	enformer
3244	-9.128258	85.704124	94.83238	-0.21152537	0.83254933	1.0	False	lymph	mid	enformer
3232	-9.129143	85.71286	94.842	-0.21152474	0.8325498	1.0	False	lymph	mid	enformer
6105	-9.128754	85.71103	94.83978	-0.21152051	0.83255315	1.0	False	lymph	mid	enformer
2019	-9.128769	85.71198	94.84075	-0.21151868	0.8325545	1.0	False	lymph	mid	enformer
5048	-9.129501	85.71923	94.84873	-0.21151733	0.8325556	1.0	False	lymph	mid	enformer
1163	-9.129356	85.71899	94.84834	-0.21151471	0.8325576	1.0	False	lymph	mid	enformer
5825	-9.1269455	85.70208	94.829025	-0.21150112	0.8325682	1.0	False	lymph	mid	enformer
136	-9.125458	85.68844	94.813896	-0.21150094	0.8325684	1.0	False	lymph	mid	enformer
1501	-9.124252	85.67948	94.803734	-0.21149601	0.8325722	1.0	False	lymph	mid	enformer
2082	-9.126762	85.707596	94.83436	-0.21148501	0.8325808	1.0	False	lymph	mid	enformer
151	-9.12854	85.72587	94.85441	-0.21148193	0.83258325	1.0	False	lymph	mid	enformer
3580	-9.12957	85.73697	94.86654	-0.21147858	0.8325859	1.0	False	lymph	mid	enformer
3772	-9.129494	85.736885	94.86638	-0.21147709	0.832587	1.0	False	lymph	mid	enformer
2932	-9.126236	85.70698	94.83321	-0.21147615	0.8325877	1.0	False	lymph	mid	enformer
6141	-9.130005	85.74237	94.872375	-0.21147573	0.8325881	1.0	False	lymph	mid	enformer
257	-9.126205	85.70699	94.8332	-0.21147472	0.8325888	1.0	False	lymph	mid	enformer
1790	-9.126259	85.70819	94.83445	-0.21147399	0.8325894	1.0	False	lymph	mid	enformer
106	-9.130112	85.744446	94.87456	-0.2114732	0.83259	1.0	False	lymph	mid	enformer
2789	-9.127098	85.72246	94.849556	-0.21145919	0.832601	1.0	False	lymph	mid	enformer
863	-9.122742	85.685196	94.80794	-0.21145101	0.8326073	1.0	False	lymph	mid	enformer
4464	-9.127266	85.72886	94.856125	-0.21144857	0.83260924	1.0	False	lymph	mid	enformer
5558	-9.127113	85.729904	94.85702	-0.21144243	0.83261406	1.0	False	lymph	mid	enformer
1460	-9.122246	85.69094	94.81319	-0.21142738	0.83262575	1.0	False	lymph	mid	enformer
3356	-9.123001	85.698296	94.8213	-0.21142665	0.8326263	1.0	False	lymph	mid	enformer
962	-9.121521	85.68442	94.80594	-0.2114265	0.8326264	1.0	False	lymph	mid	enformer
187	-9.122009	85.69223	94.81424	-0.21141958	0.8326318	1.0	False	lymph	mid	enformer
3676	-9.11982	85.674355	94.794174	-0.2114132	0.83263683	1.0	False	lymph	mid	enformer
5651	-9.121681	85.69137	94.81305	-0.21141306	0.8326369	1.0	False	lymph	mid	enformer
2397	-9.120834	85.6861	94.80693	-0.21140707	0.8326416	1.0	False	lymph	mid	enformer
4997	-9.12085	85.68685	94.8077	-0.21140568	0.83264273	1.0	False	lymph	mid	enformer
3522	-9.122627	85.70408	94.826706	-0.21140419	0.8326438	1.0	False	lymph	mid	enformer
4378	-9.124565	85.726875	94.85144	-0.21139435	0.83265144	1.0	False	lymph	mid	enformer
948	-9.125305	85.735176	94.86048	-0.21139117	0.83265394	1.0	False	lymph	mid	enformer
1698	-9.121193	85.69666	94.817856	-0.21139114	0.832654	1.0	False	lymph	mid	enformer
1282	-9.124344	85.72661	94.85095	-0.2113902	0.8326547	1.0	False	lymph	mid	enformer
1091	-9.124336	85.72748	94.851814	-0.21138813	0.8326564	1.0	False	lymph	mid	enformer
5456	-9.12542	85.74034	94.86576	-0.21138224	0.8326609	1.0	False	lymph	mid	enformer
2993	-9.124641	85.73318	94.85782	-0.21138167	0.8326614	1.0	False	lymph	mid	enformer
4406	-9.121422	85.70289	94.82431	-0.21138169	0.8326614	1.0	False	lymph	mid	enformer
1505	-9.124588	85.73271	94.8573	-0.21138158	0.8326615	1.0	False	lymph	mid	enformer
2201	-9.125374	85.74048	94.86585	-0.21138096	0.8326619	1.0	False	lymph	mid	enformer
4878	-9.122688	85.71591	94.8386	-0.21138068	0.8326621	1.0	False	lymph	mid	enformer
3326	-9.125473	85.74168	94.86715	-0.2113804	0.83266234	1.0	False	lymph	mid	enformer
5946	-9.120537	85.696106	94.81664	-0.21137942	0.8326631	1.0	False	lymph	mid	enformer
3191	-9.124519	85.73312	94.85764	-0.21137922	0.83266336	1.0	False	lymph	mid	enformer
2754	-9.124519	85.73328	94.857796	-0.21137883	0.8326636	1.0	False	lymph	mid	enformer
3665	-9.124466	85.732925	94.85739	-0.2113785	0.8326639	1.0	False	lymph	mid	enformer
3481	-9.12159	85.70722	94.82881	-0.21137668	0.83266526	1.0	False	lymph	mid	enformer
4637	-9.12014	85.69331	94.81345	-0.21137664	0.8326653	1.0	False	lymph	mid	enformer
2358	-9.120621	85.699684	94.820305	-0.21137166	0.8326692	1.0	False	lymph	mid	enformer
5669	-9.116951	85.680855	94.797806	-0.21133696	0.8326962	1.0	False	lymph	mid	enformer
3013	-9.1180725	85.69228	94.810356	-0.21133496	0.8326978	1.0	False	lymph	mid	enformer
491	-9.117859	85.69009	94.807945	-0.21133491	0.83269787	1.0	False	lymph	mid	enformer
3306	-9.117912	85.69192	94.80983	-0.21133237	0.83269984	1.0	False	lymph	mid	enformer
5957	-9.117973	85.69762	94.81559	-0.21131995	0.8327095	1.0	False	lymph	mid	enformer
2690	-9.118523	85.70316	94.821686	-0.21131921	0.8327101	1.0	False	lymph	mid	enformer
1544	-9.114899	85.66882	94.78372	-0.21131833	0.8327108	1.0	False	lymph	mid	enformer
35	-9.120468	85.72577	94.84624	-0.21131027	0.8327171	1.0	False	lymph	mid	enformer
2965	-9.117348	85.69605	94.8134	-0.21131027	0.8327171	1.0	False	lymph	mid	enformer
131	-9.117966	85.70405	94.822014	-0.21130586	0.8327205	1.0	False	lymph	mid	enformer
1201	-9.117088	85.69593	94.81302	-0.21130566	0.83272076	1.0	False	lymph	mid	enformer
6118	-9.117798	85.70351	94.821304	-0.21130346	0.8327224	1.0	False	lymph	mid	enformer
2675	-9.116837	85.69531	94.81215	-0.2113017	0.8327238	1.0	False	lymph	mid	enformer
1788	-9.111656	85.64747	94.759125	-0.21129955	0.83272547	1.0	False	lymph	mid	enformer
5187	-9.120651	85.731964	94.852615	-0.21129939	0.8327256	1.0	False	lymph	mid	enformer
200	-9.120605	85.73217	94.852776	-0.2112979	0.8327268	1.0	False	lymph	mid	enformer
2341	-9.111603	85.64767	94.75927	-0.21129793	0.8327268	1.0	False	lymph	mid	enformer
342	-9.111374	85.64646	94.757835	-0.21129572	0.83272845	1.0	False	lymph	mid	enformer
1237	-9.112457	85.6577	94.77016	-0.21129283	0.83273065	1.0	False	lymph	mid	enformer
5067	-9.111404	85.648125	94.75953	-0.21129268	0.8327308	1.0	False	lymph	mid	enformer
3182	-9.119797	85.72774	94.847534	-0.21129078	0.83273226	1.0	False	lymph	mid	enformer
5629	-9.118843	85.71899	94.83783	-0.21129076	0.8327323	1.0	False	lymph	mid	enformer
825	-9.11187	85.65636	94.76823	-0.2112838	0.83273774	1.0	False	lymph	mid	enformer
4681	-9.116051	85.6958	94.81185	-0.2112832	0.83273816	1.0	False	lymph	mid	enformer
1513	-9.114662	85.68966	94.80432	-0.21126759	0.8327504	1.0	False	lymph	mid	enformer
2538	-9.114624	85.68998	94.8046	-0.21126604	0.8327516	1.0	False	lymph	mid	enformer
1142	-9.113655	85.68115	94.79481	-0.21126506	0.83275235	1.0	False	lymph	mid	enformer
746	-9.113312	85.68084	94.79415	-0.21125837	0.8327576	1.0	False	lymph	mid	enformer
4114	-9.117424	85.72832	94.84574	-0.21123825	0.83277327	1.0	False	lymph	mid	enformer
5072	-9.110771	85.66605	94.776825	-0.21123813	0.8327733	1.0	False	lymph	mid	enformer
866	-9.112534	85.68292	94.795456	-0.21123722	0.8327741	1.0	False	lymph	mid	enformer
5251	-9.112221	85.68003	94.79225	-0.21123709	0.83277416	1.0	False	lymph	mid	enformer
1264	-9.112511	85.68362	94.79613	-0.21123475	0.832776	1.0	False	lymph	mid	enformer
1905	-9.11042	85.66488	94.7753	-0.2112326	0.8327776	1.0	False	lymph	mid	enformer
1221	-9.111885	85.67875	94.790634	-0.2112324	0.83277786	1.0	False	lymph	mid	enformer
247	-9.114952	85.71172	94.826675	-0.21122347	0.8327848	1.0	False	lymph	mid	enformer
5516	-9.113686	85.70076	94.814445	-0.21122186	0.832786	1.0	False	lymph	mid	enformer
6045	-9.110954	85.67839	94.789345	-0.21121348	0.8327926	1.0	False	lymph	mid	enformer
835	-9.108284	85.65912	94.7674	-0.21120021	0.83280295	1.0	False	lymph	mid	enformer
4732	-9.108376	85.66028	94.768654	-0.2111996	0.83280337	1.0	False	lymph	mid	enformer
2735	-9.10762	85.65358	94.7612	-0.21119916	0.8328037	1.0	False	lymph	mid	enformer
3283	-9.107353	85.65107	94.75842	-0.21119909	0.8328038	1.0	False	lymph	mid	enformer
1387	-9.115089	85.72625	94.84134	-0.21119353	0.83280814	1.0	False	lymph	mid	enformer
715	-9.114059	85.71649	94.83055	-0.21119341	0.8328082	1.0	False	lymph	mid	enformer
3117	-9.10907	85.66973	94.7788	-0.21119244	0.832809	1.0	False	lymph	mid	enformer
3654	-9.114006	85.717896	94.8319	-0.21118915	0.83281153	1.0	False	lymph	mid	enformer
3236	-9.114899	85.72758	94.842476	-0.21118774	0.83281267	1.0	False	lymph	mid	enformer
1196	-9.110809	85.690125	94.800934	-0.21118508	0.8328147	1.0	False	lymph	mid	enformer
3258	-9.109627	85.68406	94.793686	-0.21117264	0.8328244	1.0	False	lymph	mid	enformer
2245	-9.106949	85.66426	94.77121	-0.21115944	0.8328348	1.0	False	lymph	mid	enformer
171	-9.109077	85.68464	94.79372	-0.21115912	0.8328349	1.0	False	lymph	mid	enformer
2195	-9.113434	85.73472	94.84815	-0.21113862	0.83285093	1.0	False	lymph	mid	enformer
4814	-9.106651	85.67211	94.77876	-0.21113643	0.83285266	1.0	False	lymph	mid	enformer
3870	-9.110558	85.70905	94.81961	-0.21113548	0.8328534	1.0	False	lymph	mid	enformer
397	-9.103882	85.647896	94.75178	-0.21113108	0.8328568	1.0	False	lymph	mid	enformer
3760	-9.103561	85.64944	94.753	-0.21112096	0.8328647	1.0	False	lymph	mid	enformer
6085	-9.103439	85.65468	94.75812	-0.21110725	0.8328754	1.0	False	lymph	mid	enformer
5800	-9.102936	85.65289	94.75583	-0.21110044	0.8328807	1.0	False	lymph	mid	enformer
4991	-9.103012	85.65402	94.757034	-0.21109954	0.83288145	1.0	False	lymph	mid	enformer
3214	-9.107285	85.71284	94.82012	-0.21105653	0.83291495	1.0	False	lymph	mid	enformer
5172	-9.10553	85.69721	94.80274	-0.21105473	0.8329163	1.0	False	lymph	mid	enformer
6087	-9.105598	85.69831	94.80391	-0.21105374	0.83291715	1.0	False	lymph	mid	enformer
1433	-9.107147	85.71288	94.82003	-0.21105345	0.8329174	1.0	False	lymph	mid	enformer
6133	-9.105583	85.70546	94.81104	-0.21103583	0.8329311	1.0	False	lymph	mid	enformer
3726	-9.105576	85.70576	94.81133	-0.21103498	0.83293176	1.0	False	lymph	mid	enformer
75	-9.100937	85.66261	94.76355	-0.21103425	0.8329323	1.0	False	lymph	mid	enformer
1469	-9.105293	85.70407	94.809364	-0.21103273	0.8329335	1.0	False	lymph	mid	enformer
3422	-9.101013	85.67032	94.77133	-0.21101935	0.832944	1.0	False	lymph	mid	enformer
5898	-9.1009445	85.670006	94.77095	-0.21101859	0.8329446	1.0	False	lymph	mid	enformer
2923	-9.10408	85.7026	94.80668	-0.21101	0.83295125	1.0	False	lymph	mid	enformer
4287	-9.104057	85.703545	94.8076	-0.21100739	0.8329533	1.0	False	lymph	mid	enformer
6123	-9.097832	85.647125	94.74496	-0.21100448	0.83295566	1.0	False	lymph	mid	enformer
4619	-9.097534	85.645454	94.74299	-0.21100187	0.8329576	1.0	False	lymph	mid	enformer
4710	-9.096832	85.63947	94.736305	-0.2110002	0.83295894	1.0	False	lymph	mid	enformer
1954	-9.099579	85.67076	94.77034	-0.21098807	0.8329684	1.0	False	lymph	mid	enformer
4834	-9.098579	85.666954	94.76553	-0.21097401	0.8329793	1.0	False	lymph	mid	enformer
4070	-9.099396	85.675316	94.77471	-0.21097337	0.83297986	1.0	False	lymph	mid	enformer
2193	-9.099312	85.683914	94.783226	-0.21095262	0.832996	1.0	False	lymph	mid	enformer
3291	-9.099159	85.68503	94.78419	-0.21094635	0.8330009	1.0	False	lymph	mid	enformer
842	-9.096008	85.66425	94.76026	-0.21092665	0.8330163	1.0	False	lymph	mid	enformer
127	-9.093842	85.64801	94.74185	-0.21091637	0.8330243	1.0	False	lymph	mid	enformer
524	-9.093895	85.64893	94.74283	-0.21091546	0.83302504	1.0	False	lymph	mid	enformer
4906	-9.09391	85.649445	94.743355	-0.21091464	0.8330257	1.0	False	lymph	mid	enformer
1382	-9.093803	85.649414	94.74322	-0.21091242	0.83302736	1.0	False	lymph	mid	enformer
311	-9.093773	85.64922	94.743	-0.21091218	0.8330276	1.0	False	lymph	mid	enformer
2780	-9.093681	85.64873	94.74241	-0.21091133	0.83302826	1.0	False	lymph	mid	enformer
3227	-9.0978775	85.693054	94.79093	-0.21090037	0.83303684	1.0	False	lymph	mid	enformer
1723	-9.096443	85.68317	94.77961	-0.21089183	0.83304346	1.0	False	lymph	mid	enformer
5781	-9.097397	85.69302	94.79042	-0.2108897	0.83304507	1.0	False	lymph	mid	enformer
615	-9.097282	85.69222	94.789505	-0.21088903	0.8330456	1.0	False	lymph	mid	enformer
2026	-9.093956	85.664314	94.75827	-0.21088244	0.8330507	1.0	False	lymph	mid	enformer
1352	-9.093605	85.66246	94.756065	-0.21087882	0.8330535	1.0	False	lymph	mid	enformer
73	-9.09317	85.67037	94.76354	-0.21085024	0.8330759	1.0	False	lymph	mid	enformer
3129	-9.091873	85.66909	94.76096	-0.21082681	0.8330942	1.0	False	lymph	mid	enformer
6041	-9.096764	85.72094	94.8177	-0.21081345	0.83310455	1.0	False	lymph	mid	enformer
117	-9.096695	85.720955	94.81765	-0.21081193	0.83310574	1.0	False	lymph	mid	enformer
2836	-9.096703	85.721275	94.81798	-0.21081139	0.83310616	1.0	False	lymph	mid	enformer
841	-9.09655	85.72025	94.8168	-0.21081042	0.83310694	1.0	False	lymph	mid	enformer
3771	-9.096436	85.72072	94.817154	-0.2108069	0.8331097	1.0	False	lymph	mid	enformer
4554	-9.093468	85.695465	94.78893	-0.21079968	0.8331153	1.0	False	lymph	mid	enformer
2530	-9.09417	85.7044	94.79857	-0.2107943	0.8331195	1.0	False	lymph	mid	enformer
193	-9.094086	85.70382	94.797905	-0.2107938	0.83311987	1.0	False	lymph	mid	enformer
4818	-9.088432	85.650955	94.73939	-0.2107937	0.83312	1.0	False	lymph	mid	enformer
2897	-9.089424	85.675415	94.76484	-0.21075904	0.833147	1.0	False	lymph	mid	enformer
1419	-9.089775	85.6966	94.78638	-0.21071869	0.83317846	1.0	False	lymph	mid	enformer
250	-9.080666	85.67594	94.75661	-0.21057086	0.8332938	1.0	False	lymph	mid	enformer
2631	8.476227	103.3564	94.88017	0.19247966	0.8474273	1.0	False	lymph	mid	enformer
3924	8.47364	103.3553	94.88166	0.19241895	0.8474749	1.0	False	lymph	mid	enformer
2686	8.473724	103.35754	94.88381	0.19241661	0.8474766	1.0	False	lymph	mid	enformer
2594	8.474419	103.366745	94.89233	0.19241469	0.8474782	1.0	False	lymph	mid	enformer
542	8.475128	103.37643	94.9013	0.19241288	0.8474796	1.0	False	lymph	mid	enformer
2795	8.454269	103.35898	94.90471	0.19194154	0.84784865	1.0	False	lymph	mid	enformer
585	8.454239	103.358826	94.90459	0.19194114	0.84784895	1.0	False	lymph	mid	enformer
651	8.454491	103.36489	94.9104	0.19193536	0.8478535	1.0	False	lymph	mid	enformer
1219	8.4266815	103.379425	94.95274	0.19123228	0.848404	1.0	False	lymph	mid	enformer
5323	6.389366	85.60923	79.219864	0.15854765	0.87407523	1.0	False	lymph	mid	enformer
3273	6.3893127	85.60865	79.21934	0.15854737	0.8740755	1.0	False	lymph	mid	enformer
3312	6.389229	85.60854	79.219315	0.15854537	0.874077	1.0	False	lymph	mid	enformer
2124	6.389244	85.608826	79.21958	0.15854523	0.87407714	1.0	False	lymph	mid	enformer
907	6.3891983	85.60825	79.219055	0.15854514	0.8740772	1.0	False	lymph	mid	enformer
369	6.3891144	85.60758	79.21847	0.15854424	0.87407786	1.0	False	lymph	mid	enformer
708	6.3853226	85.61529	79.229965	0.15842879	0.8741688	1.0	False	lymph	mid	enformer
1033	6.383919	85.61083	79.22691	0.15840048	0.87419105	1.0	False	lymph	mid	enformer
2378	6.382927	85.60803	79.225105	0.15837994	0.8742073	1.0	False	lymph	mid	enformer
1358	6.382942	85.62669	79.24375	0.15834454	0.8742352	1.0	False	lymph	mid	enformer
900	6.3828506	85.62561	79.24276	0.15834421	0.87423545	1.0	False	lymph	mid	enformer
1273	6.382889	85.626526	79.24364	0.15834346	0.87423605	1.0	False	lymph	mid	enformer
4354	6.3827972	85.625275	79.24248	0.15834348	0.87423605	1.0	False	lymph	mid	enformer
3993	6.3828964	85.62678	79.24388	0.15834318	0.8742363	1.0	False	lymph	mid	enformer
2414	6.3828278	85.62668	79.24385	0.15834154	0.8742376	1.0	False	lymph	mid	enformer
11	6.382736	85.62577	79.243034	0.15834092	0.874238	1.0	False	lymph	mid	enformer
5650	6.382782	85.62666	79.24388	0.15834036	0.87423843	1.0	False	lymph	mid	enformer
629	6.3786926	85.593834	79.21514	0.15829732	0.87427235	1.0	False	lymph	mid	enformer
1020	6.3783493	85.5969	79.21855	0.15828201	0.87428445	1.0	False	lymph	mid	enformer
1057	6.381813	85.643814	79.262	0.15828103	0.87428516	1.0	False	lymph	mid	enformer
2229	6.378357	85.62066	79.2423	0.15823534	0.8743212	1.0	False	lymph	mid	enformer
947	6.3764267	85.60098	79.224556	0.15822272	0.8743312	1.0	False	lymph	mid	enformer
4609	6.37693	85.608536	79.231606	0.15822059	0.8743328	1.0	False	lymph	mid	enformer
2845	6.3752136	85.59118	79.215965	0.1582106	0.8743407	1.0	False	lymph	mid	enformer
1004	6.3763504	85.62199	79.245636	0.15817946	0.87436515	1.0	False	lymph	mid	enformer
1445	6.378044	85.64606	79.26801	0.15817727	0.87436694	1.0	False	lymph	mid	enformer
1532	6.3780594	85.6473	79.26924	0.15817527	0.8743685	1.0	False	lymph	mid	enformer
3285	6.378433	85.652306	79.27387	0.1581746	0.874369	1.0	False	lymph	mid	enformer
1553	6.3781433	85.658035	79.27989	0.15815604	0.8743837	1.0	False	lymph	mid	enformer
1661	6.3742523	85.60783	79.233574	0.15815133	0.8743874	1.0	False	lymph	mid	enformer
209	6.3749084	85.61977	79.24486	0.15814571	0.8743918	1.0	False	lymph	mid	enformer
1336	6.3749313	85.622475	79.24754	0.15814051	0.8743959	1.0	False	lymph	mid	enformer
4217	6.374428	85.62108	79.24665	0.15813035	0.8744039	1.0	False	lymph	mid	enformer
926	6.372734	85.60422	79.23148	0.15811871	0.8744131	1.0	False	lymph	mid	enformer
5662	6.3806458	85.71173	79.331085	0.1581174	0.874414	1.0	False	lymph	mid	enformer
1144	6.380554	85.71186	79.33131	0.15811472	0.8744162	1.0	False	lymph	mid	enformer
1437	6.372902	85.61735	79.244446	0.15809815	0.8744292	1.0	False	lymph	mid	enformer
3811	6.3722	85.60926	79.23706	0.15809469	0.8744319	1.0	False	lymph	mid	enformer
4269	6.372986	85.62054	79.24755	0.15809374	0.8744327	1.0	False	lymph	mid	enformer
4968	6.3728104	85.618996	79.246185	0.15809253	0.8744337	1.0	False	lymph	mid	enformer
1535	6.3778687	85.69225	79.314384	0.158083	0.8744411	1.0	False	lymph	mid	enformer
5415	6.377884	85.693054	79.31517	0.15808184	0.87444204	1.0	False	lymph	mid	enformer
4288	6.3778534	85.693275	79.31542	0.15808062	0.874443	1.0	False	lymph	mid	enformer
4047	6.377823	85.69321	79.315384	0.15807994	0.8744436	1.0	False	lymph	mid	enformer
4175	6.372032	85.61765	79.24562	0.1580745	0.8744479	1.0	False	lymph	mid	enformer
2354	6.369667	85.59002	79.22035	0.15806675	0.87445396	1.0	False	lymph	mid	enformer
2623	6.3717575	85.639404	79.26765	0.15802465	0.87448716	1.0	False	lymph	mid	enformer
4038	6.37162	85.63789	79.26627	0.15802394	0.8744877	1.0	False	lymph	mid	enformer
3233	6.37162	85.63861	79.26699	0.15802258	0.8744888	1.0	False	lymph	mid	enformer
5388	6.370468	85.62347	79.253	0.1580213	0.8744898	1.0	False	lymph	mid	enformer
3609	6.369194	85.60643	79.237236	0.1580208	0.87449014	1.0	False	lymph	mid	enformer
6111	6.3702316	85.62088	79.25065	0.15802008	0.87449074	1.0	False	lymph	mid	enformer
3111	6.3688736	85.60673	79.237854	0.15801235	0.8744968	1.0	False	lymph	mid	enformer
3309	6.368843	85.60726	79.23842	0.15801048	0.87449825	1.0	False	lymph	mid	enformer
1157	6.3694	85.616806	79.247406	0.15800624	0.87450165	1.0	False	lymph	mid	enformer
5270	6.3691483	85.61812	79.24897	0.15799743	0.87450856	1.0	False	lymph	mid	enformer
1691	6.369339	85.62151	79.252174	0.15799558	0.87451	1.0	False	lymph	mid	enformer
3293	6.3690643	85.61844	79.249374	0.1579946	0.8745108	1.0	False	lymph	mid	enformer
4168	6.3683167	85.61176	79.24345	0.15798768	0.8745162	1.0	False	lymph	mid	enformer
1484	6.369545	85.62906	79.259514	0.15798645	0.8745172	1.0	False	lymph	mid	enformer
3610	6.368187	85.61481	79.24662	0.15797788	0.874524	1.0	False	lymph	mid	enformer
3939	6.3685455	85.6232	79.254654	0.15797123	0.8745292	1.0	False	lymph	mid	enformer
617	6.3685226	85.62313	79.25461	0.15797077	0.87452954	1.0	False	lymph	mid	enformer
4812	6.368347	85.62276	79.25441	0.15796688	0.87453264	1.0	False	lymph	mid	enformer
1964	6.3681946	85.62231	79.25411	0.15796372	0.874535	1.0	False	lymph	mid	enformer
2200	6.368126	85.62183	79.25371	0.15796284	0.8745358	1.0	False	lymph	mid	enformer
92	6.3687363	85.63732	79.268585	0.15794879	0.8745469	1.0	False	lymph	mid	enformer
3737	6.3685303	85.63575	79.26722	0.15794641	0.8745488	1.0	False	lymph	mid	enformer
3065	6.3672104	85.632454	79.26524	0.1579185	0.8745707	1.0	False	lymph	mid	enformer
4872	6.3644943	85.614296	79.2498	0.15788175	0.8745997	1.0	False	lymph	mid	enformer
4729	6.364464	85.61424	79.24978	0.15788104	0.87460023	1.0	False	lymph	mid	enformer
6020	6.36454	85.61526	79.25072	0.15788108	0.87460023	1.0	False	lymph	mid	enformer
3698	6.3644485	85.614586	79.25014	0.15788001	0.87460107	1.0	False	lymph	mid	enformer
5425	6.3644104	85.61439	79.24998	0.15787935	0.87460154	1.0	False	lymph	mid	enformer
5980	6.3643723	85.61427	79.2499	0.1578786	0.87460214	1.0	False	lymph	mid	enformer
4722	6.3643875	85.61498	79.250595	0.15787761	0.8746029	1.0	False	lymph	mid	enformer
3588	6.364235	85.61334	79.24911	0.15787676	0.87460357	1.0	False	lymph	mid	enformer
2452	6.3661804	85.64172	79.27554	0.15787281	0.8746068	1.0	False	lymph	mid	enformer
2069	6.365326	85.632774	79.26745	0.15786806	0.87461054	1.0	False	lymph	mid	enformer
3503	6.3664246	85.64771	79.28129	0.15786745	0.87461096	1.0	False	lymph	mid	enformer
2939	6.3647537	85.62535	79.2606	0.15786736	0.8746111	1.0	False	lymph	mid	enformer
4061	6.3653717	85.63409	79.268715	0.15786673	0.87461156	1.0	False	lymph	mid	enformer
147	6.365013	85.63178	79.26677	0.15786143	0.8746157	1.0	False	lymph	mid	enformer
831	6.3651047	85.63587	79.27077	0.15785594	0.8746201	1.0	False	lymph	mid	enformer
4298	6.369835	85.70792	79.33808	0.15784045	0.87463224	1.0	False	lymph	mid	enformer
1121	6.369873	85.70965	79.339775	0.15783809	0.87463415	1.0	False	lymph	mid	enformer
1809	6.369545	85.70693	79.33739	0.15783472	0.87463677	1.0	False	lymph	mid	enformer
999	6.369087	85.71284	79.34375	0.15781151	0.87465507	1.0	False	lymph	mid	enformer
4037	6.3687973	85.71017	79.34137	0.15780903	0.87465703	1.0	False	lymph	mid	enformer
5490	6.3687057	85.71029	79.34158	0.1578064	0.87465906	1.0	False	lymph	mid	enformer
2206	6.368721	85.71066	79.34194	0.15780608	0.8746593	1.0	False	lymph	mid	enformer
5368	6.361679	85.634964	79.273285	0.15776695	0.8746902	1.0	False	lymph	mid	enformer
5441	6.3616104	85.634865	79.273254	0.15776534	0.8746915	1.0	False	lymph	mid	enformer
2079	6.3598022	85.62844	79.26864	0.15773092	0.87471855	1.0	False	lymph	mid	enformer
3497	6.3598557	85.62939	79.26953	0.15773028	0.8747191	1.0	False	lymph	mid	enformer
2391	6.35923	85.621315	79.262085	0.15772961	0.87471956	1.0	False	lymph	mid	enformer
5756	6.363365	85.68315	79.319786	0.15771812	0.8747287	1.0	False	lymph	mid	enformer
1927	6.3570633	85.61069	79.253624	0.1576928	0.8747485	1.0	False	lymph	mid	enformer
4572	6.358696	85.63444	79.27574	0.15768954	0.87475115	1.0	False	lymph	mid	enformer
1114	6.3579025	85.62553	79.267624	0.15768652	0.8747535	1.0	False	lymph	mid	enformer
943	6.3580627	85.6288	79.27074	0.15768486	0.8747548	1.0	False	lymph	mid	enformer
4677	6.3586044	85.6371	79.278496	0.1576824	0.87475675	1.0	False	lymph	mid	enformer
2672	6.358589	85.636894	79.278305	0.15768242	0.87475675	1.0	False	lymph	mid	enformer
5724	6.3584976	85.63666	79.27816	0.15768045	0.87475824	1.0	False	lymph	mid	enformer
4213	6.3577576	85.62695	79.269196	0.15768036	0.87475836	1.0	False	lymph	mid	enformer
4853	6.35849	85.63766	79.27917	0.15767832	0.8747599	1.0	False	lymph	mid	enformer
5732	6.3583984	85.63668	79.27828	0.15767781	0.8747603	1.0	False	lymph	mid	enformer
4889	6.3584137	85.63694	79.27853	0.1576777	0.87476045	1.0	False	lymph	mid	enformer
2373	6.3583755	85.636696	79.27832	0.15767716	0.87476087	1.0	False	lymph	mid	enformer
1858	6.3582306	85.63566	79.27743	0.15767537	0.87476236	1.0	False	lymph	mid	enformer
5569	6.3577347	85.63964	79.281906	0.15765443	0.8747788	1.0	False	lymph	mid	enformer
2309	4.249893	67.90687	63.656975	0.11739724	0.90658224	1.0	False	lymph	mid	enformer
3794	4.2420883	67.869354	63.627266	0.117238514	0.90670794	1.0	False	lymph	mid	enformer
3201	4.2412643	67.901146	63.65988	0.11715681	0.90677273	1.0	False	lymph	mid	enformer
4412	4.236782	67.86168	63.624897	0.11709801	0.9068193	1.0	False	lymph	mid	enformer
305	4.237049	67.89837	63.66132	0.117039	0.906866	1.0	False	lymph	mid	enformer
4499	4.23481	67.904526	63.669716	0.11696336	0.9069259	1.0	False	lymph	mid	enformer
2306	4.2361298	67.92566	63.68953	0.1169633	0.906926	1.0	False	lymph	mid	enformer
3500	4.2336617	67.89864	63.66498	0.11694043	0.90694404	1.0	False	lymph	mid	enformer
3462	4.2328873	67.8921	63.65921	0.11692961	0.9069526	1.0	False	lymph	mid	enformer
3509	4.2333145	67.90119	63.667877	0.116925925	0.9069556	1.0	False	lymph	mid	enformer
1002	4.2337	67.907455	63.673756	0.116925836	0.90695566	1.0	False	lymph	mid	enformer
3385	4.2323303	67.90492	63.672592	0.116890505	0.9069837	1.0	False	lymph	mid	enformer
4693	4.228424	67.9084	63.679977	0.116770945	0.9070783	1.0	False	lymph	mid	enformer
5551	4.225834	67.91339	63.687557	0.116686285	0.9071454	1.0	False	lymph	mid	enformer
5080	4.225403	67.90679	63.68139	0.11668599	0.9071457	1.0	False	lymph	mid	enformer
4805	4.225376	67.90643	63.681057	0.11668585	0.90714574	1.0	False	lymph	mid	enformer
3472	4.225685	67.91213	63.686447	0.11668464	0.9071467	1.0	False	lymph	mid	enformer
5581	4.2253227	67.90652	63.681194	0.11668414	0.9071471	1.0	False	lymph	mid	enformer
5040	4.2124825	67.888336	63.675854	0.11633799	0.9074213	1.0	False	lymph	mid	enformer
5423	4.212425	67.88841	63.675987	0.1163362	0.9074227	1.0	False	lymph	mid	enformer
2270	4.2124176	67.88854	63.676125	0.11633575	0.9074231	1.0	False	lymph	mid	enformer
3946	4.2123756	67.88797	63.675594	0.11633556	0.9074232	1.0	False	lymph	mid	enformer
4457	4.2127953	67.894844	63.68205	0.11633548	0.90742326	1.0	False	lymph	mid	enformer
5027	4.2123337	67.88757	63.67524	0.11633504	0.9074236	1.0	False	lymph	mid	enformer
4627	4.212368	67.888115	63.675747	0.11633508	0.9074236	1.0	False	lymph	mid	enformer
3983	4.2123184	67.88745	63.675133	0.11633481	0.9074238	1.0	False	lymph	mid	enformer
4392	4.2123795	67.88842	63.67604	0.11633487	0.9074238	1.0	False	lymph	mid	enformer
3402	4.212349	67.88813	63.67578	0.11633449	0.9074241	1.0	False	lymph	mid	enformer
1866	4.212326	67.887794	63.67547	0.11633442	0.90742415	1.0	False	lymph	mid	enformer
5131	4.2123337	67.88793	63.6756	0.1163344	0.90742415	1.0	False	lymph	mid	enformer
1267	4.2123337	67.88793	63.6756	0.1163344	0.90742415	1.0	False	lymph	mid	enformer
1079	4.21233	67.88786	63.675533	0.11633441	0.90742415	1.0	False	lymph	mid	enformer
3033	4.2127647	67.89493	63.682163	0.11633443	0.90742415	1.0	False	lymph	mid	enformer
3972	4.2123795	67.88877	63.67639	0.11633422	0.9074243	1.0	False	lymph	mid	enformer
1650	4.2123604	67.8885	63.676136	0.116334185	0.90742433	1.0	False	lymph	mid	enformer
5540	4.2123566	67.8885	63.67614	0.116334066	0.9074244	1.0	False	lymph	mid	enformer
1325	4.212349	67.88838	63.676033	0.11633405	0.90742445	1.0	False	lymph	mid	enformer
3412	4.2123413	67.88826	63.67592	0.116334036	0.90742445	1.0	False	lymph	mid	enformer
2323	4.2123604	67.8886	63.676243	0.116333984	0.9074245	1.0	False	lymph	mid	enformer
1038	4.212322	67.888	63.67568	0.116333954	0.9074245	1.0	False	lymph	mid	enformer
1470	4.212387	67.88907	63.67668	0.11633393	0.9074245	1.0	False	lymph	mid	enformer
4922	4.2123375	67.88832	63.675983	0.11633382	0.9074246	1.0	False	lymph	mid	enformer
1146	4.21233	67.88819	63.67586	0.11633383	0.9074246	1.0	False	lymph	mid	enformer
2956	4.21233	67.88827	63.675938	0.11633369	0.9074247	1.0	False	lymph	mid	enformer
4025	4.212368	67.88886	63.676495	0.11633373	0.9074247	1.0	False	lymph	mid	enformer
96	4.2123604	67.888725	63.676365	0.11633375	0.9074247	1.0	False	lymph	mid	enformer
3583	4.212364	67.8889	63.676537	0.11633357	0.9074248	1.0	False	lymph	mid	enformer
2024	4.2123795	67.88915	63.676773	0.116333544	0.9074248	1.0	False	lymph	mid	enformer
3314	4.2127533	67.895226	63.682472	0.11633359	0.9074248	1.0	False	lymph	mid	enformer
324	4.2123985	67.88945	63.67705	0.11633358	0.9074248	1.0	False	lymph	mid	enformer
5107	4.2122993	67.88785	63.67555	0.11633355	0.9074248	1.0	False	lymph	mid	enformer
2219	4.2122955	67.88784	63.675545	0.11633346	0.90742487	1.0	False	lymph	mid	enformer
5008	4.212345	67.88863	63.67629	0.11633349	0.90742487	1.0	False	lymph	mid	enformer
4033	4.2127266	67.89482	63.682095	0.116333514	0.90742487	1.0	False	lymph	mid	enformer
3135	4.212303	67.88799	63.67569	0.11633341	0.9074249	1.0	False	lymph	mid	enformer
2225	4.212307	67.88804	63.67573	0.11633345	0.9074249	1.0	False	lymph	mid	enformer
486	4.2123566	67.88891	63.67655	0.11633333	0.907425	1.0	False	lymph	mid	enformer
3301	4.212303	67.88802	63.67572	0.11633335	0.907425	1.0	False	lymph	mid	enformer
5625	4.212326	67.8884	63.67607	0.11633334	0.907425	1.0	False	lymph	mid	enformer
6001	4.2123184	67.88832	63.676003	0.11633327	0.90742505	1.0	False	lymph	mid	enformer
3317	4.2127037	67.89459	63.68189	0.11633327	0.90742505	1.0	False	lymph	mid	enformer
2507	4.2122917	67.887886	63.675594	0.11633328	0.90742505	1.0	False	lymph	mid	enformer
2415	4.212311	67.888214	63.675903	0.11633323	0.9074251	1.0	False	lymph	mid	enformer
1323	4.212307	67.88819	63.675884	0.116333164	0.9074251	1.0	False	lymph	mid	enformer
2880	4.2122993	67.88802	63.675724	0.116333246	0.9074251	1.0	False	lymph	mid	enformer
6	4.212326	67.8885	63.67617	0.11633317	0.9074251	1.0	False	lymph	mid	enformer
5638	4.212326	67.88847	63.676147	0.116333224	0.9074251	1.0	False	lymph	mid	enformer
1846	4.2122993	67.888084	63.675785	0.116333134	0.90742517	1.0	False	lymph	mid	enformer
2847	4.212349	67.88889	63.676544	0.116333134	0.90742517	1.0	False	lymph	mid	enformer
3563	4.2122993	67.88807	63.67577	0.11633316	0.90742517	1.0	False	lymph	mid	enformer
1375	4.212303	67.88819	63.675888	0.11633306	0.9074252	1.0	False	lymph	mid	enformer
6018	4.2123146	67.88836	63.676044	0.116333075	0.9074252	1.0	False	lymph	mid	enformer
5448	4.2122993	67.888115	63.675816	0.116333075	0.9074252	1.0	False	lymph	mid	enformer
2740	4.212349	67.88897	63.67662	0.116333	0.9074253	1.0	False	lymph	mid	enformer
1052	4.212322	67.88853	63.676205	0.11633301	0.9074253	1.0	False	lymph	mid	enformer
5153	4.2123146	67.88842	63.676105	0.11633298	0.9074253	1.0	False	lymph	mid	enformer
3595	4.212738	67.89531	63.68257	0.116332985	0.9074253	1.0	False	lymph	mid	enformer
5059	4.212311	67.88834	63.676033	0.11633301	0.9074253	1.0	False	lymph	mid	enformer
3471	4.212738	67.89531	63.68257	0.116332985	0.9074253	1.0	False	lymph	mid	enformer
1222	4.212246	67.887344	63.6751	0.11633291	0.90742534	1.0	False	lymph	mid	enformer
1396	4.2122917	67.88809	63.6758	0.11633289	0.90742534	1.0	False	lymph	mid	enformer
5848	4.2123184	67.88852	63.6762	0.1163329	0.90742534	1.0	False	lymph	mid	enformer
1586	4.2122955	67.88821	63.67591	0.11633281	0.9074254	1.0	False	lymph	mid	enformer
302	4.212303	67.88833	63.676025	0.1163328	0.9074254	1.0	False	lymph	mid	enformer
2023	4.212322	67.88865	63.676327	0.116332784	0.90742546	1.0	False	lymph	mid	enformer
245	4.2122765	67.88795	63.67567	0.116332725	0.9074255	1.0	False	lymph	mid	enformer
3908	4.212303	67.888405	63.6761	0.11633268	0.9074255	1.0	False	lymph	mid	enformer
1794	4.212322	67.8887	63.67638	0.11633269	0.9074255	1.0	False	lymph	mid	enformer
3933	4.212223	67.88709	63.67487	0.11633268	0.9074255	1.0	False	lymph	mid	enformer
914	4.2123375	67.88901	63.67667	0.1163326	0.9074256	1.0	False	lymph	mid	enformer
1178	4.2122536	67.88765	63.675396	0.11633258	0.9074256	1.0	False	lymph	mid	enformer
3817	4.2123528	67.88925	63.6769	0.11633259	0.9074256	1.0	False	lymph	mid	enformer
4396	4.212738	67.89556	63.682823	0.11633253	0.90742564	1.0	False	lymph	mid	enformer
3089	4.2122498	67.88761	63.67536	0.11633254	0.90742564	1.0	False	lymph	mid	enformer
3652	4.2126656	67.89438	63.681713	0.116332546	0.90742564	1.0	False	lymph	mid	enformer
4340	4.212284	67.88817	63.675884	0.11633254	0.90742564	1.0	False	lymph	mid	enformer
5958	4.2122993	67.88847	63.676174	0.116332434	0.9074257	1.0	False	lymph	mid	enformer
6050	4.2120056	67.88367	63.67166	0.11633247	0.9074257	1.0	False	lymph	mid	enformer
618	4.212345	67.88923	63.676884	0.11633243	0.9074257	1.0	False	lymph	mid	enformer
175	4.212761	67.895996	63.683235	0.11633243	0.9074257	1.0	False	lymph	mid	enformer
4393	4.212326	67.8889	63.676575	0.11633245	0.9074257	1.0	False	lymph	mid	enformer
2327	4.2123146	67.888695	63.67638	0.11633249	0.9074257	1.0	False	lymph	mid	enformer
5989	4.2122536	67.88771	63.675457	0.11633246	0.9074257	1.0	False	lymph	mid	enformer
2801	4.2127075	67.895096	63.68239	0.116332486	0.9074257	1.0	False	lymph	mid	enformer
5792	4.212307	67.88863	63.676327	0.116332375	0.90742576	1.0	False	lymph	mid	enformer
5739	4.212269	67.88802	63.675755	0.11633235	0.90742576	1.0	False	lymph	mid	enformer
955	4.212677	67.89465	63.681976	0.11633239	0.90742576	1.0	False	lymph	mid	enformer
877	4.212288	67.8883	63.67601	0.11633241	0.90742576	1.0	False	lymph	mid	enformer
4182	4.212288	67.88833	63.67604	0.11633237	0.90742576	1.0	False	lymph	mid	enformer
6022	4.212326	67.88895	63.67662	0.11633237	0.90742576	1.0	False	lymph	mid	enformer
4871	4.212311	67.8887	63.67639	0.11633236	0.90742576	1.0	False	lymph	mid	enformer
3255	4.2122498	67.88774	63.67549	0.11633229	0.9074258	1.0	False	lymph	mid	enformer
3853	4.2122765	67.88817	63.67589	0.11633232	0.9074258	1.0	False	lymph	mid	enformer
1768	4.2122345	67.88752	63.675285	0.11633226	0.9074258	1.0	False	lymph	mid	enformer
450	4.212288	67.88836	63.67607	0.116332315	0.9074258	1.0	False	lymph	mid	enformer
6069	4.2122917	67.88844	63.67615	0.116332285	0.9074258	1.0	False	lymph	mid	enformer
4064	4.2122765	67.88815	63.675877	0.116332345	0.9074258	1.0	False	lymph	mid	enformer
920	4.2122955	67.88853	63.67623	0.11633223	0.9074259	1.0	False	lymph	mid	enformer
5174	4.212681	67.8948	63.682117	0.11633223	0.9074259	1.0	False	lymph	mid	enformer
1124	4.212322	67.88896	63.67664	0.11633223	0.9074259	1.0	False	lymph	mid	enformer
4167	4.2127113	67.8953	63.68259	0.11633223	0.9074259	1.0	False	lymph	mid	enformer
268	4.2122917	67.888504	63.676212	0.116332166	0.90742594	1.0	False	lymph	mid	enformer
1765	4.2127113	67.895355	63.682644	0.116332136	0.90742594	1.0	False	lymph	mid	enformer
1184	4.2123413	67.889336	63.676994	0.116332114	0.90742594	1.0	False	lymph	mid	enformer
2931	4.212242	67.88772	63.675476	0.11633212	0.90742594	1.0	False	lymph	mid	enformer
5171	4.2122498	67.88785	63.6756	0.11633212	0.90742594	1.0	False	lymph	mid	enformer
1260	4.2122917	67.8885	63.676205	0.11633217	0.90742594	1.0	False	lymph	mid	enformer
6089	4.212303	67.888725	63.676422	0.1163321	0.907426	1.0	False	lymph	mid	enformer
299	4.212269	67.888176	63.675907	0.116332084	0.907426	1.0	False	lymph	mid	enformer
3178	4.2122917	67.88862	63.676327	0.11633196	0.90742606	1.0	False	lymph	mid	enformer
3821	4.212303	67.888756	63.676453	0.11633204	0.90742606	1.0	False	lymph	mid	enformer
468	4.2122574	67.88801	63.67575	0.11633205	0.90742606	1.0	False	lymph	mid	enformer
1372	4.2122765	67.88835	63.676075	0.116332	0.90742606	1.0	False	lymph	mid	enformer
2465	4.2122765	67.88832	63.676044	0.11633205	0.90742606	1.0	False	lymph	mid	enformer
4128	4.2126846	67.89502	63.682335	0.11633195	0.9074261	1.0	False	lymph	mid	enformer
3691	4.212242	67.88784	63.6756	0.11633191	0.9074261	1.0	False	lymph	mid	enformer
3570	4.2122765	67.8884	63.67612	0.11633191	0.9074261	1.0	False	lymph	mid	enformer
178	4.212307	67.88888	63.67657	0.11633195	0.9074261	1.0	False	lymph	mid	enformer
5887	4.212311	67.88901	63.676697	0.11633181	0.9074262	1.0	False	lymph	mid	enformer
5348	4.212284	67.888535	63.67625	0.11633189	0.9074262	1.0	False	lymph	mid	enformer
5835	4.212242	67.88786	63.67562	0.116331875	0.9074262	1.0	False	lymph	mid	enformer
2948	4.2122574	67.88816	63.675903	0.11633178	0.90742624	1.0	False	lymph	mid	enformer
3046	4.2123146	67.8891	63.676785	0.11633178	0.90742624	1.0	False	lymph	mid	enformer
4517	4.212303	67.88891	63.676605	0.11633178	0.90742624	1.0	False	lymph	mid	enformer
1921	4.212223	67.88759	63.675365	0.1163318	0.90742624	1.0	False	lymph	mid	enformer
3751	4.2122955	67.88884	63.676544	0.11633168	0.9074263	1.0	False	lymph	mid	enformer
3757	4.2122116	67.88747	63.675255	0.11633169	0.9074263	1.0	False	lymph	mid	enformer
3718	4.212223	67.887634	63.67541	0.11633171	0.9074263	1.0	False	lymph	mid	enformer
4474	4.212284	67.88865	63.676365	0.11633168	0.9074263	1.0	False	lymph	mid	enformer
6011	4.212284	67.88862	63.676334	0.11633175	0.9074263	1.0	False	lymph	mid	enformer
1914	4.212246	67.88802	63.675777	0.11633171	0.9074263	1.0	False	lymph	mid	enformer
1243	4.212265	67.88834	63.67608	0.11633168	0.9074263	1.0	False	lymph	mid	enformer
847	4.2122383	67.88791	63.67567	0.11633167	0.9074263	1.0	False	lymph	mid	enformer
5773	4.212223	67.88763	63.675404	0.11633174	0.9074263	1.0	False	lymph	mid	enformer
4263	4.212284	67.88862	63.676334	0.11633175	0.9074263	1.0	False	lymph	mid	enformer
1139	4.2122574	67.88819	63.675934	0.11633172	0.9074263	1.0	False	lymph	mid	enformer
1764	4.2122383	67.88794	63.6757	0.11633162	0.90742636	1.0	False	lymph	mid	enformer
5480	4.2122574	67.88825	63.675995	0.11633162	0.90742636	1.0	False	lymph	mid	enformer
2028	4.2122116	67.8875	63.675285	0.116331644	0.90742636	1.0	False	lymph	mid	enformer
4785	4.2122345	67.88786	63.67563	0.11633165	0.90742636	1.0	False	lymph	mid	enformer
6016	4.212242	67.88804	63.675797	0.116331555	0.9074264	1.0	False	lymph	mid	enformer
928	4.2126694	67.895004	63.682335	0.116331555	0.9074264	1.0	False	lymph	mid	enformer
4166	4.2122765	67.88857	63.676296	0.1163316	0.9074264	1.0	False	lymph	mid	enformer
3371	4.2122116	67.88756	63.675346	0.11633152	0.9074264	1.0	False	lymph	mid	enformer
972	4.212246	67.888115	63.67587	0.11633154	0.9074264	1.0	False	lymph	mid	enformer
1750	4.212635	67.89443	63.681797	0.11633156	0.9074264	1.0	False	lymph	mid	enformer
2859	4.212719	67.89581	63.683094	0.11633154	0.9074264	1.0	False	lymph	mid	enformer
5238	4.212246	67.888084	63.67584	0.11633158	0.9074264	1.0	False	lymph	mid	enformer
644	4.212631	67.8944	63.68177	0.1163315	0.9074265	1.0	False	lymph	mid	enformer
2926	4.2126694	67.89504	63.682373	0.11633148	0.9074265	1.0	False	lymph	mid	enformer
3869	4.2126694	67.89507	63.682404	0.11633142	0.90742654	1.0	False	lymph	mid	enformer
3517	4.2122574	67.88838	63.676125	0.116331376	0.90742654	1.0	False	lymph	mid	enformer
4109	4.212288	67.88885	63.67656	0.11633144	0.90742654	1.0	False	lymph	mid	enformer
5398	4.2122498	67.88828	63.676033	0.11633135	0.9074266	1.0	False	lymph	mid	enformer
2305	4.2126617	67.895	63.682335	0.11633134	0.9074266	1.0	False	lymph	mid	enformer
242	4.2122536	67.88839	63.676136	0.11633126	0.90742666	1.0	False	lymph	mid	enformer
5995	4.2122726	67.888725	63.676453	0.11633122	0.90742666	1.0	False	lymph	mid	enformer
1258	4.2122307	67.888016	63.675785	0.116331264	0.90742666	1.0	False	lymph	mid	enformer
3664	4.212242	67.88822	63.67598	0.11633123	0.90742666	1.0	False	lymph	mid	enformer
2045	4.2121887	67.88737	63.67518	0.1163312	0.9074267	1.0	False	lymph	mid	enformer
4789	4.2122307	67.888054	63.675823	0.116331205	0.9074267	1.0	False	lymph	mid	enformer
982	4.2122345	67.88811	63.675873	0.11633121	0.9074267	1.0	False	lymph	mid	enformer
903	4.212242	67.88827	63.676025	0.11633116	0.9074267	1.0	False	lymph	mid	enformer
5793	4.2122383	67.88819	63.675953	0.11633115	0.9074267	1.0	False	lymph	mid	enformer
5692	4.2122307	67.8881	63.67587	0.116331115	0.9074268	1.0	False	lymph	mid	enformer
3597	4.2122345	67.888176	63.67594	0.116331086	0.9074268	1.0	False	lymph	mid	enformer
2756	4.2122993	67.88921	63.676914	0.11633112	0.9074268	1.0	False	lymph	mid	enformer
3354	4.2122345	67.88817	63.675934	0.1163311	0.9074268	1.0	False	lymph	mid	enformer
1562	4.2122345	67.88817	63.675934	0.1163311	0.9074268	1.0	False	lymph	mid	enformer
2317	4.212677	67.89543	63.682755	0.11633099	0.90742683	1.0	False	lymph	mid	enformer
878	4.212223	67.888054	63.67583	0.11633098	0.90742683	1.0	False	lymph	mid	enformer
2240	4.212639	67.89479	63.68215	0.11633104	0.90742683	1.0	False	lymph	mid	enformer
1252	4.2122536	67.888504	63.67625	0.11633105	0.90742683	1.0	False	lymph	mid	enformer
2485	4.2122536	67.88855	63.676296	0.116330974	0.9074269	1.0	False	lymph	mid	enformer
3851	4.2122536	67.88856	63.676304	0.11633097	0.9074269	1.0	False	lymph	mid	enformer
3004	4.212673	67.89541	63.682735	0.11633094	0.9074269	1.0	False	lymph	mid	enformer
4415	4.2122154	67.88794	63.675724	0.11633095	0.9074269	1.0	False	lymph	mid	enformer
2670	4.2121887	67.88749	63.6753	0.116330996	0.9074269	1.0	False	lymph	mid	enformer
4016	4.212246	67.88843	63.67618	0.11633099	0.9074269	1.0	False	lymph	mid	enformer
2806	4.212242	67.88841	63.67617	0.11633089	0.90742695	1.0	False	lymph	mid	enformer
2210	4.2122726	67.88892	63.67665	0.11633086	0.90742695	1.0	False	lymph	mid	enformer
3795	4.212246	67.88847	63.676228	0.1163309	0.90742695	1.0	False	lymph	mid	enformer
2029	4.212246	67.88849	63.676243	0.11633086	0.90742695	1.0	False	lymph	mid	enformer
4187	4.2122116	67.88799	63.67578	0.11633075	0.907427	1.0	False	lymph	mid	enformer
6132	4.2126427	67.894966	63.682323	0.11633082	0.907427	1.0	False	lymph	mid	enformer
4099	4.2126656	67.89535	63.682682	0.11633081	0.907427	1.0	False	lymph	mid	enformer
1497	4.212208	67.887924	63.675716	0.116330765	0.907427	1.0	False	lymph	mid	enformer
5947	4.212185	67.88754	63.675358	0.11633077	0.907427	1.0	False	lymph	mid	enformer
5381	4.212227	67.88822	63.675995	0.11633078	0.907427	1.0	False	lymph	mid	enformer
5247	4.2126465	67.895096	63.68245	0.11633071	0.9074271	1.0	False	lymph	mid	enformer
4839	4.212208	67.88793	63.675724	0.11633074	0.9074271	1.0	False	lymph	mid	enformer
2289	4.212658	67.895256	63.6826	0.11633076	0.9074271	1.0	False	lymph	mid	enformer
4225	4.212631	67.89489	63.68226	0.116330646	0.90742713	1.0	False	lymph	mid	enformer
4062	4.212227	67.88828	63.676056	0.11633068	0.90742713	1.0	False	lymph	mid	enformer
697	4.2122345	67.88842	63.676186	0.11633066	0.90742713	1.0	False	lymph	mid	enformer
4748	4.2122726	67.88903	63.676758	0.11633067	0.90742713	1.0	False	lymph	mid	enformer
5372	4.2122498	67.88874	63.67649	0.11633054	0.9074272	1.0	False	lymph	mid	enformer
5190	4.2122726	67.88911	63.676834	0.116330534	0.90742725	1.0	False	lymph	mid	enformer
839	4.2122498	67.88876	63.676514	0.11633048	0.90742725	1.0	False	lymph	mid	enformer
223	4.2122116	67.88816	63.67595	0.11633045	0.90742725	1.0	False	lymph	mid	enformer
643	4.2126007	67.89448	63.681877	0.11633047	0.90742725	1.0	False	lymph	mid	enformer
2762	4.212227	67.888374	63.676147	0.11633051	0.90742725	1.0	False	lymph	mid	enformer
1374	4.2122116	67.88812	63.67591	0.116330504	0.90742725	1.0	False	lymph	mid	enformer
779	4.2122498	67.888794	63.676544	0.116330445	0.90742725	1.0	False	lymph	mid	enformer
4088	4.2122345	67.88854	63.676308	0.11633044	0.9074273	1.0	False	lymph	mid	enformer
1754	4.2121925	67.88786	63.67567	0.11633043	0.9074273	1.0	False	lymph	mid	enformer
552	4.2126274	67.894966	63.68234	0.11633039	0.9074273	1.0	False	lymph	mid	enformer
3443	4.2121887	67.88782	63.67563	0.1163304	0.9074273	1.0	False	lymph	mid	enformer
3885	4.212204	67.88805	63.675842	0.11633044	0.9074273	1.0	False	lymph	mid	enformer
571	4.212223	67.888405	63.67618	0.11633034	0.9074274	1.0	False	lymph	mid	enformer
5112	4.2121925	67.88797	63.675777	0.116330236	0.90742743	1.0	False	lymph	mid	enformer
1670	4.212181	67.88779	63.675606	0.116330236	0.90742743	1.0	False	lymph	mid	enformer
966	4.212204	67.88813	63.675926	0.11633028	0.90742743	1.0	False	lymph	mid	enformer
2807	4.2122154	67.88837	63.67615	0.11633019	0.9074275	1.0	False	lymph	mid	enformer
5339	4.2121353	67.88711	63.674973	0.11633011	0.90742755	1.0	False	lymph	mid	enformer
3383	4.212593	67.894585	63.68199	0.11633008	0.90742755	1.0	False	lymph	mid	enformer
919	4.212612	67.89486	63.682247	0.11633013	0.90742755	1.0	False	lymph	mid	enformer
4952	4.2125893	67.89449	63.681904	0.11633014	0.90742755	1.0	False	lymph	mid	enformer
3165	4.2126427	67.89542	63.682774	0.11633003	0.9074276	1.0	False	lymph	mid	enformer
3827	4.2121925	67.88808	63.675884	0.11633005	0.9074276	1.0	False	lymph	mid	enformer
3724	4.2126236	67.895096	63.682472	0.11633006	0.9074276	1.0	False	lymph	mid	enformer
4532	4.2126045	67.89484	63.68223	0.11632996	0.90742767	1.0	False	lymph	mid	enformer
2983	4.2126617	67.89579	63.68313	0.11632992	0.9074277	1.0	False	lymph	mid	enformer
4875	4.2126274	67.89525	63.68262	0.11632989	0.9074277	1.0	False	lymph	mid	enformer
2719	4.21262	67.89515	63.68253	0.11632984	0.9074278	1.0	False	lymph	mid	enformer
5164	4.2122116	67.88852	63.676308	0.116329804	0.9074278	1.0	False	lymph	mid	enformer
3801	4.2125473	67.89402	63.681473	0.11632975	0.90742785	1.0	False	lymph	mid	enformer
1270	4.212208	67.88847	63.676266	0.11632979	0.90742785	1.0	False	lymph	mid	enformer
5124	4.2121773	67.888	63.675823	0.11632974	0.90742785	1.0	False	lymph	mid	enformer
2559	4.2126083	67.89502	63.68241	0.116329744	0.90742785	1.0	False	lymph	mid	enformer
5013	4.212181	67.88811	63.675926	0.11632966	0.9074279	1.0	False	lymph	mid	enformer
3608	4.2125587	67.89424	63.681683	0.1163297	0.9074279	1.0	False	lymph	mid	enformer
5621	4.2125816	67.89465	63.68207	0.11632962	0.90742797	1.0	False	lymph	mid	enformer
2302	4.2121773	67.88807	63.67589	0.11632962	0.90742797	1.0	False	lymph	mid	enformer
3824	4.212578	67.89467	63.68209	0.116329476	0.9074281	1.0	False	lymph	mid	enformer
5961	4.2121696	67.88803	63.67586	0.11632947	0.9074281	1.0	False	lymph	mid	enformer
5757	4.212242	67.88925	63.67701	0.116329394	0.90742815	1.0	False	lymph	mid	enformer
4139	4.212185	67.88836	63.676174	0.11632931	0.9074282	1.0	False	lymph	mid	enformer
5584	4.2121735	67.8882	63.676025	0.11632929	0.9074282	1.0	False	lymph	mid	enformer
345	4.2121696	67.88809	63.675922	0.11632934	0.9074282	1.0	False	lymph	mid	enformer
6139	4.2122	67.88862	63.67642	0.116329305	0.9074282	1.0	False	lymph	mid	enformer
2398	4.212166	67.88807	63.675903	0.11632929	0.9074282	1.0	False	lymph	mid	enformer
5754	4.212162	67.88801	63.675846	0.11632928	0.9074282	1.0	False	lymph	mid	enformer
5382	4.212143	67.887726	63.675583	0.11632923	0.90742826	1.0	False	lymph	mid	enformer
3427	4.2126465	67.89596	63.68331	0.11632918	0.9074283	1.0	False	lymph	mid	enformer
285	4.212181	67.88837	63.676186	0.11632919	0.9074283	1.0	False	lymph	mid	enformer
232	4.212166	67.88819	63.676025	0.11632908	0.9074284	1.0	False	lymph	mid	enformer
3122	4.2126045	67.8953	63.682697	0.11632911	0.9074284	1.0	False	lymph	mid	enformer
1406	4.212185	67.88847	63.67629	0.116329126	0.9074284	1.0	False	lymph	mid	enformer
2198	4.2121887	67.8886	63.676414	0.116329	0.90742844	1.0	False	lymph	mid	enformer
2944	4.2125206	67.894066	63.681545	0.1163289	0.90742856	1.0	False	lymph	mid	enformer
1659	4.212574	67.895096	63.68252	0.1163286	0.9074288	1.0	False	lymph	mid	enformer
4902	4.212578	67.89527	63.682693	0.116328426	0.9074289	1.0	False	lymph	mid	enformer
5631	4.2121315	67.888016	63.675884	0.11632839	0.907429	1.0	False	lymph	mid	enformer
1486	4.2121696	67.88891	63.67674	0.11632791	0.90742934	1.0	False	lymph	mid	enformer
3253	4.21212	67.88823	63.67611	0.11632768	0.9074295	1.0	False	lymph	mid	enformer
4564	4.212101	67.88789	63.675793	0.11632772	0.9074295	1.0	False	lymph	mid	enformer
1688	4.2125206	67.8948	63.682278	0.11632759	0.9074296	1.0	False	lymph	mid	enformer
1338	4.212105	67.88817	63.676064	0.11632736	0.9074297	1.0	False	lymph	mid	enformer
707	4.2121124	67.88839	63.676277	0.11632717	0.9074299	1.0	False	lymph	mid	enformer
2007	4.2125244	67.89525	63.682724	0.1163269	0.90743005	1.0	False	lymph	mid	enformer
4589	4.212097	67.88836	63.67626	0.116326794	0.9074301	1.0	False	lymph	mid	enformer
1996	4.2120705	67.88819	63.67612	0.11632631	0.9074305	1.0	False	lymph	mid	enformer
1386	4.212063	67.88814	63.676075	0.11632618	0.90743065	1.0	False	lymph	mid	enformer
725	4.212452	67.8947	63.682247	0.11632578	0.90743095	1.0	False	lymph	mid	enformer
1399	-4.8337555	90.1558	94.989555	-0.11129113	0.91142213	1.0	False	lymph	mid	enformer
3003	-4.8271027	90.156624	94.98373	-0.11114324	0.9115394	1.0	False	lymph	mid	enformer
785	-4.827652	90.16743	94.99508	-0.111142755	0.91153973	1.0	False	lymph	mid	enformer
1906	-4.827591	90.166824	94.994415	-0.11114213	0.91154027	1.0	False	lymph	mid	enformer
4618	-4.8275223	90.16631	94.993835	-0.111141205	0.9115409	1.0	False	lymph	mid	enformer
2771	-4.8270416	90.15796	94.985	-0.11114029	0.91154164	1.0	False	lymph	mid	enformer
2547	-4.8275146	90.16701	94.99452	-0.11114022	0.9115417	1.0	False	lymph	mid	enformer
2049	-4.819664	90.15513	94.97479	-0.11098053	0.9116683	1.0	False	lymph	mid	enformer
1168	-4.8195114	90.15281	94.97232	-0.11098026	0.9116685	1.0	False	lymph	mid	enformer
4077	-4.8190536	90.146355	94.96541	-0.11097763	0.9116706	1.0	False	lymph	mid	enformer
5437	-4.8194656	90.184265	95.00373	-0.11094178	0.911699	1.0	False	lymph	mid	enformer
1444	-4.819313	90.183105	95.00242	-0.11093976	0.9117006	1.0	False	lymph	mid	enformer
4666	-4.818825	90.17411	94.992935	-0.11093943	0.9117009	1.0	False	lymph	mid	enformer
177	-4.8187485	90.17341	94.99216	-0.11093856	0.9117016	1.0	False	lymph	mid	enformer
820	-4.818756	90.174774	94.99353	-0.11093713	0.9117027	1.0	False	lymph	mid	enformer
3168	-4.81868	90.17429	94.99297	-0.11093602	0.9117036	1.0	False	lymph	mid	enformer
4454	-4.8125153	90.157234	94.96975	-0.110820055	0.9117955	1.0	False	lymph	mid	enformer
4621	-4.8128357	90.1665	94.97933	-0.11081585	0.91179883	1.0	False	lymph	mid	enformer
2869	-4.8107605	90.16239	94.97315	-0.110775106	0.9118311	1.0	False	lymph	mid	enformer
4496	-4.8112717	90.17199	94.98326	-0.11077486	0.9118313	1.0	False	lymph	mid	enformer
5646	-4.8106766	90.16211	94.972786	-0.11077356	0.91183233	1.0	False	lymph	mid	enformer
5541	-4.8111115	90.17	94.98111	-0.110773444	0.91183245	1.0	False	lymph	mid	enformer
6117	-4.810669	90.16221	94.97288	-0.11077327	0.9118326	1.0	False	lymph	mid	enformer
5263	-4.810646	90.161804	94.97245	-0.11077324	0.91183263	1.0	False	lymph	mid	enformer
3419	-4.8105774	90.161964	94.97254	-0.110771544	0.91183394	1.0	False	lymph	mid	enformer
1826	-4.81057	90.16208	94.97265	-0.11077124	0.9118342	1.0	False	lymph	mid	enformer
4201	-4.8034897	90.13569	94.93918	-0.11064521	0.9119342	1.0	False	lymph	mid	enformer
851	-4.803467	90.13655	94.94002	-0.11064369	0.9119354	1.0	False	lymph	mid	enformer
296	-4.8034897	90.13737	94.94086	-0.110643245	0.91193575	1.0	False	lymph	mid	enformer
1837	-4.8050003	90.17423	94.97923	-0.11063391	0.91194314	1.0	False	lymph	mid	enformer
1302	-4.8044205	90.165565	94.969986	-0.110630885	0.9119455	1.0	False	lymph	mid	enformer
2080	-4.804451	90.16609	94.97054	-0.11063093	0.9119455	1.0	False	lymph	mid	enformer
1448	-4.803871	90.15805	94.96192	-0.11062748	0.9119482	1.0	False	lymph	mid	enformer
3321	-4.8035965	90.156815	94.96041	-0.11062282	0.9119519	1.0	False	lymph	mid	enformer
97	-4.803589	90.15679	94.96038	-0.11062269	0.911952	1.0	False	lymph	mid	enformer
3544	-4.804077	90.16629	94.97037	-0.110622436	0.9119522	1.0	False	lymph	mid	enformer
1706	-4.80455	90.17573	94.98028	-0.11062155	0.9119529	1.0	False	lymph	mid	enformer
4075	-4.8008423	90.13654	94.937386	-0.11058573	0.9119813	1.0	False	lymph	mid	enformer
2824	-4.800804	90.136406	94.93721	-0.11058504	0.9119818	1.0	False	lymph	mid	enformer
508	-4.800766	90.16064	94.9614	-0.110556126	0.91200477	1.0	False	lymph	mid	enformer
3786	-4.8006744	90.16117	94.961845	-0.11055348	0.91200686	1.0	False	lymph	mid	enformer
1104	-4.800621	90.161255	94.961876	-0.11055219	0.91200787	1.0	False	lymph	mid	enformer
958	-4.8008194	90.16781	94.96863	-0.11054894	0.91201043	1.0	False	lymph	mid	enformer
4007	-4.79924	90.15868	94.957924	-0.11052517	0.9120293	1.0	False	lymph	mid	enformer
6073	-4.7986145	90.14853	94.94714	-0.11052336	0.91203076	1.0	False	lymph	mid	enformer
1164	-4.798607	90.14878	94.94739	-0.11052288	0.9120311	1.0	False	lymph	mid	enformer
4444	-4.7989426	90.15707	94.95601	-0.11052045	0.9120331	1.0	False	lymph	mid	enformer
5297	-4.7979126	90.14278	94.94069	-0.110514134	0.912038	1.0	False	lymph	mid	enformer
5255	-4.79834	90.15751	94.95585	-0.11050628	0.9120443	1.0	False	lymph	mid	enformer
5736	-4.7975616	90.15131	94.948875	-0.11049609	0.9120524	1.0	False	lymph	mid	enformer
5274	-4.7967606	90.14935	94.94611	-0.110480644	0.91206455	1.0	False	lymph	mid	enformer
4629	-4.796791	90.150444	94.947235	-0.11048005	0.912065	1.0	False	lymph	mid	enformer
1103	-4.7966843	90.15	94.946686	-0.11047819	0.9120665	1.0	False	lymph	mid	enformer
128	-4.7952805	90.15221	94.94749	-0.110444866	0.912093	1.0	False	lymph	mid	enformer
2036	-4.795372	90.169914	94.96529	-0.11042594	0.91210794	1.0	False	lymph	mid	enformer
1415	-4.794815	90.159615	94.95443	-0.110425584	0.91210824	1.0	False	lymph	mid	enformer
4652	-4.794792	90.161125	94.95592	-0.11042334	0.91211003	1.0	False	lymph	mid	enformer
141	-4.794693	90.159805	94.9545	-0.11042267	0.91211057	1.0	False	lymph	mid	enformer
1407	-4.794182	90.15166	94.94584	-0.11042105	0.9121119	1.0	False	lymph	mid	enformer
445	-4.7930374	90.13204	94.92508	-0.110418595	0.9121138	1.0	False	lymph	mid	enformer
4961	-4.7949753	90.16959	94.96457	-0.11041752	0.9121146	1.0	False	lymph	mid	enformer
792	-4.7927704	90.15456	94.94733	-0.11038652	0.91213924	1.0	False	lymph	mid	enformer
980	-4.7927704	90.15551	94.94828	-0.11038542	0.9121401	1.0	False	lymph	mid	enformer
5488	-4.7931824	90.163994	94.95718	-0.11038445	0.9121409	1.0	False	lymph	mid	enformer
4243	-4.7931747	90.164	94.95718	-0.110384285	0.912141	1.0	False	lymph	mid	enformer
3104	-4.7926254	90.15466	94.94729	-0.11038319	0.9121418	1.0	False	lymph	mid	enformer
123	-4.792633	90.15488	94.94751	-0.11038311	0.91214186	1.0	False	lymph	mid	enformer
1242	-4.792671	90.155556	94.94823	-0.110383175	0.91214186	1.0	False	lymph	mid	enformer
3707	-4.7930527	90.16334	94.95639	-0.11038233	0.9121425	1.0	False	lymph	mid	enformer
4014	-4.7926254	90.15546	94.94808	-0.110382274	0.9121426	1.0	False	lymph	mid	enformer
4052	-4.792572	90.15503	94.9476	-0.11038157	0.9121431	1.0	False	lymph	mid	enformer
582	-4.7925186	90.154396	94.946915	-0.110381134	0.91214347	1.0	False	lymph	mid	enformer
1979	-4.793129	90.16582	94.95895	-0.11038116	0.91214347	1.0	False	lymph	mid	enformer
228	-4.7924805	90.154976	94.94746	-0.110379614	0.91214466	1.0	False	lymph	mid	enformer
1095	-4.7925797	90.160255	94.952835	-0.110375665	0.9121478	1.0	False	lymph	mid	enformer
1194	-4.792839	90.165	94.95784	-0.11037547	0.912148	1.0	False	lymph	mid	enformer
235	-4.7927856	90.16445	94.95724	-0.11037493	0.9121484	1.0	False	lymph	mid	enformer
3660	-4.7925873	90.16184	94.95443	-0.110374	0.91214913	1.0	False	lymph	mid	enformer
5619	-4.7923965	90.16224	94.954636	-0.11036886	0.9121532	1.0	False	lymph	mid	enformer
2189	-4.790291	90.14114	94.931435	-0.11034778	0.91216993	1.0	False	lymph	mid	enformer
2522	-4.790741	90.14973	94.94047	-0.110347405	0.91217023	1.0	False	lymph	mid	enformer
3175	-4.7907867	90.15083	94.94162	-0.11034713	0.91217047	1.0	False	lymph	mid	enformer
4481	-4.7907104	90.14953	94.94024	-0.11034695	0.9121706	1.0	False	lymph	mid	enformer
5210	-4.789871	90.133835	94.923706	-0.110346936	0.9121706	1.0	False	lymph	mid	enformer
2387	-4.790718	90.14992	94.940636	-0.11034667	0.9121708	1.0	False	lymph	mid	enformer
3300	-4.7901993	90.14088	94.931076	-0.11034606	0.91217124	1.0	False	lymph	mid	enformer
1726	-4.790703	90.15059	94.94129	-0.110345565	0.91217166	1.0	False	lymph	mid	enformer
2076	-4.7901382	90.141045	94.93118	-0.11034451	0.9121725	1.0	False	lymph	mid	enformer
471	-4.790039	90.13965	94.92969	-0.11034392	0.912173	1.0	False	lymph	mid	enformer
3197	-4.790039	90.140724	94.93076	-0.11034268	0.9121739	1.0	False	lymph	mid	enformer
4988	-4.7901535	90.14399	94.93414	-0.11034067	0.91217554	1.0	False	lymph	mid	enformer
2779	-4.790474	90.1504	94.94087	-0.1103407	0.91217554	1.0	False	lymph	mid	enformer
4041	-4.7902145	90.14994	94.940155	-0.11033566	0.9121795	1.0	False	lymph	mid	enformer
1112	-4.790085	90.15021	94.94029	-0.11033248	0.91218203	1.0	False	lymph	mid	enformer
4102	-4.7900314	90.149666	94.9397	-0.11033193	0.91218245	1.0	False	lymph	mid	enformer
5932	-4.7892456	90.149345	94.93859	-0.11031426	0.9121965	1.0	False	lymph	mid	enformer
5134	-4.788803	90.14382	94.932625	-0.11031122	0.9121989	1.0	False	lymph	mid	enformer
3386	-4.789139	90.15107	94.94021	-0.1103099	0.9122	1.0	False	lymph	mid	enformer
3880	-4.7892227	90.1558	94.94502	-0.11030634	0.9122028	1.0	False	lymph	mid	enformer
2104	-4.789139	90.1548	94.94394	-0.110305645	0.9122033	1.0	False	lymph	mid	enformer
6024	-4.789131	90.15631	94.94544	-0.11030372	0.91220486	1.0	False	lymph	mid	enformer
1181	-4.7897873	90.17066	94.96045	-0.11030183	0.91220635	1.0	False	lymph	mid	enformer
4311	-4.7889786	90.15621	94.94519	-0.11030045	0.9122074	1.0	False	lymph	mid	enformer
2157	-4.788864	90.15485	94.94371	-0.11029952	0.9122082	1.0	False	lymph	mid	enformer
5640	-4.78878	90.15699	94.94577	-0.11029518	0.9122116	1.0	False	lymph	mid	enformer
997	-4.7870483	90.15019	94.93724	-0.11026478	0.91223574	1.0	False	lymph	mid	enformer
5674	-4.78701	90.14956	94.93657	-0.11026466	0.9122358	1.0	False	lymph	mid	enformer
3219	-4.787071	90.15144	94.938515	-0.110263824	0.91223645	1.0	False	lymph	mid	enformer
511	-4.787224	90.15514	94.94237	-0.11026255	0.91223747	1.0	False	lymph	mid	enformer
5915	-4.787277	90.15623	94.943504	-0.110262476	0.9122376	1.0	False	lymph	mid	enformer
1613	-4.7880325	90.17194	94.95998	-0.11026077	0.9122389	1.0	False	lymph	mid	enformer
49	-4.7857895	90.14424	94.93003	-0.11024453	0.9122518	1.0	False	lymph	mid	enformer
4769	-4.7846985	90.12967	94.91437	-0.11023659	0.9122581	1.0	False	lymph	mid	enformer
4472	-4.7851334	90.13832	94.923454	-0.11023617	0.91225845	1.0	False	lymph	mid	enformer
5805	-4.7846146	90.129005	94.91362	-0.110235505	0.9122589	1.0	False	lymph	mid	enformer
28	-4.7846146	90.129234	94.91385	-0.11023525	0.9122591	1.0	False	lymph	mid	enformer
634	-4.785515	90.14606	94.93157	-0.11023527	0.9122591	1.0	False	lymph	mid	enformer
5370	-4.7850037	90.13675	94.92175	-0.11023511	0.9122592	1.0	False	lymph	mid	enformer
6059	-4.78508	90.13862	94.9237	-0.11023465	0.9122596	1.0	False	lymph	mid	enformer
4711	-4.784973	90.138016	94.92299	-0.11023297	0.9122609	1.0	False	lymph	mid	enformer
1388	-4.784607	90.13109	94.915695	-0.11023293	0.91226095	1.0	False	lymph	mid	enformer
259	-4.785408	90.14658	94.93199	-0.110232286	0.9122614	1.0	False	lymph	mid	enformer
3339	-4.7857437	90.15393	94.939674	-0.11023156	0.912262	1.0	False	lymph	mid	enformer
5000	-4.784401	90.129326	94.91373	-0.110230386	0.912263	1.0	False	lymph	mid	enformer
763	-4.784363	90.129814	94.91418	-0.110228986	0.9122641	1.0	False	lymph	mid	enformer
4208	-4.7860947	90.16443	94.95052	-0.11022716	0.91226554	1.0	False	lymph	mid	enformer
2449	-4.785187	90.16725	94.95244	-0.11020389	0.912284	1.0	False	lymph	mid	enformer
2163	-4.7837677	90.14571	94.92948	-0.11019818	0.9122885	1.0	False	lymph	mid	enformer
2382	-4.7837524	90.146774	94.93053	-0.1101966	0.91228974	1.0	False	lymph	mid	enformer
5063	-4.7836914	90.14671	94.930405	-0.11019531	0.91229075	1.0	False	lymph	mid	enformer
1018	-4.7804413	90.116455	94.8969	-0.11015796	0.9123204	1.0	False	lymph	mid	enformer
2074	-4.7808914	90.12609	94.90698	-0.11015676	0.9123213	1.0	False	lymph	mid	enformer
33	-4.780861	90.126045	94.906906	-0.110156134	0.9123218	1.0	False	lymph	mid	enformer
5421	-4.7800446	90.11062	94.89066	-0.11015602	0.9123219	1.0	False	lymph	mid	enformer
3671	-4.780571	90.12088	94.90145	-0.110155694	0.91232216	1.0	False	lymph	mid	enformer
5125	-4.780472	90.11927	94.89974	-0.11015538	0.9123224	1.0	False	lymph	mid	enformer
4343	-4.780319	90.116356	94.896675	-0.11015537	0.91232246	1.0	False	lymph	mid	enformer
5884	-4.780815	90.12588	94.90669	-0.110155314	0.91232246	1.0	False	lymph	mid	enformer
5337	-4.7832184	90.17177	94.95499	-0.110154815	0.9123229	1.0	False	lymph	mid	enformer
2237	-4.7804413	90.11933	94.89977	-0.11015463	0.912323	1.0	False	lymph	mid	enformer
1059	-4.780876	90.12759	94.90846	-0.110154696	0.912323	1.0	False	lymph	mid	enformer
3010	-4.783165	90.17107	94.95423	-0.110154435	0.9123232	1.0	False	lymph	mid	enformer
2361	-4.7808075	90.127205	94.90801	-0.110153615	0.91232383	1.0	False	lymph	mid	enformer
5209	-4.783119	90.171455	94.954575	-0.11015298	0.91232437	1.0	False	lymph	mid	enformer
5250	-4.7830734	90.17098	94.954056	-0.110152505	0.9123247	1.0	False	lymph	mid	enformer
2158	-4.7830963	90.17194	94.95504	-0.1101519	0.9123252	1.0	False	lymph	mid	enformer
3838	-4.7830353	90.170746	94.95378	-0.11015195	0.9123252	1.0	False	lymph	mid	enformer
1747	-4.7797165	90.10864	94.88836	-0.110151425	0.91232556	1.0	False	lymph	mid	enformer
5244	-4.783043	90.17209	94.95513	-0.11015057	0.9123263	1.0	False	lymph	mid	enformer
1030	-4.781044	90.16403	94.945076	-0.11011609	0.9123536	1.0	False	lymph	mid	enformer
4987	-4.7810593	90.16477	94.94583	-0.110115565	0.912354	1.0	False	lymph	mid	enformer
3806	-4.7781067	90.12582	94.90392	-0.11009573	0.91236967	1.0	False	lymph	mid	enformer
854	-4.780388	90.16936	94.949745	-0.110095635	0.9123698	1.0	False	lymph	mid	enformer
1522	-4.7800293	90.163704	94.94373	-0.11009422	0.9123709	1.0	False	lymph	mid	enformer
837	-4.7779465	90.125916	94.90386	-0.11009208	0.9123726	1.0	False	lymph	mid	enformer
4606	-4.7779236	90.127365	94.90529	-0.11008927	0.91237485	1.0	False	lymph	mid	enformer
4858	-4.7779236	90.12817	94.90609	-0.11008836	0.91237557	1.0	False	lymph	mid	enformer
5577	-4.7791214	90.15598	94.935104	-0.110082865	0.9123799	1.0	False	lymph	mid	enformer
2867	-4.7780685	90.136986	94.915054	-0.110081926	0.9123807	1.0	False	lymph	mid	enformer
2122	-4.777817	90.13953	94.91734	-0.11007348	0.9123873	1.0	False	lymph	mid	enformer
2031	-4.7796326	90.17655	94.956184	-0.11007036	0.9123898	1.0	False	lymph	mid	enformer
5239	-4.777725	90.14046	94.91818	-0.11007037	0.9123898	1.0	False	lymph	mid	enformer
2943	-4.7792435	90.16977	94.94901	-0.11006983	0.91239023	1.0	False	lymph	mid	enformer
3558	-4.77816	90.14946	94.92762	-0.110069565	0.9123905	1.0	False	lymph	mid	enformer
1943	-4.779114	90.16833	94.94744	-0.11006865	0.9123912	1.0	False	lymph	mid	enformer
4275	-4.779152	90.17137	94.95052	-0.11006598	0.9123933	1.0	False	lymph	mid	enformer
4575	-4.7786026	90.16655	94.94515	-0.110059574	0.91239834	1.0	False	lymph	mid	enformer
3618	-4.778427	90.166916	94.94534	-0.11005526	0.9124018	1.0	False	lymph	mid	enformer
6094	-4.7784576	90.16874	94.9472	-0.11005333	0.91240335	1.0	False	lymph	mid	enformer
3137	-4.777382	90.1505	94.92788	-0.110051006	0.9124052	1.0	False	lymph	mid	enformer
1076	-4.7773743	90.15082	94.92819	-0.11005047	0.9124056	1.0	False	lymph	mid	enformer
5955	-4.777321	90.15085	94.92817	-0.110049255	0.9124065	1.0	False	lymph	mid	enformer
183	-4.777275	90.150246	94.92752	-0.110048935	0.9124068	1.0	False	lymph	mid	enformer
1425	-4.7774277	90.15338	94.93081	-0.110048905	0.9124068	1.0	False	lymph	mid	enformer
239	-4.7773514	90.15292	94.930275	-0.110047534	0.9124079	1.0	False	lymph	mid	enformer
2405	-4.7767487	90.14389	94.92064	-0.110044636	0.9124102	1.0	False	lymph	mid	enformer
2359	-4.7777405	90.181915	94.959656	-0.110022046	0.9124281	1.0	False	lymph	mid	enformer
1632	-4.7775803	90.18194	94.95952	-0.11001848	0.91243094	1.0	False	lymph	mid	enformer
2096	-4.7764893	90.161446	94.937935	-0.1100174	0.91243184	1.0	False	lymph	mid	enformer
5988	-4.7762375	90.16049	94.93673	-0.11001293	0.91243535	1.0	False	lymph	mid	enformer
990	-4.7748337	90.135605	94.91044	-0.11001253	0.91243565	1.0	False	lymph	mid	enformer
1506	-4.774803	90.13553	94.91033	-0.11001196	0.91243607	1.0	False	lymph	mid	enformer
516	-4.77594	90.15703	94.93297	-0.11001126	0.91243666	1.0	False	lymph	mid	enformer
5614	-4.774353	90.12795	94.902306	-0.11001073	0.9124371	1.0	False	lymph	mid	enformer
4625	-4.774399	90.12956	94.90396	-0.11000988	0.91243774	1.0	False	lymph	mid	enformer
3424	-4.7756577	90.154396	94.93005	-0.11000845	0.91243887	1.0	False	lymph	mid	enformer
1910	-4.7755814	90.154015	94.929596	-0.1100072	0.9124399	1.0	False	lymph	mid	enformer
5313	-4.77565	90.15544	94.93109	-0.110007055	0.91244	1.0	False	lymph	mid	enformer
5476	-4.77536	90.15506	94.93042	-0.1100011	0.9124448	1.0	False	lymph	mid	enformer
442	-4.773918	90.14302	94.91694	-0.10998283	0.9124592	1.0	False	lymph	mid	enformer
6120	-4.7742004	90.14951	94.92371	-0.10998141	0.9124603	1.0	False	lymph	mid	enformer
3346	-4.773407	90.134514	94.90792	-0.109981336	0.9124604	1.0	False	lymph	mid	enformer
4713	-4.7733994	90.13468	94.90808	-0.10998098	0.9124607	1.0	False	lymph	mid	enformer
1167	-4.7737656	90.14156	94.91533	-0.10998099	0.9124607	1.0	False	lymph	mid	enformer
1770	-4.7733	90.13409	94.90739	-0.109979466	0.9124619	1.0	False	lymph	mid	enformer
1395	-4.7735596	90.14121	94.91477	-0.10997684	0.912464	1.0	False	lymph	mid	enformer
2772	-4.7731094	90.134964	94.90807	-0.109974235	0.912466	1.0	False	lymph	mid	enformer
2416	-4.774391	90.16031	94.9347	-0.10997269	0.91246724	1.0	False	lymph	mid	enformer
371	-4.773819	90.15098	94.9248	-0.10997119	0.91246843	1.0	False	lymph	mid	enformer
3073	-4.773247	90.15033	94.92358	-0.10996001	0.9124773	1.0	False	lymph	mid	enformer
3569	-4.773201	90.15097	94.92417	-0.109958276	0.9124787	1.0	False	lymph	mid	enformer
1511	-4.773102	90.15063	94.92373	-0.109956466	0.9124801	1.0	False	lymph	mid	enformer
1654	-4.772972	90.15023	94.9232	-0.10995405	0.912482	1.0	False	lymph	mid	enformer
3606	-4.7723846	90.14128	94.913666	-0.10995104	0.91248447	1.0	False	lymph	mid	enformer
1111	-4.7728653	90.151115	94.92398	-0.10995068	0.91248465	1.0	False	lymph	mid	enformer
2946	-4.7706223	90.117805	94.88843	-0.109939285	0.91249377	1.0	False	lymph	mid	enformer
5193	-4.7704315	90.11712	94.88755	-0.10993578	0.9124965	1.0	False	lymph	mid	enformer
5226	-4.7704086	90.11711	94.88752	-0.10993535	0.9124968	1.0	False	lymph	mid	enformer
3404	-4.7709656	90.12846	94.89943	-0.10993419	0.91249776	1.0	False	lymph	mid	enformer
5596	-4.7703094	90.11622	94.88653	-0.10993409	0.9124978	1.0	False	lymph	mid	enformer
1578	-4.7708054	90.125465	94.89627	-0.10993402	0.91249794	1.0	False	lymph	mid	enformer
3612	-4.7702866	90.116875	94.88716	-0.10993282	0.91249883	1.0	False	lymph	mid	enformer
3952	-4.7702637	90.1168	94.88706	-0.10993242	0.9124992	1.0	False	lymph	mid	enformer
1165	-4.771225	90.13955	94.910774	-0.109927304	0.91250324	1.0	False	lymph	mid	enformer
3847	-4.77285	90.17247	94.94532	-0.109925285	0.9125048	1.0	False	lymph	mid	enformer
4676	-4.772377	90.16357	94.93594	-0.10992512	0.9125049	1.0	False	lymph	mid	enformer
2876	-4.7725067	90.166176	94.93868	-0.10992498	0.91250503	1.0	False	lymph	mid	enformer
821	-4.7723618	90.16389	94.93625	-0.10992442	0.9125055	1.0	False	lymph	mid	enformer
4429	-4.772377	90.164566	94.93694	-0.10992397	0.91250587	1.0	False	lymph	mid	enformer
2663	-4.7723846	90.164795	94.93718	-0.10992388	0.9125059	1.0	False	lymph	mid	enformer
5599	-4.7722473	90.16505	94.937294	-0.10992053	0.9125086	1.0	False	lymph	mid	enformer
3118	-4.7701645	90.1262	94.89636	-0.109919004	0.9125098	1.0	False	lymph	mid	enformer
2903	-4.770752	90.155334	94.92609	-0.10989855	0.912526	1.0	False	lymph	mid	enformer
2267	-4.7710114	90.160446	94.93146	-0.10989821	0.91252625	1.0	False	lymph	mid	enformer
5857	-4.770462	90.15077	94.921234	-0.109897204	0.9125271	1.0	False	lymph	mid	enformer
5106	-4.7708817	90.15976	94.93064	-0.10989613	0.9125279	1.0	False	lymph	mid	enformer
4992	-4.770317	90.150665	94.92098	-0.10989415	0.9125295	1.0	False	lymph	mid	enformer
2648	-4.7703934	90.15216	94.922554	-0.10989408	0.9125296	1.0	False	lymph	mid	enformer
3617	-4.7708282	90.16124	94.93207	-0.10989317	0.9125303	1.0	False	lymph	mid	enformer
340	-4.769066	90.14254	94.911606	-0.109875955	0.9125439	1.0	False	lymph	mid	enformer
3598	-4.7697983	90.161385	94.93118	-0.10987096	0.9125479	1.0	False	lymph	mid	enformer
4443	-4.7686844	90.14727	94.915955	-0.10986222	0.9125548	1.0	False	lymph	mid	enformer
2855	-4.7675934	90.13177	94.89936	-0.109855674	0.91256	1.0	False	lymph	mid	enformer
2381	-4.767105	90.12439	94.891495	-0.10985335	0.9125619	1.0	False	lymph	mid	enformer
23	-4.767044	90.12356	94.8906	-0.10985297	0.9125622	1.0	False	lymph	mid	enformer
1472	-4.7669983	90.12335	94.89035	-0.109852195	0.9125628	1.0	False	lymph	mid	enformer
3239	-4.76696	90.12324	94.8902	-0.10985147	0.9125633	1.0	False	lymph	mid	enformer
4403	-4.766304	90.12438	94.890686	-0.10983581	0.9125758	1.0	False	lymph	mid	enformer
2470	-4.7673416	90.1511	94.91844	-0.10982764	0.9125823	1.0	False	lymph	mid	enformer
21	-4.765274	90.131	94.89627	-0.10980583	0.91259956	1.0	False	lymph	mid	enformer
4704	-4.7662277	90.156975	94.9232	-0.10979635	0.912607	1.0	False	lymph	mid	enformer
101	-4.76416	90.13013	94.89429	-0.109781474	0.9126189	1.0	False	lymph	mid	enformer
4562	-4.7641144	90.132095	94.89621	-0.10977825	0.9126214	1.0	False	lymph	mid	enformer
2119	-4.7645493	90.14089	94.90544	-0.109777704	0.91262186	1.0	False	lymph	mid	enformer
2731	-4.764122	90.13282	94.89694	-0.109777585	0.912622	1.0	False	lymph	mid	enformer
1913	-4.764076	90.13247	94.896545	-0.10977698	0.91262245	1.0	False	lymph	mid	enformer
912	-4.763771	90.1267	94.89047	-0.10977687	0.9126225	1.0	False	lymph	mid	enformer
4578	-4.763611	90.15051	94.91412	-0.10974625	0.9126468	1.0	False	lymph	mid	enformer
145	-4.7643433	90.16746	94.9318	-0.109742604	0.91264963	1.0	False	lymph	mid	enformer
2848	-4.762192	90.13686	94.899055	-0.109730706	0.9126591	1.0	False	lymph	mid	enformer
2603	-4.762291	90.15049	94.91278	-0.10971735	0.91266966	1.0	False	lymph	mid	enformer
3878	-4.760742	90.14976	94.9105	-0.10968387	0.9126962	1.0	False	lymph	mid	enformer
1031	-4.760536	90.145676	94.90621	-0.10968381	0.91269624	1.0	False	lymph	mid	enformer
2204	-4.76062	90.14787	94.90849	-0.109683126	0.9126968	1.0	False	lymph	mid	enformer
4369	-4.7584686	90.131836	94.890305	-0.109653465	0.9127203	1.0	False	lymph	mid	enformer
3019	-4.7563934	90.13756	94.89395	-0.10960102	0.91276187	1.0	False	lymph	mid	enformer
5186	-4.7565765	90.155556	94.91213	-0.10958424	0.91277516	1.0	False	lymph	mid	enformer
4507	-4.7565002	90.155235	94.911736	-0.10958291	0.91277623	1.0	False	lymph	mid	enformer
2234	-4.756027	90.146355	94.90238	-0.10958263	0.91277647	1.0	False	lymph	mid	enformer
4363	-4.756073	90.14782	94.90389	-0.10958197	0.912777	1.0	False	lymph	mid	enformer
535	-4.7560425	90.148636	94.90468	-0.10958035	0.91277826	1.0	False	lymph	mid	enformer
3889	-4.75634	90.1549	94.91124	-0.10957974	0.91277874	1.0	False	lymph	mid	enformer
1999	-4.755974	90.14838	94.90435	-0.10957913	0.9127793	1.0	False	lymph	mid	enformer
942	-4.7554703	90.14815	94.90362	-0.10956854	0.9127877	1.0	False	lymph	mid	enformer
4989	-4.755478	90.16687	94.92235	-0.10954701	0.9128047	1.0	False	lymph	mid	enformer
1304	-4.7558136	90.173805	94.92962	-0.109546475	0.91280514	1.0	False	lymph	mid	enformer
5035	-4.7527695	90.13073	94.8835	-0.10952925	0.9128188	1.0	False	lymph	mid	enformer
3134	-4.753227	90.13927	94.892494	-0.10952917	0.9128189	1.0	False	lymph	mid	enformer
1952	-4.7519073	90.12601	94.877914	-0.10951598	0.91282934	1.0	False	lymph	mid	enformer
5397	-4.7528152	90.14385	94.89667	-0.10951444	0.9128305	1.0	False	lymph	mid	enformer
5379	-4.75235	90.13895	94.8913	-0.109510206	0.91283387	1.0	False	lymph	mid	enformer
389	-4.7522507	90.14942	94.90167	-0.109495535	0.9128455	1.0	False	lymph	mid	enformer
4784	-4.7515793	90.15139	94.90297	-0.10947901	0.9128586	1.0	False	lymph	mid	enformer
2750	-4.750458	90.135925	94.88638	-0.109471686	0.91286445	1.0	False	lymph	mid	enformer
5528	-4.751686	90.15989	94.911575	-0.10947119	0.9128648	1.0	False	lymph	mid	enformer
3812	-4.7503204	90.13391	94.88423	-0.10947096	0.912865	1.0	False	lymph	mid	enformer
5204	-4.7476196	90.15225	94.89987	-0.10938987	0.9129293	1.0	False	lymph	mid	enformer
2542	-4.7470474	90.14398	94.89103	-0.10938688	0.9129316	1.0	False	lymph	mid	enformer
4945	-4.7469864	90.14358	94.890564	-0.109386	0.91293234	1.0	False	lymph	mid	enformer
4054	-4.7474365	90.152336	94.89977	-0.10938574	0.9129325	1.0	False	lymph	mid	enformer
4129	-4.746498	90.13693	94.88343	-0.10938304	0.9129347	1.0	False	lymph	mid	enformer
4302	-4.7446594	90.13936	94.88402	-0.10933958	0.9129692	1.0	False	lymph	mid	enformer
112	-4.744606	90.13975	94.88435	-0.109337956	0.9129704	1.0	False	lymph	mid	enformer
198	-4.7450104	90.14863	94.89364	-0.1093363	0.91297174	1.0	False	lymph	mid	enformer
3007	-4.743988	90.13246	94.87645	-0.109332964	0.9129744	1.0	False	lymph	mid	enformer
880	-4.742935	90.13153	94.874466	-0.10930999	0.9129926	1.0	False	lymph	mid	enformer
5866	-4.7427597	90.12975	94.87251	-0.10930814	0.912994	1.0	False	lymph	mid	enformer
5254	-4.7426834	90.12935	94.87203	-0.109306924	0.91299504	1.0	False	lymph	mid	enformer
3877	-4.7435074	90.15142	94.89493	-0.1092996	0.9130008	1.0	False	lymph	mid	enformer
5535	-4.7434235	90.15085	94.89427	-0.10929895	0.91300136	1.0	False	lymph	mid	enformer
1869	-4.743019	90.14344	94.88646	-0.10929834	0.91300184	1.0	False	lymph	mid	enformer
823	-4.7427673	90.1427	94.88547	-0.10929362	0.9130056	1.0	False	lymph	mid	enformer
3688	-4.7432175	90.15108	94.894295	-0.10929357	0.9130056	1.0	False	lymph	mid	enformer
2131	-4.742729	90.14275	94.88548	-0.10929271	0.9130063	1.0	False	lymph	mid	enformer
3292	-4.742256	90.14111	94.88337	-0.1092844	0.91301286	1.0	False	lymph	mid	enformer
4999	-4.7375717	90.12782	94.865395	-0.10919613	0.91308284	1.0	False	lymph	mid	enformer
3299	-4.7384872	90.14708	94.88557	-0.10919372	0.9130848	1.0	False	lymph	mid	enformer
3700	-4.7383194	90.14585	94.88417	-0.10919142	0.9130866	1.0	False	lymph	mid	enformer
6040	-4.7382584	90.14527	94.88353	-0.10919071	0.9130872	1.0	False	lymph	mid	enformer
5089	-4.738266	90.14592	94.884186	-0.10919013	0.91308767	1.0	False	lymph	mid	enformer
944	-4.7377853	90.14022	94.878006	-0.10918657	0.9130904	1.0	False	lymph	mid	enformer
4614	-4.735733	90.11332	94.84905	-0.10917195	0.91310203	1.0	False	lymph	mid	enformer
3663	-4.736191	90.125916	94.86211	-0.109167196	0.9131058	1.0	False	lymph	mid	enformer
5567	-4.7358704	90.12905	94.86492	-0.10915666	0.9131142	1.0	False	lymph	mid	enformer
1704	-4.7349243	90.13018	94.865105	-0.109134644	0.9131316	1.0	False	lymph	mid	enformer
18	-4.7339478	90.12126	94.85521	-0.109122925	0.9131409	1.0	False	lymph	mid	enformer
5291	-4.733917	90.121826	94.85574	-0.109121606	0.91314197	1.0	False	lymph	mid	enformer
2444	-4.7338486	90.121475	94.85532	-0.10912048	0.91314286	1.0	False	lymph	mid	enformer
2041	-4.7349777	90.14557	94.88055	-0.10911815	0.9131447	1.0	False	lymph	mid	enformer
1149	-4.734215	90.131294	94.86551	-0.109117314	0.91314536	1.0	False	lymph	mid	enformer
1701	-4.7348785	90.14443	94.87931	-0.10911725	0.9131454	1.0	False	lymph	mid	enformer
5941	-4.7340775	90.132706	94.86678	-0.10911318	0.9131486	1.0	False	lymph	mid	enformer
819	-4.7338333	90.14147	94.875305	-0.10909735	0.91316116	1.0	False	lymph	mid	enformer
5704	-4.733803	90.14688	94.880684	-0.109090246	0.9131668	1.0	False	lymph	mid	enformer
3988	-4.7319565	90.114296	94.84625	-0.109086886	0.91316944	1.0	False	lymph	mid	enformer
82	-4.7314606	90.128716	94.860176	-0.10905941	0.91319126	1.0	False	lymph	mid	enformer
2887	-4.730942	90.13206	94.863	-0.10904455	0.91320306	1.0	False	lymph	mid	enformer
4063	-4.7306747	90.132645	94.86332	-0.10903796	0.9132083	1.0	False	lymph	mid	enformer
6037	-4.7305756	90.131645	94.86222	-0.109036915	0.9132091	1.0	False	lymph	mid	enformer
995	-4.7305756	90.132385	94.86296	-0.10903605	0.91320974	1.0	False	lymph	mid	enformer
857	-4.7291183	90.110016	94.839134	-0.10902954	0.9132149	1.0	False	lymph	mid	enformer
4833	-4.728676	90.10634	94.835014	-0.10902392	0.9132194	1.0	False	lymph	mid	enformer
2056	-4.728813	90.1158	94.84461	-0.109015904	0.91322577	1.0	False	lymph	mid	enformer
2759	-4.728691	90.11832	94.84701	-0.10900987	0.91323054	1.0	False	lymph	mid	enformer
4887	-4.728508	90.11612	94.84463	-0.10900893	0.91323125	1.0	False	lymph	mid	enformer
5127	-4.729233	90.13134	94.86057	-0.10900707	0.91323274	1.0	False	lymph	mid	enformer
4862	-4.728859	90.124405	94.853264	-0.10900674	0.91323304	1.0	False	lymph	mid	enformer
2891	-4.728859	90.12645	94.85531	-0.10900388	0.9132353	1.0	False	lymph	mid	enformer
4692	-4.729141	90.13819	94.86733	-0.10899754	0.91324025	1.0	False	lymph	mid	enformer
430	-4.7247314	90.08791	94.812645	-0.10895746	0.9132721	1.0	False	lymph	mid	enformer
929	-4.72464	90.08802	94.81266	-0.10895531	0.9132738	1.0	False	lymph	mid	enformer
4986	-4.727516	90.145195	94.87271	-0.10895325	0.9132754	1.0	False	lymph	mid	enformer
1061	-4.7268677	90.13421	94.86108	-0.10895173	0.9132767	1.0	False	lymph	mid	enformer
100	-4.727188	90.14738	94.874565	-0.108943015	0.9132835	1.0	False	lymph	mid	enformer
1078	-4.7271423	90.146484	94.87363	-0.10894303	0.9132835	1.0	False	lymph	mid	enformer
1672	-4.726944	90.14321	94.870155	-0.10894254	0.9132839	1.0	False	lymph	mid	enformer
5733	-4.727104	90.146835	94.87394	-0.10894178	0.9132845	1.0	False	lymph	mid	enformer
2126	-4.727028	90.14692	94.87395	-0.10893999	0.9132859	1.0	False	lymph	mid	enformer
318	-4.727028	90.14754	94.874565	-0.108939275	0.9132865	1.0	False	lymph	mid	enformer
4144	-4.726265	90.13512	94.86138	-0.108937174	0.9132882	1.0	False	lymph	mid	enformer
2668	-4.7258224	90.12671	94.85253	-0.108937025	0.9132883	1.0	False	lymph	mid	enformer
4535	-4.7262955	90.13583	94.86213	-0.10893686	0.9132884	1.0	False	lymph	mid	enformer
4522	-4.725769	90.12657	94.85234	-0.108936004	0.91328907	1.0	False	lymph	mid	enformer
3454	-4.726242	90.13625	94.862495	-0.10893537	0.91328955	1.0	False	lymph	mid	enformer
5707	-4.7235336	90.099144	94.82268	-0.1089181	0.91330326	1.0	False	lymph	mid	enformer
219	-4.7234497	90.0985	94.82195	-0.10891699	0.91330415	1.0	False	lymph	mid	enformer
5307	-4.7233276	90.098724	94.82205	-0.10891403	0.91330653	1.0	False	lymph	mid	enformer
4904	-4.724289	90.11984	94.84413	-0.1089113	0.9133086	1.0	False	lymph	mid	enformer
5531	-4.721985	90.07693	94.79891	-0.10890975	0.9133099	1.0	False	lymph	mid	enformer
3999	-4.7232666	90.11747	94.84074	-0.10889129	0.91332453	1.0	False	lymph	mid	enformer
2324	-4.7218704	90.11459	94.836464	-0.10886325	0.9133468	1.0	False	lymph	mid	enformer
1349	-4.7227783	90.133194	94.85597	-0.10886241	0.9133474	1.0	False	lymph	mid	enformer
3446	-4.7223206	90.124985	94.847305	-0.10886164	0.9133481	1.0	False	lymph	mid	enformer
5740	-4.72258	90.13952	94.8621	-0.10885064	0.9133568	1.0	False	lymph	mid	enformer
2986	-4.7206497	90.11358	94.83423	-0.10883798	0.91336685	1.0	False	lymph	mid	enformer
5849	-4.720482	90.11248	94.83296	-0.10883505	0.91336906	1.0	False	lymph	mid	enformer
4433	-4.7185745	90.09427	94.81284	-0.10881379	0.913386	1.0	False	lymph	mid	enformer
4791	-4.7205887	90.14462	94.86521	-0.10880051	0.91339654	1.0	False	lymph	mid	enformer
6036	-4.7205048	90.14371	94.86421	-0.10879971	0.9133972	1.0	False	lymph	mid	enformer
4289	-4.720398	90.143684	94.86408	-0.10879737	0.913399	1.0	False	lymph	mid	enformer
4798	-4.7179947	90.106384	94.82438	-0.10878705	0.9134072	1.0	False	lymph	mid	enformer
1665	-4.717949	90.10695	94.8249	-0.10878538	0.9134085	1.0	False	lymph	mid	enformer
2034	-4.7180023	90.10935	94.827354	-0.10878345	0.91341	1.0	False	lymph	mid	enformer
5587	-4.7183685	90.116455	94.83482	-0.10878338	0.91341007	1.0	False	lymph	mid	enformer
3740	-4.718361	90.11871	94.837074	-0.1087806	0.9134123	1.0	False	lymph	mid	enformer
5141	-4.718216	90.11746	94.83568	-0.10877884	0.91341364	1.0	False	lymph	mid	enformer
2697	-4.7172165	90.1021	94.81931	-0.10877525	0.91341656	1.0	False	lymph	mid	enformer
3184	-4.7188797	90.14098	94.85986	-0.10876706	0.913423	1.0	False	lymph	mid	enformer
4688	-4.718796	90.13991	94.8587	-0.108766444	0.9134235	1.0	False	lymph	mid	enformer
1844	-4.7188187	90.14094	94.85976	-0.10876577	0.913424	1.0	False	lymph	mid	enformer
5044	-4.718788	90.14055	94.85934	-0.108765535	0.9134242	1.0	False	lymph	mid	enformer
4012	-4.718811	90.141396	94.86021	-0.10876509	0.91342455	1.0	False	lymph	mid	enformer
3127	-4.7187653	90.140816	94.85958	-0.10876472	0.9134249	1.0	False	lymph	mid	enformer
2176	-4.718651	90.14134	94.85999	-0.1087616	0.91342735	1.0	False	lymph	mid	enformer
1467	-4.7157135	90.085045	94.80076	-0.10876133	0.9134276	1.0	False	lymph	mid	enformer
3898	-4.717575	90.12863	94.84621	-0.10875239	0.9134346	1.0	False	lymph	mid	enformer
3303	-4.7181854	90.14285	94.86104	-0.10874973	0.9134368	1.0	False	lymph	mid	enformer
2396	-4.7175446	90.132904	94.85045	-0.10874692	0.91343904	1.0	False	lymph	mid	enformer
2118	-4.716736	90.122574	94.83931	-0.10874027	0.9134443	1.0	False	lymph	mid	enformer
3130	-4.7166824	90.12171	94.838394	-0.10874008	0.9134444	1.0	False	lymph	mid	enformer
3056	-4.716835	90.12595	94.84279	-0.10873917	0.9134451	1.0	False	lymph	mid	enformer
5464	-4.7166367	90.12178	94.83842	-0.10873898	0.9134453	1.0	False	lymph	mid	enformer
2456	-4.7166443	90.122154	94.8388	-0.10873873	0.9134455	1.0	False	lymph	mid	enformer
3736	-4.7166367	90.122795	94.83943	-0.10873831	0.91344583	1.0	False	lymph	mid	enformer
5176	-4.716591	90.12154	94.83813	-0.10873826	0.9134459	1.0	False	lymph	mid	enformer
1721	-4.7170715	90.131645	94.84872	-0.108737454	0.9134465	1.0	False	lymph	mid	enformer
4699	-4.716606	90.12295	94.839554	-0.10873697	0.9134469	1.0	False	lymph	mid	enformer
5342	-4.7165527	90.12252	94.83907	-0.10873626	0.9134475	1.0	False	lymph	mid	enformer
5028	-4.7161255	90.119354	94.83548	-0.10873103	0.91345155	1.0	False	lymph	mid	enformer
4605	-4.7145767	90.13242	94.847	-0.10868173	0.91349065	1.0	False	lymph	mid	enformer
4761	-4.7149734	90.140366	94.85534	-0.10868106	0.9134912	1.0	False	lymph	mid	enformer
1815	-4.7152863	90.14907	94.86436	-0.108678035	0.91349363	1.0	False	lymph	mid	enformer
5159	-4.709938	90.07733	94.78727	-0.1086424	0.9135219	1.0	False	lymph	mid	enformer
1558	-4.709755	90.07682	94.786575	-0.10863892	0.9135246	1.0	False	lymph	mid	enformer
5801	-4.7096634	90.07523	94.7849	-0.108638704	0.9135248	1.0	False	lymph	mid	enformer
3055	-4.7096024	90.07568	94.785286	-0.10863683	0.9135263	1.0	False	lymph	mid	enformer
1069	-4.709648	90.076775	94.78642	-0.10863661	0.9135265	1.0	False	lymph	mid	enformer
4782	-4.7096024	90.07679	94.78639	-0.108635575	0.9135273	1.0	False	lymph	mid	enformer
5465	-4.7094803	90.07672	94.7862	-0.108632945	0.9135294	1.0	False	lymph	mid	enformer
4241	-4.712349	90.13577	94.84812	-0.10862793	0.91353333	1.0	False	lymph	mid	enformer
4717	-4.7120667	90.13234	94.844406	-0.108626276	0.91353464	1.0	False	lymph	mid	enformer
6007	-4.7122345	90.13539	94.847626	-0.10862583	0.913535	1.0	False	lymph	mid	enformer
4034	-4.7127304	90.14529	94.85802	-0.108625494	0.91353524	1.0	False	lymph	mid	enformer
862	-4.712227	90.136665	94.84889	-0.10862421	0.9135363	1.0	False	lymph	mid	enformer
3955	-4.708374	90.083115	94.79149	-0.10860074	0.9135549	1.0	False	lymph	mid	enformer
2159	-4.7078094	90.07443	94.78224	-0.10859839	0.91355675	1.0	False	lymph	mid	enformer
3882	-4.7078247	90.07557	94.783394	-0.10859743	0.9135575	1.0	False	lymph	mid	enformer
466	-4.7077255	90.07408	94.78181	-0.10859693	0.91355795	1.0	False	lymph	mid	enformer
4105	-4.708229	90.084465	94.792694	-0.108595975	0.9135587	1.0	False	lymph	mid	enformer
5593	-4.708435	90.097305	94.80574	-0.108585864	0.9135667	1.0	False	lymph	mid	enformer
316	-4.70977	90.12304	94.83281	-0.10858525	0.9135672	1.0	False	lymph	mid	enformer
747	-4.7106323	90.14068	94.85131	-0.108583815	0.9135683	1.0	False	lymph	mid	enformer
5396	-4.7100143	90.13066	94.840675	-0.108581945	0.91356987	1.0	False	lymph	mid	enformer
1154	-4.7100067	90.13133	94.84134	-0.10858099	0.9135705	1.0	False	lymph	mid	enformer
5806	-4.7063217	90.06531	94.77163	-0.108576	0.9135745	1.0	False	lymph	mid	enformer
5852	-4.707329	90.091934	94.79926	-0.10856749	0.91358125	1.0	False	lymph	mid	enformer
304	-4.7088394	90.12399	94.83283	-0.108563974	0.913584	1.0	False	lymph	mid	enformer
4349	-4.7087326	90.122894	94.83163	-0.10856284	0.91358495	1.0	False	lymph	mid	enformer
2706	-4.7086563	90.12202	94.83067	-0.10856217	0.9135855	1.0	False	lymph	mid	enformer
1967	-4.7086945	90.123055	94.83175	-0.10856183	0.9135858	1.0	False	lymph	mid	enformer
3769	-4.708229	90.11421	94.82244	-0.10856158	0.91358596	1.0	False	lymph	mid	enformer
1331	-4.70874	90.12413	94.83287	-0.10856161	0.91358596	1.0	False	lymph	mid	enformer
3185	-4.7091293	90.13179	94.84092	-0.10856146	0.913586	1.0	False	lymph	mid	enformer
545	-4.7086716	90.12351	94.832184	-0.1085608	0.91358656	1.0	False	lymph	mid	enformer
3379	-4.7081146	90.11313	94.82124	-0.108560294	0.913587	1.0	False	lymph	mid	enformer
3469	-4.708618	90.12303	94.83165	-0.10856016	0.9135871	1.0	False	lymph	mid	enformer
1956	-4.7081604	90.11489	94.82305	-0.10855928	0.9135878	1.0	False	lymph	mid	enformer
5345	-4.708107	90.11427	94.82238	-0.10855881	0.91358817	1.0	False	lymph	mid	enformer
3372	-4.7081604	90.11539	94.82355	-0.108558714	0.9135882	1.0	False	lymph	mid	enformer
846	-4.708557	90.123474	94.83203	-0.108558305	0.9135886	1.0	False	lymph	mid	enformer
3899	-4.709076	90.13368	94.84276	-0.108558126	0.9135887	1.0	False	lymph	mid	enformer
4552	-4.7084427	90.12208	94.83052	-0.10855736	0.9135893	1.0	False	lymph	mid	enformer
490	-4.7084885	90.12292	94.831406	-0.10855742	0.9135893	1.0	False	lymph	mid	enformer
2970	-4.708069	90.114845	94.822914	-0.108557306	0.91358936	1.0	False	lymph	mid	enformer
968	-4.7089844	90.13318	94.84216	-0.10855668	0.91358984	1.0	False	lymph	mid	enformer
3217	-4.708084	90.11576	94.823845	-0.108556606	0.9135899	1.0	False	lymph	mid	enformer
3866	-4.708	90.1147	94.8227	-0.10855596	0.9135904	1.0	False	lymph	mid	enformer
176	-4.7084427	90.123924	94.83237	-0.10855525	0.9135909	1.0	False	lymph	mid	enformer
5752	-4.7079697	90.11485	94.82282	-0.108555116	0.913591	1.0	False	lymph	mid	enformer
1918	-4.7084656	90.1245	94.83296	-0.10855511	0.913591	1.0	False	lymph	mid	enformer
2609	-4.707901	90.1144	94.8223	-0.10855408	0.91359186	1.0	False	lymph	mid	enformer
2235	-4.707329	90.10495	94.81228	-0.108552665	0.913593	1.0	False	lymph	mid	enformer
5940	-4.703476	90.06477	94.76825	-0.108513445	0.9136241	1.0	False	lymph	mid	enformer
4773	-4.7036285	90.082436	94.786064	-0.10849638	0.91363764	1.0	False	lymph	mid	enformer
1297	-4.70343	90.08163	94.78506	-0.108492285	0.91364086	1.0	False	lymph	mid	enformer
1116	-4.7035522	90.085175	94.78873	-0.10849093	0.913642	1.0	False	lymph	mid	enformer
3950	-4.7038345	90.094925	94.79876	-0.1084868	0.9136452	1.0	False	lymph	mid	enformer
4027	-4.7026215	90.07159	94.77421	-0.10848604	0.91364586	1.0	False	lymph	mid	enformer
892	-4.704155	90.102425	94.80658	-0.10848459	0.913647	1.0	False	lymph	mid	enformer
5595	-4.704277	90.11037	94.814644	-0.10847828	0.91365194	1.0	False	lymph	mid	enformer
356	-4.7023773	90.075066	94.77744	-0.108477354	0.9136527	1.0	False	lymph	mid	enformer
3031	-4.7019043	90.06649	94.768394	-0.10847668	0.91365325	1.0	False	lymph	mid	enformer
2496	-4.702217	90.07469	94.77691	-0.108474225	0.9136552	1.0	False	lymph	mid	enformer
5215	-4.7046814	90.12295	94.82763	-0.10847324	0.913656	1.0	False	lymph	mid	enformer
1760	-4.7021027	90.07342	94.77552	-0.10847284	0.9136563	1.0	False	lymph	mid	enformer
3257	-4.702202	90.076096	94.7783	-0.10847229	0.9136567	1.0	False	lymph	mid	enformer
2170	-4.7016907	90.070015	94.771706	-0.108468	0.91366017	1.0	False	lymph	mid	enformer
4475	-4.701912	90.07686	94.77877	-0.10846509	0.91366243	1.0	False	lymph	mid	enformer
6126	-4.704506	90.127525	94.83203	-0.10846348	0.9136637	1.0	False	lymph	mid	enformer
5213	-4.701851	90.077484	94.779335	-0.10846302	0.91366404	1.0	False	lymph	mid	enformer
5041	-4.70401	90.12138	94.82539	-0.10845949	0.9136669	1.0	False	lymph	mid	enformer
1639	-4.7026443	90.096176	94.79882	-0.10845873	0.9136675	1.0	False	lymph	mid	enformer
3246	-4.703743	90.11861	94.82235	-0.10845674	0.9136691	1.0	False	lymph	mid	enformer
5712	-4.7038803	90.12171	94.82559	-0.108456254	0.91366947	1.0	False	lymph	mid	enformer
2968	-4.7008743	90.065765	94.76664	-0.10845446	0.9136709	1.0	False	lymph	mid	enformer
5921	-4.702408	90.09584	94.79825	-0.10845386	0.9136713	1.0	False	lymph	mid	enformer
4837	-4.704262	90.13297	94.837234	-0.10845237	0.9136725	1.0	False	lymph	mid	enformer
253	-4.704315	90.1342	94.83852	-0.10845214	0.9136727	1.0	False	lymph	mid	enformer
3287	-4.702301	90.0961	94.7984	-0.108451374	0.9136733	1.0	False	lymph	mid	enformer
5779	-4.704178	90.1327	94.836876	-0.108450815	0.91367376	1.0	False	lymph	mid	enformer
1771	-4.7041016	90.13227	94.83637	-0.108449645	0.91367465	1.0	False	lymph	mid	enformer
5628	-4.7041245	90.13269	94.836815	-0.10844963	0.9136747	1.0	False	lymph	mid	enformer
165	-4.702278	90.09729	94.79957	-0.108449504	0.9136748	1.0	False	lymph	mid	enformer
1452	-4.7036133	90.123985	94.8276	-0.10844825	0.9136758	1.0	False	lymph	mid	enformer
2217	-4.704109	90.13373	94.83784	-0.10844811	0.9136759	1.0	False	lymph	mid	enformer
4636	-4.704399	90.13947	94.84387	-0.108448	0.913676	1.0	False	lymph	mid	enformer
6116	-4.704033	90.13262	94.836655	-0.10844773	0.9136762	1.0	False	lymph	mid	enformer
5964	-4.7040634	90.13327	94.83733	-0.10844762	0.9136763	1.0	False	lymph	mid	enformer
62	-4.7041016	90.134125	94.83823	-0.10844749	0.9136764	1.0	False	lymph	mid	enformer
3683	-4.704056	90.13368	94.83774	-0.10844698	0.9136768	1.0	False	lymph	mid	enformer
1326	-4.703537	90.12366	94.827194	-0.10844693	0.91367686	1.0	False	lymph	mid	enformer
5975	-4.7016525	90.08751	94.78916	-0.10844681	0.9136769	1.0	False	lymph	mid	enformer
2295	-4.703621	90.12537	94.82899	-0.10844686	0.9136769	1.0	False	lymph	mid	enformer
4879	-4.7035294	90.123665	94.827194	-0.10844677	0.913677	1.0	False	lymph	mid	enformer
4305	-4.7039948	90.132805	94.8368	-0.10844664	0.9136771	1.0	False	lymph	mid	enformer
2987	-4.7040253	90.133575	94.8376	-0.108446434	0.9136772	1.0	False	lymph	mid	enformer
4817	-4.7035675	90.12472	94.828285	-0.108446404	0.9136773	1.0	False	lymph	mid	enformer
983	-4.704361	90.14029	94.84465	-0.108446226	0.9136774	1.0	False	lymph	mid	enformer
2646	-4.7023315	90.10145	94.80378	-0.10844584	0.9136777	1.0	False	lymph	mid	enformer
2744	-4.7039948	90.13353	94.837524	-0.108445816	0.9136777	1.0	False	lymph	mid	enformer
543	-4.7035217	90.12463	94.828156	-0.108445495	0.913678	1.0	False	lymph	mid	enformer
4152	-4.7034607	90.12345	94.82691	-0.10844548	0.913678	1.0	False	lymph	mid	enformer
4538	-4.7034836	90.12399	94.82748	-0.10844537	0.91367805	1.0	False	lymph	mid	enformer
3030	-4.7039566	90.13316	94.83712	-0.10844537	0.9136781	1.0	False	lymph	mid	enformer
5780	-4.7039413	90.133026	94.83697	-0.10844519	0.9136782	1.0	False	lymph	mid	enformer
266	-4.7040024	90.13426	94.838264	-0.10844514	0.9136783	1.0	False	lymph	mid	enformer
1624	-4.703949	90.13329	94.83724	-0.108445056	0.91367835	1.0	False	lymph	mid	enformer
454	-4.7023087	90.10195	94.80426	-0.10844494	0.9136784	1.0	False	lymph	mid	enformer
4719	-4.7039566	90.13352	94.83748	-0.10844496	0.9136784	1.0	False	lymph	mid	enformer
3897	-4.703438	90.12378	94.82722	-0.1084446	0.9136787	1.0	False	lymph	mid	enformer
1012	-4.703781	90.1308	94.83458	-0.108444214	0.913679	1.0	False	lymph	mid	enformer
1916	-4.7043	90.14091	94.84521	-0.10844416	0.91367906	1.0	False	lymph	mid	enformer
3829	-4.703438	90.124275	94.82771	-0.108444035	0.9136791	1.0	False	lymph	mid	enformer
3906	-4.7033997	90.12358	94.82698	-0.108444	0.9136792	1.0	False	lymph	mid	enformer
5623	-4.7034454	90.12469	94.82813	-0.10844372	0.9136794	1.0	False	lymph	mid	enformer
3362	-4.7038727	90.133736	94.83761	-0.10844287	0.9136801	1.0	False	lymph	mid	enformer
2209	-4.701889	90.09589	94.797775	-0.10844247	0.9136804	1.0	False	lymph	mid	enformer
2747	-4.7038345	90.133385	94.83722	-0.10844242	0.91368043	1.0	False	lymph	mid	enformer
2153	-4.704216	90.14086	94.84508	-0.10844236	0.9136805	1.0	False	lymph	mid	enformer
5647	-4.7022705	90.10328	94.80555	-0.10844219	0.9136806	1.0	False	lymph	mid	enformer
3234	-4.7033234	90.124115	94.82744	-0.10844168	0.91368103	1.0	False	lymph	mid	enformer
2905	-4.703827	90.13391	94.83774	-0.10844163	0.9136811	1.0	False	lymph	mid	enformer
4548	-4.702156	90.10265	94.80481	-0.10844075	0.9136817	1.0	False	lymph	mid	enformer
2618	-4.7010956	90.0894	94.7905	-0.10843206	0.91368866	1.0	False	lymph	mid	enformer
888	-4.701744	90.103325	94.80507	-0.108430564	0.9136898	1.0	False	lymph	mid	enformer
5097	-4.7002945	90.077545	94.77784	-0.10842842	0.9136915	1.0	False	lymph	mid	enformer
973	-4.7022705	90.127815	94.830086	-0.10841446	0.91370255	1.0	False	lymph	mid	enformer
3483	-4.7021866	90.12877	94.830956	-0.1084115	0.91370493	1.0	False	lymph	mid	enformer
2422	-4.699806	90.08417	94.78397	-0.108409725	0.9137063	1.0	False	lymph	mid	enformer
360	-4.6997833	90.085464	94.78525	-0.10840773	0.9137079	1.0	False	lymph	mid	enformer
1821	-4.7008286	90.10549	94.80632	-0.10840762	0.91370803	1.0	False	lymph	mid	enformer
3745	-4.701538	90.12104	94.82258	-0.10840592	0.91370934	1.0	False	lymph	mid	enformer
5610	-4.699028	90.07317	94.7722	-0.10840532	0.9137098	1.0	False	lymph	mid	enformer
3857	-4.701111	90.1139	94.81501	-0.10840459	0.9137104	1.0	False	lymph	mid	enformer
4089	-4.700081	90.09506	94.79514	-0.10840322	0.9137114	1.0	False	lymph	mid	enformer
2785	-4.7000275	90.09502	94.795044	-0.10840218	0.91371226	1.0	False	lymph	mid	enformer
2958	-4.6999435	90.093765	94.79371	-0.10840169	0.9137127	1.0	False	lymph	mid	enformer
2362	-4.699913	90.09439	94.794304	-0.10840038	0.91371375	1.0	False	lymph	mid	enformer
2506	-4.6976776	90.052284	94.74996	-0.10839961	0.91371435	1.0	False	lymph	mid	enformer
3770	-4.69989	90.09818	94.79807	-0.10839539	0.9137177	1.0	False	lymph	mid	enformer
4125	-4.69989	90.09964	94.79953	-0.10839408	0.91371876	1.0	False	lymph	mid	enformer
4130	-4.6994705	90.10311	94.80258	-0.10838029	0.91372967	1.0	False	lymph	mid	enformer
1269	-4.699402	90.102005	94.80141	-0.108380005	0.9137299	1.0	False	lymph	mid	enformer
3581	-4.6984787	90.08584	94.78432	-0.108377986	0.9137315	1.0	False	lymph	mid	enformer
4379	-4.6984406	90.08552	94.78396	-0.10837775	0.9137317	1.0	False	lymph	mid	enformer
5168	-4.698807	90.09835	94.79716	-0.10837115	0.91373694	1.0	False	lymph	mid	enformer
4855	-4.69812	90.09064	94.78876	-0.10836473	0.91374195	1.0	False	lymph	mid	enformer
1697	-4.6970367	90.07044	94.76748	-0.10836369	0.91374284	1.0	False	lymph	mid	enformer
3140	-4.695961	90.05717	94.75313	-0.108355924	0.913749	1.0	False	lymph	mid	enformer
1414	-4.6970444	90.07905	94.77609	-0.108354226	0.91375035	1.0	False	lymph	mid	enformer
606	-4.6975784	90.08928	94.78686	-0.10835417	0.9137504	1.0	False	lymph	mid	enformer
2505	-4.696945	90.07943	94.776375	-0.108351596	0.9137524	1.0	False	lymph	mid	enformer
728	-4.6965027	90.07092	94.767426	-0.108351514	0.91375244	1.0	False	lymph	mid	enformer
5753	-4.696686	90.083565	94.78025	-0.10834183	0.9137602	1.0	False	lymph	mid	enformer
1073	-4.699501	90.1404	94.839905	-0.10833847	0.9137628	1.0	False	lymph	mid	enformer
5803	-4.6987457	90.12936	94.8281	-0.10833461	0.9137659	1.0	False	lymph	mid	enformer
3754	-4.6978455	90.1238	94.82165	-0.10832049	0.91377705	1.0	False	lymph	mid	enformer
996	-4.6978073	90.123436	94.82124	-0.10832006	0.9137774	1.0	False	lymph	mid	enformer
1075	-4.6978073	90.12386	94.82167	-0.10831958	0.9137778	1.0	False	lymph	mid	enformer
4491	-4.6978073	90.12399	94.8218	-0.10831942	0.91377795	1.0	False	lymph	mid	enformer
3536	-4.697319	90.11515	94.81247	-0.1083187	0.9137785	1.0	False	lymph	mid	enformer
6008	-4.697998	90.1304	94.8284	-0.108315974	0.9137807	1.0	False	lymph	mid	enformer
107	-4.69606	90.119286	94.815346	-0.10828612	0.9138043	1.0	False	lymph	mid	enformer
27	-4.6942444	90.08895	94.783195	-0.10828141	0.91380805	1.0	False	lymph	mid	enformer
1615	-4.69368	90.07766	94.77134	-0.108281374	0.9138081	1.0	False	lymph	mid	enformer
5501	-4.6932755	90.074295	94.76757	-0.1082762	0.9138122	1.0	False	lymph	mid	enformer
971	-4.6915283	90.07217	94.763695	-0.10823997	0.91384095	1.0	False	lymph	mid	enformer
2984	-4.6904297	90.057365	94.747795	-0.10823327	0.91384625	1.0	False	lymph	mid	enformer
5544	-4.692604	90.10061	94.79321	-0.10823122	0.91384786	1.0	False	lymph	mid	enformer
3032	-4.6925583	90.100586	94.793144	-0.108230226	0.91384864	1.0	False	lymph	mid	enformer
4712	-4.689598	90.04676	94.73636	-0.10822671	0.91385144	1.0	False	lymph	mid	enformer
4536	-4.6896057	90.05131	94.74091	-0.10822156	0.9138555	1.0	False	lymph	mid	enformer
1657	-4.689995	90.064835	94.75483	-0.10821505	0.9138607	1.0	False	lymph	mid	enformer
2562	-4.691803	90.10409	94.79589	-0.10820956	0.91386503	1.0	False	lymph	mid	enformer
6030	-4.6915817	90.103745	94.79533	-0.108205035	0.9138686	1.0	False	lymph	mid	enformer
4121	-4.6887283	90.055176	94.743904	-0.10819775	0.9138744	1.0	False	lymph	mid	enformer
3816	-4.688698	90.05578	94.74448	-0.108196385	0.91387546	1.0	False	lymph	mid	enformer
1162	-4.6884995	90.05589	94.74439	-0.108191855	0.9138791	1.0	False	lymph	mid	enformer
3842	-4.6917953	90.12262	94.814415	-0.1081878	0.9138823	1.0	False	lymph	mid	enformer
5217	-4.6918335	90.12345	94.815285	-0.10818772	0.9138824	1.0	False	lymph	mid	enformer
3176	-4.691803	90.122894	94.8147	-0.108187675	0.91388243	1.0	False	lymph	mid	enformer
3290	-4.691719	90.12193	94.81365	-0.10818691	0.91388303	1.0	False	lymph	mid	enformer
3254	-4.6917343	90.122444	94.81418	-0.10818666	0.9138832	1.0	False	lymph	mid	enformer
2632	-4.6916733	90.12252	94.81419	-0.10818522	0.91388434	1.0	False	lymph	mid	enformer
5765	-4.689888	90.11511	94.805	-0.1081545	0.9139087	1.0	False	lymph	mid	enformer
886	-4.689865	90.11604	94.80591	-0.10815254	0.91391027	1.0	False	lymph	mid	enformer
99	-4.6905746	90.131546	94.82212	-0.108150624	0.91391176	1.0	False	lymph	mid	enformer
3084	-4.687813	90.08479	94.772606	-0.10814329	0.9139176	1.0	False	lymph	mid	enformer
4364	-4.687187	90.07469	94.76188	-0.10814129	0.9139192	1.0	False	lymph	mid	enformer
5344	-4.6868286	90.09371	94.78054	-0.10811101	0.9139432	1.0	False	lymph	mid	enformer
5085	-4.6867294	90.09585	94.78258	-0.108106375	0.9139468	1.0	False	lymph	mid	enformer
2751	-4.6844254	90.06333	94.74776	-0.10809298	0.9139575	1.0	False	lymph	mid	enformer
453	-4.6856537	90.10682	94.79247	-0.10807024	0.9139755	1.0	False	lymph	mid	enformer
1758	-4.6841125	90.098564	94.78268	-0.108045556	0.9139951	1.0	False	lymph	mid	enformer
78	-4.682846	90.079185	94.76203	-0.10803987	0.91399956	1.0	False	lymph	mid	enformer
1045	-4.684265	90.11767	94.80193	-0.10802688	0.91400987	1.0	False	lymph	mid	enformer
702	-4.6845474	90.12408	94.808624	-0.108025484	0.914011	1.0	False	lymph	mid	enformer
5913	-4.684326	90.12507	94.809395	-0.10801945	0.9140158	1.0	False	lymph	mid	enformer
6025	-4.684601	90.13389	94.81849	-0.10801526	0.9140191	1.0	False	lymph	mid	enformer
290	-4.6840897	90.1254	94.80949	-0.10801361	0.9140204	1.0	False	lymph	mid	enformer
4544	-4.6838837	90.124344	94.80823	-0.108010225	0.9140231	1.0	False	lymph	mid	enformer
2752	-4.6824875	90.09885	94.781334	-0.108008884	0.9140242	1.0	False	lymph	mid	enformer
6013	-4.681534	90.08836	94.7699	-0.10799973	0.91403145	1.0	False	lymph	mid	enformer
2938	-4.6809998	90.08849	94.76949	-0.10798783	0.9140408	1.0	False	lymph	mid	enformer
868	-4.6744537	90.11696	94.79141	-0.1078103	0.9141816	1.0	False	lymph	mid	enformer
5424	-4.6744003	90.11732	94.79172	-0.1078087	0.9141829	1.0	False	lymph	mid	enformer
4196	-4.674164	90.117584	94.79175	-0.10780316	0.9141873	1.0	False	lymph	mid	enformer
3272	-4.6741104	90.11722	94.79133	-0.10780238	0.9141879	1.0	False	lymph	mid	enformer
2399	4.1072617	98.94413	94.83687	0.09375739	0.9253316	1.0	False	lymph	mid	enformer
4057	4.0980377	98.94604	94.848	0.09353768	0.92550606	1.0	False	lymph	mid	enformer
3944	4.0952606	98.94339	94.84813	0.09347491	0.92555594	1.0	False	lymph	mid	enformer
2280	4.090782	98.950676	94.85989	0.093361914	0.92564565	1.0	False	lymph	mid	enformer
3636	4.089691	98.94286	94.85317	0.093344174	0.9256598	1.0	False	lymph	mid	enformer
694	4.0893326	98.93538	94.84605	0.093343236	0.9256605	1.0	False	lymph	mid	enformer
4523	4.089241	98.93455	94.84531	0.09334188	0.92566156	1.0	False	lymph	mid	enformer
240	4.0895157	98.94148	94.85197	0.093341365	0.925662	1.0	False	lymph	mid	enformer
910	4.089241	98.935524	94.84628	0.09334095	0.92566234	1.0	False	lymph	mid	enformer
5653	4.089676	98.94898	94.85931	0.093337744	0.9256649	1.0	False	lymph	mid	enformer
4360	4.0892487	98.939445	94.8502	0.09333684	0.9256656	1.0	False	lymph	mid	enformer
2911	4.0892715	98.94003	94.85076	0.09333681	0.9256656	1.0	False	lymph	mid	enformer
635	4.090431	98.969955	94.879524	0.09333523	0.92566687	1.0	False	lymph	mid	enformer
2768	4.089531	98.948296	94.858765	0.09333497	0.9256671	1.0	False	lymph	mid	enformer
1271	4.089531	98.94862	94.85909	0.09333467	0.9256673	1.0	False	lymph	mid	enformer
1649	4.0894012	98.94838	94.85898	0.09333184	0.9256695	1.0	False	lymph	mid	enformer
1763	4.0893173	98.94807	94.85875	0.09333017	0.92567086	1.0	False	lymph	mid	enformer
2608	4.0859528	98.94667	94.86072	0.093252294	0.92573273	1.0	False	lymph	mid	enformer
2899	4.08593	98.9472	94.86127	0.093251266	0.92573357	1.0	False	lymph	mid	enformer
4262	4.0862274	98.95551	94.869286	0.093250096	0.92573446	1.0	False	lymph	mid	enformer
1456	4.0855103	98.93846	94.85295	0.09324978	0.9257347	1.0	False	lymph	mid	enformer
5071	4.084709	98.946075	94.86137	0.09322347	0.9257556	1.0	False	lymph	mid	enformer
2599	4.0853043	98.96533	94.88003	0.093218975	0.9257592	1.0	False	lymph	mid	enformer
2329	4.08416	98.95954	94.87538	0.09319721	0.9257765	1.0	False	lymph	mid	enformer
4965	4.084099	98.95921	94.875114	0.09319609	0.9257773	1.0	False	lymph	mid	enformer
2951	4.0836716	98.94953	94.86586	0.0931955	0.9257778	1.0	False	lymph	mid	enformer
5434	4.084053	98.95965	94.875595	0.0931946	0.9257785	1.0	False	lymph	mid	enformer
2333	4.0840225	98.96013	94.87611	0.09319341	0.92577946	1.0	False	lymph	mid	enformer
915	4.08387	98.95813	94.87426	0.09319173	0.9257808	1.0	False	lymph	mid	enformer
1789	4.083946	98.96028	94.876335	0.09319147	0.925781	1.0	False	lymph	mid	enformer
3762	4.0828857	98.94135	94.85847	0.093185045	0.92578614	1.0	False	lymph	mid	enformer
274	4.082817	98.9424	94.85958	0.093182415	0.9257882	1.0	False	lymph	mid	enformer
105	4.0827866	98.94186	94.85907	0.093182184	0.9257884	1.0	False	lymph	mid	enformer
4672	4.0826797	98.94162	94.85894	0.09317991	0.92579025	1.0	False	lymph	mid	enformer
876	4.0810394	98.93286	94.85182	0.09315008	0.92581385	1.0	False	lymph	mid	enformer
132	4.0811844	98.95735	94.87617	0.09312925	0.9258304	1.0	False	lymph	mid	enformer
5589	4.080948	98.95693	94.875984	0.09312408	0.9258345	1.0	False	lymph	mid	enformer
4330	4.080551	98.94824	94.86769	0.09312324	0.9258352	1.0	False	lymph	mid	enformer
5571	4.0808563	98.95698	94.87612	0.09312186	0.92583627	1.0	False	lymph	mid	enformer
5104	4.0808716	98.95768	94.87681	0.09312155	0.9258365	1.0	False	lymph	mid	enformer
3967	4.0797195	98.94707	94.86735	0.09310479	0.92584985	1.0	False	lymph	mid	enformer
4416	4.0787888	98.95521	94.87642	0.09307521	0.9258733	1.0	False	lymph	mid	enformer
3648	4.0789337	98.96032	94.881386	0.0930737	0.9258745	1.0	False	lymph	mid	enformer
567	4.0785675	98.95223	94.873665	0.09307284	0.9258752	1.0	False	lymph	mid	enformer
4053	4.078575	98.95258	94.87401	0.09307268	0.9258753	1.0	False	lymph	mid	enformer
1690	4.078499	98.95219	94.87369	0.09307125	0.9258765	1.0	False	lymph	mid	enformer
5594	4.077896	98.96958	94.891685	0.093039624	0.9259016	1.0	False	lymph	mid	enformer
4659	4.0771255	98.952	94.87488	0.09303871	0.9259023	1.0	False	lymph	mid	enformer
2326	4.0780945	98.975815	94.89772	0.093038335	0.9259026	1.0	False	lymph	mid	enformer
4559	4.078041	98.976295	94.898254	0.09303661	0.925904	1.0	False	lymph	mid	enformer
414	4.0777435	98.97019	94.89245	0.09303547	0.92590487	1.0	False	lymph	mid	enformer
4233	4.076477	98.94462	94.86814	0.09303087	0.92590857	1.0	False	lymph	mid	enformer
3667	4.076721	98.952095	94.875374	0.0930291	0.92591	1.0	False	lymph	mid	enformer
5019	4.0764847	98.946625	94.87014	0.09302892	0.9259101	1.0	False	lymph	mid	enformer
578	4.0763474	98.94483	94.868484	0.0930274	0.9259113	1.0	False	lymph	mid	enformer
5985	4.0764008	98.946434	94.87003	0.09302713	0.92591155	1.0	False	lymph	mid	enformer
2636	4.076523	98.94936	94.87284	0.09302702	0.9259116	1.0	False	lymph	mid	enformer
1248	4.076317	98.94578	94.86946	0.09302578	0.9259126	1.0	False	lymph	mid	enformer
5814	4.076248	98.94536	94.86911	0.09302455	0.9259136	1.0	False	lymph	mid	enformer
1109	4.07621	98.9455	94.86929	0.09302351	0.92591435	1.0	False	lymph	mid	enformer
2386	4.0760193	98.95645	94.88043	0.09300871	0.92592615	1.0	False	lymph	mid	enformer
5252	4.07592	98.95612	94.8802	0.09300669	0.92592776	1.0	False	lymph	mid	enformer
4083	4.0747604	98.95459	94.87983	0.09298049	0.92594856	1.0	False	lymph	mid	enformer
320	4.072296	98.966324	94.89403	0.09291114	0.92600363	1.0	False	lymph	mid	enformer
1138	4.0721893	98.96656	94.89437	0.0929084	0.9260058	1.0	False	lymph	mid	enformer
2042	4.072548	98.97606	94.90351	0.09290774	0.9260063	1.0	False	lymph	mid	enformer
657	4.0725174	98.97643	94.903915	0.092906654	0.9260072	1.0	False	lymph	mid	enformer
1596	4.072159	98.96786	94.8957	0.09290643	0.9260074	1.0	False	lymph	mid	enformer
71	4.0720444	98.96556	94.89352	0.09290594	0.9260078	1.0	False	lymph	mid	enformer
4161	4.0710373	98.94207	94.87103	0.09290498	0.9260085	1.0	False	lymph	mid	enformer
3357	4.071869	98.965164	94.893295	0.09290217	0.9260107	1.0	False	lymph	mid	enformer
1992	4.071884	98.966125	94.89424	0.09290162	0.92601115	1.0	False	lymph	mid	enformer
6134	4.0718	98.964325	94.892525	0.09290136	0.9260114	1.0	False	lymph	mid	enformer
4154	4.070862	98.941895	94.87103	0.092901014	0.9260116	1.0	False	lymph	mid	enformer
4634	4.070755	98.95993	94.889175	0.09288114	0.9260274	1.0	False	lymph	mid	enformer
2468	4.0703278	98.95166	94.88133	0.09287895	0.9260292	1.0	False	lymph	mid	enformer
2945	4.0702744	98.95173	94.881454	0.09287765	0.9260302	1.0	False	lymph	mid	enformer
5943	4.0702972	98.9531	94.882805	0.09287687	0.9260308	1.0	False	lymph	mid	enformer
5140	4.070221	98.95192	94.8817	0.0928762	0.92603135	1.0	False	lymph	mid	enformer
2154	4.070175	98.95309	94.88291	0.092874	0.92603314	1.0	False	lymph	mid	enformer
523	4.070076	98.95105	94.880974	0.09287362	0.92603344	1.0	False	lymph	mid	enformer
1951	4.067421	98.9712	94.90378	0.09279125	0.9260988	1.0	False	lymph	mid	enformer
1994	4.0673523	98.96967	94.90232	0.092791095	0.92609894	1.0	False	lymph	mid	enformer
2969	4.0673065	98.96949	94.90218	0.092790194	0.92609966	1.0	False	lymph	mid	enformer
3494	4.067337	98.97123	94.90389	0.092789255	0.92610043	1.0	False	lymph	mid	enformer
3547	4.0673294	98.97131	94.903984	0.092788994	0.9261006	1.0	False	lymph	mid	enformer
5457	4.067253	98.96957	94.90231	0.09278886	0.92610073	1.0	False	lymph	mid	enformer
3519	4.066803	98.95904	94.892235	0.092788324	0.92610115	1.0	False	lymph	mid	enformer
4890	4.067177	98.970085	94.90291	0.092786565	0.9261026	1.0	False	lymph	mid	enformer
497	4.067093	98.96826	94.90117	0.092786334	0.92610276	1.0	False	lymph	mid	enformer
5821	4.067108	98.968994	94.901886	0.09278599	0.92610306	1.0	False	lymph	mid	enformer
1404	4.0661087	98.95047	94.88436	0.092780635	0.9261073	1.0	False	lymph	mid	enformer
1963	4.066017	98.951004	94.88499	0.09277796	0.9261094	1.0	False	lymph	mid	enformer
4320	4.063797	98.95908	94.89529	0.09271753	0.9261574	1.0	False	lymph	mid	enformer
3173	4.063835	98.965836	94.902	0.09271196	0.9261619	1.0	False	lymph	mid	enformer
1218	4.063469	98.957344	94.893875	0.09271146	0.92616224	1.0	False	lymph	mid	enformer
4112	4.063385	98.955925	94.89254	0.09271083	0.9261627	1.0	False	lymph	mid	enformer
4541	4.0612106	98.971924	94.91071	0.09264445	0.9262154	1.0	False	lymph	mid	enformer
2510	4.061096	98.97243	94.91133	0.092641294	0.9262179	1.0	False	lymph	mid	enformer
4608	4.0588074	98.96744	94.90863	0.09259208	0.926257	1.0	False	lymph	mid	enformer
3368	4.059166	98.977936	94.91877	0.09259055	0.92625827	1.0	False	lymph	mid	enformer
2895	4.058647	98.96663	94.90798	0.09258909	0.9262594	1.0	False	lymph	mid	enformer
1782	4.0587463	98.96936	94.910614	0.09258881	0.92625964	1.0	False	lymph	mid	enformer
3638	4.0583878	98.96067	94.90228	0.09258864	0.92625976	1.0	False	lymph	mid	enformer
248	4.058342	98.96063	94.90229	0.09258759	0.92626053	1.0	False	lymph	mid	enformer
3323	4.058609	98.96846	94.90985	0.09258644	0.9262614	1.0	False	lymph	mid	enformer
1288	4.058571	98.96774	94.90917	0.09258623	0.9262616	1.0	False	lymph	mid	enformer
1904	4.058548	98.96882	94.91027	0.09258468	0.92626286	1.0	False	lymph	mid	enformer
696	4.0584564	98.96738	94.90892	0.09258387	0.9262635	1.0	False	lymph	mid	enformer
1970	4.0582275	98.97394	94.91571	0.09257234	0.9262727	1.0	False	lymph	mid	enformer
786	4.0581055	98.97387	94.915764	0.09256953	0.9262749	1.0	False	lymph	mid	enformer
2356	4.0581284	98.97564	94.91751	0.09256838	0.9262758	1.0	False	lymph	mid	enformer
4962	4.0580597	98.973915	94.915855	0.09256843	0.9262758	1.0	False	lymph	mid	enformer
3049	4.0578766	98.9703	94.91242	0.092567846	0.9262762	1.0	False	lymph	mid	enformer
3460	4.0574646	98.96061	94.903145	0.092567354	0.9262766	1.0	False	lymph	mid	enformer
2536	4.057602	98.964134	94.90653	0.09256694	0.9262769	1.0	False	lymph	mid	enformer
1476	4.058052	98.975266	94.91721	0.09256694	0.926277	1.0	False	lymph	mid	enformer
3876	4.0575333	98.96267	94.905136	0.09256671	0.9262771	1.0	False	lymph	mid	enformer
2517	4.057846	98.97067	94.91283	0.09256675	0.9262771	1.0	False	lymph	mid	enformer
646	4.0582275	98.9801	94.921875	0.09256657	0.9262772	1.0	False	lymph	mid	enformer
3783	4.0578156	98.97041	94.9126	0.09256628	0.92627746	1.0	False	lymph	mid	enformer
1132	4.058136	98.97811	94.919975	0.09256633	0.92627746	1.0	False	lymph	mid	enformer
4675	4.057419	98.96057	94.90315	0.092566304	0.92627746	1.0	False	lymph	mid	enformer
133	4.0579147	98.97282	94.9149	0.092566036	0.92627764	1.0	False	lymph	mid	enformer
5453	4.0577545	98.968925	94.91117	0.09256609	0.92627764	1.0	False	lymph	mid	enformer
4135	4.05809	98.98059	94.9225	0.09256286	0.9262802	1.0	False	lymph	mid	enformer
160	4.0580673	98.9802	94.922134	0.09256269	0.9262803	1.0	False	lymph	mid	enformer
5582	4.0580444	98.98085	94.922806	0.09256154	0.9262813	1.0	False	lymph	mid	enformer
5278	4.0579453	98.98032	94.92238	0.0925597	0.9262827	1.0	False	lymph	mid	enformer
718	4.054001	98.9708	94.9168	0.092475876	0.9263493	1.0	False	lymph	mid	enformer
4409	4.053894	98.97177	94.91788	0.09247245	0.926352	1.0	False	lymph	mid	enformer
2567	4.05365	98.97066	94.91701	0.09246775	0.9263558	1.0	False	lymph	mid	enformer
1368	4.05233	98.95886	94.90653	0.0924478	0.9263716	1.0	False	lymph	mid	enformer
605	4.0518494	98.94792	94.89607	0.092446834	0.92637235	1.0	False	lymph	mid	enformer
4597	4.0529785	98.97708	94.9241	0.092445746	0.9263732	1.0	False	lymph	mid	enformer
2936	4.052635	98.96894	94.916306	0.09244542	0.9263735	1.0	False	lymph	mid	enformer
5241	4.0525513	98.96859	94.91604	0.09244378	0.9263748	1.0	False	lymph	mid	enformer
6140	4.0492325	98.97499	94.92576	0.092359416	0.9264417	1.0	False	lymph	mid	enformer
4113	4.0494995	98.98298	94.93348	0.092357785	0.92644304	1.0	False	lymph	mid	enformer
1609	4.0490723	98.9754	94.92633	0.09235543	0.92644495	1.0	False	lymph	mid	enformer
4752	4.048851	98.97005	94.921196	0.09235529	0.92644507	1.0	False	lymph	mid	enformer
4477	4.0492706	98.98161	94.93234	0.0923537	0.9264463	1.0	False	lymph	mid	enformer
2191	4.0489655	98.974464	94.9255	0.092353635	0.9264464	1.0	False	lymph	mid	enformer
1630	4.0489655	98.97635	94.92738	0.092352	0.9264477	1.0	False	lymph	mid	enformer
3087	4.0489426	98.97593	94.92699	0.09235187	0.92644775	1.0	False	lymph	mid	enformer
4176	4.0488586	98.973656	94.9248	0.09235189	0.92644775	1.0	False	lymph	mid	enformer
2874	4.0489426	98.97639	94.927444	0.09235143	0.9264481	1.0	False	lymph	mid	enformer
3867	4.0485306	98.96705	94.91852	0.09235063	0.92644876	1.0	False	lymph	mid	enformer
1145	4.0485153	98.967155	94.91864	0.09235016	0.9264491	1.0	False	lymph	mid	enformer
5023	4.048485	98.96634	94.917854	0.092350215	0.9264491	1.0	False	lymph	mid	enformer
3879	4.049164	98.98328	94.93411	0.09234961	0.9264496	1.0	False	lymph	mid	enformer
4755	4.049446	98.99092	94.941475	0.092349	0.9264501	1.0	False	lymph	mid	enformer
1998	4.048683	98.974	94.925316	0.09234743	0.9264513	1.0	False	lymph	mid	enformer
1064	4.0485535	98.97474	94.926186	0.092343874	0.9264541	1.0	False	lymph	mid	enformer
6077	4.0487595	98.98162	94.93286	0.092341855	0.92645574	1.0	False	lymph	mid	enformer
5548	4.048767	98.98366	94.93489	0.09234013	0.9264571	1.0	False	lymph	mid	enformer
860	4.0487213	98.982864	94.93414	0.0923398	0.92645735	1.0	False	lymph	mid	enformer
4750	4.048683	98.98252	94.93384	0.092339225	0.9264578	1.0	False	lymph	mid	enformer
6137	4.0482635	98.97265	94.924385	0.09233904	0.92645794	1.0	False	lymph	mid	enformer
6074	4.0485992	98.98195	94.93335	0.09233779	0.92645895	1.0	False	lymph	mid	enformer
2873	4.048607	98.9823	94.93369	0.09233762	0.9264591	1.0	False	lymph	mid	enformer
2913	4.048729	98.9861	94.93737	0.09233665	0.92645985	1.0	False	lymph	mid	enformer
3024	4.048004	98.96916	94.92116	0.092335984	0.9264604	1.0	False	lymph	mid	enformer
5836	4.0483093	98.97724	94.92893	0.09233548	0.9264608	1.0	False	lymph	mid	enformer
4335	4.0487137	98.987045	94.93833	0.09233538	0.92646086	1.0	False	lymph	mid	enformer
3092	4.0483704	98.979324	94.930954	0.09233495	0.9264612	1.0	False	lymph	mid	enformer
1014	4.048256	98.978226	94.92997	0.092333294	0.92646253	1.0	False	lymph	mid	enformer
3948	4.04821	98.97729	94.92908	0.09233309	0.9264627	1.0	False	lymph	mid	enformer
3650	4.0482483	98.97859	94.93034	0.092332765	0.92646295	1.0	False	lymph	mid	enformer
1533	4.0482025	98.97752	94.92932	0.0923327	0.926463	1.0	False	lymph	mid	enformer
5872	4.0482483	98.97961	94.93136	0.0923318	0.9264637	1.0	False	lymph	mid	enformer
3662	4.0481567	98.977806	94.92965	0.09233135	0.9264641	1.0	False	lymph	mid	enformer
3820	4.0481567	98.978004	94.92985	0.092331156	0.9264642	1.0	False	lymph	mid	enformer
1812	4.048073	98.97764	94.929565	0.09232954	0.9264655	1.0	False	lymph	mid	enformer
5300	4.0481033	98.97868	94.93058	0.09232926	0.92646575	1.0	False	lymph	mid	enformer
691	4.0481186	98.97947	94.93135	0.092328876	0.92646605	1.0	False	lymph	mid	enformer
2917	4.048065	98.97855	94.93049	0.0923285	0.92646635	1.0	False	lymph	mid	enformer
742	4.0480347	98.97816	94.93012	0.092328146	0.92646664	1.0	False	lymph	mid	enformer
2844	4.0480347	98.97897	94.93094	0.092327364	0.92646724	1.0	False	lymph	mid	enformer
5287	4.0471573	98.97733	94.930176	0.092308514	0.92648226	1.0	False	lymph	mid	enformer
2283	4.0470047	98.97746	94.93046	0.09230477	0.9264852	1.0	False	lymph	mid	enformer
2611	4.0466385	98.969124	94.922485	0.09230407	0.9264857	1.0	False	lymph	mid	enformer
3601	4.0469513	98.97757	94.93062	0.092303425	0.92648625	1.0	False	lymph	mid	enformer
459	4.0464554	98.96825	94.92179	0.092300594	0.9264885	1.0	False	lymph	mid	enformer
3728	4.0460434	98.96705	94.921005	0.092291795	0.9264955	1.0	False	lymph	mid	enformer
3139	4.0463715	98.97621	94.92984	0.09229078	0.9264963	1.0	False	lymph	mid	enformer
5374	4.0463715	98.97662	94.93025	0.092290394	0.9264966	1.0	False	lymph	mid	enformer
856	4.046303	98.977066	94.93076	0.09228836	0.9264982	1.0	False	lymph	mid	enformer
1348	4.0457993	98.96556	94.91976	0.09228745	0.92649895	1.0	False	lymph	mid	enformer
563	4.0458145	98.96648	94.92066	0.092286944	0.9264993	1.0	False	lymph	mid	enformer
4290	4.0462265	98.97738	94.93115	0.092286274	0.92649984	1.0	False	lymph	mid	enformer
1192	4.045761	98.966125	94.920364	0.09228601	0.9265001	1.0	False	lymph	mid	enformer
3945	4.045807	98.9674	94.92159	0.09228586	0.9265002	1.0	False	lymph	mid	enformer
1618	4.0461426	98.97674	94.930595	0.0922849	0.9265009	1.0	False	lymph	mid	enformer
3205	4.0455856	98.96553	94.919945	0.092282444	0.9265029	1.0	False	lymph	mid	enformer
409	4.0444107	98.98162	94.93721	0.09223905	0.9265374	1.0	False	lymph	mid	enformer
1223	4.0442734	98.97867	94.934395	0.092238635	0.9265377	1.0	False	lymph	mid	enformer
1495	4.0442963	98.9814	94.9371	0.09223656	0.9265393	1.0	False	lymph	mid	enformer
2822	4.041855	98.96022	94.918365	0.092200026	0.9265683	1.0	False	lymph	mid	enformer
3862	4.0421295	98.97231	94.93018	0.092195	0.9265724	1.0	False	lymph	mid	enformer
3839	4.0399475	98.95671	94.91676	0.092158236	0.9266016	1.0	False	lymph	mid	enformer
5902	4.0394516	98.96422	94.92477	0.09213963	0.9266164	1.0	False	lymph	mid	enformer
4430	4.039482	98.96498	94.9255	0.092139624	0.9266164	1.0	False	lymph	mid	enformer
2168	4.0391693	98.95755	94.91838	0.092139326	0.9266166	1.0	False	lymph	mid	enformer
2743	4.039322	98.96595	94.92663	0.092134945	0.92662007	1.0	False	lymph	mid	enformer
1602	4.0393524	98.966736	94.92738	0.092134915	0.9266201	1.0	False	lymph	mid	enformer
1379	4.038925	98.95836	94.91943	0.09213281	0.9266218	1.0	False	lymph	mid	enformer
5982	4.034477	98.97486	94.940384	0.092011854	0.9267178	1.0	False	lymph	mid	enformer
393	4.0343704	98.97423	94.93986	0.092009775	0.9267195	1.0	False	lymph	mid	enformer
5743	4.0343323	98.9737	94.93937	0.09200954	0.92671967	1.0	False	lymph	mid	enformer
162	4.03463	98.98308	94.94845	0.09200766	0.9267211	1.0	False	lymph	mid	enformer
130	4.034218	98.973045	94.93883	0.09200748	0.9267213	1.0	False	lymph	mid	enformer
891	4.033844	98.97159	94.937744	0.09199987	0.9267273	1.0	False	lymph	mid	enformer
4373	4.033867	98.97236	94.93849	0.09199968	0.9267275	1.0	False	lymph	mid	enformer
422	4.0338516	98.972496	94.938644	0.09199919	0.9267279	1.0	False	lymph	mid	enformer
655	4.0338287	98.9723	94.93847	0.09199883	0.9267281	1.0	False	lymph	mid	enformer
1489	4.033722	98.97227	94.938545	0.09199635	0.9267301	1.0	False	lymph	mid	enformer
1537	4.0336914	98.981445	94.947754	0.09198705	0.9267375	1.0	False	lymph	mid	enformer
4547	4.033554	98.98173	94.94817	0.09198354	0.9267403	1.0	False	lymph	mid	enformer
4500	4.033493	98.980484	94.94699	0.09198328	0.92674047	1.0	False	lymph	mid	enformer
752	4.0331497	98.97418	94.94103	0.091981195	0.92674214	1.0	False	lymph	mid	enformer
3448	4.0334396	98.983055	94.949615	0.09197961	0.9267434	1.0	False	lymph	mid	enformer
325	4.0309906	98.998375	94.967384	0.09190728	0.92680085	1.0	False	lymph	mid	enformer
5777	4.03022	98.98149	94.95127	0.09190536	0.9268024	1.0	False	lymph	mid	enformer
3759	4.0301437	98.98212	94.95197	0.091902986	0.9268043	1.0	False	lymph	mid	enformer
4607	4.0303726	98.98884	94.958466	0.09190181	0.9268052	1.0	False	lymph	mid	enformer
185	4.030304	98.9896	94.9593	0.09189948	0.92680705	1.0	False	lymph	mid	enformer
367	4.0302353	98.98974	94.9595	0.091897726	0.9268084	1.0	False	lymph	mid	enformer
4079	4.029793	98.97998	94.95019	0.09189673	0.92680925	1.0	False	lymph	mid	enformer
449	4.0277023	98.97218	94.94448	0.0918547	0.92684263	1.0	False	lymph	mid	enformer
1644	4.0276184	98.97024	94.94262	0.09185456	0.92684275	1.0	False	lymph	mid	enformer
5043	4.0278854	98.97881	94.95093	0.09185276	0.9268442	1.0	False	lymph	mid	enformer
303	4.0274963	98.97142	94.943924	0.091850586	0.9268459	1.0	False	lymph	mid	enformer
3556	4.0273666	98.9698	94.94244	0.091849044	0.92684716	1.0	False	lymph	mid	enformer
5314	4.02742	98.97131	94.94389	0.09184888	0.9268473	1.0	False	lymph	mid	enformer
2282	4.022812	98.97438	94.95157	0.09173765	0.92693555	1.0	False	lymph	mid	enformer
5929	4.017784	98.98341	94.96563	0.09161077	0.92703635	1.0	False	lymph	mid	enformer
4866	4.0176926	98.98381	94.96612	0.09160825	0.9270384	1.0	False	lymph	mid	enformer
292	4.0112534	98.98552	94.974266	0.091454625	0.9271603	1.0	False	lymph	mid	enformer
2684	4.0097427	98.97862	94.96888	0.09142573	0.92718333	1.0	False	lymph	mid	enformer
140	4.0098114	98.980415	94.970604	0.09142567	0.9271834	1.0	False	lymph	mid	enformer
2286	-2.4332047	76.799416	79.23262	-0.061084826	0.9513115	1.0	False	lymph	mid	enformer
2718	-2.4331894	76.79901	79.2322	-0.06108477	0.9513116	1.0	False	lymph	mid	enformer
4163	-2.4308243	76.78418	79.215004	-0.061038576	0.95134836	1.0	False	lymph	mid	enformer
3364	-2.4273987	76.781944	79.20934	-0.060956225	0.95141387	1.0	False	lymph	mid	enformer
2371	-2.4273682	76.78202	79.20939	-0.060955428	0.9514145	1.0	False	lymph	mid	enformer
1465	-2.4273605	76.78201	79.20937	-0.06095524	0.95141464	1.0	False	lymph	mid	enformer
3006	-2.427391	76.78338	79.21077	-0.06095495	0.9514149	1.0	False	lymph	mid	enformer
142	-2.427353	76.782326	79.20968	-0.060954813	0.951415	1.0	False	lymph	mid	enformer
3348	-2.4273224	76.78315	79.21047	-0.06095344	0.95141613	1.0	False	lymph	mid	enformer
5525	-2.4273148	76.78338	79.21069	-0.060953073	0.9514164	1.0	False	lymph	mid	enformer
282	-2.4272766	76.78332	79.210594	-0.060952183	0.9514171	1.0	False	lymph	mid	enformer
2898	-2.4272232	76.78305	79.21027	-0.060951084	0.951418	1.0	False	lymph	mid	enformer
1345	-2.4193497	76.78653	79.20588	-0.060755525	0.9515737	1.0	False	lymph	mid	enformer
4388	-2.418068	76.775116	79.193184	-0.060732957	0.9515916	1.0	False	lymph	mid	enformer
4421	-2.4180908	76.77651	79.1946	-0.060732447	0.951592	1.0	False	lymph	mid	enformer
4465	-2.4159546	76.78964	79.2056	-0.060670048	0.9516417	1.0	False	lymph	mid	enformer
4048	1.9925919	81.26987	79.277275	0.049697716	0.9603791	1.0	False	lymph	mid	enformer
1739	1.9923706	81.262344	79.26997	0.04969693	0.9603797	1.0	False	lymph	mid	enformer
3401	1.9895172	81.23729	79.24777	0.049639974	0.9604251	1.0	False	lymph	mid	enformer
249	1.9892197	81.229546	79.240326	0.049637306	0.9604272	1.0	False	lymph	mid	enformer
291	1.9856873	81.23592	79.25024	0.049543396	0.96050197	1.0	False	lymph	mid	enformer
129	1.9840088	81.19845	79.21444	0.049523752	0.96051764	1.0	False	lymph	mid	enformer
4804	1.9818573	81.19671	79.21485	0.049470194	0.9605603	1.0	False	lymph	mid	enformer
4815	1.9817963	81.19589	79.214096	0.049469136	0.96056116	1.0	False	lymph	mid	enformer
4966	1.9817581	81.19545	79.21369	0.049468447	0.9605617	1.0	False	lymph	mid	enformer
640	1.9814987	81.18661	79.20511	0.049467277	0.96056265	1.0	False	lymph	mid	enformer
2513	1.9814911	81.186806	79.205315	0.049466964	0.9605629	1.0	False	lymph	mid	enformer
3116	1.9816666	81.19522	79.213554	0.049466252	0.9605635	1.0	False	lymph	mid	enformer
5197	1.9814148	81.18711	79.205696	0.049464837	0.9605646	1.0	False	lymph	mid	enformer
4942	1.9804459	81.19924	79.218796	0.049432747	0.9605902	1.0	False	lymph	mid	enformer
1579	1.9805908	81.22393	79.24334	0.049421255	0.9605993	1.0	False	lymph	mid	enformer
4510	1.9805984	81.225235	79.24464	0.04942065	0.9605998	1.0	False	lymph	mid	enformer
3480	1.9805832	81.22577	79.245186	0.0494198	0.96060044	1.0	False	lymph	mid	enformer
2081	1.9780731	81.202736	79.22466	0.049369905	0.96064025	1.0	False	lymph	mid	enformer
2348	1.9732666	81.187675	79.21441	0.049257115	0.9607301	1.0	False	lymph	mid	enformer
1689	1.9732285	81.18662	79.213394	0.04925679	0.9607304	1.0	False	lymph	mid	enformer
4686	1.972908	81.230515	79.25761	0.049221545	0.9607584	1.0	False	lymph	mid	enformer
3313	1.9719391	81.22405	79.25211	0.04920099	0.9607748	1.0	False	lymph	mid	enformer
4303	1.9719467	81.224434	79.25249	0.049200952	0.96077484	1.0	False	lymph	mid	enformer
5881	1.9716339	81.21461	79.24297	0.049199123	0.96077627	1.0	False	lymph	mid	enformer
3074	1.9720001	81.23101	79.25901	0.0491983	0.9607769	1.0	False	lymph	mid	enformer
3743	1.9718018	81.22305	79.25125	0.04919811	0.9607771	1.0	False	lymph	mid	enformer
5672	1.9699478	81.19047	79.22052	0.04917086	0.96079874	1.0	False	lymph	mid	enformer
2997	1.9701309	81.199524	79.22939	0.049169786	0.96079963	1.0	False	lymph	mid	enformer
5082	1.9695663	81.20184	79.23228	0.04915419	0.96081203	1.0	False	lymph	mid	enformer
1098	1.96949	81.20721	79.23772	0.049148884	0.96081626	1.0	False	lymph	mid	enformer
3120	1.9693527	81.205284	79.23593	0.04914656	0.9608182	1.0	False	lymph	mid	enformer
3738	1.9693298	81.20675	79.23742	0.049145076	0.9608193	1.0	False	lymph	mid	enformer
1454	1.9691696	81.2066	79.23743	0.0491411	0.96082246	1.0	False	lymph	mid	enformer
4470	1.969368	81.215485	79.24612	0.049140874	0.96082264	1.0	False	lymph	mid	enformer
3094	1.9708481	81.30112	79.33027	0.049125835	0.9608347	1.0	False	lymph	mid	enformer
1487	1.9708176	81.301636	79.33082	0.049124744	0.9608355	1.0	False	lymph	mid	enformer
1891	1.9707794	81.302505	79.331726	0.049123246	0.96083677	1.0	False	lymph	mid	enformer
1189	1.9680786	81.195145	79.227066	0.04912031	0.96083903	1.0	False	lymph	mid	enformer
6052	1.9703903	81.29166	79.321266	0.04912017	0.96083915	1.0	False	lymph	mid	enformer
4480	1.9698944	81.30431	79.33442	0.04909974	0.9608554	1.0	False	lymph	mid	enformer
5230	1.9698105	81.302734	79.332924	0.049098574	0.9608564	1.0	False	lymph	mid	enformer
3263	1.9698486	81.30455	79.3347	0.04909843	0.96085644	1.0	False	lymph	mid	enformer
1828	1.9697266	81.303604	79.33388	0.049095906	0.96085846	1.0	False	lymph	mid	enformer
933	1.9697037	81.30475	79.335045	0.049094606	0.96085954	1.0	False	lymph	mid	enformer
5298	1.9675369	81.21827	79.25073	0.049092263	0.9608614	1.0	False	lymph	mid	enformer
5245	1.9674835	81.218185	79.2507	0.049090963	0.96086246	1.0	False	lymph	mid	enformer
2813	1.9609604	81.20959	79.24863	0.04893042	0.9609903	1.0	False	lymph	mid	enformer
438	1.9150467	81.208275	79.29323	0.04776381	0.96191967	1.0	False	lymph	mid	enformer
1446	1.9148788	81.20818	79.293304	0.047759604	0.96192306	1.0	False	lymph	mid	enformer
1988	1.9146042	81.214516	79.29991	0.0477491	0.9619314	1.0	False	lymph	mid	enformer
5875	1.9148788	81.228096	79.31322	0.047748026	0.96193224	1.0	False	lymph	mid	enformer
396	1.9146881	81.219894	79.30521	0.04774805	0.96193224	1.0	False	lymph	mid	enformer
0	1.9146957	81.22041	79.30572	0.04774794	0.9619323	1.0	False	lymph	mid	enformer
2797	1.9146957	81.22035	79.30566	0.047747977	0.9619323	1.0	False	lymph	mid	enformer
1671	1.9146194	81.220345	79.305725	0.047746044	0.96193385	1.0	False	lymph	mid	enformer
3656	1.9145889	81.22071	79.30612	0.04774505	0.9619346	1.0	False	lymph	mid	enformer
1088	1.9144135	81.21345	79.299034	0.047744893	0.96193475	1.0	False	lymph	mid	enformer
5290	1.9145966	81.221504	79.30691	0.04774478	0.96193486	1.0	False	lymph	mid	enformer
5725	1.9145584	81.22015	79.305595	0.047744606	0.961935	1.0	False	lymph	mid	enformer
2694	1.9145355	81.22069	79.30615	0.04774371	0.9619357	1.0	False	lymph	mid	enformer
2155	1.9145355	81.221054	79.30652	0.047743488	0.9619359	1.0	False	lymph	mid	enformer
4336	-0.41262054	94.569984	94.982605	-0.009453354	0.9924605	1.0	False	lymph	mid	enformer
4737	-0.40621948	94.57382	94.98004	-0.009306844	0.9925773	1.0	False	lymph	mid	enformer
5376	-0.39766693	94.556114	94.95378	-0.009113213	0.99273175	1.0	False	lymph	mid	enformer
6044	-0.39765167	94.55635	94.954	-0.009112842	0.99273205	1.0	False	lymph	mid	enformer
5722	-0.39749146	94.55677	94.95426	-0.009109142	0.992735	1.0	False	lymph	mid	enformer
4910	-0.3942566	94.57007	94.964325	-0.009033995	0.99279493	1.0	False	lymph	mid	enformer
2294	-0.39419556	94.56826	94.962456	-0.00903281	0.9927959	1.0	False	lymph	mid	enformer
1291	-0.39416504	94.56977	94.963936	-0.009031934	0.9927966	1.0	False	lymph	mid	enformer
4876	-0.39411163	94.56874	94.96285	-0.009030848	0.99279743	1.0	False	lymph	mid	enformer
5948	-0.39404297	94.56741	94.96146	-0.009029404	0.9927986	1.0	False	lymph	mid	enformer
3542	-0.39403534	94.56631	94.96034	-0.0090293335	0.9927987	1.0	False	lymph	mid	enformer
4344	-0.39398193	94.56739	94.96137	-0.009028012	0.9927997	1.0	False	lymph	mid	enformer
4673	-0.39196777	94.56572	94.95769	-0.0089821685	0.9928363	1.0	False	lymph	mid	enformer
2992	-0.3900299	94.58886	94.97889	-0.008935689	0.9928734	1.0	False	lymph	mid	enformer
1524	-0.38990784	94.58653	94.97644	-0.008933116	0.9928754	1.0	False	lymph	mid	enformer
4338	-0.38980865	94.57761	94.967415	-0.008931709	0.9928765	1.0	False	lymph	mid	enformer
4917	-0.38983154	94.587975	94.977806	-0.008931239	0.9928769	1.0	False	lymph	mid	enformer
5573	-0.38972473	94.57854	94.96826	-0.008929707	0.99287814	1.0	False	lymph	mid	enformer
1940	-0.38963318	94.58836	94.978	-0.008926673	0.9928805	1.0	False	lymph	mid	enformer
6067	-0.3876419	94.569016	94.95666	-0.008883027	0.99291533	1.0	False	lymph	mid	enformer
1930	-0.3875122	94.58043	94.96794	-0.008878997	0.99291855	1.0	False	lymph	mid	enformer
2258	-0.38583374	94.5694	94.95523	-0.0088416645	0.99294835	1.0	False	lymph	mid	enformer
906	-0.3857956	94.57583	94.961624	-0.008840185	0.9929495	1.0	False	lymph	mid	enformer
328	-0.38576508	94.575195	94.96096	-0.008839548	0.99295	1.0	False	lymph	mid	enformer
2291	-0.38572693	94.57521	94.96094	-0.008838674	0.99295074	1.0	False	lymph	mid	enformer
1903	-0.38572693	94.57592	94.96165	-0.008838609	0.9929508	1.0	False	lymph	mid	enformer
507	-0.38572693	94.57658	94.9623	-0.008838548	0.9929508	1.0	False	lymph	mid	enformer
547	-0.38571167	94.575836	94.96155	-0.008838268	0.99295104	1.0	False	lymph	mid	enformer
2504	-0.38568878	94.57592	94.96161	-0.008837738	0.99295145	1.0	False	lymph	mid	enformer
3915	-0.38511658	94.58305	94.96817	-0.008824019	0.9929624	1.0	False	lymph	mid	enformer
1731	-0.38508606	94.58243	94.967514	-0.008823378	0.9929629	1.0	False	lymph	mid	enformer
4032	-0.3850174	94.58245	94.96747	-0.008821809	0.99296415	1.0	False	lymph	mid	enformer
4620	-0.3849411	94.581276	94.96622	-0.008820172	0.99296546	1.0	False	lymph	mid	enformer
678	-0.38488007	94.57265	94.95753	-0.008819585	0.99296594	1.0	False	lymph	mid	enformer
3615	-0.38426208	94.571686	94.95595	-0.008805553	0.99297714	1.0	False	lymph	mid	enformer
748	-0.38232422	94.558205	94.94053	-0.008762525	0.9930114	1.0	False	lymph	mid	enformer
2816	-0.38233185	94.56632	94.948654	-0.008761959	0.99301183	1.0	False	lymph	mid	enformer
815	-0.3809967	94.57569	94.95669	-0.008730611	0.99303687	1.0	False	lymph	mid	enformer
5796	-0.38097382	94.577545	94.95852	-0.00872992	0.9930374	1.0	False	lymph	mid	enformer
1048	-0.38089752	94.578896	94.95979	-0.008728054	0.9930389	1.0	False	lymph	mid	enformer
3516	-0.3794403	94.5891	94.968544	-0.008693825	0.9930662	1.0	False	lymph	mid	enformer
2093	-0.3794098	94.58953	94.96894	-0.00869309	0.9930668	1.0	False	lymph	mid	enformer
2745	-0.37939453	94.58989	94.969284	-0.008692709	0.9930671	1.0	False	lymph	mid	enformer
4967	-0.3793106	94.589615	94.968925	-0.008690817	0.9930686	1.0	False	lymph	mid	enformer
4046	-0.37930298	94.59067	94.96997	-0.008690547	0.9930688	1.0	False	lymph	mid	enformer
1997	-0.3792801	94.59072	94.97	-0.008690019	0.99306923	1.0	False	lymph	mid	enformer
4937	-0.37924957	94.589714	94.96896	-0.008689413	0.9930697	1.0	False	lymph	mid	enformer
4482	-0.3792343	94.59112	94.97035	-0.008688939	0.99307007	1.0	False	lymph	mid	enformer
2207	-0.37914276	94.58914	94.968285	-0.008687026	0.9930716	1.0	False	lymph	mid	enformer
3	-0.3790207	94.55951	94.93853	-0.008686959	0.9930717	1.0	False	lymph	mid	enformer
901	-0.37732697	94.56219	94.939514	-0.008648009	0.9931027	1.0	False	lymph	mid	enformer
1924	-0.3772812	94.562485	94.939766	-0.008646936	0.99310356	1.0	False	lymph	mid	enformer
1227	-0.37718964	94.56305	94.94024	-0.008644794	0.9931053	1.0	False	lymph	mid	enformer
3353	-0.37718964	94.563324	94.94051	-0.00864477	0.9931053	1.0	False	lymph	mid	enformer
2223	-0.37716675	94.57193	94.9491	-0.008643493	0.9931063	1.0	False	lymph	mid	enformer
3489	-0.37625122	94.55738	94.93363	-0.008623855	0.993122	1.0	False	lymph	mid	enformer
5084	-0.37612152	94.56636	94.94248	-0.008620084	0.993125	1.0	False	lymph	mid	enformer
1369	-0.37538147	94.578094	94.953476	-0.008602101	0.9931393	1.0	False	lymph	mid	enformer
1037	-0.3742752	94.581665	94.95594	-0.008576526	0.9931597	1.0	False	lymph	mid	enformer
4894	-0.37420654	94.57257	94.94678	-0.008575802	0.9931603	1.0	False	lymph	mid	enformer
3584	-0.3740387	94.57255	94.94659	-0.008571969	0.99316335	1.0	False	lymph	mid	enformer
5109	-0.37400818	94.571884	94.94589	-0.008571331	0.9931639	1.0	False	lymph	mid	enformer
74	-0.37399292	94.57227	94.946266	-0.008570949	0.9931642	1.0	False	lymph	mid	enformer
3619	-0.37399292	94.573	94.94699	-0.008570866	0.99316424	1.0	False	lymph	mid	enformer
4117	-0.37395477	94.57303	94.94698	-0.008569992	0.99316496	1.0	False	lymph	mid	enformer
612	-0.3727188	94.569115	94.94183	-0.008542068	0.99318725	1.0	False	lymph	mid	enformer
5797	-0.37229156	94.566025	94.93832	-0.008532616	0.99319476	1.0	False	lymph	mid	enformer
790	-0.3721695	94.56799	94.94016	-0.008529652	0.99319714	1.0	False	lymph	mid	enformer
1888	-0.37212372	94.56665	94.938774	-0.008528725	0.99319786	1.0	False	lymph	mid	enformer
3799	-0.37208557	94.567955	94.94004	-0.008527738	0.99319863	1.0	False	lymph	mid	enformer
883	-0.3719864	94.56725	94.93924	-0.008525534	0.9932004	1.0	False	lymph	mid	enformer
322	-0.37132263	94.562	94.93332	-0.0085108075	0.99321216	1.0	False	lymph	mid	enformer
5858	-0.3699417	94.583496	94.95344	-0.008477352	0.9932388	1.0	False	lymph	mid	enformer
2148	-0.36993408	94.581795	94.95173	-0.008477347	0.99323887	1.0	False	lymph	mid	enformer
2862	-0.36980438	94.58214	94.95194	-0.008474355	0.99324125	1.0	False	lymph	mid	enformer
5912	-0.36975098	94.58307	94.95282	-0.008473031	0.99324226	1.0	False	lymph	mid	enformer
4635	-0.36974335	94.582794	94.95254	-0.008472903	0.9932424	1.0	False	lymph	mid	enformer
121	-0.36960602	94.58174	94.95135	-0.008469855	0.9932448	1.0	False	lymph	mid	enformer
1745	-0.3693161	94.54654	94.915855	-0.008466356	0.9932476	1.0	False	lymph	mid	enformer
4835	-0.36921692	94.54764	94.916855	-0.008463994	0.9932495	1.0	False	lymph	mid	enformer
4155	-0.36915588	94.54767	94.916824	-0.008462594	0.9932506	1.0	False	lymph	mid	enformer
4207	-0.36876678	94.55456	94.923325	-0.00845304	0.99325824	1.0	False	lymph	mid	enformer
1872	-0.36653137	94.55929	94.92582	-0.008401605	0.99329925	1.0	False	lymph	mid	enformer
3764	-0.36652374	94.56004	94.92657	-0.008401366	0.9932994	1.0	False	lymph	mid	enformer
5062	-0.3665161	94.56156	94.92808	-0.008401059	0.99329966	1.0	False	lymph	mid	enformer
1390	-0.36650848	94.56138	94.92789	-0.0084009	0.9932998	1.0	False	lymph	mid	enformer
463	-0.3664627	94.560524	94.92699	-0.008399928	0.99330056	1.0	False	lymph	mid	enformer
93	-0.36644745	94.56039	94.926834	-0.008399592	0.99330086	1.0	False	lymph	mid	enformer
1120	-0.36644745	94.56161	94.928055	-0.008399485	0.9933009	1.0	False	lymph	mid	enformer
1127	-0.36644745	94.5623	94.92875	-0.008399425	0.993301	1.0	False	lymph	mid	enformer
3564	-0.36645508	94.56896	94.93542	-0.008398988	0.99330133	1.0	False	lymph	mid	enformer
2647	-0.36636353	94.56135	94.92771	-0.00839759	0.99330246	1.0	False	lymph	mid	enformer
2705	-0.36632538	94.55933	94.92566	-0.008396896	0.993303	1.0	False	lymph	mid	enformer
5891	-0.36631775	94.560295	94.92661	-0.008396637	0.99330324	1.0	False	lymph	mid	enformer
6075	-0.36629486	94.56224	94.928535	-0.008395942	0.9933038	1.0	False	lymph	mid	enformer
2529	-0.36621094	94.56103	94.92724	-0.008394131	0.9933052	1.0	False	lymph	mid	enformer
1285	-0.3660736	94.56294	94.929016	-0.008390825	0.9933078	1.0	False	lymph	mid	enformer
2575	-0.36512756	94.539505	94.90463	-0.00837122	0.9933235	1.0	False	lymph	mid	enformer
5720	-0.36351013	94.57731	94.94082	-0.008330956	0.9933556	1.0	False	lymph	mid	enformer
4821	-0.3633194	94.578545	94.941864	-0.008326491	0.99335915	1.0	False	lymph	mid	enformer
38	-0.36330414	94.57804	94.941345	-0.008326186	0.9933594	1.0	False	lymph	mid	enformer
4683	-0.3615799	94.54908	94.91066	-0.008289303	0.99338883	1.0	False	lymph	mid	enformer
1117	-0.360672	94.560745	94.92142	-0.008267555	0.9934062	1.0	False	lymph	mid	enformer
5087	-0.36066437	94.56886	94.92953	-0.008266683	0.99340683	1.0	False	lymph	mid	enformer
3433	-0.35808563	94.56233	94.92042	-0.008208319	0.9934534	1.0	False	lymph	mid	enformer
5234	-0.35689545	94.54927	94.906166	-0.008182224	0.99347425	1.0	False	lymph	mid	enformer
205	-0.3568573	94.559746	94.9166	-0.008180462	0.9934756	1.0	False	lymph	mid	enformer
3845	-0.35678864	94.55799	94.91478	-0.008179041	0.99347675	1.0	False	lymph	mid	enformer
3859	-0.35671234	94.54786	94.90457	-0.00817816	0.99347746	1.0	False	lymph	mid	enformer
335	-0.3567505	94.55977	94.91652	-0.008178019	0.9934776	1.0	False	lymph	mid	enformer
4001	-0.35671997	94.559586	94.916306	-0.008177336	0.9934781	1.0	False	lymph	mid	enformer
6127	-0.35669708	94.55929	94.915985	-0.008176839	0.99347854	1.0	False	lymph	mid	enformer
88	-0.35666656	94.55792	94.91459	-0.008176258	0.99347895	1.0	False	lymph	mid	enformer
1703	-0.35664368	94.55989	94.916534	-0.008175567	0.99347955	1.0	False	lymph	mid	enformer
5542	-0.35653687	94.54936	94.9059	-0.00817402	0.99348074	1.0	False	lymph	mid	enformer
1426	-0.35652924	94.560196	94.916725	-0.008172925	0.99348164	1.0	False	lymph	mid	enformer
4082	-0.35472107	94.551254	94.905975	-0.008132316	0.993514	1.0	False	lymph	mid	enformer
4820	-0.3546219	94.55175	94.90637	-0.008130006	0.99351585	1.0	False	lymph	mid	enformer
2660	-0.35460663	94.559326	94.91393	-0.008129017	0.9935167	1.0	False	lymph	mid	enformer
5778	-0.35462952	94.57287	94.9275	-0.008128385	0.99351716	1.0	False	lymph	mid	enformer
4417	-0.35453033	94.56526	94.91979	-0.008126774	0.9935185	1.0	False	lymph	mid	enformer
5330	-0.35437775	94.57348	94.92786	-0.008122579	0.9935218	1.0	False	lymph	mid	enformer
556	-0.35404968	94.55936	94.91341	-0.008116267	0.9935268	1.0	False	lymph	mid	enformer
5312	-0.35381317	94.56083	94.91464	-0.008110737	0.9935312	1.0	False	lymph	mid	enformer
937	-0.3509369	94.55445	94.90539	-0.008045589	0.9935832	1.0	False	lymph	mid	enformer
5346	-0.350914	94.55029	94.90121	-0.008045375	0.9935834	1.0	False	lymph	mid	enformer
1666	-0.3508072	94.542366	94.89317	-0.008043593	0.9935848	1.0	False	lymph	mid	enformer
2233	-0.35062408	94.552055	94.90268	-0.008038599	0.99358875	1.0	False	lymph	mid	enformer
41	-0.35054016	94.55497	94.90551	-0.008036476	0.9935905	1.0	False	lymph	mid	enformer
5468	-0.35031128	94.57306	94.92337	-0.008029704	0.99359584	1.0	False	lymph	mid	enformer
5784	-0.35030365	94.57263	94.922935	-0.008029582	0.99359596	1.0	False	lymph	mid	enformer
4796	-0.34877777	94.57545	94.924225	-0.007994439	0.993624	1.0	False	lymph	mid	enformer
2683	-0.34866333	94.575226	94.92389	-0.007991842	0.99362606	1.0	False	lymph	mid	enformer
4907	-0.34862518	94.56811	94.91673	-0.007991575	0.9936263	1.0	False	lymph	mid	enformer
2428	-0.3485794	94.56797	94.91655	-0.007990539	0.9936271	1.0	False	lymph	mid	enformer
4127	-0.34857178	94.569374	94.917946	-0.0079902485	0.9936273	1.0	False	lymph	mid	enformer
814	-0.3486023	94.5772	94.925804	-0.007990283	0.9936273	1.0	False	lymph	mid	enformer
1226	-0.34855652	94.56748	94.91604	-0.007990058	0.9936275	1.0	False	lymph	mid	enformer
439	-0.34855652	94.56925	94.91781	-0.007989911	0.9936276	1.0	False	lymph	mid	enformer
4345	-0.34854126	94.56823	94.91677	-0.007989647	0.9936278	1.0	False	lymph	mid	enformer
2265	-0.348526	94.56821	94.91673	-0.007989299	0.9936281	1.0	False	lymph	mid	enformer
4148	-0.34848785	94.56957	94.91806	-0.007988315	0.99362886	1.0	False	lymph	mid	enformer
5979	-0.3485031	94.57575	94.924255	-0.007988137	0.99362904	1.0	False	lymph	mid	enformer
5333	-0.3484726	94.568886	94.91736	-0.007988022	0.9936291	1.0	False	lymph	mid	enformer
4157	-0.34845734	94.56849	94.91695	-0.007987707	0.99362934	1.0	False	lymph	mid	enformer
5520	-0.34842682	94.56836	94.91679	-0.007987021	0.99362993	1.0	False	lymph	mid	enformer
1746	-0.3484497	94.57516	94.92361	-0.007986966	0.99362993	1.0	False	lymph	mid	enformer
3136	-0.34841156	94.56718	94.91559	-0.007986769	0.9936301	1.0	False	lymph	mid	enformer
2782	-0.34835815	94.57541	94.92377	-0.0079848515	0.99363166	1.0	False	lymph	mid	enformer
66	-0.34832	94.57481	94.92313	-0.007984029	0.9936323	1.0	False	lymph	mid	enformer
1008	-0.34655762	94.553955	94.90051	-0.0079454845	0.993663	1.0	False	lymph	mid	enformer
3830	-0.34657288	94.558716	94.90529	-0.007945445	0.9936631	1.0	False	lymph	mid	enformer
2053	-0.3464737	94.55231	94.89878	-0.007943703	0.99366444	1.0	False	lymph	mid	enformer
1868	-0.34653473	94.57419	94.92072	-0.007943276	0.9936648	1.0	False	lymph	mid	enformer
4436	-0.34648895	94.56385	94.91034	-0.007943098	0.9936649	1.0	False	lymph	mid	enformer
2800	-0.34640503	94.55976	94.906166	-0.007941522	0.9936662	1.0	False	lymph	mid	enformer
4251	-0.34477997	94.55069	94.89547	-0.007905127	0.9936952	1.0	False	lymph	mid	enformer
616	-0.34475708	94.54972	94.89448	-0.007904698	0.99369556	1.0	False	lymph	mid	enformer
3822	-0.3440628	94.534386	94.87845	-0.007890067	0.99370724	1.0	False	lymph	mid	enformer
337	-0.3440323	94.544136	94.88817	-0.007888568	0.99370843	1.0	False	lymph	mid	enformer
1793	-0.3439865	94.53383	94.877815	-0.007888368	0.9937086	1.0	False	lymph	mid	enformer
1179	-0.34170532	94.54137	94.88307	-0.007835592	0.9937507	1.0	False	lymph	mid	enformer
3170	-0.3401947	94.55328	94.89348	-0.007800037	0.99377906	1.0	False	lymph	mid	enformer
392	-0.33974457	94.54752	94.88727	-0.0077902707	0.9937868	1.0	False	lymph	mid	enformer
3614	-0.33970642	94.548775	94.88848	-0.0077892975	0.9937876	1.0	False	lymph	mid	enformer
4626	-0.3397522	94.561844	94.901596	-0.007789241	0.99378765	1.0	False	lymph	mid	enformer
3971	-0.33958435	94.54376	94.88335	-0.007786886	0.99378955	1.0	False	lymph	mid	enformer
1143	-0.3395157	94.54516	94.884674	-0.007785204	0.99379086	1.0	False	lymph	mid	enformer
4579	-0.33948517	94.545616	94.8851	-0.0077844686	0.99379146	1.0	False	lymph	mid	enformer
4847	-0.33939362	94.54598	94.885376	-0.0077823456	0.99379313	1.0	False	lymph	mid	enformer
4943	-0.33935547	94.54631	94.885666	-0.0077814464	0.99379385	1.0	False	lymph	mid	enformer
22	-0.33934784	94.54572	94.88507	-0.00778132	0.99379396	1.0	False	lymph	mid	enformer
2495	-0.33932495	94.545715	94.88504	-0.007780798	0.9937944	1.0	False	lymph	mid	enformer
4982	-0.3392334	94.53692	94.87615	-0.007779416	0.99379545	1.0	False	lymph	mid	enformer
801	-0.33924866	94.54569	94.88494	-0.0077790534	0.99379575	1.0	False	lymph	mid	enformer
2264	-0.33921814	94.54636	94.885574	-0.0077783028	0.99379635	1.0	False	lymph	mid	enformer
2698	-0.33918	94.55748	94.89666	-0.0077764886	0.99379784	1.0	False	lymph	mid	enformer
2629	-0.33907318	94.55908	94.898155	-0.0077739162	0.99379987	1.0	False	lymph	mid	enformer
2144	-0.33901215	94.55903	94.89804	-0.0077725262	0.993801	1.0	False	lymph	mid	enformer
5634	-0.3390274	94.56418	94.903206	-0.007772457	0.99380106	1.0	False	lymph	mid	enformer
40	-0.3389511	94.55933	94.898285	-0.007771106	0.99380213	1.0	False	lymph	mid	enformer
4980	-0.3388977	94.55881	94.897705	-0.007769927	0.993803	1.0	False	lymph	mid	enformer
1969	-0.33877563	94.54689	94.885666	-0.007768126	0.9938045	1.0	False	lymph	mid	enformer
4348	-0.33856964	94.54724	94.88581	-0.0077633867	0.99380827	1.0	False	lymph	mid	enformer
667	-0.33857727	94.55682	94.8954	-0.0077627604	0.99380875	1.0	False	lymph	mid	enformer
4461	-0.33840942	94.56074	94.89915	-0.0077586398	0.993812	1.0	False	lymph	mid	enformer
5734	-0.3381958	94.567024	94.90522	-0.007753247	0.9938164	1.0	False	lymph	mid	enformer
2519	-0.33808136	94.558685	94.89677	-0.007751304	0.9938179	1.0	False	lymph	mid	enformer
77	-0.3380432	94.56015	94.89819	-0.007750314	0.9938187	1.0	False	lymph	mid	enformer
1063	-0.33802032	94.56745	94.90547	-0.0077492013	0.9938196	1.0	False	lymph	mid	enformer
922	-0.33581543	94.54142	94.877235	-0.007700903	0.9938581	1.0	False	lymph	mid	enformer
5560	-0.3358078	94.54639	94.882195	-0.007700334	0.9938586	1.0	False	lymph	mid	enformer
4227	-0.3356247	94.54665	94.88228	-0.0076961257	0.9938619	1.0	False	lymph	mid	enformer
5785	-0.33560944	94.56261	94.89822	-0.0076944767	0.9938632	1.0	False	lymph	mid	enformer
3699	-0.33557892	94.55455	94.89013	-0.0076944195	0.9938633	1.0	False	lymph	mid	enformer
2851	-0.3355255	94.54704	94.88257	-0.0076938258	0.99386376	1.0	False	lymph	mid	enformer
1550	-0.33554077	94.55365	94.88919	-0.007693649	0.9938639	1.0	False	lymph	mid	enformer
1042	-0.33550262	94.54895	94.88445	-0.0076931324	0.9938643	1.0	False	lymph	mid	enformer
4374	-0.33473206	94.550995	94.88573	-0.0076753558	0.9938785	1.0	False	lymph	mid	enformer
3549	-0.3346939	94.5567	94.891396	-0.007674002	0.99387956	1.0	False	lymph	mid	enformer
2695	-0.33467102	94.55803	94.8927	-0.0076733725	0.99388003	1.0	False	lymph	mid	enformer
2260	-0.33460236	94.54899	94.88359	-0.007672551	0.9938807	1.0	False	lymph	mid	enformer
428	-0.33348083	94.54682	94.8803	-0.0076471036	0.993901	1.0	False	lymph	mid	enformer
2369	-0.33332062	94.53837	94.87169	-0.007644113	0.9939034	1.0	False	lymph	mid	enformer
3124	-0.33309174	94.538536	94.87163	-0.0076388656	0.9939076	1.0	False	lymph	mid	enformer
2272	-0.33290863	94.550835	94.88374	-0.007633694	0.9939117	1.0	False	lymph	mid	enformer
4543	-0.33291626	94.55677	94.88969	-0.007633355	0.993912	1.0	False	lymph	mid	enformer
1343	-0.33280945	94.54969	94.8825	-0.0076315165	0.9939135	1.0	False	lymph	mid	enformer
2870	-0.3327942	94.559	94.89179	-0.0076304018	0.9939143	1.0	False	lymph	mid	enformer
2404	-0.33268738	94.55031	94.882996	-0.007628676	0.99391574	1.0	False	lymph	mid	enformer
5438	-0.33267975	94.551674	94.88435	-0.0076283915	0.9939159	1.0	False	lymph	mid	enformer
554	-0.33260345	94.55099	94.88359	-0.007626703	0.9939173	1.0	False	lymph	mid	enformer
5708	-0.33255768	94.5515	94.884056	-0.007625615	0.9939181	1.0	False	lymph	mid	enformer
3297	-0.33246613	94.5399	94.87237	-0.0076244287	0.9939191	1.0	False	lymph	mid	enformer
1568	-0.3324585	94.54382	94.87628	-0.0076239184	0.9939195	1.0	False	lymph	mid	enformer
2716	-0.33245087	94.54277	94.87522	-0.0076238266	0.99391955	1.0	False	lymph	mid	enformer
2693	-0.3303299	94.55019	94.88052	-0.0075747366	0.9939587	1.0	False	lymph	mid	enformer
3625	-0.32893372	94.54487	94.8738	-0.0075432435	0.99398386	1.0	False	lymph	mid	enformer
5630	-0.32873535	94.54499	94.873726	-0.0075386963	0.9939875	1.0	False	lymph	mid	enformer
5021	-0.32841492	94.54671	94.87512	-0.0075311987	0.99399346	1.0	False	lymph	mid	enformer
1965	-0.32833862	94.54586	94.8742	-0.0075295134	0.9939948	1.0	False	lymph	mid	enformer
5818	-0.32833862	94.546234	94.87457	-0.0075294846	0.99399483	1.0	False	lymph	mid	enformer
196	-0.32826233	94.55143	94.87969	-0.0075273695	0.9939965	1.0	False	lymph	mid	enformer
5056	-0.32823944	94.548256	94.876495	-0.0075270645	0.99399674	1.0	False	lymph	mid	enformer
1130	-0.32821655	94.54189	94.87011	-0.0075270473	0.99399674	1.0	False	lymph	mid	enformer
2906	-0.32821655	94.545395	94.87361	-0.007526758	0.993997	1.0	False	lymph	mid	enformer
4254	-0.32816315	94.53866	94.86682	-0.007526096	0.9939975	1.0	False	lymph	mid	enformer
2423	-0.3280716	94.54736	94.875435	-0.007523322	0.9939997	1.0	False	lymph	mid	enformer
4951	-0.32802582	94.55087	94.8789	-0.0075220047	0.9940008	1.0	False	lymph	mid	enformer
4400	-0.32785034	94.540825	94.868675	-0.0075187725	0.99400336	1.0	False	lymph	mid	enformer
5545	-0.32765198	94.539856	94.86751	-0.0075143278	0.99400693	1.0	False	lymph	mid	enformer
349	-0.32530212	94.53698	94.86228	-0.0074608494	0.99404955	1.0	False	lymph	mid	enformer
2689	-0.3244171	94.54835	94.872765	-0.0074396585	0.9940665	1.0	False	lymph	mid	enformer
5517	-0.3240204	94.54094	94.86496	-0.007431191	0.9940732	1.0	False	lymph	mid	enformer
1627	-0.3239975	94.548584	94.87258	-0.0074300426	0.9940741	1.0	False	lymph	mid	enformer
3340	-0.3207016	94.543816	94.86452	-0.007355014	0.99413395	1.0	False	lymph	mid	enformer
6092	-0.32050323	94.54482	94.865326	-0.007350398	0.99413764	1.0	False	lymph	mid	enformer
2560	-0.32047272	94.5426	94.863075	-0.0073499223	0.994138	1.0	False	lymph	mid	enformer
5461	-0.31871033	94.55242	94.87113	-0.007308831	0.9941708	1.0	False	lymph	mid	enformer
1499	-0.3187027	94.55291	94.87161	-0.0073086196	0.99417096	1.0	False	lymph	mid	enformer
441	-0.31466675	94.54474	94.859406	-0.0072169215	0.9942441	1.0	False	lymph	mid	enformer
700	-0.30979156	94.53089	94.84068	-0.007106443	0.9943322	1.0	False	lymph	mid	enformer
5446	-0.30890656	94.53713	94.84604	-0.007085738	0.99434876	1.0	False	lymph	mid	enformer
1241	-0.3080902	94.53588	94.84397	-0.0070671234	0.9943636	1.0	False	lymph	mid	enformer
5269	-0.3079605	94.54189	94.84985	-0.007063689	0.99436635	1.0	False	lymph	mid	enformer
1944	-0.30779266	94.54213	94.84992	-0.0070598307	0.9943694	1.0	False	lymph	mid	enformer
756	-0.30773926	94.53674	94.84448	-0.0070590293	0.99437004	1.0	False	lymph	mid	enformer
1707	-0.30605316	94.53169	94.837746	-0.007020833	0.9944005	1.0	False	lymph	mid	enformer
1339	-0.30580902	94.53224	94.83805	-0.0070151896	0.994405	1.0	False	lymph	mid	enformer
1013	-0.30567932	94.53243	94.83811	-0.0070122075	0.99440736	1.0	False	lymph	mid	enformer
4790	-0.30381012	94.53529	94.8391	-0.00696926	0.9944416	1.0	False	lymph	mid	enformer
4258	-0.30369568	94.52924	94.83294	-0.006967084	0.99444336	1.0	False	lymph	mid	enformer
3461	-0.3036499	94.53572	94.83937	-0.0069655627	0.9944446	1.0	False	lymph	mid	enformer
4055	-0.30130005	94.53099	94.83229	-0.0069121365	0.99448717	1.0	False	lymph	mid	enformer
1777	-0.30121613	94.53134	94.83256	-0.0069101905	0.9944888	1.0	False	lymph	mid	enformer
4372	-0.30091095	94.547005	94.847916	-0.0069020363	0.9944953	1.0	False	lymph	mid	enformer
2949	-0.30036926	94.53132	94.83169	-0.0068907947	0.9945042	1.0	False	lymph	mid	enformer
553	-0.2992401	94.53867	94.83791	-0.006864387	0.99452525	1.0	False	lymph	mid	enformer
388	-0.29748535	94.52534	94.82282	-0.0068252087	0.99455655	1.0	False	lymph	mid	enformer
5492	-0.29725647	94.52342	94.82068	-0.0068201073	0.9945606	1.0	False	lymph	mid	enformer
987	-0.29475403	94.51724	94.812	-0.006763267	0.9946059	1.0	False	lymph	mid	enformer
4985	-0.2933731	94.51977	94.81314	-0.0067314818	0.9946313	1.0	False	lymph	mid	enformer
5745	-0.29335022	94.520164	94.813515	-0.0067309313	0.9946317	1.0	False	lymph	mid	enformer
2092	-0.2930832	94.52286	94.81594	-0.006724633	0.9946367	1.0	False	lymph	mid	enformer
2598	-0.29113007	94.53737	94.8285	-0.006678901	0.9946732	1.0	False	lymph	mid	enformer
3604	-0.29093933	94.53933	94.83027	-0.0066744	0.9946768	1.0	False	lymph	mid	enformer
5680	-0.28697205	94.516945	94.80392	-0.0065851538	0.994748	1.0	False	lymph	mid	enformer
2606	-0.28674316	94.529976	94.81672	-0.006579021	0.9947529	1.0	False	lymph	mid	enformer
1254	-0.2867279	94.54089	94.82762	-0.00657792	0.9947538	1.0	False	lymph	mid	enformer
2605	-0.28668976	94.53418	94.82087	-0.006577506	0.9947541	1.0	False	lymph	mid	enformer
1976	-0.28663635	94.53379	94.82043	-0.0065763113	0.994755	1.0	False	lymph	mid	enformer
3017	-0.2865448	94.5338	94.82034	-0.006574215	0.9947567	1.0	False	lymph	mid	enformer
1679	-0.28649902	94.53212	94.81862	-0.006573281	0.9947575	1.0	False	lymph	mid	enformer
1767	-0.28622437	94.52373	94.80995	-0.006567544	0.994762	1.0	False	lymph	mid	enformer
4801	-0.28610992	94.53222	94.81833	-0.0065643373	0.99476457	1.0	False	lymph	mid	enformer
740	-0.28144073	94.51863	94.80007	-0.00645841	0.9948491	1.0	False	lymph	mid	enformer
3288	-0.20297241	63.44694	63.649914	-0.005649055	0.99549454	1.0	False	lymph	mid	enformer
1514	-0.20293045	63.43458	63.637512	-0.005648988	0.99549454	1.0	False	lymph	mid	enformer
4656	-0.2029419	63.440533	63.643475	-0.005648771	0.9954947	1.0	False	lymph	mid	enformer
2231	-0.2029419	63.440212	63.643154	-0.0056487992	0.9954947	1.0	False	lymph	mid	enformer
2665	-0.202919	63.43374	63.636658	-0.0056487443	0.9954948	1.0	False	lymph	mid	enformer
155	-0.2029419	63.44073	63.643673	-0.0056487527	0.9954948	1.0	False	lymph	mid	enformer
1494	-0.20293808	63.44038	63.64332	-0.0056486777	0.99549484	1.0	False	lymph	mid	enformer
1717	-0.20290375	63.43915	63.642056	-0.0056478325	0.9954955	1.0	False	lymph	mid	enformer
3746	-0.20292664	63.446747	63.649673	-0.005647801	0.9954955	1.0	False	lymph	mid	enformer
4830	-0.20292664	63.446857	63.649784	-0.0056477915	0.99549556	1.0	False	lymph	mid	enformer
5772	-0.20288086	63.432907	63.635788	-0.005647758	0.99549556	1.0	False	lymph	mid	enformer
1441	-0.20289993	63.440716	63.643616	-0.005647589	0.9954957	1.0	False	lymph	mid	enformer
5352	-0.20289612	63.44053	63.643425	-0.0056474996	0.99549574	1.0	False	lymph	mid	enformer
4310	-0.2028923	63.44003	63.64292	-0.005647438	0.9954958	1.0	False	lymph	mid	enformer
3582	-0.20290756	63.445652	63.64856	-0.005647368	0.99549586	1.0	False	lymph	mid	enformer
3849	-0.20288467	63.440018	63.642902	-0.005647228	0.995496	1.0	False	lymph	mid	enformer
1540	-0.20288467	63.440018	63.642902	-0.0056472267	0.995496	1.0	False	lymph	mid	enformer
1605	-0.20290375	63.44591	63.648815	-0.005647239	0.995496	1.0	False	lymph	mid	enformer
36	-0.20290756	63.447132	63.65004	-0.0056472374	0.995496	1.0	False	lymph	mid	enformer
3282	-0.20288467	63.439877	63.64276	-0.0056472397	0.995496	1.0	False	lymph	mid	enformer
1357	-0.20288086	63.440006	63.642887	-0.0056471224	0.99549603	1.0	False	lymph	mid	enformer
2117	-0.20288467	63.440544	63.64343	-0.005647181	0.99549603	1.0	False	lymph	mid	enformer
579	-0.20289993	63.446617	63.649517	-0.0056470716	0.9954961	1.0	False	lymph	mid	enformer
4529	-0.20285416	63.4335	63.636353	-0.0056469636	0.9954962	1.0	False	lymph	mid	enformer
4273	-0.20289612	63.446846	63.649742	-0.005646945	0.9954962	1.0	False	lymph	mid	enformer
3670	-0.20289612	63.44746	63.650356	-0.0056468905	0.9954963	1.0	False	lymph	mid	enformer
3602	-0.20284653	63.433495	63.63634	-0.005646753	0.99549633	1.0	False	lymph	mid	enformer
1483	-0.2028923	63.447285	63.650177	-0.0056468006	0.99549633	1.0	False	lymph	mid	enformer
4229	-0.20288849	63.446693	63.649582	-0.0056467466	0.99549633	1.0	False	lymph	mid	enformer
3775	-0.20286942	63.44048	63.64335	-0.0056467624	0.99549633	1.0	False	lymph	mid	enformer
2588	-0.2028923	63.447666	63.65056	-0.005646767	0.99549633	1.0	False	lymph	mid	enformer
2494	-0.2028656	63.440083	63.64295	-0.0056466917	0.9954964	1.0	False	lymph	mid	enformer
3336	-0.20286179	63.44052	63.643383	-0.0056465473	0.9954965	1.0	False	lymph	mid	enformer
5449	-0.2028656	63.44125	63.644115	-0.005646589	0.9954965	1.0	False	lymph	mid	enformer
2858	-0.20287704	63.446968	63.649845	-0.005646405	0.99549663	1.0	False	lymph	mid	enformer
925	-0.20287323	63.445435	63.648308	-0.005646433	0.99549663	1.0	False	lymph	mid	enformer
3376	-0.20287323	63.44654	63.649414	-0.0056463364	0.9954967	1.0	False	lymph	mid	enformer
1942	-0.20285416	63.44054	63.643394	-0.005646334	0.9954967	1.0	False	lymph	mid	enformer
1620	-0.20285416	63.440563	63.643417	-0.0056463317	0.9954967	1.0	False	lymph	mid	enformer
213	-0.20282745	63.433586	63.636414	-0.005646215	0.9954968	1.0	False	lymph	mid	enformer
2543	-0.2028656	63.445946	63.64881	-0.0056461766	0.9954968	1.0	False	lymph	mid	enformer
5220	-0.20286179	63.444786	63.647648	-0.0056461724	0.9954968	1.0	False	lymph	mid	enformer
5478	-0.20284271	63.439083	63.641926	-0.005646144	0.99549687	1.0	False	lymph	mid	enformer
3689	-0.20284271	63.43958	63.64242	-0.0056461007	0.99549687	1.0	False	lymph	mid	enformer
704	-0.20286179	63.446648	63.64951	-0.0056460095	0.9954969	1.0	False	lymph	mid	enformer
3977	-0.20284653	63.441296	63.644142	-0.005646056	0.9954969	1.0	False	lymph	mid	enformer
3212	-0.2028656	63.44714	63.650005	-0.005646072	0.9954969	1.0	False	lymph	mid	enformer
2353	-0.20283508	63.439182	63.642017	-0.0056459233	0.995497	1.0	False	lymph	mid	enformer
2600	-0.2028389	63.44053	63.643368	-0.0056459117	0.99549705	1.0	False	lymph	mid	enformer
1728	-0.2028389	63.44054	63.64338	-0.0056459107	0.99549705	1.0	False	lymph	mid	enformer
1557	-0.2028389	63.440655	63.643494	-0.0056459005	0.99549705	1.0	False	lymph	mid	enformer
3711	-0.2028389	63.44041	63.64325	-0.0056459215	0.99549705	1.0	False	lymph	mid	enformer
3555	-0.2028389	63.440598	63.643436	-0.005645905	0.99549705	1.0	False	lymph	mid	enformer
4367	-0.20283508	63.440063	63.6429	-0.0056458465	0.9954971	1.0	False	lymph	mid	enformer
5076	-0.20285416	63.446777	63.64963	-0.0056457864	0.9954971	1.0	False	lymph	mid	enformer
2700	-0.2028122	63.43374	63.63655	-0.0056457776	0.9954971	1.0	False	lymph	mid	enformer
5208	-0.20283127	63.440403	63.643234	-0.00564571	0.99549717	1.0	False	lymph	mid	enformer
5952	-0.20283127	63.440258	63.64309	-0.0056457226	0.99549717	1.0	False	lymph	mid	enformer
5081	-0.20282364	63.43785	63.640675	-0.005645722	0.99549717	1.0	False	lymph	mid	enformer
3968	-0.20285034	63.44639	63.64924	-0.0056457142	0.99549717	1.0	False	lymph	mid	enformer
1920	-0.20282745	63.43955	63.642376	-0.00564568	0.9954972	1.0	False	lymph	mid	enformer
3251	-0.20283127	63.440586	63.643417	-0.005645694	0.9954972	1.0	False	lymph	mid	enformer
4807	-0.20280838	63.434	63.636806	-0.00564565	0.9954972	1.0	False	lymph	mid	enformer
2134	-0.20284653	63.446957	63.649803	-0.0056455582	0.9954973	1.0	False	lymph	mid	enformer
3447	-0.20284653	63.44679	63.649635	-0.005645572	0.9954973	1.0	False	lymph	mid	enformer
5207	-0.20282364	63.44048	63.643303	-0.005645492	0.99549735	1.0	False	lymph	mid	enformer
81	-0.20282364	63.440357	63.64318	-0.005645503	0.99549735	1.0	False	lymph	mid	enformer
412	-0.20282364	63.440037	63.64286	-0.0056455317	0.99549735	1.0	False	lymph	mid	enformer
5867	-0.20281982	63.440315	63.643135	-0.0056454	0.9954974	1.0	False	lymph	mid	enformer
1398	-0.20281982	63.44004	63.64286	-0.0056454246	0.9954974	1.0	False	lymph	mid	enformer
3815	-0.20281982	63.43983	63.64265	-0.005645443	0.9954974	1.0	False	lymph	mid	enformer
2011	-0.20281982	63.440563	63.643383	-0.005645379	0.99549747	1.0	False	lymph	mid	enformer
4051	-0.2028389	63.446484	63.649323	-0.0056453887	0.99549747	1.0	False	lymph	mid	enformer
5973	-0.20281982	63.440655	63.643475	-0.0056453706	0.99549747	1.0	False	lymph	mid	enformer
2809	-0.20281601	63.4397	63.642517	-0.0056453487	0.99549747	1.0	False	lymph	mid	enformer
1938	-0.20281601	63.440212	63.64303	-0.005645303	0.9954975	1.0	False	lymph	mid	enformer
2277	-0.20281601	63.440464	63.64328	-0.0056452807	0.9954975	1.0	False	lymph	mid	enformer
1608	-0.20281601	63.44003	63.642845	-0.00564532	0.9954975	1.0	False	lymph	mid	enformer
4120	-0.2028122	63.439484	63.642296	-0.0056452616	0.9954975	1.0	False	lymph	mid	enformer
2072	-0.2027893	63.43319	63.63598	-0.005645191	0.9954976	1.0	False	lymph	mid	enformer
2531	-0.20283508	63.446907	63.649742	-0.0056452453	0.9954976	1.0	False	lymph	mid	enformer
2977	-0.20283127	63.44632	63.64915	-0.0056451904	0.9954976	1.0	False	lymph	mid	enformer
5751	-0.2028122	63.439777	63.64259	-0.0056452365	0.9954976	1.0	False	lymph	mid	enformer
5093	-0.20283127	63.44728	63.650112	-0.005645106	0.99549764	1.0	False	lymph	mid	enformer
4091	-0.2027893	63.43343	63.63622	-0.00564517	0.99549764	1.0	False	lymph	mid	enformer
6031	-0.2028122	63.44096	63.643772	-0.005645131	0.99549764	1.0	False	lymph	mid	enformer
1678	-0.20280838	63.43993	63.64274	-0.005645117	0.99549764	1.0	False	lymph	mid	enformer
2520	-0.20280457	63.439743	63.642548	-0.005645027	0.9954977	1.0	False	lymph	mid	enformer
2788	-0.20283127	63.447422	63.650253	-0.005645094	0.9954977	1.0	False	lymph	mid	enformer
5799	-0.20282745	63.44632	63.649147	-0.005645084	0.9954977	1.0	False	lymph	mid	enformer
4005	-0.20282745	63.446404	63.64923	-0.0056450777	0.9954977	1.0	False	lymph	mid	enformer
5334	-0.20280838	63.440277	63.643085	-0.0056450856	0.9954977	1.0	False	lymph	mid	enformer
407	-0.20280457	63.439335	63.64214	-0.0056450637	0.9954977	1.0	False	lymph	mid	enformer
1841	-0.20280457	63.44016	63.642963	-0.0056449906	0.99549776	1.0	False	lymph	mid	enformer
2152	-0.20282364	63.44615	63.648975	-0.005644994	0.99549776	1.0	False	lymph	mid	enformer
2486	-0.20280457	63.44008	63.642883	-0.005644997	0.99549776	1.0	False	lymph	mid	enformer
6012	-0.20280457	63.44041	63.643215	-0.0056449687	0.99549776	1.0	False	lymph	mid	enformer
4891	-0.20280457	63.44062	63.643425	-0.00564495	0.9954978	1.0	False	lymph	mid	enformer
1364	-0.20281601	63.445797	63.648613	-0.0056448127	0.9954979	1.0	False	lymph	mid	enformer
199	-0.20279694	63.43986	63.64266	-0.0056448043	0.9954979	1.0	False	lymph	mid	enformer
5095	-0.20280075	63.440586	63.643387	-0.005644847	0.9954979	1.0	False	lymph	mid	enformer
3061	-0.20280075	63.440628	63.64343	-0.0056448434	0.9954979	1.0	False	lymph	mid	enformer
2497	-0.20279694	63.440403	63.6432	-0.005644757	0.99549794	1.0	False	lymph	mid	enformer
4066	-0.20279694	63.440365	63.64316	-0.0056447606	0.99549794	1.0	False	lymph	mid	enformer
4297	-0.20283127	63.451252	63.654083	-0.0056447573	0.99549794	1.0	False	lymph	mid	enformer
2896	-0.20281601	63.447094	63.64991	-0.0056446996	0.995498	1.0	False	lymph	mid	enformer
1796	-0.20279312	63.439713	63.642506	-0.005644711	0.995498	1.0	False	lymph	mid	enformer
633	-0.2027893	63.439106	63.641895	-0.005644659	0.995498	1.0	False	lymph	mid	enformer
1675	-0.20281601	63.447456	63.650272	-0.005644667	0.995498	1.0	False	lymph	mid	enformer
5642	-0.2028122	63.446133	63.648945	-0.0056446777	0.995498	1.0	False	lymph	mid	enformer
601	-0.2027893	63.439636	63.642426	-0.005644613	0.99549806	1.0	False	lymph	mid	enformer
4049	-0.20279312	63.44072	63.643513	-0.0056446237	0.99549806	1.0	False	lymph	mid	enformer
2150	-0.20278549	63.43937	63.642155	-0.00564453	0.9954981	1.0	False	lymph	mid	enformer
3926	-0.20280838	63.44634	63.649147	-0.0056445533	0.9954981	1.0	False	lymph	mid	enformer
2296	-0.2027893	63.44033	63.64312	-0.005644552	0.9954981	1.0	False	lymph	mid	enformer
2935	-0.2027893	63.44075	63.64354	-0.005644515	0.9954981	1.0	False	lymph	mid	enformer
1575	-0.20278549	63.43982	63.642605	-0.0056444914	0.9954982	1.0	False	lymph	mid	enformer
4779	-0.20278549	63.440216	63.643	-0.005644455	0.9954982	1.0	False	lymph	mid	enformer
5598	-0.20278168	63.43932	63.6421	-0.005644428	0.9954982	1.0	False	lymph	mid	enformer
4624	-0.20278549	63.440445	63.64323	-0.0056444355	0.9954982	1.0	False	lymph	mid	enformer
5509	-0.20278549	63.439842	63.642628	-0.005644488	0.9954982	1.0	False	lymph	mid	enformer
3088	-0.20278168	63.439888	63.64267	-0.005644379	0.99549824	1.0	False	lymph	mid	enformer
1673	-0.20278549	63.44078	63.643566	-0.0056444067	0.99549824	1.0	False	lymph	mid	enformer
1087	-0.20275879	63.433537	63.636295	-0.005644313	0.9954983	1.0	False	lymph	mid	enformer
3703	-0.20278168	63.440235	63.643017	-0.0056443485	0.9954983	1.0	False	lymph	mid	enformer
5588	-0.20280075	63.446766	63.649567	-0.005644304	0.9954983	1.0	False	lymph	mid	enformer
4035	-0.20278168	63.440205	63.642986	-0.0056443503	0.9954983	1.0	False	lymph	mid	enformer
5362	-0.20278168	63.44042	63.6432	-0.005644332	0.9954983	1.0	False	lymph	mid	enformer
3159	-0.20279694	63.446198	63.648994	-0.0056442483	0.99549836	1.0	False	lymph	mid	enformer
3797	-0.20279694	63.446297	63.649094	-0.005644239	0.99549836	1.0	False	lymph	mid	enformer
3574	-0.20275497	63.433155	63.63591	-0.00564424	0.99549836	1.0	False	lymph	mid	enformer
5451	-0.20277786	63.440617	63.643394	-0.0056442088	0.99549836	1.0	False	lymph	mid	enformer
6128	-0.20279312	63.44533	63.648125	-0.0056442185	0.99549836	1.0	False	lymph	mid	enformer
3155	-0.20279312	63.44615	63.648945	-0.0056441464	0.9954984	1.0	False	lymph	mid	enformer
4021	-0.20277023	63.438595	63.641365	-0.0056441743	0.9954984	1.0	False	lymph	mid	enformer
2649	-0.20277786	63.440773	63.64355	-0.005644195	0.9954984	1.0	False	lymph	mid	enformer
5969	-0.20277405	63.4403	63.643074	-0.0056441315	0.9954984	1.0	False	lymph	mid	enformer
4852	-0.20277405	63.440346	63.64312	-0.0056441273	0.9954985	1.0	False	lymph	mid	enformer
6104	-0.20279312	63.44636	63.649155	-0.005644128	0.9954985	1.0	False	lymph	mid	enformer
3322	-0.2027893	63.44645	63.64924	-0.005644015	0.99549854	1.0	False	lymph	mid	enformer
4653	-0.20276642	63.439987	63.642754	-0.005643946	0.9954986	1.0	False	lymph	mid	enformer
4039	-0.20276642	63.440018	63.642784	-0.0056439433	0.9954986	1.0	False	lymph	mid	enformer
685	-0.20276642	63.44063	63.6434	-0.0056438902	0.99549866	1.0	False	lymph	mid	enformer
650	-0.2027626	63.440136	63.6429	-0.0056438274	0.9954987	1.0	False	lymph	mid	enformer
738	-0.2027359	63.433475	63.63621	-0.0056436826	0.9954988	1.0	False	lymph	mid	enformer
1118	-0.20275879	63.44028	63.64304	-0.0056437086	0.9954988	1.0	False	lymph	mid	enformer
3388	-0.20277786	63.44625	63.64903	-0.005643714	0.9954988	1.0	False	lymph	mid	enformer
5121	-0.20275116	63.438015	63.640766	-0.005643696	0.9954988	1.0	False	lymph	mid	enformer
5924	-0.20277786	63.446606	63.649384	-0.005643683	0.9954988	1.0	False	lymph	mid	enformer
2586	-0.20278168	63.447502	63.650284	-0.0056437096	0.9954988	1.0	False	lymph	mid	enformer
502	-0.20275497	63.44044	63.643196	-0.0056435885	0.9954989	1.0	False	lymph	mid	enformer
4172	-0.20275497	63.44055	63.643307	-0.0056435787	0.9954989	1.0	False	lymph	mid	enformer
1417	-0.20277405	63.446682	63.649456	-0.0056435703	0.9954989	1.0	False	lymph	mid	enformer
1617	-0.20275497	63.44054	63.643295	-0.0056435796	0.9954989	1.0	False	lymph	mid	enformer
4423	-0.20275116	63.440365	63.643116	-0.0056434902	0.99549896	1.0	False	lymph	mid	enformer
5591	-0.20275116	63.440556	63.643307	-0.0056434725	0.99549896	1.0	False	lymph	mid	enformer
2909	-0.20275116	63.439938	63.64269	-0.0056435266	0.99549896	1.0	False	lymph	mid	enformer
5816	-0.20275116	63.44018	63.642933	-0.0056435056	0.99549896	1.0	False	lymph	mid	enformer
2994	-0.20274734	63.440346	63.643093	-0.0056433855	0.995499	1.0	False	lymph	mid	enformer
2540	-0.20274353	63.439808	63.64255	-0.0056433263	0.9954991	1.0	False	lymph	mid	enformer
3717	-0.20272064	63.43341	63.63613	-0.0056432644	0.99549913	1.0	False	lymph	mid	enformer
3733	-0.2027626	63.446716	63.64948	-0.00564325	0.99549913	1.0	False	lymph	mid	enformer
3633	-0.20275497	63.44492	63.647675	-0.0056431955	0.9954992	1.0	False	lymph	mid	enformer
4623	-0.20272064	63.433964	63.636684	-0.0056432164	0.9954992	1.0	False	lymph	mid	enformer
1062	-0.2027359	63.43995	63.642685	-0.005643102	0.99549925	1.0	False	lymph	mid	enformer
5815	-0.20273209	63.439426	63.64216	-0.005643043	0.9954993	1.0	False	lymph	mid	enformer
5069	-0.20271683	63.434296	63.637012	-0.0056430814	0.9954993	1.0	False	lymph	mid	enformer
3677	-0.2027359	63.440216	63.642952	-0.0056430786	0.9954993	1.0	False	lymph	mid	enformer
5341	-0.20275497	63.446415	63.64917	-0.005643064	0.9954993	1.0	False	lymph	mid	enformer
170	-0.20272827	63.4399	63.642628	-0.005642895	0.99549943	1.0	False	lymph	mid	enformer
3792	-0.20272446	63.439823	63.642548	-0.005642796	0.9954995	1.0	False	lymph	mid	enformer
5654	-0.20272064	63.439915	63.642635	-0.0056426814	0.9954996	1.0	False	lymph	mid	enformer
149	-0.20272064	63.440716	63.643436	-0.005642611	0.9954997	1.0	False	lymph	mid	enformer
2187	-0.20271683	63.440353	63.64307	-0.0056425375	0.99549973	1.0	False	lymph	mid	enformer
6110	-0.20271301	63.440113	63.642826	-0.0056424523	0.9954998	1.0	False	lymph	mid	enformer
2763	-0.20271301	63.439877	63.64259	-0.0056424737	0.9954998	1.0	False	lymph	mid	enformer
2086	-0.20271301	63.440983	63.643696	-0.0056423754	0.99549985	1.0	False	lymph	mid	enformer
6136	-0.20272827	63.44625	63.64898	-0.0056423373	0.99549985	1.0	False	lymph	mid	enformer
1546	-0.20274353	63.4518	63.654545	-0.0056422735	0.9954999	1.0	False	lymph	mid	enformer
5608	-0.20272827	63.447197	63.649925	-0.005642254	0.99549997	1.0	False	lymph	mid	enformer
2942	-0.2026825	63.433266	63.63595	-0.0056422176	0.99549997	1.0	False	lymph	mid	enformer
3177	-0.20272446	63.446625	63.64935	-0.005642198	0.99549997	1.0	False	lymph	mid	enformer
2619	-0.20270157	63.44019	63.64289	-0.005642128	0.9955	1.0	False	lymph	mid	enformer
3937	-0.20269775	63.439777	63.642475	-0.005642058	0.9955001	1.0	False	lymph	mid	enformer
5747	-0.20269775	63.439823	63.64252	-0.0056420537	0.9955001	1.0	False	lymph	mid	enformer
3378	-0.20272064	63.446415	63.649136	-0.005642111	0.9955001	1.0	False	lymph	mid	enformer
2854	-0.2027092	63.44468	63.64739	-0.005641945	0.9955002	1.0	False	lymph	mid	enformer
788	-0.20269394	63.44038	63.643074	-0.0056418995	0.9955002	1.0	False	lymph	mid	enformer
4696	-0.20266724	63.4336	63.63627	-0.005641765	0.9955003	1.0	False	lymph	mid	enformer
5122	-0.20267868	63.43911	63.64179	-0.005641587	0.9955005	1.0	False	lymph	mid	enformer
588	-0.20267868	63.440598	63.643276	-0.005641456	0.99550056	1.0	False	lymph	mid	enformer
2617	-0.20264816	63.440266	63.642914	-0.005640639	0.9955012	1.0	False	lymph	mid	enformer
4283	-0.20264435	63.439854	63.642498	-0.005640569	0.9955013	1.0	False	lymph	mid	enformer
1749	-0.20265198	63.4445	63.647152	-0.0056403726	0.99550146	1.0	False	lymph	mid	enformer
5512	-0.20262146	63.440533	63.643154	-0.0056398725	0.9955018	1.0	False	lymph	mid	enformer
2	0.0	0.0	0.0				False	lymph	mid	enformer
7	0.0	0.0	0.0				False	lymph	mid	enformer
8	0.0	0.0	0.0				False	lymph	mid	enformer
9	0.0	0.0	0.0				False	lymph	mid	enformer
10	0.0	0.0	0.0				False	lymph	mid	enformer
12	0.0	0.0	0.0				False	lymph	mid	enformer
13	0.0	0.0	0.0				False	lymph	mid	enformer
15	0.0	0.0	0.0				False	lymph	mid	enformer
16	0.0	0.0	0.0				False	lymph	mid	enformer
37	0.0	0.0	0.0				False	lymph	mid	enformer
39	0.0	0.0	0.0				False	lymph	mid	enformer
42	0.0	0.0	0.0				False	lymph	mid	enformer
44	0.0	0.0	0.0				False	lymph	mid	enformer
46	0.0	0.0	0.0				False	lymph	mid	enformer
50	0.0	0.0	0.0				False	lymph	mid	enformer
53	0.0	0.0	0.0				False	lymph	mid	enformer
57	0.0	0.0	0.0				False	lymph	mid	enformer
58	0.0	0.0	0.0				False	lymph	mid	enformer
60	0.0	0.0	0.0				False	lymph	mid	enformer
63	0.0	0.0	0.0				False	lymph	mid	enformer
68	0.0	0.0	0.0				False	lymph	mid	enformer
72	0.0	0.0	0.0				False	lymph	mid	enformer
86	0.0	0.0	0.0				False	lymph	mid	enformer
87	0.0	0.0	0.0				False	lymph	mid	enformer
91	0.0	0.0	0.0				False	lymph	mid	enformer
94	0.0	0.0	0.0				False	lymph	mid	enformer
98	0.0	0.0	0.0				False	lymph	mid	enformer
108	0.0	0.0	0.0				False	lymph	mid	enformer
109	0.0	0.0	0.0				False	lymph	mid	enformer
113	0.0	0.0	0.0				False	lymph	mid	enformer
115	0.0	0.0	0.0				False	lymph	mid	enformer
118	0.0	0.0	0.0				False	lymph	mid	enformer
119	0.0	0.0	0.0				False	lymph	mid	enformer
124	0.0	0.0	0.0				False	lymph	mid	enformer
137	0.0	0.0	0.0				False	lymph	mid	enformer
138	0.0	0.0	0.0				False	lymph	mid	enformer
139	0.0	0.0	0.0				False	lymph	mid	enformer
143	0.0	0.0	0.0				False	lymph	mid	enformer
146	0.0	0.0	0.0				False	lymph	mid	enformer
150	0.0	0.0	0.0				False	lymph	mid	enformer
153	0.0	0.0	0.0				False	lymph	mid	enformer
154	0.0	0.0	0.0				False	lymph	mid	enformer
157	0.0	0.0	0.0				False	lymph	mid	enformer
159	0.0	0.0	0.0				False	lymph	mid	enformer
164	0.0	0.0	0.0				False	lymph	mid	enformer
167	0.0	0.0	0.0				False	lymph	mid	enformer
168	0.0	0.0	0.0				False	lymph	mid	enformer
174	0.0	0.0	0.0				False	lymph	mid	enformer
179	0.0	0.0	0.0				False	lymph	mid	enformer
180	0.0	0.0	0.0				False	lymph	mid	enformer
182	0.0	0.0	0.0				False	lymph	mid	enformer
186	0.0	0.0	0.0				False	lymph	mid	enformer
189	0.0	0.0	0.0				False	lymph	mid	enformer
192	0.0	0.0	0.0				False	lymph	mid	enformer
195	0.0	0.0	0.0				False	lymph	mid	enformer
197	0.0	0.0	0.0				False	lymph	mid	enformer
201	0.0	0.0	0.0				False	lymph	mid	enformer
203	0.0	0.0	0.0				False	lymph	mid	enformer
206	0.0	0.0	0.0				False	lymph	mid	enformer
207	0.0	0.0	0.0				False	lymph	mid	enformer
210	0.0	0.0	0.0				False	lymph	mid	enformer
229	0.0	0.0	0.0				False	lymph	mid	enformer
230	0.0	0.0	0.0				False	lymph	mid	enformer
231	0.0	0.0	0.0				False	lymph	mid	enformer
233	0.0	0.0	0.0				False	lymph	mid	enformer
234	0.0	0.0	0.0				False	lymph	mid	enformer
238	0.0	0.0	0.0				False	lymph	mid	enformer
246	0.0	0.0	0.0				False	lymph	mid	enformer
252	0.0	0.0	0.0				False	lymph	mid	enformer
254	0.0	0.0	0.0				False	lymph	mid	enformer
256	0.0	0.0	0.0				False	lymph	mid	enformer
260	0.0	0.0	0.0				False	lymph	mid	enformer
261	0.0	0.0	0.0				False	lymph	mid	enformer
265	0.0	0.0	0.0				False	lymph	mid	enformer
272	0.0	0.0	0.0				False	lymph	mid	enformer
275	0.0	0.0	0.0				False	lymph	mid	enformer
276	0.0	0.0	0.0				False	lymph	mid	enformer
277	0.0	0.0	0.0				False	lymph	mid	enformer
283	0.0	0.0	0.0				False	lymph	mid	enformer
284	0.0	0.0	0.0				False	lymph	mid	enformer
286	0.0	0.0	0.0				False	lymph	mid	enformer
287	0.0	0.0	0.0				False	lymph	mid	enformer
295	0.0	0.0	0.0				False	lymph	mid	enformer
307	0.0	0.0	0.0				False	lymph	mid	enformer
308	0.0	0.0	0.0				False	lymph	mid	enformer
309	0.0	0.0	0.0				False	lymph	mid	enformer
312	0.0	0.0	0.0				False	lymph	mid	enformer
314	0.0	0.0	0.0				False	lymph	mid	enformer
315	0.0	0.0	0.0				False	lymph	mid	enformer
317	0.0	0.0	0.0				False	lymph	mid	enformer
319	0.0	0.0	0.0				False	lymph	mid	enformer
321	0.0	0.0	0.0				False	lymph	mid	enformer
326	0.0	0.0	0.0				False	lymph	mid	enformer
329	0.0	0.0	0.0				False	lymph	mid	enformer
330	0.0	0.0	0.0				False	lymph	mid	enformer
333	0.0	0.0	0.0				False	lymph	mid	enformer
347	0.0	0.0	0.0				False	lymph	mid	enformer
350	0.0	0.0	0.0				False	lymph	mid	enformer
353	0.0	0.0	0.0				False	lymph	mid	enformer
354	0.0	0.0	0.0				False	lymph	mid	enformer
355	0.0	0.0	0.0				False	lymph	mid	enformer
359	0.0	0.0	0.0				False	lymph	mid	enformer
362	0.0	0.0	0.0				False	lymph	mid	enformer
364	0.0	0.0	0.0				False	lymph	mid	enformer
366	0.0	0.0	0.0				False	lymph	mid	enformer
374	0.0	0.0	0.0				False	lymph	mid	enformer
376	0.0	0.0	0.0				False	lymph	mid	enformer
379	0.0	0.0	0.0				False	lymph	mid	enformer
380	0.0	0.0	0.0				False	lymph	mid	enformer
383	0.0	0.0	0.0				False	lymph	mid	enformer
384	0.0	0.0	0.0				False	lymph	mid	enformer
387	0.0	0.0	0.0				False	lymph	mid	enformer
399	0.0	0.0	0.0				False	lymph	mid	enformer
400	0.0	0.0	0.0				False	lymph	mid	enformer
401	0.0	0.0	0.0				False	lymph	mid	enformer
402	0.0	0.0	0.0				False	lymph	mid	enformer
408	0.0	0.0	0.0				False	lymph	mid	enformer
411	0.0	0.0	0.0				False	lymph	mid	enformer
420	0.0	0.0	0.0				False	lymph	mid	enformer
421	0.0	0.0	0.0				False	lymph	mid	enformer
423	0.0	0.0	0.0				False	lymph	mid	enformer
425	0.0	0.0	0.0				False	lymph	mid	enformer
427	0.0	0.0	0.0				False	lymph	mid	enformer
429	0.0	0.0	0.0				False	lymph	mid	enformer
432	0.0	0.0	0.0				False	lymph	mid	enformer
435	0.0	0.0	0.0				False	lymph	mid	enformer
436	0.0	0.0	0.0				False	lymph	mid	enformer
437	0.0	0.0	0.0				False	lymph	mid	enformer
440	0.0	0.0	0.0				False	lymph	mid	enformer
443	0.0	0.0	0.0				False	lymph	mid	enformer
446	0.0	0.0	0.0				False	lymph	mid	enformer
447	0.0	0.0	0.0				False	lymph	mid	enformer
455	0.0	0.0	0.0				False	lymph	mid	enformer
456	0.0	0.0	0.0				False	lymph	mid	enformer
457	0.0	0.0	0.0				False	lymph	mid	enformer
458	0.0	0.0	0.0				False	lymph	mid	enformer
472	0.0	0.0	0.0				False	lymph	mid	enformer
474	0.0	0.0	0.0				False	lymph	mid	enformer
475	0.0	0.0	0.0				False	lymph	mid	enformer
477	0.0	0.0	0.0				False	lymph	mid	enformer
478	0.0	0.0	0.0				False	lymph	mid	enformer
479	0.0	0.0	0.0				False	lymph	mid	enformer
480	0.0	0.0	0.0				False	lymph	mid	enformer
481	0.0	0.0	0.0				False	lymph	mid	enformer
482	0.0	0.0	0.0				False	lymph	mid	enformer
483	0.0	0.0	0.0				False	lymph	mid	enformer
485	0.0	0.0	0.0				False	lymph	mid	enformer
487	0.0	0.0	0.0				False	lymph	mid	enformer
492	0.0	0.0	0.0				False	lymph	mid	enformer
495	0.0	0.0	0.0				False	lymph	mid	enformer
496	0.0	0.0	0.0				False	lymph	mid	enformer
498	0.0	0.0	0.0				False	lymph	mid	enformer
500	0.0	0.0	0.0				False	lymph	mid	enformer
501	0.0	0.0	0.0				False	lymph	mid	enformer
509	0.0	0.0	0.0				False	lymph	mid	enformer
510	0.0	0.0	0.0				False	lymph	mid	enformer
514	0.0	0.0	0.0				False	lymph	mid	enformer
515	0.0	0.0	0.0				False	lymph	mid	enformer
519	0.0	0.0	0.0				False	lymph	mid	enformer
520	0.0	0.0	0.0				False	lymph	mid	enformer
522	0.0	0.0	0.0				False	lymph	mid	enformer
530	0.0	0.0	0.0				False	lymph	mid	enformer
532	0.0	0.0	0.0				False	lymph	mid	enformer
536	0.0	0.0	0.0				False	lymph	mid	enformer
538	0.0	0.0	0.0				False	lymph	mid	enformer
540	0.0	0.0	0.0				False	lymph	mid	enformer
546	0.0	0.0	0.0				False	lymph	mid	enformer
548	0.0	0.0	0.0				False	lymph	mid	enformer
550	0.0	0.0	0.0				False	lymph	mid	enformer
551	0.0	0.0	0.0				False	lymph	mid	enformer
560	0.0	0.0	0.0				False	lymph	mid	enformer
561	0.0	0.0	0.0				False	lymph	mid	enformer
569	0.0	0.0	0.0				False	lymph	mid	enformer
575	0.0	0.0	0.0				False	lymph	mid	enformer
576	0.0	0.0	0.0				False	lymph	mid	enformer
577	0.0	0.0	0.0				False	lymph	mid	enformer
583	0.0	0.0	0.0				False	lymph	mid	enformer
587	0.0	0.0	0.0				False	lymph	mid	enformer
589	0.0	0.0	0.0				False	lymph	mid	enformer
590	0.0	0.0	0.0				False	lymph	mid	enformer
593	0.0	0.0	0.0				False	lymph	mid	enformer
594	0.0	0.0	0.0				False	lymph	mid	enformer
596	0.0	0.0	0.0				False	lymph	mid	enformer
598	0.0	0.0	0.0				False	lymph	mid	enformer
604	0.0	0.0	0.0				False	lymph	mid	enformer
610	0.0	0.0	0.0				False	lymph	mid	enformer
620	0.0	0.0	0.0				False	lymph	mid	enformer
621	0.0	0.0	0.0				False	lymph	mid	enformer
626	0.0	0.0	0.0				False	lymph	mid	enformer
627	0.0	0.0	0.0				False	lymph	mid	enformer
628	0.0	0.0	0.0				False	lymph	mid	enformer
630	0.0	0.0	0.0				False	lymph	mid	enformer
632	0.0	0.0	0.0				False	lymph	mid	enformer
636	0.0	0.0	0.0				False	lymph	mid	enformer
637	0.0	0.0	0.0				False	lymph	mid	enformer
639	0.0	0.0	0.0				False	lymph	mid	enformer
645	0.0	0.0	0.0				False	lymph	mid	enformer
649	0.0	0.0	0.0				False	lymph	mid	enformer
652	0.0	0.0	0.0				False	lymph	mid	enformer
656	0.0	0.0	0.0				False	lymph	mid	enformer
659	0.0	0.0	0.0				False	lymph	mid	enformer
661	0.0	0.0	0.0				False	lymph	mid	enformer
662	0.0	0.0	0.0				False	lymph	mid	enformer
666	0.0	0.0	0.0				False	lymph	mid	enformer
670	0.0	0.0	0.0				False	lymph	mid	enformer
671	0.0	0.0	0.0				False	lymph	mid	enformer
675	0.0	0.0	0.0				False	lymph	mid	enformer
676	0.0	0.0	0.0				False	lymph	mid	enformer
679	0.0	0.0	0.0				False	lymph	mid	enformer
680	0.0	0.0	0.0				False	lymph	mid	enformer
681	0.0	0.0	0.0				False	lymph	mid	enformer
682	0.0	0.0	0.0				False	lymph	mid	enformer
684	0.0	0.0	0.0				False	lymph	mid	enformer
687	0.0	0.0	0.0				False	lymph	mid	enformer
689	0.0	0.0	0.0				False	lymph	mid	enformer
690	0.0	0.0	0.0				False	lymph	mid	enformer
692	0.0	0.0	0.0				False	lymph	mid	enformer
698	0.0	0.0	0.0				False	lymph	mid	enformer
701	0.0	0.0	0.0				False	lymph	mid	enformer
706	0.0	0.0	0.0				False	lymph	mid	enformer
709	0.0	0.0	0.0				False	lymph	mid	enformer
711	0.0	0.0	0.0				False	lymph	mid	enformer
713	0.0	0.0	0.0				False	lymph	mid	enformer
716	0.0	0.0	0.0				False	lymph	mid	enformer
717	0.0	0.0	0.0				False	lymph	mid	enformer
719	0.0	0.0	0.0				False	lymph	mid	enformer
720	0.0	0.0	0.0				False	lymph	mid	enformer
721	0.0	0.0	0.0				False	lymph	mid	enformer
726	0.0	0.0	0.0				False	lymph	mid	enformer
727	0.0	0.0	0.0				False	lymph	mid	enformer
732	0.0	0.0	0.0				False	lymph	mid	enformer
735	0.0	0.0	0.0				False	lymph	mid	enformer
736	0.0	0.0	0.0				False	lymph	mid	enformer
737	0.0	0.0	0.0				False	lymph	mid	enformer
741	0.0	0.0	0.0				False	lymph	mid	enformer
749	0.0	0.0	0.0				False	lymph	mid	enformer
750	0.0	0.0	0.0				False	lymph	mid	enformer
753	0.0	0.0	0.0				False	lymph	mid	enformer
754	0.0	0.0	0.0				False	lymph	mid	enformer
757	0.0	0.0	0.0				False	lymph	mid	enformer
758	0.0	0.0	0.0				False	lymph	mid	enformer
760	0.0	0.0	0.0				False	lymph	mid	enformer
761	0.0	0.0	0.0				False	lymph	mid	enformer
765	0.0	0.0	0.0				False	lymph	mid	enformer
768	0.0	0.0	0.0				False	lymph	mid	enformer
771	0.0	0.0	0.0				False	lymph	mid	enformer
772	0.0	0.0	0.0				False	lymph	mid	enformer
773	0.0	0.0	0.0				False	lymph	mid	enformer
775	0.0	0.0	0.0				False	lymph	mid	enformer
782	0.0	0.0	0.0				False	lymph	mid	enformer
783	0.0	0.0	0.0				False	lymph	mid	enformer
784	0.0	0.0	0.0				False	lymph	mid	enformer
791	0.0	0.0	0.0				False	lymph	mid	enformer
797	0.0	0.0	0.0				False	lymph	mid	enformer
798	0.0	0.0	0.0				False	lymph	mid	enformer
802	0.0	0.0	0.0				False	lymph	mid	enformer
803	0.0	0.0	0.0				False	lymph	mid	enformer
806	0.0	0.0	0.0				False	lymph	mid	enformer
810	0.0	0.0	0.0				False	lymph	mid	enformer
812	0.0	0.0	0.0				False	lymph	mid	enformer
816	0.0	0.0	0.0				False	lymph	mid	enformer
817	0.0	0.0	0.0				False	lymph	mid	enformer
818	0.0	0.0	0.0				False	lymph	mid	enformer
822	0.0	0.0	0.0				False	lymph	mid	enformer
824	0.0	0.0	0.0				False	lymph	mid	enformer
827	0.0	0.0	0.0				False	lymph	mid	enformer
832	0.0	0.0	0.0				False	lymph	mid	enformer
833	0.0	0.0	0.0				False	lymph	mid	enformer
836	0.0	0.0	0.0				False	lymph	mid	enformer
840	0.0	0.0	0.0				False	lymph	mid	enformer
859	0.0	0.0	0.0				False	lymph	mid	enformer
865	0.0	0.0	0.0				False	lymph	mid	enformer
871	0.0	0.0	0.0				False	lymph	mid	enformer
874	0.0	0.0	0.0				False	lymph	mid	enformer
875	0.0	0.0	0.0				False	lymph	mid	enformer
879	0.0	0.0	0.0				False	lymph	mid	enformer
895	0.0	0.0	0.0				False	lymph	mid	enformer
904	0.0	0.0	0.0				False	lymph	mid	enformer
905	0.0	0.0	0.0				False	lymph	mid	enformer
916	0.0	0.0	0.0				False	lymph	mid	enformer
917	0.0	0.0	0.0				False	lymph	mid	enformer
918	0.0	0.0	0.0				False	lymph	mid	enformer
924	0.0	0.0	0.0				False	lymph	mid	enformer
927	0.0	0.0	0.0				False	lymph	mid	enformer
931	0.0	0.0	0.0				False	lymph	mid	enformer
934	0.0	0.0	0.0				False	lymph	mid	enformer
936	0.0	0.0	0.0				False	lymph	mid	enformer
946	0.0	0.0	0.0				False	lymph	mid	enformer
949	0.0	0.0	0.0				False	lymph	mid	enformer
950	0.0	0.0	0.0				False	lymph	mid	enformer
952	0.0	0.0	0.0				False	lymph	mid	enformer
954	0.0	0.0	0.0				False	lymph	mid	enformer
961	0.0	0.0	0.0				False	lymph	mid	enformer
963	0.0	0.0	0.0				False	lymph	mid	enformer
964	0.0	0.0	0.0				False	lymph	mid	enformer
965	0.0	0.0	0.0				False	lymph	mid	enformer
977	0.0	0.0	0.0				False	lymph	mid	enformer
978	0.0	0.0	0.0				False	lymph	mid	enformer
979	0.0	0.0	0.0				False	lymph	mid	enformer
984	0.0	0.0	0.0				False	lymph	mid	enformer
985	0.0	0.0	0.0				False	lymph	mid	enformer
989	0.0	0.0	0.0				False	lymph	mid	enformer
991	0.0	0.0	0.0				False	lymph	mid	enformer
993	0.0	0.0	0.0				False	lymph	mid	enformer
1000	0.0	0.0	0.0				False	lymph	mid	enformer
1001	0.0	0.0	0.0				False	lymph	mid	enformer
1006	0.0	0.0	0.0				False	lymph	mid	enformer
1010	0.0	0.0	0.0				False	lymph	mid	enformer
1011	0.0	0.0	0.0				False	lymph	mid	enformer
1015	0.0	0.0	0.0				False	lymph	mid	enformer
1016	0.0	0.0	0.0				False	lymph	mid	enformer
1021	0.0	0.0	0.0				False	lymph	mid	enformer
1022	0.0	0.0	0.0				False	lymph	mid	enformer
1026	0.0	0.0	0.0				False	lymph	mid	enformer
1027	0.0	0.0	0.0				False	lymph	mid	enformer
1028	0.0	0.0	0.0				False	lymph	mid	enformer
1032	0.0	0.0	0.0				False	lymph	mid	enformer
1035	0.0	0.0	0.0				False	lymph	mid	enformer
1039	0.0	0.0	0.0				False	lymph	mid	enformer
1041	0.0	0.0	0.0				False	lymph	mid	enformer
1046	0.0	0.0	0.0				False	lymph	mid	enformer
1047	0.0	0.0	0.0				False	lymph	mid	enformer
1053	0.0	0.0	0.0				False	lymph	mid	enformer
1055	0.0	0.0	0.0				False	lymph	mid	enformer
1060	0.0	0.0	0.0				False	lymph	mid	enformer
1068	0.0	0.0	0.0				False	lymph	mid	enformer
1070	0.0	0.0	0.0				False	lymph	mid	enformer
1071	0.0	0.0	0.0				False	lymph	mid	enformer
1074	0.0	0.0	0.0				False	lymph	mid	enformer
1080	0.0	0.0	0.0				False	lymph	mid	enformer
1083	0.0	0.0	0.0				False	lymph	mid	enformer
1086	0.0	0.0	0.0				False	lymph	mid	enformer
1089	0.0	0.0	0.0				False	lymph	mid	enformer
1093	0.0	0.0	0.0				False	lymph	mid	enformer
1094	0.0	0.0	0.0				False	lymph	mid	enformer
1096	0.0	0.0	0.0				False	lymph	mid	enformer
1100	0.0	0.0	0.0				False	lymph	mid	enformer
1106	0.0	0.0	0.0				False	lymph	mid	enformer
1107	0.0	0.0	0.0				False	lymph	mid	enformer
1113	0.0	0.0	0.0				False	lymph	mid	enformer
1123	0.0	0.0	0.0				False	lymph	mid	enformer
1126	0.0	0.0	0.0				False	lymph	mid	enformer
1128	0.0	0.0	0.0				False	lymph	mid	enformer
1129	0.0	0.0	0.0				False	lymph	mid	enformer
1131	0.0	0.0	0.0				False	lymph	mid	enformer
1134	0.0	0.0	0.0				False	lymph	mid	enformer
1135	0.0	0.0	0.0				False	lymph	mid	enformer
1140	0.0	0.0	0.0				False	lymph	mid	enformer
1141	0.0	0.0	0.0				False	lymph	mid	enformer
1147	0.0	0.0	0.0				False	lymph	mid	enformer
1148	0.0	0.0	0.0				False	lymph	mid	enformer
1150	0.0	0.0	0.0				False	lymph	mid	enformer
1152	0.0	0.0	0.0				False	lymph	mid	enformer
1160	0.0	0.0	0.0				False	lymph	mid	enformer
1161	0.0	0.0	0.0				False	lymph	mid	enformer
1176	0.0	0.0	0.0				False	lymph	mid	enformer
1180	0.0	0.0	0.0				False	lymph	mid	enformer
1182	0.0	0.0	0.0				False	lymph	mid	enformer
1185	0.0	0.0	0.0				False	lymph	mid	enformer
1188	0.0	0.0	0.0				False	lymph	mid	enformer
1202	0.0	0.0	0.0				False	lymph	mid	enformer
1203	0.0	0.0	0.0				False	lymph	mid	enformer
1205	0.0	0.0	0.0				False	lymph	mid	enformer
1206	0.0	0.0	0.0				False	lymph	mid	enformer
1207	0.0	0.0	0.0				False	lymph	mid	enformer
1208	0.0	0.0	0.0				False	lymph	mid	enformer
1210	0.0	0.0	0.0				False	lymph	mid	enformer
1212	0.0	0.0	0.0				False	lymph	mid	enformer
1213	0.0	0.0	0.0				False	lymph	mid	enformer
1230	0.0	0.0	0.0				False	lymph	mid	enformer
1231	0.0	0.0	0.0				False	lymph	mid	enformer
1239	0.0	0.0	0.0				False	lymph	mid	enformer
1244	0.0	0.0	0.0				False	lymph	mid	enformer
1246	0.0	0.0	0.0				False	lymph	mid	enformer
1249	0.0	0.0	0.0				False	lymph	mid	enformer
1251	0.0	0.0	0.0				False	lymph	mid	enformer
1261	0.0	0.0	0.0				False	lymph	mid	enformer
1262	0.0	0.0	0.0				False	lymph	mid	enformer
1265	0.0	0.0	0.0				False	lymph	mid	enformer
1277	0.0	0.0	0.0				False	lymph	mid	enformer
1280	0.0	0.0	0.0				False	lymph	mid	enformer
1283	0.0	0.0	0.0				False	lymph	mid	enformer
1286	0.0	0.0	0.0				False	lymph	mid	enformer
1290	0.0	0.0	0.0				False	lymph	mid	enformer
1292	0.0	0.0	0.0				False	lymph	mid	enformer
1299	0.0	0.0	0.0				False	lymph	mid	enformer
1305	0.0	0.0	0.0				False	lymph	mid	enformer
1306	0.0	0.0	0.0				False	lymph	mid	enformer
1307	0.0	0.0	0.0				False	lymph	mid	enformer
1310	0.0	0.0	0.0				False	lymph	mid	enformer
1316	0.0	0.0	0.0				False	lymph	mid	enformer
1317	0.0	0.0	0.0				False	lymph	mid	enformer
1320	0.0	0.0	0.0				False	lymph	mid	enformer
1321	0.0	0.0	0.0				False	lymph	mid	enformer
1324	0.0	0.0	0.0				False	lymph	mid	enformer
1327	0.0	0.0	0.0				False	lymph	mid	enformer
1328	0.0	0.0	0.0				False	lymph	mid	enformer
1330	0.0	0.0	0.0				False	lymph	mid	enformer
1332	0.0	0.0	0.0				False	lymph	mid	enformer
1342	0.0	0.0	0.0				False	lymph	mid	enformer
1347	0.0	0.0	0.0				False	lymph	mid	enformer
1356	0.0	0.0	0.0				False	lymph	mid	enformer
1359	0.0	0.0	0.0				False	lymph	mid	enformer
1360	0.0	0.0	0.0				False	lymph	mid	enformer
1362	0.0	0.0	0.0				False	lymph	mid	enformer
1366	0.0	0.0	0.0				False	lymph	mid	enformer
1371	0.0	0.0	0.0				False	lymph	mid	enformer
1373	0.0	0.0	0.0				False	lymph	mid	enformer
1377	0.0	0.0	0.0				False	lymph	mid	enformer
1380	0.0	0.0	0.0				False	lymph	mid	enformer
1381	0.0	0.0	0.0				False	lymph	mid	enformer
1384	0.0	0.0	0.0				False	lymph	mid	enformer
1385	0.0	0.0	0.0				False	lymph	mid	enformer
1397	0.0	0.0	0.0				False	lymph	mid	enformer
1402	0.0	0.0	0.0				False	lymph	mid	enformer
1405	0.0	0.0	0.0				False	lymph	mid	enformer
1408	0.0	0.0	0.0				False	lymph	mid	enformer
1409	0.0	0.0	0.0				False	lymph	mid	enformer
1410	0.0	0.0	0.0				False	lymph	mid	enformer
1411	0.0	0.0	0.0				False	lymph	mid	enformer
1413	0.0	0.0	0.0				False	lymph	mid	enformer
1416	0.0	0.0	0.0				False	lymph	mid	enformer
1418	0.0	0.0	0.0				False	lymph	mid	enformer
1424	0.0	0.0	0.0				False	lymph	mid	enformer
1428	0.0	0.0	0.0				False	lymph	mid	enformer
1430	0.0	0.0	0.0				False	lymph	mid	enformer
1431	0.0	0.0	0.0				False	lymph	mid	enformer
1432	0.0	0.0	0.0				False	lymph	mid	enformer
1435	0.0	0.0	0.0				False	lymph	mid	enformer
1440	0.0	0.0	0.0				False	lymph	mid	enformer
1443	0.0	0.0	0.0				False	lymph	mid	enformer
1447	0.0	0.0	0.0				False	lymph	mid	enformer
1450	0.0	0.0	0.0				False	lymph	mid	enformer
1453	0.0	0.0	0.0				False	lymph	mid	enformer
1459	0.0	0.0	0.0				False	lymph	mid	enformer
1462	0.0	0.0	0.0				False	lymph	mid	enformer
1468	0.0	0.0	0.0				False	lymph	mid	enformer
1471	0.0	0.0	0.0				False	lymph	mid	enformer
1473	0.0	0.0	0.0				False	lymph	mid	enformer
1477	0.0	0.0	0.0				False	lymph	mid	enformer
1478	0.0	0.0	0.0				False	lymph	mid	enformer
1482	0.0	0.0	0.0				False	lymph	mid	enformer
1485	0.0	0.0	0.0				False	lymph	mid	enformer
1491	0.0	0.0	0.0				False	lymph	mid	enformer
1493	0.0	0.0	0.0				False	lymph	mid	enformer
1498	0.0	0.0	0.0				False	lymph	mid	enformer
1503	0.0	0.0	0.0				False	lymph	mid	enformer
1507	0.0	0.0	0.0				False	lymph	mid	enformer
1509	0.0	0.0	0.0				False	lymph	mid	enformer
1510	0.0	0.0	0.0				False	lymph	mid	enformer
1517	0.0	0.0	0.0				False	lymph	mid	enformer
1518	0.0	0.0	0.0				False	lymph	mid	enformer
1523	0.0	0.0	0.0				False	lymph	mid	enformer
1525	0.0	0.0	0.0				False	lymph	mid	enformer
1526	0.0	0.0	0.0				False	lymph	mid	enformer
1527	0.0	0.0	0.0				False	lymph	mid	enformer
1529	0.0	0.0	0.0				False	lymph	mid	enformer
1539	0.0	0.0	0.0				False	lymph	mid	enformer
1543	0.0	0.0	0.0				False	lymph	mid	enformer
1552	0.0	0.0	0.0				False	lymph	mid	enformer
1554	0.0	0.0	0.0				False	lymph	mid	enformer
1556	0.0	0.0	0.0				False	lymph	mid	enformer
1560	0.0	0.0	0.0				False	lymph	mid	enformer
1563	0.0	0.0	0.0				False	lymph	mid	enformer
1564	0.0	0.0	0.0				False	lymph	mid	enformer
1571	0.0	0.0	0.0				False	lymph	mid	enformer
1577	0.0	0.0	0.0				False	lymph	mid	enformer
1583	0.0	0.0	0.0				False	lymph	mid	enformer
1599	0.0	0.0	0.0				False	lymph	mid	enformer
1600	0.0	0.0	0.0				False	lymph	mid	enformer
1601	0.0	0.0	0.0				False	lymph	mid	enformer
1611	0.0	0.0	0.0				False	lymph	mid	enformer
1616	0.0	0.0	0.0				False	lymph	mid	enformer
1623	0.0	0.0	0.0				False	lymph	mid	enformer
1625	0.0	0.0	0.0				False	lymph	mid	enformer
1628	0.0	0.0	0.0				False	lymph	mid	enformer
1629	0.0	0.0	0.0				False	lymph	mid	enformer
1631	0.0	0.0	0.0				False	lymph	mid	enformer
1634	0.0	0.0	0.0				False	lymph	mid	enformer
1636	0.0	0.0	0.0				False	lymph	mid	enformer
1637	0.0	0.0	0.0				False	lymph	mid	enformer
1641	0.0	0.0	0.0				False	lymph	mid	enformer
1645	0.0	0.0	0.0				False	lymph	mid	enformer
1647	0.0	0.0	0.0				False	lymph	mid	enformer
1648	0.0	0.0	0.0				False	lymph	mid	enformer
1651	0.0	0.0	0.0				False	lymph	mid	enformer
1655	0.0	0.0	0.0				False	lymph	mid	enformer
1677	0.0	0.0	0.0				False	lymph	mid	enformer
1681	0.0	0.0	0.0				False	lymph	mid	enformer
1682	0.0	0.0	0.0				False	lymph	mid	enformer
1687	0.0	0.0	0.0				False	lymph	mid	enformer
1695	0.0	0.0	0.0				False	lymph	mid	enformer
1702	0.0	0.0	0.0				False	lymph	mid	enformer
1711	0.0	0.0	0.0				False	lymph	mid	enformer
1713	0.0	0.0	0.0				False	lymph	mid	enformer
1715	0.0	0.0	0.0				False	lymph	mid	enformer
1719	0.0	0.0	0.0				False	lymph	mid	enformer
1724	0.0	0.0	0.0				False	lymph	mid	enformer
1725	0.0	0.0	0.0				False	lymph	mid	enformer
1729	0.0	0.0	0.0				False	lymph	mid	enformer
1732	0.0	0.0	0.0				False	lymph	mid	enformer
1733	0.0	0.0	0.0				False	lymph	mid	enformer
1734	0.0	0.0	0.0				False	lymph	mid	enformer
1737	0.0	0.0	0.0				False	lymph	mid	enformer
1738	0.0	0.0	0.0				False	lymph	mid	enformer
1740	0.0	0.0	0.0				False	lymph	mid	enformer
1744	0.0	0.0	0.0				False	lymph	mid	enformer
1748	0.0	0.0	0.0				False	lymph	mid	enformer
1751	0.0	0.0	0.0				False	lymph	mid	enformer
1753	0.0	0.0	0.0				False	lymph	mid	enformer
1757	0.0	0.0	0.0				False	lymph	mid	enformer
1759	0.0	0.0	0.0				False	lymph	mid	enformer
1761	0.0	0.0	0.0				False	lymph	mid	enformer
1766	0.0	0.0	0.0				False	lymph	mid	enformer
1775	0.0	0.0	0.0				False	lymph	mid	enformer
1780	0.0	0.0	0.0				False	lymph	mid	enformer
1781	0.0	0.0	0.0				False	lymph	mid	enformer
1783	0.0	0.0	0.0				False	lymph	mid	enformer
1791	0.0	0.0	0.0				False	lymph	mid	enformer
1792	0.0	0.0	0.0				False	lymph	mid	enformer
1797	0.0	0.0	0.0				False	lymph	mid	enformer
1799	0.0	0.0	0.0				False	lymph	mid	enformer
1800	0.0	0.0	0.0				False	lymph	mid	enformer
1801	0.0	0.0	0.0				False	lymph	mid	enformer
1807	0.0	0.0	0.0				False	lymph	mid	enformer
1816	0.0	0.0	0.0				False	lymph	mid	enformer
1819	0.0	0.0	0.0				False	lymph	mid	enformer
1823	0.0	0.0	0.0				False	lymph	mid	enformer
1835	0.0	0.0	0.0				False	lymph	mid	enformer
1836	0.0	0.0	0.0				False	lymph	mid	enformer
1839	0.0	0.0	0.0				False	lymph	mid	enformer
1840	0.0	0.0	0.0				False	lymph	mid	enformer
1845	0.0	0.0	0.0				False	lymph	mid	enformer
1850	0.0	0.0	0.0				False	lymph	mid	enformer
1851	0.0	0.0	0.0				False	lymph	mid	enformer
1852	0.0	0.0	0.0				False	lymph	mid	enformer
1854	0.0	0.0	0.0				False	lymph	mid	enformer
1859	0.0	0.0	0.0				False	lymph	mid	enformer
1860	0.0	0.0	0.0				False	lymph	mid	enformer
1864	0.0	0.0	0.0				False	lymph	mid	enformer
1865	0.0	0.0	0.0				False	lymph	mid	enformer
1867	0.0	0.0	0.0				False	lymph	mid	enformer
1870	0.0	0.0	0.0				False	lymph	mid	enformer
1873	0.0	0.0	0.0				False	lymph	mid	enformer
1875	0.0	0.0	0.0				False	lymph	mid	enformer
1877	0.0	0.0	0.0				False	lymph	mid	enformer
1879	0.0	0.0	0.0				False	lymph	mid	enformer
1884	0.0	0.0	0.0				False	lymph	mid	enformer
1885	0.0	0.0	0.0				False	lymph	mid	enformer
1886	0.0	0.0	0.0				False	lymph	mid	enformer
1889	0.0	0.0	0.0				False	lymph	mid	enformer
1894	0.0	0.0	0.0				False	lymph	mid	enformer
1895	0.0	0.0	0.0				False	lymph	mid	enformer
1898	0.0	0.0	0.0				False	lymph	mid	enformer
1907	0.0	0.0	0.0				False	lymph	mid	enformer
1911	0.0	0.0	0.0				False	lymph	mid	enformer
1912	0.0	0.0	0.0				False	lymph	mid	enformer
1923	0.0	0.0	0.0				False	lymph	mid	enformer
1928	0.0	0.0	0.0				False	lymph	mid	enformer
1932	0.0	0.0	0.0				False	lymph	mid	enformer
1933	0.0	0.0	0.0				False	lymph	mid	enformer
1935	0.0	0.0	0.0				False	lymph	mid	enformer
1936	0.0	0.0	0.0				False	lymph	mid	enformer
1937	0.0	0.0	0.0				False	lymph	mid	enformer
1941	0.0	0.0	0.0				False	lymph	mid	enformer
1945	0.0	0.0	0.0				False	lymph	mid	enformer
1948	0.0	0.0	0.0				False	lymph	mid	enformer
1957	0.0	0.0	0.0				False	lymph	mid	enformer
1958	0.0	0.0	0.0				False	lymph	mid	enformer
1959	0.0	0.0	0.0				False	lymph	mid	enformer
1960	0.0	0.0	0.0				False	lymph	mid	enformer
1961	0.0	0.0	0.0				False	lymph	mid	enformer
1962	0.0	0.0	0.0				False	lymph	mid	enformer
1968	0.0	0.0	0.0				False	lymph	mid	enformer
1982	0.0	0.0	0.0				False	lymph	mid	enformer
1983	0.0	0.0	0.0				False	lymph	mid	enformer
1985	0.0	0.0	0.0				False	lymph	mid	enformer
1986	0.0	0.0	0.0				False	lymph	mid	enformer
1989	0.0	0.0	0.0				False	lymph	mid	enformer
1990	0.0	0.0	0.0				False	lymph	mid	enformer
1991	0.0	0.0	0.0				False	lymph	mid	enformer
1993	0.0	0.0	0.0				False	lymph	mid	enformer
2004	0.0	0.0	0.0				False	lymph	mid	enformer
2006	0.0	0.0	0.0				False	lymph	mid	enformer
2008	0.0	0.0	0.0				False	lymph	mid	enformer
2009	0.0	0.0	0.0				False	lymph	mid	enformer
2010	0.0	0.0	0.0				False	lymph	mid	enformer
2012	0.0	0.0	0.0				False	lymph	mid	enformer
2013	0.0	0.0	0.0				False	lymph	mid	enformer
2014	0.0	0.0	0.0				False	lymph	mid	enformer
2017	0.0	0.0	0.0				False	lymph	mid	enformer
2022	0.0	0.0	0.0				False	lymph	mid	enformer
2035	0.0	0.0	0.0				False	lymph	mid	enformer
2038	0.0	0.0	0.0				False	lymph	mid	enformer
2040	0.0	0.0	0.0				False	lymph	mid	enformer
2043	0.0	0.0	0.0				False	lymph	mid	enformer
2051	0.0	0.0	0.0				False	lymph	mid	enformer
2052	0.0	0.0	0.0				False	lymph	mid	enformer
2055	0.0	0.0	0.0				False	lymph	mid	enformer
2060	0.0	0.0	0.0				False	lymph	mid	enformer
2066	0.0	0.0	0.0				False	lymph	mid	enformer
2067	0.0	0.0	0.0				False	lymph	mid	enformer
2071	0.0	0.0	0.0				False	lymph	mid	enformer
2073	0.0	0.0	0.0				False	lymph	mid	enformer
2075	0.0	0.0	0.0				False	lymph	mid	enformer
2085	0.0	0.0	0.0				False	lymph	mid	enformer
2087	0.0	0.0	0.0				False	lymph	mid	enformer
2088	0.0	0.0	0.0				False	lymph	mid	enformer
2089	0.0	0.0	0.0				False	lymph	mid	enformer
2095	0.0	0.0	0.0				False	lymph	mid	enformer
2099	0.0	0.0	0.0				False	lymph	mid	enformer
2100	0.0	0.0	0.0				False	lymph	mid	enformer
2108	0.0	0.0	0.0				False	lymph	mid	enformer
2110	0.0	0.0	0.0				False	lymph	mid	enformer
2114	0.0	0.0	0.0				False	lymph	mid	enformer
2116	0.0	0.0	0.0				False	lymph	mid	enformer
2121	0.0	0.0	0.0				False	lymph	mid	enformer
2123	0.0	0.0	0.0				False	lymph	mid	enformer
2125	0.0	0.0	0.0				False	lymph	mid	enformer
2129	0.0	0.0	0.0				False	lymph	mid	enformer
2133	0.0	0.0	0.0				False	lymph	mid	enformer
2136	0.0	0.0	0.0				False	lymph	mid	enformer
2138	0.0	0.0	0.0				False	lymph	mid	enformer
2139	0.0	0.0	0.0				False	lymph	mid	enformer
2142	0.0	0.0	0.0				False	lymph	mid	enformer
2143	0.0	0.0	0.0				False	lymph	mid	enformer
2145	0.0	0.0	0.0				False	lymph	mid	enformer
2160	0.0	0.0	0.0				False	lymph	mid	enformer
2161	0.0	0.0	0.0				False	lymph	mid	enformer
2164	0.0	0.0	0.0				False	lymph	mid	enformer
2165	0.0	0.0	0.0				False	lymph	mid	enformer
2167	0.0	0.0	0.0				False	lymph	mid	enformer
2172	0.0	0.0	0.0				False	lymph	mid	enformer
2177	0.0	0.0	0.0				False	lymph	mid	enformer
2179	0.0	0.0	0.0				False	lymph	mid	enformer
2180	0.0	0.0	0.0				False	lymph	mid	enformer
2188	0.0	0.0	0.0				False	lymph	mid	enformer
2192	0.0	0.0	0.0				False	lymph	mid	enformer
2194	0.0	0.0	0.0				False	lymph	mid	enformer
2199	0.0	0.0	0.0				False	lymph	mid	enformer
2202	0.0	0.0	0.0				False	lymph	mid	enformer
2212	0.0	0.0	0.0				False	lymph	mid	enformer
2213	0.0	0.0	0.0				False	lymph	mid	enformer
2214	0.0	0.0	0.0				False	lymph	mid	enformer
2216	0.0	0.0	0.0				False	lymph	mid	enformer
2218	0.0	0.0	0.0				False	lymph	mid	enformer
2220	0.0	0.0	0.0				False	lymph	mid	enformer
2221	0.0	0.0	0.0				False	lymph	mid	enformer
2222	0.0	0.0	0.0				False	lymph	mid	enformer
2226	0.0	0.0	0.0				False	lymph	mid	enformer
2228	0.0	0.0	0.0				False	lymph	mid	enformer
2239	0.0	0.0	0.0				False	lymph	mid	enformer
2241	0.0	0.0	0.0				False	lymph	mid	enformer
2247	0.0	0.0	0.0				False	lymph	mid	enformer
2248	0.0	0.0	0.0				False	lymph	mid	enformer
2251	0.0	0.0	0.0				False	lymph	mid	enformer
2253	0.0	0.0	0.0				False	lymph	mid	enformer
2254	0.0	0.0	0.0				False	lymph	mid	enformer
2255	0.0	0.0	0.0				False	lymph	mid	enformer
2256	0.0	0.0	0.0				False	lymph	mid	enformer
2257	0.0	0.0	0.0				False	lymph	mid	enformer
2259	0.0	0.0	0.0				False	lymph	mid	enformer
2262	0.0	0.0	0.0				False	lymph	mid	enformer
2268	0.0	0.0	0.0				False	lymph	mid	enformer
2275	0.0	0.0	0.0				False	lymph	mid	enformer
2278	0.0	0.0	0.0				False	lymph	mid	enformer
2287	0.0	0.0	0.0				False	lymph	mid	enformer
2290	0.0	0.0	0.0				False	lymph	mid	enformer
2292	0.0	0.0	0.0				False	lymph	mid	enformer
2298	0.0	0.0	0.0				False	lymph	mid	enformer
2300	0.0	0.0	0.0				False	lymph	mid	enformer
2301	0.0	0.0	0.0				False	lymph	mid	enformer
2303	0.0	0.0	0.0				False	lymph	mid	enformer
2304	0.0	0.0	0.0				False	lymph	mid	enformer
2308	0.0	0.0	0.0				False	lymph	mid	enformer
2311	0.0	0.0	0.0				False	lymph	mid	enformer
2312	0.0	0.0	0.0				False	lymph	mid	enformer
2314	0.0	0.0	0.0				False	lymph	mid	enformer
2315	0.0	0.0	0.0				False	lymph	mid	enformer
2319	0.0	0.0	0.0				False	lymph	mid	enformer
2320	0.0	0.0	0.0				False	lymph	mid	enformer
2322	0.0	0.0	0.0				False	lymph	mid	enformer
2325	0.0	0.0	0.0				False	lymph	mid	enformer
2328	0.0	0.0	0.0				False	lymph	mid	enformer
2338	0.0	0.0	0.0				False	lymph	mid	enformer
2340	0.0	0.0	0.0				False	lymph	mid	enformer
2343	0.0	0.0	0.0				False	lymph	mid	enformer
2344	0.0	0.0	0.0				False	lymph	mid	enformer
2349	0.0	0.0	0.0				False	lymph	mid	enformer
2350	0.0	0.0	0.0				False	lymph	mid	enformer
2352	0.0	0.0	0.0				False	lymph	mid	enformer
2360	0.0	0.0	0.0				False	lymph	mid	enformer
2367	0.0	0.0	0.0				False	lymph	mid	enformer
2372	0.0	0.0	0.0				False	lymph	mid	enformer
2374	0.0	0.0	0.0				False	lymph	mid	enformer
2377	0.0	0.0	0.0				False	lymph	mid	enformer
2379	0.0	0.0	0.0				False	lymph	mid	enformer
2383	0.0	0.0	0.0				False	lymph	mid	enformer
2384	0.0	0.0	0.0				False	lymph	mid	enformer
2385	0.0	0.0	0.0				False	lymph	mid	enformer
2388	0.0	0.0	0.0				False	lymph	mid	enformer
2389	0.0	0.0	0.0				False	lymph	mid	enformer
2390	0.0	0.0	0.0				False	lymph	mid	enformer
2392	0.0	0.0	0.0				False	lymph	mid	enformer
2393	0.0	0.0	0.0				False	lymph	mid	enformer
2401	0.0	0.0	0.0				False	lymph	mid	enformer
2409	0.0	0.0	0.0				False	lymph	mid	enformer
2410	0.0	0.0	0.0				False	lymph	mid	enformer
2419	0.0	0.0	0.0				False	lymph	mid	enformer
2420	0.0	0.0	0.0				False	lymph	mid	enformer
2421	0.0	0.0	0.0				False	lymph	mid	enformer
2425	0.0	0.0	0.0				False	lymph	mid	enformer
2429	0.0	0.0	0.0				False	lymph	mid	enformer
2436	0.0	0.0	0.0				False	lymph	mid	enformer
2438	0.0	0.0	0.0				False	lymph	mid	enformer
2441	0.0	0.0	0.0				False	lymph	mid	enformer
2443	0.0	0.0	0.0				False	lymph	mid	enformer
2446	0.0	0.0	0.0				False	lymph	mid	enformer
2451	0.0	0.0	0.0				False	lymph	mid	enformer
2459	0.0	0.0	0.0				False	lymph	mid	enformer
2461	0.0	0.0	0.0				False	lymph	mid	enformer
2464	0.0	0.0	0.0				False	lymph	mid	enformer
2467	0.0	0.0	0.0				False	lymph	mid	enformer
2469	0.0	0.0	0.0				False	lymph	mid	enformer
2473	0.0	0.0	0.0				False	lymph	mid	enformer
2476	0.0	0.0	0.0				False	lymph	mid	enformer
2477	0.0	0.0	0.0				False	lymph	mid	enformer
2480	0.0	0.0	0.0				False	lymph	mid	enformer
2491	0.0	0.0	0.0				False	lymph	mid	enformer
2492	0.0	0.0	0.0				False	lymph	mid	enformer
2499	0.0	0.0	0.0				False	lymph	mid	enformer
2508	0.0	0.0	0.0				False	lymph	mid	enformer
2521	0.0	0.0	0.0				False	lymph	mid	enformer
2523	0.0	0.0	0.0				False	lymph	mid	enformer
2528	0.0	0.0	0.0				False	lymph	mid	enformer
2533	0.0	0.0	0.0				False	lymph	mid	enformer
2534	0.0	0.0	0.0				False	lymph	mid	enformer
2535	0.0	0.0	0.0				False	lymph	mid	enformer
2537	0.0	0.0	0.0				False	lymph	mid	enformer
2539	0.0	0.0	0.0				False	lymph	mid	enformer
2541	0.0	0.0	0.0				False	lymph	mid	enformer
2548	0.0	0.0	0.0				False	lymph	mid	enformer
2550	0.0	0.0	0.0				False	lymph	mid	enformer
2551	0.0	0.0	0.0				False	lymph	mid	enformer
2552	0.0	0.0	0.0				False	lymph	mid	enformer
2555	0.0	0.0	0.0				False	lymph	mid	enformer
2557	0.0	0.0	0.0				False	lymph	mid	enformer
2558	0.0	0.0	0.0				False	lymph	mid	enformer
2563	0.0	0.0	0.0				False	lymph	mid	enformer
2566	0.0	0.0	0.0				False	lymph	mid	enformer
2568	0.0	0.0	0.0				False	lymph	mid	enformer
2569	0.0	0.0	0.0				False	lymph	mid	enformer
2570	0.0	0.0	0.0				False	lymph	mid	enformer
2571	0.0	0.0	0.0				False	lymph	mid	enformer
2580	0.0	0.0	0.0				False	lymph	mid	enformer
2583	0.0	0.0	0.0				False	lymph	mid	enformer
2585	0.0	0.0	0.0				False	lymph	mid	enformer
2589	0.0	0.0	0.0				False	lymph	mid	enformer
2590	0.0	0.0	0.0				False	lymph	mid	enformer
2592	0.0	0.0	0.0				False	lymph	mid	enformer
2593	0.0	0.0	0.0				False	lymph	mid	enformer
2595	0.0	0.0	0.0				False	lymph	mid	enformer
2601	0.0	0.0	0.0				False	lymph	mid	enformer
2602	0.0	0.0	0.0				False	lymph	mid	enformer
2607	0.0	0.0	0.0				False	lymph	mid	enformer
2610	0.0	0.0	0.0				False	lymph	mid	enformer
2612	0.0	0.0	0.0				False	lymph	mid	enformer
2613	0.0	0.0	0.0				False	lymph	mid	enformer
2615	0.0	0.0	0.0				False	lymph	mid	enformer
2616	0.0	0.0	0.0				False	lymph	mid	enformer
2620	0.0	0.0	0.0				False	lymph	mid	enformer
2622	0.0	0.0	0.0				False	lymph	mid	enformer
2628	0.0	0.0	0.0				False	lymph	mid	enformer
2633	0.0	0.0	0.0				False	lymph	mid	enformer
2634	0.0	0.0	0.0				False	lymph	mid	enformer
2635	0.0	0.0	0.0				False	lymph	mid	enformer
2640	0.0	0.0	0.0				False	lymph	mid	enformer
2641	0.0	0.0	0.0				False	lymph	mid	enformer
2645	0.0	0.0	0.0				False	lymph	mid	enformer
2653	0.0	0.0	0.0				False	lymph	mid	enformer
2657	0.0	0.0	0.0				False	lymph	mid	enformer
2658	0.0	0.0	0.0				False	lymph	mid	enformer
2661	0.0	0.0	0.0				False	lymph	mid	enformer
2662	0.0	0.0	0.0				False	lymph	mid	enformer
2667	0.0	0.0	0.0				False	lymph	mid	enformer
2669	0.0	0.0	0.0				False	lymph	mid	enformer
2673	0.0	0.0	0.0				False	lymph	mid	enformer
2676	0.0	0.0	0.0				False	lymph	mid	enformer
2678	0.0	0.0	0.0				False	lymph	mid	enformer
2680	0.0	0.0	0.0				False	lymph	mid	enformer
2691	0.0	0.0	0.0				False	lymph	mid	enformer
2692	0.0	0.0	0.0				False	lymph	mid	enformer
2701	0.0	0.0	0.0				False	lymph	mid	enformer
2703	0.0	0.0	0.0				False	lymph	mid	enformer
2713	0.0	0.0	0.0				False	lymph	mid	enformer
2717	0.0	0.0	0.0				False	lymph	mid	enformer
2720	0.0	0.0	0.0				False	lymph	mid	enformer
2722	0.0	0.0	0.0				False	lymph	mid	enformer
2723	0.0	0.0	0.0				False	lymph	mid	enformer
2725	0.0	0.0	0.0				False	lymph	mid	enformer
2727	0.0	0.0	0.0				False	lymph	mid	enformer
2728	0.0	0.0	0.0				False	lymph	mid	enformer
2733	0.0	0.0	0.0				False	lymph	mid	enformer
2734	0.0	0.0	0.0				False	lymph	mid	enformer
2738	0.0	0.0	0.0				False	lymph	mid	enformer
2739	0.0	0.0	0.0				False	lymph	mid	enformer
2748	0.0	0.0	0.0				False	lymph	mid	enformer
2753	0.0	0.0	0.0				False	lymph	mid	enformer
2755	0.0	0.0	0.0				False	lymph	mid	enformer
2758	0.0	0.0	0.0				False	lymph	mid	enformer
2770	0.0	0.0	0.0				False	lymph	mid	enformer
2777	0.0	0.0	0.0				False	lymph	mid	enformer
2778	0.0	0.0	0.0				False	lymph	mid	enformer
2781	0.0	0.0	0.0				False	lymph	mid	enformer
2787	0.0	0.0	0.0				False	lymph	mid	enformer
2794	0.0	0.0	0.0				False	lymph	mid	enformer
2798	0.0	0.0	0.0				False	lymph	mid	enformer
2803	0.0	0.0	0.0				False	lymph	mid	enformer
2808	0.0	0.0	0.0				False	lymph	mid	enformer
2812	0.0	0.0	0.0				False	lymph	mid	enformer
2819	0.0	0.0	0.0				False	lymph	mid	enformer
2821	0.0	0.0	0.0				False	lymph	mid	enformer
2832	0.0	0.0	0.0				False	lymph	mid	enformer
2838	0.0	0.0	0.0				False	lymph	mid	enformer
2839	0.0	0.0	0.0				False	lymph	mid	enformer
2840	0.0	0.0	0.0				False	lymph	mid	enformer
2842	0.0	0.0	0.0				False	lymph	mid	enformer
2846	0.0	0.0	0.0				False	lymph	mid	enformer
2853	0.0	0.0	0.0				False	lymph	mid	enformer
2857	0.0	0.0	0.0				False	lymph	mid	enformer
2860	0.0	0.0	0.0				False	lymph	mid	enformer
2863	0.0	0.0	0.0				False	lymph	mid	enformer
2865	0.0	0.0	0.0				False	lymph	mid	enformer
2871	0.0	0.0	0.0				False	lymph	mid	enformer
2877	0.0	0.0	0.0				False	lymph	mid	enformer
2881	0.0	0.0	0.0				False	lymph	mid	enformer
2883	0.0	0.0	0.0				False	lymph	mid	enformer
2888	0.0	0.0	0.0				False	lymph	mid	enformer
2889	0.0	0.0	0.0				False	lymph	mid	enformer
2892	0.0	0.0	0.0				False	lymph	mid	enformer
2900	0.0	0.0	0.0				False	lymph	mid	enformer
2902	0.0	0.0	0.0				False	lymph	mid	enformer
2908	0.0	0.0	0.0				False	lymph	mid	enformer
2910	0.0	0.0	0.0				False	lymph	mid	enformer
2912	0.0	0.0	0.0				False	lymph	mid	enformer
2915	0.0	0.0	0.0				False	lymph	mid	enformer
2916	0.0	0.0	0.0				False	lymph	mid	enformer
2924	0.0	0.0	0.0				False	lymph	mid	enformer
2927	0.0	0.0	0.0				False	lymph	mid	enformer
2947	0.0	0.0	0.0				False	lymph	mid	enformer
2950	0.0	0.0	0.0				False	lymph	mid	enformer
2960	0.0	0.0	0.0				False	lymph	mid	enformer
2961	0.0	0.0	0.0				False	lymph	mid	enformer
2962	0.0	0.0	0.0				False	lymph	mid	enformer
2963	0.0	0.0	0.0				False	lymph	mid	enformer
2964	0.0	0.0	0.0				False	lymph	mid	enformer
2967	0.0	0.0	0.0				False	lymph	mid	enformer
2975	0.0	0.0	0.0				False	lymph	mid	enformer
2976	0.0	0.0	0.0				False	lymph	mid	enformer
2978	0.0	0.0	0.0				False	lymph	mid	enformer
2980	0.0	0.0	0.0				False	lymph	mid	enformer
2981	0.0	0.0	0.0				False	lymph	mid	enformer
2982	0.0	0.0	0.0				False	lymph	mid	enformer
2988	0.0	0.0	0.0				False	lymph	mid	enformer
2989	0.0	0.0	0.0				False	lymph	mid	enformer
2990	0.0	0.0	0.0				False	lymph	mid	enformer
2995	0.0	0.0	0.0				False	lymph	mid	enformer
2998	0.0	0.0	0.0				False	lymph	mid	enformer
3000	0.0	0.0	0.0				False	lymph	mid	enformer
3001	0.0	0.0	0.0				False	lymph	mid	enformer
3009	0.0	0.0	0.0				False	lymph	mid	enformer
3020	0.0	0.0	0.0				False	lymph	mid	enformer
3021	0.0	0.0	0.0				False	lymph	mid	enformer
3022	0.0	0.0	0.0				False	lymph	mid	enformer
3023	0.0	0.0	0.0				False	lymph	mid	enformer
3027	0.0	0.0	0.0				False	lymph	mid	enformer
3028	0.0	0.0	0.0				False	lymph	mid	enformer
3029	0.0	0.0	0.0				False	lymph	mid	enformer
3035	0.0	0.0	0.0				False	lymph	mid	enformer
3036	0.0	0.0	0.0				False	lymph	mid	enformer
3038	0.0	0.0	0.0				False	lymph	mid	enformer
3040	0.0	0.0	0.0				False	lymph	mid	enformer
3041	0.0	0.0	0.0				False	lymph	mid	enformer
3043	0.0	0.0	0.0				False	lymph	mid	enformer
3044	0.0	0.0	0.0				False	lymph	mid	enformer
3048	0.0	0.0	0.0				False	lymph	mid	enformer
3050	0.0	0.0	0.0				False	lymph	mid	enformer
3051	0.0	0.0	0.0				False	lymph	mid	enformer
3053	0.0	0.0	0.0				False	lymph	mid	enformer
3057	0.0	0.0	0.0				False	lymph	mid	enformer
3059	0.0	0.0	0.0				False	lymph	mid	enformer
3063	0.0	0.0	0.0				False	lymph	mid	enformer
3064	0.0	0.0	0.0				False	lymph	mid	enformer
3066	0.0	0.0	0.0				False	lymph	mid	enformer
3070	0.0	0.0	0.0				False	lymph	mid	enformer
3072	0.0	0.0	0.0				False	lymph	mid	enformer
3075	0.0	0.0	0.0				False	lymph	mid	enformer
3079	0.0	0.0	0.0				False	lymph	mid	enformer
3080	0.0	0.0	0.0				False	lymph	mid	enformer
3081	0.0	0.0	0.0				False	lymph	mid	enformer
3082	0.0	0.0	0.0				False	lymph	mid	enformer
3083	0.0	0.0	0.0				False	lymph	mid	enformer
3091	0.0	0.0	0.0				False	lymph	mid	enformer
3093	0.0	0.0	0.0				False	lymph	mid	enformer
3096	0.0	0.0	0.0				False	lymph	mid	enformer
3098	0.0	0.0	0.0				False	lymph	mid	enformer
3099	0.0	0.0	0.0				False	lymph	mid	enformer
3100	0.0	0.0	0.0				False	lymph	mid	enformer
3102	0.0	0.0	0.0				False	lymph	mid	enformer
3106	0.0	0.0	0.0				False	lymph	mid	enformer
3109	0.0	0.0	0.0				False	lymph	mid	enformer
3112	0.0	0.0	0.0				False	lymph	mid	enformer
3114	0.0	0.0	0.0				False	lymph	mid	enformer
3121	0.0	0.0	0.0				False	lymph	mid	enformer
3126	0.0	0.0	0.0				False	lymph	mid	enformer
3138	0.0	0.0	0.0				False	lymph	mid	enformer
3141	0.0	0.0	0.0				False	lymph	mid	enformer
3143	0.0	0.0	0.0				False	lymph	mid	enformer
3144	0.0	0.0	0.0				False	lymph	mid	enformer
3146	0.0	0.0	0.0				False	lymph	mid	enformer
3151	0.0	0.0	0.0				False	lymph	mid	enformer
3153	0.0	0.0	0.0				False	lymph	mid	enformer
3157	0.0	0.0	0.0				False	lymph	mid	enformer
3160	0.0	0.0	0.0				False	lymph	mid	enformer
3161	0.0	0.0	0.0				False	lymph	mid	enformer
3167	0.0	0.0	0.0				False	lymph	mid	enformer
3179	0.0	0.0	0.0				False	lymph	mid	enformer
3186	0.0	0.0	0.0				False	lymph	mid	enformer
3187	0.0	0.0	0.0				False	lymph	mid	enformer
3190	0.0	0.0	0.0				False	lymph	mid	enformer
3192	0.0	0.0	0.0				False	lymph	mid	enformer
3193	0.0	0.0	0.0				False	lymph	mid	enformer
3195	0.0	0.0	0.0				False	lymph	mid	enformer
3198	0.0	0.0	0.0				False	lymph	mid	enformer
3199	0.0	0.0	0.0				False	lymph	mid	enformer
3203	0.0	0.0	0.0				False	lymph	mid	enformer
3206	0.0	0.0	0.0				False	lymph	mid	enformer
3209	0.0	0.0	0.0				False	lymph	mid	enformer
3216	0.0	0.0	0.0				False	lymph	mid	enformer
3218	0.0	0.0	0.0				False	lymph	mid	enformer
3220	0.0	0.0	0.0				False	lymph	mid	enformer
3222	0.0	0.0	0.0				False	lymph	mid	enformer
3224	0.0	0.0	0.0				False	lymph	mid	enformer
3225	0.0	0.0	0.0				False	lymph	mid	enformer
3226	0.0	0.0	0.0				False	lymph	mid	enformer
3229	0.0	0.0	0.0				False	lymph	mid	enformer
3230	0.0	0.0	0.0				False	lymph	mid	enformer
3231	0.0	0.0	0.0				False	lymph	mid	enformer
3235	0.0	0.0	0.0				False	lymph	mid	enformer
3237	0.0	0.0	0.0				False	lymph	mid	enformer
3242	0.0	0.0	0.0				False	lymph	mid	enformer
3243	0.0	0.0	0.0				False	lymph	mid	enformer
3245	0.0	0.0	0.0				False	lymph	mid	enformer
3248	0.0	0.0	0.0				False	lymph	mid	enformer
3249	0.0	0.0	0.0				False	lymph	mid	enformer
3250	0.0	0.0	0.0				False	lymph	mid	enformer
3260	0.0	0.0	0.0				False	lymph	mid	enformer
3265	0.0	0.0	0.0				False	lymph	mid	enformer
3275	0.0	0.0	0.0				False	lymph	mid	enformer
3277	0.0	0.0	0.0				False	lymph	mid	enformer
3278	0.0	0.0	0.0				False	lymph	mid	enformer
3284	0.0	0.0	0.0				False	lymph	mid	enformer
3286	0.0	0.0	0.0				False	lymph	mid	enformer
3289	0.0	0.0	0.0				False	lymph	mid	enformer
3296	0.0	0.0	0.0				False	lymph	mid	enformer
3324	0.0	0.0	0.0				False	lymph	mid	enformer
3327	0.0	0.0	0.0				False	lymph	mid	enformer
3341	0.0	0.0	0.0				False	lymph	mid	enformer
3343	0.0	0.0	0.0				False	lymph	mid	enformer
3344	0.0	0.0	0.0				False	lymph	mid	enformer
3347	0.0	0.0	0.0				False	lymph	mid	enformer
3349	0.0	0.0	0.0				False	lymph	mid	enformer
3352	0.0	0.0	0.0				False	lymph	mid	enformer
3355	0.0	0.0	0.0				False	lymph	mid	enformer
3358	0.0	0.0	0.0				False	lymph	mid	enformer
3359	0.0	0.0	0.0				False	lymph	mid	enformer
3366	0.0	0.0	0.0				False	lymph	mid	enformer
3367	0.0	0.0	0.0				False	lymph	mid	enformer
3380	0.0	0.0	0.0				False	lymph	mid	enformer
3381	0.0	0.0	0.0				False	lymph	mid	enformer
3384	0.0	0.0	0.0				False	lymph	mid	enformer
3387	0.0	0.0	0.0				False	lymph	mid	enformer
3392	0.0	0.0	0.0				False	lymph	mid	enformer
3393	0.0	0.0	0.0				False	lymph	mid	enformer
3394	0.0	0.0	0.0				False	lymph	mid	enformer
3395	0.0	0.0	0.0				False	lymph	mid	enformer
3396	0.0	0.0	0.0				False	lymph	mid	enformer
3403	0.0	0.0	0.0				False	lymph	mid	enformer
3406	0.0	0.0	0.0				False	lymph	mid	enformer
3408	0.0	0.0	0.0				False	lymph	mid	enformer
3410	0.0	0.0	0.0				False	lymph	mid	enformer
3411	0.0	0.0	0.0				False	lymph	mid	enformer
3417	0.0	0.0	0.0				False	lymph	mid	enformer
3418	0.0	0.0	0.0				False	lymph	mid	enformer
3420	0.0	0.0	0.0				False	lymph	mid	enformer
3423	0.0	0.0	0.0				False	lymph	mid	enformer
3425	0.0	0.0	0.0				False	lymph	mid	enformer
3426	0.0	0.0	0.0				False	lymph	mid	enformer
3428	0.0	0.0	0.0				False	lymph	mid	enformer
3431	0.0	0.0	0.0				False	lymph	mid	enformer
3435	0.0	0.0	0.0				False	lymph	mid	enformer
3436	0.0	0.0	0.0				False	lymph	mid	enformer
3439	0.0	0.0	0.0				False	lymph	mid	enformer
3440	0.0	0.0	0.0				False	lymph	mid	enformer
3442	0.0	0.0	0.0				False	lymph	mid	enformer
3450	0.0	0.0	0.0				False	lymph	mid	enformer
3451	0.0	0.0	0.0				False	lymph	mid	enformer
3453	0.0	0.0	0.0				False	lymph	mid	enformer
3466	0.0	0.0	0.0				False	lymph	mid	enformer
3467	0.0	0.0	0.0				False	lymph	mid	enformer
3468	0.0	0.0	0.0				False	lymph	mid	enformer
3476	0.0	0.0	0.0				False	lymph	mid	enformer
3485	0.0	0.0	0.0				False	lymph	mid	enformer
3487	0.0	0.0	0.0				False	lymph	mid	enformer
3488	0.0	0.0	0.0				False	lymph	mid	enformer
3495	0.0	0.0	0.0				False	lymph	mid	enformer
3499	0.0	0.0	0.0				False	lymph	mid	enformer
3502	0.0	0.0	0.0				False	lymph	mid	enformer
3508	0.0	0.0	0.0				False	lymph	mid	enformer
3511	0.0	0.0	0.0				False	lymph	mid	enformer
3513	0.0	0.0	0.0				False	lymph	mid	enformer
3523	0.0	0.0	0.0				False	lymph	mid	enformer
3528	0.0	0.0	0.0				False	lymph	mid	enformer
3531	0.0	0.0	0.0				False	lymph	mid	enformer
3532	0.0	0.0	0.0				False	lymph	mid	enformer
3533	0.0	0.0	0.0				False	lymph	mid	enformer
3534	0.0	0.0	0.0				False	lymph	mid	enformer
3535	0.0	0.0	0.0				False	lymph	mid	enformer
3537	0.0	0.0	0.0				False	lymph	mid	enformer
3539	0.0	0.0	0.0				False	lymph	mid	enformer
3545	0.0	0.0	0.0				False	lymph	mid	enformer
3546	0.0	0.0	0.0				False	lymph	mid	enformer
3551	0.0	0.0	0.0				False	lymph	mid	enformer
3552	0.0	0.0	0.0				False	lymph	mid	enformer
3554	0.0	0.0	0.0				False	lymph	mid	enformer
3557	0.0	0.0	0.0				False	lymph	mid	enformer
3562	0.0	0.0	0.0				False	lymph	mid	enformer
3566	0.0	0.0	0.0				False	lymph	mid	enformer
3567	0.0	0.0	0.0				False	lymph	mid	enformer
3575	0.0	0.0	0.0				False	lymph	mid	enformer
3577	0.0	0.0	0.0				False	lymph	mid	enformer
3585	0.0	0.0	0.0				False	lymph	mid	enformer
3596	0.0	0.0	0.0				False	lymph	mid	enformer
3599	0.0	0.0	0.0				False	lymph	mid	enformer
3600	0.0	0.0	0.0				False	lymph	mid	enformer
3603	0.0	0.0	0.0				False	lymph	mid	enformer
3616	0.0	0.0	0.0				False	lymph	mid	enformer
3620	0.0	0.0	0.0				False	lymph	mid	enformer
3621	0.0	0.0	0.0				False	lymph	mid	enformer
3622	0.0	0.0	0.0				False	lymph	mid	enformer
3630	0.0	0.0	0.0				False	lymph	mid	enformer
3631	0.0	0.0	0.0				False	lymph	mid	enformer
3632	0.0	0.0	0.0				False	lymph	mid	enformer
3637	0.0	0.0	0.0				False	lymph	mid	enformer
3640	0.0	0.0	0.0				False	lymph	mid	enformer
3644	0.0	0.0	0.0				False	lymph	mid	enformer
3647	0.0	0.0	0.0				False	lymph	mid	enformer
3651	0.0	0.0	0.0				False	lymph	mid	enformer
3653	0.0	0.0	0.0				False	lymph	mid	enformer
3658	0.0	0.0	0.0				False	lymph	mid	enformer
3674	0.0	0.0	0.0				False	lymph	mid	enformer
3675	0.0	0.0	0.0				False	lymph	mid	enformer
3678	0.0	0.0	0.0				False	lymph	mid	enformer
3681	0.0	0.0	0.0				False	lymph	mid	enformer
3685	0.0	0.0	0.0				False	lymph	mid	enformer
3692	0.0	0.0	0.0				False	lymph	mid	enformer
3695	0.0	0.0	0.0				False	lymph	mid	enformer
3697	0.0	0.0	0.0				False	lymph	mid	enformer
3704	0.0	0.0	0.0				False	lymph	mid	enformer
3709	0.0	0.0	0.0				False	lymph	mid	enformer
3712	0.0	0.0	0.0				False	lymph	mid	enformer
3713	0.0	0.0	0.0				False	lymph	mid	enformer
3716	0.0	0.0	0.0				False	lymph	mid	enformer
3719	0.0	0.0	0.0				False	lymph	mid	enformer
3723	0.0	0.0	0.0				False	lymph	mid	enformer
3725	0.0	0.0	0.0				False	lymph	mid	enformer
3727	0.0	0.0	0.0				False	lymph	mid	enformer
3729	0.0	0.0	0.0				False	lymph	mid	enformer
3732	0.0	0.0	0.0				False	lymph	mid	enformer
3742	0.0	0.0	0.0				False	lymph	mid	enformer
3749	0.0	0.0	0.0				False	lymph	mid	enformer
3750	0.0	0.0	0.0				False	lymph	mid	enformer
3753	0.0	0.0	0.0				False	lymph	mid	enformer
3755	0.0	0.0	0.0				False	lymph	mid	enformer
3761	0.0	0.0	0.0				False	lymph	mid	enformer
3766	0.0	0.0	0.0				False	lymph	mid	enformer
3767	0.0	0.0	0.0				False	lymph	mid	enformer
3773	0.0	0.0	0.0				False	lymph	mid	enformer
3776	0.0	0.0	0.0				False	lymph	mid	enformer
3777	0.0	0.0	0.0				False	lymph	mid	enformer
3778	0.0	0.0	0.0				False	lymph	mid	enformer
3781	0.0	0.0	0.0				False	lymph	mid	enformer
3784	0.0	0.0	0.0				False	lymph	mid	enformer
3785	0.0	0.0	0.0				False	lymph	mid	enformer
3787	0.0	0.0	0.0				False	lymph	mid	enformer
3788	0.0	0.0	0.0				False	lymph	mid	enformer
3789	0.0	0.0	0.0				False	lymph	mid	enformer
3798	0.0	0.0	0.0				False	lymph	mid	enformer
3803	0.0	0.0	0.0				False	lymph	mid	enformer
3804	0.0	0.0	0.0				False	lymph	mid	enformer
3807	0.0	0.0	0.0				False	lymph	mid	enformer
3808	0.0	0.0	0.0				False	lymph	mid	enformer
3809	0.0	0.0	0.0				False	lymph	mid	enformer
3810	0.0	0.0	0.0				False	lymph	mid	enformer
3814	0.0	0.0	0.0				False	lymph	mid	enformer
3818	0.0	0.0	0.0				False	lymph	mid	enformer
3819	0.0	0.0	0.0				False	lymph	mid	enformer
3825	0.0	0.0	0.0				False	lymph	mid	enformer
3828	0.0	0.0	0.0				False	lymph	mid	enformer
3831	0.0	0.0	0.0				False	lymph	mid	enformer
3832	0.0	0.0	0.0				False	lymph	mid	enformer
3833	0.0	0.0	0.0				False	lymph	mid	enformer
3834	0.0	0.0	0.0				False	lymph	mid	enformer
3837	0.0	0.0	0.0				False	lymph	mid	enformer
3840	0.0	0.0	0.0				False	lymph	mid	enformer
3841	0.0	0.0	0.0				False	lymph	mid	enformer
3848	0.0	0.0	0.0				False	lymph	mid	enformer
3850	0.0	0.0	0.0				False	lymph	mid	enformer
3854	0.0	0.0	0.0				False	lymph	mid	enformer
3855	0.0	0.0	0.0				False	lymph	mid	enformer
3860	0.0	0.0	0.0				False	lymph	mid	enformer
3861	0.0	0.0	0.0				False	lymph	mid	enformer
3865	0.0	0.0	0.0				False	lymph	mid	enformer
3868	0.0	0.0	0.0				False	lymph	mid	enformer
3873	0.0	0.0	0.0				False	lymph	mid	enformer
3883	0.0	0.0	0.0				False	lymph	mid	enformer
3888	0.0	0.0	0.0				False	lymph	mid	enformer
3892	0.0	0.0	0.0				False	lymph	mid	enformer
3895	0.0	0.0	0.0				False	lymph	mid	enformer
3896	0.0	0.0	0.0				False	lymph	mid	enformer
3901	0.0	0.0	0.0				False	lymph	mid	enformer
3903	0.0	0.0	0.0				False	lymph	mid	enformer
3909	0.0	0.0	0.0				False	lymph	mid	enformer
3912	0.0	0.0	0.0				False	lymph	mid	enformer
3913	0.0	0.0	0.0				False	lymph	mid	enformer
3917	0.0	0.0	0.0				False	lymph	mid	enformer
3918	0.0	0.0	0.0				False	lymph	mid	enformer
3919	0.0	0.0	0.0				False	lymph	mid	enformer
3920	0.0	0.0	0.0				False	lymph	mid	enformer
3922	0.0	0.0	0.0				False	lymph	mid	enformer
3925	0.0	0.0	0.0				False	lymph	mid	enformer
3927	0.0	0.0	0.0				False	lymph	mid	enformer
3929	0.0	0.0	0.0				False	lymph	mid	enformer
3930	0.0	0.0	0.0				False	lymph	mid	enformer
3931	0.0	0.0	0.0				False	lymph	mid	enformer
3936	0.0	0.0	0.0				False	lymph	mid	enformer
3943	0.0	0.0	0.0				False	lymph	mid	enformer
3947	0.0	0.0	0.0				False	lymph	mid	enformer
3949	0.0	0.0	0.0				False	lymph	mid	enformer
3951	0.0	0.0	0.0				False	lymph	mid	enformer
3959	0.0	0.0	0.0				False	lymph	mid	enformer
3961	0.0	0.0	0.0				False	lymph	mid	enformer
3963	0.0	0.0	0.0				False	lymph	mid	enformer
3965	0.0	0.0	0.0				False	lymph	mid	enformer
3970	0.0	0.0	0.0				False	lymph	mid	enformer
3975	0.0	0.0	0.0				False	lymph	mid	enformer
3978	0.0	0.0	0.0				False	lymph	mid	enformer
3984	0.0	0.0	0.0				False	lymph	mid	enformer
3986	0.0	0.0	0.0				False	lymph	mid	enformer
3989	0.0	0.0	0.0				False	lymph	mid	enformer
3990	0.0	0.0	0.0				False	lymph	mid	enformer
3995	0.0	0.0	0.0				False	lymph	mid	enformer
4002	0.0	0.0	0.0				False	lymph	mid	enformer
4008	0.0	0.0	0.0				False	lymph	mid	enformer
4009	0.0	0.0	0.0				False	lymph	mid	enformer
4010	0.0	0.0	0.0				False	lymph	mid	enformer
4020	0.0	0.0	0.0				False	lymph	mid	enformer
4024	0.0	0.0	0.0				False	lymph	mid	enformer
4026	0.0	0.0	0.0				False	lymph	mid	enformer
4030	0.0	0.0	0.0				False	lymph	mid	enformer
4036	0.0	0.0	0.0				False	lymph	mid	enformer
4042	0.0	0.0	0.0				False	lymph	mid	enformer
4045	0.0	0.0	0.0				False	lymph	mid	enformer
4050	0.0	0.0	0.0				False	lymph	mid	enformer
4056	0.0	0.0	0.0				False	lymph	mid	enformer
4059	0.0	0.0	0.0				False	lymph	mid	enformer
4060	0.0	0.0	0.0				False	lymph	mid	enformer
4065	0.0	0.0	0.0				False	lymph	mid	enformer
4068	0.0	0.0	0.0				False	lymph	mid	enformer
4078	0.0	0.0	0.0				False	lymph	mid	enformer
4080	0.0	0.0	0.0				False	lymph	mid	enformer
4081	0.0	0.0	0.0				False	lymph	mid	enformer
4085	0.0	0.0	0.0				False	lymph	mid	enformer
4093	0.0	0.0	0.0				False	lymph	mid	enformer
4095	0.0	0.0	0.0				False	lymph	mid	enformer
4096	0.0	0.0	0.0				False	lymph	mid	enformer
4124	0.0	0.0	0.0				False	lymph	mid	enformer
4126	0.0	0.0	0.0				False	lymph	mid	enformer
4134	0.0	0.0	0.0				False	lymph	mid	enformer
4138	0.0	0.0	0.0				False	lymph	mid	enformer
4141	0.0	0.0	0.0				False	lymph	mid	enformer
4142	0.0	0.0	0.0				False	lymph	mid	enformer
4149	0.0	0.0	0.0				False	lymph	mid	enformer
4150	0.0	0.0	0.0				False	lymph	mid	enformer
4151	0.0	0.0	0.0				False	lymph	mid	enformer
4153	0.0	0.0	0.0				False	lymph	mid	enformer
4158	0.0	0.0	0.0				False	lymph	mid	enformer
4165	0.0	0.0	0.0				False	lymph	mid	enformer
4173	0.0	0.0	0.0				False	lymph	mid	enformer
4177	0.0	0.0	0.0				False	lymph	mid	enformer
4178	0.0	0.0	0.0				False	lymph	mid	enformer
4191	0.0	0.0	0.0				False	lymph	mid	enformer
4195	0.0	0.0	0.0				False	lymph	mid	enformer
4197	0.0	0.0	0.0				False	lymph	mid	enformer
4199	0.0	0.0	0.0				False	lymph	mid	enformer
4204	0.0	0.0	0.0				False	lymph	mid	enformer
4206	0.0	0.0	0.0				False	lymph	mid	enformer
4209	0.0	0.0	0.0				False	lymph	mid	enformer
4211	0.0	0.0	0.0				False	lymph	mid	enformer
4214	0.0	0.0	0.0				False	lymph	mid	enformer
4216	0.0	0.0	0.0				False	lymph	mid	enformer
4218	0.0	0.0	0.0				False	lymph	mid	enformer
4221	0.0	0.0	0.0				False	lymph	mid	enformer
4222	0.0	0.0	0.0				False	lymph	mid	enformer
4224	0.0	0.0	0.0				False	lymph	mid	enformer
4226	0.0	0.0	0.0				False	lymph	mid	enformer
4228	0.0	0.0	0.0				False	lymph	mid	enformer
4231	0.0	0.0	0.0				False	lymph	mid	enformer
4236	0.0	0.0	0.0				False	lymph	mid	enformer
4242	0.0	0.0	0.0				False	lymph	mid	enformer
4244	0.0	0.0	0.0				False	lymph	mid	enformer
4245	0.0	0.0	0.0				False	lymph	mid	enformer
4246	0.0	0.0	0.0				False	lymph	mid	enformer
4247	0.0	0.0	0.0				False	lymph	mid	enformer
4248	0.0	0.0	0.0				False	lymph	mid	enformer
4252	0.0	0.0	0.0				False	lymph	mid	enformer
4256	0.0	0.0	0.0				False	lymph	mid	enformer
4259	0.0	0.0	0.0				False	lymph	mid	enformer
4261	0.0	0.0	0.0				False	lymph	mid	enformer
4264	0.0	0.0	0.0				False	lymph	mid	enformer
4265	0.0	0.0	0.0				False	lymph	mid	enformer
4267	0.0	0.0	0.0				False	lymph	mid	enformer
4268	0.0	0.0	0.0				False	lymph	mid	enformer
4271	0.0	0.0	0.0				False	lymph	mid	enformer
4276	0.0	0.0	0.0				False	lymph	mid	enformer
4292	0.0	0.0	0.0				False	lymph	mid	enformer
4299	0.0	0.0	0.0				False	lymph	mid	enformer
4300	0.0	0.0	0.0				False	lymph	mid	enformer
4301	0.0	0.0	0.0				False	lymph	mid	enformer
4304	0.0	0.0	0.0				False	lymph	mid	enformer
4312	0.0	0.0	0.0				False	lymph	mid	enformer
4314	0.0	0.0	0.0				False	lymph	mid	enformer
4316	0.0	0.0	0.0				False	lymph	mid	enformer
4318	0.0	0.0	0.0				False	lymph	mid	enformer
4328	0.0	0.0	0.0				False	lymph	mid	enformer
4331	0.0	0.0	0.0				False	lymph	mid	enformer
4332	0.0	0.0	0.0				False	lymph	mid	enformer
4334	0.0	0.0	0.0				False	lymph	mid	enformer
4341	0.0	0.0	0.0				False	lymph	mid	enformer
4342	0.0	0.0	0.0				False	lymph	mid	enformer
4346	0.0	0.0	0.0				False	lymph	mid	enformer
4351	0.0	0.0	0.0				False	lymph	mid	enformer
4355	0.0	0.0	0.0				False	lymph	mid	enformer
4361	0.0	0.0	0.0				False	lymph	mid	enformer
4365	0.0	0.0	0.0				False	lymph	mid	enformer
4366	0.0	0.0	0.0				False	lymph	mid	enformer
4370	0.0	0.0	0.0				False	lymph	mid	enformer
4371	0.0	0.0	0.0				False	lymph	mid	enformer
4375	0.0	0.0	0.0				False	lymph	mid	enformer
4376	0.0	0.0	0.0				False	lymph	mid	enformer
4377	0.0	0.0	0.0				False	lymph	mid	enformer
4381	0.0	0.0	0.0				False	lymph	mid	enformer
4382	0.0	0.0	0.0				False	lymph	mid	enformer
4386	0.0	0.0	0.0				False	lymph	mid	enformer
4387	0.0	0.0	0.0				False	lymph	mid	enformer
4390	0.0	0.0	0.0				False	lymph	mid	enformer
4391	0.0	0.0	0.0				False	lymph	mid	enformer
4405	0.0	0.0	0.0				False	lymph	mid	enformer
4411	0.0	0.0	0.0				False	lymph	mid	enformer
4413	0.0	0.0	0.0				False	lymph	mid	enformer
4414	0.0	0.0	0.0				False	lymph	mid	enformer
4419	0.0	0.0	0.0				False	lymph	mid	enformer
4422	0.0	0.0	0.0				False	lymph	mid	enformer
4424	0.0	0.0	0.0				False	lymph	mid	enformer
4427	0.0	0.0	0.0				False	lymph	mid	enformer
4432	0.0	0.0	0.0				False	lymph	mid	enformer
4435	0.0	0.0	0.0				False	lymph	mid	enformer
4440	0.0	0.0	0.0				False	lymph	mid	enformer
4441	0.0	0.0	0.0				False	lymph	mid	enformer
4442	0.0	0.0	0.0				False	lymph	mid	enformer
4446	0.0	0.0	0.0				False	lymph	mid	enformer
4447	0.0	0.0	0.0				False	lymph	mid	enformer
4467	0.0	0.0	0.0				False	lymph	mid	enformer
4469	0.0	0.0	0.0				False	lymph	mid	enformer
4471	0.0	0.0	0.0				False	lymph	mid	enformer
4476	0.0	0.0	0.0				False	lymph	mid	enformer
4479	0.0	0.0	0.0				False	lymph	mid	enformer
4484	0.0	0.0	0.0				False	lymph	mid	enformer
4486	0.0	0.0	0.0				False	lymph	mid	enformer
4488	0.0	0.0	0.0				False	lymph	mid	enformer
4493	0.0	0.0	0.0				False	lymph	mid	enformer
4505	0.0	0.0	0.0				False	lymph	mid	enformer
4506	0.0	0.0	0.0				False	lymph	mid	enformer
4509	0.0	0.0	0.0				False	lymph	mid	enformer
4514	0.0	0.0	0.0				False	lymph	mid	enformer
4515	0.0	0.0	0.0				False	lymph	mid	enformer
4519	0.0	0.0	0.0				False	lymph	mid	enformer
4525	0.0	0.0	0.0				False	lymph	mid	enformer
4528	0.0	0.0	0.0				False	lymph	mid	enformer
4530	0.0	0.0	0.0				False	lymph	mid	enformer
4539	0.0	0.0	0.0				False	lymph	mid	enformer
4546	0.0	0.0	0.0				False	lymph	mid	enformer
4553	0.0	0.0	0.0				False	lymph	mid	enformer
4555	0.0	0.0	0.0				False	lymph	mid	enformer
4556	0.0	0.0	0.0				False	lymph	mid	enformer
4557	0.0	0.0	0.0				False	lymph	mid	enformer
4568	0.0	0.0	0.0				False	lymph	mid	enformer
4569	0.0	0.0	0.0				False	lymph	mid	enformer
4570	0.0	0.0	0.0				False	lymph	mid	enformer
4573	0.0	0.0	0.0				False	lymph	mid	enformer
4577	0.0	0.0	0.0				False	lymph	mid	enformer
4580	0.0	0.0	0.0				False	lymph	mid	enformer
4590	0.0	0.0	0.0				False	lymph	mid	enformer
4594	0.0	0.0	0.0				False	lymph	mid	enformer
4595	0.0	0.0	0.0				False	lymph	mid	enformer
4596	0.0	0.0	0.0				False	lymph	mid	enformer
4599	0.0	0.0	0.0				False	lymph	mid	enformer
4603	0.0	0.0	0.0				False	lymph	mid	enformer
4612	0.0	0.0	0.0				False	lymph	mid	enformer
4617	0.0	0.0	0.0				False	lymph	mid	enformer
4622	0.0	0.0	0.0				False	lymph	mid	enformer
4640	0.0	0.0	0.0				False	lymph	mid	enformer
4641	0.0	0.0	0.0				False	lymph	mid	enformer
4642	0.0	0.0	0.0				False	lymph	mid	enformer
4645	0.0	0.0	0.0				False	lymph	mid	enformer
4647	0.0	0.0	0.0				False	lymph	mid	enformer
4649	0.0	0.0	0.0				False	lymph	mid	enformer
4650	0.0	0.0	0.0				False	lymph	mid	enformer
4657	0.0	0.0	0.0				False	lymph	mid	enformer
4661	0.0	0.0	0.0				False	lymph	mid	enformer
4664	0.0	0.0	0.0				False	lymph	mid	enformer
4667	0.0	0.0	0.0				False	lymph	mid	enformer
4668	0.0	0.0	0.0				False	lymph	mid	enformer
4669	0.0	0.0	0.0				False	lymph	mid	enformer
4671	0.0	0.0	0.0				False	lymph	mid	enformer
4678	0.0	0.0	0.0				False	lymph	mid	enformer
4680	0.0	0.0	0.0				False	lymph	mid	enformer
4689	0.0	0.0	0.0				False	lymph	mid	enformer
4691	0.0	0.0	0.0				False	lymph	mid	enformer
4694	0.0	0.0	0.0				False	lymph	mid	enformer
4695	0.0	0.0	0.0				False	lymph	mid	enformer
4697	0.0	0.0	0.0				False	lymph	mid	enformer
4698	0.0	0.0	0.0				False	lymph	mid	enformer
4700	0.0	0.0	0.0				False	lymph	mid	enformer
4701	0.0	0.0	0.0				False	lymph	mid	enformer
4702	0.0	0.0	0.0				False	lymph	mid	enformer
4703	0.0	0.0	0.0				False	lymph	mid	enformer
4706	0.0	0.0	0.0				False	lymph	mid	enformer
4707	0.0	0.0	0.0				False	lymph	mid	enformer
4708	0.0	0.0	0.0				False	lymph	mid	enformer
4716	0.0	0.0	0.0				False	lymph	mid	enformer
4718	0.0	0.0	0.0				False	lymph	mid	enformer
4727	0.0	0.0	0.0				False	lymph	mid	enformer
4733	0.0	0.0	0.0				False	lymph	mid	enformer
4738	0.0	0.0	0.0				False	lymph	mid	enformer
4742	0.0	0.0	0.0				False	lymph	mid	enformer
4743	0.0	0.0	0.0				False	lymph	mid	enformer
4746	0.0	0.0	0.0				False	lymph	mid	enformer
4747	0.0	0.0	0.0				False	lymph	mid	enformer
4749	0.0	0.0	0.0				False	lymph	mid	enformer
4753	0.0	0.0	0.0				False	lymph	mid	enformer
4754	0.0	0.0	0.0				False	lymph	mid	enformer
4756	0.0	0.0	0.0				False	lymph	mid	enformer
4759	0.0	0.0	0.0				False	lymph	mid	enformer
4764	0.0	0.0	0.0				False	lymph	mid	enformer
4766	0.0	0.0	0.0				False	lymph	mid	enformer
4767	0.0	0.0	0.0				False	lymph	mid	enformer
4770	0.0	0.0	0.0				False	lymph	mid	enformer
4771	0.0	0.0	0.0				False	lymph	mid	enformer
4774	0.0	0.0	0.0				False	lymph	mid	enformer
4776	0.0	0.0	0.0				False	lymph	mid	enformer
4780	0.0	0.0	0.0				False	lymph	mid	enformer
4781	0.0	0.0	0.0				False	lymph	mid	enformer
4794	0.0	0.0	0.0				False	lymph	mid	enformer
4802	0.0	0.0	0.0				False	lymph	mid	enformer
4803	0.0	0.0	0.0				False	lymph	mid	enformer
4808	0.0	0.0	0.0				False	lymph	mid	enformer
4809	0.0	0.0	0.0				False	lymph	mid	enformer
4813	0.0	0.0	0.0				False	lymph	mid	enformer
4823	0.0	0.0	0.0				False	lymph	mid	enformer
4825	0.0	0.0	0.0				False	lymph	mid	enformer
4827	0.0	0.0	0.0				False	lymph	mid	enformer
4831	0.0	0.0	0.0				False	lymph	mid	enformer
4840	0.0	0.0	0.0				False	lymph	mid	enformer
4842	0.0	0.0	0.0				False	lymph	mid	enformer
4843	0.0	0.0	0.0				False	lymph	mid	enformer
4845	0.0	0.0	0.0				False	lymph	mid	enformer
4846	0.0	0.0	0.0				False	lymph	mid	enformer
4849	0.0	0.0	0.0				False	lymph	mid	enformer
4856	0.0	0.0	0.0				False	lymph	mid	enformer
4857	0.0	0.0	0.0				False	lymph	mid	enformer
4859	0.0	0.0	0.0				False	lymph	mid	enformer
4860	0.0	0.0	0.0				False	lymph	mid	enformer
4869	0.0	0.0	0.0				False	lymph	mid	enformer
4874	0.0	0.0	0.0				False	lymph	mid	enformer
4880	0.0	0.0	0.0				False	lymph	mid	enformer
4881	0.0	0.0	0.0				False	lymph	mid	enformer
4884	0.0	0.0	0.0				False	lymph	mid	enformer
4886	0.0	0.0	0.0				False	lymph	mid	enformer
4892	0.0	0.0	0.0				False	lymph	mid	enformer
4893	0.0	0.0	0.0				False	lymph	mid	enformer
4895	0.0	0.0	0.0				False	lymph	mid	enformer
4896	0.0	0.0	0.0				False	lymph	mid	enformer
4898	0.0	0.0	0.0				False	lymph	mid	enformer
4900	0.0	0.0	0.0				False	lymph	mid	enformer
4905	0.0	0.0	0.0				False	lymph	mid	enformer
4911	0.0	0.0	0.0				False	lymph	mid	enformer
4912	0.0	0.0	0.0				False	lymph	mid	enformer
4913	0.0	0.0	0.0				False	lymph	mid	enformer
4914	0.0	0.0	0.0				False	lymph	mid	enformer
4916	0.0	0.0	0.0				False	lymph	mid	enformer
4920	0.0	0.0	0.0				False	lymph	mid	enformer
4921	0.0	0.0	0.0				False	lymph	mid	enformer
4924	0.0	0.0	0.0				False	lymph	mid	enformer
4925	0.0	0.0	0.0				False	lymph	mid	enformer
4927	0.0	0.0	0.0				False	lymph	mid	enformer
4931	0.0	0.0	0.0				False	lymph	mid	enformer
4932	0.0	0.0	0.0				False	lymph	mid	enformer
4934	0.0	0.0	0.0				False	lymph	mid	enformer
4935	0.0	0.0	0.0				False	lymph	mid	enformer
4936	0.0	0.0	0.0				False	lymph	mid	enformer
4939	0.0	0.0	0.0				False	lymph	mid	enformer
4940	0.0	0.0	0.0				False	lymph	mid	enformer
4946	0.0	0.0	0.0				False	lymph	mid	enformer
4947	0.0	0.0	0.0				False	lymph	mid	enformer
4957	0.0	0.0	0.0				False	lymph	mid	enformer
4960	0.0	0.0	0.0				False	lymph	mid	enformer
4963	0.0	0.0	0.0				False	lymph	mid	enformer
4964	0.0	0.0	0.0				False	lymph	mid	enformer
4969	0.0	0.0	0.0				False	lymph	mid	enformer
4972	0.0	0.0	0.0				False	lymph	mid	enformer
4976	0.0	0.0	0.0				False	lymph	mid	enformer
4977	0.0	0.0	0.0				False	lymph	mid	enformer
4983	0.0	0.0	0.0				False	lymph	mid	enformer
4993	0.0	0.0	0.0				False	lymph	mid	enformer
4994	0.0	0.0	0.0				False	lymph	mid	enformer
4995	0.0	0.0	0.0				False	lymph	mid	enformer
5002	0.0	0.0	0.0				False	lymph	mid	enformer
5003	0.0	0.0	0.0				False	lymph	mid	enformer
5007	0.0	0.0	0.0				False	lymph	mid	enformer
5009	0.0	0.0	0.0				False	lymph	mid	enformer
5010	0.0	0.0	0.0				False	lymph	mid	enformer
5018	0.0	0.0	0.0				False	lymph	mid	enformer
5020	0.0	0.0	0.0				False	lymph	mid	enformer
5024	0.0	0.0	0.0				False	lymph	mid	enformer
5029	0.0	0.0	0.0				False	lymph	mid	enformer
5030	0.0	0.0	0.0				False	lymph	mid	enformer
5033	0.0	0.0	0.0				False	lymph	mid	enformer
5036	0.0	0.0	0.0				False	lymph	mid	enformer
5037	0.0	0.0	0.0				False	lymph	mid	enformer
5042	0.0	0.0	0.0				False	lymph	mid	enformer
5046	0.0	0.0	0.0				False	lymph	mid	enformer
5049	0.0	0.0	0.0				False	lymph	mid	enformer
5051	0.0	0.0	0.0				False	lymph	mid	enformer
5057	0.0	0.0	0.0				False	lymph	mid	enformer
5058	0.0	0.0	0.0				False	lymph	mid	enformer
5060	0.0	0.0	0.0				False	lymph	mid	enformer
5064	0.0	0.0	0.0				False	lymph	mid	enformer
5065	0.0	0.0	0.0				False	lymph	mid	enformer
5066	0.0	0.0	0.0				False	lymph	mid	enformer
5068	0.0	0.0	0.0				False	lymph	mid	enformer
5070	0.0	0.0	0.0				False	lymph	mid	enformer
5073	0.0	0.0	0.0				False	lymph	mid	enformer
5074	0.0	0.0	0.0				False	lymph	mid	enformer
5075	0.0	0.0	0.0				False	lymph	mid	enformer
5086	0.0	0.0	0.0				False	lymph	mid	enformer
5090	0.0	0.0	0.0				False	lymph	mid	enformer
5091	0.0	0.0	0.0				False	lymph	mid	enformer
5092	0.0	0.0	0.0				False	lymph	mid	enformer
5094	0.0	0.0	0.0				False	lymph	mid	enformer
5096	0.0	0.0	0.0				False	lymph	mid	enformer
5101	0.0	0.0	0.0				False	lymph	mid	enformer
5105	0.0	0.0	0.0				False	lymph	mid	enformer
5108	0.0	0.0	0.0				False	lymph	mid	enformer
5111	0.0	0.0	0.0				False	lymph	mid	enformer
5113	0.0	0.0	0.0				False	lymph	mid	enformer
5114	0.0	0.0	0.0				False	lymph	mid	enformer
5130	0.0	0.0	0.0				False	lymph	mid	enformer
5132	0.0	0.0	0.0				False	lymph	mid	enformer
5135	0.0	0.0	0.0				False	lymph	mid	enformer
5139	0.0	0.0	0.0				False	lymph	mid	enformer
5143	0.0	0.0	0.0				False	lymph	mid	enformer
5145	0.0	0.0	0.0				False	lymph	mid	enformer
5147	0.0	0.0	0.0				False	lymph	mid	enformer
5148	0.0	0.0	0.0				False	lymph	mid	enformer
5149	0.0	0.0	0.0				False	lymph	mid	enformer
5152	0.0	0.0	0.0				False	lymph	mid	enformer
5154	0.0	0.0	0.0				False	lymph	mid	enformer
5157	0.0	0.0	0.0				False	lymph	mid	enformer
5160	0.0	0.0	0.0				False	lymph	mid	enformer
5166	0.0	0.0	0.0				False	lymph	mid	enformer
5170	0.0	0.0	0.0				False	lymph	mid	enformer
5178	0.0	0.0	0.0				False	lymph	mid	enformer
5180	0.0	0.0	0.0				False	lymph	mid	enformer
5194	0.0	0.0	0.0				False	lymph	mid	enformer
5195	0.0	0.0	0.0				False	lymph	mid	enformer
5196	0.0	0.0	0.0				False	lymph	mid	enformer
5198	0.0	0.0	0.0				False	lymph	mid	enformer
5200	0.0	0.0	0.0				False	lymph	mid	enformer
5205	0.0	0.0	0.0				False	lymph	mid	enformer
5211	0.0	0.0	0.0				False	lymph	mid	enformer
5216	0.0	0.0	0.0				False	lymph	mid	enformer
5219	0.0	0.0	0.0				False	lymph	mid	enformer
5222	0.0	0.0	0.0				False	lymph	mid	enformer
5223	0.0	0.0	0.0				False	lymph	mid	enformer
5229	0.0	0.0	0.0				False	lymph	mid	enformer
5236	0.0	0.0	0.0				False	lymph	mid	enformer
5237	0.0	0.0	0.0				False	lymph	mid	enformer
5240	0.0	0.0	0.0				False	lymph	mid	enformer
5243	0.0	0.0	0.0				False	lymph	mid	enformer
5253	0.0	0.0	0.0				False	lymph	mid	enformer
5256	0.0	0.0	0.0				False	lymph	mid	enformer
5257	0.0	0.0	0.0				False	lymph	mid	enformer
5258	0.0	0.0	0.0				False	lymph	mid	enformer
5259	0.0	0.0	0.0				False	lymph	mid	enformer
5262	0.0	0.0	0.0				False	lymph	mid	enformer
5266	0.0	0.0	0.0				False	lymph	mid	enformer
5268	0.0	0.0	0.0				False	lymph	mid	enformer
5271	0.0	0.0	0.0				False	lymph	mid	enformer
5273	0.0	0.0	0.0				False	lymph	mid	enformer
5275	0.0	0.0	0.0				False	lymph	mid	enformer
5279	0.0	0.0	0.0				False	lymph	mid	enformer
5282	0.0	0.0	0.0				False	lymph	mid	enformer
5283	0.0	0.0	0.0				False	lymph	mid	enformer
5286	0.0	0.0	0.0				False	lymph	mid	enformer
5288	0.0	0.0	0.0				False	lymph	mid	enformer
5289	0.0	0.0	0.0				False	lymph	mid	enformer
5293	0.0	0.0	0.0				False	lymph	mid	enformer
5294	0.0	0.0	0.0				False	lymph	mid	enformer
5295	0.0	0.0	0.0				False	lymph	mid	enformer
5299	0.0	0.0	0.0				False	lymph	mid	enformer
5315	0.0	0.0	0.0				False	lymph	mid	enformer
5316	0.0	0.0	0.0				False	lymph	mid	enformer
5322	0.0	0.0	0.0				False	lymph	mid	enformer
5331	0.0	0.0	0.0				False	lymph	mid	enformer
5338	0.0	0.0	0.0				False	lymph	mid	enformer
5340	0.0	0.0	0.0				False	lymph	mid	enformer
5347	0.0	0.0	0.0				False	lymph	mid	enformer
5350	0.0	0.0	0.0				False	lymph	mid	enformer
5353	0.0	0.0	0.0				False	lymph	mid	enformer
5356	0.0	0.0	0.0				False	lymph	mid	enformer
5358	0.0	0.0	0.0				False	lymph	mid	enformer
5359	0.0	0.0	0.0				False	lymph	mid	enformer
5360	0.0	0.0	0.0				False	lymph	mid	enformer
5363	0.0	0.0	0.0				False	lymph	mid	enformer
5369	0.0	0.0	0.0				False	lymph	mid	enformer
5380	0.0	0.0	0.0				False	lymph	mid	enformer
5389	0.0	0.0	0.0				False	lymph	mid	enformer
5393	0.0	0.0	0.0				False	lymph	mid	enformer
5395	0.0	0.0	0.0				False	lymph	mid	enformer
5403	0.0	0.0	0.0				False	lymph	mid	enformer
5405	0.0	0.0	0.0				False	lymph	mid	enformer
5407	0.0	0.0	0.0				False	lymph	mid	enformer
5408	0.0	0.0	0.0				False	lymph	mid	enformer
5409	0.0	0.0	0.0				False	lymph	mid	enformer
5412	0.0	0.0	0.0				False	lymph	mid	enformer
5416	0.0	0.0	0.0				False	lymph	mid	enformer
5418	0.0	0.0	0.0				False	lymph	mid	enformer
5420	0.0	0.0	0.0				False	lymph	mid	enformer
5422	0.0	0.0	0.0				False	lymph	mid	enformer
5427	0.0	0.0	0.0				False	lymph	mid	enformer
5428	0.0	0.0	0.0				False	lymph	mid	enformer
5431	0.0	0.0	0.0				False	lymph	mid	enformer
5432	0.0	0.0	0.0				False	lymph	mid	enformer
5445	0.0	0.0	0.0				False	lymph	mid	enformer
5450	0.0	0.0	0.0				False	lymph	mid	enformer
5454	0.0	0.0	0.0				False	lymph	mid	enformer
5458	0.0	0.0	0.0				False	lymph	mid	enformer
5466	0.0	0.0	0.0				False	lymph	mid	enformer
5469	0.0	0.0	0.0				False	lymph	mid	enformer
5471	0.0	0.0	0.0				False	lymph	mid	enformer
5477	0.0	0.0	0.0				False	lymph	mid	enformer
5481	0.0	0.0	0.0				False	lymph	mid	enformer
5485	0.0	0.0	0.0				False	lymph	mid	enformer
5487	0.0	0.0	0.0				False	lymph	mid	enformer
5489	0.0	0.0	0.0				False	lymph	mid	enformer
5491	0.0	0.0	0.0				False	lymph	mid	enformer
5493	0.0	0.0	0.0				False	lymph	mid	enformer
5495	0.0	0.0	0.0				False	lymph	mid	enformer
5497	0.0	0.0	0.0				False	lymph	mid	enformer
5498	0.0	0.0	0.0				False	lymph	mid	enformer
5499	0.0	0.0	0.0				False	lymph	mid	enformer
5506	0.0	0.0	0.0				False	lymph	mid	enformer
5511	0.0	0.0	0.0				False	lymph	mid	enformer
5514	0.0	0.0	0.0				False	lymph	mid	enformer
5515	0.0	0.0	0.0				False	lymph	mid	enformer
5521	0.0	0.0	0.0				False	lymph	mid	enformer
5523	0.0	0.0	0.0				False	lymph	mid	enformer
5524	0.0	0.0	0.0				False	lymph	mid	enformer
5527	0.0	0.0	0.0				False	lymph	mid	enformer
5529	0.0	0.0	0.0				False	lymph	mid	enformer
5533	0.0	0.0	0.0				False	lymph	mid	enformer
5543	0.0	0.0	0.0				False	lymph	mid	enformer
5554	0.0	0.0	0.0				False	lymph	mid	enformer
5556	0.0	0.0	0.0				False	lymph	mid	enformer
5561	0.0	0.0	0.0				False	lymph	mid	enformer
5562	0.0	0.0	0.0				False	lymph	mid	enformer
5563	0.0	0.0	0.0				False	lymph	mid	enformer
5564	0.0	0.0	0.0				False	lymph	mid	enformer
5568	0.0	0.0	0.0				False	lymph	mid	enformer
5574	0.0	0.0	0.0				False	lymph	mid	enformer
5578	0.0	0.0	0.0				False	lymph	mid	enformer
5579	0.0	0.0	0.0				False	lymph	mid	enformer
5580	0.0	0.0	0.0				False	lymph	mid	enformer
5585	0.0	0.0	0.0				False	lymph	mid	enformer
5586	0.0	0.0	0.0				False	lymph	mid	enformer
5590	0.0	0.0	0.0				False	lymph	mid	enformer
5592	0.0	0.0	0.0				False	lymph	mid	enformer
5597	0.0	0.0	0.0				False	lymph	mid	enformer
5600	0.0	0.0	0.0				False	lymph	mid	enformer
5601	0.0	0.0	0.0				False	lymph	mid	enformer
5602	0.0	0.0	0.0				False	lymph	mid	enformer
5604	0.0	0.0	0.0				False	lymph	mid	enformer
5605	0.0	0.0	0.0				False	lymph	mid	enformer
5606	0.0	0.0	0.0				False	lymph	mid	enformer
5609	0.0	0.0	0.0				False	lymph	mid	enformer
5615	0.0	0.0	0.0				False	lymph	mid	enformer
5616	0.0	0.0	0.0				False	lymph	mid	enformer
5620	0.0	0.0	0.0				False	lymph	mid	enformer
5624	0.0	0.0	0.0				False	lymph	mid	enformer
5626	0.0	0.0	0.0				False	lymph	mid	enformer
5627	0.0	0.0	0.0				False	lymph	mid	enformer
5632	0.0	0.0	0.0				False	lymph	mid	enformer
5633	0.0	0.0	0.0				False	lymph	mid	enformer
5636	0.0	0.0	0.0				False	lymph	mid	enformer
5637	0.0	0.0	0.0				False	lymph	mid	enformer
5641	0.0	0.0	0.0				False	lymph	mid	enformer
5644	0.0	0.0	0.0				False	lymph	mid	enformer
5652	0.0	0.0	0.0				False	lymph	mid	enformer
5657	0.0	0.0	0.0				False	lymph	mid	enformer
5659	0.0	0.0	0.0				False	lymph	mid	enformer
5660	0.0	0.0	0.0				False	lymph	mid	enformer
5661	0.0	0.0	0.0				False	lymph	mid	enformer
5664	0.0	0.0	0.0				False	lymph	mid	enformer
5665	0.0	0.0	0.0				False	lymph	mid	enformer
5670	0.0	0.0	0.0				False	lymph	mid	enformer
5671	0.0	0.0	0.0				False	lymph	mid	enformer
5673	0.0	0.0	0.0				False	lymph	mid	enformer
5675	0.0	0.0	0.0				False	lymph	mid	enformer
5676	0.0	0.0	0.0				False	lymph	mid	enformer
5677	0.0	0.0	0.0				False	lymph	mid	enformer
5679	0.0	0.0	0.0				False	lymph	mid	enformer
5681	0.0	0.0	0.0				False	lymph	mid	enformer
5687	0.0	0.0	0.0				False	lymph	mid	enformer
5688	0.0	0.0	0.0				False	lymph	mid	enformer
5690	0.0	0.0	0.0				False	lymph	mid	enformer
5691	0.0	0.0	0.0				False	lymph	mid	enformer
5693	0.0	0.0	0.0				False	lymph	mid	enformer
5699	0.0	0.0	0.0				False	lymph	mid	enformer
5701	0.0	0.0	0.0				False	lymph	mid	enformer
5703	0.0	0.0	0.0				False	lymph	mid	enformer
5706	0.0	0.0	0.0				False	lymph	mid	enformer
5709	0.0	0.0	0.0				False	lymph	mid	enformer
5711	0.0	0.0	0.0				False	lymph	mid	enformer
5716	0.0	0.0	0.0				False	lymph	mid	enformer
5717	0.0	0.0	0.0				False	lymph	mid	enformer
5719	0.0	0.0	0.0				False	lymph	mid	enformer
5721	0.0	0.0	0.0				False	lymph	mid	enformer
5735	0.0	0.0	0.0				False	lymph	mid	enformer
5737	0.0	0.0	0.0				False	lymph	mid	enformer
5744	0.0	0.0	0.0				False	lymph	mid	enformer
5746	0.0	0.0	0.0				False	lymph	mid	enformer
5750	0.0	0.0	0.0				False	lymph	mid	enformer
5755	0.0	0.0	0.0				False	lymph	mid	enformer
5759	0.0	0.0	0.0				False	lymph	mid	enformer
5761	0.0	0.0	0.0				False	lymph	mid	enformer
5762	0.0	0.0	0.0				False	lymph	mid	enformer
5766	0.0	0.0	0.0				False	lymph	mid	enformer
5768	0.0	0.0	0.0				False	lymph	mid	enformer
5769	0.0	0.0	0.0				False	lymph	mid	enformer
5770	0.0	0.0	0.0				False	lymph	mid	enformer
5771	0.0	0.0	0.0				False	lymph	mid	enformer
5782	0.0	0.0	0.0				False	lymph	mid	enformer
5786	0.0	0.0	0.0				False	lymph	mid	enformer
5788	0.0	0.0	0.0				False	lymph	mid	enformer
5791	0.0	0.0	0.0				False	lymph	mid	enformer
5795	0.0	0.0	0.0				False	lymph	mid	enformer
5802	0.0	0.0	0.0				False	lymph	mid	enformer
5804	0.0	0.0	0.0				False	lymph	mid	enformer
5808	0.0	0.0	0.0				False	lymph	mid	enformer
5810	0.0	0.0	0.0				False	lymph	mid	enformer
5817	0.0	0.0	0.0				False	lymph	mid	enformer
5820	0.0	0.0	0.0				False	lymph	mid	enformer
5822	0.0	0.0	0.0				False	lymph	mid	enformer
5827	0.0	0.0	0.0				False	lymph	mid	enformer
5828	0.0	0.0	0.0				False	lymph	mid	enformer
5830	0.0	0.0	0.0				False	lymph	mid	enformer
5832	0.0	0.0	0.0				False	lymph	mid	enformer
5833	0.0	0.0	0.0				False	lymph	mid	enformer
5834	0.0	0.0	0.0				False	lymph	mid	enformer
5843	0.0	0.0	0.0				False	lymph	mid	enformer
5844	0.0	0.0	0.0				False	lymph	mid	enformer
5854	0.0	0.0	0.0				False	lymph	mid	enformer
5855	0.0	0.0	0.0				False	lymph	mid	enformer
5856	0.0	0.0	0.0				False	lymph	mid	enformer
5859	0.0	0.0	0.0				False	lymph	mid	enformer
5864	0.0	0.0	0.0				False	lymph	mid	enformer
5870	0.0	0.0	0.0				False	lymph	mid	enformer
5873	0.0	0.0	0.0				False	lymph	mid	enformer
5879	0.0	0.0	0.0				False	lymph	mid	enformer
5880	0.0	0.0	0.0				False	lymph	mid	enformer
5882	0.0	0.0	0.0				False	lymph	mid	enformer
5883	0.0	0.0	0.0				False	lymph	mid	enformer
5886	0.0	0.0	0.0				False	lymph	mid	enformer
5888	0.0	0.0	0.0				False	lymph	mid	enformer
5889	0.0	0.0	0.0				False	lymph	mid	enformer
5890	0.0	0.0	0.0				False	lymph	mid	enformer
5895	0.0	0.0	0.0				False	lymph	mid	enformer
5896	0.0	0.0	0.0				False	lymph	mid	enformer
5897	0.0	0.0	0.0				False	lymph	mid	enformer
5899	0.0	0.0	0.0				False	lymph	mid	enformer
5904	0.0	0.0	0.0				False	lymph	mid	enformer
5905	0.0	0.0	0.0				False	lymph	mid	enformer
5907	0.0	0.0	0.0				False	lymph	mid	enformer
5908	0.0	0.0	0.0				False	lymph	mid	enformer
5910	0.0	0.0	0.0				False	lymph	mid	enformer
5911	0.0	0.0	0.0				False	lymph	mid	enformer
5914	0.0	0.0	0.0				False	lymph	mid	enformer
5916	0.0	0.0	0.0				False	lymph	mid	enformer
5917	0.0	0.0	0.0				False	lymph	mid	enformer
5919	0.0	0.0	0.0				False	lymph	mid	enformer
5922	0.0	0.0	0.0				False	lymph	mid	enformer
5923	0.0	0.0	0.0				False	lymph	mid	enformer
5926	0.0	0.0	0.0				False	lymph	mid	enformer
5927	0.0	0.0	0.0				False	lymph	mid	enformer
5930	0.0	0.0	0.0				False	lymph	mid	enformer
5933	0.0	0.0	0.0				False	lymph	mid	enformer
5938	0.0	0.0	0.0				False	lymph	mid	enformer
5945	0.0	0.0	0.0				False	lymph	mid	enformer
5951	0.0	0.0	0.0				False	lymph	mid	enformer
5954	0.0	0.0	0.0				False	lymph	mid	enformer
5963	0.0	0.0	0.0				False	lymph	mid	enformer
5965	0.0	0.0	0.0				False	lymph	mid	enformer
5968	0.0	0.0	0.0				False	lymph	mid	enformer
5972	0.0	0.0	0.0				False	lymph	mid	enformer
5974	0.0	0.0	0.0				False	lymph	mid	enformer
5977	0.0	0.0	0.0				False	lymph	mid	enformer
5978	0.0	0.0	0.0				False	lymph	mid	enformer
5981	0.0	0.0	0.0				False	lymph	mid	enformer
5983	0.0	0.0	0.0				False	lymph	mid	enformer
5984	0.0	0.0	0.0				False	lymph	mid	enformer
5987	0.0	0.0	0.0				False	lymph	mid	enformer
5993	0.0	0.0	0.0				False	lymph	mid	enformer
5997	0.0	0.0	0.0				False	lymph	mid	enformer
5998	0.0	0.0	0.0				False	lymph	mid	enformer
5999	0.0	0.0	0.0				False	lymph	mid	enformer
6006	0.0	0.0	0.0				False	lymph	mid	enformer
6019	0.0	0.0	0.0				False	lymph	mid	enformer
6033	0.0	0.0	0.0				False	lymph	mid	enformer
6034	0.0	0.0	0.0				False	lymph	mid	enformer
6035	0.0	0.0	0.0				False	lymph	mid	enformer
6038	0.0	0.0	0.0				False	lymph	mid	enformer
6039	0.0	0.0	0.0				False	lymph	mid	enformer
6046	0.0	0.0	0.0				False	lymph	mid	enformer
6047	0.0	0.0	0.0				False	lymph	mid	enformer
6048	0.0	0.0	0.0				False	lymph	mid	enformer
6053	0.0	0.0	0.0				False	lymph	mid	enformer
6056	0.0	0.0	0.0				False	lymph	mid	enformer
6057	0.0	0.0	0.0				False	lymph	mid	enformer
6060	0.0	0.0	0.0				False	lymph	mid	enformer
6063	0.0	0.0	0.0				False	lymph	mid	enformer
6066	0.0	0.0	0.0				False	lymph	mid	enformer
6070	0.0	0.0	0.0				False	lymph	mid	enformer
6071	0.0	0.0	0.0				False	lymph	mid	enformer
6072	0.0	0.0	0.0				False	lymph	mid	enformer
6078	0.0	0.0	0.0				False	lymph	mid	enformer
6080	0.0	0.0	0.0				False	lymph	mid	enformer
6081	0.0	0.0	0.0				False	lymph	mid	enformer
6088	0.0	0.0	0.0				False	lymph	mid	enformer
6090	0.0	0.0	0.0				False	lymph	mid	enformer
6093	0.0	0.0	0.0				False	lymph	mid	enformer
6095	0.0	0.0	0.0				False	lymph	mid	enformer
6098	0.0	0.0	0.0				False	lymph	mid	enformer
6099	0.0	0.0	0.0				False	lymph	mid	enformer
6100	0.0	0.0	0.0				False	lymph	mid	enformer
6103	0.0	0.0	0.0				False	lymph	mid	enformer
6106	0.0	0.0	0.0				False	lymph	mid	enformer
6107	0.0	0.0	0.0				False	lymph	mid	enformer
6109	0.0	0.0	0.0				False	lymph	mid	enformer
6112	0.0	0.0	0.0				False	lymph	mid	enformer
6113	0.0	0.0	0.0				False	lymph	mid	enformer
6115	0.0	0.0	0.0				False	lymph	mid	enformer
6124	0.0	0.0	0.0				False	lymph	mid	enformer
6130	0.0	0.0	0.0				False	lymph	mid	enformer
6135	0.0	0.0	0.0				False	lymph	mid	enformer
6138	0.0	0.0	0.0				False	lymph	mid	enformer
6142	0.0	0.0	0.0				False	lymph	mid	enformer
