feature_id	cds	vitro_mean	vivo_mean	t_stat	pval	pval_bonf	significant	pair	layer	model
2526	143.6836	54704.203	54560.52	2.1973157	0.028156787	1.0	False	liver	early	enformer
2918	-10.827454	149.49278	160.32024	-2.0343213	0.04215638	1.0	False	liver	early	enformer
1607	-10.692902	157.5744	168.2673	-2.0243404	0.043174084	1.0	False	liver	early	enformer
444	-10.2934265	228.66006	238.95349	-1.9943738	0.046354275	1.0	False	liver	early	enformer
3993	-9.903313	127.9065	137.80981	-1.8630018	0.06272471	1.0	False	liver	early	enformer
3463	-7.2363205	79.82649	87.06281	-1.8337	0.06695823	1.0	False	liver	early	enformer
343	-7.4653244	83.549576	91.0149	-1.830845	0.06738454	1.0	False	liver	early	enformer
6017	-8.371536	97.59909	105.97063	-1.8267138	0.06800682	1.0	False	liver	early	enformer
1270	-9.216133	111.62482	120.84095	-1.8153851	0.06973132	1.0	False	liver	early	enformer
3003	-8.316185	96.13365	104.44984	-1.8124647	0.07017976	1.0	False	liver	early	enformer
86	-7.13752	79.53844	86.67596	-1.8066261	0.0710831	1.0	False	liver	early	enformer
2327	-7.008362	77.24493	84.25329	-1.7965153	0.07267483	1.0	False	liver	early	enformer
346	-8.960159	109.55805	118.51821	-1.7858634	0.074391074	1.0	False	liver	early	enformer
2901	-7.838295	93.72948	101.56777	-1.7712408	0.07679045	1.0	False	liver	early	enformer
1625	-6.7839737	75.67316	82.45713	-1.7655995	0.07772842	1.0	False	liver	early	enformer
2196	-6.5446396	71.90707	78.451706	-1.7585433	0.078920476	1.0	False	liver	early	enformer
645	-8.214317	101.26428	109.4786	-1.7180512	0.086062066	1.0	False	liver	early	enformer
1690	-9.153954	118.8096	127.963554	-1.7093273	0.0876674	1.0	False	liver	early	enformer
1485	-9.017494	117.259056	126.27655	-1.6988077	0.089632966	1.0	False	liver	early	enformer
3624	-8.774445	112.95102	121.725464	-1.6876217	0.09176204	1.0	False	liver	early	enformer
4809	-5.9520264	65.24073	71.19276	-1.6851656	0.09222576	1.0	False	liver	early	enformer
1630	-8.582291	110.62687	119.20916	-1.6780083	0.093624145	1.0	False	liver	early	enformer
5910	-8.777573	113.373886	122.15146	-1.6776464	0.09369482	1.0	False	liver	early	enformer
1198	-5.5648003	58.931583	64.49638	-1.6730014	0.094594635	1.0	False	liver	early	enformer
1815	-8.354897	107.983154	116.33805	-1.6650306	0.09618595	1.0	False	liver	early	enformer
2475	-5.7241096	62.937023	68.66113	-1.6622831	0.096725136	1.0	False	liver	early	enformer
26	-5.6511497	61.71908	67.37023	-1.6599641	0.097190626	1.0	False	liver	early	enformer
1871	-5.9604263	67.20736	73.167786	-1.6472594	0.09977667	1.0	False	liver	early	enformer
948	-5.492729	59.02513	64.51786	-1.645564	0.100122385	1.0	False	liver	early	enformer
5224	-5.3035393	56.636974	61.940514	-1.643975	0.10044983	1.0	False	liver	early	enformer
906	-5.398327	57.248257	62.646584	-1.6412214	0.101019844	1.0	False	liver	early	enformer
301	-5.2410927	55.99085	61.23194	-1.6332594	0.10268257	1.0	False	liver	early	enformer
545	-6.109123	71.3277	77.43682	-1.6279798	0.103802584	1.0	False	liver	early	enformer
5856	-5.0396194	55.73067	60.77029	-1.546548	0.12224158	1.0	False	liver	early	enformer
2479	-4.5363426	52.746105	57.282448	-1.430461	0.15284914	1.0	False	liver	early	enformer
5476	-4.272129	51.39161	55.66374	-1.3690484	0.17124438	1.0	False	liver	early	enformer
3053	-4.2942886	51.60677	55.90106	-1.3665152	0.17203704	1.0	False	liver	early	enformer
4047	-4.066345	49.05843	53.124775	-1.3348888	0.18216865	1.0	False	liver	early	enformer
4488	-4.034111	47.971222	52.005333	-1.3334666	0.18263383	1.0	False	liver	early	enformer
5499	-4.066334	50.509937	54.57627	-1.3239266	0.18578285	1.0	False	liver	early	enformer
5884	-4.010376	49.178177	53.188553	-1.3155068	0.1885939	1.0	False	liver	early	enformer
3332	-3.969677	48.624107	52.593784	-1.3041661	0.1924295	1.0	False	liver	early	enformer
1295	-3.9440575	48.466637	52.410694	-1.3040179	0.19247991	1.0	False	liver	early	enformer
5881	-3.8731194	47.317112	51.19023	-1.3007969	0.19357961	1.0	False	liver	early	enformer
2637	-3.7953148	45.921886	49.7172	-1.3000668	0.19382946	1.0	False	liver	early	enformer
2704	-3.880642	48.28227	52.16291	-1.2824438	0.19993733	1.0	False	liver	early	enformer
3126	-3.8945923	50.005512	53.900105	-1.2635142	0.20665358	1.0	False	liver	early	enformer
6023	-3.707615	46.0944	49.802013	-1.262364	0.20706497	1.0	False	liver	early	enformer
5323	-3.5886078	45.180874	48.76948	-1.2281591	0.21962911	1.0	False	liver	early	enformer
2737	-3.3903542	42.890614	46.280968	-1.2029151	0.22924696	1.0	False	liver	early	enformer
5169	0.24547909	0.49134836	0.24586926	1.1785077	0.23886293	1.0	False	liver	early	enformer
4317	-3.2246857	41.59113	44.815815	-1.1567237	0.24761522	1.0	False	liver	early	enformer
4887	-3.2684898	42.944378	46.212868	-1.144468	0.25265846	1.0	False	liver	early	enformer
4869	0.21938372	0.44989917	0.23051545	1.1185697	0.2635794	1.0	False	liver	early	enformer
3132	-3.1146317	41.701244	44.815876	-1.1107343	0.2669057	1.0	False	liver	early	enformer
2012	0.3899585	1.1371026	0.7471441	1.069743	0.2849752	1.0	False	liver	early	enformer
1424	-2.9677582	41.17432	44.14208	-1.0634927	0.28777286	1.0	False	liver	early	enformer
3321	0.21662149	0.48260248	0.265981	1.0496795	0.2941032	1.0	False	liver	early	enformer
2111	-2.868431	40.24605	43.114483	-1.0439086	0.29673776	1.0	False	liver	early	enformer
4542	0.3503753	1.0451446	0.69476926	1.019859	0.30802166	1.0	False	liver	early	enformer
3203	0.1591074	0.3346031	0.1754957	1.0060593	0.31461087	1.0	False	liver	early	enformer
3851	0.33474034	0.99502593	0.6602856	1.0018746	0.31662872	1.0	False	liver	early	enformer
1778	-0.026464429	0.0	0.026464429	-1.0000017	0.31754032	1.0	False	liver	early	enformer
97	-0.02029603	0.0	0.02029603	-1.0000015	0.31754035	1.0	False	liver	early	enformer
1155	-0.025153944	0.0	0.025153944	-1.0000014	0.31754044	1.0	False	liver	early	enformer
5142	-0.022479441	0.0	0.022479441	-1.0000014	0.31754044	1.0	False	liver	early	enformer
5042	-0.025094656	0.0	0.025094656	-1.0000013	0.3175405	1.0	False	liver	early	enformer
4989	-0.020979779	0.0	0.020979779	-1.0000012	0.31754056	1.0	False	liver	early	enformer
4649	-0.027408024	0.0	0.027408024	-1.0000011	0.3175406	1.0	False	liver	early	enformer
1063	-0.022373013	0.0	0.022373013	-1.0000011	0.3175406	1.0	False	liver	early	enformer
6053	-0.022383442	0.0	0.022383442	-1.000001	0.31754065	1.0	False	liver	early	enformer
56	-0.02234635	0.0	0.02234635	-1.000001	0.31754065	1.0	False	liver	early	enformer
3241	-0.022380743	0.0	0.022380743	-1.000001	0.31754065	1.0	False	liver	early	enformer
6122	-0.027310275	0.0	0.027310275	-1.0000007	0.31754074	1.0	False	liver	early	enformer
3473	-0.026066514	0.0	0.026066514	-1.0000005	0.31754088	1.0	False	liver	early	enformer
4740	-0.028334577	0.0	0.028334577	-1.0000004	0.3175409	1.0	False	liver	early	enformer
2991	-0.029288152	0.0	0.029288152	-1.0000001	0.31754103	1.0	False	liver	early	enformer
5711	-0.029262764	0.0	0.029262764	-1.0000001	0.31754103	1.0	False	liver	early	enformer
1633	-0.025895337	0.0	0.025895337	-0.99999994	0.31754112	1.0	False	liver	early	enformer
1834	-0.030230192	0.0	0.030230192	-0.99999994	0.31754112	1.0	False	liver	early	enformer
460	-0.020577466	0.0	0.020577466	-0.9999997	0.3175412	1.0	False	liver	early	enformer
1881	-0.020640997	0.0	0.020640997	-0.9999998	0.3175412	1.0	False	liver	early	enformer
770	-0.02061598	0.0	0.02061598	-0.9999998	0.3175412	1.0	False	liver	early	enformer
2215	-0.024567619	0.0	0.024567619	-0.99999964	0.3175413	1.0	False	liver	early	enformer
5480	-0.020587187	0.0	0.020587187	-0.99999964	0.3175413	1.0	False	liver	early	enformer
978	-0.020577367	0.0	0.020577367	-0.9999995	0.31754133	1.0	False	liver	early	enformer
455	-0.028012292	0.0	0.028012292	-0.9999995	0.31754133	1.0	False	liver	early	enformer
5432	-0.029040007	0.0	0.029040007	-0.9999994	0.3175414	1.0	False	liver	early	enformer
3931	-0.020504417	0.0	0.020504417	-0.9999993	0.31754145	1.0	False	liver	early	enformer
5741	-0.025717426	0.0	0.025717426	-0.9999993	0.31754145	1.0	False	liver	early	enformer
592	-0.021182485	0.0	0.021182485	-0.9999992	0.31754148	1.0	False	liver	early	enformer
4699	-0.021198366	0.0	0.021198366	-0.9999992	0.31754148	1.0	False	liver	early	enformer
2173	-0.019723786	0.0	0.019723786	-0.99999917	0.31754154	1.0	False	liver	early	enformer
1696	-0.026751217	0.0	0.026751217	-0.99999905	0.31754154	1.0	False	liver	early	enformer
1518	-0.028921334	0.0	0.028921334	-0.9999991	0.31754154	1.0	False	liver	early	enformer
4979	-0.028834244	0.0	0.028834244	-0.9999988	0.3175417	1.0	False	liver	early	enformer
919	-0.025529098	0.0	0.025529098	-0.9999987	0.31754172	1.0	False	liver	early	enformer
4508	-0.01960027	0.0	0.01960027	-0.9999987	0.31754172	1.0	False	liver	early	enformer
3289	-0.027720766	0.0	0.027720766	-0.99999875	0.31754172	1.0	False	liver	early	enformer
191	-0.028773854	0.0	0.028773854	-0.9999987	0.31754172	1.0	False	liver	early	enformer
2491	-0.02545203	0.0	0.02545203	-0.9999985	0.3175418	1.0	False	liver	early	enformer
2039	-0.023007447	0.0	0.023007447	-0.99999845	0.31754187	1.0	False	liver	early	enformer
3404	-0.022984084	0.0	0.022984084	-0.9999984	0.31754187	1.0	False	liver	early	enformer
5096	-0.02539868	0.0	0.02539868	-0.9999982	0.317542	1.0	False	liver	early	enformer
1717	-0.025325298	0.0	0.025325298	-0.99999815	0.31754202	1.0	False	liver	early	enformer
4610	-0.030576382	0.0	0.030576382	-0.99999803	0.31754205	1.0	False	liver	early	enformer
1004	0.09716335	0.15178512	0.05462177	0.9858317	0.3244285	1.0	False	liver	early	enformer
5943	-2.6033707	37.845535	40.448906	-0.9815912	0.32649776	1.0	False	liver	early	enformer
804	0.08591184	0.13583441	0.049922567	0.98044664	0.32707024	1.0	False	liver	early	enformer
406	0.16875972	0.38461727	0.21585755	0.97767174	0.32844976	1.0	False	liver	early	enformer
1430	0.18482438	0.43757176	0.2527474	0.96500456	0.3347556	1.0	False	liver	early	enformer
1928	0.16084634	0.36708662	0.20624028	0.96220225	0.3361564	1.0	False	liver	early	enformer
3547	0.20566279	0.50396055	0.29829776	0.9564657	0.3390519	1.0	False	liver	early	enformer
2758	0.21291986	0.5271149	0.31419507	0.9534372	0.34058174	1.0	False	liver	early	enformer
3585	0.09084967	0.14494395	0.054094285	0.9528024	0.34089	1.0	False	liver	early	enformer
3977	0.13922311	0.28680372	0.14758061	0.94888115	0.34288907	1.0	False	liver	early	enformer
1321	0.32866144	1.0805938	0.7519324	0.9468362	0.34392795	1.0	False	liver	early	enformer
2027	-2.610176	39.643303	42.25348	-0.94507277	0.34481168	1.0	False	liver	early	enformer
38	0.13693595	0.30219558	0.16525963	0.9323956	0.3513337	1.0	False	liver	early	enformer
6048	0.29708934	0.9625098	0.6654205	0.926445	0.35441372	1.0	False	liver	early	enformer
1188	0.17144936	0.42259	0.25114062	0.921191	0.3571506	1.0	False	liver	early	enformer
2809	0.20250559	0.5185216	0.31601602	0.9171432	0.35926968	1.0	False	liver	early	enformer
1211	0.4434415	1.7811302	1.3376887	0.9152808	0.36024126	1.0	False	liver	early	enformer
4354	-2.4185333	37.324783	39.743317	-0.9116387	0.36214095	1.0	False	liver	early	enformer
1939	0.45428395	1.8306401	1.3763561	0.9085025	0.36381143	1.0	False	liver	early	enformer
3011	0.13388981	0.2975447	0.16365488	0.9070312	0.36458448	1.0	False	liver	early	enformer
5418	0.14990285	0.3490178	0.19911495	0.90347344	0.3664715	1.0	False	liver	early	enformer
1912	0.2767278	0.9020121	0.6252843	0.90150625	0.367514	1.0	False	liver	early	enformer
3423	0.42867792	1.7554333	1.3267554	0.9005931	0.36799625	1.0	False	liver	early	enformer
2726	0.16772225	0.4213579	0.25363564	0.8998235	0.36840802	1.0	False	liver	early	enformer
2330	0.1893596	0.49270952	0.3033499	0.8978155	0.36948013	1.0	False	liver	early	enformer
2876	0.42704403	1.7050891	1.278045	0.8961971	0.37034157	1.0	False	liver	early	enformer
3167	-9.123728	5.5502295	14.673957	-0.8946006	0.3711638	1.0	False	liver	early	enformer
3696	0.33833802	1.2168863	0.87854826	0.89453065	0.3712324	1.0	False	liver	early	enformer
4469	0.26962054	0.8488705	0.57925	0.8931302	0.37198424	1.0	False	liver	early	enformer
843	0.27306783	0.8845782	0.6115104	0.88936	0.37400424	1.0	False	liver	early	enformer
2474	0.2434257	0.72791207	0.48448637	0.88904226	0.37417716	1.0	False	liver	early	enformer
88	0.1857107	0.48737362	0.30166292	0.8871842	0.3751724	1.0	False	liver	early	enformer
5521	0.34151888	1.2476536	0.9061347	0.88707364	0.37522998	1.0	False	liver	early	enformer
4174	0.14677544	0.34736952	0.20059408	0.8870195	0.37526047	1.0	False	liver	early	enformer
1784	0.2668481	0.89336324	0.62651515	0.87620515	0.38110563	1.0	False	liver	early	enformer
4803	0.45916128	2.0333629	1.5742016	0.8659753	0.3866884	1.0	False	liver	early	enformer
3447	0.12781492	0.29353955	0.16572464	0.86184484	0.38895896	1.0	False	liver	early	enformer
5055	-2.2522545	36.14427	38.396526	-0.8617913	0.38897297	1.0	False	liver	early	enformer
2867	0.0909163	0.16830458	0.07738828	0.8572256	0.39150113	1.0	False	liver	early	enformer
2535	0.3162316	1.2011133	0.88488173	0.8551395	0.39265385	1.0	False	liver	early	enformer
1737	0.39478385	1.6406863	1.2459024	0.8549888	0.39274028	1.0	False	liver	early	enformer
898	0.26106757	0.89571285	0.6346453	0.85363764	0.39348602	1.0	False	liver	early	enformer
3263	0.42742765	1.8743913	1.4469637	0.8533362	0.39365453	1.0	False	liver	early	enformer
2993	0.17335662	0.46897754	0.29562092	0.8531703	0.39374763	1.0	False	liver	early	enformer
1237	0.31352407	1.195001	0.88147694	0.85222125	0.3942701	1.0	False	liver	early	enformer
4564	0.08994688	0.16712241	0.07717553	0.8510736	0.39490727	1.0	False	liver	early	enformer
416	0.11433849	0.24901512	0.13467664	0.84812546	0.39655066	1.0	False	liver	early	enformer
3973	0.25678813	0.8741644	0.61737627	0.84704435	0.39715186	1.0	False	liver	early	enformer
3792	0.392563	1.6638598	1.2712969	0.8457383	0.39787915	1.0	False	liver	early	enformer
3369	0.08738118	0.16315885	0.07577767	0.8406541	0.40071768	1.0	False	liver	early	enformer
3027	0.36074317	1.4689916	1.1082485	0.8397468	0.40123028	1.0	False	liver	early	enformer
2371	0.09196283	0.17231292	0.080350086	0.83856946	0.40188602	1.0	False	liver	early	enformer
5760	0.25661892	0.87445426	0.61783534	0.8374818	0.40250203	1.0	False	liver	early	enformer
3731	0.10223563	0.21048954	0.10825391	0.83588284	0.40339792	1.0	False	liver	early	enformer
1416	0.115371615	0.25592318	0.14055157	0.83340013	0.4047967	1.0	False	liver	early	enformer
5533	0.25000346	0.8612677	0.6112642	0.83308464	0.40497467	1.0	False	liver	early	enformer
454	0.24014688	0.7784016	0.53825474	0.8315251	0.40585837	1.0	False	liver	early	enformer
5207	0.24063915	0.810487	0.5698478	0.830157	0.4066279	1.0	False	liver	early	enformer
610	0.100418866	0.20664872	0.10622986	0.82928497	0.40711844	1.0	False	liver	early	enformer
53	0.1309604	0.3284692	0.19750878	0.8270364	0.40839037	1.0	False	liver	early	enformer
4937	0.335245	1.3854712	1.0502262	0.8247725	0.40967393	1.0	False	liver	early	enformer
4768	0.23741603	0.8143873	0.5769713	0.82208157	0.41120404	1.0	False	liver	early	enformer
3598	0.13318789	0.33838475	0.20519686	0.8218283	0.4113469	1.0	False	liver	early	enformer
682	0.36009896	1.5669445	1.2068455	0.8208014	0.41193068	1.0	False	liver	early	enformer
5866	0.29706234	1.1572254	0.86016303	0.8194223	0.4127175	1.0	False	liver	early	enformer
1878	0.12782663	0.32053235	0.19270572	0.8177189	0.41368994	1.0	False	liver	early	enformer
2157	0.09967886	0.20523201	0.10555315	0.8174542	0.4138423	1.0	False	liver	early	enformer
2610	0.36459792	1.5437202	1.1791223	0.8171497	0.41401702	1.0	False	liver	early	enformer
3350	0.09258664	0.19304748	0.10046084	0.8162239	0.41454256	1.0	False	liver	early	enformer
3050	0.36307895	1.5384061	1.1753272	0.81584966	0.41475996	1.0	False	liver	early	enformer
479	0.124421895	0.31430355	0.18988165	0.8117523	0.41710284	1.0	False	liver	early	enformer
1776	0.09589403	0.20059337	0.104699336	0.8114558	0.4172727	1.0	False	liver	early	enformer
4923	0.080769725	0.15473188	0.07396216	0.80806947	0.4192153	1.0	False	liver	early	enformer
1800	0.12398648	0.31381607	0.18982959	0.8066633	0.42002937	1.0	False	liver	early	enformer
801	0.072681464	0.12457324	0.051891774	0.8059371	0.42044252	1.0	False	liver	early	enformer
670	0.3491335	1.4928436	1.1437101	0.80233324	0.42253068	1.0	False	liver	early	enformer
4986	0.089015536	0.18762203	0.09860649	0.80168223	0.4229026	1.0	False	liver	early	enformer
4285	0.23892874	0.81199545	0.5730667	0.80002636	0.42386922	1.0	False	liver	early	enformer
87	0.11417475	0.27437383	0.16019908	0.79996103	0.4239006	1.0	False	liver	early	enformer
2306	0.23054653	0.7762438	0.5456973	0.79989004	0.42394617	1.0	False	liver	early	enformer
2959	0.074817024	0.14485449	0.07003746	0.7988168	0.424557	1.0	False	liver	early	enformer
956	0.38214874	1.8039014	1.4217527	0.79398096	0.42737055	1.0	False	liver	early	enformer
5638	0.0655861	0.113696605	0.048110507	0.7919825	0.42852905	1.0	False	liver	early	enformer
1467	-1.9929543	34.633835	36.62679	-0.78725505	0.43128613	1.0	False	liver	early	enformer
504	0.11788264	0.30937487	0.19149223	0.7745013	0.4387933	1.0	False	liver	early	enformer
3255	0.20407659	0.71341175	0.50933516	0.75717044	0.44910744	1.0	False	liver	early	enformer
5369	0.06654355	0.118559666	0.052016113	0.75662905	0.4494188	1.0	False	liver	early	enformer
6020	0.47033286	2.6056507	2.1353178	0.7507424	0.4529643	1.0	False	liver	early	enformer
3686	-1.898632	34.379498	36.27813	-0.7487439	0.45415643	1.0	False	liver	early	enformer
3553	0.11399038	0.31085852	0.19686814	0.74760073	0.4548524	1.0	False	liver	early	enformer
3395	0.05615905	0.10253767	0.04637862	0.7331682	0.46359313	1.0	False	liver	early	enformer
2399	0.19915259	0.71999025	0.52083766	0.732917	0.46376163	1.0	False	liver	early	enformer
2013	0.35781705	1.8475935	1.4897765	0.72959644	0.46578532	1.0	False	liver	early	enformer
3095	-1.8595161	34.518047	36.377563	-0.7292447	0.4659925	1.0	False	liver	early	enformer
3244	0.054790378	0.1021914	0.047401026	0.7087468	0.47861132	1.0	False	liver	early	enformer
2632	0.18755102	0.6955568	0.5080058	0.7068784	0.4797878	1.0	False	liver	early	enformer
2519	0.09376976	0.23236793	0.13859817	0.69971305	0.48424876	1.0	False	liver	early	enformer
2169	-1.6915207	31.721294	33.412815	-0.6959612	0.48658627	1.0	False	liver	early	enformer
4616	0.48498583	3.2274141	2.7424283	0.69233173	0.48886725	1.0	False	liver	early	enformer
1137	0.08807036	0.21835731	0.13028695	0.6920473	0.4890472	1.0	False	liver	early	enformer
4572	0.61628795	4.598999	3.982711	0.6916415	0.48930046	1.0	False	liver	early	enformer
4910	-1.6871071	32.075443	33.76255	-0.6905337	0.48999038	1.0	False	liver	early	enformer
4817	-1.6313362	30.389538	32.020874	-0.68845785	0.49129537	1.0	False	liver	early	enformer
4826	0.051136605	0.09757177	0.046435162	0.6853164	0.49326664	1.0	False	liver	early	enformer
620	0.07905594	0.18014915	0.10109321	0.6833321	0.49453434	1.0	False	liver	early	enformer
3991	0.08495073	0.21536323	0.1304125	0.67514664	0.49971685	1.0	False	liver	early	enformer
533	0.5682695	4.297601	3.7293317	0.6711597	0.5022514	1.0	False	liver	early	enformer
2291	0.6251426	4.9458556	4.320713	0.6707481	0.5025137	1.0	False	liver	early	enformer
5548	0.17300493	0.6472753	0.4742704	0.6702524	0.50283444	1.0	False	liver	early	enformer
3657	0.096894324	0.27955016	0.18265584	0.66687506	0.50498444	1.0	False	liver	early	enformer
1254	0.9059353	9.670709	8.764773	0.6664572	0.5052477	1.0	False	liver	early	enformer
5211	0.58786917	4.5932956	4.0054264	0.66457903	0.5064506	1.0	False	liver	early	enformer
93	0.075821824	0.17685698	0.101035155	0.66328305	0.5072794	1.0	False	liver	early	enformer
4956	0.07317796	0.17232081	0.09914285	0.6623028	0.5079067	1.0	False	liver	early	enformer
2703	0.4262669	2.7737036	2.3474367	0.66172796	0.50827765	1.0	False	liver	early	enformer
4314	0.750937	7.16811	6.417173	0.6576439	0.5108943	1.0	False	liver	early	enformer
940	0.07062648	0.16785026	0.09722377	0.65282184	0.5139977	1.0	False	liver	early	enformer
771	0.044505168	0.08775629	0.043251123	0.65154773	0.51480573	1.0	False	liver	early	enformer
2003	0.07711766	0.20128474	0.12416708	0.6486359	0.5166998	1.0	False	liver	early	enformer
1999	-1.6036339	32.402267	34.0059	-0.64666647	0.51797026	1.0	False	liver	early	enformer
4137	0.64578104	5.928478	5.2826967	0.6412915	0.521457	1.0	False	liver	early	enformer
4463	0.093653336	0.2832234	0.18957005	0.63622147	0.5247559	1.0	False	liver	early	enformer
3505	-1.6440315	34.512363	36.156395	-0.63375264	0.52636206	1.0	False	liver	early	enformer
2659	0.7825122	8.233566	7.451054	0.6327139	0.5270415	1.0	False	liver	early	enformer
3957	0.52396107	4.2243557	3.7003946	0.6304571	0.52851814	1.0	False	liver	early	enformer
2444	0.06721464	0.16207448	0.09485984	0.62876654	0.52962226	1.0	False	liver	early	enformer
5210	0.5860157	5.112905	4.5268893	0.62639314	0.5311784	1.0	False	liver	early	enformer
4998	0.43166065	3.2100673	2.7784066	0.62423867	0.53259146	1.0	False	liver	early	enformer
3763	0.16254926	0.66870326	0.506154	0.6215113	0.5343871	1.0	False	liver	early	enformer
3849	0.4118023	3.0171385	2.6053362	0.6174177	0.53707844	1.0	False	liver	early	enformer
5208	0.6944618	7.30699	6.6125283	0.61289304	0.5400636	1.0	False	liver	early	enformer
1931	-1.5425301	32.46213	34.00466	-0.611094	0.5412522	1.0	False	liver	early	enformer
4072	0.04122252	0.0854048	0.04418228	0.6012042	0.5478042	1.0	False	liver	early	enformer
95	0.35182905	2.4195151	2.067686	0.5939558	0.55265796	1.0	False	liver	early	enformer
3243	0.39381766	2.9141135	2.5202959	0.59365493	0.55285877	1.0	False	liver	early	enformer
1825	0.70914316	7.870492	7.161349	0.59254414	0.55359817	1.0	False	liver	early	enformer
5668	0.54278517	5.1444883	4.601703	0.59088504	0.55470914	1.0	False	liver	early	enformer
5870	0.4891131	4.252835	3.7637217	0.58938706	0.55571437	1.0	False	liver	early	enformer
1620	0.04089939	0.08619061	0.045291223	0.58933717	0.5557314	1.0	False	liver	early	enformer
575	0.0408798	0.08650019	0.04562039	0.5824598	0.56035256	1.0	False	liver	early	enformer
100	0.6489115	7.1514935	6.502582	0.5784961	0.56303793	1.0	False	liver	early	enformer
4731	0.740077	8.891267	8.15119	0.57760453	0.5636395	1.0	False	liver	early	enformer
207	0.03516947	0.07563806	0.040468592	0.5756475	0.5649455	1.0	False	liver	early	enformer
2784	-1.3214836	29.280558	30.602041	-0.56440157	0.5725847	1.0	False	liver	early	enformer
3615	0.039073765	0.08498656	0.045912795	0.55905896	0.5762113	1.0	False	liver	early	enformer
2090	0.3065052	2.2192798	1.9127746	0.54908174	0.58305484	1.0	False	liver	early	enformer
4468	0.8602524	12.902478	12.042226	0.54111814	0.5885261	1.0	False	liver	early	enformer
1530	0.2960856	2.2122085	1.9161229	0.5322472	0.59465605	1.0	False	liver	early	enformer
5488	0.64001274	8.479024	7.839011	0.5197722	0.60331756	1.0	False	liver	early	enformer
4498	0.5746608	7.1992726	6.624612	0.518378	0.6042893	1.0	False	liver	early	enformer
4040	-0.017139466	0.01385968	0.030999146	-0.504749	0.61381376	1.0	False	liver	early	enformer
3080	0.2924683	2.3897812	2.097313	0.5005227	0.6168013	1.0	False	liver	early	enformer
1525	0.80713654	13.303537	12.496401	0.49936274	0.61761504	1.0	False	liver	early	enformer
3192	-1.0571918	26.529005	27.586197	-0.48313016	0.62908953	1.0	False	liver	early	enformer
2556	0.8371515	15.237749	14.400598	0.47907585	0.6319713	1.0	False	liver	early	enformer
4651	-0.016533833	0.014934997	0.03146883	-0.4746598	0.6351009	1.0	False	liver	early	enformer
1495	-0.015175187	0.0137560135	0.0289312	-0.47370565	0.63578105	1.0	False	liver	early	enformer
1464	0.7528477	13.838808	13.08596	0.45685032	0.64786077	1.0	False	liver	early	enformer
125	-1.0584679	28.857903	29.91637	-0.4516188	0.6516241	1.0	False	liver	early	enformer
2035	-0.016313177	0.016361114	0.03267429	-0.44642603	0.65535486	1.0	False	liver	early	enformer
526	0.7900448	16.792503	16.002459	0.43605947	0.6628708	1.0	False	liver	early	enformer
233	0.70341206	13.535949	12.832537	0.43283743	0.66520995	1.0	False	liver	early	enformer
1837	-0.015818179	0.017307885	0.033126064	-0.42322776	0.6721894	1.0	False	liver	early	enformer
644	-0.015339054	0.018364325	0.03370338	-0.399644	0.68947446	1.0	False	liver	early	enformer
5515	0.61060524	12.710759	12.100154	0.3950497	0.69287527	1.0	False	liver	early	enformer
3682	-0.014354225	0.019114792	0.033469018	-0.37242278	0.7096287	1.0	False	liver	early	enformer
1127	-0.013951875	0.019029472	0.032981347	-0.36640763	0.71411043	1.0	False	liver	early	enformer
1207	0.02381948	0.06916322	0.045343738	0.35495722	0.72267336	1.0	False	liver	early	enformer
1209	-0.014394013	0.021199038	0.03559305	-0.34744883	0.7283004	1.0	False	liver	early	enformer
2552	0.624424	17.766275	17.141851	0.33634028	0.7366722	1.0	False	liver	early	enformer
2550	0.65273666	19.616388	18.963652	0.33326036	0.7389952	1.0	False	liver	early	enformer
5164	0.021408498	0.065642804	0.044234306	0.33173707	0.74013495	1.0	False	liver	early	enformer
2464	-0.011989228	0.021030381	0.03301961	-0.30625328	0.75945127	1.0	False	liver	early	enformer
4299	-0.011826258	0.020895164	0.032721423	-0.30461177	0.7607012	1.0	False	liver	early	enformer
398	-16.793945	9004.247	9021.041	-0.29924625	0.76480985	1.0	False	liver	early	enformer
1632	-14.8984375	8469.777	8484.676	-0.29515982	0.7679287	1.0	False	liver	early	enformer
4631	0.01644319	0.057871528	0.04142834	0.28020197	0.77936053	1.0	False	liver	early	enformer
3280	0.015496049	0.055597108	0.04010106	0.27520776	0.7831936	1.0	False	liver	early	enformer
2533	-0.010553131	0.024332294	0.034885425	-0.24811631	0.8040755	1.0	False	liver	early	enformer
5905	0.013072945	0.05245987	0.039386924	0.24079587	0.8097448	1.0	False	liver	early	enformer
4525	0.012724359	0.051628917	0.03890456	0.23592703	0.8135203	1.0	False	liver	early	enformer
3349	0.01158046	0.051080454	0.039499994	0.21542594	0.8294629	1.0	False	liver	early	enformer
3787	-0.43436623	25.423195	25.857561	-0.19676821	0.84404165	1.0	False	liver	early	enformer
4901	0.009219121	0.045931872	0.03671275	0.18720536	0.8515232	1.0	False	liver	early	enformer
2832	11.573242	9541.316	9529.743	0.1667111	0.8676285	1.0	False	liver	early	enformer
5221	0.3012123	19.579428	19.278215	0.15625685	0.8758563	1.0	False	liver	early	enformer
4904	9.415039	9390.376	9380.961	0.143146	0.88620156	1.0	False	liver	early	enformer
3078	8.646484	9355.369	9346.723	0.13017532	0.896452	1.0	False	liver	early	enformer
547	0.0058254413	0.041391775	0.035566334	0.12560424	0.90006065	1.0	False	liver	early	enformer
5871	0.23249817	22.353613	22.121115	0.111027285	0.911613	1.0	False	liver	early	enformer
384	7.3125	9443.596	9436.283	0.10849125	0.9136262	1.0	False	liver	early	enformer
1268	0.0049848	0.041030984	0.036046185	0.10710901	0.9147156	1.0	False	liver	early	enformer
2655	0.22182465	22.177378	21.955553	0.10626235	0.9153917	1.0	False	liver	early	enformer
3761	-0.21577454	24.306751	24.522526	-0.10011213	0.9202717	1.0	False	liver	early	enformer
4191	-0.20694351	24.245825	24.452768	-0.095700465	0.9237742	1.0	False	liver	early	enformer
4739	-0.12212753	24.982561	25.104689	-0.054912105	0.9562175	1.0	False	liver	early	enformer
2774	-0.08077431	22.640528	22.721302	-0.038705047	0.9691319	1.0	False	liver	early	enformer
0	0.0	0.0	0.0				False	liver	early	enformer
1	0.0	0.0	0.0				False	liver	early	enformer
2	0.0	0.0	0.0				False	liver	early	enformer
3	0.0	0.0	0.0				False	liver	early	enformer
4	0.0	0.0	0.0				False	liver	early	enformer
5	0.0	0.0	0.0				False	liver	early	enformer
6	0.0	0.0	0.0				False	liver	early	enformer
7	0.0	0.0	0.0				False	liver	early	enformer
8	0.0	0.0	0.0				False	liver	early	enformer
9	0.0	0.0	0.0				False	liver	early	enformer
10	0.0	0.0	0.0				False	liver	early	enformer
11	0.0	0.0	0.0				False	liver	early	enformer
12	0.0	0.0	0.0				False	liver	early	enformer
13	0.0	0.0	0.0				False	liver	early	enformer
14	0.0	0.0	0.0				False	liver	early	enformer
15	0.0	0.0	0.0				False	liver	early	enformer
16	0.0	0.0	0.0				False	liver	early	enformer
17	0.0	0.0	0.0				False	liver	early	enformer
18	0.0	0.0	0.0				False	liver	early	enformer
19	0.0	0.0	0.0				False	liver	early	enformer
20	0.0	0.0	0.0				False	liver	early	enformer
21	0.0	0.0	0.0				False	liver	early	enformer
22	0.0	0.0	0.0				False	liver	early	enformer
23	0.0	0.0	0.0				False	liver	early	enformer
24	0.0	0.0	0.0				False	liver	early	enformer
25	0.0	0.0	0.0				False	liver	early	enformer
27	0.0	0.0	0.0				False	liver	early	enformer
28	0.0	0.0	0.0				False	liver	early	enformer
29	0.0	0.0	0.0				False	liver	early	enformer
30	0.0	0.0	0.0				False	liver	early	enformer
31	0.0	0.0	0.0				False	liver	early	enformer
32	0.0	0.0	0.0				False	liver	early	enformer
33	0.0	0.0	0.0				False	liver	early	enformer
34	0.0	0.0	0.0				False	liver	early	enformer
35	0.0	0.0	0.0				False	liver	early	enformer
36	0.0	0.0	0.0				False	liver	early	enformer
37	0.0	0.0	0.0				False	liver	early	enformer
39	0.0	0.0	0.0				False	liver	early	enformer
40	0.0	0.0	0.0				False	liver	early	enformer
41	0.0	0.0	0.0				False	liver	early	enformer
42	0.0	0.0	0.0				False	liver	early	enformer
43	0.0	0.0	0.0				False	liver	early	enformer
44	0.0	0.0	0.0				False	liver	early	enformer
45	0.0	0.0	0.0				False	liver	early	enformer
46	0.0	0.0	0.0				False	liver	early	enformer
47	0.0	0.0	0.0				False	liver	early	enformer
48	0.0	0.0	0.0				False	liver	early	enformer
49	0.0	0.0	0.0				False	liver	early	enformer
50	0.0	0.0	0.0				False	liver	early	enformer
51	0.0	0.0	0.0				False	liver	early	enformer
52	0.0	0.0	0.0				False	liver	early	enformer
54	0.0	0.0	0.0				False	liver	early	enformer
55	0.0	0.0	0.0				False	liver	early	enformer
57	0.0	0.0	0.0				False	liver	early	enformer
58	0.0	0.0	0.0				False	liver	early	enformer
59	0.0	0.0	0.0				False	liver	early	enformer
60	0.0	0.0	0.0				False	liver	early	enformer
61	0.0	0.0	0.0				False	liver	early	enformer
62	0.0	0.0	0.0				False	liver	early	enformer
63	0.0	0.0	0.0				False	liver	early	enformer
64	0.0	0.0	0.0				False	liver	early	enformer
65	0.0	0.0	0.0				False	liver	early	enformer
66	0.0	0.0	0.0				False	liver	early	enformer
67	0.0	0.0	0.0				False	liver	early	enformer
68	0.0	0.0	0.0				False	liver	early	enformer
69	0.0	0.0	0.0				False	liver	early	enformer
70	0.0	0.0	0.0				False	liver	early	enformer
71	0.0	0.0	0.0				False	liver	early	enformer
72	0.0	0.0	0.0				False	liver	early	enformer
73	0.0	0.0	0.0				False	liver	early	enformer
74	0.0	0.0	0.0				False	liver	early	enformer
75	0.0	0.0	0.0				False	liver	early	enformer
76	0.0	0.0	0.0				False	liver	early	enformer
77	0.0	0.0	0.0				False	liver	early	enformer
78	0.0	0.0	0.0				False	liver	early	enformer
79	0.0	0.0	0.0				False	liver	early	enformer
80	0.0	0.0	0.0				False	liver	early	enformer
81	0.0	0.0	0.0				False	liver	early	enformer
82	0.0	0.0	0.0				False	liver	early	enformer
83	0.0	0.0	0.0				False	liver	early	enformer
84	0.0	0.0	0.0				False	liver	early	enformer
85	0.0	0.0	0.0				False	liver	early	enformer
89	0.0	0.0	0.0				False	liver	early	enformer
90	0.0	0.0	0.0				False	liver	early	enformer
91	0.0	0.0	0.0				False	liver	early	enformer
92	0.0	0.0	0.0				False	liver	early	enformer
94	0.0	0.0	0.0				False	liver	early	enformer
96	0.0	0.0	0.0				False	liver	early	enformer
98	0.0	0.0	0.0				False	liver	early	enformer
99	0.0	0.0	0.0				False	liver	early	enformer
101	0.0	0.0	0.0				False	liver	early	enformer
102	0.0	0.0	0.0				False	liver	early	enformer
103	0.0	0.0	0.0				False	liver	early	enformer
104	0.0	0.0	0.0				False	liver	early	enformer
105	0.0	0.0	0.0				False	liver	early	enformer
106	0.0	0.0	0.0				False	liver	early	enformer
107	0.0	0.0	0.0				False	liver	early	enformer
108	0.0	0.0	0.0				False	liver	early	enformer
109	0.0	0.0	0.0				False	liver	early	enformer
110	0.0	0.0	0.0				False	liver	early	enformer
111	0.0	0.0	0.0				False	liver	early	enformer
112	0.0	0.0	0.0				False	liver	early	enformer
113	0.0	0.0	0.0				False	liver	early	enformer
114	0.0	0.0	0.0				False	liver	early	enformer
115	0.0	0.0	0.0				False	liver	early	enformer
116	0.0	0.0	0.0				False	liver	early	enformer
117	0.0	0.0	0.0				False	liver	early	enformer
118	0.0	0.0	0.0				False	liver	early	enformer
119	0.0	0.0	0.0				False	liver	early	enformer
120	0.0	0.0	0.0				False	liver	early	enformer
121	0.0	0.0	0.0				False	liver	early	enformer
122	0.0	0.0	0.0				False	liver	early	enformer
123	0.0	0.0	0.0				False	liver	early	enformer
124	0.0	0.0	0.0				False	liver	early	enformer
126	0.0	0.0	0.0				False	liver	early	enformer
127	0.0	0.0	0.0				False	liver	early	enformer
128	0.0	0.0	0.0				False	liver	early	enformer
129	0.0	0.0	0.0				False	liver	early	enformer
130	0.0	0.0	0.0				False	liver	early	enformer
131	0.0	0.0	0.0				False	liver	early	enformer
132	0.0	0.0	0.0				False	liver	early	enformer
133	0.0	0.0	0.0				False	liver	early	enformer
134	0.0	0.0	0.0				False	liver	early	enformer
135	0.0	0.0	0.0				False	liver	early	enformer
136	0.0	0.0	0.0				False	liver	early	enformer
137	0.0	0.0	0.0				False	liver	early	enformer
138	0.0	0.0	0.0				False	liver	early	enformer
139	0.0	0.0	0.0				False	liver	early	enformer
140	0.0	0.0	0.0				False	liver	early	enformer
141	0.0	0.0	0.0				False	liver	early	enformer
142	0.0	0.0	0.0				False	liver	early	enformer
143	0.0	0.0	0.0				False	liver	early	enformer
144	0.0	0.0	0.0				False	liver	early	enformer
145	0.0	0.0	0.0				False	liver	early	enformer
146	0.0	0.0	0.0				False	liver	early	enformer
147	0.0	0.0	0.0				False	liver	early	enformer
148	0.0	0.0	0.0				False	liver	early	enformer
149	0.0	0.0	0.0				False	liver	early	enformer
150	0.0	0.0	0.0				False	liver	early	enformer
151	0.0	0.0	0.0				False	liver	early	enformer
152	0.0	0.0	0.0				False	liver	early	enformer
153	0.0	0.0	0.0				False	liver	early	enformer
154	0.0	0.0	0.0				False	liver	early	enformer
155	0.0	0.0	0.0				False	liver	early	enformer
156	0.0	0.0	0.0				False	liver	early	enformer
157	0.0	0.0	0.0				False	liver	early	enformer
158	0.0	0.0	0.0				False	liver	early	enformer
159	0.0	0.0	0.0				False	liver	early	enformer
160	0.0	0.0	0.0				False	liver	early	enformer
161	0.0	0.0	0.0				False	liver	early	enformer
162	0.0	0.0	0.0				False	liver	early	enformer
163	0.0	0.0	0.0				False	liver	early	enformer
164	0.0	0.0	0.0				False	liver	early	enformer
165	0.0	0.0	0.0				False	liver	early	enformer
166	0.0	0.0	0.0				False	liver	early	enformer
167	0.0	0.0	0.0				False	liver	early	enformer
168	0.0	0.0	0.0				False	liver	early	enformer
169	0.0	0.0	0.0				False	liver	early	enformer
170	0.0	0.0	0.0				False	liver	early	enformer
171	0.0	0.0	0.0				False	liver	early	enformer
172	0.0	0.0	0.0				False	liver	early	enformer
173	0.0	0.0	0.0				False	liver	early	enformer
174	0.0	0.0	0.0				False	liver	early	enformer
175	0.0	0.0	0.0				False	liver	early	enformer
176	0.0	0.0	0.0				False	liver	early	enformer
177	0.0	0.0	0.0				False	liver	early	enformer
178	0.0	0.0	0.0				False	liver	early	enformer
179	0.0	0.0	0.0				False	liver	early	enformer
180	0.0	0.0	0.0				False	liver	early	enformer
181	0.0	0.0	0.0				False	liver	early	enformer
182	0.0	0.0	0.0				False	liver	early	enformer
183	0.0	0.0	0.0				False	liver	early	enformer
184	0.0	0.0	0.0				False	liver	early	enformer
185	0.0	0.0	0.0				False	liver	early	enformer
186	0.0	0.0	0.0				False	liver	early	enformer
187	0.0	0.0	0.0				False	liver	early	enformer
188	0.0	0.0	0.0				False	liver	early	enformer
189	0.0	0.0	0.0				False	liver	early	enformer
190	0.0	0.0	0.0				False	liver	early	enformer
192	0.0	0.0	0.0				False	liver	early	enformer
193	0.0	0.0	0.0				False	liver	early	enformer
194	0.0	0.0	0.0				False	liver	early	enformer
195	0.0	0.0	0.0				False	liver	early	enformer
196	0.0	0.0	0.0				False	liver	early	enformer
197	0.0	0.0	0.0				False	liver	early	enformer
198	0.0	0.0	0.0				False	liver	early	enformer
199	0.0	0.0	0.0				False	liver	early	enformer
200	0.0	0.0	0.0				False	liver	early	enformer
201	0.0	0.0	0.0				False	liver	early	enformer
202	0.0	0.0	0.0				False	liver	early	enformer
203	0.0	0.0	0.0				False	liver	early	enformer
204	0.0	0.0	0.0				False	liver	early	enformer
205	0.0	0.0	0.0				False	liver	early	enformer
206	0.0	0.0	0.0				False	liver	early	enformer
208	0.0	0.0	0.0				False	liver	early	enformer
209	0.0	0.0	0.0				False	liver	early	enformer
210	0.0	0.0	0.0				False	liver	early	enformer
211	0.0	0.0	0.0				False	liver	early	enformer
212	0.0	0.0	0.0				False	liver	early	enformer
213	0.0	0.0	0.0				False	liver	early	enformer
214	0.0	0.0	0.0				False	liver	early	enformer
215	0.0	0.0	0.0				False	liver	early	enformer
216	0.0	0.0	0.0				False	liver	early	enformer
217	0.0	0.0	0.0				False	liver	early	enformer
218	0.0	0.0	0.0				False	liver	early	enformer
219	0.0	0.0	0.0				False	liver	early	enformer
220	0.0	0.0	0.0				False	liver	early	enformer
221	0.0	0.0	0.0				False	liver	early	enformer
222	0.0	0.0	0.0				False	liver	early	enformer
223	0.0	0.0	0.0				False	liver	early	enformer
224	0.0	0.0	0.0				False	liver	early	enformer
225	0.0	0.0	0.0				False	liver	early	enformer
226	0.0	0.0	0.0				False	liver	early	enformer
227	0.0	0.0	0.0				False	liver	early	enformer
228	0.0	0.0	0.0				False	liver	early	enformer
229	0.0	0.0	0.0				False	liver	early	enformer
230	0.0	0.0	0.0				False	liver	early	enformer
231	0.0	0.0	0.0				False	liver	early	enformer
232	0.0	0.0	0.0				False	liver	early	enformer
234	0.0	0.0	0.0				False	liver	early	enformer
235	0.0	0.0	0.0				False	liver	early	enformer
236	0.0	0.0	0.0				False	liver	early	enformer
237	0.0	0.0	0.0				False	liver	early	enformer
238	0.0	0.0	0.0				False	liver	early	enformer
239	0.0	0.0	0.0				False	liver	early	enformer
240	0.0	0.0	0.0				False	liver	early	enformer
241	0.0	0.0	0.0				False	liver	early	enformer
242	0.0	0.0	0.0				False	liver	early	enformer
243	0.0	0.0	0.0				False	liver	early	enformer
244	0.0	0.0	0.0				False	liver	early	enformer
245	0.0	0.0	0.0				False	liver	early	enformer
246	0.0	0.0	0.0				False	liver	early	enformer
247	0.0	0.0	0.0				False	liver	early	enformer
248	0.0	0.0	0.0				False	liver	early	enformer
249	0.0	0.0	0.0				False	liver	early	enformer
250	0.0	0.0	0.0				False	liver	early	enformer
251	0.0	0.0	0.0				False	liver	early	enformer
252	0.0	0.0	0.0				False	liver	early	enformer
253	0.0	0.0	0.0				False	liver	early	enformer
254	0.0	0.0	0.0				False	liver	early	enformer
255	0.0	0.0	0.0				False	liver	early	enformer
256	0.0	0.0	0.0				False	liver	early	enformer
257	0.0	0.0	0.0				False	liver	early	enformer
258	0.0	0.0	0.0				False	liver	early	enformer
259	0.0	0.0	0.0				False	liver	early	enformer
260	0.0	0.0	0.0				False	liver	early	enformer
261	0.0	0.0	0.0				False	liver	early	enformer
262	0.0	0.0	0.0				False	liver	early	enformer
263	0.0	0.0	0.0				False	liver	early	enformer
264	0.0	0.0	0.0				False	liver	early	enformer
265	0.0	0.0	0.0				False	liver	early	enformer
266	0.0	0.0	0.0				False	liver	early	enformer
267	0.0	0.0	0.0				False	liver	early	enformer
268	0.0	0.0	0.0				False	liver	early	enformer
269	0.0	0.0	0.0				False	liver	early	enformer
270	0.0	0.0	0.0				False	liver	early	enformer
271	0.0	0.0	0.0				False	liver	early	enformer
272	0.0	0.0	0.0				False	liver	early	enformer
273	0.0	0.0	0.0				False	liver	early	enformer
274	0.0	0.0	0.0				False	liver	early	enformer
275	0.0	0.0	0.0				False	liver	early	enformer
276	0.0	0.0	0.0				False	liver	early	enformer
277	0.0	0.0	0.0				False	liver	early	enformer
278	0.0	0.0	0.0				False	liver	early	enformer
279	0.0	0.0	0.0				False	liver	early	enformer
280	0.0	0.0	0.0				False	liver	early	enformer
281	0.0	0.0	0.0				False	liver	early	enformer
282	0.0	0.0	0.0				False	liver	early	enformer
283	0.0	0.0	0.0				False	liver	early	enformer
284	0.0	0.0	0.0				False	liver	early	enformer
285	0.0	0.0	0.0				False	liver	early	enformer
286	0.0	0.0	0.0				False	liver	early	enformer
287	0.0	0.0	0.0				False	liver	early	enformer
288	0.0	0.0	0.0				False	liver	early	enformer
289	0.0	0.0	0.0				False	liver	early	enformer
290	0.0	0.0	0.0				False	liver	early	enformer
291	0.0	0.0	0.0				False	liver	early	enformer
292	0.0	0.0	0.0				False	liver	early	enformer
293	0.0	0.0	0.0				False	liver	early	enformer
294	0.0	0.0	0.0				False	liver	early	enformer
295	0.0	0.0	0.0				False	liver	early	enformer
296	0.0	0.0	0.0				False	liver	early	enformer
297	0.0	0.0	0.0				False	liver	early	enformer
298	0.0	0.0	0.0				False	liver	early	enformer
299	0.0	0.0	0.0				False	liver	early	enformer
300	0.0	0.0	0.0				False	liver	early	enformer
302	0.0	0.0	0.0				False	liver	early	enformer
303	0.0	0.0	0.0				False	liver	early	enformer
304	0.0	0.0	0.0				False	liver	early	enformer
305	0.0	0.0	0.0				False	liver	early	enformer
306	0.0	0.0	0.0				False	liver	early	enformer
307	0.0	0.0	0.0				False	liver	early	enformer
308	0.0	0.0	0.0				False	liver	early	enformer
309	0.0	0.0	0.0				False	liver	early	enformer
310	0.0	0.0	0.0				False	liver	early	enformer
311	0.0	0.0	0.0				False	liver	early	enformer
312	0.0	0.0	0.0				False	liver	early	enformer
313	0.0	0.0	0.0				False	liver	early	enformer
314	0.0	0.0	0.0				False	liver	early	enformer
315	0.0	0.0	0.0				False	liver	early	enformer
316	0.0	0.0	0.0				False	liver	early	enformer
317	0.0	0.0	0.0				False	liver	early	enformer
318	0.0	0.0	0.0				False	liver	early	enformer
319	0.0	0.0	0.0				False	liver	early	enformer
320	0.0	0.0	0.0				False	liver	early	enformer
321	0.0	0.0	0.0				False	liver	early	enformer
322	0.0	0.0	0.0				False	liver	early	enformer
323	0.0	0.0	0.0				False	liver	early	enformer
324	0.0	0.0	0.0				False	liver	early	enformer
325	0.0	0.0	0.0				False	liver	early	enformer
326	0.0	0.0	0.0				False	liver	early	enformer
327	0.0	0.0	0.0				False	liver	early	enformer
328	0.0	0.0	0.0				False	liver	early	enformer
329	0.0	0.0	0.0				False	liver	early	enformer
330	0.0	0.0	0.0				False	liver	early	enformer
331	0.0	0.0	0.0				False	liver	early	enformer
332	0.0	0.0	0.0				False	liver	early	enformer
333	0.0	0.0	0.0				False	liver	early	enformer
334	0.0	0.0	0.0				False	liver	early	enformer
335	0.0	0.0	0.0				False	liver	early	enformer
336	0.0	0.0	0.0				False	liver	early	enformer
337	0.0	0.0	0.0				False	liver	early	enformer
338	0.0	0.0	0.0				False	liver	early	enformer
339	0.0	0.0	0.0				False	liver	early	enformer
340	0.0	0.0	0.0				False	liver	early	enformer
341	0.0	0.0	0.0				False	liver	early	enformer
342	0.0	0.0	0.0				False	liver	early	enformer
344	0.0	0.0	0.0				False	liver	early	enformer
345	0.0	0.0	0.0				False	liver	early	enformer
347	0.0	0.0	0.0				False	liver	early	enformer
348	0.0	0.0	0.0				False	liver	early	enformer
349	0.0	0.0	0.0				False	liver	early	enformer
350	0.0	0.0	0.0				False	liver	early	enformer
351	0.0	0.0	0.0				False	liver	early	enformer
352	0.0	0.0	0.0				False	liver	early	enformer
353	0.0	0.0	0.0				False	liver	early	enformer
354	0.0	0.0	0.0				False	liver	early	enformer
355	0.0	0.0	0.0				False	liver	early	enformer
356	0.0	0.0	0.0				False	liver	early	enformer
357	0.0	0.0	0.0				False	liver	early	enformer
358	0.0	0.0	0.0				False	liver	early	enformer
359	0.0	0.0	0.0				False	liver	early	enformer
360	0.0	0.0	0.0				False	liver	early	enformer
361	0.0	0.0	0.0				False	liver	early	enformer
362	0.0	0.0	0.0				False	liver	early	enformer
363	0.0	0.0	0.0				False	liver	early	enformer
364	0.0	0.0	0.0				False	liver	early	enformer
365	0.0	0.0	0.0				False	liver	early	enformer
366	0.0	0.0	0.0				False	liver	early	enformer
367	0.0	0.0	0.0				False	liver	early	enformer
368	0.0	0.0	0.0				False	liver	early	enformer
369	0.0	0.0	0.0				False	liver	early	enformer
370	0.0	0.0	0.0				False	liver	early	enformer
371	0.0	0.0	0.0				False	liver	early	enformer
372	0.0	0.0	0.0				False	liver	early	enformer
373	0.0	0.0	0.0				False	liver	early	enformer
374	0.0	0.0	0.0				False	liver	early	enformer
375	0.0	0.0	0.0				False	liver	early	enformer
376	0.0	0.0	0.0				False	liver	early	enformer
377	0.0	0.0	0.0				False	liver	early	enformer
378	0.0	0.0	0.0				False	liver	early	enformer
379	0.0	0.0	0.0				False	liver	early	enformer
380	0.0	0.0	0.0				False	liver	early	enformer
381	0.0	0.0	0.0				False	liver	early	enformer
382	0.0	0.0	0.0				False	liver	early	enformer
383	0.0	0.0	0.0				False	liver	early	enformer
385	0.0	0.0	0.0				False	liver	early	enformer
386	0.0	0.0	0.0				False	liver	early	enformer
387	0.0	0.0	0.0				False	liver	early	enformer
388	0.0	0.0	0.0				False	liver	early	enformer
389	0.0	0.0	0.0				False	liver	early	enformer
390	0.0	0.0	0.0				False	liver	early	enformer
391	0.0	0.0	0.0				False	liver	early	enformer
392	0.0	0.0	0.0				False	liver	early	enformer
393	0.0	0.0	0.0				False	liver	early	enformer
394	0.0	0.0	0.0				False	liver	early	enformer
395	0.0	0.0	0.0				False	liver	early	enformer
396	0.0	0.0	0.0				False	liver	early	enformer
397	0.0	0.0	0.0				False	liver	early	enformer
399	0.0	0.0	0.0				False	liver	early	enformer
400	0.0	0.0	0.0				False	liver	early	enformer
401	0.0	0.0	0.0				False	liver	early	enformer
402	0.0	0.0	0.0				False	liver	early	enformer
403	0.0	0.0	0.0				False	liver	early	enformer
404	0.0	0.0	0.0				False	liver	early	enformer
405	0.0	0.0	0.0				False	liver	early	enformer
407	0.0	0.0	0.0				False	liver	early	enformer
408	0.0	0.0	0.0				False	liver	early	enformer
409	0.0	0.0	0.0				False	liver	early	enformer
410	0.0	0.0	0.0				False	liver	early	enformer
411	0.0	0.0	0.0				False	liver	early	enformer
412	0.0	0.0	0.0				False	liver	early	enformer
413	0.0	0.0	0.0				False	liver	early	enformer
414	0.0	0.0	0.0				False	liver	early	enformer
415	0.0	0.0	0.0				False	liver	early	enformer
417	0.0	0.0	0.0				False	liver	early	enformer
418	0.0	0.0	0.0				False	liver	early	enformer
419	0.0	0.0	0.0				False	liver	early	enformer
420	0.0	0.0	0.0				False	liver	early	enformer
421	0.0	0.0	0.0				False	liver	early	enformer
422	0.0	0.0	0.0				False	liver	early	enformer
423	0.0	0.0	0.0				False	liver	early	enformer
424	0.0	0.0	0.0				False	liver	early	enformer
425	0.0	0.0	0.0				False	liver	early	enformer
426	0.0	0.0	0.0				False	liver	early	enformer
427	0.0	0.0	0.0				False	liver	early	enformer
428	0.0	0.0	0.0				False	liver	early	enformer
429	0.0	0.0	0.0				False	liver	early	enformer
430	0.0	0.0	0.0				False	liver	early	enformer
431	0.0	0.0	0.0				False	liver	early	enformer
432	0.0	0.0	0.0				False	liver	early	enformer
433	0.0	0.0	0.0				False	liver	early	enformer
434	0.0	0.0	0.0				False	liver	early	enformer
435	0.0	0.0	0.0				False	liver	early	enformer
436	0.0	0.0	0.0				False	liver	early	enformer
437	0.0	0.0	0.0				False	liver	early	enformer
438	0.0	0.0	0.0				False	liver	early	enformer
439	0.0	0.0	0.0				False	liver	early	enformer
440	0.0	0.0	0.0				False	liver	early	enformer
441	0.0	0.0	0.0				False	liver	early	enformer
442	0.0	0.0	0.0				False	liver	early	enformer
443	0.0	0.0	0.0				False	liver	early	enformer
445	0.0	0.0	0.0				False	liver	early	enformer
446	0.0	0.0	0.0				False	liver	early	enformer
447	0.0	0.0	0.0				False	liver	early	enformer
448	0.0	0.0	0.0				False	liver	early	enformer
449	0.0	0.0	0.0				False	liver	early	enformer
450	0.0	0.0	0.0				False	liver	early	enformer
451	0.0	0.0	0.0				False	liver	early	enformer
452	0.0	0.0	0.0				False	liver	early	enformer
453	0.0	0.0	0.0				False	liver	early	enformer
456	0.0	0.0	0.0				False	liver	early	enformer
457	0.0	0.0	0.0				False	liver	early	enformer
458	0.0	0.0	0.0				False	liver	early	enformer
459	0.0	0.0	0.0				False	liver	early	enformer
461	0.0	0.0	0.0				False	liver	early	enformer
462	0.0	0.0	0.0				False	liver	early	enformer
463	0.0	0.0	0.0				False	liver	early	enformer
464	0.0	0.0	0.0				False	liver	early	enformer
465	0.0	0.0	0.0				False	liver	early	enformer
466	0.0	0.0	0.0				False	liver	early	enformer
467	0.0	0.0	0.0				False	liver	early	enformer
468	0.0	0.0	0.0				False	liver	early	enformer
469	0.0	0.0	0.0				False	liver	early	enformer
470	0.0	0.0	0.0				False	liver	early	enformer
471	0.0	0.0	0.0				False	liver	early	enformer
472	0.0	0.0	0.0				False	liver	early	enformer
473	0.0	0.0	0.0				False	liver	early	enformer
474	0.0	0.0	0.0				False	liver	early	enformer
475	0.0	0.0	0.0				False	liver	early	enformer
476	0.0	0.0	0.0				False	liver	early	enformer
477	0.0	0.0	0.0				False	liver	early	enformer
478	0.0	0.0	0.0				False	liver	early	enformer
480	0.0	0.0	0.0				False	liver	early	enformer
481	0.0	0.0	0.0				False	liver	early	enformer
482	0.0	0.0	0.0				False	liver	early	enformer
483	0.0	0.0	0.0				False	liver	early	enformer
484	0.0	0.0	0.0				False	liver	early	enformer
485	0.0	0.0	0.0				False	liver	early	enformer
486	0.0	0.0	0.0				False	liver	early	enformer
487	0.0	0.0	0.0				False	liver	early	enformer
488	0.0	0.0	0.0				False	liver	early	enformer
489	0.0	0.0	0.0				False	liver	early	enformer
490	0.0	0.0	0.0				False	liver	early	enformer
491	0.0	0.0	0.0				False	liver	early	enformer
492	0.0	0.0	0.0				False	liver	early	enformer
493	0.0	0.0	0.0				False	liver	early	enformer
494	0.0	0.0	0.0				False	liver	early	enformer
495	0.0	0.0	0.0				False	liver	early	enformer
496	0.0	0.0	0.0				False	liver	early	enformer
497	0.0	0.0	0.0				False	liver	early	enformer
498	0.0	0.0	0.0				False	liver	early	enformer
499	0.0	0.0	0.0				False	liver	early	enformer
500	0.0	0.0	0.0				False	liver	early	enformer
501	0.0	0.0	0.0				False	liver	early	enformer
502	0.0	0.0	0.0				False	liver	early	enformer
503	0.0	0.0	0.0				False	liver	early	enformer
505	0.0	0.0	0.0				False	liver	early	enformer
506	0.0	0.0	0.0				False	liver	early	enformer
507	0.0	0.0	0.0				False	liver	early	enformer
508	0.0	0.0	0.0				False	liver	early	enformer
509	0.0	0.0	0.0				False	liver	early	enformer
510	0.0	0.0	0.0				False	liver	early	enformer
511	0.0	0.0	0.0				False	liver	early	enformer
512	0.0	0.0	0.0				False	liver	early	enformer
513	0.0	0.0	0.0				False	liver	early	enformer
514	0.0	0.0	0.0				False	liver	early	enformer
515	0.0	0.0	0.0				False	liver	early	enformer
516	0.0	0.0	0.0				False	liver	early	enformer
517	0.0	0.0	0.0				False	liver	early	enformer
518	0.0	0.0	0.0				False	liver	early	enformer
519	0.0	0.0	0.0				False	liver	early	enformer
520	0.0	0.0	0.0				False	liver	early	enformer
521	0.0	0.0	0.0				False	liver	early	enformer
522	0.0	0.0	0.0				False	liver	early	enformer
523	0.0	0.0	0.0				False	liver	early	enformer
524	0.0	0.0	0.0				False	liver	early	enformer
525	0.0	0.0	0.0				False	liver	early	enformer
527	0.0	0.0	0.0				False	liver	early	enformer
528	0.0	0.0	0.0				False	liver	early	enformer
529	0.0	0.0	0.0				False	liver	early	enformer
530	0.0	0.0	0.0				False	liver	early	enformer
531	0.0	0.0	0.0				False	liver	early	enformer
532	0.0	0.0	0.0				False	liver	early	enformer
534	0.0	0.0	0.0				False	liver	early	enformer
535	0.0	0.0	0.0				False	liver	early	enformer
536	0.0	0.0	0.0				False	liver	early	enformer
537	0.0	0.0	0.0				False	liver	early	enformer
538	0.0	0.0	0.0				False	liver	early	enformer
539	0.0	0.0	0.0				False	liver	early	enformer
540	0.0	0.0	0.0				False	liver	early	enformer
541	0.0	0.0	0.0				False	liver	early	enformer
542	0.0	0.0	0.0				False	liver	early	enformer
543	0.0	0.0	0.0				False	liver	early	enformer
544	0.0	0.0	0.0				False	liver	early	enformer
546	0.0	0.0	0.0				False	liver	early	enformer
548	0.0	0.0	0.0				False	liver	early	enformer
549	0.0	0.0	0.0				False	liver	early	enformer
550	0.0	0.0	0.0				False	liver	early	enformer
551	0.0	0.0	0.0				False	liver	early	enformer
552	0.0	0.0	0.0				False	liver	early	enformer
553	0.0	0.0	0.0				False	liver	early	enformer
554	0.0	0.0	0.0				False	liver	early	enformer
555	0.0	0.0	0.0				False	liver	early	enformer
556	0.0	0.0	0.0				False	liver	early	enformer
557	0.0	0.0	0.0				False	liver	early	enformer
558	0.0	0.0	0.0				False	liver	early	enformer
559	0.0	0.0	0.0				False	liver	early	enformer
560	0.0	0.0	0.0				False	liver	early	enformer
561	0.0	0.0	0.0				False	liver	early	enformer
562	0.0	0.0	0.0				False	liver	early	enformer
563	0.0	0.0	0.0				False	liver	early	enformer
564	0.0	0.0	0.0				False	liver	early	enformer
565	0.0	0.0	0.0				False	liver	early	enformer
566	0.0	0.0	0.0				False	liver	early	enformer
567	0.0	0.0	0.0				False	liver	early	enformer
568	0.0	0.0	0.0				False	liver	early	enformer
569	0.0	0.0	0.0				False	liver	early	enformer
570	0.0	0.0	0.0				False	liver	early	enformer
571	0.0	0.0	0.0				False	liver	early	enformer
572	0.0	0.0	0.0				False	liver	early	enformer
573	0.0	0.0	0.0				False	liver	early	enformer
574	0.0	0.0	0.0				False	liver	early	enformer
576	0.0	0.0	0.0				False	liver	early	enformer
577	0.0	0.0	0.0				False	liver	early	enformer
578	0.0	0.0	0.0				False	liver	early	enformer
579	0.0	0.0	0.0				False	liver	early	enformer
580	0.0	0.0	0.0				False	liver	early	enformer
581	0.0	0.0	0.0				False	liver	early	enformer
582	0.0	0.0	0.0				False	liver	early	enformer
583	0.0	0.0	0.0				False	liver	early	enformer
584	0.0	0.0	0.0				False	liver	early	enformer
585	0.0	0.0	0.0				False	liver	early	enformer
586	0.0	0.0	0.0				False	liver	early	enformer
587	0.0	0.0	0.0				False	liver	early	enformer
588	0.0	0.0	0.0				False	liver	early	enformer
589	0.0	0.0	0.0				False	liver	early	enformer
590	0.0	0.0	0.0				False	liver	early	enformer
591	0.0	0.0	0.0				False	liver	early	enformer
593	0.0	0.0	0.0				False	liver	early	enformer
594	0.0	0.0	0.0				False	liver	early	enformer
595	0.0	0.0	0.0				False	liver	early	enformer
596	0.0	0.0	0.0				False	liver	early	enformer
597	0.0	0.0	0.0				False	liver	early	enformer
598	0.0	0.0	0.0				False	liver	early	enformer
599	0.0	0.0	0.0				False	liver	early	enformer
600	0.0	0.0	0.0				False	liver	early	enformer
601	0.0	0.0	0.0				False	liver	early	enformer
602	0.0	0.0	0.0				False	liver	early	enformer
603	0.0	0.0	0.0				False	liver	early	enformer
604	0.0	0.0	0.0				False	liver	early	enformer
605	0.0	0.0	0.0				False	liver	early	enformer
606	0.0	0.0	0.0				False	liver	early	enformer
607	0.0	0.0	0.0				False	liver	early	enformer
608	0.0	0.0	0.0				False	liver	early	enformer
609	0.0	0.0	0.0				False	liver	early	enformer
611	0.0	0.0	0.0				False	liver	early	enformer
612	0.0	0.0	0.0				False	liver	early	enformer
613	0.0	0.0	0.0				False	liver	early	enformer
614	0.0	0.0	0.0				False	liver	early	enformer
615	0.0	0.0	0.0				False	liver	early	enformer
616	0.0	0.0	0.0				False	liver	early	enformer
617	0.0	0.0	0.0				False	liver	early	enformer
618	0.0	0.0	0.0				False	liver	early	enformer
619	0.0	0.0	0.0				False	liver	early	enformer
621	0.0	0.0	0.0				False	liver	early	enformer
622	0.0	0.0	0.0				False	liver	early	enformer
623	0.0	0.0	0.0				False	liver	early	enformer
624	0.0	0.0	0.0				False	liver	early	enformer
625	0.0	0.0	0.0				False	liver	early	enformer
626	0.0	0.0	0.0				False	liver	early	enformer
627	0.0	0.0	0.0				False	liver	early	enformer
628	0.0	0.0	0.0				False	liver	early	enformer
629	0.0	0.0	0.0				False	liver	early	enformer
630	0.0	0.0	0.0				False	liver	early	enformer
631	0.0	0.0	0.0				False	liver	early	enformer
632	0.0	0.0	0.0				False	liver	early	enformer
633	0.0	0.0	0.0				False	liver	early	enformer
634	0.0	0.0	0.0				False	liver	early	enformer
635	0.0	0.0	0.0				False	liver	early	enformer
636	0.0	0.0	0.0				False	liver	early	enformer
637	0.0	0.0	0.0				False	liver	early	enformer
638	0.0	0.0	0.0				False	liver	early	enformer
639	0.0	0.0	0.0				False	liver	early	enformer
640	0.0	0.0	0.0				False	liver	early	enformer
641	0.0	0.0	0.0				False	liver	early	enformer
642	0.0	0.0	0.0				False	liver	early	enformer
643	0.0	0.0	0.0				False	liver	early	enformer
646	0.0	0.0	0.0				False	liver	early	enformer
647	0.0	0.0	0.0				False	liver	early	enformer
648	0.0	0.0	0.0				False	liver	early	enformer
649	0.0	0.0	0.0				False	liver	early	enformer
650	0.0	0.0	0.0				False	liver	early	enformer
651	0.0	0.0	0.0				False	liver	early	enformer
652	0.0	0.0	0.0				False	liver	early	enformer
653	0.0	0.0	0.0				False	liver	early	enformer
654	0.0	0.0	0.0				False	liver	early	enformer
655	0.0	0.0	0.0				False	liver	early	enformer
656	0.0	0.0	0.0				False	liver	early	enformer
657	0.0	0.0	0.0				False	liver	early	enformer
658	0.0	0.0	0.0				False	liver	early	enformer
659	0.0	0.0	0.0				False	liver	early	enformer
660	0.0	0.0	0.0				False	liver	early	enformer
661	0.0	0.0	0.0				False	liver	early	enformer
662	0.0	0.0	0.0				False	liver	early	enformer
663	0.0	0.0	0.0				False	liver	early	enformer
664	0.0	0.0	0.0				False	liver	early	enformer
665	0.0	0.0	0.0				False	liver	early	enformer
666	0.0	0.0	0.0				False	liver	early	enformer
667	0.0	0.0	0.0				False	liver	early	enformer
668	0.0	0.0	0.0				False	liver	early	enformer
669	0.0	0.0	0.0				False	liver	early	enformer
671	0.0	0.0	0.0				False	liver	early	enformer
672	0.0	0.0	0.0				False	liver	early	enformer
673	0.0	0.0	0.0				False	liver	early	enformer
674	0.0	0.0	0.0				False	liver	early	enformer
675	0.0	0.0	0.0				False	liver	early	enformer
676	0.0	0.0	0.0				False	liver	early	enformer
677	0.0	0.0	0.0				False	liver	early	enformer
678	0.0	0.0	0.0				False	liver	early	enformer
679	0.0	0.0	0.0				False	liver	early	enformer
680	0.0	0.0	0.0				False	liver	early	enformer
681	0.0	0.0	0.0				False	liver	early	enformer
683	0.0	0.0	0.0				False	liver	early	enformer
684	0.0	0.0	0.0				False	liver	early	enformer
685	0.0	0.0	0.0				False	liver	early	enformer
686	0.0	0.0	0.0				False	liver	early	enformer
687	0.0	0.0	0.0				False	liver	early	enformer
688	0.0	0.0	0.0				False	liver	early	enformer
689	0.0	0.0	0.0				False	liver	early	enformer
690	0.0	0.0	0.0				False	liver	early	enformer
691	0.0	0.0	0.0				False	liver	early	enformer
692	0.0	0.0	0.0				False	liver	early	enformer
693	0.0	0.0	0.0				False	liver	early	enformer
694	0.0	0.0	0.0				False	liver	early	enformer
695	0.0	0.0	0.0				False	liver	early	enformer
696	0.0	0.0	0.0				False	liver	early	enformer
697	0.0	0.0	0.0				False	liver	early	enformer
698	0.0	0.0	0.0				False	liver	early	enformer
699	0.0	0.0	0.0				False	liver	early	enformer
700	0.0	0.0	0.0				False	liver	early	enformer
701	0.0	0.0	0.0				False	liver	early	enformer
702	0.0	0.0	0.0				False	liver	early	enformer
703	0.0	0.0	0.0				False	liver	early	enformer
704	0.0	0.0	0.0				False	liver	early	enformer
705	0.0	0.0	0.0				False	liver	early	enformer
706	0.0	0.0	0.0				False	liver	early	enformer
707	0.0	0.0	0.0				False	liver	early	enformer
708	0.0	0.0	0.0				False	liver	early	enformer
709	0.0	0.0	0.0				False	liver	early	enformer
710	0.0	0.0	0.0				False	liver	early	enformer
711	0.0	0.0	0.0				False	liver	early	enformer
712	0.0	0.0	0.0				False	liver	early	enformer
713	0.0	0.0	0.0				False	liver	early	enformer
714	0.0	0.0	0.0				False	liver	early	enformer
715	0.0	0.0	0.0				False	liver	early	enformer
716	0.0	0.0	0.0				False	liver	early	enformer
717	0.0	0.0	0.0				False	liver	early	enformer
718	0.0	0.0	0.0				False	liver	early	enformer
719	0.0	0.0	0.0				False	liver	early	enformer
720	0.0	0.0	0.0				False	liver	early	enformer
721	0.0	0.0	0.0				False	liver	early	enformer
722	0.0	0.0	0.0				False	liver	early	enformer
723	0.0	0.0	0.0				False	liver	early	enformer
724	0.0	0.0	0.0				False	liver	early	enformer
725	0.0	0.0	0.0				False	liver	early	enformer
726	0.0	0.0	0.0				False	liver	early	enformer
727	0.0	0.0	0.0				False	liver	early	enformer
728	0.0	0.0	0.0				False	liver	early	enformer
729	0.0	0.0	0.0				False	liver	early	enformer
730	0.0	0.0	0.0				False	liver	early	enformer
731	0.0	0.0	0.0				False	liver	early	enformer
732	0.0	0.0	0.0				False	liver	early	enformer
733	0.0	0.0	0.0				False	liver	early	enformer
734	0.0	0.0	0.0				False	liver	early	enformer
735	0.0	0.0	0.0				False	liver	early	enformer
736	0.0	0.0	0.0				False	liver	early	enformer
737	0.0	0.0	0.0				False	liver	early	enformer
738	0.0	0.0	0.0				False	liver	early	enformer
739	0.0	0.0	0.0				False	liver	early	enformer
740	0.0	0.0	0.0				False	liver	early	enformer
741	0.0	0.0	0.0				False	liver	early	enformer
742	0.0	0.0	0.0				False	liver	early	enformer
743	0.0	0.0	0.0				False	liver	early	enformer
744	0.0	0.0	0.0				False	liver	early	enformer
745	0.0	0.0	0.0				False	liver	early	enformer
746	0.0	0.0	0.0				False	liver	early	enformer
747	0.0	0.0	0.0				False	liver	early	enformer
748	0.0	0.0	0.0				False	liver	early	enformer
749	0.0	0.0	0.0				False	liver	early	enformer
750	0.0	0.0	0.0				False	liver	early	enformer
751	0.0	0.0	0.0				False	liver	early	enformer
752	0.0	0.0	0.0				False	liver	early	enformer
753	0.0	0.0	0.0				False	liver	early	enformer
754	0.0	0.0	0.0				False	liver	early	enformer
755	0.0	0.0	0.0				False	liver	early	enformer
756	0.0	0.0	0.0				False	liver	early	enformer
757	0.0	0.0	0.0				False	liver	early	enformer
758	0.0	0.0	0.0				False	liver	early	enformer
759	0.0	0.0	0.0				False	liver	early	enformer
760	0.0	0.0	0.0				False	liver	early	enformer
761	0.0	0.0	0.0				False	liver	early	enformer
762	0.0	0.0	0.0				False	liver	early	enformer
763	0.0	0.0	0.0				False	liver	early	enformer
764	0.0	0.0	0.0				False	liver	early	enformer
765	0.0	0.0	0.0				False	liver	early	enformer
766	0.0	0.0	0.0				False	liver	early	enformer
767	0.0	0.0	0.0				False	liver	early	enformer
768	0.0	0.0	0.0				False	liver	early	enformer
769	0.0	0.0	0.0				False	liver	early	enformer
772	0.0	0.0	0.0				False	liver	early	enformer
773	0.0	0.0	0.0				False	liver	early	enformer
774	0.0	0.0	0.0				False	liver	early	enformer
775	0.0	0.0	0.0				False	liver	early	enformer
776	0.0	0.0	0.0				False	liver	early	enformer
777	0.0	0.0	0.0				False	liver	early	enformer
778	0.0	0.0	0.0				False	liver	early	enformer
779	0.0	0.0	0.0				False	liver	early	enformer
780	0.0	0.0	0.0				False	liver	early	enformer
781	0.0	0.0	0.0				False	liver	early	enformer
782	0.0	0.0	0.0				False	liver	early	enformer
783	0.0	0.0	0.0				False	liver	early	enformer
784	0.0	0.0	0.0				False	liver	early	enformer
785	0.0	0.0	0.0				False	liver	early	enformer
786	0.0	0.0	0.0				False	liver	early	enformer
787	0.0	0.0	0.0				False	liver	early	enformer
788	0.0	0.0	0.0				False	liver	early	enformer
789	0.0	0.0	0.0				False	liver	early	enformer
790	0.0	0.0	0.0				False	liver	early	enformer
791	0.0	0.0	0.0				False	liver	early	enformer
792	0.0	0.0	0.0				False	liver	early	enformer
793	0.0	0.0	0.0				False	liver	early	enformer
794	0.0	0.0	0.0				False	liver	early	enformer
795	0.0	0.0	0.0				False	liver	early	enformer
796	0.0	0.0	0.0				False	liver	early	enformer
797	0.0	0.0	0.0				False	liver	early	enformer
798	0.0	0.0	0.0				False	liver	early	enformer
799	0.0	0.0	0.0				False	liver	early	enformer
800	0.0	0.0	0.0				False	liver	early	enformer
802	0.0	0.0	0.0				False	liver	early	enformer
803	0.0	0.0	0.0				False	liver	early	enformer
805	0.0	0.0	0.0				False	liver	early	enformer
806	0.0	0.0	0.0				False	liver	early	enformer
807	0.0	0.0	0.0				False	liver	early	enformer
808	0.0	0.0	0.0				False	liver	early	enformer
809	0.0	0.0	0.0				False	liver	early	enformer
810	0.0	0.0	0.0				False	liver	early	enformer
811	0.0	0.0	0.0				False	liver	early	enformer
812	0.0	0.0	0.0				False	liver	early	enformer
813	0.0	0.0	0.0				False	liver	early	enformer
814	0.0	0.0	0.0				False	liver	early	enformer
815	0.0	0.0	0.0				False	liver	early	enformer
816	0.0	0.0	0.0				False	liver	early	enformer
817	0.0	0.0	0.0				False	liver	early	enformer
818	0.0	0.0	0.0				False	liver	early	enformer
819	0.0	0.0	0.0				False	liver	early	enformer
820	0.0	0.0	0.0				False	liver	early	enformer
821	0.0	0.0	0.0				False	liver	early	enformer
822	0.0	0.0	0.0				False	liver	early	enformer
823	0.0	0.0	0.0				False	liver	early	enformer
824	0.0	0.0	0.0				False	liver	early	enformer
825	0.0	0.0	0.0				False	liver	early	enformer
826	0.0	0.0	0.0				False	liver	early	enformer
827	0.0	0.0	0.0				False	liver	early	enformer
828	0.0	0.0	0.0				False	liver	early	enformer
829	0.0	0.0	0.0				False	liver	early	enformer
830	0.0	0.0	0.0				False	liver	early	enformer
831	0.0	0.0	0.0				False	liver	early	enformer
832	0.0	0.0	0.0				False	liver	early	enformer
833	0.0	0.0	0.0				False	liver	early	enformer
834	0.0	0.0	0.0				False	liver	early	enformer
835	0.0	0.0	0.0				False	liver	early	enformer
836	0.0	0.0	0.0				False	liver	early	enformer
837	0.0	0.0	0.0				False	liver	early	enformer
838	0.0	0.0	0.0				False	liver	early	enformer
839	0.0	0.0	0.0				False	liver	early	enformer
840	0.0	0.0	0.0				False	liver	early	enformer
841	0.0	0.0	0.0				False	liver	early	enformer
842	0.0	0.0	0.0				False	liver	early	enformer
844	0.0	0.0	0.0				False	liver	early	enformer
845	0.0	0.0	0.0				False	liver	early	enformer
846	0.0	0.0	0.0				False	liver	early	enformer
847	0.0	0.0	0.0				False	liver	early	enformer
848	0.0	0.0	0.0				False	liver	early	enformer
849	0.0	0.0	0.0				False	liver	early	enformer
850	0.0	0.0	0.0				False	liver	early	enformer
851	0.0	0.0	0.0				False	liver	early	enformer
852	0.0	0.0	0.0				False	liver	early	enformer
853	0.0	0.0	0.0				False	liver	early	enformer
854	0.0	0.0	0.0				False	liver	early	enformer
855	0.0	0.0	0.0				False	liver	early	enformer
856	0.0	0.0	0.0				False	liver	early	enformer
857	0.0	0.0	0.0				False	liver	early	enformer
858	0.0	0.0	0.0				False	liver	early	enformer
859	0.0	0.0	0.0				False	liver	early	enformer
860	0.0	0.0	0.0				False	liver	early	enformer
861	0.0	0.0	0.0				False	liver	early	enformer
862	0.0	0.0	0.0				False	liver	early	enformer
863	0.0	0.0	0.0				False	liver	early	enformer
864	0.0	0.0	0.0				False	liver	early	enformer
865	0.0	0.0	0.0				False	liver	early	enformer
866	0.0	0.0	0.0				False	liver	early	enformer
867	0.0	0.0	0.0				False	liver	early	enformer
868	0.0	0.0	0.0				False	liver	early	enformer
869	0.0	0.0	0.0				False	liver	early	enformer
870	0.0	0.0	0.0				False	liver	early	enformer
871	0.0	0.0	0.0				False	liver	early	enformer
872	0.0	0.0	0.0				False	liver	early	enformer
873	0.0	0.0	0.0				False	liver	early	enformer
874	0.0	0.0	0.0				False	liver	early	enformer
875	0.0	0.0	0.0				False	liver	early	enformer
876	0.0	0.0	0.0				False	liver	early	enformer
877	0.0	0.0	0.0				False	liver	early	enformer
878	0.0	0.0	0.0				False	liver	early	enformer
879	0.0	0.0	0.0				False	liver	early	enformer
880	0.0	0.0	0.0				False	liver	early	enformer
881	0.0	0.0	0.0				False	liver	early	enformer
882	0.0	0.0	0.0				False	liver	early	enformer
883	0.0	0.0	0.0				False	liver	early	enformer
884	0.0	0.0	0.0				False	liver	early	enformer
885	0.0	0.0	0.0				False	liver	early	enformer
886	0.0	0.0	0.0				False	liver	early	enformer
887	0.0	0.0	0.0				False	liver	early	enformer
888	0.0	0.0	0.0				False	liver	early	enformer
889	0.0	0.0	0.0				False	liver	early	enformer
890	0.0	0.0	0.0				False	liver	early	enformer
891	0.0	0.0	0.0				False	liver	early	enformer
892	0.0	0.0	0.0				False	liver	early	enformer
893	0.0	0.0	0.0				False	liver	early	enformer
894	0.0	0.0	0.0				False	liver	early	enformer
895	0.0	0.0	0.0				False	liver	early	enformer
896	0.0	0.0	0.0				False	liver	early	enformer
897	0.0	0.0	0.0				False	liver	early	enformer
899	0.0	0.0	0.0				False	liver	early	enformer
900	0.0	0.0	0.0				False	liver	early	enformer
901	0.0	0.0	0.0				False	liver	early	enformer
902	0.0	0.0	0.0				False	liver	early	enformer
903	0.0	0.0	0.0				False	liver	early	enformer
904	0.0	0.0	0.0				False	liver	early	enformer
905	0.0	0.0	0.0				False	liver	early	enformer
907	0.0	0.0	0.0				False	liver	early	enformer
908	0.0	0.0	0.0				False	liver	early	enformer
909	0.0	0.0	0.0				False	liver	early	enformer
910	0.0	0.0	0.0				False	liver	early	enformer
911	0.0	0.0	0.0				False	liver	early	enformer
912	0.0	0.0	0.0				False	liver	early	enformer
913	0.0	0.0	0.0				False	liver	early	enformer
914	0.0	0.0	0.0				False	liver	early	enformer
915	0.0	0.0	0.0				False	liver	early	enformer
916	0.0	0.0	0.0				False	liver	early	enformer
917	0.0	0.0	0.0				False	liver	early	enformer
918	0.0	0.0	0.0				False	liver	early	enformer
920	0.0	0.0	0.0				False	liver	early	enformer
921	0.0	0.0	0.0				False	liver	early	enformer
922	0.0	0.0	0.0				False	liver	early	enformer
923	0.0	0.0	0.0				False	liver	early	enformer
924	0.0	0.0	0.0				False	liver	early	enformer
925	0.0	0.0	0.0				False	liver	early	enformer
926	0.0	0.0	0.0				False	liver	early	enformer
927	0.0	0.0	0.0				False	liver	early	enformer
928	0.0	0.0	0.0				False	liver	early	enformer
929	0.0	0.0	0.0				False	liver	early	enformer
930	0.0	0.0	0.0				False	liver	early	enformer
931	0.0	0.0	0.0				False	liver	early	enformer
932	0.0	0.0	0.0				False	liver	early	enformer
933	0.0	0.0	0.0				False	liver	early	enformer
934	0.0	0.0	0.0				False	liver	early	enformer
935	0.0	0.0	0.0				False	liver	early	enformer
936	0.0	0.0	0.0				False	liver	early	enformer
937	0.0	0.0	0.0				False	liver	early	enformer
938	0.0	0.0	0.0				False	liver	early	enformer
939	0.0	0.0	0.0				False	liver	early	enformer
941	0.0	0.0	0.0				False	liver	early	enformer
942	0.0	0.0	0.0				False	liver	early	enformer
943	0.0	0.0	0.0				False	liver	early	enformer
944	0.0	0.0	0.0				False	liver	early	enformer
945	0.0	0.0	0.0				False	liver	early	enformer
946	0.0	0.0	0.0				False	liver	early	enformer
947	0.0	0.0	0.0				False	liver	early	enformer
949	0.0	0.0	0.0				False	liver	early	enformer
950	0.0	0.0	0.0				False	liver	early	enformer
951	0.0	0.0	0.0				False	liver	early	enformer
952	0.0	0.0	0.0				False	liver	early	enformer
953	0.0	0.0	0.0				False	liver	early	enformer
954	0.0	0.0	0.0				False	liver	early	enformer
955	0.0	0.0	0.0				False	liver	early	enformer
957	0.0	0.0	0.0				False	liver	early	enformer
958	0.0	0.0	0.0				False	liver	early	enformer
959	0.0	0.0	0.0				False	liver	early	enformer
960	0.0	0.0	0.0				False	liver	early	enformer
961	0.0	0.0	0.0				False	liver	early	enformer
962	0.0	0.0	0.0				False	liver	early	enformer
963	0.0	0.0	0.0				False	liver	early	enformer
964	0.0	0.0	0.0				False	liver	early	enformer
965	0.0	0.0	0.0				False	liver	early	enformer
966	0.0	0.0	0.0				False	liver	early	enformer
967	0.0	0.0	0.0				False	liver	early	enformer
968	0.0	0.0	0.0				False	liver	early	enformer
969	0.0	0.0	0.0				False	liver	early	enformer
970	0.0	0.0	0.0				False	liver	early	enformer
971	0.0	0.0	0.0				False	liver	early	enformer
972	0.0	0.0	0.0				False	liver	early	enformer
973	0.0	0.0	0.0				False	liver	early	enformer
974	0.0	0.0	0.0				False	liver	early	enformer
975	0.0	0.0	0.0				False	liver	early	enformer
976	0.0	0.0	0.0				False	liver	early	enformer
977	0.0	0.0	0.0				False	liver	early	enformer
979	0.0	0.0	0.0				False	liver	early	enformer
980	0.0	0.0	0.0				False	liver	early	enformer
981	0.0	0.0	0.0				False	liver	early	enformer
982	0.0	0.0	0.0				False	liver	early	enformer
983	0.0	0.0	0.0				False	liver	early	enformer
984	0.0	0.0	0.0				False	liver	early	enformer
985	0.0	0.0	0.0				False	liver	early	enformer
986	0.0	0.0	0.0				False	liver	early	enformer
987	0.0	0.0	0.0				False	liver	early	enformer
988	0.0	0.0	0.0				False	liver	early	enformer
989	0.0	0.0	0.0				False	liver	early	enformer
990	0.0	0.0	0.0				False	liver	early	enformer
991	0.0	0.0	0.0				False	liver	early	enformer
992	0.0	0.0	0.0				False	liver	early	enformer
993	0.0	0.0	0.0				False	liver	early	enformer
994	0.0	0.0	0.0				False	liver	early	enformer
995	0.0	0.0	0.0				False	liver	early	enformer
996	0.0	0.0	0.0				False	liver	early	enformer
997	0.0	0.0	0.0				False	liver	early	enformer
998	0.0	0.0	0.0				False	liver	early	enformer
999	0.0	0.0	0.0				False	liver	early	enformer
1000	0.0	0.0	0.0				False	liver	early	enformer
1001	0.0	0.0	0.0				False	liver	early	enformer
1002	0.0	0.0	0.0				False	liver	early	enformer
1003	0.0	0.0	0.0				False	liver	early	enformer
1005	0.0	0.0	0.0				False	liver	early	enformer
1006	0.0	0.0	0.0				False	liver	early	enformer
1007	0.0	0.0	0.0				False	liver	early	enformer
1008	0.0	0.0	0.0				False	liver	early	enformer
1009	0.0	0.0	0.0				False	liver	early	enformer
1010	0.0	0.0	0.0				False	liver	early	enformer
1011	0.0	0.0	0.0				False	liver	early	enformer
1012	0.0	0.0	0.0				False	liver	early	enformer
1013	0.0	0.0	0.0				False	liver	early	enformer
1014	0.0	0.0	0.0				False	liver	early	enformer
1015	0.0	0.0	0.0				False	liver	early	enformer
1016	0.0	0.0	0.0				False	liver	early	enformer
1017	0.0	0.0	0.0				False	liver	early	enformer
1018	0.0	0.0	0.0				False	liver	early	enformer
1019	0.0	0.0	0.0				False	liver	early	enformer
1020	0.0	0.0	0.0				False	liver	early	enformer
1021	0.0	0.0	0.0				False	liver	early	enformer
1022	0.0	0.0	0.0				False	liver	early	enformer
1023	0.0	0.0	0.0				False	liver	early	enformer
1024	0.0	0.0	0.0				False	liver	early	enformer
1025	0.0	0.0	0.0				False	liver	early	enformer
1026	0.0	0.0	0.0				False	liver	early	enformer
1027	0.0	0.0	0.0				False	liver	early	enformer
1028	0.0	0.0	0.0				False	liver	early	enformer
1029	0.0	0.0	0.0				False	liver	early	enformer
1030	0.0	0.0	0.0				False	liver	early	enformer
1031	0.0	0.0	0.0				False	liver	early	enformer
1032	0.0	0.0	0.0				False	liver	early	enformer
1033	0.0	0.0	0.0				False	liver	early	enformer
1034	0.0	0.0	0.0				False	liver	early	enformer
1035	0.0	0.0	0.0				False	liver	early	enformer
1036	0.0	0.0	0.0				False	liver	early	enformer
1037	0.0	0.0	0.0				False	liver	early	enformer
1038	0.0	0.0	0.0				False	liver	early	enformer
1039	0.0	0.0	0.0				False	liver	early	enformer
1040	0.0	0.0	0.0				False	liver	early	enformer
1041	0.0	0.0	0.0				False	liver	early	enformer
1042	0.0	0.0	0.0				False	liver	early	enformer
1043	0.0	0.0	0.0				False	liver	early	enformer
1044	0.0	0.0	0.0				False	liver	early	enformer
1045	0.0	0.0	0.0				False	liver	early	enformer
1046	0.0	0.0	0.0				False	liver	early	enformer
1047	0.0	0.0	0.0				False	liver	early	enformer
1048	0.0	0.0	0.0				False	liver	early	enformer
1049	0.0	0.0	0.0				False	liver	early	enformer
1050	0.0	0.0	0.0				False	liver	early	enformer
1051	0.0	0.0	0.0				False	liver	early	enformer
1052	0.0	0.0	0.0				False	liver	early	enformer
1053	0.0	0.0	0.0				False	liver	early	enformer
1054	0.0	0.0	0.0				False	liver	early	enformer
1055	0.0	0.0	0.0				False	liver	early	enformer
1056	0.0	0.0	0.0				False	liver	early	enformer
1057	0.0	0.0	0.0				False	liver	early	enformer
1058	0.0	0.0	0.0				False	liver	early	enformer
1059	0.0	0.0	0.0				False	liver	early	enformer
1060	0.0	0.0	0.0				False	liver	early	enformer
1061	0.0	0.0	0.0				False	liver	early	enformer
1062	0.0	0.0	0.0				False	liver	early	enformer
1064	0.0	0.0	0.0				False	liver	early	enformer
1065	0.0	0.0	0.0				False	liver	early	enformer
1066	0.0	0.0	0.0				False	liver	early	enformer
1067	0.0	0.0	0.0				False	liver	early	enformer
1068	0.0	0.0	0.0				False	liver	early	enformer
1069	0.0	0.0	0.0				False	liver	early	enformer
1070	0.0	0.0	0.0				False	liver	early	enformer
1071	0.0	0.0	0.0				False	liver	early	enformer
1072	0.0	0.0	0.0				False	liver	early	enformer
1073	0.0	0.0	0.0				False	liver	early	enformer
1074	0.0	0.0	0.0				False	liver	early	enformer
1075	0.0	0.0	0.0				False	liver	early	enformer
1076	0.0	0.0	0.0				False	liver	early	enformer
1077	0.0	0.0	0.0				False	liver	early	enformer
1078	0.0	0.0	0.0				False	liver	early	enformer
1079	0.0	0.0	0.0				False	liver	early	enformer
1080	0.0	0.0	0.0				False	liver	early	enformer
1081	0.0	0.0	0.0				False	liver	early	enformer
1082	0.0	0.0	0.0				False	liver	early	enformer
1083	0.0	0.0	0.0				False	liver	early	enformer
1084	0.0	0.0	0.0				False	liver	early	enformer
1085	0.0	0.0	0.0				False	liver	early	enformer
1086	0.0	0.0	0.0				False	liver	early	enformer
1087	0.0	0.0	0.0				False	liver	early	enformer
1088	0.0	0.0	0.0				False	liver	early	enformer
1089	0.0	0.0	0.0				False	liver	early	enformer
1090	0.0	0.0	0.0				False	liver	early	enformer
1091	0.0	0.0	0.0				False	liver	early	enformer
1092	0.0	0.0	0.0				False	liver	early	enformer
1093	0.0	0.0	0.0				False	liver	early	enformer
1094	0.0	0.0	0.0				False	liver	early	enformer
1095	0.0	0.0	0.0				False	liver	early	enformer
1096	0.0	0.0	0.0				False	liver	early	enformer
1097	0.0	0.0	0.0				False	liver	early	enformer
1098	0.0	0.0	0.0				False	liver	early	enformer
1099	0.0	0.0	0.0				False	liver	early	enformer
1100	0.0	0.0	0.0				False	liver	early	enformer
1101	0.0	0.0	0.0				False	liver	early	enformer
1102	0.0	0.0	0.0				False	liver	early	enformer
1103	0.0	0.0	0.0				False	liver	early	enformer
1104	0.0	0.0	0.0				False	liver	early	enformer
1105	0.0	0.0	0.0				False	liver	early	enformer
1106	0.0	0.0	0.0				False	liver	early	enformer
1107	0.0	0.0	0.0				False	liver	early	enformer
1108	0.0	0.0	0.0				False	liver	early	enformer
1109	0.0	0.0	0.0				False	liver	early	enformer
1110	0.0	0.0	0.0				False	liver	early	enformer
1111	0.0	0.0	0.0				False	liver	early	enformer
1112	0.0	0.0	0.0				False	liver	early	enformer
1113	0.0	0.0	0.0				False	liver	early	enformer
1114	0.0	0.0	0.0				False	liver	early	enformer
1115	0.0	0.0	0.0				False	liver	early	enformer
1116	0.0	0.0	0.0				False	liver	early	enformer
1117	0.0	0.0	0.0				False	liver	early	enformer
1118	0.0	0.0	0.0				False	liver	early	enformer
1119	0.0	0.0	0.0				False	liver	early	enformer
1120	0.0	0.0	0.0				False	liver	early	enformer
1121	0.0	0.0	0.0				False	liver	early	enformer
1122	0.0	0.0	0.0				False	liver	early	enformer
1123	0.0	0.0	0.0				False	liver	early	enformer
1124	0.0	0.0	0.0				False	liver	early	enformer
1125	0.0	0.0	0.0				False	liver	early	enformer
1126	0.0	0.0	0.0				False	liver	early	enformer
1128	0.0	0.0	0.0				False	liver	early	enformer
1129	0.0	0.0	0.0				False	liver	early	enformer
1130	0.0	0.0	0.0				False	liver	early	enformer
1131	0.0	0.0	0.0				False	liver	early	enformer
1132	0.0	0.0	0.0				False	liver	early	enformer
1133	0.0	0.0	0.0				False	liver	early	enformer
1134	0.0	0.0	0.0				False	liver	early	enformer
1135	0.0	0.0	0.0				False	liver	early	enformer
1136	0.0	0.0	0.0				False	liver	early	enformer
1138	0.0	0.0	0.0				False	liver	early	enformer
1139	0.0	0.0	0.0				False	liver	early	enformer
1140	0.0	0.0	0.0				False	liver	early	enformer
1141	0.0	0.0	0.0				False	liver	early	enformer
1142	0.0	0.0	0.0				False	liver	early	enformer
1143	0.0	0.0	0.0				False	liver	early	enformer
1144	0.0	0.0	0.0				False	liver	early	enformer
1145	0.0	0.0	0.0				False	liver	early	enformer
1146	0.0	0.0	0.0				False	liver	early	enformer
1147	0.0	0.0	0.0				False	liver	early	enformer
1148	0.0	0.0	0.0				False	liver	early	enformer
1149	0.0	0.0	0.0				False	liver	early	enformer
1150	0.0	0.0	0.0				False	liver	early	enformer
1151	0.0	0.0	0.0				False	liver	early	enformer
1152	0.0	0.0	0.0				False	liver	early	enformer
1153	0.0	0.0	0.0				False	liver	early	enformer
1154	0.0	0.0	0.0				False	liver	early	enformer
1156	0.0	0.0	0.0				False	liver	early	enformer
1157	0.0	0.0	0.0				False	liver	early	enformer
1158	0.0	0.0	0.0				False	liver	early	enformer
1159	0.0	0.0	0.0				False	liver	early	enformer
1160	0.0	0.0	0.0				False	liver	early	enformer
1161	0.0	0.0	0.0				False	liver	early	enformer
1162	0.0	0.0	0.0				False	liver	early	enformer
1163	0.0	0.0	0.0				False	liver	early	enformer
1164	0.0	0.0	0.0				False	liver	early	enformer
1165	0.0	0.0	0.0				False	liver	early	enformer
1166	0.0	0.0	0.0				False	liver	early	enformer
1167	0.0	0.0	0.0				False	liver	early	enformer
1168	0.0	0.0	0.0				False	liver	early	enformer
1169	0.0	0.0	0.0				False	liver	early	enformer
1170	0.0	0.0	0.0				False	liver	early	enformer
1171	0.0	0.0	0.0				False	liver	early	enformer
1172	0.0	0.0	0.0				False	liver	early	enformer
1173	0.0	0.0	0.0				False	liver	early	enformer
1174	0.0	0.0	0.0				False	liver	early	enformer
1175	0.0	0.0	0.0				False	liver	early	enformer
1176	0.0	0.0	0.0				False	liver	early	enformer
1177	0.0	0.0	0.0				False	liver	early	enformer
1178	0.0	0.0	0.0				False	liver	early	enformer
1179	0.0	0.0	0.0				False	liver	early	enformer
1180	0.0	0.0	0.0				False	liver	early	enformer
1181	0.0	0.0	0.0				False	liver	early	enformer
1182	0.0	0.0	0.0				False	liver	early	enformer
1183	0.0	0.0	0.0				False	liver	early	enformer
1184	0.0	0.0	0.0				False	liver	early	enformer
1185	0.0	0.0	0.0				False	liver	early	enformer
1186	0.0	0.0	0.0				False	liver	early	enformer
1187	0.0	0.0	0.0				False	liver	early	enformer
1189	0.0	0.0	0.0				False	liver	early	enformer
1190	0.0	0.0	0.0				False	liver	early	enformer
1191	0.0	0.0	0.0				False	liver	early	enformer
1192	0.0	0.0	0.0				False	liver	early	enformer
1193	0.0	0.0	0.0				False	liver	early	enformer
1194	0.0	0.0	0.0				False	liver	early	enformer
1195	0.0	0.0	0.0				False	liver	early	enformer
1196	0.0	0.0	0.0				False	liver	early	enformer
1197	0.0	0.0	0.0				False	liver	early	enformer
1199	0.0	0.0	0.0				False	liver	early	enformer
1200	0.0	0.0	0.0				False	liver	early	enformer
1201	0.0	0.0	0.0				False	liver	early	enformer
1202	0.0	0.0	0.0				False	liver	early	enformer
1203	0.0	0.0	0.0				False	liver	early	enformer
1204	0.0	0.0	0.0				False	liver	early	enformer
1205	0.0	0.0	0.0				False	liver	early	enformer
1206	0.0	0.0	0.0				False	liver	early	enformer
1208	0.0	0.0	0.0				False	liver	early	enformer
1210	0.0	0.0	0.0				False	liver	early	enformer
1212	0.0	0.0	0.0				False	liver	early	enformer
1213	0.0	0.0	0.0				False	liver	early	enformer
1214	0.0	0.0	0.0				False	liver	early	enformer
1215	0.0	0.0	0.0				False	liver	early	enformer
1216	0.0	0.0	0.0				False	liver	early	enformer
1217	0.0	0.0	0.0				False	liver	early	enformer
1218	0.0	0.0	0.0				False	liver	early	enformer
1219	0.0	0.0	0.0				False	liver	early	enformer
1220	0.0	0.0	0.0				False	liver	early	enformer
1221	0.0	0.0	0.0				False	liver	early	enformer
1222	0.0	0.0	0.0				False	liver	early	enformer
1223	0.0	0.0	0.0				False	liver	early	enformer
1224	0.0	0.0	0.0				False	liver	early	enformer
1225	0.0	0.0	0.0				False	liver	early	enformer
1226	0.0	0.0	0.0				False	liver	early	enformer
1227	0.0	0.0	0.0				False	liver	early	enformer
1228	0.0	0.0	0.0				False	liver	early	enformer
1229	0.0	0.0	0.0				False	liver	early	enformer
1230	0.0	0.0	0.0				False	liver	early	enformer
1231	0.0	0.0	0.0				False	liver	early	enformer
1232	0.0	0.0	0.0				False	liver	early	enformer
1233	0.0	0.0	0.0				False	liver	early	enformer
1234	0.0	0.0	0.0				False	liver	early	enformer
1235	0.0	0.0	0.0				False	liver	early	enformer
1236	0.0	0.0	0.0				False	liver	early	enformer
1238	0.0	0.0	0.0				False	liver	early	enformer
1239	0.0	0.0	0.0				False	liver	early	enformer
1240	0.0	0.0	0.0				False	liver	early	enformer
1241	0.0	0.0	0.0				False	liver	early	enformer
1242	0.0	0.0	0.0				False	liver	early	enformer
1243	0.0	0.0	0.0				False	liver	early	enformer
1244	0.0	0.0	0.0				False	liver	early	enformer
1245	0.0	0.0	0.0				False	liver	early	enformer
1246	0.0	0.0	0.0				False	liver	early	enformer
1247	0.0	0.0	0.0				False	liver	early	enformer
1248	0.0	0.0	0.0				False	liver	early	enformer
1249	0.0	0.0	0.0				False	liver	early	enformer
1250	0.0	0.0	0.0				False	liver	early	enformer
1251	0.0	0.0	0.0				False	liver	early	enformer
1252	0.0	0.0	0.0				False	liver	early	enformer
1253	0.0	0.0	0.0				False	liver	early	enformer
1255	0.0	0.0	0.0				False	liver	early	enformer
1256	0.0	0.0	0.0				False	liver	early	enformer
1257	0.0	0.0	0.0				False	liver	early	enformer
1258	0.0	0.0	0.0				False	liver	early	enformer
1259	0.0	0.0	0.0				False	liver	early	enformer
1260	0.0	0.0	0.0				False	liver	early	enformer
1261	0.0	0.0	0.0				False	liver	early	enformer
1262	0.0	0.0	0.0				False	liver	early	enformer
1263	0.0	0.0	0.0				False	liver	early	enformer
1264	0.0	0.0	0.0				False	liver	early	enformer
1265	0.0	0.0	0.0				False	liver	early	enformer
1266	0.0	0.0	0.0				False	liver	early	enformer
1267	0.0	0.0	0.0				False	liver	early	enformer
1269	0.0	0.0	0.0				False	liver	early	enformer
1271	0.0	0.0	0.0				False	liver	early	enformer
1272	0.0	0.0	0.0				False	liver	early	enformer
1273	0.0	0.0	0.0				False	liver	early	enformer
1274	0.0	0.0	0.0				False	liver	early	enformer
1275	0.0	0.0	0.0				False	liver	early	enformer
1276	0.0	0.0	0.0				False	liver	early	enformer
1277	0.0	0.0	0.0				False	liver	early	enformer
1278	0.0	0.0	0.0				False	liver	early	enformer
1279	0.0	0.0	0.0				False	liver	early	enformer
1280	0.0	0.0	0.0				False	liver	early	enformer
1281	0.0	0.0	0.0				False	liver	early	enformer
1282	0.0	0.0	0.0				False	liver	early	enformer
1283	0.0	0.0	0.0				False	liver	early	enformer
1284	0.0	0.0	0.0				False	liver	early	enformer
1285	0.0	0.0	0.0				False	liver	early	enformer
1286	0.0	0.0	0.0				False	liver	early	enformer
1287	0.0	0.0	0.0				False	liver	early	enformer
1288	0.0	0.0	0.0				False	liver	early	enformer
1289	0.0	0.0	0.0				False	liver	early	enformer
1290	0.0	0.0	0.0				False	liver	early	enformer
1291	0.0	0.0	0.0				False	liver	early	enformer
1292	0.0	0.0	0.0				False	liver	early	enformer
1293	0.0	0.0	0.0				False	liver	early	enformer
1294	0.0	0.0	0.0				False	liver	early	enformer
1296	0.0	0.0	0.0				False	liver	early	enformer
1297	0.0	0.0	0.0				False	liver	early	enformer
1298	0.0	0.0	0.0				False	liver	early	enformer
1299	0.0	0.0	0.0				False	liver	early	enformer
1300	0.0	0.0	0.0				False	liver	early	enformer
1301	0.0	0.0	0.0				False	liver	early	enformer
1302	0.0	0.0	0.0				False	liver	early	enformer
1303	0.0	0.0	0.0				False	liver	early	enformer
1304	0.0	0.0	0.0				False	liver	early	enformer
1305	0.0	0.0	0.0				False	liver	early	enformer
1306	0.0	0.0	0.0				False	liver	early	enformer
1307	0.0	0.0	0.0				False	liver	early	enformer
1308	0.0	0.0	0.0				False	liver	early	enformer
1309	0.0	0.0	0.0				False	liver	early	enformer
1310	0.0	0.0	0.0				False	liver	early	enformer
1311	0.0	0.0	0.0				False	liver	early	enformer
1312	0.0	0.0	0.0				False	liver	early	enformer
1313	0.0	0.0	0.0				False	liver	early	enformer
1314	0.0	0.0	0.0				False	liver	early	enformer
1315	0.0	0.0	0.0				False	liver	early	enformer
1316	0.0	0.0	0.0				False	liver	early	enformer
1317	0.0	0.0	0.0				False	liver	early	enformer
1318	0.0	0.0	0.0				False	liver	early	enformer
1319	0.0	0.0	0.0				False	liver	early	enformer
1320	0.0	0.0	0.0				False	liver	early	enformer
1322	0.0	0.0	0.0				False	liver	early	enformer
1323	0.0	0.0	0.0				False	liver	early	enformer
1324	0.0	0.0	0.0				False	liver	early	enformer
1325	0.0	0.0	0.0				False	liver	early	enformer
1326	0.0	0.0	0.0				False	liver	early	enformer
1327	0.0	0.0	0.0				False	liver	early	enformer
1328	0.0	0.0	0.0				False	liver	early	enformer
1329	0.0	0.0	0.0				False	liver	early	enformer
1330	0.0	0.0	0.0				False	liver	early	enformer
1331	0.0	0.0	0.0				False	liver	early	enformer
1332	0.0	0.0	0.0				False	liver	early	enformer
1333	0.0	0.0	0.0				False	liver	early	enformer
1334	0.0	0.0	0.0				False	liver	early	enformer
1335	0.0	0.0	0.0				False	liver	early	enformer
1336	0.0	0.0	0.0				False	liver	early	enformer
1337	0.0	0.0	0.0				False	liver	early	enformer
1338	0.0	0.0	0.0				False	liver	early	enformer
1339	0.0	0.0	0.0				False	liver	early	enformer
1340	0.0	0.0	0.0				False	liver	early	enformer
1341	0.0	0.0	0.0				False	liver	early	enformer
1342	0.0	0.0	0.0				False	liver	early	enformer
1343	0.0	0.0	0.0				False	liver	early	enformer
1344	0.0	0.0	0.0				False	liver	early	enformer
1345	0.0	0.0	0.0				False	liver	early	enformer
1346	0.0	0.0	0.0				False	liver	early	enformer
1347	0.0	0.0	0.0				False	liver	early	enformer
1348	0.0	0.0	0.0				False	liver	early	enformer
1349	0.0	0.0	0.0				False	liver	early	enformer
1350	0.0	0.0	0.0				False	liver	early	enformer
1351	0.0	0.0	0.0				False	liver	early	enformer
1352	0.0	0.0	0.0				False	liver	early	enformer
1353	0.0	0.0	0.0				False	liver	early	enformer
1354	0.0	0.0	0.0				False	liver	early	enformer
1355	0.0	0.0	0.0				False	liver	early	enformer
1356	0.0	0.0	0.0				False	liver	early	enformer
1357	0.0	0.0	0.0				False	liver	early	enformer
1358	0.0	0.0	0.0				False	liver	early	enformer
1359	0.0	0.0	0.0				False	liver	early	enformer
1360	0.0	0.0	0.0				False	liver	early	enformer
1361	0.0	0.0	0.0				False	liver	early	enformer
1362	0.0	0.0	0.0				False	liver	early	enformer
1363	0.0	0.0	0.0				False	liver	early	enformer
1364	0.0	0.0	0.0				False	liver	early	enformer
1365	0.0	0.0	0.0				False	liver	early	enformer
1366	0.0	0.0	0.0				False	liver	early	enformer
1367	0.0	0.0	0.0				False	liver	early	enformer
1368	0.0	0.0	0.0				False	liver	early	enformer
1369	0.0	0.0	0.0				False	liver	early	enformer
1370	0.0	0.0	0.0				False	liver	early	enformer
1371	0.0	0.0	0.0				False	liver	early	enformer
1372	0.0	0.0	0.0				False	liver	early	enformer
1373	0.0	0.0	0.0				False	liver	early	enformer
1374	0.0	0.0	0.0				False	liver	early	enformer
1375	0.0	0.0	0.0				False	liver	early	enformer
1376	0.0	0.0	0.0				False	liver	early	enformer
1377	0.0	0.0	0.0				False	liver	early	enformer
1378	0.0	0.0	0.0				False	liver	early	enformer
1379	0.0	0.0	0.0				False	liver	early	enformer
1380	0.0	0.0	0.0				False	liver	early	enformer
1381	0.0	0.0	0.0				False	liver	early	enformer
1382	0.0	0.0	0.0				False	liver	early	enformer
1383	0.0	0.0	0.0				False	liver	early	enformer
1384	0.0	0.0	0.0				False	liver	early	enformer
1385	0.0	0.0	0.0				False	liver	early	enformer
1386	0.0	0.0	0.0				False	liver	early	enformer
1387	0.0	0.0	0.0				False	liver	early	enformer
1388	0.0	0.0	0.0				False	liver	early	enformer
1389	0.0	0.0	0.0				False	liver	early	enformer
1390	0.0	0.0	0.0				False	liver	early	enformer
1391	0.0	0.0	0.0				False	liver	early	enformer
1392	0.0	0.0	0.0				False	liver	early	enformer
1393	0.0	0.0	0.0				False	liver	early	enformer
1394	0.0	0.0	0.0				False	liver	early	enformer
1395	0.0	0.0	0.0				False	liver	early	enformer
1396	0.0	0.0	0.0				False	liver	early	enformer
1397	0.0	0.0	0.0				False	liver	early	enformer
1398	0.0	0.0	0.0				False	liver	early	enformer
1399	0.0	0.0	0.0				False	liver	early	enformer
1400	0.0	0.0	0.0				False	liver	early	enformer
1401	0.0	0.0	0.0				False	liver	early	enformer
1402	0.0	0.0	0.0				False	liver	early	enformer
1403	0.0	0.0	0.0				False	liver	early	enformer
1404	0.0	0.0	0.0				False	liver	early	enformer
1405	0.0	0.0	0.0				False	liver	early	enformer
1406	0.0	0.0	0.0				False	liver	early	enformer
1407	0.0	0.0	0.0				False	liver	early	enformer
1408	0.0	0.0	0.0				False	liver	early	enformer
1409	0.0	0.0	0.0				False	liver	early	enformer
1410	0.0	0.0	0.0				False	liver	early	enformer
1411	0.0	0.0	0.0				False	liver	early	enformer
1412	0.0	0.0	0.0				False	liver	early	enformer
1413	0.0	0.0	0.0				False	liver	early	enformer
1414	0.0	0.0	0.0				False	liver	early	enformer
1415	0.0	0.0	0.0				False	liver	early	enformer
1417	0.0	0.0	0.0				False	liver	early	enformer
1418	0.0	0.0	0.0				False	liver	early	enformer
1419	0.0	0.0	0.0				False	liver	early	enformer
1420	0.0	0.0	0.0				False	liver	early	enformer
1421	0.0	0.0	0.0				False	liver	early	enformer
1422	0.0	0.0	0.0				False	liver	early	enformer
1423	0.0	0.0	0.0				False	liver	early	enformer
1425	0.0	0.0	0.0				False	liver	early	enformer
1426	0.0	0.0	0.0				False	liver	early	enformer
1427	0.0	0.0	0.0				False	liver	early	enformer
1428	0.0	0.0	0.0				False	liver	early	enformer
1429	0.0	0.0	0.0				False	liver	early	enformer
1431	0.0	0.0	0.0				False	liver	early	enformer
1432	0.0	0.0	0.0				False	liver	early	enformer
1433	0.0	0.0	0.0				False	liver	early	enformer
1434	0.0	0.0	0.0				False	liver	early	enformer
1435	0.0	0.0	0.0				False	liver	early	enformer
1436	0.0	0.0	0.0				False	liver	early	enformer
1437	0.0	0.0	0.0				False	liver	early	enformer
1438	0.0	0.0	0.0				False	liver	early	enformer
1439	0.0	0.0	0.0				False	liver	early	enformer
1440	0.0	0.0	0.0				False	liver	early	enformer
1441	0.0	0.0	0.0				False	liver	early	enformer
1442	0.0	0.0	0.0				False	liver	early	enformer
1443	0.0	0.0	0.0				False	liver	early	enformer
1444	0.0	0.0	0.0				False	liver	early	enformer
1445	0.0	0.0	0.0				False	liver	early	enformer
1446	0.0	0.0	0.0				False	liver	early	enformer
1447	0.0	0.0	0.0				False	liver	early	enformer
1448	0.0	0.0	0.0				False	liver	early	enformer
1449	0.0	0.0	0.0				False	liver	early	enformer
1450	0.0	0.0	0.0				False	liver	early	enformer
1451	0.0	0.0	0.0				False	liver	early	enformer
1452	0.0	0.0	0.0				False	liver	early	enformer
1453	0.0	0.0	0.0				False	liver	early	enformer
1454	0.0	0.0	0.0				False	liver	early	enformer
1455	0.0	0.0	0.0				False	liver	early	enformer
1456	0.0	0.0	0.0				False	liver	early	enformer
1457	0.0	0.0	0.0				False	liver	early	enformer
1458	0.0	0.0	0.0				False	liver	early	enformer
1459	0.0	0.0	0.0				False	liver	early	enformer
1460	0.0	0.0	0.0				False	liver	early	enformer
1461	0.0	0.0	0.0				False	liver	early	enformer
1462	0.0	0.0	0.0				False	liver	early	enformer
1463	0.0	0.0	0.0				False	liver	early	enformer
1465	0.0	0.0	0.0				False	liver	early	enformer
1466	0.0	0.0	0.0				False	liver	early	enformer
1468	0.0	0.0	0.0				False	liver	early	enformer
1469	0.0	0.0	0.0				False	liver	early	enformer
1470	0.0	0.0	0.0				False	liver	early	enformer
1471	0.0	0.0	0.0				False	liver	early	enformer
1472	0.0	0.0	0.0				False	liver	early	enformer
1473	0.0	0.0	0.0				False	liver	early	enformer
1474	0.0	0.0	0.0				False	liver	early	enformer
1475	0.0	0.0	0.0				False	liver	early	enformer
1476	0.0	0.0	0.0				False	liver	early	enformer
1477	0.0	0.0	0.0				False	liver	early	enformer
1478	0.0	0.0	0.0				False	liver	early	enformer
1479	0.0	0.0	0.0				False	liver	early	enformer
1480	0.0	0.0	0.0				False	liver	early	enformer
1481	0.0	0.0	0.0				False	liver	early	enformer
1482	0.0	0.0	0.0				False	liver	early	enformer
1483	0.0	0.0	0.0				False	liver	early	enformer
1484	0.0	0.0	0.0				False	liver	early	enformer
1486	0.0	0.0	0.0				False	liver	early	enformer
1487	0.0	0.0	0.0				False	liver	early	enformer
1488	0.0	0.0	0.0				False	liver	early	enformer
1489	0.0	0.0	0.0				False	liver	early	enformer
1490	0.0	0.0	0.0				False	liver	early	enformer
1491	0.0	0.0	0.0				False	liver	early	enformer
1492	0.0	0.0	0.0				False	liver	early	enformer
1493	0.0	0.0	0.0				False	liver	early	enformer
1494	0.0	0.0	0.0				False	liver	early	enformer
1496	0.0	0.0	0.0				False	liver	early	enformer
1497	0.0	0.0	0.0				False	liver	early	enformer
1498	0.0	0.0	0.0				False	liver	early	enformer
1499	0.0	0.0	0.0				False	liver	early	enformer
1500	0.0	0.0	0.0				False	liver	early	enformer
1501	0.0	0.0	0.0				False	liver	early	enformer
1502	0.0	0.0	0.0				False	liver	early	enformer
1503	0.0	0.0	0.0				False	liver	early	enformer
1504	0.0	0.0	0.0				False	liver	early	enformer
1505	0.0	0.0	0.0				False	liver	early	enformer
1506	0.0	0.0	0.0				False	liver	early	enformer
1507	0.0	0.0	0.0				False	liver	early	enformer
1508	0.0	0.0	0.0				False	liver	early	enformer
1509	0.0	0.0	0.0				False	liver	early	enformer
1510	0.0	0.0	0.0				False	liver	early	enformer
1511	0.0	0.0	0.0				False	liver	early	enformer
1512	0.0	0.0	0.0				False	liver	early	enformer
1513	0.0	0.0	0.0				False	liver	early	enformer
1514	0.0	0.0	0.0				False	liver	early	enformer
1515	0.0	0.0	0.0				False	liver	early	enformer
1516	0.0	0.0	0.0				False	liver	early	enformer
1517	0.0	0.0	0.0				False	liver	early	enformer
1519	0.0	0.0	0.0				False	liver	early	enformer
1520	0.0	0.0	0.0				False	liver	early	enformer
1521	0.0	0.0	0.0				False	liver	early	enformer
1522	0.0	0.0	0.0				False	liver	early	enformer
1523	0.0	0.0	0.0				False	liver	early	enformer
1524	0.0	0.0	0.0				False	liver	early	enformer
1526	0.0	0.0	0.0				False	liver	early	enformer
1527	0.0	0.0	0.0				False	liver	early	enformer
1528	0.0	0.0	0.0				False	liver	early	enformer
1529	0.0	0.0	0.0				False	liver	early	enformer
1531	0.0	0.0	0.0				False	liver	early	enformer
1532	0.0	0.0	0.0				False	liver	early	enformer
1533	0.0	0.0	0.0				False	liver	early	enformer
1534	0.0	0.0	0.0				False	liver	early	enformer
1535	0.0	0.0	0.0				False	liver	early	enformer
1536	0.0	0.0	0.0				False	liver	early	enformer
1537	0.0	0.0	0.0				False	liver	early	enformer
1538	0.0	0.0	0.0				False	liver	early	enformer
1539	0.0	0.0	0.0				False	liver	early	enformer
1540	0.0	0.0	0.0				False	liver	early	enformer
1541	0.0	0.0	0.0				False	liver	early	enformer
1542	0.0	0.0	0.0				False	liver	early	enformer
1543	0.0	0.0	0.0				False	liver	early	enformer
1544	0.0	0.0	0.0				False	liver	early	enformer
1545	0.0	0.0	0.0				False	liver	early	enformer
1546	0.0	0.0	0.0				False	liver	early	enformer
1547	0.0	0.0	0.0				False	liver	early	enformer
1548	0.0	0.0	0.0				False	liver	early	enformer
1549	0.0	0.0	0.0				False	liver	early	enformer
1550	0.0	0.0	0.0				False	liver	early	enformer
1551	0.0	0.0	0.0				False	liver	early	enformer
1552	0.0	0.0	0.0				False	liver	early	enformer
1553	0.0	0.0	0.0				False	liver	early	enformer
1554	0.0	0.0	0.0				False	liver	early	enformer
1555	0.0	0.0	0.0				False	liver	early	enformer
1556	0.0	0.0	0.0				False	liver	early	enformer
1557	0.0	0.0	0.0				False	liver	early	enformer
1558	0.0	0.0	0.0				False	liver	early	enformer
1559	0.0	0.0	0.0				False	liver	early	enformer
1560	0.0	0.0	0.0				False	liver	early	enformer
1561	0.0	0.0	0.0				False	liver	early	enformer
1562	0.0	0.0	0.0				False	liver	early	enformer
1563	0.0	0.0	0.0				False	liver	early	enformer
1564	0.0	0.0	0.0				False	liver	early	enformer
1565	0.0	0.0	0.0				False	liver	early	enformer
1566	0.0	0.0	0.0				False	liver	early	enformer
1567	0.0	0.0	0.0				False	liver	early	enformer
1568	0.0	0.0	0.0				False	liver	early	enformer
1569	0.0	0.0	0.0				False	liver	early	enformer
1570	0.0	0.0	0.0				False	liver	early	enformer
1571	0.0	0.0	0.0				False	liver	early	enformer
1572	0.0	0.0	0.0				False	liver	early	enformer
1573	0.0	0.0	0.0				False	liver	early	enformer
1574	0.0	0.0	0.0				False	liver	early	enformer
1575	0.0	0.0	0.0				False	liver	early	enformer
1576	0.0	0.0	0.0				False	liver	early	enformer
1577	0.0	0.0	0.0				False	liver	early	enformer
1578	0.0	0.0	0.0				False	liver	early	enformer
1579	0.0	0.0	0.0				False	liver	early	enformer
1580	0.0	0.0	0.0				False	liver	early	enformer
1581	0.0	0.0	0.0				False	liver	early	enformer
1582	0.0	0.0	0.0				False	liver	early	enformer
1583	0.0	0.0	0.0				False	liver	early	enformer
1584	0.0	0.0	0.0				False	liver	early	enformer
1585	0.0	0.0	0.0				False	liver	early	enformer
1586	0.0	0.0	0.0				False	liver	early	enformer
1587	0.0	0.0	0.0				False	liver	early	enformer
1588	0.0	0.0	0.0				False	liver	early	enformer
1589	0.0	0.0	0.0				False	liver	early	enformer
1590	0.0	0.0	0.0				False	liver	early	enformer
1591	0.0	0.0	0.0				False	liver	early	enformer
1592	0.0	0.0	0.0				False	liver	early	enformer
1593	0.0	0.0	0.0				False	liver	early	enformer
1594	0.0	0.0	0.0				False	liver	early	enformer
1595	0.0	0.0	0.0				False	liver	early	enformer
1596	0.0	0.0	0.0				False	liver	early	enformer
1597	0.0	0.0	0.0				False	liver	early	enformer
1598	0.0	0.0	0.0				False	liver	early	enformer
1599	0.0	0.0	0.0				False	liver	early	enformer
1600	0.0	0.0	0.0				False	liver	early	enformer
1601	0.0	0.0	0.0				False	liver	early	enformer
1602	0.0	0.0	0.0				False	liver	early	enformer
1603	0.0	0.0	0.0				False	liver	early	enformer
1604	0.0	0.0	0.0				False	liver	early	enformer
1605	0.0	0.0	0.0				False	liver	early	enformer
1606	0.0	0.0	0.0				False	liver	early	enformer
1608	0.0	0.0	0.0				False	liver	early	enformer
1609	0.0	0.0	0.0				False	liver	early	enformer
1610	0.0	0.0	0.0				False	liver	early	enformer
1611	0.0	0.0	0.0				False	liver	early	enformer
1612	0.0	0.0	0.0				False	liver	early	enformer
1613	0.0	0.0	0.0				False	liver	early	enformer
1614	0.0	0.0	0.0				False	liver	early	enformer
1615	0.0	0.0	0.0				False	liver	early	enformer
1616	0.0	0.0	0.0				False	liver	early	enformer
1617	0.0	0.0	0.0				False	liver	early	enformer
1618	0.0	0.0	0.0				False	liver	early	enformer
1619	0.0	0.0	0.0				False	liver	early	enformer
1621	0.0	0.0	0.0				False	liver	early	enformer
1622	0.0	0.0	0.0				False	liver	early	enformer
1623	0.0	0.0	0.0				False	liver	early	enformer
1624	0.0	0.0	0.0				False	liver	early	enformer
1626	0.0	0.0	0.0				False	liver	early	enformer
1627	0.0	0.0	0.0				False	liver	early	enformer
1628	0.0	0.0	0.0				False	liver	early	enformer
1629	0.0	0.0	0.0				False	liver	early	enformer
1631	0.0	0.0	0.0				False	liver	early	enformer
1634	0.0	0.0	0.0				False	liver	early	enformer
1635	0.0	0.0	0.0				False	liver	early	enformer
1636	0.0	0.0	0.0				False	liver	early	enformer
1637	0.0	0.0	0.0				False	liver	early	enformer
1638	0.0	0.0	0.0				False	liver	early	enformer
1639	0.0	0.0	0.0				False	liver	early	enformer
1640	0.0	0.0	0.0				False	liver	early	enformer
1641	0.0	0.0	0.0				False	liver	early	enformer
1642	0.0	0.0	0.0				False	liver	early	enformer
1643	0.0	0.0	0.0				False	liver	early	enformer
1644	0.0	0.0	0.0				False	liver	early	enformer
1645	0.0	0.0	0.0				False	liver	early	enformer
1646	0.0	0.0	0.0				False	liver	early	enformer
1647	0.0	0.0	0.0				False	liver	early	enformer
1648	0.0	0.0	0.0				False	liver	early	enformer
1649	0.0	0.0	0.0				False	liver	early	enformer
1650	0.0	0.0	0.0				False	liver	early	enformer
1651	0.0	0.0	0.0				False	liver	early	enformer
1652	0.0	0.0	0.0				False	liver	early	enformer
1653	0.0	0.0	0.0				False	liver	early	enformer
1654	0.0	0.0	0.0				False	liver	early	enformer
1655	0.0	0.0	0.0				False	liver	early	enformer
1656	0.0	0.0	0.0				False	liver	early	enformer
1657	0.0	0.0	0.0				False	liver	early	enformer
1658	0.0	0.0	0.0				False	liver	early	enformer
1659	0.0	0.0	0.0				False	liver	early	enformer
1660	0.0	0.0	0.0				False	liver	early	enformer
1661	0.0	0.0	0.0				False	liver	early	enformer
1662	0.0	0.0	0.0				False	liver	early	enformer
1663	0.0	0.0	0.0				False	liver	early	enformer
1664	0.0	0.0	0.0				False	liver	early	enformer
1665	0.0	0.0	0.0				False	liver	early	enformer
1666	0.0	0.0	0.0				False	liver	early	enformer
1667	0.0	0.0	0.0				False	liver	early	enformer
1668	0.0	0.0	0.0				False	liver	early	enformer
1669	0.0	0.0	0.0				False	liver	early	enformer
1670	0.0	0.0	0.0				False	liver	early	enformer
1671	0.0	0.0	0.0				False	liver	early	enformer
1672	0.0	0.0	0.0				False	liver	early	enformer
1673	0.0	0.0	0.0				False	liver	early	enformer
1674	0.0	0.0	0.0				False	liver	early	enformer
1675	0.0	0.0	0.0				False	liver	early	enformer
1676	0.0	0.0	0.0				False	liver	early	enformer
1677	0.0	0.0	0.0				False	liver	early	enformer
1678	0.0	0.0	0.0				False	liver	early	enformer
1679	0.0	0.0	0.0				False	liver	early	enformer
1680	0.0	0.0	0.0				False	liver	early	enformer
1681	0.0	0.0	0.0				False	liver	early	enformer
1682	0.0	0.0	0.0				False	liver	early	enformer
1683	0.0	0.0	0.0				False	liver	early	enformer
1684	0.0	0.0	0.0				False	liver	early	enformer
1685	0.0	0.0	0.0				False	liver	early	enformer
1686	0.0	0.0	0.0				False	liver	early	enformer
1687	0.0	0.0	0.0				False	liver	early	enformer
1688	0.0	0.0	0.0				False	liver	early	enformer
1689	0.0	0.0	0.0				False	liver	early	enformer
1691	0.0	0.0	0.0				False	liver	early	enformer
1692	0.0	0.0	0.0				False	liver	early	enformer
1693	0.0	0.0	0.0				False	liver	early	enformer
1694	0.0	0.0	0.0				False	liver	early	enformer
1695	0.0	0.0	0.0				False	liver	early	enformer
1697	0.0	0.0	0.0				False	liver	early	enformer
1698	0.0	0.0	0.0				False	liver	early	enformer
1699	0.0	0.0	0.0				False	liver	early	enformer
1700	0.0	0.0	0.0				False	liver	early	enformer
1701	0.0	0.0	0.0				False	liver	early	enformer
1702	0.0	0.0	0.0				False	liver	early	enformer
1703	0.0	0.0	0.0				False	liver	early	enformer
1704	0.0	0.0	0.0				False	liver	early	enformer
1705	0.0	0.0	0.0				False	liver	early	enformer
1706	0.0	0.0	0.0				False	liver	early	enformer
1707	0.0	0.0	0.0				False	liver	early	enformer
1708	0.0	0.0	0.0				False	liver	early	enformer
1709	0.0	0.0	0.0				False	liver	early	enformer
1710	0.0	0.0	0.0				False	liver	early	enformer
1711	0.0	0.0	0.0				False	liver	early	enformer
1712	0.0	0.0	0.0				False	liver	early	enformer
1713	0.0	0.0	0.0				False	liver	early	enformer
1714	0.0	0.0	0.0				False	liver	early	enformer
1715	0.0	0.0	0.0				False	liver	early	enformer
1716	0.0	0.0	0.0				False	liver	early	enformer
1718	0.0	0.0	0.0				False	liver	early	enformer
1719	0.0	0.0	0.0				False	liver	early	enformer
1720	0.0	0.0	0.0				False	liver	early	enformer
1721	0.0	0.0	0.0				False	liver	early	enformer
1722	0.0	0.0	0.0				False	liver	early	enformer
1723	0.0	0.0	0.0				False	liver	early	enformer
1724	0.0	0.0	0.0				False	liver	early	enformer
1725	0.0	0.0	0.0				False	liver	early	enformer
1726	0.0	0.0	0.0				False	liver	early	enformer
1727	0.0	0.0	0.0				False	liver	early	enformer
1728	0.0	0.0	0.0				False	liver	early	enformer
1729	0.0	0.0	0.0				False	liver	early	enformer
1730	0.0	0.0	0.0				False	liver	early	enformer
1731	0.0	0.0	0.0				False	liver	early	enformer
1732	0.0	0.0	0.0				False	liver	early	enformer
1733	0.0	0.0	0.0				False	liver	early	enformer
1734	0.0	0.0	0.0				False	liver	early	enformer
1735	0.0	0.0	0.0				False	liver	early	enformer
1736	0.0	0.0	0.0				False	liver	early	enformer
1738	0.0	0.0	0.0				False	liver	early	enformer
1739	0.0	0.0	0.0				False	liver	early	enformer
1740	0.0	0.0	0.0				False	liver	early	enformer
1741	0.0	0.0	0.0				False	liver	early	enformer
1742	0.0	0.0	0.0				False	liver	early	enformer
1743	0.0	0.0	0.0				False	liver	early	enformer
1744	0.0	0.0	0.0				False	liver	early	enformer
1745	0.0	0.0	0.0				False	liver	early	enformer
1746	0.0	0.0	0.0				False	liver	early	enformer
1747	0.0	0.0	0.0				False	liver	early	enformer
1748	0.0	0.0	0.0				False	liver	early	enformer
1749	0.0	0.0	0.0				False	liver	early	enformer
1750	0.0	0.0	0.0				False	liver	early	enformer
1751	0.0	0.0	0.0				False	liver	early	enformer
1752	0.0	0.0	0.0				False	liver	early	enformer
1753	0.0	0.0	0.0				False	liver	early	enformer
1754	0.0	0.0	0.0				False	liver	early	enformer
1755	0.0	0.0	0.0				False	liver	early	enformer
1756	0.0	0.0	0.0				False	liver	early	enformer
1757	0.0	0.0	0.0				False	liver	early	enformer
1758	0.0	0.0	0.0				False	liver	early	enformer
1759	0.0	0.0	0.0				False	liver	early	enformer
1760	0.0	0.0	0.0				False	liver	early	enformer
1761	0.0	0.0	0.0				False	liver	early	enformer
1762	0.0	0.0	0.0				False	liver	early	enformer
1763	0.0	0.0	0.0				False	liver	early	enformer
1764	0.0	0.0	0.0				False	liver	early	enformer
1765	0.0	0.0	0.0				False	liver	early	enformer
1766	0.0	0.0	0.0				False	liver	early	enformer
1767	0.0	0.0	0.0				False	liver	early	enformer
1768	0.0	0.0	0.0				False	liver	early	enformer
1769	0.0	0.0	0.0				False	liver	early	enformer
1770	0.0	0.0	0.0				False	liver	early	enformer
1771	0.0	0.0	0.0				False	liver	early	enformer
1772	0.0	0.0	0.0				False	liver	early	enformer
1773	0.0	0.0	0.0				False	liver	early	enformer
1774	0.0	0.0	0.0				False	liver	early	enformer
1775	0.0	0.0	0.0				False	liver	early	enformer
1777	0.0	0.0	0.0				False	liver	early	enformer
1779	0.0	0.0	0.0				False	liver	early	enformer
1780	0.0	0.0	0.0				False	liver	early	enformer
1781	0.0	0.0	0.0				False	liver	early	enformer
1782	0.0	0.0	0.0				False	liver	early	enformer
1783	0.0	0.0	0.0				False	liver	early	enformer
1785	0.0	0.0	0.0				False	liver	early	enformer
1786	0.0	0.0	0.0				False	liver	early	enformer
1787	0.0	0.0	0.0				False	liver	early	enformer
1788	0.0	0.0	0.0				False	liver	early	enformer
1789	0.0	0.0	0.0				False	liver	early	enformer
1790	0.0	0.0	0.0				False	liver	early	enformer
1791	0.0	0.0	0.0				False	liver	early	enformer
1792	0.0	0.0	0.0				False	liver	early	enformer
1793	0.0	0.0	0.0				False	liver	early	enformer
1794	0.0	0.0	0.0				False	liver	early	enformer
1795	0.0	0.0	0.0				False	liver	early	enformer
1796	0.0	0.0	0.0				False	liver	early	enformer
1797	0.0	0.0	0.0				False	liver	early	enformer
1798	0.0	0.0	0.0				False	liver	early	enformer
1799	0.0	0.0	0.0				False	liver	early	enformer
1801	0.0	0.0	0.0				False	liver	early	enformer
1802	0.0	0.0	0.0				False	liver	early	enformer
1803	0.0	0.0	0.0				False	liver	early	enformer
1804	0.0	0.0	0.0				False	liver	early	enformer
1805	0.0	0.0	0.0				False	liver	early	enformer
1806	0.0	0.0	0.0				False	liver	early	enformer
1807	0.0	0.0	0.0				False	liver	early	enformer
1808	0.0	0.0	0.0				False	liver	early	enformer
1809	0.0	0.0	0.0				False	liver	early	enformer
1810	0.0	0.0	0.0				False	liver	early	enformer
1811	0.0	0.0	0.0				False	liver	early	enformer
1812	0.0	0.0	0.0				False	liver	early	enformer
1813	0.0	0.0	0.0				False	liver	early	enformer
1814	0.0	0.0	0.0				False	liver	early	enformer
1816	0.0	0.0	0.0				False	liver	early	enformer
1817	0.0	0.0	0.0				False	liver	early	enformer
1818	0.0	0.0	0.0				False	liver	early	enformer
1819	0.0	0.0	0.0				False	liver	early	enformer
1820	0.0	0.0	0.0				False	liver	early	enformer
1821	0.0	0.0	0.0				False	liver	early	enformer
1822	0.0	0.0	0.0				False	liver	early	enformer
1823	0.0	0.0	0.0				False	liver	early	enformer
1824	0.0	0.0	0.0				False	liver	early	enformer
1826	0.0	0.0	0.0				False	liver	early	enformer
1827	0.0	0.0	0.0				False	liver	early	enformer
1828	0.0	0.0	0.0				False	liver	early	enformer
1829	0.0	0.0	0.0				False	liver	early	enformer
1830	0.0	0.0	0.0				False	liver	early	enformer
1831	0.0	0.0	0.0				False	liver	early	enformer
1832	0.0	0.0	0.0				False	liver	early	enformer
1833	0.0	0.0	0.0				False	liver	early	enformer
1835	0.0	0.0	0.0				False	liver	early	enformer
1836	0.0	0.0	0.0				False	liver	early	enformer
1838	0.0	0.0	0.0				False	liver	early	enformer
1839	0.0	0.0	0.0				False	liver	early	enformer
1840	0.0	0.0	0.0				False	liver	early	enformer
1841	0.0	0.0	0.0				False	liver	early	enformer
1842	0.0	0.0	0.0				False	liver	early	enformer
1843	0.0	0.0	0.0				False	liver	early	enformer
1844	0.0	0.0	0.0				False	liver	early	enformer
1845	0.0	0.0	0.0				False	liver	early	enformer
1846	0.0	0.0	0.0				False	liver	early	enformer
1847	0.0	0.0	0.0				False	liver	early	enformer
1848	0.0	0.0	0.0				False	liver	early	enformer
1849	0.0	0.0	0.0				False	liver	early	enformer
1850	0.0	0.0	0.0				False	liver	early	enformer
1851	0.0	0.0	0.0				False	liver	early	enformer
1852	0.0	0.0	0.0				False	liver	early	enformer
1853	0.0	0.0	0.0				False	liver	early	enformer
1854	0.0	0.0	0.0				False	liver	early	enformer
1855	0.0	0.0	0.0				False	liver	early	enformer
1856	0.0	0.0	0.0				False	liver	early	enformer
1857	0.0	0.0	0.0				False	liver	early	enformer
1858	0.0	0.0	0.0				False	liver	early	enformer
1859	0.0	0.0	0.0				False	liver	early	enformer
1860	0.0	0.0	0.0				False	liver	early	enformer
1861	0.0	0.0	0.0				False	liver	early	enformer
1862	0.0	0.0	0.0				False	liver	early	enformer
1863	0.0	0.0	0.0				False	liver	early	enformer
1864	0.0	0.0	0.0				False	liver	early	enformer
1865	0.0	0.0	0.0				False	liver	early	enformer
1866	0.0	0.0	0.0				False	liver	early	enformer
1867	0.0	0.0	0.0				False	liver	early	enformer
1868	0.0	0.0	0.0				False	liver	early	enformer
1869	0.0	0.0	0.0				False	liver	early	enformer
1870	0.0	0.0	0.0				False	liver	early	enformer
1872	0.0	0.0	0.0				False	liver	early	enformer
1873	0.0	0.0	0.0				False	liver	early	enformer
1874	0.0	0.0	0.0				False	liver	early	enformer
1875	0.0	0.0	0.0				False	liver	early	enformer
1876	0.0	0.0	0.0				False	liver	early	enformer
1877	0.0	0.0	0.0				False	liver	early	enformer
1879	0.0	0.0	0.0				False	liver	early	enformer
1880	0.0	0.0	0.0				False	liver	early	enformer
1882	0.0	0.0	0.0				False	liver	early	enformer
1883	0.0	0.0	0.0				False	liver	early	enformer
1884	0.0	0.0	0.0				False	liver	early	enformer
1885	0.0	0.0	0.0				False	liver	early	enformer
1886	0.0	0.0	0.0				False	liver	early	enformer
1887	0.0	0.0	0.0				False	liver	early	enformer
1888	0.0	0.0	0.0				False	liver	early	enformer
1889	0.0	0.0	0.0				False	liver	early	enformer
1890	0.0	0.0	0.0				False	liver	early	enformer
1891	0.0	0.0	0.0				False	liver	early	enformer
1892	0.0	0.0	0.0				False	liver	early	enformer
1893	0.0	0.0	0.0				False	liver	early	enformer
1894	0.0	0.0	0.0				False	liver	early	enformer
1895	0.0	0.0	0.0				False	liver	early	enformer
1896	0.0	0.0	0.0				False	liver	early	enformer
1897	0.0	0.0	0.0				False	liver	early	enformer
1898	0.0	0.0	0.0				False	liver	early	enformer
1899	0.0	0.0	0.0				False	liver	early	enformer
1900	0.0	0.0	0.0				False	liver	early	enformer
1901	0.0	0.0	0.0				False	liver	early	enformer
1902	0.0	0.0	0.0				False	liver	early	enformer
1903	0.0	0.0	0.0				False	liver	early	enformer
1904	0.0	0.0	0.0				False	liver	early	enformer
1905	0.0	0.0	0.0				False	liver	early	enformer
1906	0.0	0.0	0.0				False	liver	early	enformer
1907	0.0	0.0	0.0				False	liver	early	enformer
1908	0.0	0.0	0.0				False	liver	early	enformer
1909	0.0	0.0	0.0				False	liver	early	enformer
1910	0.0	0.0	0.0				False	liver	early	enformer
1911	0.0	0.0	0.0				False	liver	early	enformer
1913	0.0	0.0	0.0				False	liver	early	enformer
1914	0.0	0.0	0.0				False	liver	early	enformer
1915	0.0	0.0	0.0				False	liver	early	enformer
1916	0.0	0.0	0.0				False	liver	early	enformer
1917	0.0	0.0	0.0				False	liver	early	enformer
1918	0.0	0.0	0.0				False	liver	early	enformer
1919	0.0	0.0	0.0				False	liver	early	enformer
1920	0.0	0.0	0.0				False	liver	early	enformer
1921	0.0	0.0	0.0				False	liver	early	enformer
1922	0.0	0.0	0.0				False	liver	early	enformer
1923	0.0	0.0	0.0				False	liver	early	enformer
1924	0.0	0.0	0.0				False	liver	early	enformer
1925	0.0	0.0	0.0				False	liver	early	enformer
1926	0.0	0.0	0.0				False	liver	early	enformer
1927	0.0	0.0	0.0				False	liver	early	enformer
1929	0.0	0.0	0.0				False	liver	early	enformer
1930	0.0	0.0	0.0				False	liver	early	enformer
1932	0.0	0.0	0.0				False	liver	early	enformer
1933	0.0	0.0	0.0				False	liver	early	enformer
1934	0.0	0.0	0.0				False	liver	early	enformer
1935	0.0	0.0	0.0				False	liver	early	enformer
1936	0.0	0.0	0.0				False	liver	early	enformer
1937	0.0	0.0	0.0				False	liver	early	enformer
1938	0.0	0.0	0.0				False	liver	early	enformer
1940	0.0	0.0	0.0				False	liver	early	enformer
1941	0.0	0.0	0.0				False	liver	early	enformer
1942	0.0	0.0	0.0				False	liver	early	enformer
1943	0.0	0.0	0.0				False	liver	early	enformer
1944	0.0	0.0	0.0				False	liver	early	enformer
1945	0.0	0.0	0.0				False	liver	early	enformer
1946	0.0	0.0	0.0				False	liver	early	enformer
1947	0.0	0.0	0.0				False	liver	early	enformer
1948	0.0	0.0	0.0				False	liver	early	enformer
1949	0.0	0.0	0.0				False	liver	early	enformer
1950	0.0	0.0	0.0				False	liver	early	enformer
1951	0.0	0.0	0.0				False	liver	early	enformer
1952	0.0	0.0	0.0				False	liver	early	enformer
1953	0.0	0.0	0.0				False	liver	early	enformer
1954	0.0	0.0	0.0				False	liver	early	enformer
1955	0.0	0.0	0.0				False	liver	early	enformer
1956	0.0	0.0	0.0				False	liver	early	enformer
1957	0.0	0.0	0.0				False	liver	early	enformer
1958	0.0	0.0	0.0				False	liver	early	enformer
1959	0.0	0.0	0.0				False	liver	early	enformer
1960	0.0	0.0	0.0				False	liver	early	enformer
1961	0.0	0.0	0.0				False	liver	early	enformer
1962	0.0	0.0	0.0				False	liver	early	enformer
1963	0.0	0.0	0.0				False	liver	early	enformer
1964	0.0	0.0	0.0				False	liver	early	enformer
1965	0.0	0.0	0.0				False	liver	early	enformer
1966	0.0	0.0	0.0				False	liver	early	enformer
1967	0.0	0.0	0.0				False	liver	early	enformer
1968	0.0	0.0	0.0				False	liver	early	enformer
1969	0.0	0.0	0.0				False	liver	early	enformer
1970	0.0	0.0	0.0				False	liver	early	enformer
1971	0.0	0.0	0.0				False	liver	early	enformer
1972	0.0	0.0	0.0				False	liver	early	enformer
1973	0.0	0.0	0.0				False	liver	early	enformer
1974	0.0	0.0	0.0				False	liver	early	enformer
1975	0.0	0.0	0.0				False	liver	early	enformer
1976	0.0	0.0	0.0				False	liver	early	enformer
1977	0.0	0.0	0.0				False	liver	early	enformer
1978	0.0	0.0	0.0				False	liver	early	enformer
1979	0.0	0.0	0.0				False	liver	early	enformer
1980	0.0	0.0	0.0				False	liver	early	enformer
1981	0.0	0.0	0.0				False	liver	early	enformer
1982	0.0	0.0	0.0				False	liver	early	enformer
1983	0.0	0.0	0.0				False	liver	early	enformer
1984	0.0	0.0	0.0				False	liver	early	enformer
1985	0.0	0.0	0.0				False	liver	early	enformer
1986	0.0	0.0	0.0				False	liver	early	enformer
1987	0.0	0.0	0.0				False	liver	early	enformer
1988	0.0	0.0	0.0				False	liver	early	enformer
1989	0.0	0.0	0.0				False	liver	early	enformer
1990	0.0	0.0	0.0				False	liver	early	enformer
1991	0.0	0.0	0.0				False	liver	early	enformer
1992	0.0	0.0	0.0				False	liver	early	enformer
1993	0.0	0.0	0.0				False	liver	early	enformer
1994	0.0	0.0	0.0				False	liver	early	enformer
1995	0.0	0.0	0.0				False	liver	early	enformer
1996	0.0	0.0	0.0				False	liver	early	enformer
1997	0.0	0.0	0.0				False	liver	early	enformer
1998	0.0	0.0	0.0				False	liver	early	enformer
2000	0.0	0.0	0.0				False	liver	early	enformer
2001	0.0	0.0	0.0				False	liver	early	enformer
2002	0.0	0.0	0.0				False	liver	early	enformer
2004	0.0	0.0	0.0				False	liver	early	enformer
2005	0.0	0.0	0.0				False	liver	early	enformer
2006	0.0	0.0	0.0				False	liver	early	enformer
2007	0.0	0.0	0.0				False	liver	early	enformer
2008	0.0	0.0	0.0				False	liver	early	enformer
2009	0.0	0.0	0.0				False	liver	early	enformer
2010	0.0	0.0	0.0				False	liver	early	enformer
2011	0.0	0.0	0.0				False	liver	early	enformer
2014	0.0	0.0	0.0				False	liver	early	enformer
2015	0.0	0.0	0.0				False	liver	early	enformer
2016	0.0	0.0	0.0				False	liver	early	enformer
2017	0.0	0.0	0.0				False	liver	early	enformer
2018	0.0	0.0	0.0				False	liver	early	enformer
2019	0.0	0.0	0.0				False	liver	early	enformer
2020	0.0	0.0	0.0				False	liver	early	enformer
2021	0.0	0.0	0.0				False	liver	early	enformer
2022	0.0	0.0	0.0				False	liver	early	enformer
2023	0.0	0.0	0.0				False	liver	early	enformer
2024	0.0	0.0	0.0				False	liver	early	enformer
2025	0.0	0.0	0.0				False	liver	early	enformer
2026	0.0	0.0	0.0				False	liver	early	enformer
2028	0.0	0.0	0.0				False	liver	early	enformer
2029	0.0	0.0	0.0				False	liver	early	enformer
2030	0.0	0.0	0.0				False	liver	early	enformer
2031	0.0	0.0	0.0				False	liver	early	enformer
2032	0.0	0.0	0.0				False	liver	early	enformer
2033	0.0	0.0	0.0				False	liver	early	enformer
2034	0.0	0.0	0.0				False	liver	early	enformer
2036	0.0	0.0	0.0				False	liver	early	enformer
2037	0.0	0.0	0.0				False	liver	early	enformer
2038	0.0	0.0	0.0				False	liver	early	enformer
2040	0.0	0.0	0.0				False	liver	early	enformer
2041	0.0	0.0	0.0				False	liver	early	enformer
2042	0.0	0.0	0.0				False	liver	early	enformer
2043	0.0	0.0	0.0				False	liver	early	enformer
2044	0.0	0.0	0.0				False	liver	early	enformer
2045	0.0	0.0	0.0				False	liver	early	enformer
2046	0.0	0.0	0.0				False	liver	early	enformer
2047	0.0	0.0	0.0				False	liver	early	enformer
2048	0.0	0.0	0.0				False	liver	early	enformer
2049	0.0	0.0	0.0				False	liver	early	enformer
2050	0.0	0.0	0.0				False	liver	early	enformer
2051	0.0	0.0	0.0				False	liver	early	enformer
2052	0.0	0.0	0.0				False	liver	early	enformer
2053	0.0	0.0	0.0				False	liver	early	enformer
2054	0.0	0.0	0.0				False	liver	early	enformer
2055	0.0	0.0	0.0				False	liver	early	enformer
2056	0.0	0.0	0.0				False	liver	early	enformer
2057	0.0	0.0	0.0				False	liver	early	enformer
2058	0.0	0.0	0.0				False	liver	early	enformer
2059	0.0	0.0	0.0				False	liver	early	enformer
2060	0.0	0.0	0.0				False	liver	early	enformer
2061	0.0	0.0	0.0				False	liver	early	enformer
2062	0.0	0.0	0.0				False	liver	early	enformer
2063	0.0	0.0	0.0				False	liver	early	enformer
2064	0.0	0.0	0.0				False	liver	early	enformer
2065	0.0	0.0	0.0				False	liver	early	enformer
2066	0.0	0.0	0.0				False	liver	early	enformer
2067	0.0	0.0	0.0				False	liver	early	enformer
2068	0.0	0.0	0.0				False	liver	early	enformer
2069	0.0	0.0	0.0				False	liver	early	enformer
2070	0.0	0.0	0.0				False	liver	early	enformer
2071	0.0	0.0	0.0				False	liver	early	enformer
2072	0.0	0.0	0.0				False	liver	early	enformer
2073	0.0	0.0	0.0				False	liver	early	enformer
2074	0.0	0.0	0.0				False	liver	early	enformer
2075	0.0	0.0	0.0				False	liver	early	enformer
2076	0.0	0.0	0.0				False	liver	early	enformer
2077	0.0	0.0	0.0				False	liver	early	enformer
2078	0.0	0.0	0.0				False	liver	early	enformer
2079	0.0	0.0	0.0				False	liver	early	enformer
2080	0.0	0.0	0.0				False	liver	early	enformer
2081	0.0	0.0	0.0				False	liver	early	enformer
2082	0.0	0.0	0.0				False	liver	early	enformer
2083	0.0	0.0	0.0				False	liver	early	enformer
2084	0.0	0.0	0.0				False	liver	early	enformer
2085	0.0	0.0	0.0				False	liver	early	enformer
2086	0.0	0.0	0.0				False	liver	early	enformer
2087	0.0	0.0	0.0				False	liver	early	enformer
2088	0.0	0.0	0.0				False	liver	early	enformer
2089	0.0	0.0	0.0				False	liver	early	enformer
2091	0.0	0.0	0.0				False	liver	early	enformer
2092	0.0	0.0	0.0				False	liver	early	enformer
2093	0.0	0.0	0.0				False	liver	early	enformer
2094	0.0	0.0	0.0				False	liver	early	enformer
2095	0.0	0.0	0.0				False	liver	early	enformer
2096	0.0	0.0	0.0				False	liver	early	enformer
2097	0.0	0.0	0.0				False	liver	early	enformer
2098	0.0	0.0	0.0				False	liver	early	enformer
2099	0.0	0.0	0.0				False	liver	early	enformer
2100	0.0	0.0	0.0				False	liver	early	enformer
2101	0.0	0.0	0.0				False	liver	early	enformer
2102	0.0	0.0	0.0				False	liver	early	enformer
2103	0.0	0.0	0.0				False	liver	early	enformer
2104	0.0	0.0	0.0				False	liver	early	enformer
2105	0.0	0.0	0.0				False	liver	early	enformer
2106	0.0	0.0	0.0				False	liver	early	enformer
2107	0.0	0.0	0.0				False	liver	early	enformer
2108	0.0	0.0	0.0				False	liver	early	enformer
2109	0.0	0.0	0.0				False	liver	early	enformer
2110	0.0	0.0	0.0				False	liver	early	enformer
2112	0.0	0.0	0.0				False	liver	early	enformer
2113	0.0	0.0	0.0				False	liver	early	enformer
2114	0.0	0.0	0.0				False	liver	early	enformer
2115	0.0	0.0	0.0				False	liver	early	enformer
2116	0.0	0.0	0.0				False	liver	early	enformer
2117	0.0	0.0	0.0				False	liver	early	enformer
2118	0.0	0.0	0.0				False	liver	early	enformer
2119	0.0	0.0	0.0				False	liver	early	enformer
2120	0.0	0.0	0.0				False	liver	early	enformer
2121	0.0	0.0	0.0				False	liver	early	enformer
2122	0.0	0.0	0.0				False	liver	early	enformer
2123	0.0	0.0	0.0				False	liver	early	enformer
2124	0.0	0.0	0.0				False	liver	early	enformer
2125	0.0	0.0	0.0				False	liver	early	enformer
2126	0.0	0.0	0.0				False	liver	early	enformer
2127	0.0	0.0	0.0				False	liver	early	enformer
2128	0.0	0.0	0.0				False	liver	early	enformer
2129	0.0	0.0	0.0				False	liver	early	enformer
2130	0.0	0.0	0.0				False	liver	early	enformer
2131	0.0	0.0	0.0				False	liver	early	enformer
2132	0.0	0.0	0.0				False	liver	early	enformer
2133	0.0	0.0	0.0				False	liver	early	enformer
2134	0.0	0.0	0.0				False	liver	early	enformer
2135	0.0	0.0	0.0				False	liver	early	enformer
2136	0.0	0.0	0.0				False	liver	early	enformer
2137	0.0	0.0	0.0				False	liver	early	enformer
2138	0.0	0.0	0.0				False	liver	early	enformer
2139	0.0	0.0	0.0				False	liver	early	enformer
2140	0.0	0.0	0.0				False	liver	early	enformer
2141	0.0	0.0	0.0				False	liver	early	enformer
2142	0.0	0.0	0.0				False	liver	early	enformer
2143	0.0	0.0	0.0				False	liver	early	enformer
2144	0.0	0.0	0.0				False	liver	early	enformer
2145	0.0	0.0	0.0				False	liver	early	enformer
2146	0.0	0.0	0.0				False	liver	early	enformer
2147	0.0	0.0	0.0				False	liver	early	enformer
2148	0.0	0.0	0.0				False	liver	early	enformer
2149	0.0	0.0	0.0				False	liver	early	enformer
2150	0.0	0.0	0.0				False	liver	early	enformer
2151	0.0	0.0	0.0				False	liver	early	enformer
2152	0.0	0.0	0.0				False	liver	early	enformer
2153	0.0	0.0	0.0				False	liver	early	enformer
2154	0.0	0.0	0.0				False	liver	early	enformer
2155	0.0	0.0	0.0				False	liver	early	enformer
2156	0.0	0.0	0.0				False	liver	early	enformer
2158	0.0	0.0	0.0				False	liver	early	enformer
2159	0.0	0.0	0.0				False	liver	early	enformer
2160	0.0	0.0	0.0				False	liver	early	enformer
2161	0.0	0.0	0.0				False	liver	early	enformer
2162	0.0	0.0	0.0				False	liver	early	enformer
2163	0.0	0.0	0.0				False	liver	early	enformer
2164	0.0	0.0	0.0				False	liver	early	enformer
2165	0.0	0.0	0.0				False	liver	early	enformer
2166	0.0	0.0	0.0				False	liver	early	enformer
2167	0.0	0.0	0.0				False	liver	early	enformer
2168	0.0	0.0	0.0				False	liver	early	enformer
2170	0.0	0.0	0.0				False	liver	early	enformer
2171	0.0	0.0	0.0				False	liver	early	enformer
2172	0.0	0.0	0.0				False	liver	early	enformer
2174	0.0	0.0	0.0				False	liver	early	enformer
2175	0.0	0.0	0.0				False	liver	early	enformer
2176	0.0	0.0	0.0				False	liver	early	enformer
2177	0.0	0.0	0.0				False	liver	early	enformer
2178	0.0	0.0	0.0				False	liver	early	enformer
2179	0.0	0.0	0.0				False	liver	early	enformer
2180	0.0	0.0	0.0				False	liver	early	enformer
2181	0.0	0.0	0.0				False	liver	early	enformer
2182	0.0	0.0	0.0				False	liver	early	enformer
2183	0.0	0.0	0.0				False	liver	early	enformer
2184	0.0	0.0	0.0				False	liver	early	enformer
2185	0.0	0.0	0.0				False	liver	early	enformer
2186	0.0	0.0	0.0				False	liver	early	enformer
2187	0.0	0.0	0.0				False	liver	early	enformer
2188	0.0	0.0	0.0				False	liver	early	enformer
2189	0.0	0.0	0.0				False	liver	early	enformer
2190	0.0	0.0	0.0				False	liver	early	enformer
2191	0.0	0.0	0.0				False	liver	early	enformer
2192	0.0	0.0	0.0				False	liver	early	enformer
2193	0.0	0.0	0.0				False	liver	early	enformer
2194	0.0	0.0	0.0				False	liver	early	enformer
2195	0.0	0.0	0.0				False	liver	early	enformer
2197	0.0	0.0	0.0				False	liver	early	enformer
2198	0.0	0.0	0.0				False	liver	early	enformer
2199	0.0	0.0	0.0				False	liver	early	enformer
2200	0.0	0.0	0.0				False	liver	early	enformer
2201	0.0	0.0	0.0				False	liver	early	enformer
2202	0.0	0.0	0.0				False	liver	early	enformer
2203	0.0	0.0	0.0				False	liver	early	enformer
2204	0.0	0.0	0.0				False	liver	early	enformer
2205	0.0	0.0	0.0				False	liver	early	enformer
2206	0.0	0.0	0.0				False	liver	early	enformer
2207	0.0	0.0	0.0				False	liver	early	enformer
2208	0.0	0.0	0.0				False	liver	early	enformer
2209	0.0	0.0	0.0				False	liver	early	enformer
2210	0.0	0.0	0.0				False	liver	early	enformer
2211	0.0	0.0	0.0				False	liver	early	enformer
2212	0.0	0.0	0.0				False	liver	early	enformer
2213	0.0	0.0	0.0				False	liver	early	enformer
2214	0.0	0.0	0.0				False	liver	early	enformer
2216	0.0	0.0	0.0				False	liver	early	enformer
2217	0.0	0.0	0.0				False	liver	early	enformer
2218	0.0	0.0	0.0				False	liver	early	enformer
2219	0.0	0.0	0.0				False	liver	early	enformer
2220	0.0	0.0	0.0				False	liver	early	enformer
2221	0.0	0.0	0.0				False	liver	early	enformer
2222	0.0	0.0	0.0				False	liver	early	enformer
2223	0.0	0.0	0.0				False	liver	early	enformer
2224	0.0	0.0	0.0				False	liver	early	enformer
2225	0.0	0.0	0.0				False	liver	early	enformer
2226	0.0	0.0	0.0				False	liver	early	enformer
2227	0.0	0.0	0.0				False	liver	early	enformer
2228	0.0	0.0	0.0				False	liver	early	enformer
2229	0.0	0.0	0.0				False	liver	early	enformer
2230	0.0	0.0	0.0				False	liver	early	enformer
2231	0.0	0.0	0.0				False	liver	early	enformer
2232	0.0	0.0	0.0				False	liver	early	enformer
2233	0.0	0.0	0.0				False	liver	early	enformer
2234	0.0	0.0	0.0				False	liver	early	enformer
2235	0.0	0.0	0.0				False	liver	early	enformer
2236	0.0	0.0	0.0				False	liver	early	enformer
2237	0.0	0.0	0.0				False	liver	early	enformer
2238	0.0	0.0	0.0				False	liver	early	enformer
2239	0.0	0.0	0.0				False	liver	early	enformer
2240	0.0	0.0	0.0				False	liver	early	enformer
2241	0.0	0.0	0.0				False	liver	early	enformer
2242	0.0	0.0	0.0				False	liver	early	enformer
2243	0.0	0.0	0.0				False	liver	early	enformer
2244	0.0	0.0	0.0				False	liver	early	enformer
2245	0.0	0.0	0.0				False	liver	early	enformer
2246	0.0	0.0	0.0				False	liver	early	enformer
2247	0.0	0.0	0.0				False	liver	early	enformer
2248	0.0	0.0	0.0				False	liver	early	enformer
2249	0.0	0.0	0.0				False	liver	early	enformer
2250	0.0	0.0	0.0				False	liver	early	enformer
2251	0.0	0.0	0.0				False	liver	early	enformer
2252	0.0	0.0	0.0				False	liver	early	enformer
2253	0.0	0.0	0.0				False	liver	early	enformer
2254	0.0	0.0	0.0				False	liver	early	enformer
2255	0.0	0.0	0.0				False	liver	early	enformer
2256	0.0	0.0	0.0				False	liver	early	enformer
2257	0.0	0.0	0.0				False	liver	early	enformer
2258	0.0	0.0	0.0				False	liver	early	enformer
2259	0.0	0.0	0.0				False	liver	early	enformer
2260	0.0	0.0	0.0				False	liver	early	enformer
2261	0.0	0.0	0.0				False	liver	early	enformer
2262	0.0	0.0	0.0				False	liver	early	enformer
2263	0.0	0.0	0.0				False	liver	early	enformer
2264	0.0	0.0	0.0				False	liver	early	enformer
2265	0.0	0.0	0.0				False	liver	early	enformer
2266	0.0	0.0	0.0				False	liver	early	enformer
2267	0.0	0.0	0.0				False	liver	early	enformer
2268	0.0	0.0	0.0				False	liver	early	enformer
2269	0.0	0.0	0.0				False	liver	early	enformer
2270	0.0	0.0	0.0				False	liver	early	enformer
2271	0.0	0.0	0.0				False	liver	early	enformer
2272	0.0	0.0	0.0				False	liver	early	enformer
2273	0.0	0.0	0.0				False	liver	early	enformer
2274	0.0	0.0	0.0				False	liver	early	enformer
2275	0.0	0.0	0.0				False	liver	early	enformer
2276	0.0	0.0	0.0				False	liver	early	enformer
2277	0.0	0.0	0.0				False	liver	early	enformer
2278	0.0	0.0	0.0				False	liver	early	enformer
2279	0.0	0.0	0.0				False	liver	early	enformer
2280	0.0	0.0	0.0				False	liver	early	enformer
2281	0.0	0.0	0.0				False	liver	early	enformer
2282	0.0	0.0	0.0				False	liver	early	enformer
2283	0.0	0.0	0.0				False	liver	early	enformer
2284	0.0	0.0	0.0				False	liver	early	enformer
2285	0.0	0.0	0.0				False	liver	early	enformer
2286	0.0	0.0	0.0				False	liver	early	enformer
2287	0.0	0.0	0.0				False	liver	early	enformer
2288	0.0	0.0	0.0				False	liver	early	enformer
2289	0.0	0.0	0.0				False	liver	early	enformer
2290	0.0	0.0	0.0				False	liver	early	enformer
2292	0.0	0.0	0.0				False	liver	early	enformer
2293	0.0	0.0	0.0				False	liver	early	enformer
2294	0.0	0.0	0.0				False	liver	early	enformer
2295	0.0	0.0	0.0				False	liver	early	enformer
2296	0.0	0.0	0.0				False	liver	early	enformer
2297	0.0	0.0	0.0				False	liver	early	enformer
2298	0.0	0.0	0.0				False	liver	early	enformer
2299	0.0	0.0	0.0				False	liver	early	enformer
2300	0.0	0.0	0.0				False	liver	early	enformer
2301	0.0	0.0	0.0				False	liver	early	enformer
2302	0.0	0.0	0.0				False	liver	early	enformer
2303	0.0	0.0	0.0				False	liver	early	enformer
2304	0.0	0.0	0.0				False	liver	early	enformer
2305	0.0	0.0	0.0				False	liver	early	enformer
2307	0.0	0.0	0.0				False	liver	early	enformer
2308	0.0	0.0	0.0				False	liver	early	enformer
2309	0.0	0.0	0.0				False	liver	early	enformer
2310	0.0	0.0	0.0				False	liver	early	enformer
2311	0.0	0.0	0.0				False	liver	early	enformer
2312	0.0	0.0	0.0				False	liver	early	enformer
2313	0.0	0.0	0.0				False	liver	early	enformer
2314	0.0	0.0	0.0				False	liver	early	enformer
2315	0.0	0.0	0.0				False	liver	early	enformer
2316	0.0	0.0	0.0				False	liver	early	enformer
2317	0.0	0.0	0.0				False	liver	early	enformer
2318	0.0	0.0	0.0				False	liver	early	enformer
2319	0.0	0.0	0.0				False	liver	early	enformer
2320	0.0	0.0	0.0				False	liver	early	enformer
2321	0.0	0.0	0.0				False	liver	early	enformer
2322	0.0	0.0	0.0				False	liver	early	enformer
2323	0.0	0.0	0.0				False	liver	early	enformer
2324	0.0	0.0	0.0				False	liver	early	enformer
2325	0.0	0.0	0.0				False	liver	early	enformer
2326	0.0	0.0	0.0				False	liver	early	enformer
2328	0.0	0.0	0.0				False	liver	early	enformer
2329	0.0	0.0	0.0				False	liver	early	enformer
2331	0.0	0.0	0.0				False	liver	early	enformer
2332	0.0	0.0	0.0				False	liver	early	enformer
2333	0.0	0.0	0.0				False	liver	early	enformer
2334	0.0	0.0	0.0				False	liver	early	enformer
2335	0.0	0.0	0.0				False	liver	early	enformer
2336	0.0	0.0	0.0				False	liver	early	enformer
2337	0.0	0.0	0.0				False	liver	early	enformer
2338	0.0	0.0	0.0				False	liver	early	enformer
2339	0.0	0.0	0.0				False	liver	early	enformer
2340	0.0	0.0	0.0				False	liver	early	enformer
2341	0.0	0.0	0.0				False	liver	early	enformer
2342	0.0	0.0	0.0				False	liver	early	enformer
2343	0.0	0.0	0.0				False	liver	early	enformer
2344	0.0	0.0	0.0				False	liver	early	enformer
2345	0.0	0.0	0.0				False	liver	early	enformer
2346	0.0	0.0	0.0				False	liver	early	enformer
2347	0.0	0.0	0.0				False	liver	early	enformer
2348	0.0	0.0	0.0				False	liver	early	enformer
2349	0.0	0.0	0.0				False	liver	early	enformer
2350	0.0	0.0	0.0				False	liver	early	enformer
2351	0.0	0.0	0.0				False	liver	early	enformer
2352	0.0	0.0	0.0				False	liver	early	enformer
2353	0.0	0.0	0.0				False	liver	early	enformer
2354	0.0	0.0	0.0				False	liver	early	enformer
2355	0.0	0.0	0.0				False	liver	early	enformer
2356	0.0	0.0	0.0				False	liver	early	enformer
2357	0.0	0.0	0.0				False	liver	early	enformer
2358	0.0	0.0	0.0				False	liver	early	enformer
2359	0.0	0.0	0.0				False	liver	early	enformer
2360	0.0	0.0	0.0				False	liver	early	enformer
2361	0.0	0.0	0.0				False	liver	early	enformer
2362	0.0	0.0	0.0				False	liver	early	enformer
2363	0.0	0.0	0.0				False	liver	early	enformer
2364	0.0	0.0	0.0				False	liver	early	enformer
2365	0.0	0.0	0.0				False	liver	early	enformer
2366	0.0	0.0	0.0				False	liver	early	enformer
2367	0.0	0.0	0.0				False	liver	early	enformer
2368	0.0	0.0	0.0				False	liver	early	enformer
2369	0.0	0.0	0.0				False	liver	early	enformer
2370	0.0	0.0	0.0				False	liver	early	enformer
2372	0.0	0.0	0.0				False	liver	early	enformer
2373	0.0	0.0	0.0				False	liver	early	enformer
2374	0.0	0.0	0.0				False	liver	early	enformer
2375	0.0	0.0	0.0				False	liver	early	enformer
2376	0.0	0.0	0.0				False	liver	early	enformer
2377	0.0	0.0	0.0				False	liver	early	enformer
2378	0.0	0.0	0.0				False	liver	early	enformer
2379	0.0	0.0	0.0				False	liver	early	enformer
2380	0.0	0.0	0.0				False	liver	early	enformer
2381	0.0	0.0	0.0				False	liver	early	enformer
2382	0.0	0.0	0.0				False	liver	early	enformer
2383	0.0	0.0	0.0				False	liver	early	enformer
2384	0.0	0.0	0.0				False	liver	early	enformer
2385	0.0	0.0	0.0				False	liver	early	enformer
2386	0.0	0.0	0.0				False	liver	early	enformer
2387	0.0	0.0	0.0				False	liver	early	enformer
2388	0.0	0.0	0.0				False	liver	early	enformer
2389	0.0	0.0	0.0				False	liver	early	enformer
2390	0.0	0.0	0.0				False	liver	early	enformer
2391	0.0	0.0	0.0				False	liver	early	enformer
2392	0.0	0.0	0.0				False	liver	early	enformer
2393	0.0	0.0	0.0				False	liver	early	enformer
2394	0.0	0.0	0.0				False	liver	early	enformer
2395	0.0	0.0	0.0				False	liver	early	enformer
2396	0.0	0.0	0.0				False	liver	early	enformer
2397	0.0	0.0	0.0				False	liver	early	enformer
2398	0.0	0.0	0.0				False	liver	early	enformer
2400	0.0	0.0	0.0				False	liver	early	enformer
2401	0.0	0.0	0.0				False	liver	early	enformer
2402	0.0	0.0	0.0				False	liver	early	enformer
2403	0.0	0.0	0.0				False	liver	early	enformer
2404	0.0	0.0	0.0				False	liver	early	enformer
2405	0.0	0.0	0.0				False	liver	early	enformer
2406	0.0	0.0	0.0				False	liver	early	enformer
2407	0.0	0.0	0.0				False	liver	early	enformer
2408	0.0	0.0	0.0				False	liver	early	enformer
2409	0.0	0.0	0.0				False	liver	early	enformer
2410	0.0	0.0	0.0				False	liver	early	enformer
2411	0.0	0.0	0.0				False	liver	early	enformer
2412	0.0	0.0	0.0				False	liver	early	enformer
2413	0.0	0.0	0.0				False	liver	early	enformer
2414	0.0	0.0	0.0				False	liver	early	enformer
2415	0.0	0.0	0.0				False	liver	early	enformer
2416	0.0	0.0	0.0				False	liver	early	enformer
2417	0.0	0.0	0.0				False	liver	early	enformer
2418	0.0	0.0	0.0				False	liver	early	enformer
2419	0.0	0.0	0.0				False	liver	early	enformer
2420	0.0	0.0	0.0				False	liver	early	enformer
2421	0.0	0.0	0.0				False	liver	early	enformer
2422	0.0	0.0	0.0				False	liver	early	enformer
2423	0.0	0.0	0.0				False	liver	early	enformer
2424	0.0	0.0	0.0				False	liver	early	enformer
2425	0.0	0.0	0.0				False	liver	early	enformer
2426	0.0	0.0	0.0				False	liver	early	enformer
2427	0.0	0.0	0.0				False	liver	early	enformer
2428	0.0	0.0	0.0				False	liver	early	enformer
2429	0.0	0.0	0.0				False	liver	early	enformer
2430	0.0	0.0	0.0				False	liver	early	enformer
2431	0.0	0.0	0.0				False	liver	early	enformer
2432	0.0	0.0	0.0				False	liver	early	enformer
2433	0.0	0.0	0.0				False	liver	early	enformer
2434	0.0	0.0	0.0				False	liver	early	enformer
2435	0.0	0.0	0.0				False	liver	early	enformer
2436	0.0	0.0	0.0				False	liver	early	enformer
2437	0.0	0.0	0.0				False	liver	early	enformer
2438	0.0	0.0	0.0				False	liver	early	enformer
2439	0.0	0.0	0.0				False	liver	early	enformer
2440	0.0	0.0	0.0				False	liver	early	enformer
2441	0.0	0.0	0.0				False	liver	early	enformer
2442	0.0	0.0	0.0				False	liver	early	enformer
2443	0.0	0.0	0.0				False	liver	early	enformer
2445	0.0	0.0	0.0				False	liver	early	enformer
2446	0.0	0.0	0.0				False	liver	early	enformer
2447	0.0	0.0	0.0				False	liver	early	enformer
2448	0.0	0.0	0.0				False	liver	early	enformer
2449	0.0	0.0	0.0				False	liver	early	enformer
2450	0.0	0.0	0.0				False	liver	early	enformer
2451	0.0	0.0	0.0				False	liver	early	enformer
2452	0.0	0.0	0.0				False	liver	early	enformer
2453	0.0	0.0	0.0				False	liver	early	enformer
2454	0.0	0.0	0.0				False	liver	early	enformer
2455	0.0	0.0	0.0				False	liver	early	enformer
2456	0.0	0.0	0.0				False	liver	early	enformer
2457	0.0	0.0	0.0				False	liver	early	enformer
2458	0.0	0.0	0.0				False	liver	early	enformer
2459	0.0	0.0	0.0				False	liver	early	enformer
2460	0.0	0.0	0.0				False	liver	early	enformer
2461	0.0	0.0	0.0				False	liver	early	enformer
2462	0.0	0.0	0.0				False	liver	early	enformer
2463	0.0	0.0	0.0				False	liver	early	enformer
2465	0.0	0.0	0.0				False	liver	early	enformer
2466	0.0	0.0	0.0				False	liver	early	enformer
2467	0.0	0.0	0.0				False	liver	early	enformer
2468	0.0	0.0	0.0				False	liver	early	enformer
2469	0.0	0.0	0.0				False	liver	early	enformer
2470	0.0	0.0	0.0				False	liver	early	enformer
2471	0.0	0.0	0.0				False	liver	early	enformer
2472	0.0	0.0	0.0				False	liver	early	enformer
2473	0.0	0.0	0.0				False	liver	early	enformer
2476	0.0	0.0	0.0				False	liver	early	enformer
2477	0.0	0.0	0.0				False	liver	early	enformer
2478	0.0	0.0	0.0				False	liver	early	enformer
2480	0.0	0.0	0.0				False	liver	early	enformer
2481	0.0	0.0	0.0				False	liver	early	enformer
2482	0.0	0.0	0.0				False	liver	early	enformer
2483	0.0	0.0	0.0				False	liver	early	enformer
2484	0.0	0.0	0.0				False	liver	early	enformer
2485	0.0	0.0	0.0				False	liver	early	enformer
2486	0.0	0.0	0.0				False	liver	early	enformer
2487	0.0	0.0	0.0				False	liver	early	enformer
2488	0.0	0.0	0.0				False	liver	early	enformer
2489	0.0	0.0	0.0				False	liver	early	enformer
2490	0.0	0.0	0.0				False	liver	early	enformer
2492	0.0	0.0	0.0				False	liver	early	enformer
2493	0.0	0.0	0.0				False	liver	early	enformer
2494	0.0	0.0	0.0				False	liver	early	enformer
2495	0.0	0.0	0.0				False	liver	early	enformer
2496	0.0	0.0	0.0				False	liver	early	enformer
2497	0.0	0.0	0.0				False	liver	early	enformer
2498	0.0	0.0	0.0				False	liver	early	enformer
2499	0.0	0.0	0.0				False	liver	early	enformer
2500	0.0	0.0	0.0				False	liver	early	enformer
2501	0.0	0.0	0.0				False	liver	early	enformer
2502	0.0	0.0	0.0				False	liver	early	enformer
2503	0.0	0.0	0.0				False	liver	early	enformer
2504	0.0	0.0	0.0				False	liver	early	enformer
2505	0.0	0.0	0.0				False	liver	early	enformer
2506	0.0	0.0	0.0				False	liver	early	enformer
2507	0.0	0.0	0.0				False	liver	early	enformer
2508	0.0	0.0	0.0				False	liver	early	enformer
2509	0.0	0.0	0.0				False	liver	early	enformer
2510	0.0	0.0	0.0				False	liver	early	enformer
2511	0.0	0.0	0.0				False	liver	early	enformer
2512	0.0	0.0	0.0				False	liver	early	enformer
2513	0.0	0.0	0.0				False	liver	early	enformer
2514	0.0	0.0	0.0				False	liver	early	enformer
2515	0.0	0.0	0.0				False	liver	early	enformer
2516	0.0	0.0	0.0				False	liver	early	enformer
2517	0.0	0.0	0.0				False	liver	early	enformer
2518	0.0	0.0	0.0				False	liver	early	enformer
2520	0.0	0.0	0.0				False	liver	early	enformer
2521	0.0	0.0	0.0				False	liver	early	enformer
2522	0.0	0.0	0.0				False	liver	early	enformer
2523	0.0	0.0	0.0				False	liver	early	enformer
2524	0.0	0.0	0.0				False	liver	early	enformer
2525	0.0	0.0	0.0				False	liver	early	enformer
2527	0.0	0.0	0.0				False	liver	early	enformer
2528	0.0	0.0	0.0				False	liver	early	enformer
2529	0.0	0.0	0.0				False	liver	early	enformer
2530	0.0	0.0	0.0				False	liver	early	enformer
2531	0.0	0.0	0.0				False	liver	early	enformer
2532	0.0	0.0	0.0				False	liver	early	enformer
2534	0.0	0.0	0.0				False	liver	early	enformer
2536	0.0	0.0	0.0				False	liver	early	enformer
2537	0.0	0.0	0.0				False	liver	early	enformer
2538	0.0	0.0	0.0				False	liver	early	enformer
2539	0.0	0.0	0.0				False	liver	early	enformer
2540	0.0	0.0	0.0				False	liver	early	enformer
2541	0.0	0.0	0.0				False	liver	early	enformer
2542	0.0	0.0	0.0				False	liver	early	enformer
2543	0.0	0.0	0.0				False	liver	early	enformer
2544	0.0	0.0	0.0				False	liver	early	enformer
2545	0.0	0.0	0.0				False	liver	early	enformer
2546	0.0	0.0	0.0				False	liver	early	enformer
2547	0.0	0.0	0.0				False	liver	early	enformer
2548	0.0	0.0	0.0				False	liver	early	enformer
2549	0.0	0.0	0.0				False	liver	early	enformer
2551	0.0	0.0	0.0				False	liver	early	enformer
2553	0.0	0.0	0.0				False	liver	early	enformer
2554	0.0	0.0	0.0				False	liver	early	enformer
2555	0.0	0.0	0.0				False	liver	early	enformer
2557	0.0	0.0	0.0				False	liver	early	enformer
2558	0.0	0.0	0.0				False	liver	early	enformer
2559	0.0	0.0	0.0				False	liver	early	enformer
2560	0.0	0.0	0.0				False	liver	early	enformer
2561	0.0	0.0	0.0				False	liver	early	enformer
2562	0.0	0.0	0.0				False	liver	early	enformer
2563	0.0	0.0	0.0				False	liver	early	enformer
2564	0.0	0.0	0.0				False	liver	early	enformer
2565	0.0	0.0	0.0				False	liver	early	enformer
2566	0.0	0.0	0.0				False	liver	early	enformer
2567	0.0	0.0	0.0				False	liver	early	enformer
2568	0.0	0.0	0.0				False	liver	early	enformer
2569	0.0	0.0	0.0				False	liver	early	enformer
2570	0.0	0.0	0.0				False	liver	early	enformer
2571	0.0	0.0	0.0				False	liver	early	enformer
2572	0.0	0.0	0.0				False	liver	early	enformer
2573	0.0	0.0	0.0				False	liver	early	enformer
2574	0.0	0.0	0.0				False	liver	early	enformer
2575	0.0	0.0	0.0				False	liver	early	enformer
2576	0.0	0.0	0.0				False	liver	early	enformer
2577	0.0	0.0	0.0				False	liver	early	enformer
2578	0.0	0.0	0.0				False	liver	early	enformer
2579	0.0	0.0	0.0				False	liver	early	enformer
2580	0.0	0.0	0.0				False	liver	early	enformer
2581	0.0	0.0	0.0				False	liver	early	enformer
2582	0.0	0.0	0.0				False	liver	early	enformer
2583	0.0	0.0	0.0				False	liver	early	enformer
2584	0.0	0.0	0.0				False	liver	early	enformer
2585	0.0	0.0	0.0				False	liver	early	enformer
2586	0.0	0.0	0.0				False	liver	early	enformer
2587	0.0	0.0	0.0				False	liver	early	enformer
2588	0.0	0.0	0.0				False	liver	early	enformer
2589	0.0	0.0	0.0				False	liver	early	enformer
2590	0.0	0.0	0.0				False	liver	early	enformer
2591	0.0	0.0	0.0				False	liver	early	enformer
2592	0.0	0.0	0.0				False	liver	early	enformer
2593	0.0	0.0	0.0				False	liver	early	enformer
2594	0.0	0.0	0.0				False	liver	early	enformer
2595	0.0	0.0	0.0				False	liver	early	enformer
2596	0.0	0.0	0.0				False	liver	early	enformer
2597	0.0	0.0	0.0				False	liver	early	enformer
2598	0.0	0.0	0.0				False	liver	early	enformer
2599	0.0	0.0	0.0				False	liver	early	enformer
2600	0.0	0.0	0.0				False	liver	early	enformer
2601	0.0	0.0	0.0				False	liver	early	enformer
2602	0.0	0.0	0.0				False	liver	early	enformer
2603	0.0	0.0	0.0				False	liver	early	enformer
2604	0.0	0.0	0.0				False	liver	early	enformer
2605	0.0	0.0	0.0				False	liver	early	enformer
2606	0.0	0.0	0.0				False	liver	early	enformer
2607	0.0	0.0	0.0				False	liver	early	enformer
2608	0.0	0.0	0.0				False	liver	early	enformer
2609	0.0	0.0	0.0				False	liver	early	enformer
2611	0.0	0.0	0.0				False	liver	early	enformer
2612	0.0	0.0	0.0				False	liver	early	enformer
2613	0.0	0.0	0.0				False	liver	early	enformer
2614	0.0	0.0	0.0				False	liver	early	enformer
2615	0.0	0.0	0.0				False	liver	early	enformer
2616	0.0	0.0	0.0				False	liver	early	enformer
2617	0.0	0.0	0.0				False	liver	early	enformer
2618	0.0	0.0	0.0				False	liver	early	enformer
2619	0.0	0.0	0.0				False	liver	early	enformer
2620	0.0	0.0	0.0				False	liver	early	enformer
2621	0.0	0.0	0.0				False	liver	early	enformer
2622	0.0	0.0	0.0				False	liver	early	enformer
2623	0.0	0.0	0.0				False	liver	early	enformer
2624	0.0	0.0	0.0				False	liver	early	enformer
2625	0.0	0.0	0.0				False	liver	early	enformer
2626	0.0	0.0	0.0				False	liver	early	enformer
2627	0.0	0.0	0.0				False	liver	early	enformer
2628	0.0	0.0	0.0				False	liver	early	enformer
2629	0.0	0.0	0.0				False	liver	early	enformer
2630	0.0	0.0	0.0				False	liver	early	enformer
2631	0.0	0.0	0.0				False	liver	early	enformer
2633	0.0	0.0	0.0				False	liver	early	enformer
2634	0.0	0.0	0.0				False	liver	early	enformer
2635	0.0	0.0	0.0				False	liver	early	enformer
2636	0.0	0.0	0.0				False	liver	early	enformer
2638	0.0	0.0	0.0				False	liver	early	enformer
2639	0.0	0.0	0.0				False	liver	early	enformer
2640	0.0	0.0	0.0				False	liver	early	enformer
2641	0.0	0.0	0.0				False	liver	early	enformer
2642	0.0	0.0	0.0				False	liver	early	enformer
2643	0.0	0.0	0.0				False	liver	early	enformer
2644	0.0	0.0	0.0				False	liver	early	enformer
2645	0.0	0.0	0.0				False	liver	early	enformer
2646	0.0	0.0	0.0				False	liver	early	enformer
2647	0.0	0.0	0.0				False	liver	early	enformer
2648	0.0	0.0	0.0				False	liver	early	enformer
2649	0.0	0.0	0.0				False	liver	early	enformer
2650	0.0	0.0	0.0				False	liver	early	enformer
2651	0.0	0.0	0.0				False	liver	early	enformer
2652	0.0	0.0	0.0				False	liver	early	enformer
2653	0.0	0.0	0.0				False	liver	early	enformer
2654	0.0	0.0	0.0				False	liver	early	enformer
2656	0.0	0.0	0.0				False	liver	early	enformer
2657	0.0	0.0	0.0				False	liver	early	enformer
2658	0.0	0.0	0.0				False	liver	early	enformer
2660	0.0	0.0	0.0				False	liver	early	enformer
2661	0.0	0.0	0.0				False	liver	early	enformer
2662	0.0	0.0	0.0				False	liver	early	enformer
2663	0.0	0.0	0.0				False	liver	early	enformer
2664	0.0	0.0	0.0				False	liver	early	enformer
2665	0.0	0.0	0.0				False	liver	early	enformer
2666	0.0	0.0	0.0				False	liver	early	enformer
2667	0.0	0.0	0.0				False	liver	early	enformer
2668	0.0	0.0	0.0				False	liver	early	enformer
2669	0.0	0.0	0.0				False	liver	early	enformer
2670	0.0	0.0	0.0				False	liver	early	enformer
2671	0.0	0.0	0.0				False	liver	early	enformer
2672	0.0	0.0	0.0				False	liver	early	enformer
2673	0.0	0.0	0.0				False	liver	early	enformer
2674	0.0	0.0	0.0				False	liver	early	enformer
2675	0.0	0.0	0.0				False	liver	early	enformer
2676	0.0	0.0	0.0				False	liver	early	enformer
2677	0.0	0.0	0.0				False	liver	early	enformer
2678	0.0	0.0	0.0				False	liver	early	enformer
2679	0.0	0.0	0.0				False	liver	early	enformer
2680	0.0	0.0	0.0				False	liver	early	enformer
2681	0.0	0.0	0.0				False	liver	early	enformer
2682	0.0	0.0	0.0				False	liver	early	enformer
2683	0.0	0.0	0.0				False	liver	early	enformer
2684	0.0	0.0	0.0				False	liver	early	enformer
2685	0.0	0.0	0.0				False	liver	early	enformer
2686	0.0	0.0	0.0				False	liver	early	enformer
2687	0.0	0.0	0.0				False	liver	early	enformer
2688	0.0	0.0	0.0				False	liver	early	enformer
2689	0.0	0.0	0.0				False	liver	early	enformer
2690	0.0	0.0	0.0				False	liver	early	enformer
2691	0.0	0.0	0.0				False	liver	early	enformer
2692	0.0	0.0	0.0				False	liver	early	enformer
2693	0.0	0.0	0.0				False	liver	early	enformer
2694	0.0	0.0	0.0				False	liver	early	enformer
2695	0.0	0.0	0.0				False	liver	early	enformer
2696	0.0	0.0	0.0				False	liver	early	enformer
2697	0.0	0.0	0.0				False	liver	early	enformer
2698	0.0	0.0	0.0				False	liver	early	enformer
2699	0.0	0.0	0.0				False	liver	early	enformer
2700	0.0	0.0	0.0				False	liver	early	enformer
2701	0.0	0.0	0.0				False	liver	early	enformer
2702	0.0	0.0	0.0				False	liver	early	enformer
2705	0.0	0.0	0.0				False	liver	early	enformer
2706	0.0	0.0	0.0				False	liver	early	enformer
2707	0.0	0.0	0.0				False	liver	early	enformer
2708	0.0	0.0	0.0				False	liver	early	enformer
2709	0.0	0.0	0.0				False	liver	early	enformer
2710	0.0	0.0	0.0				False	liver	early	enformer
2711	0.0	0.0	0.0				False	liver	early	enformer
2712	0.0	0.0	0.0				False	liver	early	enformer
2713	0.0	0.0	0.0				False	liver	early	enformer
2714	0.0	0.0	0.0				False	liver	early	enformer
2715	0.0	0.0	0.0				False	liver	early	enformer
2716	0.0	0.0	0.0				False	liver	early	enformer
2717	0.0	0.0	0.0				False	liver	early	enformer
2718	0.0	0.0	0.0				False	liver	early	enformer
2719	0.0	0.0	0.0				False	liver	early	enformer
2720	0.0	0.0	0.0				False	liver	early	enformer
2721	0.0	0.0	0.0				False	liver	early	enformer
2722	0.0	0.0	0.0				False	liver	early	enformer
2723	0.0	0.0	0.0				False	liver	early	enformer
2724	0.0	0.0	0.0				False	liver	early	enformer
2725	0.0	0.0	0.0				False	liver	early	enformer
2727	0.0	0.0	0.0				False	liver	early	enformer
2728	0.0	0.0	0.0				False	liver	early	enformer
2729	0.0	0.0	0.0				False	liver	early	enformer
2730	0.0	0.0	0.0				False	liver	early	enformer
2731	0.0	0.0	0.0				False	liver	early	enformer
2732	0.0	0.0	0.0				False	liver	early	enformer
2733	0.0	0.0	0.0				False	liver	early	enformer
2734	0.0	0.0	0.0				False	liver	early	enformer
2735	0.0	0.0	0.0				False	liver	early	enformer
2736	0.0	0.0	0.0				False	liver	early	enformer
2738	0.0	0.0	0.0				False	liver	early	enformer
2739	0.0	0.0	0.0				False	liver	early	enformer
2740	0.0	0.0	0.0				False	liver	early	enformer
2741	0.0	0.0	0.0				False	liver	early	enformer
2742	0.0	0.0	0.0				False	liver	early	enformer
2743	0.0	0.0	0.0				False	liver	early	enformer
2744	0.0	0.0	0.0				False	liver	early	enformer
2745	0.0	0.0	0.0				False	liver	early	enformer
2746	0.0	0.0	0.0				False	liver	early	enformer
2747	0.0	0.0	0.0				False	liver	early	enformer
2748	0.0	0.0	0.0				False	liver	early	enformer
2749	0.0	0.0	0.0				False	liver	early	enformer
2750	0.0	0.0	0.0				False	liver	early	enformer
2751	0.0	0.0	0.0				False	liver	early	enformer
2752	0.0	0.0	0.0				False	liver	early	enformer
2753	0.0	0.0	0.0				False	liver	early	enformer
2754	0.0	0.0	0.0				False	liver	early	enformer
2755	0.0	0.0	0.0				False	liver	early	enformer
2756	0.0	0.0	0.0				False	liver	early	enformer
2757	0.0	0.0	0.0				False	liver	early	enformer
2759	0.0	0.0	0.0				False	liver	early	enformer
2760	0.0	0.0	0.0				False	liver	early	enformer
2761	0.0	0.0	0.0				False	liver	early	enformer
2762	0.0	0.0	0.0				False	liver	early	enformer
2763	0.0	0.0	0.0				False	liver	early	enformer
2764	0.0	0.0	0.0				False	liver	early	enformer
2765	0.0	0.0	0.0				False	liver	early	enformer
2766	0.0	0.0	0.0				False	liver	early	enformer
2767	0.0	0.0	0.0				False	liver	early	enformer
2768	0.0	0.0	0.0				False	liver	early	enformer
2769	0.0	0.0	0.0				False	liver	early	enformer
2770	0.0	0.0	0.0				False	liver	early	enformer
2771	0.0	0.0	0.0				False	liver	early	enformer
2772	0.0	0.0	0.0				False	liver	early	enformer
2773	0.0	0.0	0.0				False	liver	early	enformer
2775	0.0	0.0	0.0				False	liver	early	enformer
2776	0.0	0.0	0.0				False	liver	early	enformer
2777	0.0	0.0	0.0				False	liver	early	enformer
2778	0.0	0.0	0.0				False	liver	early	enformer
2779	0.0	0.0	0.0				False	liver	early	enformer
2780	0.0	0.0	0.0				False	liver	early	enformer
2781	0.0	0.0	0.0				False	liver	early	enformer
2782	0.0	0.0	0.0				False	liver	early	enformer
2783	0.0	0.0	0.0				False	liver	early	enformer
2785	0.0	0.0	0.0				False	liver	early	enformer
2786	0.0	0.0	0.0				False	liver	early	enformer
2787	0.0	0.0	0.0				False	liver	early	enformer
2788	0.0	0.0	0.0				False	liver	early	enformer
2789	0.0	0.0	0.0				False	liver	early	enformer
2790	0.0	0.0	0.0				False	liver	early	enformer
2791	0.0	0.0	0.0				False	liver	early	enformer
2792	0.0	0.0	0.0				False	liver	early	enformer
2793	0.0	0.0	0.0				False	liver	early	enformer
2794	0.0	0.0	0.0				False	liver	early	enformer
2795	0.0	0.0	0.0				False	liver	early	enformer
2796	0.0	0.0	0.0				False	liver	early	enformer
2797	0.0	0.0	0.0				False	liver	early	enformer
2798	0.0	0.0	0.0				False	liver	early	enformer
2799	0.0	0.0	0.0				False	liver	early	enformer
2800	0.0	0.0	0.0				False	liver	early	enformer
2801	0.0	0.0	0.0				False	liver	early	enformer
2802	0.0	0.0	0.0				False	liver	early	enformer
2803	0.0	0.0	0.0				False	liver	early	enformer
2804	0.0	0.0	0.0				False	liver	early	enformer
2805	0.0	0.0	0.0				False	liver	early	enformer
2806	0.0	0.0	0.0				False	liver	early	enformer
2807	0.0	0.0	0.0				False	liver	early	enformer
2808	0.0	0.0	0.0				False	liver	early	enformer
2810	0.0	0.0	0.0				False	liver	early	enformer
2811	0.0	0.0	0.0				False	liver	early	enformer
2812	0.0	0.0	0.0				False	liver	early	enformer
2813	0.0	0.0	0.0				False	liver	early	enformer
2814	0.0	0.0	0.0				False	liver	early	enformer
2815	0.0	0.0	0.0				False	liver	early	enformer
2816	0.0	0.0	0.0				False	liver	early	enformer
2817	0.0	0.0	0.0				False	liver	early	enformer
2818	0.0	0.0	0.0				False	liver	early	enformer
2819	0.0	0.0	0.0				False	liver	early	enformer
2820	0.0	0.0	0.0				False	liver	early	enformer
2821	0.0	0.0	0.0				False	liver	early	enformer
2822	0.0	0.0	0.0				False	liver	early	enformer
2823	0.0	0.0	0.0				False	liver	early	enformer
2824	0.0	0.0	0.0				False	liver	early	enformer
2825	0.0	0.0	0.0				False	liver	early	enformer
2826	0.0	0.0	0.0				False	liver	early	enformer
2827	0.0	0.0	0.0				False	liver	early	enformer
2828	0.0	0.0	0.0				False	liver	early	enformer
2829	0.0	0.0	0.0				False	liver	early	enformer
2830	0.0	0.0	0.0				False	liver	early	enformer
2831	0.0	0.0	0.0				False	liver	early	enformer
2833	0.0	0.0	0.0				False	liver	early	enformer
2834	0.0	0.0	0.0				False	liver	early	enformer
2835	0.0	0.0	0.0				False	liver	early	enformer
2836	0.0	0.0	0.0				False	liver	early	enformer
2837	0.0	0.0	0.0				False	liver	early	enformer
2838	0.0	0.0	0.0				False	liver	early	enformer
2839	0.0	0.0	0.0				False	liver	early	enformer
2840	0.0	0.0	0.0				False	liver	early	enformer
2841	0.0	0.0	0.0				False	liver	early	enformer
2842	0.0	0.0	0.0				False	liver	early	enformer
2843	0.0	0.0	0.0				False	liver	early	enformer
2844	0.0	0.0	0.0				False	liver	early	enformer
2845	0.0	0.0	0.0				False	liver	early	enformer
2846	0.0	0.0	0.0				False	liver	early	enformer
2847	0.0	0.0	0.0				False	liver	early	enformer
2848	0.0	0.0	0.0				False	liver	early	enformer
2849	0.0	0.0	0.0				False	liver	early	enformer
2850	0.0	0.0	0.0				False	liver	early	enformer
2851	0.0	0.0	0.0				False	liver	early	enformer
2852	0.0	0.0	0.0				False	liver	early	enformer
2853	0.0	0.0	0.0				False	liver	early	enformer
2854	0.0	0.0	0.0				False	liver	early	enformer
2855	0.0	0.0	0.0				False	liver	early	enformer
2856	0.0	0.0	0.0				False	liver	early	enformer
2857	0.0	0.0	0.0				False	liver	early	enformer
2858	0.0	0.0	0.0				False	liver	early	enformer
2859	0.0	0.0	0.0				False	liver	early	enformer
2860	0.0	0.0	0.0				False	liver	early	enformer
2861	0.0	0.0	0.0				False	liver	early	enformer
2862	0.0	0.0	0.0				False	liver	early	enformer
2863	0.0	0.0	0.0				False	liver	early	enformer
2864	0.0	0.0	0.0				False	liver	early	enformer
2865	0.0	0.0	0.0				False	liver	early	enformer
2866	0.0	0.0	0.0				False	liver	early	enformer
2868	0.0	0.0	0.0				False	liver	early	enformer
2869	0.0	0.0	0.0				False	liver	early	enformer
2870	0.0	0.0	0.0				False	liver	early	enformer
2871	0.0	0.0	0.0				False	liver	early	enformer
2872	0.0	0.0	0.0				False	liver	early	enformer
2873	0.0	0.0	0.0				False	liver	early	enformer
2874	0.0	0.0	0.0				False	liver	early	enformer
2875	0.0	0.0	0.0				False	liver	early	enformer
2877	0.0	0.0	0.0				False	liver	early	enformer
2878	0.0	0.0	0.0				False	liver	early	enformer
2879	0.0	0.0	0.0				False	liver	early	enformer
2880	0.0	0.0	0.0				False	liver	early	enformer
2881	0.0	0.0	0.0				False	liver	early	enformer
2882	0.0	0.0	0.0				False	liver	early	enformer
2883	0.0	0.0	0.0				False	liver	early	enformer
2884	0.0	0.0	0.0				False	liver	early	enformer
2885	0.0	0.0	0.0				False	liver	early	enformer
2886	0.0	0.0	0.0				False	liver	early	enformer
2887	0.0	0.0	0.0				False	liver	early	enformer
2888	0.0	0.0	0.0				False	liver	early	enformer
2889	0.0	0.0	0.0				False	liver	early	enformer
2890	0.0	0.0	0.0				False	liver	early	enformer
2891	0.0	0.0	0.0				False	liver	early	enformer
2892	0.0	0.0	0.0				False	liver	early	enformer
2893	0.0	0.0	0.0				False	liver	early	enformer
2894	0.0	0.0	0.0				False	liver	early	enformer
2895	0.0	0.0	0.0				False	liver	early	enformer
2896	0.0	0.0	0.0				False	liver	early	enformer
2897	0.0	0.0	0.0				False	liver	early	enformer
2898	0.0	0.0	0.0				False	liver	early	enformer
2899	0.0	0.0	0.0				False	liver	early	enformer
2900	0.0	0.0	0.0				False	liver	early	enformer
2902	0.0	0.0	0.0				False	liver	early	enformer
2903	0.0	0.0	0.0				False	liver	early	enformer
2904	0.0	0.0	0.0				False	liver	early	enformer
2905	0.0	0.0	0.0				False	liver	early	enformer
2906	0.0	0.0	0.0				False	liver	early	enformer
2907	0.0	0.0	0.0				False	liver	early	enformer
2908	0.0	0.0	0.0				False	liver	early	enformer
2909	0.0	0.0	0.0				False	liver	early	enformer
2910	0.0	0.0	0.0				False	liver	early	enformer
2911	0.0	0.0	0.0				False	liver	early	enformer
2912	0.0	0.0	0.0				False	liver	early	enformer
2913	0.0	0.0	0.0				False	liver	early	enformer
2914	0.0	0.0	0.0				False	liver	early	enformer
2915	0.0	0.0	0.0				False	liver	early	enformer
2916	0.0	0.0	0.0				False	liver	early	enformer
2917	0.0	0.0	0.0				False	liver	early	enformer
2919	0.0	0.0	0.0				False	liver	early	enformer
2920	0.0	0.0	0.0				False	liver	early	enformer
2921	0.0	0.0	0.0				False	liver	early	enformer
2922	0.0	0.0	0.0				False	liver	early	enformer
2923	0.0	0.0	0.0				False	liver	early	enformer
2924	0.0	0.0	0.0				False	liver	early	enformer
2925	0.0	0.0	0.0				False	liver	early	enformer
2926	0.0	0.0	0.0				False	liver	early	enformer
2927	0.0	0.0	0.0				False	liver	early	enformer
2928	0.0	0.0	0.0				False	liver	early	enformer
2929	0.0	0.0	0.0				False	liver	early	enformer
2930	0.0	0.0	0.0				False	liver	early	enformer
2931	0.0	0.0	0.0				False	liver	early	enformer
2932	0.0	0.0	0.0				False	liver	early	enformer
2933	0.0	0.0	0.0				False	liver	early	enformer
2934	0.0	0.0	0.0				False	liver	early	enformer
2935	0.0	0.0	0.0				False	liver	early	enformer
2936	0.0	0.0	0.0				False	liver	early	enformer
2937	0.0	0.0	0.0				False	liver	early	enformer
2938	0.0	0.0	0.0				False	liver	early	enformer
2939	0.0	0.0	0.0				False	liver	early	enformer
2940	0.0	0.0	0.0				False	liver	early	enformer
2941	0.0	0.0	0.0				False	liver	early	enformer
2942	0.0	0.0	0.0				False	liver	early	enformer
2943	0.0	0.0	0.0				False	liver	early	enformer
2944	0.0	0.0	0.0				False	liver	early	enformer
2945	0.0	0.0	0.0				False	liver	early	enformer
2946	0.0	0.0	0.0				False	liver	early	enformer
2947	0.0	0.0	0.0				False	liver	early	enformer
2948	0.0	0.0	0.0				False	liver	early	enformer
2949	0.0	0.0	0.0				False	liver	early	enformer
2950	0.0	0.0	0.0				False	liver	early	enformer
2951	0.0	0.0	0.0				False	liver	early	enformer
2952	0.0	0.0	0.0				False	liver	early	enformer
2953	0.0	0.0	0.0				False	liver	early	enformer
2954	0.0	0.0	0.0				False	liver	early	enformer
2955	0.0	0.0	0.0				False	liver	early	enformer
2956	0.0	0.0	0.0				False	liver	early	enformer
2957	0.0	0.0	0.0				False	liver	early	enformer
2958	0.0	0.0	0.0				False	liver	early	enformer
2960	0.0	0.0	0.0				False	liver	early	enformer
2961	0.0	0.0	0.0				False	liver	early	enformer
2962	0.0	0.0	0.0				False	liver	early	enformer
2963	0.0	0.0	0.0				False	liver	early	enformer
2964	0.0	0.0	0.0				False	liver	early	enformer
2965	0.0	0.0	0.0				False	liver	early	enformer
2966	0.0	0.0	0.0				False	liver	early	enformer
2967	0.0	0.0	0.0				False	liver	early	enformer
2968	0.0	0.0	0.0				False	liver	early	enformer
2969	0.0	0.0	0.0				False	liver	early	enformer
2970	0.0	0.0	0.0				False	liver	early	enformer
2971	0.0	0.0	0.0				False	liver	early	enformer
2972	0.0	0.0	0.0				False	liver	early	enformer
2973	0.0	0.0	0.0				False	liver	early	enformer
2974	0.0	0.0	0.0				False	liver	early	enformer
2975	0.0	0.0	0.0				False	liver	early	enformer
2976	0.0	0.0	0.0				False	liver	early	enformer
2977	0.0	0.0	0.0				False	liver	early	enformer
2978	0.0	0.0	0.0				False	liver	early	enformer
2979	0.0	0.0	0.0				False	liver	early	enformer
2980	0.0	0.0	0.0				False	liver	early	enformer
2981	0.0	0.0	0.0				False	liver	early	enformer
2982	0.0	0.0	0.0				False	liver	early	enformer
2983	0.0	0.0	0.0				False	liver	early	enformer
2984	0.0	0.0	0.0				False	liver	early	enformer
2985	0.0	0.0	0.0				False	liver	early	enformer
2986	0.0	0.0	0.0				False	liver	early	enformer
2987	0.0	0.0	0.0				False	liver	early	enformer
2988	0.0	0.0	0.0				False	liver	early	enformer
2989	0.0	0.0	0.0				False	liver	early	enformer
2990	0.0	0.0	0.0				False	liver	early	enformer
2992	0.0	0.0	0.0				False	liver	early	enformer
2994	0.0	0.0	0.0				False	liver	early	enformer
2995	0.0	0.0	0.0				False	liver	early	enformer
2996	0.0	0.0	0.0				False	liver	early	enformer
2997	0.0	0.0	0.0				False	liver	early	enformer
2998	0.0	0.0	0.0				False	liver	early	enformer
2999	0.0	0.0	0.0				False	liver	early	enformer
3000	0.0	0.0	0.0				False	liver	early	enformer
3001	0.0	0.0	0.0				False	liver	early	enformer
3002	0.0	0.0	0.0				False	liver	early	enformer
3004	0.0	0.0	0.0				False	liver	early	enformer
3005	0.0	0.0	0.0				False	liver	early	enformer
3006	0.0	0.0	0.0				False	liver	early	enformer
3007	0.0	0.0	0.0				False	liver	early	enformer
3008	0.0	0.0	0.0				False	liver	early	enformer
3009	0.0	0.0	0.0				False	liver	early	enformer
3010	0.0	0.0	0.0				False	liver	early	enformer
3012	0.0	0.0	0.0				False	liver	early	enformer
3013	0.0	0.0	0.0				False	liver	early	enformer
3014	0.0	0.0	0.0				False	liver	early	enformer
3015	0.0	0.0	0.0				False	liver	early	enformer
3016	0.0	0.0	0.0				False	liver	early	enformer
3017	0.0	0.0	0.0				False	liver	early	enformer
3018	0.0	0.0	0.0				False	liver	early	enformer
3019	0.0	0.0	0.0				False	liver	early	enformer
3020	0.0	0.0	0.0				False	liver	early	enformer
3021	0.0	0.0	0.0				False	liver	early	enformer
3022	0.0	0.0	0.0				False	liver	early	enformer
3023	0.0	0.0	0.0				False	liver	early	enformer
3024	0.0	0.0	0.0				False	liver	early	enformer
3025	0.0	0.0	0.0				False	liver	early	enformer
3026	0.0	0.0	0.0				False	liver	early	enformer
3028	0.0	0.0	0.0				False	liver	early	enformer
3029	0.0	0.0	0.0				False	liver	early	enformer
3030	0.0	0.0	0.0				False	liver	early	enformer
3031	0.0	0.0	0.0				False	liver	early	enformer
3032	0.0	0.0	0.0				False	liver	early	enformer
3033	0.0	0.0	0.0				False	liver	early	enformer
3034	0.0	0.0	0.0				False	liver	early	enformer
3035	0.0	0.0	0.0				False	liver	early	enformer
3036	0.0	0.0	0.0				False	liver	early	enformer
3037	0.0	0.0	0.0				False	liver	early	enformer
3038	0.0	0.0	0.0				False	liver	early	enformer
3039	0.0	0.0	0.0				False	liver	early	enformer
3040	0.0	0.0	0.0				False	liver	early	enformer
3041	0.0	0.0	0.0				False	liver	early	enformer
3042	0.0	0.0	0.0				False	liver	early	enformer
3043	0.0	0.0	0.0				False	liver	early	enformer
3044	0.0	0.0	0.0				False	liver	early	enformer
3045	0.0	0.0	0.0				False	liver	early	enformer
3046	0.0	0.0	0.0				False	liver	early	enformer
3047	0.0	0.0	0.0				False	liver	early	enformer
3048	0.0	0.0	0.0				False	liver	early	enformer
3049	0.0	0.0	0.0				False	liver	early	enformer
3051	0.0	0.0	0.0				False	liver	early	enformer
3052	0.0	0.0	0.0				False	liver	early	enformer
3054	0.0	0.0	0.0				False	liver	early	enformer
3055	0.0	0.0	0.0				False	liver	early	enformer
3056	0.0	0.0	0.0				False	liver	early	enformer
3057	0.0	0.0	0.0				False	liver	early	enformer
3058	0.0	0.0	0.0				False	liver	early	enformer
3059	0.0	0.0	0.0				False	liver	early	enformer
3060	0.0	0.0	0.0				False	liver	early	enformer
3061	0.0	0.0	0.0				False	liver	early	enformer
3062	0.0	0.0	0.0				False	liver	early	enformer
3063	0.0	0.0	0.0				False	liver	early	enformer
3064	0.0	0.0	0.0				False	liver	early	enformer
3065	0.0	0.0	0.0				False	liver	early	enformer
3066	0.0	0.0	0.0				False	liver	early	enformer
3067	0.0	0.0	0.0				False	liver	early	enformer
3068	0.0	0.0	0.0				False	liver	early	enformer
3069	0.0	0.0	0.0				False	liver	early	enformer
3070	0.0	0.0	0.0				False	liver	early	enformer
3071	0.0	0.0	0.0				False	liver	early	enformer
3072	0.0	0.0	0.0				False	liver	early	enformer
3073	0.0	0.0	0.0				False	liver	early	enformer
3074	0.0	0.0	0.0				False	liver	early	enformer
3075	0.0	0.0	0.0				False	liver	early	enformer
3076	0.0	0.0	0.0				False	liver	early	enformer
3077	0.0	0.0	0.0				False	liver	early	enformer
3079	0.0	0.0	0.0				False	liver	early	enformer
3081	0.0	0.0	0.0				False	liver	early	enformer
3082	0.0	0.0	0.0				False	liver	early	enformer
3083	0.0	0.0	0.0				False	liver	early	enformer
3084	0.0	0.0	0.0				False	liver	early	enformer
3085	0.0	0.0	0.0				False	liver	early	enformer
3086	0.0	0.0	0.0				False	liver	early	enformer
3087	0.0	0.0	0.0				False	liver	early	enformer
3088	0.0	0.0	0.0				False	liver	early	enformer
3089	0.0	0.0	0.0				False	liver	early	enformer
3090	0.0	0.0	0.0				False	liver	early	enformer
3091	0.0	0.0	0.0				False	liver	early	enformer
3092	0.0	0.0	0.0				False	liver	early	enformer
3093	0.0	0.0	0.0				False	liver	early	enformer
3094	0.0	0.0	0.0				False	liver	early	enformer
3096	0.0	0.0	0.0				False	liver	early	enformer
3097	0.0	0.0	0.0				False	liver	early	enformer
3098	0.0	0.0	0.0				False	liver	early	enformer
3099	0.0	0.0	0.0				False	liver	early	enformer
3100	0.0	0.0	0.0				False	liver	early	enformer
3101	0.0	0.0	0.0				False	liver	early	enformer
3102	0.0	0.0	0.0				False	liver	early	enformer
3103	0.0	0.0	0.0				False	liver	early	enformer
3104	0.0	0.0	0.0				False	liver	early	enformer
3105	0.0	0.0	0.0				False	liver	early	enformer
3106	0.0	0.0	0.0				False	liver	early	enformer
3107	0.0	0.0	0.0				False	liver	early	enformer
3108	0.0	0.0	0.0				False	liver	early	enformer
3109	0.0	0.0	0.0				False	liver	early	enformer
3110	0.0	0.0	0.0				False	liver	early	enformer
3111	0.0	0.0	0.0				False	liver	early	enformer
3112	0.0	0.0	0.0				False	liver	early	enformer
3113	0.0	0.0	0.0				False	liver	early	enformer
3114	0.0	0.0	0.0				False	liver	early	enformer
3115	0.0	0.0	0.0				False	liver	early	enformer
3116	0.0	0.0	0.0				False	liver	early	enformer
3117	0.0	0.0	0.0				False	liver	early	enformer
3118	0.0	0.0	0.0				False	liver	early	enformer
3119	0.0	0.0	0.0				False	liver	early	enformer
3120	0.0	0.0	0.0				False	liver	early	enformer
3121	0.0	0.0	0.0				False	liver	early	enformer
3122	0.0	0.0	0.0				False	liver	early	enformer
3123	0.0	0.0	0.0				False	liver	early	enformer
3124	0.0	0.0	0.0				False	liver	early	enformer
3125	0.0	0.0	0.0				False	liver	early	enformer
3127	0.0	0.0	0.0				False	liver	early	enformer
3128	0.0	0.0	0.0				False	liver	early	enformer
3129	0.0	0.0	0.0				False	liver	early	enformer
3130	0.0	0.0	0.0				False	liver	early	enformer
3131	0.0	0.0	0.0				False	liver	early	enformer
3133	0.0	0.0	0.0				False	liver	early	enformer
3134	0.0	0.0	0.0				False	liver	early	enformer
3135	0.0	0.0	0.0				False	liver	early	enformer
3136	0.0	0.0	0.0				False	liver	early	enformer
3137	0.0	0.0	0.0				False	liver	early	enformer
3138	0.0	0.0	0.0				False	liver	early	enformer
3139	0.0	0.0	0.0				False	liver	early	enformer
3140	0.0	0.0	0.0				False	liver	early	enformer
3141	0.0	0.0	0.0				False	liver	early	enformer
3142	0.0	0.0	0.0				False	liver	early	enformer
3143	0.0	0.0	0.0				False	liver	early	enformer
3144	0.0	0.0	0.0				False	liver	early	enformer
3145	0.0	0.0	0.0				False	liver	early	enformer
3146	0.0	0.0	0.0				False	liver	early	enformer
3147	0.0	0.0	0.0				False	liver	early	enformer
3148	0.0	0.0	0.0				False	liver	early	enformer
3149	0.0	0.0	0.0				False	liver	early	enformer
3150	0.0	0.0	0.0				False	liver	early	enformer
3151	0.0	0.0	0.0				False	liver	early	enformer
3152	0.0	0.0	0.0				False	liver	early	enformer
3153	0.0	0.0	0.0				False	liver	early	enformer
3154	0.0	0.0	0.0				False	liver	early	enformer
3155	0.0	0.0	0.0				False	liver	early	enformer
3156	0.0	0.0	0.0				False	liver	early	enformer
3157	0.0	0.0	0.0				False	liver	early	enformer
3158	0.0	0.0	0.0				False	liver	early	enformer
3159	0.0	0.0	0.0				False	liver	early	enformer
3160	0.0	0.0	0.0				False	liver	early	enformer
3161	0.0	0.0	0.0				False	liver	early	enformer
3162	0.0	0.0	0.0				False	liver	early	enformer
3163	0.0	0.0	0.0				False	liver	early	enformer
3164	0.0	0.0	0.0				False	liver	early	enformer
3165	0.0	0.0	0.0				False	liver	early	enformer
3166	0.0	0.0	0.0				False	liver	early	enformer
3168	0.0	0.0	0.0				False	liver	early	enformer
3169	0.0	0.0	0.0				False	liver	early	enformer
3170	0.0	0.0	0.0				False	liver	early	enformer
3171	0.0	0.0	0.0				False	liver	early	enformer
3172	0.0	0.0	0.0				False	liver	early	enformer
3173	0.0	0.0	0.0				False	liver	early	enformer
3174	0.0	0.0	0.0				False	liver	early	enformer
3175	0.0	0.0	0.0				False	liver	early	enformer
3176	0.0	0.0	0.0				False	liver	early	enformer
3177	0.0	0.0	0.0				False	liver	early	enformer
3178	0.0	0.0	0.0				False	liver	early	enformer
3179	0.0	0.0	0.0				False	liver	early	enformer
3180	0.0	0.0	0.0				False	liver	early	enformer
3181	0.0	0.0	0.0				False	liver	early	enformer
3182	0.0	0.0	0.0				False	liver	early	enformer
3183	0.0	0.0	0.0				False	liver	early	enformer
3184	0.0	0.0	0.0				False	liver	early	enformer
3185	0.0	0.0	0.0				False	liver	early	enformer
3186	0.0	0.0	0.0				False	liver	early	enformer
3187	0.0	0.0	0.0				False	liver	early	enformer
3188	0.0	0.0	0.0				False	liver	early	enformer
3189	0.0	0.0	0.0				False	liver	early	enformer
3190	0.0	0.0	0.0				False	liver	early	enformer
3191	0.0	0.0	0.0				False	liver	early	enformer
3193	0.0	0.0	0.0				False	liver	early	enformer
3194	0.0	0.0	0.0				False	liver	early	enformer
3195	0.0	0.0	0.0				False	liver	early	enformer
3196	0.0	0.0	0.0				False	liver	early	enformer
3197	0.0	0.0	0.0				False	liver	early	enformer
3198	0.0	0.0	0.0				False	liver	early	enformer
3199	0.0	0.0	0.0				False	liver	early	enformer
3200	0.0	0.0	0.0				False	liver	early	enformer
3201	0.0	0.0	0.0				False	liver	early	enformer
3202	0.0	0.0	0.0				False	liver	early	enformer
3204	0.0	0.0	0.0				False	liver	early	enformer
3205	0.0	0.0	0.0				False	liver	early	enformer
3206	0.0	0.0	0.0				False	liver	early	enformer
3207	0.0	0.0	0.0				False	liver	early	enformer
3208	0.0	0.0	0.0				False	liver	early	enformer
3209	0.0	0.0	0.0				False	liver	early	enformer
3210	0.0	0.0	0.0				False	liver	early	enformer
3211	0.0	0.0	0.0				False	liver	early	enformer
3212	0.0	0.0	0.0				False	liver	early	enformer
3213	0.0	0.0	0.0				False	liver	early	enformer
3214	0.0	0.0	0.0				False	liver	early	enformer
3215	0.0	0.0	0.0				False	liver	early	enformer
3216	0.0	0.0	0.0				False	liver	early	enformer
3217	0.0	0.0	0.0				False	liver	early	enformer
3218	0.0	0.0	0.0				False	liver	early	enformer
3219	0.0	0.0	0.0				False	liver	early	enformer
3220	0.0	0.0	0.0				False	liver	early	enformer
3221	0.0	0.0	0.0				False	liver	early	enformer
3222	0.0	0.0	0.0				False	liver	early	enformer
3223	0.0	0.0	0.0				False	liver	early	enformer
3224	0.0	0.0	0.0				False	liver	early	enformer
3225	0.0	0.0	0.0				False	liver	early	enformer
3226	0.0	0.0	0.0				False	liver	early	enformer
3227	0.0	0.0	0.0				False	liver	early	enformer
3228	0.0	0.0	0.0				False	liver	early	enformer
3229	0.0	0.0	0.0				False	liver	early	enformer
3230	0.0	0.0	0.0				False	liver	early	enformer
3231	0.0	0.0	0.0				False	liver	early	enformer
3232	0.0	0.0	0.0				False	liver	early	enformer
3233	0.0	0.0	0.0				False	liver	early	enformer
3234	0.0	0.0	0.0				False	liver	early	enformer
3235	0.0	0.0	0.0				False	liver	early	enformer
3236	0.0	0.0	0.0				False	liver	early	enformer
3237	0.0	0.0	0.0				False	liver	early	enformer
3238	0.0	0.0	0.0				False	liver	early	enformer
3239	0.0	0.0	0.0				False	liver	early	enformer
3240	0.0	0.0	0.0				False	liver	early	enformer
3242	0.0	0.0	0.0				False	liver	early	enformer
3245	0.0	0.0	0.0				False	liver	early	enformer
3246	0.0	0.0	0.0				False	liver	early	enformer
3247	0.0	0.0	0.0				False	liver	early	enformer
3248	0.0	0.0	0.0				False	liver	early	enformer
3249	0.0	0.0	0.0				False	liver	early	enformer
3250	0.0	0.0	0.0				False	liver	early	enformer
3251	0.0	0.0	0.0				False	liver	early	enformer
3252	0.0	0.0	0.0				False	liver	early	enformer
3253	0.0	0.0	0.0				False	liver	early	enformer
3254	0.0	0.0	0.0				False	liver	early	enformer
3256	0.0	0.0	0.0				False	liver	early	enformer
3257	0.0	0.0	0.0				False	liver	early	enformer
3258	0.0	0.0	0.0				False	liver	early	enformer
3259	0.0	0.0	0.0				False	liver	early	enformer
3260	0.0	0.0	0.0				False	liver	early	enformer
3261	0.0	0.0	0.0				False	liver	early	enformer
3262	0.0	0.0	0.0				False	liver	early	enformer
3264	0.0	0.0	0.0				False	liver	early	enformer
3265	0.0	0.0	0.0				False	liver	early	enformer
3266	0.0	0.0	0.0				False	liver	early	enformer
3267	0.0	0.0	0.0				False	liver	early	enformer
3268	0.0	0.0	0.0				False	liver	early	enformer
3269	0.0	0.0	0.0				False	liver	early	enformer
3270	0.0	0.0	0.0				False	liver	early	enformer
3271	0.0	0.0	0.0				False	liver	early	enformer
3272	0.0	0.0	0.0				False	liver	early	enformer
3273	0.0	0.0	0.0				False	liver	early	enformer
3274	0.0	0.0	0.0				False	liver	early	enformer
3275	0.0	0.0	0.0				False	liver	early	enformer
3276	0.0	0.0	0.0				False	liver	early	enformer
3277	0.0	0.0	0.0				False	liver	early	enformer
3278	0.0	0.0	0.0				False	liver	early	enformer
3279	0.0	0.0	0.0				False	liver	early	enformer
3281	0.0	0.0	0.0				False	liver	early	enformer
3282	0.0	0.0	0.0				False	liver	early	enformer
3283	0.0	0.0	0.0				False	liver	early	enformer
3284	0.0	0.0	0.0				False	liver	early	enformer
3285	0.0	0.0	0.0				False	liver	early	enformer
3286	0.0	0.0	0.0				False	liver	early	enformer
3287	0.0	0.0	0.0				False	liver	early	enformer
3288	0.0	0.0	0.0				False	liver	early	enformer
3290	0.0	0.0	0.0				False	liver	early	enformer
3291	0.0	0.0	0.0				False	liver	early	enformer
3292	0.0	0.0	0.0				False	liver	early	enformer
3293	0.0	0.0	0.0				False	liver	early	enformer
3294	0.0	0.0	0.0				False	liver	early	enformer
3295	0.0	0.0	0.0				False	liver	early	enformer
3296	0.0	0.0	0.0				False	liver	early	enformer
3297	0.0	0.0	0.0				False	liver	early	enformer
3298	0.0	0.0	0.0				False	liver	early	enformer
3299	0.0	0.0	0.0				False	liver	early	enformer
3300	0.0	0.0	0.0				False	liver	early	enformer
3301	0.0	0.0	0.0				False	liver	early	enformer
3302	0.0	0.0	0.0				False	liver	early	enformer
3303	0.0	0.0	0.0				False	liver	early	enformer
3304	0.0	0.0	0.0				False	liver	early	enformer
3305	0.0	0.0	0.0				False	liver	early	enformer
3306	0.0	0.0	0.0				False	liver	early	enformer
3307	0.0	0.0	0.0				False	liver	early	enformer
3308	0.0	0.0	0.0				False	liver	early	enformer
3309	0.0	0.0	0.0				False	liver	early	enformer
3310	0.0	0.0	0.0				False	liver	early	enformer
3311	0.0	0.0	0.0				False	liver	early	enformer
3312	0.0	0.0	0.0				False	liver	early	enformer
3313	0.0	0.0	0.0				False	liver	early	enformer
3314	0.0	0.0	0.0				False	liver	early	enformer
3315	0.0	0.0	0.0				False	liver	early	enformer
3316	0.0	0.0	0.0				False	liver	early	enformer
3317	0.0	0.0	0.0				False	liver	early	enformer
3318	0.0	0.0	0.0				False	liver	early	enformer
3319	0.0	0.0	0.0				False	liver	early	enformer
3320	0.0	0.0	0.0				False	liver	early	enformer
3322	0.0	0.0	0.0				False	liver	early	enformer
3323	0.0	0.0	0.0				False	liver	early	enformer
3324	0.0	0.0	0.0				False	liver	early	enformer
3325	0.0	0.0	0.0				False	liver	early	enformer
3326	0.0	0.0	0.0				False	liver	early	enformer
3327	0.0	0.0	0.0				False	liver	early	enformer
3328	0.0	0.0	0.0				False	liver	early	enformer
3329	0.0	0.0	0.0				False	liver	early	enformer
3330	0.0	0.0	0.0				False	liver	early	enformer
3331	0.0	0.0	0.0				False	liver	early	enformer
3333	0.0	0.0	0.0				False	liver	early	enformer
3334	0.0	0.0	0.0				False	liver	early	enformer
3335	0.0	0.0	0.0				False	liver	early	enformer
3336	0.0	0.0	0.0				False	liver	early	enformer
3337	0.0	0.0	0.0				False	liver	early	enformer
3338	0.0	0.0	0.0				False	liver	early	enformer
3339	0.0	0.0	0.0				False	liver	early	enformer
3340	0.0	0.0	0.0				False	liver	early	enformer
3341	0.0	0.0	0.0				False	liver	early	enformer
3342	0.0	0.0	0.0				False	liver	early	enformer
3343	0.0	0.0	0.0				False	liver	early	enformer
3344	0.0	0.0	0.0				False	liver	early	enformer
3345	0.0	0.0	0.0				False	liver	early	enformer
3346	0.0	0.0	0.0				False	liver	early	enformer
3347	0.0	0.0	0.0				False	liver	early	enformer
3348	0.0	0.0	0.0				False	liver	early	enformer
3351	0.0	0.0	0.0				False	liver	early	enformer
3352	0.0	0.0	0.0				False	liver	early	enformer
3353	0.0	0.0	0.0				False	liver	early	enformer
3354	0.0	0.0	0.0				False	liver	early	enformer
3355	0.0	0.0	0.0				False	liver	early	enformer
3356	0.0	0.0	0.0				False	liver	early	enformer
3357	0.0	0.0	0.0				False	liver	early	enformer
3358	0.0	0.0	0.0				False	liver	early	enformer
3359	0.0	0.0	0.0				False	liver	early	enformer
3360	0.0	0.0	0.0				False	liver	early	enformer
3361	0.0	0.0	0.0				False	liver	early	enformer
3362	0.0	0.0	0.0				False	liver	early	enformer
3363	0.0	0.0	0.0				False	liver	early	enformer
3364	0.0	0.0	0.0				False	liver	early	enformer
3365	0.0	0.0	0.0				False	liver	early	enformer
3366	0.0	0.0	0.0				False	liver	early	enformer
3367	0.0	0.0	0.0				False	liver	early	enformer
3368	0.0	0.0	0.0				False	liver	early	enformer
3370	0.0	0.0	0.0				False	liver	early	enformer
3371	0.0	0.0	0.0				False	liver	early	enformer
3372	0.0	0.0	0.0				False	liver	early	enformer
3373	0.0	0.0	0.0				False	liver	early	enformer
3374	0.0	0.0	0.0				False	liver	early	enformer
3375	0.0	0.0	0.0				False	liver	early	enformer
3376	0.0	0.0	0.0				False	liver	early	enformer
3377	0.0	0.0	0.0				False	liver	early	enformer
3378	0.0	0.0	0.0				False	liver	early	enformer
3379	0.0	0.0	0.0				False	liver	early	enformer
3380	0.0	0.0	0.0				False	liver	early	enformer
3381	0.0	0.0	0.0				False	liver	early	enformer
3382	0.0	0.0	0.0				False	liver	early	enformer
3383	0.0	0.0	0.0				False	liver	early	enformer
3384	0.0	0.0	0.0				False	liver	early	enformer
3385	0.0	0.0	0.0				False	liver	early	enformer
3386	0.0	0.0	0.0				False	liver	early	enformer
3387	0.0	0.0	0.0				False	liver	early	enformer
3388	0.0	0.0	0.0				False	liver	early	enformer
3389	0.0	0.0	0.0				False	liver	early	enformer
3390	0.0	0.0	0.0				False	liver	early	enformer
3391	0.0	0.0	0.0				False	liver	early	enformer
3392	0.0	0.0	0.0				False	liver	early	enformer
3393	0.0	0.0	0.0				False	liver	early	enformer
3394	0.0	0.0	0.0				False	liver	early	enformer
3396	0.0	0.0	0.0				False	liver	early	enformer
3397	0.0	0.0	0.0				False	liver	early	enformer
3398	0.0	0.0	0.0				False	liver	early	enformer
3399	0.0	0.0	0.0				False	liver	early	enformer
3400	0.0	0.0	0.0				False	liver	early	enformer
3401	0.0	0.0	0.0				False	liver	early	enformer
3402	0.0	0.0	0.0				False	liver	early	enformer
3403	0.0	0.0	0.0				False	liver	early	enformer
3405	0.0	0.0	0.0				False	liver	early	enformer
3406	0.0	0.0	0.0				False	liver	early	enformer
3407	0.0	0.0	0.0				False	liver	early	enformer
3408	0.0	0.0	0.0				False	liver	early	enformer
3409	0.0	0.0	0.0				False	liver	early	enformer
3410	0.0	0.0	0.0				False	liver	early	enformer
3411	0.0	0.0	0.0				False	liver	early	enformer
3412	0.0	0.0	0.0				False	liver	early	enformer
3413	0.0	0.0	0.0				False	liver	early	enformer
3414	0.0	0.0	0.0				False	liver	early	enformer
3415	0.0	0.0	0.0				False	liver	early	enformer
3416	0.0	0.0	0.0				False	liver	early	enformer
3417	0.0	0.0	0.0				False	liver	early	enformer
3418	0.0	0.0	0.0				False	liver	early	enformer
3419	0.0	0.0	0.0				False	liver	early	enformer
3420	0.0	0.0	0.0				False	liver	early	enformer
3421	0.0	0.0	0.0				False	liver	early	enformer
3422	0.0	0.0	0.0				False	liver	early	enformer
3424	0.0	0.0	0.0				False	liver	early	enformer
3425	0.0	0.0	0.0				False	liver	early	enformer
3426	0.0	0.0	0.0				False	liver	early	enformer
3427	0.0	0.0	0.0				False	liver	early	enformer
3428	0.0	0.0	0.0				False	liver	early	enformer
3429	0.0	0.0	0.0				False	liver	early	enformer
3430	0.0	0.0	0.0				False	liver	early	enformer
3431	0.0	0.0	0.0				False	liver	early	enformer
3432	0.0	0.0	0.0				False	liver	early	enformer
3433	0.0	0.0	0.0				False	liver	early	enformer
3434	0.0	0.0	0.0				False	liver	early	enformer
3435	0.0	0.0	0.0				False	liver	early	enformer
3436	0.0	0.0	0.0				False	liver	early	enformer
3437	0.0	0.0	0.0				False	liver	early	enformer
3438	0.0	0.0	0.0				False	liver	early	enformer
3439	0.0	0.0	0.0				False	liver	early	enformer
3440	0.0	0.0	0.0				False	liver	early	enformer
3441	0.0	0.0	0.0				False	liver	early	enformer
3442	0.0	0.0	0.0				False	liver	early	enformer
3443	0.0	0.0	0.0				False	liver	early	enformer
3444	0.0	0.0	0.0				False	liver	early	enformer
3445	0.0	0.0	0.0				False	liver	early	enformer
3446	0.0	0.0	0.0				False	liver	early	enformer
3448	0.0	0.0	0.0				False	liver	early	enformer
3449	0.0	0.0	0.0				False	liver	early	enformer
3450	0.0	0.0	0.0				False	liver	early	enformer
3451	0.0	0.0	0.0				False	liver	early	enformer
3452	0.0	0.0	0.0				False	liver	early	enformer
3453	0.0	0.0	0.0				False	liver	early	enformer
3454	0.0	0.0	0.0				False	liver	early	enformer
3455	0.0	0.0	0.0				False	liver	early	enformer
3456	0.0	0.0	0.0				False	liver	early	enformer
3457	0.0	0.0	0.0				False	liver	early	enformer
3458	0.0	0.0	0.0				False	liver	early	enformer
3459	0.0	0.0	0.0				False	liver	early	enformer
3460	0.0	0.0	0.0				False	liver	early	enformer
3461	0.0	0.0	0.0				False	liver	early	enformer
3462	0.0	0.0	0.0				False	liver	early	enformer
3464	0.0	0.0	0.0				False	liver	early	enformer
3465	0.0	0.0	0.0				False	liver	early	enformer
3466	0.0	0.0	0.0				False	liver	early	enformer
3467	0.0	0.0	0.0				False	liver	early	enformer
3468	0.0	0.0	0.0				False	liver	early	enformer
3469	0.0	0.0	0.0				False	liver	early	enformer
3470	0.0	0.0	0.0				False	liver	early	enformer
3471	0.0	0.0	0.0				False	liver	early	enformer
3472	0.0	0.0	0.0				False	liver	early	enformer
3474	0.0	0.0	0.0				False	liver	early	enformer
3475	0.0	0.0	0.0				False	liver	early	enformer
3476	0.0	0.0	0.0				False	liver	early	enformer
3477	0.0	0.0	0.0				False	liver	early	enformer
3478	0.0	0.0	0.0				False	liver	early	enformer
3479	0.0	0.0	0.0				False	liver	early	enformer
3480	0.0	0.0	0.0				False	liver	early	enformer
3481	0.0	0.0	0.0				False	liver	early	enformer
3482	0.0	0.0	0.0				False	liver	early	enformer
3483	0.0	0.0	0.0				False	liver	early	enformer
3484	0.0	0.0	0.0				False	liver	early	enformer
3485	0.0	0.0	0.0				False	liver	early	enformer
3486	0.0	0.0	0.0				False	liver	early	enformer
3487	0.0	0.0	0.0				False	liver	early	enformer
3488	0.0	0.0	0.0				False	liver	early	enformer
3489	0.0	0.0	0.0				False	liver	early	enformer
3490	0.0	0.0	0.0				False	liver	early	enformer
3491	0.0	0.0	0.0				False	liver	early	enformer
3492	0.0	0.0	0.0				False	liver	early	enformer
3493	0.0	0.0	0.0				False	liver	early	enformer
3494	0.0	0.0	0.0				False	liver	early	enformer
3495	0.0	0.0	0.0				False	liver	early	enformer
3496	0.0	0.0	0.0				False	liver	early	enformer
3497	0.0	0.0	0.0				False	liver	early	enformer
3498	0.0	0.0	0.0				False	liver	early	enformer
3499	0.0	0.0	0.0				False	liver	early	enformer
3500	0.0	0.0	0.0				False	liver	early	enformer
3501	0.0	0.0	0.0				False	liver	early	enformer
3502	0.0	0.0	0.0				False	liver	early	enformer
3503	0.0	0.0	0.0				False	liver	early	enformer
3504	0.0	0.0	0.0				False	liver	early	enformer
3506	0.0	0.0	0.0				False	liver	early	enformer
3507	0.0	0.0	0.0				False	liver	early	enformer
3508	0.0	0.0	0.0				False	liver	early	enformer
3509	0.0	0.0	0.0				False	liver	early	enformer
3510	0.0	0.0	0.0				False	liver	early	enformer
3511	0.0	0.0	0.0				False	liver	early	enformer
3512	0.0	0.0	0.0				False	liver	early	enformer
3513	0.0	0.0	0.0				False	liver	early	enformer
3514	0.0	0.0	0.0				False	liver	early	enformer
3515	0.0	0.0	0.0				False	liver	early	enformer
3516	0.0	0.0	0.0				False	liver	early	enformer
3517	0.0	0.0	0.0				False	liver	early	enformer
3518	0.0	0.0	0.0				False	liver	early	enformer
3519	0.0	0.0	0.0				False	liver	early	enformer
3520	0.0	0.0	0.0				False	liver	early	enformer
3521	0.0	0.0	0.0				False	liver	early	enformer
3522	0.0	0.0	0.0				False	liver	early	enformer
3523	0.0	0.0	0.0				False	liver	early	enformer
3524	0.0	0.0	0.0				False	liver	early	enformer
3525	0.0	0.0	0.0				False	liver	early	enformer
3526	0.0	0.0	0.0				False	liver	early	enformer
3527	0.0	0.0	0.0				False	liver	early	enformer
3528	0.0	0.0	0.0				False	liver	early	enformer
3529	0.0	0.0	0.0				False	liver	early	enformer
3530	0.0	0.0	0.0				False	liver	early	enformer
3531	0.0	0.0	0.0				False	liver	early	enformer
3532	0.0	0.0	0.0				False	liver	early	enformer
3533	0.0	0.0	0.0				False	liver	early	enformer
3534	0.0	0.0	0.0				False	liver	early	enformer
3535	0.0	0.0	0.0				False	liver	early	enformer
3536	0.0	0.0	0.0				False	liver	early	enformer
3537	0.0	0.0	0.0				False	liver	early	enformer
3538	0.0	0.0	0.0				False	liver	early	enformer
3539	0.0	0.0	0.0				False	liver	early	enformer
3540	0.0	0.0	0.0				False	liver	early	enformer
3541	0.0	0.0	0.0				False	liver	early	enformer
3542	0.0	0.0	0.0				False	liver	early	enformer
3543	0.0	0.0	0.0				False	liver	early	enformer
3544	0.0	0.0	0.0				False	liver	early	enformer
3545	0.0	0.0	0.0				False	liver	early	enformer
3546	0.0	0.0	0.0				False	liver	early	enformer
3548	0.0	0.0	0.0				False	liver	early	enformer
3549	0.0	0.0	0.0				False	liver	early	enformer
3550	0.0	0.0	0.0				False	liver	early	enformer
3551	0.0	0.0	0.0				False	liver	early	enformer
3552	0.0	0.0	0.0				False	liver	early	enformer
3554	0.0	0.0	0.0				False	liver	early	enformer
3555	0.0	0.0	0.0				False	liver	early	enformer
3556	0.0	0.0	0.0				False	liver	early	enformer
3557	0.0	0.0	0.0				False	liver	early	enformer
3558	0.0	0.0	0.0				False	liver	early	enformer
3559	0.0	0.0	0.0				False	liver	early	enformer
3560	0.0	0.0	0.0				False	liver	early	enformer
3561	0.0	0.0	0.0				False	liver	early	enformer
3562	0.0	0.0	0.0				False	liver	early	enformer
3563	0.0	0.0	0.0				False	liver	early	enformer
3564	0.0	0.0	0.0				False	liver	early	enformer
3565	0.0	0.0	0.0				False	liver	early	enformer
3566	0.0	0.0	0.0				False	liver	early	enformer
3567	0.0	0.0	0.0				False	liver	early	enformer
3568	0.0	0.0	0.0				False	liver	early	enformer
3569	0.0	0.0	0.0				False	liver	early	enformer
3570	0.0	0.0	0.0				False	liver	early	enformer
3571	0.0	0.0	0.0				False	liver	early	enformer
3572	0.0	0.0	0.0				False	liver	early	enformer
3573	0.0	0.0	0.0				False	liver	early	enformer
3574	0.0	0.0	0.0				False	liver	early	enformer
3575	0.0	0.0	0.0				False	liver	early	enformer
3576	0.0	0.0	0.0				False	liver	early	enformer
3577	0.0	0.0	0.0				False	liver	early	enformer
3578	0.0	0.0	0.0				False	liver	early	enformer
3579	0.0	0.0	0.0				False	liver	early	enformer
3580	0.0	0.0	0.0				False	liver	early	enformer
3581	0.0	0.0	0.0				False	liver	early	enformer
3582	0.0	0.0	0.0				False	liver	early	enformer
3583	0.0	0.0	0.0				False	liver	early	enformer
3584	0.0	0.0	0.0				False	liver	early	enformer
3586	0.0	0.0	0.0				False	liver	early	enformer
3587	0.0	0.0	0.0				False	liver	early	enformer
3588	0.0	0.0	0.0				False	liver	early	enformer
3589	0.0	0.0	0.0				False	liver	early	enformer
3590	0.0	0.0	0.0				False	liver	early	enformer
3591	0.0	0.0	0.0				False	liver	early	enformer
3592	0.0	0.0	0.0				False	liver	early	enformer
3593	0.0	0.0	0.0				False	liver	early	enformer
3594	0.0	0.0	0.0				False	liver	early	enformer
3595	0.0	0.0	0.0				False	liver	early	enformer
3596	0.0	0.0	0.0				False	liver	early	enformer
3597	0.0	0.0	0.0				False	liver	early	enformer
3599	0.0	0.0	0.0				False	liver	early	enformer
3600	0.0	0.0	0.0				False	liver	early	enformer
3601	0.0	0.0	0.0				False	liver	early	enformer
3602	0.0	0.0	0.0				False	liver	early	enformer
3603	0.0	0.0	0.0				False	liver	early	enformer
3604	0.0	0.0	0.0				False	liver	early	enformer
3605	0.0	0.0	0.0				False	liver	early	enformer
3606	0.0	0.0	0.0				False	liver	early	enformer
3607	0.0	0.0	0.0				False	liver	early	enformer
3608	0.0	0.0	0.0				False	liver	early	enformer
3609	0.0	0.0	0.0				False	liver	early	enformer
3610	0.0	0.0	0.0				False	liver	early	enformer
3611	0.0	0.0	0.0				False	liver	early	enformer
3612	0.0	0.0	0.0				False	liver	early	enformer
3613	0.0	0.0	0.0				False	liver	early	enformer
3614	0.0	0.0	0.0				False	liver	early	enformer
3616	0.0	0.0	0.0				False	liver	early	enformer
3617	0.0	0.0	0.0				False	liver	early	enformer
3618	0.0	0.0	0.0				False	liver	early	enformer
3619	0.0	0.0	0.0				False	liver	early	enformer
3620	0.0	0.0	0.0				False	liver	early	enformer
3621	0.0	0.0	0.0				False	liver	early	enformer
3622	0.0	0.0	0.0				False	liver	early	enformer
3623	0.0	0.0	0.0				False	liver	early	enformer
3625	0.0	0.0	0.0				False	liver	early	enformer
3626	0.0	0.0	0.0				False	liver	early	enformer
3627	0.0	0.0	0.0				False	liver	early	enformer
3628	0.0	0.0	0.0				False	liver	early	enformer
3629	0.0	0.0	0.0				False	liver	early	enformer
3630	0.0	0.0	0.0				False	liver	early	enformer
3631	0.0	0.0	0.0				False	liver	early	enformer
3632	0.0	0.0	0.0				False	liver	early	enformer
3633	0.0	0.0	0.0				False	liver	early	enformer
3634	0.0	0.0	0.0				False	liver	early	enformer
3635	0.0	0.0	0.0				False	liver	early	enformer
3636	0.0	0.0	0.0				False	liver	early	enformer
3637	0.0	0.0	0.0				False	liver	early	enformer
3638	0.0	0.0	0.0				False	liver	early	enformer
3639	0.0	0.0	0.0				False	liver	early	enformer
3640	0.0	0.0	0.0				False	liver	early	enformer
3641	0.0	0.0	0.0				False	liver	early	enformer
3642	0.0	0.0	0.0				False	liver	early	enformer
3643	0.0	0.0	0.0				False	liver	early	enformer
3644	0.0	0.0	0.0				False	liver	early	enformer
3645	0.0	0.0	0.0				False	liver	early	enformer
3646	0.0	0.0	0.0				False	liver	early	enformer
3647	0.0	0.0	0.0				False	liver	early	enformer
3648	0.0	0.0	0.0				False	liver	early	enformer
3649	0.0	0.0	0.0				False	liver	early	enformer
3650	0.0	0.0	0.0				False	liver	early	enformer
3651	0.0	0.0	0.0				False	liver	early	enformer
3652	0.0	0.0	0.0				False	liver	early	enformer
3653	0.0	0.0	0.0				False	liver	early	enformer
3654	0.0	0.0	0.0				False	liver	early	enformer
3655	0.0	0.0	0.0				False	liver	early	enformer
3656	0.0	0.0	0.0				False	liver	early	enformer
3658	0.0	0.0	0.0				False	liver	early	enformer
3659	0.0	0.0	0.0				False	liver	early	enformer
3660	0.0	0.0	0.0				False	liver	early	enformer
3661	0.0	0.0	0.0				False	liver	early	enformer
3662	0.0	0.0	0.0				False	liver	early	enformer
3663	0.0	0.0	0.0				False	liver	early	enformer
3664	0.0	0.0	0.0				False	liver	early	enformer
3665	0.0	0.0	0.0				False	liver	early	enformer
3666	0.0	0.0	0.0				False	liver	early	enformer
3667	0.0	0.0	0.0				False	liver	early	enformer
3668	0.0	0.0	0.0				False	liver	early	enformer
3669	0.0	0.0	0.0				False	liver	early	enformer
3670	0.0	0.0	0.0				False	liver	early	enformer
3671	0.0	0.0	0.0				False	liver	early	enformer
3672	0.0	0.0	0.0				False	liver	early	enformer
3673	0.0	0.0	0.0				False	liver	early	enformer
3674	0.0	0.0	0.0				False	liver	early	enformer
3675	0.0	0.0	0.0				False	liver	early	enformer
3676	0.0	0.0	0.0				False	liver	early	enformer
3677	0.0	0.0	0.0				False	liver	early	enformer
3678	0.0	0.0	0.0				False	liver	early	enformer
3679	0.0	0.0	0.0				False	liver	early	enformer
3680	0.0	0.0	0.0				False	liver	early	enformer
3681	0.0	0.0	0.0				False	liver	early	enformer
3683	0.0	0.0	0.0				False	liver	early	enformer
3684	0.0	0.0	0.0				False	liver	early	enformer
3685	0.0	0.0	0.0				False	liver	early	enformer
3687	0.0	0.0	0.0				False	liver	early	enformer
3688	0.0	0.0	0.0				False	liver	early	enformer
3689	0.0	0.0	0.0				False	liver	early	enformer
3690	0.0	0.0	0.0				False	liver	early	enformer
3691	0.0	0.0	0.0				False	liver	early	enformer
3692	0.0	0.0	0.0				False	liver	early	enformer
3693	0.0	0.0	0.0				False	liver	early	enformer
3694	0.0	0.0	0.0				False	liver	early	enformer
3695	0.0	0.0	0.0				False	liver	early	enformer
3697	0.0	0.0	0.0				False	liver	early	enformer
3698	0.0	0.0	0.0				False	liver	early	enformer
3699	0.0	0.0	0.0				False	liver	early	enformer
3700	0.0	0.0	0.0				False	liver	early	enformer
3701	0.0	0.0	0.0				False	liver	early	enformer
3702	0.0	0.0	0.0				False	liver	early	enformer
3703	0.0	0.0	0.0				False	liver	early	enformer
3704	0.0	0.0	0.0				False	liver	early	enformer
3705	0.0	0.0	0.0				False	liver	early	enformer
3706	0.0	0.0	0.0				False	liver	early	enformer
3707	0.0	0.0	0.0				False	liver	early	enformer
3708	0.0	0.0	0.0				False	liver	early	enformer
3709	0.0	0.0	0.0				False	liver	early	enformer
3710	0.0	0.0	0.0				False	liver	early	enformer
3711	0.0	0.0	0.0				False	liver	early	enformer
3712	0.0	0.0	0.0				False	liver	early	enformer
3713	0.0	0.0	0.0				False	liver	early	enformer
3714	0.0	0.0	0.0				False	liver	early	enformer
3715	0.0	0.0	0.0				False	liver	early	enformer
3716	0.0	0.0	0.0				False	liver	early	enformer
3717	0.0	0.0	0.0				False	liver	early	enformer
3718	0.0	0.0	0.0				False	liver	early	enformer
3719	0.0	0.0	0.0				False	liver	early	enformer
3720	0.0	0.0	0.0				False	liver	early	enformer
3721	0.0	0.0	0.0				False	liver	early	enformer
3722	0.0	0.0	0.0				False	liver	early	enformer
3723	0.0	0.0	0.0				False	liver	early	enformer
3724	0.0	0.0	0.0				False	liver	early	enformer
3725	0.0	0.0	0.0				False	liver	early	enformer
3726	0.0	0.0	0.0				False	liver	early	enformer
3727	0.0	0.0	0.0				False	liver	early	enformer
3728	0.0	0.0	0.0				False	liver	early	enformer
3729	0.0	0.0	0.0				False	liver	early	enformer
3730	0.0	0.0	0.0				False	liver	early	enformer
3732	0.0	0.0	0.0				False	liver	early	enformer
3733	0.0	0.0	0.0				False	liver	early	enformer
3734	0.0	0.0	0.0				False	liver	early	enformer
3735	0.0	0.0	0.0				False	liver	early	enformer
3736	0.0	0.0	0.0				False	liver	early	enformer
3737	0.0	0.0	0.0				False	liver	early	enformer
3738	0.0	0.0	0.0				False	liver	early	enformer
3739	0.0	0.0	0.0				False	liver	early	enformer
3740	0.0	0.0	0.0				False	liver	early	enformer
3741	0.0	0.0	0.0				False	liver	early	enformer
3742	0.0	0.0	0.0				False	liver	early	enformer
3743	0.0	0.0	0.0				False	liver	early	enformer
3744	0.0	0.0	0.0				False	liver	early	enformer
3745	0.0	0.0	0.0				False	liver	early	enformer
3746	0.0	0.0	0.0				False	liver	early	enformer
3747	0.0	0.0	0.0				False	liver	early	enformer
3748	0.0	0.0	0.0				False	liver	early	enformer
3749	0.0	0.0	0.0				False	liver	early	enformer
3750	0.0	0.0	0.0				False	liver	early	enformer
3751	0.0	0.0	0.0				False	liver	early	enformer
3752	0.0	0.0	0.0				False	liver	early	enformer
3753	0.0	0.0	0.0				False	liver	early	enformer
3754	0.0	0.0	0.0				False	liver	early	enformer
3755	0.0	0.0	0.0				False	liver	early	enformer
3756	0.0	0.0	0.0				False	liver	early	enformer
3757	0.0	0.0	0.0				False	liver	early	enformer
3758	0.0	0.0	0.0				False	liver	early	enformer
3759	0.0	0.0	0.0				False	liver	early	enformer
3760	0.0	0.0	0.0				False	liver	early	enformer
3762	0.0	0.0	0.0				False	liver	early	enformer
3764	0.0	0.0	0.0				False	liver	early	enformer
3765	0.0	0.0	0.0				False	liver	early	enformer
3766	0.0	0.0	0.0				False	liver	early	enformer
3767	0.0	0.0	0.0				False	liver	early	enformer
3768	0.0	0.0	0.0				False	liver	early	enformer
3769	0.0	0.0	0.0				False	liver	early	enformer
3770	0.0	0.0	0.0				False	liver	early	enformer
3771	0.0	0.0	0.0				False	liver	early	enformer
3772	0.0	0.0	0.0				False	liver	early	enformer
3773	0.0	0.0	0.0				False	liver	early	enformer
3774	0.0	0.0	0.0				False	liver	early	enformer
3775	0.0	0.0	0.0				False	liver	early	enformer
3776	0.0	0.0	0.0				False	liver	early	enformer
3777	0.0	0.0	0.0				False	liver	early	enformer
3778	0.0	0.0	0.0				False	liver	early	enformer
3779	0.0	0.0	0.0				False	liver	early	enformer
3780	0.0	0.0	0.0				False	liver	early	enformer
3781	0.0	0.0	0.0				False	liver	early	enformer
3782	0.0	0.0	0.0				False	liver	early	enformer
3783	0.0	0.0	0.0				False	liver	early	enformer
3784	0.0	0.0	0.0				False	liver	early	enformer
3785	0.0	0.0	0.0				False	liver	early	enformer
3786	0.0	0.0	0.0				False	liver	early	enformer
3788	0.0	0.0	0.0				False	liver	early	enformer
3789	0.0	0.0	0.0				False	liver	early	enformer
3790	0.0	0.0	0.0				False	liver	early	enformer
3791	0.0	0.0	0.0				False	liver	early	enformer
3793	0.0	0.0	0.0				False	liver	early	enformer
3794	0.0	0.0	0.0				False	liver	early	enformer
3795	0.0	0.0	0.0				False	liver	early	enformer
3796	0.0	0.0	0.0				False	liver	early	enformer
3797	0.0	0.0	0.0				False	liver	early	enformer
3798	0.0	0.0	0.0				False	liver	early	enformer
3799	0.0	0.0	0.0				False	liver	early	enformer
3800	0.0	0.0	0.0				False	liver	early	enformer
3801	0.0	0.0	0.0				False	liver	early	enformer
3802	0.0	0.0	0.0				False	liver	early	enformer
3803	0.0	0.0	0.0				False	liver	early	enformer
3804	0.0	0.0	0.0				False	liver	early	enformer
3805	0.0	0.0	0.0				False	liver	early	enformer
3806	0.0	0.0	0.0				False	liver	early	enformer
3807	0.0	0.0	0.0				False	liver	early	enformer
3808	0.0	0.0	0.0				False	liver	early	enformer
3809	0.0	0.0	0.0				False	liver	early	enformer
3810	0.0	0.0	0.0				False	liver	early	enformer
3811	0.0	0.0	0.0				False	liver	early	enformer
3812	0.0	0.0	0.0				False	liver	early	enformer
3813	0.0	0.0	0.0				False	liver	early	enformer
3814	0.0	0.0	0.0				False	liver	early	enformer
3815	0.0	0.0	0.0				False	liver	early	enformer
3816	0.0	0.0	0.0				False	liver	early	enformer
3817	0.0	0.0	0.0				False	liver	early	enformer
3818	0.0	0.0	0.0				False	liver	early	enformer
3819	0.0	0.0	0.0				False	liver	early	enformer
3820	0.0	0.0	0.0				False	liver	early	enformer
3821	0.0	0.0	0.0				False	liver	early	enformer
3822	0.0	0.0	0.0				False	liver	early	enformer
3823	0.0	0.0	0.0				False	liver	early	enformer
3824	0.0	0.0	0.0				False	liver	early	enformer
3825	0.0	0.0	0.0				False	liver	early	enformer
3826	0.0	0.0	0.0				False	liver	early	enformer
3827	0.0	0.0	0.0				False	liver	early	enformer
3828	0.0	0.0	0.0				False	liver	early	enformer
3829	0.0	0.0	0.0				False	liver	early	enformer
3830	0.0	0.0	0.0				False	liver	early	enformer
3831	0.0	0.0	0.0				False	liver	early	enformer
3832	0.0	0.0	0.0				False	liver	early	enformer
3833	0.0	0.0	0.0				False	liver	early	enformer
3834	0.0	0.0	0.0				False	liver	early	enformer
3835	0.0	0.0	0.0				False	liver	early	enformer
3836	0.0	0.0	0.0				False	liver	early	enformer
3837	0.0	0.0	0.0				False	liver	early	enformer
3838	0.0	0.0	0.0				False	liver	early	enformer
3839	0.0	0.0	0.0				False	liver	early	enformer
3840	0.0	0.0	0.0				False	liver	early	enformer
3841	0.0	0.0	0.0				False	liver	early	enformer
3842	0.0	0.0	0.0				False	liver	early	enformer
3843	0.0	0.0	0.0				False	liver	early	enformer
3844	0.0	0.0	0.0				False	liver	early	enformer
3845	0.0	0.0	0.0				False	liver	early	enformer
3846	0.0	0.0	0.0				False	liver	early	enformer
3847	0.0	0.0	0.0				False	liver	early	enformer
3848	0.0	0.0	0.0				False	liver	early	enformer
3850	0.0	0.0	0.0				False	liver	early	enformer
3852	0.0	0.0	0.0				False	liver	early	enformer
3853	0.0	0.0	0.0				False	liver	early	enformer
3854	0.0	0.0	0.0				False	liver	early	enformer
3855	0.0	0.0	0.0				False	liver	early	enformer
3856	0.0	0.0	0.0				False	liver	early	enformer
3857	0.0	0.0	0.0				False	liver	early	enformer
3858	0.0	0.0	0.0				False	liver	early	enformer
3859	0.0	0.0	0.0				False	liver	early	enformer
3860	0.0	0.0	0.0				False	liver	early	enformer
3861	0.0	0.0	0.0				False	liver	early	enformer
3862	0.0	0.0	0.0				False	liver	early	enformer
3863	0.0	0.0	0.0				False	liver	early	enformer
3864	0.0	0.0	0.0				False	liver	early	enformer
3865	0.0	0.0	0.0				False	liver	early	enformer
3866	0.0	0.0	0.0				False	liver	early	enformer
3867	0.0	0.0	0.0				False	liver	early	enformer
3868	0.0	0.0	0.0				False	liver	early	enformer
3869	0.0	0.0	0.0				False	liver	early	enformer
3870	0.0	0.0	0.0				False	liver	early	enformer
3871	0.0	0.0	0.0				False	liver	early	enformer
3872	0.0	0.0	0.0				False	liver	early	enformer
3873	0.0	0.0	0.0				False	liver	early	enformer
3874	0.0	0.0	0.0				False	liver	early	enformer
3875	0.0	0.0	0.0				False	liver	early	enformer
3876	0.0	0.0	0.0				False	liver	early	enformer
3877	0.0	0.0	0.0				False	liver	early	enformer
3878	0.0	0.0	0.0				False	liver	early	enformer
3879	0.0	0.0	0.0				False	liver	early	enformer
3880	0.0	0.0	0.0				False	liver	early	enformer
3881	0.0	0.0	0.0				False	liver	early	enformer
3882	0.0	0.0	0.0				False	liver	early	enformer
3883	0.0	0.0	0.0				False	liver	early	enformer
3884	0.0	0.0	0.0				False	liver	early	enformer
3885	0.0	0.0	0.0				False	liver	early	enformer
3886	0.0	0.0	0.0				False	liver	early	enformer
3887	0.0	0.0	0.0				False	liver	early	enformer
3888	0.0	0.0	0.0				False	liver	early	enformer
3889	0.0	0.0	0.0				False	liver	early	enformer
3890	0.0	0.0	0.0				False	liver	early	enformer
3891	0.0	0.0	0.0				False	liver	early	enformer
3892	0.0	0.0	0.0				False	liver	early	enformer
3893	0.0	0.0	0.0				False	liver	early	enformer
3894	0.0	0.0	0.0				False	liver	early	enformer
3895	0.0	0.0	0.0				False	liver	early	enformer
3896	0.0	0.0	0.0				False	liver	early	enformer
3897	0.0	0.0	0.0				False	liver	early	enformer
3898	0.0	0.0	0.0				False	liver	early	enformer
3899	0.0	0.0	0.0				False	liver	early	enformer
3900	0.0	0.0	0.0				False	liver	early	enformer
3901	0.0	0.0	0.0				False	liver	early	enformer
3902	0.0	0.0	0.0				False	liver	early	enformer
3903	0.0	0.0	0.0				False	liver	early	enformer
3904	0.0	0.0	0.0				False	liver	early	enformer
3905	0.0	0.0	0.0				False	liver	early	enformer
3906	0.0	0.0	0.0				False	liver	early	enformer
3907	0.0	0.0	0.0				False	liver	early	enformer
3908	0.0	0.0	0.0				False	liver	early	enformer
3909	0.0	0.0	0.0				False	liver	early	enformer
3910	0.0	0.0	0.0				False	liver	early	enformer
3911	0.0	0.0	0.0				False	liver	early	enformer
3912	0.0	0.0	0.0				False	liver	early	enformer
3913	0.0	0.0	0.0				False	liver	early	enformer
3914	0.0	0.0	0.0				False	liver	early	enformer
3915	0.0	0.0	0.0				False	liver	early	enformer
3916	0.0	0.0	0.0				False	liver	early	enformer
3917	0.0	0.0	0.0				False	liver	early	enformer
3918	0.0	0.0	0.0				False	liver	early	enformer
3919	0.0	0.0	0.0				False	liver	early	enformer
3920	0.0	0.0	0.0				False	liver	early	enformer
3921	0.0	0.0	0.0				False	liver	early	enformer
3922	0.0	0.0	0.0				False	liver	early	enformer
3923	0.0	0.0	0.0				False	liver	early	enformer
3924	0.0	0.0	0.0				False	liver	early	enformer
3925	0.0	0.0	0.0				False	liver	early	enformer
3926	0.0	0.0	0.0				False	liver	early	enformer
3927	0.0	0.0	0.0				False	liver	early	enformer
3928	0.0	0.0	0.0				False	liver	early	enformer
3929	0.0	0.0	0.0				False	liver	early	enformer
3930	0.0	0.0	0.0				False	liver	early	enformer
3932	0.0	0.0	0.0				False	liver	early	enformer
3933	0.0	0.0	0.0				False	liver	early	enformer
3934	0.0	0.0	0.0				False	liver	early	enformer
3935	0.0	0.0	0.0				False	liver	early	enformer
3936	0.0	0.0	0.0				False	liver	early	enformer
3937	0.0	0.0	0.0				False	liver	early	enformer
3938	0.0	0.0	0.0				False	liver	early	enformer
3939	0.0	0.0	0.0				False	liver	early	enformer
3940	0.0	0.0	0.0				False	liver	early	enformer
3941	0.0	0.0	0.0				False	liver	early	enformer
3942	0.0	0.0	0.0				False	liver	early	enformer
3943	0.0	0.0	0.0				False	liver	early	enformer
3944	0.0	0.0	0.0				False	liver	early	enformer
3945	0.0	0.0	0.0				False	liver	early	enformer
3946	0.0	0.0	0.0				False	liver	early	enformer
3947	0.0	0.0	0.0				False	liver	early	enformer
3948	0.0	0.0	0.0				False	liver	early	enformer
3949	0.0	0.0	0.0				False	liver	early	enformer
3950	0.0	0.0	0.0				False	liver	early	enformer
3951	0.0	0.0	0.0				False	liver	early	enformer
3952	0.0	0.0	0.0				False	liver	early	enformer
3953	0.0	0.0	0.0				False	liver	early	enformer
3954	0.0	0.0	0.0				False	liver	early	enformer
3955	0.0	0.0	0.0				False	liver	early	enformer
3956	0.0	0.0	0.0				False	liver	early	enformer
3958	0.0	0.0	0.0				False	liver	early	enformer
3959	0.0	0.0	0.0				False	liver	early	enformer
3960	0.0	0.0	0.0				False	liver	early	enformer
3961	0.0	0.0	0.0				False	liver	early	enformer
3962	0.0	0.0	0.0				False	liver	early	enformer
3963	0.0	0.0	0.0				False	liver	early	enformer
3964	0.0	0.0	0.0				False	liver	early	enformer
3965	0.0	0.0	0.0				False	liver	early	enformer
3966	0.0	0.0	0.0				False	liver	early	enformer
3967	0.0	0.0	0.0				False	liver	early	enformer
3968	0.0	0.0	0.0				False	liver	early	enformer
3969	0.0	0.0	0.0				False	liver	early	enformer
3970	0.0	0.0	0.0				False	liver	early	enformer
3971	0.0	0.0	0.0				False	liver	early	enformer
3972	0.0	0.0	0.0				False	liver	early	enformer
3974	0.0	0.0	0.0				False	liver	early	enformer
3975	0.0	0.0	0.0				False	liver	early	enformer
3976	0.0	0.0	0.0				False	liver	early	enformer
3978	0.0	0.0	0.0				False	liver	early	enformer
3979	0.0	0.0	0.0				False	liver	early	enformer
3980	0.0	0.0	0.0				False	liver	early	enformer
3981	0.0	0.0	0.0				False	liver	early	enformer
3982	0.0	0.0	0.0				False	liver	early	enformer
3983	0.0	0.0	0.0				False	liver	early	enformer
3984	0.0	0.0	0.0				False	liver	early	enformer
3985	0.0	0.0	0.0				False	liver	early	enformer
3986	0.0	0.0	0.0				False	liver	early	enformer
3987	0.0	0.0	0.0				False	liver	early	enformer
3988	0.0	0.0	0.0				False	liver	early	enformer
3989	0.0	0.0	0.0				False	liver	early	enformer
3990	0.0	0.0	0.0				False	liver	early	enformer
3992	0.0	0.0	0.0				False	liver	early	enformer
3994	0.0	0.0	0.0				False	liver	early	enformer
3995	0.0	0.0	0.0				False	liver	early	enformer
3996	0.0	0.0	0.0				False	liver	early	enformer
3997	0.0	0.0	0.0				False	liver	early	enformer
3998	0.0	0.0	0.0				False	liver	early	enformer
3999	0.0	0.0	0.0				False	liver	early	enformer
4000	0.0	0.0	0.0				False	liver	early	enformer
4001	0.0	0.0	0.0				False	liver	early	enformer
4002	0.0	0.0	0.0				False	liver	early	enformer
4003	0.0	0.0	0.0				False	liver	early	enformer
4004	0.0	0.0	0.0				False	liver	early	enformer
4005	0.0	0.0	0.0				False	liver	early	enformer
4006	0.0	0.0	0.0				False	liver	early	enformer
4007	0.0	0.0	0.0				False	liver	early	enformer
4008	0.0	0.0	0.0				False	liver	early	enformer
4009	0.0	0.0	0.0				False	liver	early	enformer
4010	0.0	0.0	0.0				False	liver	early	enformer
4011	0.0	0.0	0.0				False	liver	early	enformer
4012	0.0	0.0	0.0				False	liver	early	enformer
4013	0.0	0.0	0.0				False	liver	early	enformer
4014	0.0	0.0	0.0				False	liver	early	enformer
4015	0.0	0.0	0.0				False	liver	early	enformer
4016	0.0	0.0	0.0				False	liver	early	enformer
4017	0.0	0.0	0.0				False	liver	early	enformer
4018	0.0	0.0	0.0				False	liver	early	enformer
4019	0.0	0.0	0.0				False	liver	early	enformer
4020	0.0	0.0	0.0				False	liver	early	enformer
4021	0.0	0.0	0.0				False	liver	early	enformer
4022	0.0	0.0	0.0				False	liver	early	enformer
4023	0.0	0.0	0.0				False	liver	early	enformer
4024	0.0	0.0	0.0				False	liver	early	enformer
4025	0.0	0.0	0.0				False	liver	early	enformer
4026	0.0	0.0	0.0				False	liver	early	enformer
4027	0.0	0.0	0.0				False	liver	early	enformer
4028	0.0	0.0	0.0				False	liver	early	enformer
4029	0.0	0.0	0.0				False	liver	early	enformer
4030	0.0	0.0	0.0				False	liver	early	enformer
4031	0.0	0.0	0.0				False	liver	early	enformer
4032	0.0	0.0	0.0				False	liver	early	enformer
4033	0.0	0.0	0.0				False	liver	early	enformer
4034	0.0	0.0	0.0				False	liver	early	enformer
4035	0.0	0.0	0.0				False	liver	early	enformer
4036	0.0	0.0	0.0				False	liver	early	enformer
4037	0.0	0.0	0.0				False	liver	early	enformer
4038	0.0	0.0	0.0				False	liver	early	enformer
4039	0.0	0.0	0.0				False	liver	early	enformer
4041	0.0	0.0	0.0				False	liver	early	enformer
4042	0.0	0.0	0.0				False	liver	early	enformer
4043	0.0	0.0	0.0				False	liver	early	enformer
4044	0.0	0.0	0.0				False	liver	early	enformer
4045	0.0	0.0	0.0				False	liver	early	enformer
4046	0.0	0.0	0.0				False	liver	early	enformer
4048	0.0	0.0	0.0				False	liver	early	enformer
4049	0.0	0.0	0.0				False	liver	early	enformer
4050	0.0	0.0	0.0				False	liver	early	enformer
4051	0.0	0.0	0.0				False	liver	early	enformer
4052	0.0	0.0	0.0				False	liver	early	enformer
4053	0.0	0.0	0.0				False	liver	early	enformer
4054	0.0	0.0	0.0				False	liver	early	enformer
4055	0.0	0.0	0.0				False	liver	early	enformer
4056	0.0	0.0	0.0				False	liver	early	enformer
4057	0.0	0.0	0.0				False	liver	early	enformer
4058	0.0	0.0	0.0				False	liver	early	enformer
4059	0.0	0.0	0.0				False	liver	early	enformer
4060	0.0	0.0	0.0				False	liver	early	enformer
4061	0.0	0.0	0.0				False	liver	early	enformer
4062	0.0	0.0	0.0				False	liver	early	enformer
4063	0.0	0.0	0.0				False	liver	early	enformer
4064	0.0	0.0	0.0				False	liver	early	enformer
4065	0.0	0.0	0.0				False	liver	early	enformer
4066	0.0	0.0	0.0				False	liver	early	enformer
4067	0.0	0.0	0.0				False	liver	early	enformer
4068	0.0	0.0	0.0				False	liver	early	enformer
4069	0.0	0.0	0.0				False	liver	early	enformer
4070	0.0	0.0	0.0				False	liver	early	enformer
4071	0.0	0.0	0.0				False	liver	early	enformer
4073	0.0	0.0	0.0				False	liver	early	enformer
4074	0.0	0.0	0.0				False	liver	early	enformer
4075	0.0	0.0	0.0				False	liver	early	enformer
4076	0.0	0.0	0.0				False	liver	early	enformer
4077	0.0	0.0	0.0				False	liver	early	enformer
4078	0.0	0.0	0.0				False	liver	early	enformer
4079	0.0	0.0	0.0				False	liver	early	enformer
4080	0.0	0.0	0.0				False	liver	early	enformer
4081	0.0	0.0	0.0				False	liver	early	enformer
4082	0.0	0.0	0.0				False	liver	early	enformer
4083	0.0	0.0	0.0				False	liver	early	enformer
4084	0.0	0.0	0.0				False	liver	early	enformer
4085	0.0	0.0	0.0				False	liver	early	enformer
4086	0.0	0.0	0.0				False	liver	early	enformer
4087	0.0	0.0	0.0				False	liver	early	enformer
4088	0.0	0.0	0.0				False	liver	early	enformer
4089	0.0	0.0	0.0				False	liver	early	enformer
4090	0.0	0.0	0.0				False	liver	early	enformer
4091	0.0	0.0	0.0				False	liver	early	enformer
4092	0.0	0.0	0.0				False	liver	early	enformer
4093	0.0	0.0	0.0				False	liver	early	enformer
4094	0.0	0.0	0.0				False	liver	early	enformer
4095	0.0	0.0	0.0				False	liver	early	enformer
4096	0.0	0.0	0.0				False	liver	early	enformer
4097	0.0	0.0	0.0				False	liver	early	enformer
4098	0.0	0.0	0.0				False	liver	early	enformer
4099	0.0	0.0	0.0				False	liver	early	enformer
4100	0.0	0.0	0.0				False	liver	early	enformer
4101	0.0	0.0	0.0				False	liver	early	enformer
4102	0.0	0.0	0.0				False	liver	early	enformer
4103	0.0	0.0	0.0				False	liver	early	enformer
4104	0.0	0.0	0.0				False	liver	early	enformer
4105	0.0	0.0	0.0				False	liver	early	enformer
4106	0.0	0.0	0.0				False	liver	early	enformer
4107	0.0	0.0	0.0				False	liver	early	enformer
4108	0.0	0.0	0.0				False	liver	early	enformer
4109	0.0	0.0	0.0				False	liver	early	enformer
4110	0.0	0.0	0.0				False	liver	early	enformer
4111	0.0	0.0	0.0				False	liver	early	enformer
4112	0.0	0.0	0.0				False	liver	early	enformer
4113	0.0	0.0	0.0				False	liver	early	enformer
4114	0.0	0.0	0.0				False	liver	early	enformer
4115	0.0	0.0	0.0				False	liver	early	enformer
4116	0.0	0.0	0.0				False	liver	early	enformer
4117	0.0	0.0	0.0				False	liver	early	enformer
4118	0.0	0.0	0.0				False	liver	early	enformer
4119	0.0	0.0	0.0				False	liver	early	enformer
4120	0.0	0.0	0.0				False	liver	early	enformer
4121	0.0	0.0	0.0				False	liver	early	enformer
4122	0.0	0.0	0.0				False	liver	early	enformer
4123	0.0	0.0	0.0				False	liver	early	enformer
4124	0.0	0.0	0.0				False	liver	early	enformer
4125	0.0	0.0	0.0				False	liver	early	enformer
4126	0.0	0.0	0.0				False	liver	early	enformer
4127	0.0	0.0	0.0				False	liver	early	enformer
4128	0.0	0.0	0.0				False	liver	early	enformer
4129	0.0	0.0	0.0				False	liver	early	enformer
4130	0.0	0.0	0.0				False	liver	early	enformer
4131	0.0	0.0	0.0				False	liver	early	enformer
4132	0.0	0.0	0.0				False	liver	early	enformer
4133	0.0	0.0	0.0				False	liver	early	enformer
4134	0.0	0.0	0.0				False	liver	early	enformer
4135	0.0	0.0	0.0				False	liver	early	enformer
4136	0.0	0.0	0.0				False	liver	early	enformer
4138	0.0	0.0	0.0				False	liver	early	enformer
4139	0.0	0.0	0.0				False	liver	early	enformer
4140	0.0	0.0	0.0				False	liver	early	enformer
4141	0.0	0.0	0.0				False	liver	early	enformer
4142	0.0	0.0	0.0				False	liver	early	enformer
4143	0.0	0.0	0.0				False	liver	early	enformer
4144	0.0	0.0	0.0				False	liver	early	enformer
4145	0.0	0.0	0.0				False	liver	early	enformer
4146	0.0	0.0	0.0				False	liver	early	enformer
4147	0.0	0.0	0.0				False	liver	early	enformer
4148	0.0	0.0	0.0				False	liver	early	enformer
4149	0.0	0.0	0.0				False	liver	early	enformer
4150	0.0	0.0	0.0				False	liver	early	enformer
4151	0.0	0.0	0.0				False	liver	early	enformer
4152	0.0	0.0	0.0				False	liver	early	enformer
4153	0.0	0.0	0.0				False	liver	early	enformer
4154	0.0	0.0	0.0				False	liver	early	enformer
4155	0.0	0.0	0.0				False	liver	early	enformer
4156	0.0	0.0	0.0				False	liver	early	enformer
4157	0.0	0.0	0.0				False	liver	early	enformer
4158	0.0	0.0	0.0				False	liver	early	enformer
4159	0.0	0.0	0.0				False	liver	early	enformer
4160	0.0	0.0	0.0				False	liver	early	enformer
4161	0.0	0.0	0.0				False	liver	early	enformer
4162	0.0	0.0	0.0				False	liver	early	enformer
4163	0.0	0.0	0.0				False	liver	early	enformer
4164	0.0	0.0	0.0				False	liver	early	enformer
4165	0.0	0.0	0.0				False	liver	early	enformer
4166	0.0	0.0	0.0				False	liver	early	enformer
4167	0.0	0.0	0.0				False	liver	early	enformer
4168	0.0	0.0	0.0				False	liver	early	enformer
4169	0.0	0.0	0.0				False	liver	early	enformer
4170	0.0	0.0	0.0				False	liver	early	enformer
4171	0.0	0.0	0.0				False	liver	early	enformer
4172	0.0	0.0	0.0				False	liver	early	enformer
4173	0.0	0.0	0.0				False	liver	early	enformer
4175	0.0	0.0	0.0				False	liver	early	enformer
4176	0.0	0.0	0.0				False	liver	early	enformer
4177	0.0	0.0	0.0				False	liver	early	enformer
4178	0.0	0.0	0.0				False	liver	early	enformer
4179	0.0	0.0	0.0				False	liver	early	enformer
4180	0.0	0.0	0.0				False	liver	early	enformer
4181	0.0	0.0	0.0				False	liver	early	enformer
4182	0.0	0.0	0.0				False	liver	early	enformer
4183	0.0	0.0	0.0				False	liver	early	enformer
4184	0.0	0.0	0.0				False	liver	early	enformer
4185	0.0	0.0	0.0				False	liver	early	enformer
4186	0.0	0.0	0.0				False	liver	early	enformer
4187	0.0	0.0	0.0				False	liver	early	enformer
4188	0.0	0.0	0.0				False	liver	early	enformer
4189	0.0	0.0	0.0				False	liver	early	enformer
4190	0.0	0.0	0.0				False	liver	early	enformer
4192	0.0	0.0	0.0				False	liver	early	enformer
4193	0.0	0.0	0.0				False	liver	early	enformer
4194	0.0	0.0	0.0				False	liver	early	enformer
4195	0.0	0.0	0.0				False	liver	early	enformer
4196	0.0	0.0	0.0				False	liver	early	enformer
4197	0.0	0.0	0.0				False	liver	early	enformer
4198	0.0	0.0	0.0				False	liver	early	enformer
4199	0.0	0.0	0.0				False	liver	early	enformer
4200	0.0	0.0	0.0				False	liver	early	enformer
4201	0.0	0.0	0.0				False	liver	early	enformer
4202	0.0	0.0	0.0				False	liver	early	enformer
4203	0.0	0.0	0.0				False	liver	early	enformer
4204	0.0	0.0	0.0				False	liver	early	enformer
4205	0.0	0.0	0.0				False	liver	early	enformer
4206	0.0	0.0	0.0				False	liver	early	enformer
4207	0.0	0.0	0.0				False	liver	early	enformer
4208	0.0	0.0	0.0				False	liver	early	enformer
4209	0.0	0.0	0.0				False	liver	early	enformer
4210	0.0	0.0	0.0				False	liver	early	enformer
4211	0.0	0.0	0.0				False	liver	early	enformer
4212	0.0	0.0	0.0				False	liver	early	enformer
4213	0.0	0.0	0.0				False	liver	early	enformer
4214	0.0	0.0	0.0				False	liver	early	enformer
4215	0.0	0.0	0.0				False	liver	early	enformer
4216	0.0	0.0	0.0				False	liver	early	enformer
4217	0.0	0.0	0.0				False	liver	early	enformer
4218	0.0	0.0	0.0				False	liver	early	enformer
4219	0.0	0.0	0.0				False	liver	early	enformer
4220	0.0	0.0	0.0				False	liver	early	enformer
4221	0.0	0.0	0.0				False	liver	early	enformer
4222	0.0	0.0	0.0				False	liver	early	enformer
4223	0.0	0.0	0.0				False	liver	early	enformer
4224	0.0	0.0	0.0				False	liver	early	enformer
4225	0.0	0.0	0.0				False	liver	early	enformer
4226	0.0	0.0	0.0				False	liver	early	enformer
4227	0.0	0.0	0.0				False	liver	early	enformer
4228	0.0	0.0	0.0				False	liver	early	enformer
4229	0.0	0.0	0.0				False	liver	early	enformer
4230	0.0	0.0	0.0				False	liver	early	enformer
4231	0.0	0.0	0.0				False	liver	early	enformer
4232	0.0	0.0	0.0				False	liver	early	enformer
4233	0.0	0.0	0.0				False	liver	early	enformer
4234	0.0	0.0	0.0				False	liver	early	enformer
4235	0.0	0.0	0.0				False	liver	early	enformer
4236	0.0	0.0	0.0				False	liver	early	enformer
4237	0.0	0.0	0.0				False	liver	early	enformer
4238	0.0	0.0	0.0				False	liver	early	enformer
4239	0.0	0.0	0.0				False	liver	early	enformer
4240	0.0	0.0	0.0				False	liver	early	enformer
4241	0.0	0.0	0.0				False	liver	early	enformer
4242	0.0	0.0	0.0				False	liver	early	enformer
4243	0.0	0.0	0.0				False	liver	early	enformer
4244	0.0	0.0	0.0				False	liver	early	enformer
4245	0.0	0.0	0.0				False	liver	early	enformer
4246	0.0	0.0	0.0				False	liver	early	enformer
4247	0.0	0.0	0.0				False	liver	early	enformer
4248	0.0	0.0	0.0				False	liver	early	enformer
4249	0.0	0.0	0.0				False	liver	early	enformer
4250	0.0	0.0	0.0				False	liver	early	enformer
4251	0.0	0.0	0.0				False	liver	early	enformer
4252	0.0	0.0	0.0				False	liver	early	enformer
4253	0.0	0.0	0.0				False	liver	early	enformer
4254	0.0	0.0	0.0				False	liver	early	enformer
4255	0.0	0.0	0.0				False	liver	early	enformer
4256	0.0	0.0	0.0				False	liver	early	enformer
4257	0.0	0.0	0.0				False	liver	early	enformer
4258	0.0	0.0	0.0				False	liver	early	enformer
4259	0.0	0.0	0.0				False	liver	early	enformer
4260	0.0	0.0	0.0				False	liver	early	enformer
4261	0.0	0.0	0.0				False	liver	early	enformer
4262	0.0	0.0	0.0				False	liver	early	enformer
4263	0.0	0.0	0.0				False	liver	early	enformer
4264	0.0	0.0	0.0				False	liver	early	enformer
4265	0.0	0.0	0.0				False	liver	early	enformer
4266	0.0	0.0	0.0				False	liver	early	enformer
4267	0.0	0.0	0.0				False	liver	early	enformer
4268	0.0	0.0	0.0				False	liver	early	enformer
4269	0.0	0.0	0.0				False	liver	early	enformer
4270	0.0	0.0	0.0				False	liver	early	enformer
4271	0.0	0.0	0.0				False	liver	early	enformer
4272	0.0	0.0	0.0				False	liver	early	enformer
4273	0.0	0.0	0.0				False	liver	early	enformer
4274	0.0	0.0	0.0				False	liver	early	enformer
4275	0.0	0.0	0.0				False	liver	early	enformer
4276	0.0	0.0	0.0				False	liver	early	enformer
4277	0.0	0.0	0.0				False	liver	early	enformer
4278	0.0	0.0	0.0				False	liver	early	enformer
4279	0.0	0.0	0.0				False	liver	early	enformer
4280	0.0	0.0	0.0				False	liver	early	enformer
4281	0.0	0.0	0.0				False	liver	early	enformer
4282	0.0	0.0	0.0				False	liver	early	enformer
4283	0.0	0.0	0.0				False	liver	early	enformer
4284	0.0	0.0	0.0				False	liver	early	enformer
4286	0.0	0.0	0.0				False	liver	early	enformer
4287	0.0	0.0	0.0				False	liver	early	enformer
4288	0.0	0.0	0.0				False	liver	early	enformer
4289	0.0	0.0	0.0				False	liver	early	enformer
4290	0.0	0.0	0.0				False	liver	early	enformer
4291	0.0	0.0	0.0				False	liver	early	enformer
4292	0.0	0.0	0.0				False	liver	early	enformer
4293	0.0	0.0	0.0				False	liver	early	enformer
4294	0.0	0.0	0.0				False	liver	early	enformer
4295	0.0	0.0	0.0				False	liver	early	enformer
4296	0.0	0.0	0.0				False	liver	early	enformer
4297	0.0	0.0	0.0				False	liver	early	enformer
4298	0.0	0.0	0.0				False	liver	early	enformer
4300	0.0	0.0	0.0				False	liver	early	enformer
4301	0.0	0.0	0.0				False	liver	early	enformer
4302	0.0	0.0	0.0				False	liver	early	enformer
4303	0.0	0.0	0.0				False	liver	early	enformer
4304	0.0	0.0	0.0				False	liver	early	enformer
4305	0.0	0.0	0.0				False	liver	early	enformer
4306	0.0	0.0	0.0				False	liver	early	enformer
4307	0.0	0.0	0.0				False	liver	early	enformer
4308	0.0	0.0	0.0				False	liver	early	enformer
4309	0.0	0.0	0.0				False	liver	early	enformer
4310	0.0	0.0	0.0				False	liver	early	enformer
4311	0.0	0.0	0.0				False	liver	early	enformer
4312	0.0	0.0	0.0				False	liver	early	enformer
4313	0.0	0.0	0.0				False	liver	early	enformer
4315	0.0	0.0	0.0				False	liver	early	enformer
4316	0.0	0.0	0.0				False	liver	early	enformer
4318	0.0	0.0	0.0				False	liver	early	enformer
4319	0.0	0.0	0.0				False	liver	early	enformer
4320	0.0	0.0	0.0				False	liver	early	enformer
4321	0.0	0.0	0.0				False	liver	early	enformer
4322	0.0	0.0	0.0				False	liver	early	enformer
4323	0.0	0.0	0.0				False	liver	early	enformer
4324	0.0	0.0	0.0				False	liver	early	enformer
4325	0.0	0.0	0.0				False	liver	early	enformer
4326	0.0	0.0	0.0				False	liver	early	enformer
4327	0.0	0.0	0.0				False	liver	early	enformer
4328	0.0	0.0	0.0				False	liver	early	enformer
4329	0.0	0.0	0.0				False	liver	early	enformer
4330	0.0	0.0	0.0				False	liver	early	enformer
4331	0.0	0.0	0.0				False	liver	early	enformer
4332	0.0	0.0	0.0				False	liver	early	enformer
4333	0.0	0.0	0.0				False	liver	early	enformer
4334	0.0	0.0	0.0				False	liver	early	enformer
4335	0.0	0.0	0.0				False	liver	early	enformer
4336	0.0	0.0	0.0				False	liver	early	enformer
4337	0.0	0.0	0.0				False	liver	early	enformer
4338	0.0	0.0	0.0				False	liver	early	enformer
4339	0.0	0.0	0.0				False	liver	early	enformer
4340	0.0	0.0	0.0				False	liver	early	enformer
4341	0.0	0.0	0.0				False	liver	early	enformer
4342	0.0	0.0	0.0				False	liver	early	enformer
4343	0.0	0.0	0.0				False	liver	early	enformer
4344	0.0	0.0	0.0				False	liver	early	enformer
4345	0.0	0.0	0.0				False	liver	early	enformer
4346	0.0	0.0	0.0				False	liver	early	enformer
4347	0.0	0.0	0.0				False	liver	early	enformer
4348	0.0	0.0	0.0				False	liver	early	enformer
4349	0.0	0.0	0.0				False	liver	early	enformer
4350	0.0	0.0	0.0				False	liver	early	enformer
4351	0.0	0.0	0.0				False	liver	early	enformer
4352	0.0	0.0	0.0				False	liver	early	enformer
4353	0.0	0.0	0.0				False	liver	early	enformer
4355	0.0	0.0	0.0				False	liver	early	enformer
4356	0.0	0.0	0.0				False	liver	early	enformer
4357	0.0	0.0	0.0				False	liver	early	enformer
4358	0.0	0.0	0.0				False	liver	early	enformer
4359	0.0	0.0	0.0				False	liver	early	enformer
4360	0.0	0.0	0.0				False	liver	early	enformer
4361	0.0	0.0	0.0				False	liver	early	enformer
4362	0.0	0.0	0.0				False	liver	early	enformer
4363	0.0	0.0	0.0				False	liver	early	enformer
4364	0.0	0.0	0.0				False	liver	early	enformer
4365	0.0	0.0	0.0				False	liver	early	enformer
4366	0.0	0.0	0.0				False	liver	early	enformer
4367	0.0	0.0	0.0				False	liver	early	enformer
4368	0.0	0.0	0.0				False	liver	early	enformer
4369	0.0	0.0	0.0				False	liver	early	enformer
4370	0.0	0.0	0.0				False	liver	early	enformer
4371	0.0	0.0	0.0				False	liver	early	enformer
4372	0.0	0.0	0.0				False	liver	early	enformer
4373	0.0	0.0	0.0				False	liver	early	enformer
4374	0.0	0.0	0.0				False	liver	early	enformer
4375	0.0	0.0	0.0				False	liver	early	enformer
4376	0.0	0.0	0.0				False	liver	early	enformer
4377	0.0	0.0	0.0				False	liver	early	enformer
4378	0.0	0.0	0.0				False	liver	early	enformer
4379	0.0	0.0	0.0				False	liver	early	enformer
4380	0.0	0.0	0.0				False	liver	early	enformer
4381	0.0	0.0	0.0				False	liver	early	enformer
4382	0.0	0.0	0.0				False	liver	early	enformer
4383	0.0	0.0	0.0				False	liver	early	enformer
4384	0.0	0.0	0.0				False	liver	early	enformer
4385	0.0	0.0	0.0				False	liver	early	enformer
4386	0.0	0.0	0.0				False	liver	early	enformer
4387	0.0	0.0	0.0				False	liver	early	enformer
4388	0.0	0.0	0.0				False	liver	early	enformer
4389	0.0	0.0	0.0				False	liver	early	enformer
4390	0.0	0.0	0.0				False	liver	early	enformer
4391	0.0	0.0	0.0				False	liver	early	enformer
4392	0.0	0.0	0.0				False	liver	early	enformer
4393	0.0	0.0	0.0				False	liver	early	enformer
4394	0.0	0.0	0.0				False	liver	early	enformer
4395	0.0	0.0	0.0				False	liver	early	enformer
4396	0.0	0.0	0.0				False	liver	early	enformer
4397	0.0	0.0	0.0				False	liver	early	enformer
4398	0.0	0.0	0.0				False	liver	early	enformer
4399	0.0	0.0	0.0				False	liver	early	enformer
4400	0.0	0.0	0.0				False	liver	early	enformer
4401	0.0	0.0	0.0				False	liver	early	enformer
4402	0.0	0.0	0.0				False	liver	early	enformer
4403	0.0	0.0	0.0				False	liver	early	enformer
4404	0.0	0.0	0.0				False	liver	early	enformer
4405	0.0	0.0	0.0				False	liver	early	enformer
4406	0.0	0.0	0.0				False	liver	early	enformer
4407	0.0	0.0	0.0				False	liver	early	enformer
4408	0.0	0.0	0.0				False	liver	early	enformer
4409	0.0	0.0	0.0				False	liver	early	enformer
4410	0.0	0.0	0.0				False	liver	early	enformer
4411	0.0	0.0	0.0				False	liver	early	enformer
4412	0.0	0.0	0.0				False	liver	early	enformer
4413	0.0	0.0	0.0				False	liver	early	enformer
4414	0.0	0.0	0.0				False	liver	early	enformer
4415	0.0	0.0	0.0				False	liver	early	enformer
4416	0.0	0.0	0.0				False	liver	early	enformer
4417	0.0	0.0	0.0				False	liver	early	enformer
4418	0.0	0.0	0.0				False	liver	early	enformer
4419	0.0	0.0	0.0				False	liver	early	enformer
4420	0.0	0.0	0.0				False	liver	early	enformer
4421	0.0	0.0	0.0				False	liver	early	enformer
4422	0.0	0.0	0.0				False	liver	early	enformer
4423	0.0	0.0	0.0				False	liver	early	enformer
4424	0.0	0.0	0.0				False	liver	early	enformer
4425	0.0	0.0	0.0				False	liver	early	enformer
4426	0.0	0.0	0.0				False	liver	early	enformer
4427	0.0	0.0	0.0				False	liver	early	enformer
4428	0.0	0.0	0.0				False	liver	early	enformer
4429	0.0	0.0	0.0				False	liver	early	enformer
4430	0.0	0.0	0.0				False	liver	early	enformer
4431	0.0	0.0	0.0				False	liver	early	enformer
4432	0.0	0.0	0.0				False	liver	early	enformer
4433	0.0	0.0	0.0				False	liver	early	enformer
4434	0.0	0.0	0.0				False	liver	early	enformer
4435	0.0	0.0	0.0				False	liver	early	enformer
4436	0.0	0.0	0.0				False	liver	early	enformer
4437	0.0	0.0	0.0				False	liver	early	enformer
4438	0.0	0.0	0.0				False	liver	early	enformer
4439	0.0	0.0	0.0				False	liver	early	enformer
4440	0.0	0.0	0.0				False	liver	early	enformer
4441	0.0	0.0	0.0				False	liver	early	enformer
4442	0.0	0.0	0.0				False	liver	early	enformer
4443	0.0	0.0	0.0				False	liver	early	enformer
4444	0.0	0.0	0.0				False	liver	early	enformer
4445	0.0	0.0	0.0				False	liver	early	enformer
4446	0.0	0.0	0.0				False	liver	early	enformer
4447	0.0	0.0	0.0				False	liver	early	enformer
4448	0.0	0.0	0.0				False	liver	early	enformer
4449	0.0	0.0	0.0				False	liver	early	enformer
4450	0.0	0.0	0.0				False	liver	early	enformer
4451	0.0	0.0	0.0				False	liver	early	enformer
4452	0.0	0.0	0.0				False	liver	early	enformer
4453	0.0	0.0	0.0				False	liver	early	enformer
4454	0.0	0.0	0.0				False	liver	early	enformer
4455	0.0	0.0	0.0				False	liver	early	enformer
4456	0.0	0.0	0.0				False	liver	early	enformer
4457	0.0	0.0	0.0				False	liver	early	enformer
4458	0.0	0.0	0.0				False	liver	early	enformer
4459	0.0	0.0	0.0				False	liver	early	enformer
4460	0.0	0.0	0.0				False	liver	early	enformer
4461	0.0	0.0	0.0				False	liver	early	enformer
4462	0.0	0.0	0.0				False	liver	early	enformer
4464	0.0	0.0	0.0				False	liver	early	enformer
4465	0.0	0.0	0.0				False	liver	early	enformer
4466	0.0	0.0	0.0				False	liver	early	enformer
4467	0.0	0.0	0.0				False	liver	early	enformer
4470	0.0	0.0	0.0				False	liver	early	enformer
4471	0.0	0.0	0.0				False	liver	early	enformer
4472	0.0	0.0	0.0				False	liver	early	enformer
4473	0.0	0.0	0.0				False	liver	early	enformer
4474	0.0	0.0	0.0				False	liver	early	enformer
4475	0.0	0.0	0.0				False	liver	early	enformer
4476	0.0	0.0	0.0				False	liver	early	enformer
4477	0.0	0.0	0.0				False	liver	early	enformer
4478	0.0	0.0	0.0				False	liver	early	enformer
4479	0.0	0.0	0.0				False	liver	early	enformer
4480	0.0	0.0	0.0				False	liver	early	enformer
4481	0.0	0.0	0.0				False	liver	early	enformer
4482	0.0	0.0	0.0				False	liver	early	enformer
4483	0.0	0.0	0.0				False	liver	early	enformer
4484	0.0	0.0	0.0				False	liver	early	enformer
4485	0.0	0.0	0.0				False	liver	early	enformer
4486	0.0	0.0	0.0				False	liver	early	enformer
4487	0.0	0.0	0.0				False	liver	early	enformer
4489	0.0	0.0	0.0				False	liver	early	enformer
4490	0.0	0.0	0.0				False	liver	early	enformer
4491	0.0	0.0	0.0				False	liver	early	enformer
4492	0.0	0.0	0.0				False	liver	early	enformer
4493	0.0	0.0	0.0				False	liver	early	enformer
4494	0.0	0.0	0.0				False	liver	early	enformer
4495	0.0	0.0	0.0				False	liver	early	enformer
4496	0.0	0.0	0.0				False	liver	early	enformer
4497	0.0	0.0	0.0				False	liver	early	enformer
4499	0.0	0.0	0.0				False	liver	early	enformer
4500	0.0	0.0	0.0				False	liver	early	enformer
4501	0.0	0.0	0.0				False	liver	early	enformer
4502	0.0	0.0	0.0				False	liver	early	enformer
4503	0.0	0.0	0.0				False	liver	early	enformer
4504	0.0	0.0	0.0				False	liver	early	enformer
4505	0.0	0.0	0.0				False	liver	early	enformer
4506	0.0	0.0	0.0				False	liver	early	enformer
4507	0.0	0.0	0.0				False	liver	early	enformer
4509	0.0	0.0	0.0				False	liver	early	enformer
4510	0.0	0.0	0.0				False	liver	early	enformer
4511	0.0	0.0	0.0				False	liver	early	enformer
4512	0.0	0.0	0.0				False	liver	early	enformer
4513	0.0	0.0	0.0				False	liver	early	enformer
4514	0.0	0.0	0.0				False	liver	early	enformer
4515	0.0	0.0	0.0				False	liver	early	enformer
4516	0.0	0.0	0.0				False	liver	early	enformer
4517	0.0	0.0	0.0				False	liver	early	enformer
4518	0.0	0.0	0.0				False	liver	early	enformer
4519	0.0	0.0	0.0				False	liver	early	enformer
4520	0.0	0.0	0.0				False	liver	early	enformer
4521	0.0	0.0	0.0				False	liver	early	enformer
4522	0.0	0.0	0.0				False	liver	early	enformer
4523	0.0	0.0	0.0				False	liver	early	enformer
4524	0.0	0.0	0.0				False	liver	early	enformer
4526	0.0	0.0	0.0				False	liver	early	enformer
4527	0.0	0.0	0.0				False	liver	early	enformer
4528	0.0	0.0	0.0				False	liver	early	enformer
4529	0.0	0.0	0.0				False	liver	early	enformer
4530	0.0	0.0	0.0				False	liver	early	enformer
4531	0.0	0.0	0.0				False	liver	early	enformer
4532	0.0	0.0	0.0				False	liver	early	enformer
4533	0.0	0.0	0.0				False	liver	early	enformer
4534	0.0	0.0	0.0				False	liver	early	enformer
4535	0.0	0.0	0.0				False	liver	early	enformer
4536	0.0	0.0	0.0				False	liver	early	enformer
4537	0.0	0.0	0.0				False	liver	early	enformer
4538	0.0	0.0	0.0				False	liver	early	enformer
4539	0.0	0.0	0.0				False	liver	early	enformer
4540	0.0	0.0	0.0				False	liver	early	enformer
4541	0.0	0.0	0.0				False	liver	early	enformer
4543	0.0	0.0	0.0				False	liver	early	enformer
4544	0.0	0.0	0.0				False	liver	early	enformer
4545	0.0	0.0	0.0				False	liver	early	enformer
4546	0.0	0.0	0.0				False	liver	early	enformer
4547	0.0	0.0	0.0				False	liver	early	enformer
4548	0.0	0.0	0.0				False	liver	early	enformer
4549	0.0	0.0	0.0				False	liver	early	enformer
4550	0.0	0.0	0.0				False	liver	early	enformer
4551	0.0	0.0	0.0				False	liver	early	enformer
4552	0.0	0.0	0.0				False	liver	early	enformer
4553	0.0	0.0	0.0				False	liver	early	enformer
4554	0.0	0.0	0.0				False	liver	early	enformer
4555	0.0	0.0	0.0				False	liver	early	enformer
4556	0.0	0.0	0.0				False	liver	early	enformer
4557	0.0	0.0	0.0				False	liver	early	enformer
4558	0.0	0.0	0.0				False	liver	early	enformer
4559	0.0	0.0	0.0				False	liver	early	enformer
4560	0.0	0.0	0.0				False	liver	early	enformer
4561	0.0	0.0	0.0				False	liver	early	enformer
4562	0.0	0.0	0.0				False	liver	early	enformer
4563	0.0	0.0	0.0				False	liver	early	enformer
4565	0.0	0.0	0.0				False	liver	early	enformer
4566	0.0	0.0	0.0				False	liver	early	enformer
4567	0.0	0.0	0.0				False	liver	early	enformer
4568	0.0	0.0	0.0				False	liver	early	enformer
4569	0.0	0.0	0.0				False	liver	early	enformer
4570	0.0	0.0	0.0				False	liver	early	enformer
4571	0.0	0.0	0.0				False	liver	early	enformer
4573	0.0	0.0	0.0				False	liver	early	enformer
4574	0.0	0.0	0.0				False	liver	early	enformer
4575	0.0	0.0	0.0				False	liver	early	enformer
4576	0.0	0.0	0.0				False	liver	early	enformer
4577	0.0	0.0	0.0				False	liver	early	enformer
4578	0.0	0.0	0.0				False	liver	early	enformer
4579	0.0	0.0	0.0				False	liver	early	enformer
4580	0.0	0.0	0.0				False	liver	early	enformer
4581	0.0	0.0	0.0				False	liver	early	enformer
4582	0.0	0.0	0.0				False	liver	early	enformer
4583	0.0	0.0	0.0				False	liver	early	enformer
4584	0.0	0.0	0.0				False	liver	early	enformer
4585	0.0	0.0	0.0				False	liver	early	enformer
4586	0.0	0.0	0.0				False	liver	early	enformer
4587	0.0	0.0	0.0				False	liver	early	enformer
4588	0.0	0.0	0.0				False	liver	early	enformer
4589	0.0	0.0	0.0				False	liver	early	enformer
4590	0.0	0.0	0.0				False	liver	early	enformer
4591	0.0	0.0	0.0				False	liver	early	enformer
4592	0.0	0.0	0.0				False	liver	early	enformer
4593	0.0	0.0	0.0				False	liver	early	enformer
4594	0.0	0.0	0.0				False	liver	early	enformer
4595	0.0	0.0	0.0				False	liver	early	enformer
4596	0.0	0.0	0.0				False	liver	early	enformer
4597	0.0	0.0	0.0				False	liver	early	enformer
4598	0.0	0.0	0.0				False	liver	early	enformer
4599	0.0	0.0	0.0				False	liver	early	enformer
4600	0.0	0.0	0.0				False	liver	early	enformer
4601	0.0	0.0	0.0				False	liver	early	enformer
4602	0.0	0.0	0.0				False	liver	early	enformer
4603	0.0	0.0	0.0				False	liver	early	enformer
4604	0.0	0.0	0.0				False	liver	early	enformer
4605	0.0	0.0	0.0				False	liver	early	enformer
4606	0.0	0.0	0.0				False	liver	early	enformer
4607	0.0	0.0	0.0				False	liver	early	enformer
4608	0.0	0.0	0.0				False	liver	early	enformer
4609	0.0	0.0	0.0				False	liver	early	enformer
4611	0.0	0.0	0.0				False	liver	early	enformer
4612	0.0	0.0	0.0				False	liver	early	enformer
4613	0.0	0.0	0.0				False	liver	early	enformer
4614	0.0	0.0	0.0				False	liver	early	enformer
4615	0.0	0.0	0.0				False	liver	early	enformer
4617	0.0	0.0	0.0				False	liver	early	enformer
4618	0.0	0.0	0.0				False	liver	early	enformer
4619	0.0	0.0	0.0				False	liver	early	enformer
4620	0.0	0.0	0.0				False	liver	early	enformer
4621	0.0	0.0	0.0				False	liver	early	enformer
4622	0.0	0.0	0.0				False	liver	early	enformer
4623	0.0	0.0	0.0				False	liver	early	enformer
4624	0.0	0.0	0.0				False	liver	early	enformer
4625	0.0	0.0	0.0				False	liver	early	enformer
4626	0.0	0.0	0.0				False	liver	early	enformer
4627	0.0	0.0	0.0				False	liver	early	enformer
4628	0.0	0.0	0.0				False	liver	early	enformer
4629	0.0	0.0	0.0				False	liver	early	enformer
4630	0.0	0.0	0.0				False	liver	early	enformer
4632	0.0	0.0	0.0				False	liver	early	enformer
4633	0.0	0.0	0.0				False	liver	early	enformer
4634	0.0	0.0	0.0				False	liver	early	enformer
4635	0.0	0.0	0.0				False	liver	early	enformer
4636	0.0	0.0	0.0				False	liver	early	enformer
4637	0.0	0.0	0.0				False	liver	early	enformer
4638	0.0	0.0	0.0				False	liver	early	enformer
4639	0.0	0.0	0.0				False	liver	early	enformer
4640	0.0	0.0	0.0				False	liver	early	enformer
4641	0.0	0.0	0.0				False	liver	early	enformer
4642	0.0	0.0	0.0				False	liver	early	enformer
4643	0.0	0.0	0.0				False	liver	early	enformer
4644	0.0	0.0	0.0				False	liver	early	enformer
4645	0.0	0.0	0.0				False	liver	early	enformer
4646	0.0	0.0	0.0				False	liver	early	enformer
4647	0.0	0.0	0.0				False	liver	early	enformer
4648	0.0	0.0	0.0				False	liver	early	enformer
4650	0.0	0.0	0.0				False	liver	early	enformer
4652	0.0	0.0	0.0				False	liver	early	enformer
4653	0.0	0.0	0.0				False	liver	early	enformer
4654	0.0	0.0	0.0				False	liver	early	enformer
4655	0.0	0.0	0.0				False	liver	early	enformer
4656	0.0	0.0	0.0				False	liver	early	enformer
4657	0.0	0.0	0.0				False	liver	early	enformer
4658	0.0	0.0	0.0				False	liver	early	enformer
4659	0.0	0.0	0.0				False	liver	early	enformer
4660	0.0	0.0	0.0				False	liver	early	enformer
4661	0.0	0.0	0.0				False	liver	early	enformer
4662	0.0	0.0	0.0				False	liver	early	enformer
4663	0.0	0.0	0.0				False	liver	early	enformer
4664	0.0	0.0	0.0				False	liver	early	enformer
4665	0.0	0.0	0.0				False	liver	early	enformer
4666	0.0	0.0	0.0				False	liver	early	enformer
4667	0.0	0.0	0.0				False	liver	early	enformer
4668	0.0	0.0	0.0				False	liver	early	enformer
4669	0.0	0.0	0.0				False	liver	early	enformer
4670	0.0	0.0	0.0				False	liver	early	enformer
4671	0.0	0.0	0.0				False	liver	early	enformer
4672	0.0	0.0	0.0				False	liver	early	enformer
4673	0.0	0.0	0.0				False	liver	early	enformer
4674	0.0	0.0	0.0				False	liver	early	enformer
4675	0.0	0.0	0.0				False	liver	early	enformer
4676	0.0	0.0	0.0				False	liver	early	enformer
4677	0.0	0.0	0.0				False	liver	early	enformer
4678	0.0	0.0	0.0				False	liver	early	enformer
4679	0.0	0.0	0.0				False	liver	early	enformer
4680	0.0	0.0	0.0				False	liver	early	enformer
4681	0.0	0.0	0.0				False	liver	early	enformer
4682	0.0	0.0	0.0				False	liver	early	enformer
4683	0.0	0.0	0.0				False	liver	early	enformer
4684	0.0	0.0	0.0				False	liver	early	enformer
4685	0.0	0.0	0.0				False	liver	early	enformer
4686	0.0	0.0	0.0				False	liver	early	enformer
4687	0.0	0.0	0.0				False	liver	early	enformer
4688	0.0	0.0	0.0				False	liver	early	enformer
4689	0.0	0.0	0.0				False	liver	early	enformer
4690	0.0	0.0	0.0				False	liver	early	enformer
4691	0.0	0.0	0.0				False	liver	early	enformer
4692	0.0	0.0	0.0				False	liver	early	enformer
4693	0.0	0.0	0.0				False	liver	early	enformer
4694	0.0	0.0	0.0				False	liver	early	enformer
4695	0.0	0.0	0.0				False	liver	early	enformer
4696	0.0	0.0	0.0				False	liver	early	enformer
4697	0.0	0.0	0.0				False	liver	early	enformer
4698	0.0	0.0	0.0				False	liver	early	enformer
4700	0.0	0.0	0.0				False	liver	early	enformer
4701	0.0	0.0	0.0				False	liver	early	enformer
4702	0.0	0.0	0.0				False	liver	early	enformer
4703	0.0	0.0	0.0				False	liver	early	enformer
4704	0.0	0.0	0.0				False	liver	early	enformer
4705	0.0	0.0	0.0				False	liver	early	enformer
4706	0.0	0.0	0.0				False	liver	early	enformer
4707	0.0	0.0	0.0				False	liver	early	enformer
4708	0.0	0.0	0.0				False	liver	early	enformer
4709	0.0	0.0	0.0				False	liver	early	enformer
4710	0.0	0.0	0.0				False	liver	early	enformer
4711	0.0	0.0	0.0				False	liver	early	enformer
4712	0.0	0.0	0.0				False	liver	early	enformer
4713	0.0	0.0	0.0				False	liver	early	enformer
4714	0.0	0.0	0.0				False	liver	early	enformer
4715	0.0	0.0	0.0				False	liver	early	enformer
4716	0.0	0.0	0.0				False	liver	early	enformer
4717	0.0	0.0	0.0				False	liver	early	enformer
4718	0.0	0.0	0.0				False	liver	early	enformer
4719	0.0	0.0	0.0				False	liver	early	enformer
4720	0.0	0.0	0.0				False	liver	early	enformer
4721	0.0	0.0	0.0				False	liver	early	enformer
4722	0.0	0.0	0.0				False	liver	early	enformer
4723	0.0	0.0	0.0				False	liver	early	enformer
4724	0.0	0.0	0.0				False	liver	early	enformer
4725	0.0	0.0	0.0				False	liver	early	enformer
4726	0.0	0.0	0.0				False	liver	early	enformer
4727	0.0	0.0	0.0				False	liver	early	enformer
4728	0.0	0.0	0.0				False	liver	early	enformer
4729	0.0	0.0	0.0				False	liver	early	enformer
4730	0.0	0.0	0.0				False	liver	early	enformer
4732	0.0	0.0	0.0				False	liver	early	enformer
4733	0.0	0.0	0.0				False	liver	early	enformer
4734	0.0	0.0	0.0				False	liver	early	enformer
4735	0.0	0.0	0.0				False	liver	early	enformer
4736	0.0	0.0	0.0				False	liver	early	enformer
4737	0.0	0.0	0.0				False	liver	early	enformer
4738	0.0	0.0	0.0				False	liver	early	enformer
4741	0.0	0.0	0.0				False	liver	early	enformer
4742	0.0	0.0	0.0				False	liver	early	enformer
4743	0.0	0.0	0.0				False	liver	early	enformer
4744	0.0	0.0	0.0				False	liver	early	enformer
4745	0.0	0.0	0.0				False	liver	early	enformer
4746	0.0	0.0	0.0				False	liver	early	enformer
4747	0.0	0.0	0.0				False	liver	early	enformer
4748	0.0	0.0	0.0				False	liver	early	enformer
4749	0.0	0.0	0.0				False	liver	early	enformer
4750	0.0	0.0	0.0				False	liver	early	enformer
4751	0.0	0.0	0.0				False	liver	early	enformer
4752	0.0	0.0	0.0				False	liver	early	enformer
4753	0.0	0.0	0.0				False	liver	early	enformer
4754	0.0	0.0	0.0				False	liver	early	enformer
4755	0.0	0.0	0.0				False	liver	early	enformer
4756	0.0	0.0	0.0				False	liver	early	enformer
4757	0.0	0.0	0.0				False	liver	early	enformer
4758	0.0	0.0	0.0				False	liver	early	enformer
4759	0.0	0.0	0.0				False	liver	early	enformer
4760	0.0	0.0	0.0				False	liver	early	enformer
4761	0.0	0.0	0.0				False	liver	early	enformer
4762	0.0	0.0	0.0				False	liver	early	enformer
4763	0.0	0.0	0.0				False	liver	early	enformer
4764	0.0	0.0	0.0				False	liver	early	enformer
4765	0.0	0.0	0.0				False	liver	early	enformer
4766	0.0	0.0	0.0				False	liver	early	enformer
4767	0.0	0.0	0.0				False	liver	early	enformer
4769	0.0	0.0	0.0				False	liver	early	enformer
4770	0.0	0.0	0.0				False	liver	early	enformer
4771	0.0	0.0	0.0				False	liver	early	enformer
4772	0.0	0.0	0.0				False	liver	early	enformer
4773	0.0	0.0	0.0				False	liver	early	enformer
4774	0.0	0.0	0.0				False	liver	early	enformer
4775	0.0	0.0	0.0				False	liver	early	enformer
4776	0.0	0.0	0.0				False	liver	early	enformer
4777	0.0	0.0	0.0				False	liver	early	enformer
4778	0.0	0.0	0.0				False	liver	early	enformer
4779	0.0	0.0	0.0				False	liver	early	enformer
4780	0.0	0.0	0.0				False	liver	early	enformer
4781	0.0	0.0	0.0				False	liver	early	enformer
4782	0.0	0.0	0.0				False	liver	early	enformer
4783	0.0	0.0	0.0				False	liver	early	enformer
4784	0.0	0.0	0.0				False	liver	early	enformer
4785	0.0	0.0	0.0				False	liver	early	enformer
4786	0.0	0.0	0.0				False	liver	early	enformer
4787	0.0	0.0	0.0				False	liver	early	enformer
4788	0.0	0.0	0.0				False	liver	early	enformer
4789	0.0	0.0	0.0				False	liver	early	enformer
4790	0.0	0.0	0.0				False	liver	early	enformer
4791	0.0	0.0	0.0				False	liver	early	enformer
4792	0.0	0.0	0.0				False	liver	early	enformer
4793	0.0	0.0	0.0				False	liver	early	enformer
4794	0.0	0.0	0.0				False	liver	early	enformer
4795	0.0	0.0	0.0				False	liver	early	enformer
4796	0.0	0.0	0.0				False	liver	early	enformer
4797	0.0	0.0	0.0				False	liver	early	enformer
4798	0.0	0.0	0.0				False	liver	early	enformer
4799	0.0	0.0	0.0				False	liver	early	enformer
4800	0.0	0.0	0.0				False	liver	early	enformer
4801	0.0	0.0	0.0				False	liver	early	enformer
4802	0.0	0.0	0.0				False	liver	early	enformer
4804	0.0	0.0	0.0				False	liver	early	enformer
4805	0.0	0.0	0.0				False	liver	early	enformer
4806	0.0	0.0	0.0				False	liver	early	enformer
4807	0.0	0.0	0.0				False	liver	early	enformer
4808	0.0	0.0	0.0				False	liver	early	enformer
4810	0.0	0.0	0.0				False	liver	early	enformer
4811	0.0	0.0	0.0				False	liver	early	enformer
4812	0.0	0.0	0.0				False	liver	early	enformer
4813	0.0	0.0	0.0				False	liver	early	enformer
4814	0.0	0.0	0.0				False	liver	early	enformer
4815	0.0	0.0	0.0				False	liver	early	enformer
4816	0.0	0.0	0.0				False	liver	early	enformer
4818	0.0	0.0	0.0				False	liver	early	enformer
4819	0.0	0.0	0.0				False	liver	early	enformer
4820	0.0	0.0	0.0				False	liver	early	enformer
4821	0.0	0.0	0.0				False	liver	early	enformer
4822	0.0	0.0	0.0				False	liver	early	enformer
4823	0.0	0.0	0.0				False	liver	early	enformer
4824	0.0	0.0	0.0				False	liver	early	enformer
4825	0.0	0.0	0.0				False	liver	early	enformer
4827	0.0	0.0	0.0				False	liver	early	enformer
4828	0.0	0.0	0.0				False	liver	early	enformer
4829	0.0	0.0	0.0				False	liver	early	enformer
4830	0.0	0.0	0.0				False	liver	early	enformer
4831	0.0	0.0	0.0				False	liver	early	enformer
4832	0.0	0.0	0.0				False	liver	early	enformer
4833	0.0	0.0	0.0				False	liver	early	enformer
4834	0.0	0.0	0.0				False	liver	early	enformer
4835	0.0	0.0	0.0				False	liver	early	enformer
4836	0.0	0.0	0.0				False	liver	early	enformer
4837	0.0	0.0	0.0				False	liver	early	enformer
4838	0.0	0.0	0.0				False	liver	early	enformer
4839	0.0	0.0	0.0				False	liver	early	enformer
4840	0.0	0.0	0.0				False	liver	early	enformer
4841	0.0	0.0	0.0				False	liver	early	enformer
4842	0.0	0.0	0.0				False	liver	early	enformer
4843	0.0	0.0	0.0				False	liver	early	enformer
4844	0.0	0.0	0.0				False	liver	early	enformer
4845	0.0	0.0	0.0				False	liver	early	enformer
4846	0.0	0.0	0.0				False	liver	early	enformer
4847	0.0	0.0	0.0				False	liver	early	enformer
4848	0.0	0.0	0.0				False	liver	early	enformer
4849	0.0	0.0	0.0				False	liver	early	enformer
4850	0.0	0.0	0.0				False	liver	early	enformer
4851	0.0	0.0	0.0				False	liver	early	enformer
4852	0.0	0.0	0.0				False	liver	early	enformer
4853	0.0	0.0	0.0				False	liver	early	enformer
4854	0.0	0.0	0.0				False	liver	early	enformer
4855	0.0	0.0	0.0				False	liver	early	enformer
4856	0.0	0.0	0.0				False	liver	early	enformer
4857	0.0	0.0	0.0				False	liver	early	enformer
4858	0.0	0.0	0.0				False	liver	early	enformer
4859	0.0	0.0	0.0				False	liver	early	enformer
4860	0.0	0.0	0.0				False	liver	early	enformer
4861	0.0	0.0	0.0				False	liver	early	enformer
4862	0.0	0.0	0.0				False	liver	early	enformer
4863	0.0	0.0	0.0				False	liver	early	enformer
4864	0.0	0.0	0.0				False	liver	early	enformer
4865	0.0	0.0	0.0				False	liver	early	enformer
4866	0.0	0.0	0.0				False	liver	early	enformer
4867	0.0	0.0	0.0				False	liver	early	enformer
4868	0.0	0.0	0.0				False	liver	early	enformer
4870	0.0	0.0	0.0				False	liver	early	enformer
4871	0.0	0.0	0.0				False	liver	early	enformer
4872	0.0	0.0	0.0				False	liver	early	enformer
4873	0.0	0.0	0.0				False	liver	early	enformer
4874	0.0	0.0	0.0				False	liver	early	enformer
4875	0.0	0.0	0.0				False	liver	early	enformer
4876	0.0	0.0	0.0				False	liver	early	enformer
4877	0.0	0.0	0.0				False	liver	early	enformer
4878	0.0	0.0	0.0				False	liver	early	enformer
4879	0.0	0.0	0.0				False	liver	early	enformer
4880	0.0	0.0	0.0				False	liver	early	enformer
4881	0.0	0.0	0.0				False	liver	early	enformer
4882	0.0	0.0	0.0				False	liver	early	enformer
4883	0.0	0.0	0.0				False	liver	early	enformer
4884	0.0	0.0	0.0				False	liver	early	enformer
4885	0.0	0.0	0.0				False	liver	early	enformer
4886	0.0	0.0	0.0				False	liver	early	enformer
4888	0.0	0.0	0.0				False	liver	early	enformer
4889	0.0	0.0	0.0				False	liver	early	enformer
4890	0.0	0.0	0.0				False	liver	early	enformer
4891	0.0	0.0	0.0				False	liver	early	enformer
4892	0.0	0.0	0.0				False	liver	early	enformer
4893	0.0	0.0	0.0				False	liver	early	enformer
4894	0.0	0.0	0.0				False	liver	early	enformer
4895	0.0	0.0	0.0				False	liver	early	enformer
4896	0.0	0.0	0.0				False	liver	early	enformer
4897	0.0	0.0	0.0				False	liver	early	enformer
4898	0.0	0.0	0.0				False	liver	early	enformer
4899	0.0	0.0	0.0				False	liver	early	enformer
4900	0.0	0.0	0.0				False	liver	early	enformer
4902	0.0	0.0	0.0				False	liver	early	enformer
4903	0.0	0.0	0.0				False	liver	early	enformer
4905	0.0	0.0	0.0				False	liver	early	enformer
4906	0.0	0.0	0.0				False	liver	early	enformer
4907	0.0	0.0	0.0				False	liver	early	enformer
4908	0.0	0.0	0.0				False	liver	early	enformer
4909	0.0	0.0	0.0				False	liver	early	enformer
4911	0.0	0.0	0.0				False	liver	early	enformer
4912	0.0	0.0	0.0				False	liver	early	enformer
4913	0.0	0.0	0.0				False	liver	early	enformer
4914	0.0	0.0	0.0				False	liver	early	enformer
4915	0.0	0.0	0.0				False	liver	early	enformer
4916	0.0	0.0	0.0				False	liver	early	enformer
4917	0.0	0.0	0.0				False	liver	early	enformer
4918	0.0	0.0	0.0				False	liver	early	enformer
4919	0.0	0.0	0.0				False	liver	early	enformer
4920	0.0	0.0	0.0				False	liver	early	enformer
4921	0.0	0.0	0.0				False	liver	early	enformer
4922	0.0	0.0	0.0				False	liver	early	enformer
4924	0.0	0.0	0.0				False	liver	early	enformer
4925	0.0	0.0	0.0				False	liver	early	enformer
4926	0.0	0.0	0.0				False	liver	early	enformer
4927	0.0	0.0	0.0				False	liver	early	enformer
4928	0.0	0.0	0.0				False	liver	early	enformer
4929	0.0	0.0	0.0				False	liver	early	enformer
4930	0.0	0.0	0.0				False	liver	early	enformer
4931	0.0	0.0	0.0				False	liver	early	enformer
4932	0.0	0.0	0.0				False	liver	early	enformer
4933	0.0	0.0	0.0				False	liver	early	enformer
4934	0.0	0.0	0.0				False	liver	early	enformer
4935	0.0	0.0	0.0				False	liver	early	enformer
4936	0.0	0.0	0.0				False	liver	early	enformer
4938	0.0	0.0	0.0				False	liver	early	enformer
4939	0.0	0.0	0.0				False	liver	early	enformer
4940	0.0	0.0	0.0				False	liver	early	enformer
4941	0.0	0.0	0.0				False	liver	early	enformer
4942	0.0	0.0	0.0				False	liver	early	enformer
4943	0.0	0.0	0.0				False	liver	early	enformer
4944	0.0	0.0	0.0				False	liver	early	enformer
4945	0.0	0.0	0.0				False	liver	early	enformer
4946	0.0	0.0	0.0				False	liver	early	enformer
4947	0.0	0.0	0.0				False	liver	early	enformer
4948	0.0	0.0	0.0				False	liver	early	enformer
4949	0.0	0.0	0.0				False	liver	early	enformer
4950	0.0	0.0	0.0				False	liver	early	enformer
4951	0.0	0.0	0.0				False	liver	early	enformer
4952	0.0	0.0	0.0				False	liver	early	enformer
4953	0.0	0.0	0.0				False	liver	early	enformer
4954	0.0	0.0	0.0				False	liver	early	enformer
4955	0.0	0.0	0.0				False	liver	early	enformer
4957	0.0	0.0	0.0				False	liver	early	enformer
4958	0.0	0.0	0.0				False	liver	early	enformer
4959	0.0	0.0	0.0				False	liver	early	enformer
4960	0.0	0.0	0.0				False	liver	early	enformer
4961	0.0	0.0	0.0				False	liver	early	enformer
4962	0.0	0.0	0.0				False	liver	early	enformer
4963	0.0	0.0	0.0				False	liver	early	enformer
4964	0.0	0.0	0.0				False	liver	early	enformer
4965	0.0	0.0	0.0				False	liver	early	enformer
4966	0.0	0.0	0.0				False	liver	early	enformer
4967	0.0	0.0	0.0				False	liver	early	enformer
4968	0.0	0.0	0.0				False	liver	early	enformer
4969	0.0	0.0	0.0				False	liver	early	enformer
4970	0.0	0.0	0.0				False	liver	early	enformer
4971	0.0	0.0	0.0				False	liver	early	enformer
4972	0.0	0.0	0.0				False	liver	early	enformer
4973	0.0	0.0	0.0				False	liver	early	enformer
4974	0.0	0.0	0.0				False	liver	early	enformer
4975	0.0	0.0	0.0				False	liver	early	enformer
4976	0.0	0.0	0.0				False	liver	early	enformer
4977	0.0	0.0	0.0				False	liver	early	enformer
4978	0.0	0.0	0.0				False	liver	early	enformer
4980	0.0	0.0	0.0				False	liver	early	enformer
4981	0.0	0.0	0.0				False	liver	early	enformer
4982	0.0	0.0	0.0				False	liver	early	enformer
4983	0.0	0.0	0.0				False	liver	early	enformer
4984	0.0	0.0	0.0				False	liver	early	enformer
4985	0.0	0.0	0.0				False	liver	early	enformer
4987	0.0	0.0	0.0				False	liver	early	enformer
4988	0.0	0.0	0.0				False	liver	early	enformer
4990	0.0	0.0	0.0				False	liver	early	enformer
4991	0.0	0.0	0.0				False	liver	early	enformer
4992	0.0	0.0	0.0				False	liver	early	enformer
4993	0.0	0.0	0.0				False	liver	early	enformer
4994	0.0	0.0	0.0				False	liver	early	enformer
4995	0.0	0.0	0.0				False	liver	early	enformer
4996	0.0	0.0	0.0				False	liver	early	enformer
4997	0.0	0.0	0.0				False	liver	early	enformer
4999	0.0	0.0	0.0				False	liver	early	enformer
5000	0.0	0.0	0.0				False	liver	early	enformer
5001	0.0	0.0	0.0				False	liver	early	enformer
5002	0.0	0.0	0.0				False	liver	early	enformer
5003	0.0	0.0	0.0				False	liver	early	enformer
5004	0.0	0.0	0.0				False	liver	early	enformer
5005	0.0	0.0	0.0				False	liver	early	enformer
5006	0.0	0.0	0.0				False	liver	early	enformer
5007	0.0	0.0	0.0				False	liver	early	enformer
5008	0.0	0.0	0.0				False	liver	early	enformer
5009	0.0	0.0	0.0				False	liver	early	enformer
5010	0.0	0.0	0.0				False	liver	early	enformer
5011	0.0	0.0	0.0				False	liver	early	enformer
5012	0.0	0.0	0.0				False	liver	early	enformer
5013	0.0	0.0	0.0				False	liver	early	enformer
5014	0.0	0.0	0.0				False	liver	early	enformer
5015	0.0	0.0	0.0				False	liver	early	enformer
5016	0.0	0.0	0.0				False	liver	early	enformer
5017	0.0	0.0	0.0				False	liver	early	enformer
5018	0.0	0.0	0.0				False	liver	early	enformer
5019	0.0	0.0	0.0				False	liver	early	enformer
5020	0.0	0.0	0.0				False	liver	early	enformer
5021	0.0	0.0	0.0				False	liver	early	enformer
5022	0.0	0.0	0.0				False	liver	early	enformer
5023	0.0	0.0	0.0				False	liver	early	enformer
5024	0.0	0.0	0.0				False	liver	early	enformer
5025	0.0	0.0	0.0				False	liver	early	enformer
5026	0.0	0.0	0.0				False	liver	early	enformer
5027	0.0	0.0	0.0				False	liver	early	enformer
5028	0.0	0.0	0.0				False	liver	early	enformer
5029	0.0	0.0	0.0				False	liver	early	enformer
5030	0.0	0.0	0.0				False	liver	early	enformer
5031	0.0	0.0	0.0				False	liver	early	enformer
5032	0.0	0.0	0.0				False	liver	early	enformer
5033	0.0	0.0	0.0				False	liver	early	enformer
5034	0.0	0.0	0.0				False	liver	early	enformer
5035	0.0	0.0	0.0				False	liver	early	enformer
5036	0.0	0.0	0.0				False	liver	early	enformer
5037	0.0	0.0	0.0				False	liver	early	enformer
5038	0.0	0.0	0.0				False	liver	early	enformer
5039	0.0	0.0	0.0				False	liver	early	enformer
5040	0.0	0.0	0.0				False	liver	early	enformer
5041	0.0	0.0	0.0				False	liver	early	enformer
5043	0.0	0.0	0.0				False	liver	early	enformer
5044	0.0	0.0	0.0				False	liver	early	enformer
5045	0.0	0.0	0.0				False	liver	early	enformer
5046	0.0	0.0	0.0				False	liver	early	enformer
5047	0.0	0.0	0.0				False	liver	early	enformer
5048	0.0	0.0	0.0				False	liver	early	enformer
5049	0.0	0.0	0.0				False	liver	early	enformer
5050	0.0	0.0	0.0				False	liver	early	enformer
5051	0.0	0.0	0.0				False	liver	early	enformer
5052	0.0	0.0	0.0				False	liver	early	enformer
5053	0.0	0.0	0.0				False	liver	early	enformer
5054	0.0	0.0	0.0				False	liver	early	enformer
5056	0.0	0.0	0.0				False	liver	early	enformer
5057	0.0	0.0	0.0				False	liver	early	enformer
5058	0.0	0.0	0.0				False	liver	early	enformer
5059	0.0	0.0	0.0				False	liver	early	enformer
5060	0.0	0.0	0.0				False	liver	early	enformer
5061	0.0	0.0	0.0				False	liver	early	enformer
5062	0.0	0.0	0.0				False	liver	early	enformer
5063	0.0	0.0	0.0				False	liver	early	enformer
5064	0.0	0.0	0.0				False	liver	early	enformer
5065	0.0	0.0	0.0				False	liver	early	enformer
5066	0.0	0.0	0.0				False	liver	early	enformer
5067	0.0	0.0	0.0				False	liver	early	enformer
5068	0.0	0.0	0.0				False	liver	early	enformer
5069	0.0	0.0	0.0				False	liver	early	enformer
5070	0.0	0.0	0.0				False	liver	early	enformer
5071	0.0	0.0	0.0				False	liver	early	enformer
5072	0.0	0.0	0.0				False	liver	early	enformer
5073	0.0	0.0	0.0				False	liver	early	enformer
5074	0.0	0.0	0.0				False	liver	early	enformer
5075	0.0	0.0	0.0				False	liver	early	enformer
5076	0.0	0.0	0.0				False	liver	early	enformer
5077	0.0	0.0	0.0				False	liver	early	enformer
5078	0.0	0.0	0.0				False	liver	early	enformer
5079	0.0	0.0	0.0				False	liver	early	enformer
5080	0.0	0.0	0.0				False	liver	early	enformer
5081	0.0	0.0	0.0				False	liver	early	enformer
5082	0.0	0.0	0.0				False	liver	early	enformer
5083	0.0	0.0	0.0				False	liver	early	enformer
5084	0.0	0.0	0.0				False	liver	early	enformer
5085	0.0	0.0	0.0				False	liver	early	enformer
5086	0.0	0.0	0.0				False	liver	early	enformer
5087	0.0	0.0	0.0				False	liver	early	enformer
5088	0.0	0.0	0.0				False	liver	early	enformer
5089	0.0	0.0	0.0				False	liver	early	enformer
5090	0.0	0.0	0.0				False	liver	early	enformer
5091	0.0	0.0	0.0				False	liver	early	enformer
5092	0.0	0.0	0.0				False	liver	early	enformer
5093	0.0	0.0	0.0				False	liver	early	enformer
5094	0.0	0.0	0.0				False	liver	early	enformer
5095	0.0	0.0	0.0				False	liver	early	enformer
5097	0.0	0.0	0.0				False	liver	early	enformer
5098	0.0	0.0	0.0				False	liver	early	enformer
5099	0.0	0.0	0.0				False	liver	early	enformer
5100	0.0	0.0	0.0				False	liver	early	enformer
5101	0.0	0.0	0.0				False	liver	early	enformer
5102	0.0	0.0	0.0				False	liver	early	enformer
5103	0.0	0.0	0.0				False	liver	early	enformer
5104	0.0	0.0	0.0				False	liver	early	enformer
5105	0.0	0.0	0.0				False	liver	early	enformer
5106	0.0	0.0	0.0				False	liver	early	enformer
5107	0.0	0.0	0.0				False	liver	early	enformer
5108	0.0	0.0	0.0				False	liver	early	enformer
5109	0.0	0.0	0.0				False	liver	early	enformer
5110	0.0	0.0	0.0				False	liver	early	enformer
5111	0.0	0.0	0.0				False	liver	early	enformer
5112	0.0	0.0	0.0				False	liver	early	enformer
5113	0.0	0.0	0.0				False	liver	early	enformer
5114	0.0	0.0	0.0				False	liver	early	enformer
5115	0.0	0.0	0.0				False	liver	early	enformer
5116	0.0	0.0	0.0				False	liver	early	enformer
5117	0.0	0.0	0.0				False	liver	early	enformer
5118	0.0	0.0	0.0				False	liver	early	enformer
5119	0.0	0.0	0.0				False	liver	early	enformer
5120	0.0	0.0	0.0				False	liver	early	enformer
5121	0.0	0.0	0.0				False	liver	early	enformer
5122	0.0	0.0	0.0				False	liver	early	enformer
5123	0.0	0.0	0.0				False	liver	early	enformer
5124	0.0	0.0	0.0				False	liver	early	enformer
5125	0.0	0.0	0.0				False	liver	early	enformer
5126	0.0	0.0	0.0				False	liver	early	enformer
5127	0.0	0.0	0.0				False	liver	early	enformer
5128	0.0	0.0	0.0				False	liver	early	enformer
5129	0.0	0.0	0.0				False	liver	early	enformer
5130	0.0	0.0	0.0				False	liver	early	enformer
5131	0.0	0.0	0.0				False	liver	early	enformer
5132	0.0	0.0	0.0				False	liver	early	enformer
5133	0.0	0.0	0.0				False	liver	early	enformer
5134	0.0	0.0	0.0				False	liver	early	enformer
5135	0.0	0.0	0.0				False	liver	early	enformer
5136	0.0	0.0	0.0				False	liver	early	enformer
5137	0.0	0.0	0.0				False	liver	early	enformer
5138	0.0	0.0	0.0				False	liver	early	enformer
5139	0.0	0.0	0.0				False	liver	early	enformer
5140	0.0	0.0	0.0				False	liver	early	enformer
5141	0.0	0.0	0.0				False	liver	early	enformer
5143	0.0	0.0	0.0				False	liver	early	enformer
5144	0.0	0.0	0.0				False	liver	early	enformer
5145	0.0	0.0	0.0				False	liver	early	enformer
5146	0.0	0.0	0.0				False	liver	early	enformer
5147	0.0	0.0	0.0				False	liver	early	enformer
5148	0.0	0.0	0.0				False	liver	early	enformer
5149	0.0	0.0	0.0				False	liver	early	enformer
5150	0.0	0.0	0.0				False	liver	early	enformer
5151	0.0	0.0	0.0				False	liver	early	enformer
5152	0.0	0.0	0.0				False	liver	early	enformer
5153	0.0	0.0	0.0				False	liver	early	enformer
5154	0.0	0.0	0.0				False	liver	early	enformer
5155	0.0	0.0	0.0				False	liver	early	enformer
5156	0.0	0.0	0.0				False	liver	early	enformer
5157	0.0	0.0	0.0				False	liver	early	enformer
5158	0.0	0.0	0.0				False	liver	early	enformer
5159	0.0	0.0	0.0				False	liver	early	enformer
5160	0.0	0.0	0.0				False	liver	early	enformer
5161	0.0	0.0	0.0				False	liver	early	enformer
5162	0.0	0.0	0.0				False	liver	early	enformer
5163	0.0	0.0	0.0				False	liver	early	enformer
5165	0.0	0.0	0.0				False	liver	early	enformer
5166	0.0	0.0	0.0				False	liver	early	enformer
5167	0.0	0.0	0.0				False	liver	early	enformer
5168	0.0	0.0	0.0				False	liver	early	enformer
5170	0.0	0.0	0.0				False	liver	early	enformer
5171	0.0	0.0	0.0				False	liver	early	enformer
5172	0.0	0.0	0.0				False	liver	early	enformer
5173	0.0	0.0	0.0				False	liver	early	enformer
5174	0.0	0.0	0.0				False	liver	early	enformer
5175	0.0	0.0	0.0				False	liver	early	enformer
5176	0.0	0.0	0.0				False	liver	early	enformer
5177	0.0	0.0	0.0				False	liver	early	enformer
5178	0.0	0.0	0.0				False	liver	early	enformer
5179	0.0	0.0	0.0				False	liver	early	enformer
5180	0.0	0.0	0.0				False	liver	early	enformer
5181	0.0	0.0	0.0				False	liver	early	enformer
5182	0.0	0.0	0.0				False	liver	early	enformer
5183	0.0	0.0	0.0				False	liver	early	enformer
5184	0.0	0.0	0.0				False	liver	early	enformer
5185	0.0	0.0	0.0				False	liver	early	enformer
5186	0.0	0.0	0.0				False	liver	early	enformer
5187	0.0	0.0	0.0				False	liver	early	enformer
5188	0.0	0.0	0.0				False	liver	early	enformer
5189	0.0	0.0	0.0				False	liver	early	enformer
5190	0.0	0.0	0.0				False	liver	early	enformer
5191	0.0	0.0	0.0				False	liver	early	enformer
5192	0.0	0.0	0.0				False	liver	early	enformer
5193	0.0	0.0	0.0				False	liver	early	enformer
5194	0.0	0.0	0.0				False	liver	early	enformer
5195	0.0	0.0	0.0				False	liver	early	enformer
5196	0.0	0.0	0.0				False	liver	early	enformer
5197	0.0	0.0	0.0				False	liver	early	enformer
5198	0.0	0.0	0.0				False	liver	early	enformer
5199	0.0	0.0	0.0				False	liver	early	enformer
5200	0.0	0.0	0.0				False	liver	early	enformer
5201	0.0	0.0	0.0				False	liver	early	enformer
5202	0.0	0.0	0.0				False	liver	early	enformer
5203	0.0	0.0	0.0				False	liver	early	enformer
5204	0.0	0.0	0.0				False	liver	early	enformer
5205	0.0	0.0	0.0				False	liver	early	enformer
5206	0.0	0.0	0.0				False	liver	early	enformer
5209	0.0	0.0	0.0				False	liver	early	enformer
5212	0.0	0.0	0.0				False	liver	early	enformer
5213	0.0	0.0	0.0				False	liver	early	enformer
5214	0.0	0.0	0.0				False	liver	early	enformer
5215	0.0	0.0	0.0				False	liver	early	enformer
5216	0.0	0.0	0.0				False	liver	early	enformer
5217	0.0	0.0	0.0				False	liver	early	enformer
5218	0.0	0.0	0.0				False	liver	early	enformer
5219	0.0	0.0	0.0				False	liver	early	enformer
5220	0.0	0.0	0.0				False	liver	early	enformer
5222	0.0	0.0	0.0				False	liver	early	enformer
5223	0.0	0.0	0.0				False	liver	early	enformer
5225	0.0	0.0	0.0				False	liver	early	enformer
5226	0.0	0.0	0.0				False	liver	early	enformer
5227	0.0	0.0	0.0				False	liver	early	enformer
5228	0.0	0.0	0.0				False	liver	early	enformer
5229	0.0	0.0	0.0				False	liver	early	enformer
5230	0.0	0.0	0.0				False	liver	early	enformer
5231	0.0	0.0	0.0				False	liver	early	enformer
5232	0.0	0.0	0.0				False	liver	early	enformer
5233	0.0	0.0	0.0				False	liver	early	enformer
5234	0.0	0.0	0.0				False	liver	early	enformer
5235	0.0	0.0	0.0				False	liver	early	enformer
5236	0.0	0.0	0.0				False	liver	early	enformer
5237	0.0	0.0	0.0				False	liver	early	enformer
5238	0.0	0.0	0.0				False	liver	early	enformer
5239	0.0	0.0	0.0				False	liver	early	enformer
5240	0.0	0.0	0.0				False	liver	early	enformer
5241	0.0	0.0	0.0				False	liver	early	enformer
5242	0.0	0.0	0.0				False	liver	early	enformer
5243	0.0	0.0	0.0				False	liver	early	enformer
5244	0.0	0.0	0.0				False	liver	early	enformer
5245	0.0	0.0	0.0				False	liver	early	enformer
5246	0.0	0.0	0.0				False	liver	early	enformer
5247	0.0	0.0	0.0				False	liver	early	enformer
5248	0.0	0.0	0.0				False	liver	early	enformer
5249	0.0	0.0	0.0				False	liver	early	enformer
5250	0.0	0.0	0.0				False	liver	early	enformer
5251	0.0	0.0	0.0				False	liver	early	enformer
5252	0.0	0.0	0.0				False	liver	early	enformer
5253	0.0	0.0	0.0				False	liver	early	enformer
5254	0.0	0.0	0.0				False	liver	early	enformer
5255	0.0	0.0	0.0				False	liver	early	enformer
5256	0.0	0.0	0.0				False	liver	early	enformer
5257	0.0	0.0	0.0				False	liver	early	enformer
5258	0.0	0.0	0.0				False	liver	early	enformer
5259	0.0	0.0	0.0				False	liver	early	enformer
5260	0.0	0.0	0.0				False	liver	early	enformer
5261	0.0	0.0	0.0				False	liver	early	enformer
5262	0.0	0.0	0.0				False	liver	early	enformer
5263	0.0	0.0	0.0				False	liver	early	enformer
5264	0.0	0.0	0.0				False	liver	early	enformer
5265	0.0	0.0	0.0				False	liver	early	enformer
5266	0.0	0.0	0.0				False	liver	early	enformer
5267	0.0	0.0	0.0				False	liver	early	enformer
5268	0.0	0.0	0.0				False	liver	early	enformer
5269	0.0	0.0	0.0				False	liver	early	enformer
5270	0.0	0.0	0.0				False	liver	early	enformer
5271	0.0	0.0	0.0				False	liver	early	enformer
5272	0.0	0.0	0.0				False	liver	early	enformer
5273	0.0	0.0	0.0				False	liver	early	enformer
5274	0.0	0.0	0.0				False	liver	early	enformer
5275	0.0	0.0	0.0				False	liver	early	enformer
5276	0.0	0.0	0.0				False	liver	early	enformer
5277	0.0	0.0	0.0				False	liver	early	enformer
5278	0.0	0.0	0.0				False	liver	early	enformer
5279	0.0	0.0	0.0				False	liver	early	enformer
5280	0.0	0.0	0.0				False	liver	early	enformer
5281	0.0	0.0	0.0				False	liver	early	enformer
5282	0.0	0.0	0.0				False	liver	early	enformer
5283	0.0	0.0	0.0				False	liver	early	enformer
5284	0.0	0.0	0.0				False	liver	early	enformer
5285	0.0	0.0	0.0				False	liver	early	enformer
5286	0.0	0.0	0.0				False	liver	early	enformer
5287	0.0	0.0	0.0				False	liver	early	enformer
5288	0.0	0.0	0.0				False	liver	early	enformer
5289	0.0	0.0	0.0				False	liver	early	enformer
5290	0.0	0.0	0.0				False	liver	early	enformer
5291	0.0	0.0	0.0				False	liver	early	enformer
5292	0.0	0.0	0.0				False	liver	early	enformer
5293	0.0	0.0	0.0				False	liver	early	enformer
5294	0.0	0.0	0.0				False	liver	early	enformer
5295	0.0	0.0	0.0				False	liver	early	enformer
5296	0.0	0.0	0.0				False	liver	early	enformer
5297	0.0	0.0	0.0				False	liver	early	enformer
5298	0.0	0.0	0.0				False	liver	early	enformer
5299	0.0	0.0	0.0				False	liver	early	enformer
5300	0.0	0.0	0.0				False	liver	early	enformer
5301	0.0	0.0	0.0				False	liver	early	enformer
5302	0.0	0.0	0.0				False	liver	early	enformer
5303	0.0	0.0	0.0				False	liver	early	enformer
5304	0.0	0.0	0.0				False	liver	early	enformer
5305	0.0	0.0	0.0				False	liver	early	enformer
5306	0.0	0.0	0.0				False	liver	early	enformer
5307	0.0	0.0	0.0				False	liver	early	enformer
5308	0.0	0.0	0.0				False	liver	early	enformer
5309	0.0	0.0	0.0				False	liver	early	enformer
5310	0.0	0.0	0.0				False	liver	early	enformer
5311	0.0	0.0	0.0				False	liver	early	enformer
5312	0.0	0.0	0.0				False	liver	early	enformer
5313	0.0	0.0	0.0				False	liver	early	enformer
5314	0.0	0.0	0.0				False	liver	early	enformer
5315	0.0	0.0	0.0				False	liver	early	enformer
5316	0.0	0.0	0.0				False	liver	early	enformer
5317	0.0	0.0	0.0				False	liver	early	enformer
5318	0.0	0.0	0.0				False	liver	early	enformer
5319	0.0	0.0	0.0				False	liver	early	enformer
5320	0.0	0.0	0.0				False	liver	early	enformer
5321	0.0	0.0	0.0				False	liver	early	enformer
5322	0.0	0.0	0.0				False	liver	early	enformer
5324	0.0	0.0	0.0				False	liver	early	enformer
5325	0.0	0.0	0.0				False	liver	early	enformer
5326	0.0	0.0	0.0				False	liver	early	enformer
5327	0.0	0.0	0.0				False	liver	early	enformer
5328	0.0	0.0	0.0				False	liver	early	enformer
5329	0.0	0.0	0.0				False	liver	early	enformer
5330	0.0	0.0	0.0				False	liver	early	enformer
5331	0.0	0.0	0.0				False	liver	early	enformer
5332	0.0	0.0	0.0				False	liver	early	enformer
5333	0.0	0.0	0.0				False	liver	early	enformer
5334	0.0	0.0	0.0				False	liver	early	enformer
5335	0.0	0.0	0.0				False	liver	early	enformer
5336	0.0	0.0	0.0				False	liver	early	enformer
5337	0.0	0.0	0.0				False	liver	early	enformer
5338	0.0	0.0	0.0				False	liver	early	enformer
5339	0.0	0.0	0.0				False	liver	early	enformer
5340	0.0	0.0	0.0				False	liver	early	enformer
5341	0.0	0.0	0.0				False	liver	early	enformer
5342	0.0	0.0	0.0				False	liver	early	enformer
5343	0.0	0.0	0.0				False	liver	early	enformer
5344	0.0	0.0	0.0				False	liver	early	enformer
5345	0.0	0.0	0.0				False	liver	early	enformer
5346	0.0	0.0	0.0				False	liver	early	enformer
5347	0.0	0.0	0.0				False	liver	early	enformer
5348	0.0	0.0	0.0				False	liver	early	enformer
5349	0.0	0.0	0.0				False	liver	early	enformer
5350	0.0	0.0	0.0				False	liver	early	enformer
5351	0.0	0.0	0.0				False	liver	early	enformer
5352	0.0	0.0	0.0				False	liver	early	enformer
5353	0.0	0.0	0.0				False	liver	early	enformer
5354	0.0	0.0	0.0				False	liver	early	enformer
5355	0.0	0.0	0.0				False	liver	early	enformer
5356	0.0	0.0	0.0				False	liver	early	enformer
5357	0.0	0.0	0.0				False	liver	early	enformer
5358	0.0	0.0	0.0				False	liver	early	enformer
5359	0.0	0.0	0.0				False	liver	early	enformer
5360	0.0	0.0	0.0				False	liver	early	enformer
5361	0.0	0.0	0.0				False	liver	early	enformer
5362	0.0	0.0	0.0				False	liver	early	enformer
5363	0.0	0.0	0.0				False	liver	early	enformer
5364	0.0	0.0	0.0				False	liver	early	enformer
5365	0.0	0.0	0.0				False	liver	early	enformer
5366	0.0	0.0	0.0				False	liver	early	enformer
5367	0.0	0.0	0.0				False	liver	early	enformer
5368	0.0	0.0	0.0				False	liver	early	enformer
5370	0.0	0.0	0.0				False	liver	early	enformer
5371	0.0	0.0	0.0				False	liver	early	enformer
5372	0.0	0.0	0.0				False	liver	early	enformer
5373	0.0	0.0	0.0				False	liver	early	enformer
5374	0.0	0.0	0.0				False	liver	early	enformer
5375	0.0	0.0	0.0				False	liver	early	enformer
5376	0.0	0.0	0.0				False	liver	early	enformer
5377	0.0	0.0	0.0				False	liver	early	enformer
5378	0.0	0.0	0.0				False	liver	early	enformer
5379	0.0	0.0	0.0				False	liver	early	enformer
5380	0.0	0.0	0.0				False	liver	early	enformer
5381	0.0	0.0	0.0				False	liver	early	enformer
5382	0.0	0.0	0.0				False	liver	early	enformer
5383	0.0	0.0	0.0				False	liver	early	enformer
5384	0.0	0.0	0.0				False	liver	early	enformer
5385	0.0	0.0	0.0				False	liver	early	enformer
5386	0.0	0.0	0.0				False	liver	early	enformer
5387	0.0	0.0	0.0				False	liver	early	enformer
5388	0.0	0.0	0.0				False	liver	early	enformer
5389	0.0	0.0	0.0				False	liver	early	enformer
5390	0.0	0.0	0.0				False	liver	early	enformer
5391	0.0	0.0	0.0				False	liver	early	enformer
5392	0.0	0.0	0.0				False	liver	early	enformer
5393	0.0	0.0	0.0				False	liver	early	enformer
5394	0.0	0.0	0.0				False	liver	early	enformer
5395	0.0	0.0	0.0				False	liver	early	enformer
5396	0.0	0.0	0.0				False	liver	early	enformer
5397	0.0	0.0	0.0				False	liver	early	enformer
5398	0.0	0.0	0.0				False	liver	early	enformer
5399	0.0	0.0	0.0				False	liver	early	enformer
5400	0.0	0.0	0.0				False	liver	early	enformer
5401	0.0	0.0	0.0				False	liver	early	enformer
5402	0.0	0.0	0.0				False	liver	early	enformer
5403	0.0	0.0	0.0				False	liver	early	enformer
5404	0.0	0.0	0.0				False	liver	early	enformer
5405	0.0	0.0	0.0				False	liver	early	enformer
5406	0.0	0.0	0.0				False	liver	early	enformer
5407	0.0	0.0	0.0				False	liver	early	enformer
5408	0.0	0.0	0.0				False	liver	early	enformer
5409	0.0	0.0	0.0				False	liver	early	enformer
5410	0.0	0.0	0.0				False	liver	early	enformer
5411	0.0	0.0	0.0				False	liver	early	enformer
5412	0.0	0.0	0.0				False	liver	early	enformer
5413	0.0	0.0	0.0				False	liver	early	enformer
5414	0.0	0.0	0.0				False	liver	early	enformer
5415	0.0	0.0	0.0				False	liver	early	enformer
5416	0.0	0.0	0.0				False	liver	early	enformer
5417	0.0	0.0	0.0				False	liver	early	enformer
5419	0.0	0.0	0.0				False	liver	early	enformer
5420	0.0	0.0	0.0				False	liver	early	enformer
5421	0.0	0.0	0.0				False	liver	early	enformer
5422	0.0	0.0	0.0				False	liver	early	enformer
5423	0.0	0.0	0.0				False	liver	early	enformer
5424	0.0	0.0	0.0				False	liver	early	enformer
5425	0.0	0.0	0.0				False	liver	early	enformer
5426	0.0	0.0	0.0				False	liver	early	enformer
5427	0.0	0.0	0.0				False	liver	early	enformer
5428	0.0	0.0	0.0				False	liver	early	enformer
5429	0.0	0.0	0.0				False	liver	early	enformer
5430	0.0	0.0	0.0				False	liver	early	enformer
5431	0.0	0.0	0.0				False	liver	early	enformer
5433	0.0	0.0	0.0				False	liver	early	enformer
5434	0.0	0.0	0.0				False	liver	early	enformer
5435	0.0	0.0	0.0				False	liver	early	enformer
5436	0.0	0.0	0.0				False	liver	early	enformer
5437	0.0	0.0	0.0				False	liver	early	enformer
5438	0.0	0.0	0.0				False	liver	early	enformer
5439	0.0	0.0	0.0				False	liver	early	enformer
5440	0.0	0.0	0.0				False	liver	early	enformer
5441	0.0	0.0	0.0				False	liver	early	enformer
5442	0.0	0.0	0.0				False	liver	early	enformer
5443	0.0	0.0	0.0				False	liver	early	enformer
5444	0.0	0.0	0.0				False	liver	early	enformer
5445	0.0	0.0	0.0				False	liver	early	enformer
5446	0.0	0.0	0.0				False	liver	early	enformer
5447	0.0	0.0	0.0				False	liver	early	enformer
5448	0.0	0.0	0.0				False	liver	early	enformer
5449	0.0	0.0	0.0				False	liver	early	enformer
5450	0.0	0.0	0.0				False	liver	early	enformer
5451	0.0	0.0	0.0				False	liver	early	enformer
5452	0.0	0.0	0.0				False	liver	early	enformer
5453	0.0	0.0	0.0				False	liver	early	enformer
5454	0.0	0.0	0.0				False	liver	early	enformer
5455	0.0	0.0	0.0				False	liver	early	enformer
5456	0.0	0.0	0.0				False	liver	early	enformer
5457	0.0	0.0	0.0				False	liver	early	enformer
5458	0.0	0.0	0.0				False	liver	early	enformer
5459	0.0	0.0	0.0				False	liver	early	enformer
5460	0.0	0.0	0.0				False	liver	early	enformer
5461	0.0	0.0	0.0				False	liver	early	enformer
5462	0.0	0.0	0.0				False	liver	early	enformer
5463	0.0	0.0	0.0				False	liver	early	enformer
5464	0.0	0.0	0.0				False	liver	early	enformer
5465	0.0	0.0	0.0				False	liver	early	enformer
5466	0.0	0.0	0.0				False	liver	early	enformer
5467	0.0	0.0	0.0				False	liver	early	enformer
5468	0.0	0.0	0.0				False	liver	early	enformer
5469	0.0	0.0	0.0				False	liver	early	enformer
5470	0.0	0.0	0.0				False	liver	early	enformer
5471	0.0	0.0	0.0				False	liver	early	enformer
5472	0.0	0.0	0.0				False	liver	early	enformer
5473	0.0	0.0	0.0				False	liver	early	enformer
5474	0.0	0.0	0.0				False	liver	early	enformer
5475	0.0	0.0	0.0				False	liver	early	enformer
5477	0.0	0.0	0.0				False	liver	early	enformer
5478	0.0	0.0	0.0				False	liver	early	enformer
5479	0.0	0.0	0.0				False	liver	early	enformer
5481	0.0	0.0	0.0				False	liver	early	enformer
5482	0.0	0.0	0.0				False	liver	early	enformer
5483	0.0	0.0	0.0				False	liver	early	enformer
5484	0.0	0.0	0.0				False	liver	early	enformer
5485	0.0	0.0	0.0				False	liver	early	enformer
5486	0.0	0.0	0.0				False	liver	early	enformer
5487	0.0	0.0	0.0				False	liver	early	enformer
5489	0.0	0.0	0.0				False	liver	early	enformer
5490	0.0	0.0	0.0				False	liver	early	enformer
5491	0.0	0.0	0.0				False	liver	early	enformer
5492	0.0	0.0	0.0				False	liver	early	enformer
5493	0.0	0.0	0.0				False	liver	early	enformer
5494	0.0	0.0	0.0				False	liver	early	enformer
5495	0.0	0.0	0.0				False	liver	early	enformer
5496	0.0	0.0	0.0				False	liver	early	enformer
5497	0.0	0.0	0.0				False	liver	early	enformer
5498	0.0	0.0	0.0				False	liver	early	enformer
5500	0.0	0.0	0.0				False	liver	early	enformer
5501	0.0	0.0	0.0				False	liver	early	enformer
5502	0.0	0.0	0.0				False	liver	early	enformer
5503	0.0	0.0	0.0				False	liver	early	enformer
5504	0.0	0.0	0.0				False	liver	early	enformer
5505	0.0	0.0	0.0				False	liver	early	enformer
5506	0.0	0.0	0.0				False	liver	early	enformer
5507	0.0	0.0	0.0				False	liver	early	enformer
5508	0.0	0.0	0.0				False	liver	early	enformer
5509	0.0	0.0	0.0				False	liver	early	enformer
5510	0.0	0.0	0.0				False	liver	early	enformer
5511	0.0	0.0	0.0				False	liver	early	enformer
5512	0.0	0.0	0.0				False	liver	early	enformer
5513	0.0	0.0	0.0				False	liver	early	enformer
5514	0.0	0.0	0.0				False	liver	early	enformer
5516	0.0	0.0	0.0				False	liver	early	enformer
5517	0.0	0.0	0.0				False	liver	early	enformer
5518	0.0	0.0	0.0				False	liver	early	enformer
5519	0.0	0.0	0.0				False	liver	early	enformer
5520	0.0	0.0	0.0				False	liver	early	enformer
5522	0.0	0.0	0.0				False	liver	early	enformer
5523	0.0	0.0	0.0				False	liver	early	enformer
5524	0.0	0.0	0.0				False	liver	early	enformer
5525	0.0	0.0	0.0				False	liver	early	enformer
5526	0.0	0.0	0.0				False	liver	early	enformer
5527	0.0	0.0	0.0				False	liver	early	enformer
5528	0.0	0.0	0.0				False	liver	early	enformer
5529	0.0	0.0	0.0				False	liver	early	enformer
5530	0.0	0.0	0.0				False	liver	early	enformer
5531	0.0	0.0	0.0				False	liver	early	enformer
5532	0.0	0.0	0.0				False	liver	early	enformer
5534	0.0	0.0	0.0				False	liver	early	enformer
5535	0.0	0.0	0.0				False	liver	early	enformer
5536	0.0	0.0	0.0				False	liver	early	enformer
5537	0.0	0.0	0.0				False	liver	early	enformer
5538	0.0	0.0	0.0				False	liver	early	enformer
5539	0.0	0.0	0.0				False	liver	early	enformer
5540	0.0	0.0	0.0				False	liver	early	enformer
5541	0.0	0.0	0.0				False	liver	early	enformer
5542	0.0	0.0	0.0				False	liver	early	enformer
5543	0.0	0.0	0.0				False	liver	early	enformer
5544	0.0	0.0	0.0				False	liver	early	enformer
5545	0.0	0.0	0.0				False	liver	early	enformer
5546	0.0	0.0	0.0				False	liver	early	enformer
5547	0.0	0.0	0.0				False	liver	early	enformer
5549	0.0	0.0	0.0				False	liver	early	enformer
5550	0.0	0.0	0.0				False	liver	early	enformer
5551	0.0	0.0	0.0				False	liver	early	enformer
5552	0.0	0.0	0.0				False	liver	early	enformer
5553	0.0	0.0	0.0				False	liver	early	enformer
5554	0.0	0.0	0.0				False	liver	early	enformer
5555	0.0	0.0	0.0				False	liver	early	enformer
5556	0.0	0.0	0.0				False	liver	early	enformer
5557	0.0	0.0	0.0				False	liver	early	enformer
5558	0.0	0.0	0.0				False	liver	early	enformer
5559	0.0	0.0	0.0				False	liver	early	enformer
5560	0.0	0.0	0.0				False	liver	early	enformer
5561	0.0	0.0	0.0				False	liver	early	enformer
5562	0.0	0.0	0.0				False	liver	early	enformer
5563	0.0	0.0	0.0				False	liver	early	enformer
5564	0.0	0.0	0.0				False	liver	early	enformer
5565	0.0	0.0	0.0				False	liver	early	enformer
5566	0.0	0.0	0.0				False	liver	early	enformer
5567	0.0	0.0	0.0				False	liver	early	enformer
5568	0.0	0.0	0.0				False	liver	early	enformer
5569	0.0	0.0	0.0				False	liver	early	enformer
5570	0.0	0.0	0.0				False	liver	early	enformer
5571	0.0	0.0	0.0				False	liver	early	enformer
5572	0.0	0.0	0.0				False	liver	early	enformer
5573	0.0	0.0	0.0				False	liver	early	enformer
5574	0.0	0.0	0.0				False	liver	early	enformer
5575	0.0	0.0	0.0				False	liver	early	enformer
5576	0.0	0.0	0.0				False	liver	early	enformer
5577	0.0	0.0	0.0				False	liver	early	enformer
5578	0.0	0.0	0.0				False	liver	early	enformer
5579	0.0	0.0	0.0				False	liver	early	enformer
5580	0.0	0.0	0.0				False	liver	early	enformer
5581	0.0	0.0	0.0				False	liver	early	enformer
5582	0.0	0.0	0.0				False	liver	early	enformer
5583	0.0	0.0	0.0				False	liver	early	enformer
5584	0.0	0.0	0.0				False	liver	early	enformer
5585	0.0	0.0	0.0				False	liver	early	enformer
5586	0.0	0.0	0.0				False	liver	early	enformer
5587	0.0	0.0	0.0				False	liver	early	enformer
5588	0.0	0.0	0.0				False	liver	early	enformer
5589	0.0	0.0	0.0				False	liver	early	enformer
5590	0.0	0.0	0.0				False	liver	early	enformer
5591	0.0	0.0	0.0				False	liver	early	enformer
5592	0.0	0.0	0.0				False	liver	early	enformer
5593	0.0	0.0	0.0				False	liver	early	enformer
5594	0.0	0.0	0.0				False	liver	early	enformer
5595	0.0	0.0	0.0				False	liver	early	enformer
5596	0.0	0.0	0.0				False	liver	early	enformer
5597	0.0	0.0	0.0				False	liver	early	enformer
5598	0.0	0.0	0.0				False	liver	early	enformer
5599	0.0	0.0	0.0				False	liver	early	enformer
5600	0.0	0.0	0.0				False	liver	early	enformer
5601	0.0	0.0	0.0				False	liver	early	enformer
5602	0.0	0.0	0.0				False	liver	early	enformer
5603	0.0	0.0	0.0				False	liver	early	enformer
5604	0.0	0.0	0.0				False	liver	early	enformer
5605	0.0	0.0	0.0				False	liver	early	enformer
5606	0.0	0.0	0.0				False	liver	early	enformer
5607	0.0	0.0	0.0				False	liver	early	enformer
5608	0.0	0.0	0.0				False	liver	early	enformer
5609	0.0	0.0	0.0				False	liver	early	enformer
5610	0.0	0.0	0.0				False	liver	early	enformer
5611	0.0	0.0	0.0				False	liver	early	enformer
5612	0.0	0.0	0.0				False	liver	early	enformer
5613	0.0	0.0	0.0				False	liver	early	enformer
5614	0.0	0.0	0.0				False	liver	early	enformer
5615	0.0	0.0	0.0				False	liver	early	enformer
5616	0.0	0.0	0.0				False	liver	early	enformer
5617	0.0	0.0	0.0				False	liver	early	enformer
5618	0.0	0.0	0.0				False	liver	early	enformer
5619	0.0	0.0	0.0				False	liver	early	enformer
5620	0.0	0.0	0.0				False	liver	early	enformer
5621	0.0	0.0	0.0				False	liver	early	enformer
5622	0.0	0.0	0.0				False	liver	early	enformer
5623	0.0	0.0	0.0				False	liver	early	enformer
5624	0.0	0.0	0.0				False	liver	early	enformer
5625	0.0	0.0	0.0				False	liver	early	enformer
5626	0.0	0.0	0.0				False	liver	early	enformer
5627	0.0	0.0	0.0				False	liver	early	enformer
5628	0.0	0.0	0.0				False	liver	early	enformer
5629	0.0	0.0	0.0				False	liver	early	enformer
5630	0.0	0.0	0.0				False	liver	early	enformer
5631	0.0	0.0	0.0				False	liver	early	enformer
5632	0.0	0.0	0.0				False	liver	early	enformer
5633	0.0	0.0	0.0				False	liver	early	enformer
5634	0.0	0.0	0.0				False	liver	early	enformer
5635	0.0	0.0	0.0				False	liver	early	enformer
5636	0.0	0.0	0.0				False	liver	early	enformer
5637	0.0	0.0	0.0				False	liver	early	enformer
5639	0.0	0.0	0.0				False	liver	early	enformer
5640	0.0	0.0	0.0				False	liver	early	enformer
5641	0.0	0.0	0.0				False	liver	early	enformer
5642	0.0	0.0	0.0				False	liver	early	enformer
5643	0.0	0.0	0.0				False	liver	early	enformer
5644	0.0	0.0	0.0				False	liver	early	enformer
5645	0.0	0.0	0.0				False	liver	early	enformer
5646	0.0	0.0	0.0				False	liver	early	enformer
5647	0.0	0.0	0.0				False	liver	early	enformer
5648	0.0	0.0	0.0				False	liver	early	enformer
5649	0.0	0.0	0.0				False	liver	early	enformer
5650	0.0	0.0	0.0				False	liver	early	enformer
5651	0.0	0.0	0.0				False	liver	early	enformer
5652	0.0	0.0	0.0				False	liver	early	enformer
5653	0.0	0.0	0.0				False	liver	early	enformer
5654	0.0	0.0	0.0				False	liver	early	enformer
5655	0.0	0.0	0.0				False	liver	early	enformer
5656	0.0	0.0	0.0				False	liver	early	enformer
5657	0.0	0.0	0.0				False	liver	early	enformer
5658	0.0	0.0	0.0				False	liver	early	enformer
5659	0.0	0.0	0.0				False	liver	early	enformer
5660	0.0	0.0	0.0				False	liver	early	enformer
5661	0.0	0.0	0.0				False	liver	early	enformer
5662	0.0	0.0	0.0				False	liver	early	enformer
5663	0.0	0.0	0.0				False	liver	early	enformer
5664	0.0	0.0	0.0				False	liver	early	enformer
5665	0.0	0.0	0.0				False	liver	early	enformer
5666	0.0	0.0	0.0				False	liver	early	enformer
5667	0.0	0.0	0.0				False	liver	early	enformer
5669	0.0	0.0	0.0				False	liver	early	enformer
5670	0.0	0.0	0.0				False	liver	early	enformer
5671	0.0	0.0	0.0				False	liver	early	enformer
5672	0.0	0.0	0.0				False	liver	early	enformer
5673	0.0	0.0	0.0				False	liver	early	enformer
5674	0.0	0.0	0.0				False	liver	early	enformer
5675	0.0	0.0	0.0				False	liver	early	enformer
5676	0.0	0.0	0.0				False	liver	early	enformer
5677	0.0	0.0	0.0				False	liver	early	enformer
5678	0.0	0.0	0.0				False	liver	early	enformer
5679	0.0	0.0	0.0				False	liver	early	enformer
5680	0.0	0.0	0.0				False	liver	early	enformer
5681	0.0	0.0	0.0				False	liver	early	enformer
5682	0.0	0.0	0.0				False	liver	early	enformer
5683	0.0	0.0	0.0				False	liver	early	enformer
5684	0.0	0.0	0.0				False	liver	early	enformer
5685	0.0	0.0	0.0				False	liver	early	enformer
5686	0.0	0.0	0.0				False	liver	early	enformer
5687	0.0	0.0	0.0				False	liver	early	enformer
5688	0.0	0.0	0.0				False	liver	early	enformer
5689	0.0	0.0	0.0				False	liver	early	enformer
5690	0.0	0.0	0.0				False	liver	early	enformer
5691	0.0	0.0	0.0				False	liver	early	enformer
5692	0.0	0.0	0.0				False	liver	early	enformer
5693	0.0	0.0	0.0				False	liver	early	enformer
5694	0.0	0.0	0.0				False	liver	early	enformer
5695	0.0	0.0	0.0				False	liver	early	enformer
5696	0.0	0.0	0.0				False	liver	early	enformer
5697	0.0	0.0	0.0				False	liver	early	enformer
5698	0.0	0.0	0.0				False	liver	early	enformer
5699	0.0	0.0	0.0				False	liver	early	enformer
5700	0.0	0.0	0.0				False	liver	early	enformer
5701	0.0	0.0	0.0				False	liver	early	enformer
5702	0.0	0.0	0.0				False	liver	early	enformer
5703	0.0	0.0	0.0				False	liver	early	enformer
5704	0.0	0.0	0.0				False	liver	early	enformer
5705	0.0	0.0	0.0				False	liver	early	enformer
5706	0.0	0.0	0.0				False	liver	early	enformer
5707	0.0	0.0	0.0				False	liver	early	enformer
5708	0.0	0.0	0.0				False	liver	early	enformer
5709	0.0	0.0	0.0				False	liver	early	enformer
5710	0.0	0.0	0.0				False	liver	early	enformer
5712	0.0	0.0	0.0				False	liver	early	enformer
5713	0.0	0.0	0.0				False	liver	early	enformer
5714	0.0	0.0	0.0				False	liver	early	enformer
5715	0.0	0.0	0.0				False	liver	early	enformer
5716	0.0	0.0	0.0				False	liver	early	enformer
5717	0.0	0.0	0.0				False	liver	early	enformer
5718	0.0	0.0	0.0				False	liver	early	enformer
5719	0.0	0.0	0.0				False	liver	early	enformer
5720	0.0	0.0	0.0				False	liver	early	enformer
5721	0.0	0.0	0.0				False	liver	early	enformer
5722	0.0	0.0	0.0				False	liver	early	enformer
5723	0.0	0.0	0.0				False	liver	early	enformer
5724	0.0	0.0	0.0				False	liver	early	enformer
5725	0.0	0.0	0.0				False	liver	early	enformer
5726	0.0	0.0	0.0				False	liver	early	enformer
5727	0.0	0.0	0.0				False	liver	early	enformer
5728	0.0	0.0	0.0				False	liver	early	enformer
5729	0.0	0.0	0.0				False	liver	early	enformer
5730	0.0	0.0	0.0				False	liver	early	enformer
5731	0.0	0.0	0.0				False	liver	early	enformer
5732	0.0	0.0	0.0				False	liver	early	enformer
5733	0.0	0.0	0.0				False	liver	early	enformer
5734	0.0	0.0	0.0				False	liver	early	enformer
5735	0.0	0.0	0.0				False	liver	early	enformer
5736	0.0	0.0	0.0				False	liver	early	enformer
5737	0.0	0.0	0.0				False	liver	early	enformer
5738	0.0	0.0	0.0				False	liver	early	enformer
5739	0.0	0.0	0.0				False	liver	early	enformer
5740	0.0	0.0	0.0				False	liver	early	enformer
5742	0.0	0.0	0.0				False	liver	early	enformer
5743	0.0	0.0	0.0				False	liver	early	enformer
5744	0.0	0.0	0.0				False	liver	early	enformer
5745	0.0	0.0	0.0				False	liver	early	enformer
5746	0.0	0.0	0.0				False	liver	early	enformer
5747	0.0	0.0	0.0				False	liver	early	enformer
5748	0.0	0.0	0.0				False	liver	early	enformer
5749	0.0	0.0	0.0				False	liver	early	enformer
5750	0.0	0.0	0.0				False	liver	early	enformer
5751	0.0	0.0	0.0				False	liver	early	enformer
5752	0.0	0.0	0.0				False	liver	early	enformer
5753	0.0	0.0	0.0				False	liver	early	enformer
5754	0.0	0.0	0.0				False	liver	early	enformer
5755	0.0	0.0	0.0				False	liver	early	enformer
5756	0.0	0.0	0.0				False	liver	early	enformer
5757	0.0	0.0	0.0				False	liver	early	enformer
5758	0.0	0.0	0.0				False	liver	early	enformer
5759	0.0	0.0	0.0				False	liver	early	enformer
5761	0.0	0.0	0.0				False	liver	early	enformer
5762	0.0	0.0	0.0				False	liver	early	enformer
5763	0.0	0.0	0.0				False	liver	early	enformer
5764	0.0	0.0	0.0				False	liver	early	enformer
5765	0.0	0.0	0.0				False	liver	early	enformer
5766	0.0	0.0	0.0				False	liver	early	enformer
5767	0.0	0.0	0.0				False	liver	early	enformer
5768	0.0	0.0	0.0				False	liver	early	enformer
5769	0.0	0.0	0.0				False	liver	early	enformer
5770	0.0	0.0	0.0				False	liver	early	enformer
5771	0.0	0.0	0.0				False	liver	early	enformer
5772	0.0	0.0	0.0				False	liver	early	enformer
5773	0.0	0.0	0.0				False	liver	early	enformer
5774	0.0	0.0	0.0				False	liver	early	enformer
5775	0.0	0.0	0.0				False	liver	early	enformer
5776	0.0	0.0	0.0				False	liver	early	enformer
5777	0.0	0.0	0.0				False	liver	early	enformer
5778	0.0	0.0	0.0				False	liver	early	enformer
5779	0.0	0.0	0.0				False	liver	early	enformer
5780	0.0	0.0	0.0				False	liver	early	enformer
5781	0.0	0.0	0.0				False	liver	early	enformer
5782	0.0	0.0	0.0				False	liver	early	enformer
5783	0.0	0.0	0.0				False	liver	early	enformer
5784	0.0	0.0	0.0				False	liver	early	enformer
5785	0.0	0.0	0.0				False	liver	early	enformer
5786	0.0	0.0	0.0				False	liver	early	enformer
5787	0.0	0.0	0.0				False	liver	early	enformer
5788	0.0	0.0	0.0				False	liver	early	enformer
5789	0.0	0.0	0.0				False	liver	early	enformer
5790	0.0	0.0	0.0				False	liver	early	enformer
5791	0.0	0.0	0.0				False	liver	early	enformer
5792	0.0	0.0	0.0				False	liver	early	enformer
5793	0.0	0.0	0.0				False	liver	early	enformer
5794	0.0	0.0	0.0				False	liver	early	enformer
5795	0.0	0.0	0.0				False	liver	early	enformer
5796	0.0	0.0	0.0				False	liver	early	enformer
5797	0.0	0.0	0.0				False	liver	early	enformer
5798	0.0	0.0	0.0				False	liver	early	enformer
5799	0.0	0.0	0.0				False	liver	early	enformer
5800	0.0	0.0	0.0				False	liver	early	enformer
5801	0.0	0.0	0.0				False	liver	early	enformer
5802	0.0	0.0	0.0				False	liver	early	enformer
5803	0.0	0.0	0.0				False	liver	early	enformer
5804	0.0	0.0	0.0				False	liver	early	enformer
5805	0.0	0.0	0.0				False	liver	early	enformer
5806	0.0	0.0	0.0				False	liver	early	enformer
5807	0.0	0.0	0.0				False	liver	early	enformer
5808	0.0	0.0	0.0				False	liver	early	enformer
5809	0.0	0.0	0.0				False	liver	early	enformer
5810	0.0	0.0	0.0				False	liver	early	enformer
5811	0.0	0.0	0.0				False	liver	early	enformer
5812	0.0	0.0	0.0				False	liver	early	enformer
5813	0.0	0.0	0.0				False	liver	early	enformer
5814	0.0	0.0	0.0				False	liver	early	enformer
5815	0.0	0.0	0.0				False	liver	early	enformer
5816	0.0	0.0	0.0				False	liver	early	enformer
5817	0.0	0.0	0.0				False	liver	early	enformer
5818	0.0	0.0	0.0				False	liver	early	enformer
5819	0.0	0.0	0.0				False	liver	early	enformer
5820	0.0	0.0	0.0				False	liver	early	enformer
5821	0.0	0.0	0.0				False	liver	early	enformer
5822	0.0	0.0	0.0				False	liver	early	enformer
5823	0.0	0.0	0.0				False	liver	early	enformer
5824	0.0	0.0	0.0				False	liver	early	enformer
5825	0.0	0.0	0.0				False	liver	early	enformer
5826	0.0	0.0	0.0				False	liver	early	enformer
5827	0.0	0.0	0.0				False	liver	early	enformer
5828	0.0	0.0	0.0				False	liver	early	enformer
5829	0.0	0.0	0.0				False	liver	early	enformer
5830	0.0	0.0	0.0				False	liver	early	enformer
5831	0.0	0.0	0.0				False	liver	early	enformer
5832	0.0	0.0	0.0				False	liver	early	enformer
5833	0.0	0.0	0.0				False	liver	early	enformer
5834	0.0	0.0	0.0				False	liver	early	enformer
5835	0.0	0.0	0.0				False	liver	early	enformer
5836	0.0	0.0	0.0				False	liver	early	enformer
5837	0.0	0.0	0.0				False	liver	early	enformer
5838	0.0	0.0	0.0				False	liver	early	enformer
5839	0.0	0.0	0.0				False	liver	early	enformer
5840	0.0	0.0	0.0				False	liver	early	enformer
5841	0.0	0.0	0.0				False	liver	early	enformer
5842	0.0	0.0	0.0				False	liver	early	enformer
5843	0.0	0.0	0.0				False	liver	early	enformer
5844	0.0	0.0	0.0				False	liver	early	enformer
5845	0.0	0.0	0.0				False	liver	early	enformer
5846	0.0	0.0	0.0				False	liver	early	enformer
5847	0.0	0.0	0.0				False	liver	early	enformer
5848	0.0	0.0	0.0				False	liver	early	enformer
5849	0.0	0.0	0.0				False	liver	early	enformer
5850	0.0	0.0	0.0				False	liver	early	enformer
5851	0.0	0.0	0.0				False	liver	early	enformer
5852	0.0	0.0	0.0				False	liver	early	enformer
5853	0.0	0.0	0.0				False	liver	early	enformer
5854	0.0	0.0	0.0				False	liver	early	enformer
5855	0.0	0.0	0.0				False	liver	early	enformer
5857	0.0	0.0	0.0				False	liver	early	enformer
5858	0.0	0.0	0.0				False	liver	early	enformer
5859	0.0	0.0	0.0				False	liver	early	enformer
5860	0.0	0.0	0.0				False	liver	early	enformer
5861	0.0	0.0	0.0				False	liver	early	enformer
5862	0.0	0.0	0.0				False	liver	early	enformer
5863	0.0	0.0	0.0				False	liver	early	enformer
5864	0.0	0.0	0.0				False	liver	early	enformer
5865	0.0	0.0	0.0				False	liver	early	enformer
5867	0.0	0.0	0.0				False	liver	early	enformer
5868	0.0	0.0	0.0				False	liver	early	enformer
5869	0.0	0.0	0.0				False	liver	early	enformer
5872	0.0	0.0	0.0				False	liver	early	enformer
5873	0.0	0.0	0.0				False	liver	early	enformer
5874	0.0	0.0	0.0				False	liver	early	enformer
5875	0.0	0.0	0.0				False	liver	early	enformer
5876	0.0	0.0	0.0				False	liver	early	enformer
5877	0.0	0.0	0.0				False	liver	early	enformer
5878	0.0	0.0	0.0				False	liver	early	enformer
5879	0.0	0.0	0.0				False	liver	early	enformer
5880	0.0	0.0	0.0				False	liver	early	enformer
5882	0.0	0.0	0.0				False	liver	early	enformer
5883	0.0	0.0	0.0				False	liver	early	enformer
5885	0.0	0.0	0.0				False	liver	early	enformer
5886	0.0	0.0	0.0				False	liver	early	enformer
5887	0.0	0.0	0.0				False	liver	early	enformer
5888	0.0	0.0	0.0				False	liver	early	enformer
5889	0.0	0.0	0.0				False	liver	early	enformer
5890	0.0	0.0	0.0				False	liver	early	enformer
5891	0.0	0.0	0.0				False	liver	early	enformer
5892	0.0	0.0	0.0				False	liver	early	enformer
5893	0.0	0.0	0.0				False	liver	early	enformer
5894	0.0	0.0	0.0				False	liver	early	enformer
5895	0.0	0.0	0.0				False	liver	early	enformer
5896	0.0	0.0	0.0				False	liver	early	enformer
5897	0.0	0.0	0.0				False	liver	early	enformer
5898	0.0	0.0	0.0				False	liver	early	enformer
5899	0.0	0.0	0.0				False	liver	early	enformer
5900	0.0	0.0	0.0				False	liver	early	enformer
5901	0.0	0.0	0.0				False	liver	early	enformer
5902	0.0	0.0	0.0				False	liver	early	enformer
5903	0.0	0.0	0.0				False	liver	early	enformer
5904	0.0	0.0	0.0				False	liver	early	enformer
5906	0.0	0.0	0.0				False	liver	early	enformer
5907	0.0	0.0	0.0				False	liver	early	enformer
5908	0.0	0.0	0.0				False	liver	early	enformer
5909	0.0	0.0	0.0				False	liver	early	enformer
5911	0.0	0.0	0.0				False	liver	early	enformer
5912	0.0	0.0	0.0				False	liver	early	enformer
5913	0.0	0.0	0.0				False	liver	early	enformer
5914	0.0	0.0	0.0				False	liver	early	enformer
5915	0.0	0.0	0.0				False	liver	early	enformer
5916	0.0	0.0	0.0				False	liver	early	enformer
5917	0.0	0.0	0.0				False	liver	early	enformer
5918	0.0	0.0	0.0				False	liver	early	enformer
5919	0.0	0.0	0.0				False	liver	early	enformer
5920	0.0	0.0	0.0				False	liver	early	enformer
5921	0.0	0.0	0.0				False	liver	early	enformer
5922	0.0	0.0	0.0				False	liver	early	enformer
5923	0.0	0.0	0.0				False	liver	early	enformer
5924	0.0	0.0	0.0				False	liver	early	enformer
5925	0.0	0.0	0.0				False	liver	early	enformer
5926	0.0	0.0	0.0				False	liver	early	enformer
5927	0.0	0.0	0.0				False	liver	early	enformer
5928	0.0	0.0	0.0				False	liver	early	enformer
5929	0.0	0.0	0.0				False	liver	early	enformer
5930	0.0	0.0	0.0				False	liver	early	enformer
5931	0.0	0.0	0.0				False	liver	early	enformer
5932	0.0	0.0	0.0				False	liver	early	enformer
5933	0.0	0.0	0.0				False	liver	early	enformer
5934	0.0	0.0	0.0				False	liver	early	enformer
5935	0.0	0.0	0.0				False	liver	early	enformer
5936	0.0	0.0	0.0				False	liver	early	enformer
5937	0.0	0.0	0.0				False	liver	early	enformer
5938	0.0	0.0	0.0				False	liver	early	enformer
5939	0.0	0.0	0.0				False	liver	early	enformer
5940	0.0	0.0	0.0				False	liver	early	enformer
5941	0.0	0.0	0.0				False	liver	early	enformer
5942	0.0	0.0	0.0				False	liver	early	enformer
5944	0.0	0.0	0.0				False	liver	early	enformer
5945	0.0	0.0	0.0				False	liver	early	enformer
5946	0.0	0.0	0.0				False	liver	early	enformer
5947	0.0	0.0	0.0				False	liver	early	enformer
5948	0.0	0.0	0.0				False	liver	early	enformer
5949	0.0	0.0	0.0				False	liver	early	enformer
5950	0.0	0.0	0.0				False	liver	early	enformer
5951	0.0	0.0	0.0				False	liver	early	enformer
5952	0.0	0.0	0.0				False	liver	early	enformer
5953	0.0	0.0	0.0				False	liver	early	enformer
5954	0.0	0.0	0.0				False	liver	early	enformer
5955	0.0	0.0	0.0				False	liver	early	enformer
5956	0.0	0.0	0.0				False	liver	early	enformer
5957	0.0	0.0	0.0				False	liver	early	enformer
5958	0.0	0.0	0.0				False	liver	early	enformer
5959	0.0	0.0	0.0				False	liver	early	enformer
5960	0.0	0.0	0.0				False	liver	early	enformer
5961	0.0	0.0	0.0				False	liver	early	enformer
5962	0.0	0.0	0.0				False	liver	early	enformer
5963	0.0	0.0	0.0				False	liver	early	enformer
5964	0.0	0.0	0.0				False	liver	early	enformer
5965	0.0	0.0	0.0				False	liver	early	enformer
5966	0.0	0.0	0.0				False	liver	early	enformer
5967	0.0	0.0	0.0				False	liver	early	enformer
5968	0.0	0.0	0.0				False	liver	early	enformer
5969	0.0	0.0	0.0				False	liver	early	enformer
5970	0.0	0.0	0.0				False	liver	early	enformer
5971	0.0	0.0	0.0				False	liver	early	enformer
5972	0.0	0.0	0.0				False	liver	early	enformer
5973	0.0	0.0	0.0				False	liver	early	enformer
5974	0.0	0.0	0.0				False	liver	early	enformer
5975	0.0	0.0	0.0				False	liver	early	enformer
5976	0.0	0.0	0.0				False	liver	early	enformer
5977	0.0	0.0	0.0				False	liver	early	enformer
5978	0.0	0.0	0.0				False	liver	early	enformer
5979	0.0	0.0	0.0				False	liver	early	enformer
5980	0.0	0.0	0.0				False	liver	early	enformer
5981	0.0	0.0	0.0				False	liver	early	enformer
5982	0.0	0.0	0.0				False	liver	early	enformer
5983	0.0	0.0	0.0				False	liver	early	enformer
5984	0.0	0.0	0.0				False	liver	early	enformer
5985	0.0	0.0	0.0				False	liver	early	enformer
5986	0.0	0.0	0.0				False	liver	early	enformer
5987	0.0	0.0	0.0				False	liver	early	enformer
5988	0.0	0.0	0.0				False	liver	early	enformer
5989	0.0	0.0	0.0				False	liver	early	enformer
5990	0.0	0.0	0.0				False	liver	early	enformer
5991	0.0	0.0	0.0				False	liver	early	enformer
5992	0.0	0.0	0.0				False	liver	early	enformer
5993	0.0	0.0	0.0				False	liver	early	enformer
5994	0.0	0.0	0.0				False	liver	early	enformer
5995	0.0	0.0	0.0				False	liver	early	enformer
5996	0.0	0.0	0.0				False	liver	early	enformer
5997	0.0	0.0	0.0				False	liver	early	enformer
5998	0.0	0.0	0.0				False	liver	early	enformer
5999	0.0	0.0	0.0				False	liver	early	enformer
6000	0.0	0.0	0.0				False	liver	early	enformer
6001	0.0	0.0	0.0				False	liver	early	enformer
6002	0.0	0.0	0.0				False	liver	early	enformer
6003	0.0	0.0	0.0				False	liver	early	enformer
6004	0.0	0.0	0.0				False	liver	early	enformer
6005	0.0	0.0	0.0				False	liver	early	enformer
6006	0.0	0.0	0.0				False	liver	early	enformer
6007	0.0	0.0	0.0				False	liver	early	enformer
6008	0.0	0.0	0.0				False	liver	early	enformer
6009	0.0	0.0	0.0				False	liver	early	enformer
6010	0.0	0.0	0.0				False	liver	early	enformer
6011	0.0	0.0	0.0				False	liver	early	enformer
6012	0.0	0.0	0.0				False	liver	early	enformer
6013	0.0	0.0	0.0				False	liver	early	enformer
6014	0.0	0.0	0.0				False	liver	early	enformer
6015	0.0	0.0	0.0				False	liver	early	enformer
6016	0.0	0.0	0.0				False	liver	early	enformer
6018	0.0	0.0	0.0				False	liver	early	enformer
6019	0.0	0.0	0.0				False	liver	early	enformer
6021	0.0	0.0	0.0				False	liver	early	enformer
6022	0.0	0.0	0.0				False	liver	early	enformer
6024	0.0	0.0	0.0				False	liver	early	enformer
6025	0.0	0.0	0.0				False	liver	early	enformer
6026	0.0	0.0	0.0				False	liver	early	enformer
6027	0.0	0.0	0.0				False	liver	early	enformer
6028	0.0	0.0	0.0				False	liver	early	enformer
6029	0.0	0.0	0.0				False	liver	early	enformer
6030	0.0	0.0	0.0				False	liver	early	enformer
6031	0.0	0.0	0.0				False	liver	early	enformer
6032	0.0	0.0	0.0				False	liver	early	enformer
6033	0.0	0.0	0.0				False	liver	early	enformer
6034	0.0	0.0	0.0				False	liver	early	enformer
6035	0.0	0.0	0.0				False	liver	early	enformer
6036	0.0	0.0	0.0				False	liver	early	enformer
6037	0.0	0.0	0.0				False	liver	early	enformer
6038	0.0	0.0	0.0				False	liver	early	enformer
6039	0.0	0.0	0.0				False	liver	early	enformer
6040	0.0	0.0	0.0				False	liver	early	enformer
6041	0.0	0.0	0.0				False	liver	early	enformer
6042	0.0	0.0	0.0				False	liver	early	enformer
6043	0.0	0.0	0.0				False	liver	early	enformer
6044	0.0	0.0	0.0				False	liver	early	enformer
6045	0.0	0.0	0.0				False	liver	early	enformer
6046	0.0	0.0	0.0				False	liver	early	enformer
6047	0.0	0.0	0.0				False	liver	early	enformer
6049	0.0	0.0	0.0				False	liver	early	enformer
6050	0.0	0.0	0.0				False	liver	early	enformer
6051	0.0	0.0	0.0				False	liver	early	enformer
6052	0.0	0.0	0.0				False	liver	early	enformer
6054	0.0	0.0	0.0				False	liver	early	enformer
6055	0.0	0.0	0.0				False	liver	early	enformer
6056	0.0	0.0	0.0				False	liver	early	enformer
6057	0.0	0.0	0.0				False	liver	early	enformer
6058	0.0	0.0	0.0				False	liver	early	enformer
6059	0.0	0.0	0.0				False	liver	early	enformer
6060	0.0	0.0	0.0				False	liver	early	enformer
6061	0.0	0.0	0.0				False	liver	early	enformer
6062	0.0	0.0	0.0				False	liver	early	enformer
6063	0.0	0.0	0.0				False	liver	early	enformer
6064	0.0	0.0	0.0				False	liver	early	enformer
6065	0.0	0.0	0.0				False	liver	early	enformer
6066	0.0	0.0	0.0				False	liver	early	enformer
6067	0.0	0.0	0.0				False	liver	early	enformer
6068	0.0	0.0	0.0				False	liver	early	enformer
6069	0.0	0.0	0.0				False	liver	early	enformer
6070	0.0	0.0	0.0				False	liver	early	enformer
6071	0.0	0.0	0.0				False	liver	early	enformer
6072	0.0	0.0	0.0				False	liver	early	enformer
6073	0.0	0.0	0.0				False	liver	early	enformer
6074	0.0	0.0	0.0				False	liver	early	enformer
6075	0.0	0.0	0.0				False	liver	early	enformer
6076	0.0	0.0	0.0				False	liver	early	enformer
6077	0.0	0.0	0.0				False	liver	early	enformer
6078	0.0	0.0	0.0				False	liver	early	enformer
6079	0.0	0.0	0.0				False	liver	early	enformer
6080	0.0	0.0	0.0				False	liver	early	enformer
6081	0.0	0.0	0.0				False	liver	early	enformer
6082	0.0	0.0	0.0				False	liver	early	enformer
6083	0.0	0.0	0.0				False	liver	early	enformer
6084	0.0	0.0	0.0				False	liver	early	enformer
6085	0.0	0.0	0.0				False	liver	early	enformer
6086	0.0	0.0	0.0				False	liver	early	enformer
6087	0.0	0.0	0.0				False	liver	early	enformer
6088	0.0	0.0	0.0				False	liver	early	enformer
6089	0.0	0.0	0.0				False	liver	early	enformer
6090	0.0	0.0	0.0				False	liver	early	enformer
6091	0.0	0.0	0.0				False	liver	early	enformer
6092	0.0	0.0	0.0				False	liver	early	enformer
6093	0.0	0.0	0.0				False	liver	early	enformer
6094	0.0	0.0	0.0				False	liver	early	enformer
6095	0.0	0.0	0.0				False	liver	early	enformer
6096	0.0	0.0	0.0				False	liver	early	enformer
6097	0.0	0.0	0.0				False	liver	early	enformer
6098	0.0	0.0	0.0				False	liver	early	enformer
6099	0.0	0.0	0.0				False	liver	early	enformer
6100	0.0	0.0	0.0				False	liver	early	enformer
6101	0.0	0.0	0.0				False	liver	early	enformer
6102	0.0	0.0	0.0				False	liver	early	enformer
6103	0.0	0.0	0.0				False	liver	early	enformer
6104	0.0	0.0	0.0				False	liver	early	enformer
6105	0.0	0.0	0.0				False	liver	early	enformer
6106	0.0	0.0	0.0				False	liver	early	enformer
6107	0.0	0.0	0.0				False	liver	early	enformer
6108	0.0	0.0	0.0				False	liver	early	enformer
6109	0.0	0.0	0.0				False	liver	early	enformer
6110	0.0	0.0	0.0				False	liver	early	enformer
6111	0.0	0.0	0.0				False	liver	early	enformer
6112	0.0	0.0	0.0				False	liver	early	enformer
6113	0.0	0.0	0.0				False	liver	early	enformer
6114	0.0	0.0	0.0				False	liver	early	enformer
6115	0.0	0.0	0.0				False	liver	early	enformer
6116	0.0	0.0	0.0				False	liver	early	enformer
6117	0.0	0.0	0.0				False	liver	early	enformer
6118	0.0	0.0	0.0				False	liver	early	enformer
6119	0.0	0.0	0.0				False	liver	early	enformer
6120	0.0	0.0	0.0				False	liver	early	enformer
6121	0.0	0.0	0.0				False	liver	early	enformer
6123	0.0	0.0	0.0				False	liver	early	enformer
6124	0.0	0.0	0.0				False	liver	early	enformer
6125	0.0	0.0	0.0				False	liver	early	enformer
6126	0.0	0.0	0.0				False	liver	early	enformer
6127	0.0	0.0	0.0				False	liver	early	enformer
6128	0.0	0.0	0.0				False	liver	early	enformer
6129	0.0	0.0	0.0				False	liver	early	enformer
6130	0.0	0.0	0.0				False	liver	early	enformer
6131	0.0	0.0	0.0				False	liver	early	enformer
6132	0.0	0.0	0.0				False	liver	early	enformer
6133	0.0	0.0	0.0				False	liver	early	enformer
6134	0.0	0.0	0.0				False	liver	early	enformer
6135	0.0	0.0	0.0				False	liver	early	enformer
6136	0.0	0.0	0.0				False	liver	early	enformer
6137	0.0	0.0	0.0				False	liver	early	enformer
6138	0.0	0.0	0.0				False	liver	early	enformer
6139	0.0	0.0	0.0				False	liver	early	enformer
6140	0.0	0.0	0.0				False	liver	early	enformer
6141	0.0	0.0	0.0				False	liver	early	enformer
6142	0.0	0.0	0.0				False	liver	early	enformer
6143	0.0	0.0	0.0				False	liver	early	enformer
