feature_id	cds	vitro_mean	vivo_mean	t_stat	pval	pval_bonf	significant	pair	layer	model
3039	1.018589	1.018589	0.0	3.1730063	0.0015431392	1.0	False	lymph	early	nucleotide_transformer
2525	1.0185395	1.0185395	0.0	3.1730053	0.001543145	1.0	False	lymph	early	nucleotide_transformer
4590	1.0184513	1.0184513	0.0	3.173004	0.0015431519	1.0	False	lymph	early	nucleotide_transformer
4157	1.0184704	1.0184704	0.0	3.1730037	0.0015431535	1.0	False	lymph	early	nucleotide_transformer
4238	1.018392	1.018392	0.0	3.1730015	0.0015431663	1.0	False	lymph	early	nucleotide_transformer
566	1.0203091	1.0203091	0.0	3.1729703	0.001543331	1.0	False	lymph	early	nucleotide_transformer
824	0.91702145	0.91702145	0.0	3.0090313	0.0026700113	1.0	False	lymph	early	nucleotide_transformer
320	0.91653657	0.91653657	0.0	3.0090277	0.0026700427	1.0	False	lymph	early	nucleotide_transformer
2436	0.91730046	0.91730046	0.0	3.0090177	0.0026701293	1.0	False	lymph	early	nucleotide_transformer
2209	0.9172305	0.9172305	0.0	3.0090175	0.0026701316	1.0	False	lymph	early	nucleotide_transformer
3660	0.91789347	0.91789347	0.0	3.009015	0.0026701533	1.0	False	lymph	early	nucleotide_transformer
4682	0.91780996	0.91780996	0.0	3.009014	0.0026701612	1.0	False	lymph	early	nucleotide_transformer
1781	0.8148677	0.8148677	0.0	2.8358955	0.0046388027	1.0	False	lymph	early	nucleotide_transformer
2769	0.814864	0.814864	0.0	2.8358946	0.004638818	1.0	False	lymph	early	nucleotide_transformer
1768	0.8147809	0.8147809	0.0	2.8358924	0.0046388474	1.0	False	lymph	early	nucleotide_transformer
3290	0.8170985	0.8170985	0.0	2.8358839	0.004638969	1.0	False	lymph	early	nucleotide_transformer
156	0.81709015	0.81709015	0.0	2.8358836	0.0046389746	1.0	False	lymph	early	nucleotide_transformer
1178	0.8170657	0.8170657	0.0	2.8358827	0.0046389885	1.0	False	lymph	early	nucleotide_transformer
4764	0.8170701	0.8170701	0.0	2.835883	0.0046389885	1.0	False	lymph	early	nucleotide_transformer
1580	0.8170226	0.8170226	0.0	2.835882	0.004638999	1.0	False	lymph	early	nucleotide_transformer
4695	0.81476426	0.81476426	0.0	2.8358815	0.004639008	1.0	False	lymph	early	nucleotide_transformer
3427	0.81476665	0.81476665	0.0	2.835881	0.004639013	1.0	False	lymph	early	nucleotide_transformer
1462	0.8145595	0.8145595	0.0	2.8358796	0.004639033	1.0	False	lymph	early	nucleotide_transformer
4392	0.81490105	0.81490105	0.0	2.8358793	0.004639038	1.0	False	lymph	early	nucleotide_transformer
4206	0.8169723	0.8169723	0.0	2.8358777	0.0046390626	1.0	False	lymph	early	nucleotide_transformer
593	0.8164582	0.8164582	0.0	2.8358767	0.0046390765	1.0	False	lymph	early	nucleotide_transformer
3759	0.8159754	0.8159754	0.0	2.8358715	0.00463915	1.0	False	lymph	early	nucleotide_transformer
3996	0.8163197	0.8163197	0.0	2.8358672	0.0046392134	1.0	False	lymph	early	nucleotide_transformer
3409	0.81646234	0.81646234	0.0	2.8358657	0.004639233	1.0	False	lymph	early	nucleotide_transformer
2294	0.8155784	0.8155784	0.0	2.8358643	0.0046392526	1.0	False	lymph	early	nucleotide_transformer
244	0.81534696	0.81534696	0.0	2.835864	0.0046392577	1.0	False	lymph	early	nucleotide_transformer
3397	0.81572473	0.81572473	0.0	2.8358636	0.0046392675	1.0	False	lymph	early	nucleotide_transformer
374	0.8163129	0.8163129	0.0	2.835863	0.004639272	1.0	False	lymph	early	nucleotide_transformer
2810	0.7151019	0.7151019	0.0	2.651749	0.008102574	1.0	False	lymph	early	nucleotide_transformer
4749	0.71506906	0.71506906	0.0	2.6517472	0.00810261	1.0	False	lymph	early	nucleotide_transformer
308	0.7150317	0.7150317	0.0	2.6517467	0.008102627	1.0	False	lymph	early	nucleotide_transformer
4934	0.7148836	0.7148836	0.0	2.6517446	0.008102675	1.0	False	lymph	early	nucleotide_transformer
4920	0.7153298	0.7153298	0.0	2.6517446	0.008102675	1.0	False	lymph	early	nucleotide_transformer
867	0.71463794	0.71463794	0.0	2.651744	0.008102696	1.0	False	lymph	early	nucleotide_transformer
4466	0.71505684	0.71505684	0.0	2.651744	0.008102696	1.0	False	lymph	early	nucleotide_transformer
4066	0.715034	0.715034	0.0	2.6517437	0.008102702	1.0	False	lymph	early	nucleotide_transformer
2954	0.7150462	0.7150462	0.0	2.6517434	0.008102704	1.0	False	lymph	early	nucleotide_transformer
886	0.71494585	0.71494585	0.0	2.651743	0.008102712	1.0	False	lymph	early	nucleotide_transformer
3303	0.71503043	0.71503043	0.0	2.651743	0.008102715	1.0	False	lymph	early	nucleotide_transformer
2558	0.7152309	0.7152309	0.0	2.6517425	0.008102729	1.0	False	lymph	early	nucleotide_transformer
3695	0.7150152	0.7150152	0.0	2.6517425	0.008102729	1.0	False	lymph	early	nucleotide_transformer
3756	0.7149779	0.7149779	0.0	2.6517425	0.00810273	1.0	False	lymph	early	nucleotide_transformer
1436	0.71491766	0.71491766	0.0	2.651742	0.00810274	1.0	False	lymph	early	nucleotide_transformer
3661	0.71431416	0.71431416	0.0	2.651742	0.00810274	1.0	False	lymph	early	nucleotide_transformer
4582	0.714529	0.714529	0.0	2.651742	0.00810274	1.0	False	lymph	early	nucleotide_transformer
1388	0.71493757	0.71493757	0.0	2.651742	0.008102741	1.0	False	lymph	early	nucleotide_transformer
3083	0.715185	0.715185	0.0	2.6517415	0.008102749	1.0	False	lymph	early	nucleotide_transformer
2402	0.7148844	0.7148844	0.0	2.6517415	0.008102749	1.0	False	lymph	early	nucleotide_transformer
1725	0.7148985	0.7148985	0.0	2.6517415	0.008102749	1.0	False	lymph	early	nucleotide_transformer
1490	0.71491253	0.71491253	0.0	2.6517415	0.008102749	1.0	False	lymph	early	nucleotide_transformer
730	0.7148462	0.7148462	0.0	2.651741	0.008102761	1.0	False	lymph	early	nucleotide_transformer
2714	0.7148848	0.7148848	0.0	2.651741	0.008102761	1.0	False	lymph	early	nucleotide_transformer
3636	0.71486413	0.71486413	0.0	2.6517406	0.008102772	1.0	False	lymph	early	nucleotide_transformer
1605	0.7148472	0.7148472	0.0	2.6517406	0.008102772	1.0	False	lymph	early	nucleotide_transformer
4672	0.71483874	0.71483874	0.0	2.6517406	0.008102772	1.0	False	lymph	early	nucleotide_transformer
4064	0.7151402	0.7151402	0.0	2.65174	0.008102785	1.0	False	lymph	early	nucleotide_transformer
4281	0.71420884	0.71420884	0.0	2.65174	0.008102785	1.0	False	lymph	early	nucleotide_transformer
4359	0.71424973	0.71424973	0.0	2.65174	0.008102786	1.0	False	lymph	early	nucleotide_transformer
179	0.7148532	0.7148532	0.0	2.6517398	0.008102793	1.0	False	lymph	early	nucleotide_transformer
1674	0.7151086	0.7151086	0.0	2.6517396	0.008102793	1.0	False	lymph	early	nucleotide_transformer
3166	0.71510124	0.71510124	0.0	2.6517398	0.008102793	1.0	False	lymph	early	nucleotide_transformer
328	0.71478575	0.71478575	0.0	2.6517394	0.0081028	1.0	False	lymph	early	nucleotide_transformer
3540	0.71476144	0.71476144	0.0	2.6517391	0.0081028035	1.0	False	lymph	early	nucleotide_transformer
5075	0.7148049	0.7148049	0.0	2.6517391	0.0081028035	1.0	False	lymph	early	nucleotide_transformer
1871	0.71485996	0.71485996	0.0	2.6517386	0.008102821	1.0	False	lymph	early	nucleotide_transformer
157	0.7146902	0.7146902	0.0	2.6517377	0.008102837	1.0	False	lymph	early	nucleotide_transformer
3829	0.71411115	0.71411115	0.0	2.651738	0.008102838	1.0	False	lymph	early	nucleotide_transformer
1294	0.71405214	0.71405214	0.0	2.6517375	0.00810285	1.0	False	lymph	early	nucleotide_transformer
4394	0.7146073	0.7146073	0.0	2.6517367	0.008102866	1.0	False	lymph	early	nucleotide_transformer
4431	0.7146034	0.7146034	0.0	2.6517344	0.008102921	1.0	False	lymph	early	nucleotide_transformer
1950	0.7148173	0.7148173	0.0	2.6517344	0.008102921	1.0	False	lymph	early	nucleotide_transformer
3304	0.7134112	0.7134112	0.0	2.6517303	0.008103019	1.0	False	lymph	early	nucleotide_transformer
379	0.7138658	0.7138658	0.0	2.6517298	0.008103028	1.0	False	lymph	early	nucleotide_transformer
3895	0.71298766	0.71298766	0.0	2.6517296	0.008103035	1.0	False	lymph	early	nucleotide_transformer
1003	0.71329385	0.71329385	0.0	2.6517293	0.008103039	1.0	False	lymph	early	nucleotide_transformer
5090	0.7133646	0.7133646	0.0	2.6517293	0.008103039	1.0	False	lymph	early	nucleotide_transformer
3689	0.7134605	0.7134605	0.0	2.6517293	0.00810304	1.0	False	lymph	early	nucleotide_transformer
2614	0.71324307	0.71324307	0.0	2.651729	0.008103048	1.0	False	lymph	early	nucleotide_transformer
3879	0.71303666	0.71303666	0.0	2.6517289	0.00810305	1.0	False	lymph	early	nucleotide_transformer
2890	0.71333665	0.71333665	0.0	2.6517286	0.008103055	1.0	False	lymph	early	nucleotide_transformer
4570	0.71337086	0.71337086	0.0	2.6517284	0.008103063	1.0	False	lymph	early	nucleotide_transformer
1926	0.7131639	0.7131639	0.0	2.6517282	0.008103074	1.0	False	lymph	early	nucleotide_transformer
866	0.71292084	0.71292084	0.0	2.651728	0.008103076	1.0	False	lymph	early	nucleotide_transformer
4725	0.71289366	0.71289366	0.0	2.6517277	0.008103079	1.0	False	lymph	early	nucleotide_transformer
4736	0.7128935	0.7128935	0.0	2.6517272	0.00810309	1.0	False	lymph	early	nucleotide_transformer
790	0.7128499	0.7128499	0.0	2.6517272	0.008103091	1.0	False	lymph	early	nucleotide_transformer
3567	0.712824	0.712824	0.0	2.651727	0.0081031	1.0	False	lymph	early	nucleotide_transformer
1588	0.7127279	0.7127279	0.0	2.6517267	0.008103103	1.0	False	lymph	early	nucleotide_transformer
2650	0.7127058	0.7127058	0.0	2.651726	0.00810312	1.0	False	lymph	early	nucleotide_transformer
3368	0.71286666	0.71286666	0.0	2.6517258	0.008103124	1.0	False	lymph	early	nucleotide_transformer
4308	0.71267974	0.71267974	0.0	2.6517255	0.008103132	1.0	False	lymph	early	nucleotide_transformer
4432	0.714225	0.714225	0.0	2.6517239	0.008103169	1.0	False	lymph	early	nucleotide_transformer
896	0.7158933	0.7158933	0.0	2.6516979	0.008103791	1.0	False	lymph	early	nucleotide_transformer
1534	0.71561265	0.71561265	0.0	2.6516845	0.00810411	1.0	False	lymph	early	nucleotide_transformer
3478	0.7155998	0.7155998	0.0	2.6516843	0.008104115	1.0	False	lymph	early	nucleotide_transformer
4906	0.7154696	0.7154696	0.0	2.6516821	0.008104166	1.0	False	lymph	early	nucleotide_transformer
10	0.71540934	0.71540934	0.0	2.6516805	0.008104208	1.0	False	lymph	early	nucleotide_transformer
3416	0.7153715	0.7153715	0.0	2.6516802	0.008104212	1.0	False	lymph	early	nucleotide_transformer
2984	0.71537644	0.71537644	0.0	2.6516798	0.008104223	1.0	False	lymph	early	nucleotide_transformer
3137	0.71541566	0.71541566	0.0	2.6516764	0.008104304	1.0	False	lymph	early	nucleotide_transformer
2269	0.7154349	0.7154349	0.0	2.651676	0.008104313	1.0	False	lymph	early	nucleotide_transformer
4010	0.7153825	0.7153825	0.0	2.6516747	0.008104345	1.0	False	lymph	early	nucleotide_transformer
3052	0.6139012	0.6139012	0.0	2.454106	0.014250684	1.0	False	lymph	early	nucleotide_transformer
4907	0.61318845	0.61318845	0.0	2.454102	0.014250845	1.0	False	lymph	early	nucleotide_transformer
5118	0.6130731	0.6130731	0.0	2.4541013	0.014250876	1.0	False	lymph	early	nucleotide_transformer
3929	0.6130612	0.6130612	0.0	2.454101	0.014250885	1.0	False	lymph	early	nucleotide_transformer
4117	0.61310476	0.61310476	0.0	2.4541008	0.014250901	1.0	False	lymph	early	nucleotide_transformer
390	0.6133044	0.6133044	0.0	2.4541	0.014250932	1.0	False	lymph	early	nucleotide_transformer
4020	0.614192	0.614192	0.0	2.454095	0.014251131	1.0	False	lymph	early	nucleotide_transformer
5047	0.6128717	0.6128717	0.0	2.4540944	0.014251152	1.0	False	lymph	early	nucleotide_transformer
3473	0.614214	0.614214	0.0	2.4540944	0.014251152	1.0	False	lymph	early	nucleotide_transformer
3056	0.61420625	0.61420625	0.0	2.4540942	0.014251158	1.0	False	lymph	early	nucleotide_transformer
2745	0.61415863	0.61415863	0.0	2.454094	0.014251175	1.0	False	lymph	early	nucleotide_transformer
863	0.61411357	0.61411357	0.0	2.4540937	0.014251176	1.0	False	lymph	early	nucleotide_transformer
2233	0.6144316	0.6144316	0.0	2.4540937	0.014251176	1.0	False	lymph	early	nucleotide_transformer
2893	0.61282456	0.61282456	0.0	2.4540935	0.014251184	1.0	False	lymph	early	nucleotide_transformer
2831	0.61406666	0.61406666	0.0	2.4540932	0.014251197	1.0	False	lymph	early	nucleotide_transformer
4250	0.6139321	0.6139321	0.0	2.454093	0.014251205	1.0	False	lymph	early	nucleotide_transformer
3609	0.614092	0.614092	0.0	2.454093	0.014251205	1.0	False	lymph	early	nucleotide_transformer
2897	0.6141134	0.6141134	0.0	2.4540927	0.014251219	1.0	False	lymph	early	nucleotide_transformer
663	0.61072123	0.61072123	0.0	2.4540927	0.014251219	1.0	False	lymph	early	nucleotide_transformer
3955	0.61277926	0.61277926	0.0	2.4540925	0.014251223	1.0	False	lymph	early	nucleotide_transformer
1925	0.61406004	0.61406004	0.0	2.4540923	0.014251233	1.0	False	lymph	early	nucleotide_transformer
2438	0.612726	0.612726	0.0	2.454092	0.014251247	1.0	False	lymph	early	nucleotide_transformer
420	0.61403733	0.61403733	0.0	2.454092	0.014251247	1.0	False	lymph	early	nucleotide_transformer
577	0.6122401	0.6122401	0.0	2.4540913	0.014251273	1.0	False	lymph	early	nucleotide_transformer
5002	0.6127332	0.6127332	0.0	2.454091	0.014251278	1.0	False	lymph	early	nucleotide_transformer
1437	0.6139994	0.6139994	0.0	2.454091	0.014251278	1.0	False	lymph	early	nucleotide_transformer
4507	0.61219805	0.61219805	0.0	2.4540908	0.014251285	1.0	False	lymph	early	nucleotide_transformer
4623	0.61264974	0.61264974	0.0	2.45409	0.014251323	1.0	False	lymph	early	nucleotide_transformer
1859	0.612634	0.612634	0.0	2.4540899	0.014251323	1.0	False	lymph	early	nucleotide_transformer
2227	0.61258996	0.61258996	0.0	2.4540899	0.014251323	1.0	False	lymph	early	nucleotide_transformer
4449	0.61262643	0.61262643	0.0	2.4540896	0.014251338	1.0	False	lymph	early	nucleotide_transformer
919	0.61258316	0.61258316	0.0	2.4540896	0.014251338	1.0	False	lymph	early	nucleotide_transformer
234	0.61149806	0.61149806	0.0	2.4540894	0.014251346	1.0	False	lymph	early	nucleotide_transformer
2274	0.61259264	0.61259264	0.0	2.4540894	0.014251346	1.0	False	lymph	early	nucleotide_transformer
3744	0.611846	0.611846	0.0	2.4540892	0.014251358	1.0	False	lymph	early	nucleotide_transformer
4365	0.61254835	0.61254835	0.0	2.454089	0.014251366	1.0	False	lymph	early	nucleotide_transformer
3741	0.61179066	0.61179066	0.0	2.4540887	0.014251377	1.0	False	lymph	early	nucleotide_transformer
779	0.61162174	0.61162174	0.0	2.4540887	0.014251377	1.0	False	lymph	early	nucleotide_transformer
3165	0.61135167	0.61135167	0.0	2.4540884	0.014251391	1.0	False	lymph	early	nucleotide_transformer
786	0.6121006	0.6121006	0.0	2.4540884	0.014251391	1.0	False	lymph	early	nucleotide_transformer
4751	0.6118224	0.6118224	0.0	2.4540882	0.014251391	1.0	False	lymph	early	nucleotide_transformer
2086	0.61140966	0.61140966	0.0	2.4540884	0.014251391	1.0	False	lymph	early	nucleotide_transformer
3972	0.6125321	0.6125321	0.0	2.4540882	0.014251391	1.0	False	lymph	early	nucleotide_transformer
555	0.6119274	0.6119274	0.0	2.454088	0.014251396	1.0	False	lymph	early	nucleotide_transformer
4185	0.611328	0.611328	0.0	2.454088	0.014251396	1.0	False	lymph	early	nucleotide_transformer
3357	0.61248696	0.61248696	0.0	2.4540877	0.014251412	1.0	False	lymph	early	nucleotide_transformer
2229	0.61160713	0.61160713	0.0	2.4540877	0.014251412	1.0	False	lymph	early	nucleotide_transformer
3275	0.61125535	0.61125535	0.0	2.4540873	0.014251431	1.0	False	lymph	early	nucleotide_transformer
2330	0.6124859	0.6124859	0.0	2.4540873	0.014251431	1.0	False	lymph	early	nucleotide_transformer
1119	0.6118896	0.6118896	0.0	2.454087	0.014251447	1.0	False	lymph	early	nucleotide_transformer
3443	0.6118563	0.6118563	0.0	2.454087	0.014251447	1.0	False	lymph	early	nucleotide_transformer
2050	0.61121064	0.61121064	0.0	2.4540863	0.014251467	1.0	False	lymph	early	nucleotide_transformer
1182	0.61197186	0.61197186	0.0	2.4540863	0.014251467	1.0	False	lymph	early	nucleotide_transformer
4829	0.6112745	0.6112745	0.0	2.4540863	0.014251467	1.0	False	lymph	early	nucleotide_transformer
4564	0.6114989	0.6114989	0.0	2.4540865	0.014251467	1.0	False	lymph	early	nucleotide_transformer
615	0.6123432	0.6123432	0.0	2.4540865	0.014251467	1.0	False	lymph	early	nucleotide_transformer
2566	0.61099476	0.61099476	0.0	2.454086	0.014251478	1.0	False	lymph	early	nucleotide_transformer
3719	0.61243343	0.61243343	0.0	2.454086	0.014251478	1.0	False	lymph	early	nucleotide_transformer
2381	0.6112779	0.6112779	0.0	2.4540858	0.014251494	1.0	False	lymph	early	nucleotide_transformer
1221	0.6112176	0.6112176	0.0	2.4540856	0.014251498	1.0	False	lymph	early	nucleotide_transformer
3234	0.6118791	0.6118791	0.0	2.454085	0.014251525	1.0	False	lymph	early	nucleotide_transformer
2861	0.61194307	0.61194307	0.0	2.454085	0.014251525	1.0	False	lymph	early	nucleotide_transformer
236	0.6120551	0.6120551	0.0	2.4540849	0.01425153	1.0	False	lymph	early	nucleotide_transformer
3362	0.6118903	0.6118903	0.0	2.4540849	0.01425153	1.0	False	lymph	early	nucleotide_transformer
3472	0.61103904	0.61103904	0.0	2.4540849	0.01425153	1.0	False	lymph	early	nucleotide_transformer
199	0.61100966	0.61100966	0.0	2.4540849	0.01425153	1.0	False	lymph	early	nucleotide_transformer
2763	0.6121968	0.6121968	0.0	2.4540834	0.014251593	1.0	False	lymph	early	nucleotide_transformer
4777	0.61238986	0.61238986	0.0	2.4540834	0.014251593	1.0	False	lymph	early	nucleotide_transformer
931	0.61180174	0.61180174	0.0	2.4540834	0.014251593	1.0	False	lymph	early	nucleotide_transformer
3507	0.61206543	0.61206543	0.0	2.4540823	0.014251631	1.0	False	lymph	early	nucleotide_transformer
452	0.6122754	0.6122754	0.0	2.4540823	0.014251631	1.0	False	lymph	early	nucleotide_transformer
3875	0.61190426	0.61190426	0.0	2.4540815	0.014251659	1.0	False	lymph	early	nucleotide_transformer
1634	0.6117914	0.6117914	0.0	2.4540784	0.014251777	1.0	False	lymph	early	nucleotide_transformer
1788	1.2783679	1.6303279	0.35196006	2.3815718	0.017373698	1.0	False	lymph	early	nucleotide_transformer
2823	0.51148665	0.51148665	0.0	2.239455	0.02529069	1.0	False	lymph	early	nucleotide_transformer
1884	0.5096476	0.5096476	0.0	2.2394502	0.025290998	1.0	False	lymph	early	nucleotide_transformer
3945	0.5095519	0.5095519	0.0	2.2394493	0.025291067	1.0	False	lymph	early	nucleotide_transformer
3048	0.5095289	0.5095289	0.0	2.2394485	0.025291108	1.0	False	lymph	early	nucleotide_transformer
2430	0.5105157	0.5105157	0.0	2.2394428	0.025291484	1.0	False	lymph	early	nucleotide_transformer
2752	0.51046735	0.51046735	0.0	2.2394428	0.025291484	1.0	False	lymph	early	nucleotide_transformer
3449	0.5096665	0.5096665	0.0	2.2394423	0.025291516	1.0	False	lymph	early	nucleotide_transformer
3129	0.510403	0.510403	0.0	2.239442	0.025291527	1.0	False	lymph	early	nucleotide_transformer
611	0.5095955	0.5095955	0.0	2.2394419	0.02529154	1.0	False	lymph	early	nucleotide_transformer
5061	0.5094795	0.5094795	0.0	2.2394416	0.02529156	1.0	False	lymph	early	nucleotide_transformer
4545	0.51038957	0.51038957	0.0	2.2394416	0.02529156	1.0	False	lymph	early	nucleotide_transformer
1993	0.5102511	0.5102511	0.0	2.2394416	0.02529156	1.0	False	lymph	early	nucleotide_transformer
1244	0.51042485	0.51042485	0.0	2.2394416	0.025291564	1.0	False	lymph	early	nucleotide_transformer
4825	0.51024383	0.51024383	0.0	2.2394414	0.02529157	1.0	False	lymph	early	nucleotide_transformer
4182	0.50951934	0.50951934	0.0	2.2394414	0.02529157	1.0	False	lymph	early	nucleotide_transformer
3910	0.5104255	0.5104255	0.0	2.2394414	0.02529157	1.0	False	lymph	early	nucleotide_transformer
565	0.5104202	0.5104202	0.0	2.2394414	0.02529157	1.0	False	lymph	early	nucleotide_transformer
1668	0.50950164	0.50950164	0.0	2.2394412	0.02529159	1.0	False	lymph	early	nucleotide_transformer
2444	0.509482	0.509482	0.0	2.2394412	0.02529159	1.0	False	lymph	early	nucleotide_transformer
3384	0.5094458	0.5094458	0.0	2.239441	0.025291605	1.0	False	lymph	early	nucleotide_transformer
3213	0.50940484	0.50940484	0.0	2.239441	0.025291605	1.0	False	lymph	early	nucleotide_transformer
817	0.5093052	0.5093052	0.0	2.239441	0.025291605	1.0	False	lymph	early	nucleotide_transformer
1994	0.5094533	0.5094533	0.0	2.239441	0.025291605	1.0	False	lymph	early	nucleotide_transformer
2624	0.5094552	0.5094552	0.0	2.239441	0.025291605	1.0	False	lymph	early	nucleotide_transformer
1100	0.51024395	0.51024395	0.0	2.239441	0.025291607	1.0	False	lymph	early	nucleotide_transformer
2757	0.5094036	0.5094036	0.0	2.2394407	0.025291618	1.0	False	lymph	early	nucleotide_transformer
1478	0.50939506	0.50939506	0.0	2.2394407	0.025291618	1.0	False	lymph	early	nucleotide_transformer
4944	0.50960225	0.50960225	0.0	2.2394407	0.02529162	1.0	False	lymph	early	nucleotide_transformer
1621	0.5101713	0.5101713	0.0	2.2394404	0.025291637	1.0	False	lymph	early	nucleotide_transformer
1283	0.5088557	0.5088557	0.0	2.2394402	0.025291646	1.0	False	lymph	early	nucleotide_transformer
3516	0.5093613	0.5093613	0.0	2.2394402	0.025291646	1.0	False	lymph	early	nucleotide_transformer
4175	0.5095011	0.5095011	0.0	2.23944	0.025291672	1.0	False	lymph	early	nucleotide_transformer
3418	0.5093392	0.5093392	0.0	2.23944	0.025291672	1.0	False	lymph	early	nucleotide_transformer
2314	0.5093031	0.5093031	0.0	2.23944	0.025291672	1.0	False	lymph	early	nucleotide_transformer
4419	0.51008576	0.51008576	0.0	2.23944	0.025291672	1.0	False	lymph	early	nucleotide_transformer
2363	0.5101241	0.5101241	0.0	2.23944	0.025291672	1.0	False	lymph	early	nucleotide_transformer
277	0.50916857	0.50916857	0.0	2.2394397	0.025291678	1.0	False	lymph	early	nucleotide_transformer
177	0.5092554	0.5092554	0.0	2.2394395	0.0252917	1.0	False	lymph	early	nucleotide_transformer
1709	0.5100468	0.5100468	0.0	2.2394395	0.0252917	1.0	False	lymph	early	nucleotide_transformer
667	0.509073	0.509073	0.0	2.2394392	0.025291715	1.0	False	lymph	early	nucleotide_transformer
3071	0.50905794	0.50905794	0.0	2.2394392	0.025291715	1.0	False	lymph	early	nucleotide_transformer
560	0.5093715	0.5093715	0.0	2.239439	0.025291722	1.0	False	lymph	early	nucleotide_transformer
904	0.50940657	0.50940657	0.0	2.239439	0.025291722	1.0	False	lymph	early	nucleotide_transformer
4301	0.5092961	0.5092961	0.0	2.239439	0.025291722	1.0	False	lymph	early	nucleotide_transformer
3136	0.5095992	0.5095992	0.0	2.239439	0.025291726	1.0	False	lymph	early	nucleotide_transformer
1038	0.5090325	0.5090325	0.0	2.2394388	0.02529175	1.0	False	lymph	early	nucleotide_transformer
2779	0.509022	0.509022	0.0	2.2394388	0.02529175	1.0	False	lymph	early	nucleotide_transformer
2069	0.50873965	0.50873965	0.0	2.2394388	0.02529175	1.0	False	lymph	early	nucleotide_transformer
4348	0.5096444	0.5096444	0.0	2.2394388	0.02529175	1.0	False	lymph	early	nucleotide_transformer
3146	0.5090551	0.5090551	0.0	2.2394388	0.02529175	1.0	False	lymph	early	nucleotide_transformer
2916	0.5095919	0.5095919	0.0	2.2394388	0.025291754	1.0	False	lymph	early	nucleotide_transformer
4319	0.5092456	0.5092456	0.0	2.2394388	0.025291754	1.0	False	lymph	early	nucleotide_transformer
1990	0.5091713	0.5091713	0.0	2.2394385	0.025291773	1.0	False	lymph	early	nucleotide_transformer
623	0.5089928	0.5089928	0.0	2.2394385	0.025291774	1.0	False	lymph	early	nucleotide_transformer
552	0.50935817	0.50935817	0.0	2.2394385	0.025291774	1.0	False	lymph	early	nucleotide_transformer
1381	0.509317	0.509317	0.0	2.2394383	0.025291778	1.0	False	lymph	early	nucleotide_transformer
2750	0.5089757	0.5089757	0.0	2.2394383	0.025291778	1.0	False	lymph	early	nucleotide_transformer
4858	0.5089581	0.5089581	0.0	2.2394383	0.025291778	1.0	False	lymph	early	nucleotide_transformer
5079	0.5089725	0.5089725	0.0	2.2394383	0.025291778	1.0	False	lymph	early	nucleotide_transformer
2109	0.50954026	0.50954026	0.0	2.2394383	0.025291778	1.0	False	lymph	early	nucleotide_transformer
685	0.50893885	0.50893885	0.0	2.2394378	0.025291808	1.0	False	lymph	early	nucleotide_transformer
2796	0.5089351	0.5089351	0.0	2.2394378	0.025291808	1.0	False	lymph	early	nucleotide_transformer
1165	0.51051754	0.51051754	0.0	2.2394376	0.02529183	1.0	False	lymph	early	nucleotide_transformer
960	0.50907975	0.50907975	0.0	2.2394369	0.025291866	1.0	False	lymph	early	nucleotide_transformer
2085	0.50912374	0.50912374	0.0	2.2394369	0.02529187	1.0	False	lymph	early	nucleotide_transformer
1785	0.50930375	0.50930375	0.0	2.2394366	0.025291879	1.0	False	lymph	early	nucleotide_transformer
4670	0.50930935	0.50930935	0.0	2.2394366	0.025291879	1.0	False	lymph	early	nucleotide_transformer
2544	0.5090689	0.5090689	0.0	2.2394364	0.025291901	1.0	False	lymph	early	nucleotide_transformer
2083	0.5090277	0.5090277	0.0	2.2394364	0.025291901	1.0	False	lymph	early	nucleotide_transformer
1257	0.50898963	0.50898963	0.0	2.2394361	0.02529191	1.0	False	lymph	early	nucleotide_transformer
266	0.5091178	0.5091178	0.0	2.239436	0.025291925	1.0	False	lymph	early	nucleotide_transformer
3096	0.5090782	0.5090782	0.0	2.2394347	0.025292	1.0	False	lymph	early	nucleotide_transformer
3293	0.5088401	0.5088401	0.0	2.2394342	0.025292035	1.0	False	lymph	early	nucleotide_transformer
4306	0.5090571	0.5090571	0.0	2.2394342	0.025292035	1.0	False	lymph	early	nucleotide_transformer
1208	0.5102566	0.5102566	0.0	2.239434	0.025292043	1.0	False	lymph	early	nucleotide_transformer
2410	0.51005816	0.51005816	0.0	2.239433	0.025292113	1.0	False	lymph	early	nucleotide_transformer
1786	0.5105165	0.5105165	0.0	2.2394328	0.02529212	1.0	False	lymph	early	nucleotide_transformer
1426	0.5101452	0.5101452	0.0	2.2394326	0.025292147	1.0	False	lymph	early	nucleotide_transformer
2428	0.50975984	0.50975984	0.0	2.2394323	0.025292167	1.0	False	lymph	early	nucleotide_transformer
344	0.510113	0.510113	0.0	2.2394323	0.025292167	1.0	False	lymph	early	nucleotide_transformer
737	0.51016074	0.51016074	0.0	2.239432	0.025292177	1.0	False	lymph	early	nucleotide_transformer
4765	0.51045364	0.51045364	0.0	2.2394319	0.025292188	1.0	False	lymph	early	nucleotide_transformer
3589	0.5100264	0.5100264	0.0	2.2394319	0.025292188	1.0	False	lymph	early	nucleotide_transformer
4819	0.5100644	0.5100644	0.0	2.2394316	0.025292212	1.0	False	lymph	early	nucleotide_transformer
2726	0.5104515	0.5104515	0.0	2.2394316	0.025292212	1.0	False	lymph	early	nucleotide_transformer
2480	0.5100451	0.5100451	0.0	2.2394316	0.025292221	1.0	False	lymph	early	nucleotide_transformer
669	0.5105131	0.5105131	0.0	2.2394311	0.025292233	1.0	False	lymph	early	nucleotide_transformer
4513	0.50971174	0.50971174	0.0	2.2394314	0.025292233	1.0	False	lymph	early	nucleotide_transformer
3133	0.50881505	0.50881505	0.0	2.2394307	0.02529227	1.0	False	lymph	early	nucleotide_transformer
3053	0.5098794	0.5098794	0.0	2.2394302	0.025292305	1.0	False	lymph	early	nucleotide_transformer
971	0.5099167	0.5099167	0.0	2.23943	0.02529232	1.0	False	lymph	early	nucleotide_transformer
2179	0.5103426	0.5103426	0.0	2.23943	0.02529232	1.0	False	lymph	early	nucleotide_transformer
232	0.51007384	0.51007384	0.0	2.2394297	0.025292326	1.0	False	lymph	early	nucleotide_transformer
1946	0.5099117	0.5099117	0.0	2.2394297	0.025292326	1.0	False	lymph	early	nucleotide_transformer
1678	0.5106354	0.5106354	0.0	2.2394295	0.02529236	1.0	False	lymph	early	nucleotide_transformer
3429	0.5098265	0.5098265	0.0	2.2394292	0.025292361	1.0	False	lymph	early	nucleotide_transformer
1492	0.5096827	0.5096827	0.0	2.2394288	0.025292398	1.0	False	lymph	early	nucleotide_transformer
2157	0.5097098	0.5097098	0.0	2.2394288	0.025292398	1.0	False	lymph	early	nucleotide_transformer
4539	0.5097949	0.5097949	0.0	2.2394283	0.025292434	1.0	False	lymph	early	nucleotide_transformer
4818	0.5096964	0.5096964	0.0	2.239428	0.025292438	1.0	False	lymph	early	nucleotide_transformer
1266	0.50970715	0.50970715	0.0	2.2394278	0.025292452	1.0	False	lymph	early	nucleotide_transformer
3364	0.5099376	0.5099376	0.0	2.2394278	0.025292452	1.0	False	lymph	early	nucleotide_transformer
1482	0.50971174	0.50971174	0.0	2.2394276	0.025292475	1.0	False	lymph	early	nucleotide_transformer
4770	0.5096753	0.5096753	0.0	2.2394273	0.025292492	1.0	False	lymph	early	nucleotide_transformer
4658	0.5096862	0.5096862	0.0	2.2394273	0.025292492	1.0	False	lymph	early	nucleotide_transformer
898	0.5096878	0.5096878	0.0	2.2394273	0.025292492	1.0	False	lymph	early	nucleotide_transformer
1955	0.50971067	0.50971067	0.0	2.2394269	0.025292518	1.0	False	lymph	early	nucleotide_transformer
2356	0.51117784	0.51117784	0.0	2.2394266	0.025292544	1.0	False	lymph	early	nucleotide_transformer
2121	0.5096912	0.5096912	0.0	2.2394252	0.025292628	1.0	False	lymph	early	nucleotide_transformer
1559	0.51070887	0.51070887	0.0	2.2394247	0.02529265	1.0	False	lymph	early	nucleotide_transformer
4894	0.5098508	0.5098508	0.0	2.239422	0.02529283	1.0	False	lymph	early	nucleotide_transformer
333	0.50989246	0.50989246	0.0	2.2394218	0.025292838	1.0	False	lymph	early	nucleotide_transformer
3260	0.5113383	0.5113383	0.0	2.2394216	0.025292858	1.0	False	lymph	early	nucleotide_transformer
793	0.5104336	0.5104336	0.0	2.2394214	0.025292885	1.0	False	lymph	early	nucleotide_transformer
1876	0.5104291	0.5104291	0.0	2.2394211	0.025292898	1.0	False	lymph	early	nucleotide_transformer
1537	0.51127696	0.51127696	0.0	2.239421	0.025292905	1.0	False	lymph	early	nucleotide_transformer
4557	0.5112502	0.5112502	0.0	2.23942	0.02529297	1.0	False	lymph	early	nucleotide_transformer
1453	0.51122546	0.51122546	0.0	2.2394197	0.025292981	1.0	False	lymph	early	nucleotide_transformer
4171	0.5111783	0.5111783	0.0	2.2394187	0.025293047	1.0	False	lymph	early	nucleotide_transformer
621	0.40725562	0.40725562	0.0	2.002275	0.045457426	1.0	False	lymph	early	nucleotide_transformer
755	0.40722743	0.40722743	0.0	2.0022745	0.045457482	1.0	False	lymph	early	nucleotide_transformer
5076	0.4071615	0.4071615	0.0	2.002274	0.045457512	1.0	False	lymph	early	nucleotide_transformer
1901	0.40713322	0.40713322	0.0	2.0022738	0.04545755	1.0	False	lymph	early	nucleotide_transformer
3310	0.40714806	0.40714806	0.0	2.0022738	0.04545755	1.0	False	lymph	early	nucleotide_transformer
1408	0.40711346	0.40711346	0.0	2.0022736	0.04545759	1.0	False	lymph	early	nucleotide_transformer
4914	0.4071109	0.4071109	0.0	2.0022733	0.0454576	1.0	False	lymph	early	nucleotide_transformer
1997	0.4070838	0.4070838	0.0	2.002273	0.04545764	1.0	False	lymph	early	nucleotide_transformer
3873	0.40738973	0.40738973	0.0	2.0022695	0.04545801	1.0	False	lymph	early	nucleotide_transformer
384	0.40740693	0.40740693	0.0	2.0022695	0.04545801	1.0	False	lymph	early	nucleotide_transformer
3510	0.40736008	0.40736008	0.0	2.002269	0.04545806	1.0	False	lymph	early	nucleotide_transformer
401	0.40725887	0.40725887	0.0	2.002268	0.04545817	1.0	False	lymph	early	nucleotide_transformer
1844	0.4074087	0.4074087	0.0	2.002268	0.04545817	1.0	False	lymph	early	nucleotide_transformer
1870	0.40730518	0.40730518	0.0	2.0022678	0.045458194	1.0	False	lymph	early	nucleotide_transformer
3688	0.4073147	0.4073147	0.0	2.0022676	0.045458235	1.0	False	lymph	early	nucleotide_transformer
4841	0.40728587	0.40728587	0.0	2.0022676	0.045458235	1.0	False	lymph	early	nucleotide_transformer
4119	0.40722466	0.40722466	0.0	2.0022671	0.045458257	1.0	False	lymph	early	nucleotide_transformer
1845	0.40723	0.40723	0.0	2.002267	0.0454583	1.0	False	lymph	early	nucleotide_transformer
4488	0.40706733	0.40706733	0.0	2.002267	0.0454583	1.0	False	lymph	early	nucleotide_transformer
444	0.407102	0.407102	0.0	2.002267	0.0454583	1.0	False	lymph	early	nucleotide_transformer
4159	0.40717357	0.40717357	0.0	2.0022664	0.04545835	1.0	False	lymph	early	nucleotide_transformer
4814	0.407396	0.407396	0.0	2.0022664	0.04545835	1.0	False	lymph	early	nucleotide_transformer
3962	0.40721032	0.40721032	0.0	2.0022664	0.04545835	1.0	False	lymph	early	nucleotide_transformer
697	0.40741327	0.40741327	0.0	2.0022664	0.04545835	1.0	False	lymph	early	nucleotide_transformer
1638	0.40717193	0.40717193	0.0	2.0022662	0.045458373	1.0	False	lymph	early	nucleotide_transformer
5114	0.40725502	0.40725502	0.0	2.0022662	0.045458373	1.0	False	lymph	early	nucleotide_transformer
2011	0.4071857	0.4071857	0.0	2.002266	0.04545839	1.0	False	lymph	early	nucleotide_transformer
986	0.4072984	0.4072984	0.0	2.002266	0.04545839	1.0	False	lymph	early	nucleotide_transformer
618	0.4072999	0.4072999	0.0	2.0022657	0.045458414	1.0	False	lymph	early	nucleotide_transformer
4527	0.4072865	0.4072865	0.0	2.0022657	0.045458414	1.0	False	lymph	early	nucleotide_transformer
3950	0.40723938	0.40723938	0.0	2.0022657	0.045458414	1.0	False	lymph	early	nucleotide_transformer
579	0.40727744	0.40727744	0.0	2.0022655	0.045458447	1.0	False	lymph	early	nucleotide_transformer
1888	0.40714383	0.40714383	0.0	2.0022655	0.045458447	1.0	False	lymph	early	nucleotide_transformer
2678	0.40718758	0.40718758	0.0	2.0022652	0.04545848	1.0	False	lymph	early	nucleotide_transformer
2152	0.40744156	0.40744156	0.0	2.0022652	0.04545848	1.0	False	lymph	early	nucleotide_transformer
4106	0.40720543	0.40720543	0.0	2.002265	0.045458507	1.0	False	lymph	early	nucleotide_transformer
2339	0.40733677	0.40733677	0.0	2.002265	0.045458507	1.0	False	lymph	early	nucleotide_transformer
3948	0.40712398	0.40712398	0.0	2.002265	0.045458507	1.0	False	lymph	early	nucleotide_transformer
1711	0.40718684	0.40718684	0.0	2.002265	0.045458507	1.0	False	lymph	early	nucleotide_transformer
1995	0.4070892	0.4070892	0.0	2.0022647	0.04545854	1.0	False	lymph	early	nucleotide_transformer
4726	0.40723023	0.40723023	0.0	2.0022647	0.04545854	1.0	False	lymph	early	nucleotide_transformer
2320	0.40711382	0.40711382	0.0	2.0022647	0.04545854	1.0	False	lymph	early	nucleotide_transformer
1954	0.40706336	0.40706336	0.0	2.0022645	0.045458548	1.0	False	lymph	early	nucleotide_transformer
219	0.4072909	0.4072909	0.0	2.0022643	0.045458566	1.0	False	lymph	early	nucleotide_transformer
3448	0.40741464	0.40741464	0.0	2.0022643	0.045458566	1.0	False	lymph	early	nucleotide_transformer
4263	0.40726873	0.40726873	0.0	2.0022638	0.04545863	1.0	False	lymph	early	nucleotide_transformer
5035	0.40719706	0.40719706	0.0	2.0022638	0.04545863	1.0	False	lymph	early	nucleotide_transformer
5098	0.40715748	0.40715748	0.0	2.0022633	0.045458686	1.0	False	lymph	early	nucleotide_transformer
2773	0.40709332	0.40709332	0.0	2.0022628	0.04545872	1.0	False	lymph	early	nucleotide_transformer
3746	0.40708148	0.40708148	0.0	2.0022624	0.045458775	1.0	False	lymph	early	nucleotide_transformer
292	0.40825528	0.40825528	0.0	2.002256	0.045459468	1.0	False	lymph	early	nucleotide_transformer
1352	0.4082497	0.4082497	0.0	2.0022557	0.0454595	1.0	False	lymph	early	nucleotide_transformer
3243	0.4081748	0.4081748	0.0	2.0022552	0.04545953	1.0	False	lymph	early	nucleotide_transformer
301	0.40820542	0.40820542	0.0	2.0022552	0.04545953	1.0	False	lymph	early	nucleotide_transformer
3125	0.40851855	0.40851855	0.0	2.0022547	0.045459595	1.0	False	lymph	early	nucleotide_transformer
954	0.4085556	0.4085556	0.0	2.0022547	0.045459595	1.0	False	lymph	early	nucleotide_transformer
733	0.40843353	0.40843353	0.0	2.0022545	0.04545962	1.0	False	lymph	early	nucleotide_transformer
3572	0.40814954	0.40814954	0.0	2.002254	0.045459684	1.0	False	lymph	early	nucleotide_transformer
3588	0.40849924	0.40849924	0.0	2.002254	0.045459684	1.0	False	lymph	early	nucleotide_transformer
2658	0.4075913	0.4075913	0.0	2.0022538	0.045459725	1.0	False	lymph	early	nucleotide_transformer
4791	0.4078274	0.4078274	0.0	2.0022538	0.045459725	1.0	False	lymph	early	nucleotide_transformer
1093	0.40759763	0.40759763	0.0	2.0022538	0.045459725	1.0	False	lymph	early	nucleotide_transformer
375	0.40760833	0.40760833	0.0	2.0022538	0.045459725	1.0	False	lymph	early	nucleotide_transformer
3795	0.40755937	0.40755937	0.0	2.0022535	0.045459732	1.0	False	lymph	early	nucleotide_transformer
1650	0.4078024	0.4078024	0.0	2.0022535	0.045459732	1.0	False	lymph	early	nucleotide_transformer
393	0.40775973	0.40775973	0.0	2.0022533	0.04545975	1.0	False	lymph	early	nucleotide_transformer
3258	0.4077455	0.4077455	0.0	2.0022533	0.04545975	1.0	False	lymph	early	nucleotide_transformer
814	0.40942672	0.40942672	0.0	2.002253	0.04545978	1.0	False	lymph	early	nucleotide_transformer
2604	0.40769324	0.40769324	0.0	2.002253	0.04545978	1.0	False	lymph	early	nucleotide_transformer
4502	0.40843382	0.40843382	0.0	2.002253	0.04545978	1.0	False	lymph	early	nucleotide_transformer
2195	0.40856412	0.40856412	0.0	2.002253	0.04545978	1.0	False	lymph	early	nucleotide_transformer
368	0.40805355	0.40805355	0.0	2.0022528	0.04545981	1.0	False	lymph	early	nucleotide_transformer
1679	0.4074688	0.4074688	0.0	2.0022528	0.04545981	1.0	False	lymph	early	nucleotide_transformer
4123	0.40808278	0.40808278	0.0	2.0022528	0.04545981	1.0	False	lymph	early	nucleotide_transformer
636	0.40821177	0.40821177	0.0	2.0022528	0.04545981	1.0	False	lymph	early	nucleotide_transformer
4786	0.4079216	0.4079216	0.0	2.0022528	0.04545981	1.0	False	lymph	early	nucleotide_transformer
4219	0.4077137	0.4077137	0.0	2.0022528	0.04545981	1.0	False	lymph	early	nucleotide_transformer
1439	0.4080239	0.4080239	0.0	2.0022528	0.04545981	1.0	False	lymph	early	nucleotide_transformer
1083	0.40765318	0.40765318	0.0	2.0022526	0.04545983	1.0	False	lymph	early	nucleotide_transformer
3272	0.40807584	0.40807584	0.0	2.0022526	0.04545983	1.0	False	lymph	early	nucleotide_transformer
4568	0.4082852	0.4082852	0.0	2.0022523	0.04545984	1.0	False	lymph	early	nucleotide_transformer
3380	0.4088088	0.4088088	0.0	2.0022523	0.04545984	1.0	False	lymph	early	nucleotide_transformer
4565	0.40762645	0.40762645	0.0	2.002252	0.04545988	1.0	False	lymph	early	nucleotide_transformer
4952	0.40769005	0.40769005	0.0	2.002252	0.04545988	1.0	False	lymph	early	nucleotide_transformer
300	0.40799704	0.40799704	0.0	2.0022519	0.0454599	1.0	False	lymph	early	nucleotide_transformer
4024	0.40772408	0.40772408	0.0	2.0022519	0.0454599	1.0	False	lymph	early	nucleotide_transformer
1125	0.40760285	0.40760285	0.0	2.0022519	0.0454599	1.0	False	lymph	early	nucleotide_transformer
3943	0.40772367	0.40772367	0.0	2.0022519	0.0454599	1.0	False	lymph	early	nucleotide_transformer
4794	0.40778744	0.40778744	0.0	2.0022516	0.045459945	1.0	False	lymph	early	nucleotide_transformer
4113	0.40754882	0.40754882	0.0	2.0022516	0.045459945	1.0	False	lymph	early	nucleotide_transformer
1903	0.40822363	0.40822363	0.0	2.0022516	0.045459945	1.0	False	lymph	early	nucleotide_transformer
2475	0.4075549	0.4075549	0.0	2.0022516	0.045459945	1.0	False	lymph	early	nucleotide_transformer
2079	0.4080738	0.4080738	0.0	2.0022516	0.045459945	1.0	False	lymph	early	nucleotide_transformer
2422	0.40815663	0.40815663	0.0	2.0022514	0.045459956	1.0	False	lymph	early	nucleotide_transformer
1383	0.40876484	0.40876484	0.0	2.0022514	0.045459956	1.0	False	lymph	early	nucleotide_transformer
3903	0.40753886	0.40753886	0.0	2.0022511	0.045459975	1.0	False	lymph	early	nucleotide_transformer
3210	0.40801278	0.40801278	0.0	2.0022511	0.045459975	1.0	False	lymph	early	nucleotide_transformer
2060	0.40768903	0.40768903	0.0	2.0022511	0.045459975	1.0	False	lymph	early	nucleotide_transformer
5066	0.40813515	0.40813515	0.0	2.0022511	0.045459975	1.0	False	lymph	early	nucleotide_transformer
2847	0.40812472	0.40812472	0.0	2.0022511	0.045459975	1.0	False	lymph	early	nucleotide_transformer
2719	0.40774724	0.40774724	0.0	2.0022511	0.045459975	1.0	False	lymph	early	nucleotide_transformer
4561	0.40768474	0.40768474	0.0	2.0022511	0.045459975	1.0	False	lymph	early	nucleotide_transformer
2686	0.4076063	0.4076063	0.0	2.002251	0.045460008	1.0	False	lymph	early	nucleotide_transformer
289	0.4076509	0.4076509	0.0	2.002251	0.045460008	1.0	False	lymph	early	nucleotide_transformer
2329	0.40810814	0.40810814	0.0	2.002251	0.045460008	1.0	False	lymph	early	nucleotide_transformer
3537	0.40808988	0.40808988	0.0	2.002251	0.045460008	1.0	False	lymph	early	nucleotide_transformer
1258	0.40814903	0.40814903	0.0	2.002251	0.045460008	1.0	False	lymph	early	nucleotide_transformer
526	0.40809542	0.40809542	0.0	2.002251	0.045460008	1.0	False	lymph	early	nucleotide_transformer
2382	0.40822288	0.40822288	0.0	2.0022507	0.045460034	1.0	False	lymph	early	nucleotide_transformer
5031	0.40786391	0.40786391	0.0	2.0022507	0.045460034	1.0	False	lymph	early	nucleotide_transformer
3869	0.4080181	0.4080181	0.0	2.0022507	0.045460034	1.0	False	lymph	early	nucleotide_transformer
1675	0.40811014	0.40811014	0.0	2.0022504	0.04546006	1.0	False	lymph	early	nucleotide_transformer
3424	0.40831748	0.40831748	0.0	2.0022504	0.04546006	1.0	False	lymph	early	nucleotide_transformer
246	0.40810847	0.40810847	0.0	2.0022504	0.04546006	1.0	False	lymph	early	nucleotide_transformer
1532	0.4079702	0.4079702	0.0	2.0022502	0.0454601	1.0	False	lymph	early	nucleotide_transformer
3277	0.40802008	0.40802008	0.0	2.00225	0.045460124	1.0	False	lymph	early	nucleotide_transformer
607	0.40816912	0.40816912	0.0	2.00225	0.045460124	1.0	False	lymph	early	nucleotide_transformer
1509	0.40827134	0.40827134	0.0	2.00225	0.045460124	1.0	False	lymph	early	nucleotide_transformer
4385	0.40776238	0.40776238	0.0	2.00225	0.045460124	1.0	False	lymph	early	nucleotide_transformer
871	0.40799668	0.40799668	0.0	2.00225	0.045460124	1.0	False	lymph	early	nucleotide_transformer
4540	0.408094	0.408094	0.0	2.00225	0.045460124	1.0	False	lymph	early	nucleotide_transformer
4916	0.40816882	0.40816882	0.0	2.0022497	0.04546014	1.0	False	lymph	early	nucleotide_transformer
4838	0.40807253	0.40807253	0.0	2.0022497	0.04546014	1.0	False	lymph	early	nucleotide_transformer
5023	0.4078146	0.4078146	0.0	2.0022497	0.04546014	1.0	False	lymph	early	nucleotide_transformer
1362	0.40773457	0.40773457	0.0	2.0022495	0.04546015	1.0	False	lymph	early	nucleotide_transformer
4781	0.40777946	0.40777946	0.0	2.0022495	0.04546015	1.0	False	lymph	early	nucleotide_transformer
468	0.40778032	0.40778032	0.0	2.0022492	0.045460187	1.0	False	lymph	early	nucleotide_transformer
1138	0.40781066	0.40781066	0.0	2.002249	0.045460213	1.0	False	lymph	early	nucleotide_transformer
4107	0.4074842	0.4074842	0.0	2.0022488	0.04546025	1.0	False	lymph	early	nucleotide_transformer
1448	0.40794653	0.40794653	0.0	2.0022488	0.04546025	1.0	False	lymph	early	nucleotide_transformer
4458	0.4074512	0.4074512	0.0	2.0022483	0.0454603	1.0	False	lymph	early	nucleotide_transformer
3421	0.4079929	0.4079929	0.0	2.0022483	0.0454603	1.0	False	lymph	early	nucleotide_transformer
1471	0.40804872	0.40804872	0.0	2.0022483	0.0454603	1.0	False	lymph	early	nucleotide_transformer
3170	0.40745312	0.40745312	0.0	2.002248	0.045460343	1.0	False	lymph	early	nucleotide_transformer
3969	0.4080627	0.4080627	0.0	2.0022473	0.045460403	1.0	False	lymph	early	nucleotide_transformer
2220	0.40822193	0.40822193	0.0	2.002247	0.04546043	1.0	False	lymph	early	nucleotide_transformer
700	0.4074655	0.4074655	0.0	2.0022442	0.04546074	1.0	False	lymph	early	nucleotide_transformer
2035	0.40768212	0.40768212	0.0	2.0022438	0.04546079	1.0	False	lymph	early	nucleotide_transformer
3057	0.40787527	0.40787527	0.0	2.002237	0.045461524	1.0	False	lymph	early	nucleotide_transformer
1317	0.40807933	0.40807933	0.0	2.0022368	0.045461528	1.0	False	lymph	early	nucleotide_transformer
3160	0.40802574	0.40802574	0.0	2.002236	0.04546164	1.0	False	lymph	early	nucleotide_transformer
859	0.40793034	0.40793034	0.0	2.002235	0.04546174	1.0	False	lymph	early	nucleotide_transformer
1214	0.40789726	0.40789726	0.0	2.0022335	0.045461882	1.0	False	lymph	early	nucleotide_transformer
137	0.9731573	1.3244836	0.35132638	1.9190384	0.05520732	1.0	False	lymph	early	nucleotide_transformer
181	0.9731982	1.3248922	0.351694	1.9178534	0.055357784	1.0	False	lymph	early	nucleotide_transformer
3229	0.9730592	1.3247707	0.35171154	1.9176227	0.05538712	1.0	False	lymph	early	nucleotide_transformer
2450	0.9732653	1.3252292	0.3519639	1.9170247	0.055463206	1.0	False	lymph	early	nucleotide_transformer
4757	0.97305083	1.3250415	0.35199073	1.9166754	0.05550767	1.0	False	lymph	early	nucleotide_transformer
4922	0.9728265	1.3248925	0.35206604	1.9161476	0.055574987	1.0	False	lymph	early	nucleotide_transformer
3483	0.97272277	1.3249971	0.35227433	1.9153063	0.05568235	1.0	False	lymph	early	nucleotide_transformer
235	0.87130874	1.2226143	0.35130554	1.7533327	0.079801194	1.0	False	lymph	early	nucleotide_transformer
2420	0.8710829	1.2223328	0.3512499	1.753221	0.07982036	1.0	False	lymph	early	nucleotide_transformer
3610	0.8712957	1.222768	0.35147226	1.7527804	0.07989609	1.0	False	lymph	early	nucleotide_transformer
4673	0.8710402	1.2224163	0.35137603	1.7527573	0.079900056	1.0	False	lymph	early	nucleotide_transformer
5034	0.8711469	1.2225994	0.35145244	1.7526518	0.079918236	1.0	False	lymph	early	nucleotide_transformer
3015	0.8714	1.222991	0.351591	1.7525369	0.07993802	1.0	False	lymph	early	nucleotide_transformer
1804	0.87113076	1.222619	0.3514883	1.7525162	0.079941586	1.0	False	lymph	early	nucleotide_transformer
2174	0.8711828	1.2227217	0.3515389	1.7524221	0.079957746	1.0	False	lymph	early	nucleotide_transformer
815	0.8711705	1.222767	0.35159644	1.7522207	0.0799924	1.0	False	lymph	early	nucleotide_transformer
826	0.87118685	1.2228003	0.3516134	1.7521887	0.079997934	1.0	False	lymph	early	nucleotide_transformer
3831	0.871526	1.2233349	0.3518089	1.7520005	0.0800303	1.0	False	lymph	early	nucleotide_transformer
4267	0.8712915	1.2230214	0.3517299	1.7519518	0.080038734	1.0	False	lymph	early	nucleotide_transformer
2306	0.87139964	1.2232188	0.35181916	1.7518044	0.08006413	1.0	False	lymph	early	nucleotide_transformer
1735	0.8709458	1.2225956	0.35164973	1.7517598	0.08007181	1.0	False	lymph	early	nucleotide_transformer
4074	0.87101233	1.2229943	0.35198203	1.7507839	0.08024006	1.0	False	lymph	early	nucleotide_transformer
3282	0.87081283	1.2227372	0.35192436	1.7507092	0.08025297	1.0	False	lymph	early	nucleotide_transformer
4957	0.8708555	1.2228582	0.35200268	1.750514	0.08028665	1.0	False	lymph	early	nucleotide_transformer
1444	0.8709636	1.2231032	0.3521396	1.7502179	0.08033777	1.0	False	lymph	early	nucleotide_transformer
256	0.8707787	1.2229948	0.3522161	1.749718	0.08042423	1.0	False	lymph	early	nucleotide_transformer
5070	0.30670342	0.30670342	0.0	1.7333527	0.08326423	1.0	False	lymph	early	nucleotide_transformer
1752	0.30638063	0.30638063	0.0	1.7333527	0.08326423	1.0	False	lymph	early	nucleotide_transformer
2935	0.306386	0.306386	0.0	1.7333523	0.08326433	1.0	False	lymph	early	nucleotide_transformer
1291	0.3061768	0.3061768	0.0	1.7333515	0.08326444	1.0	False	lymph	early	nucleotide_transformer
4210	0.30605435	0.30605435	0.0	1.7333508	0.0832646	1.0	False	lymph	early	nucleotide_transformer
2003	0.3065242	0.3065242	0.0	1.7333506	0.0832646	1.0	False	lymph	early	nucleotide_transformer
46	0.3062947	0.3062947	0.0	1.7333504	0.08326466	1.0	False	lymph	early	nucleotide_transformer
4908	0.3064122	0.3064122	0.0	1.7333503	0.08326466	1.0	False	lymph	early	nucleotide_transformer
1680	0.30627033	0.30627033	0.0	1.7333502	0.08326468	1.0	False	lymph	early	nucleotide_transformer
4198	0.3062497	0.3062497	0.0	1.7333502	0.08326468	1.0	False	lymph	early	nucleotide_transformer
3561	0.30622298	0.30622298	0.0	1.73335	0.083264716	1.0	False	lymph	early	nucleotide_transformer
2794	0.30641177	0.30641177	0.0	1.73335	0.083264716	1.0	False	lymph	early	nucleotide_transformer
2665	0.30651248	0.30651248	0.0	1.7333497	0.083264776	1.0	False	lymph	early	nucleotide_transformer
4594	0.3057639	0.3057639	0.0	1.7333494	0.083264805	1.0	False	lymph	early	nucleotide_transformer
544	0.3062188	0.3062188	0.0	1.7333496	0.083264805	1.0	False	lymph	early	nucleotide_transformer
3597	0.30628058	0.30628058	0.0	1.7333496	0.083264805	1.0	False	lymph	early	nucleotide_transformer
2477	0.3060691	0.3060691	0.0	1.7333494	0.083264805	1.0	False	lymph	early	nucleotide_transformer
127	0.30600128	0.30600128	0.0	1.7333493	0.083264835	1.0	False	lymph	early	nucleotide_transformer
45	0.3062362	0.3062362	0.0	1.7333492	0.08326487	1.0	False	lymph	early	nucleotide_transformer
4921	0.3064362	0.3064362	0.0	1.733349	0.08326489	1.0	False	lymph	early	nucleotide_transformer
4556	0.30604035	0.30604035	0.0	1.7333491	0.08326489	1.0	False	lymph	early	nucleotide_transformer
2972	0.30620807	0.30620807	0.0	1.733349	0.08326489	1.0	False	lymph	early	nucleotide_transformer
2511	0.30639702	0.30639702	0.0	1.733349	0.08326489	1.0	False	lymph	early	nucleotide_transformer
290	0.3057087	0.3057087	0.0	1.7333488	0.083264925	1.0	False	lymph	early	nucleotide_transformer
5067	0.3060864	0.3060864	0.0	1.7333488	0.083264925	1.0	False	lymph	early	nucleotide_transformer
34	0.30627614	0.30627614	0.0	1.7333488	0.083264925	1.0	False	lymph	early	nucleotide_transformer
5059	0.30597192	0.30597192	0.0	1.7333486	0.08326495	1.0	False	lymph	early	nucleotide_transformer
1113	0.3055589	0.3055589	0.0	1.7333486	0.08326495	1.0	False	lymph	early	nucleotide_transformer
3485	0.3059277	0.3059277	0.0	1.7333487	0.08326495	1.0	False	lymph	early	nucleotide_transformer
4422	0.30592063	0.30592063	0.0	1.7333486	0.08326495	1.0	False	lymph	early	nucleotide_transformer
4905	0.30627337	0.30627337	0.0	1.7333485	0.08326499	1.0	False	lymph	early	nucleotide_transformer
4693	0.3058731	0.3058731	0.0	1.7333485	0.08326499	1.0	False	lymph	early	nucleotide_transformer
413	0.30598548	0.30598548	0.0	1.7333485	0.08326499	1.0	False	lymph	early	nucleotide_transformer
3649	0.3056667	0.3056667	0.0	1.7333485	0.08326499	1.0	False	lymph	early	nucleotide_transformer
2200	0.30566362	0.30566362	0.0	1.7333484	0.08326501	1.0	False	lymph	early	nucleotide_transformer
2448	0.3061964	0.3061964	0.0	1.7333484	0.08326501	1.0	False	lymph	early	nucleotide_transformer
4828	0.30590588	0.30590588	0.0	1.7333484	0.08326501	1.0	False	lymph	early	nucleotide_transformer
3810	0.3061342	0.3061342	0.0	1.7333484	0.08326501	1.0	False	lymph	early	nucleotide_transformer
5088	0.30597836	0.30597836	0.0	1.7333483	0.083265014	1.0	False	lymph	early	nucleotide_transformer
2021	0.30580005	0.30580005	0.0	1.7333483	0.083265014	1.0	False	lymph	early	nucleotide_transformer
1736	0.30608112	0.30608112	0.0	1.7333483	0.083265014	1.0	False	lymph	early	nucleotide_transformer
4438	0.30558285	0.30558285	0.0	1.7333483	0.083265014	1.0	False	lymph	early	nucleotide_transformer
2695	0.30585587	0.30585587	0.0	1.7333481	0.08326505	1.0	False	lymph	early	nucleotide_transformer
3158	0.30587807	0.30587807	0.0	1.7333481	0.08326505	1.0	False	lymph	early	nucleotide_transformer
3871	0.305732	0.305732	0.0	1.733348	0.083265066	1.0	False	lymph	early	nucleotide_transformer
2287	0.3055558	0.3055558	0.0	1.733348	0.083265066	1.0	False	lymph	early	nucleotide_transformer
1233	0.3056137	0.3056137	0.0	1.733348	0.083265066	1.0	False	lymph	early	nucleotide_transformer
3433	0.30577028	0.30577028	0.0	1.733348	0.083265066	1.0	False	lymph	early	nucleotide_transformer
4947	0.30608848	0.30608848	0.0	1.7333479	0.08326507	1.0	False	lymph	early	nucleotide_transformer
5037	0.3057269	0.3057269	0.0	1.7333479	0.08326507	1.0	False	lymph	early	nucleotide_transformer
3191	0.30582643	0.30582643	0.0	1.7333479	0.08326507	1.0	False	lymph	early	nucleotide_transformer
4086	0.30557272	0.30557272	0.0	1.7333479	0.08326507	1.0	False	lymph	early	nucleotide_transformer
3046	0.30581635	0.30581635	0.0	1.7333479	0.08326507	1.0	False	lymph	early	nucleotide_transformer
3842	0.3058489	0.3058489	0.0	1.7333478	0.08326511	1.0	False	lymph	early	nucleotide_transformer
3406	0.3054815	0.3054815	0.0	1.7333477	0.083265126	1.0	False	lymph	early	nucleotide_transformer
4675	0.30594468	0.30594468	0.0	1.7333477	0.083265126	1.0	False	lymph	early	nucleotide_transformer
2508	0.3055466	0.3055466	0.0	1.7333477	0.083265126	1.0	False	lymph	early	nucleotide_transformer
1956	0.305798	0.305798	0.0	1.7333475	0.08326516	1.0	False	lymph	early	nucleotide_transformer
3115	0.3059058	0.3059058	0.0	1.7333475	0.08326516	1.0	False	lymph	early	nucleotide_transformer
66	0.30633956	0.30633956	0.0	1.7333474	0.08326516	1.0	False	lymph	early	nucleotide_transformer
2533	0.30549017	0.30549017	0.0	1.7333475	0.08326516	1.0	False	lymph	early	nucleotide_transformer
2851	0.30538785	0.30538785	0.0	1.7333472	0.0832652	1.0	False	lymph	early	nucleotide_transformer
889	0.30569348	0.30569348	0.0	1.7333473	0.0832652	1.0	False	lymph	early	nucleotide_transformer
3632	0.30635512	0.30635512	0.0	1.7333473	0.0832652	1.0	False	lymph	early	nucleotide_transformer
2553	0.30607608	0.30607608	0.0	1.7333473	0.0832652	1.0	False	lymph	early	nucleotide_transformer
2440	0.30552214	0.30552214	0.0	1.7333472	0.0832652	1.0	False	lymph	early	nucleotide_transformer
3995	0.30550244	0.30550244	0.0	1.7333473	0.0832652	1.0	False	lymph	early	nucleotide_transformer
1180	0.30545527	0.30545527	0.0	1.7333473	0.0832652	1.0	False	lymph	early	nucleotide_transformer
3363	0.3058675	0.3058675	0.0	1.7333472	0.0832652	1.0	False	lymph	early	nucleotide_transformer
998	0.30587998	0.30587998	0.0	1.7333472	0.0832652	1.0	False	lymph	early	nucleotide_transformer
2585	0.30542657	0.30542657	0.0	1.7333473	0.0832652	1.0	False	lymph	early	nucleotide_transformer
646	0.3054295	0.3054295	0.0	1.7333472	0.0832652	1.0	False	lymph	early	nucleotide_transformer
347	0.30557698	0.30557698	0.0	1.733347	0.08326523	1.0	False	lymph	early	nucleotide_transformer
2969	0.30539155	0.30539155	0.0	1.733347	0.08326523	1.0	False	lymph	early	nucleotide_transformer
4029	0.30548948	0.30548948	0.0	1.733347	0.08326523	1.0	False	lymph	early	nucleotide_transformer
3519	0.30599678	0.30599678	0.0	1.733347	0.08326523	1.0	False	lymph	early	nucleotide_transformer
4842	0.3055002	0.3055002	0.0	1.733347	0.08326523	1.0	False	lymph	early	nucleotide_transformer
3562	0.30560297	0.30560297	0.0	1.733347	0.08326523	1.0	False	lymph	early	nucleotide_transformer
1481	0.30538556	0.30538556	0.0	1.7333469	0.08326528	1.0	False	lymph	early	nucleotide_transformer
3751	0.3063027	0.3063027	0.0	1.7333468	0.08326528	1.0	False	lymph	early	nucleotide_transformer
2310	0.30544016	0.30544016	0.0	1.7333467	0.08326528	1.0	False	lymph	early	nucleotide_transformer
2998	0.30538198	0.30538198	0.0	1.7333468	0.08326528	1.0	False	lymph	early	nucleotide_transformer
1411	0.3053705	0.3053705	0.0	1.7333467	0.08326528	1.0	False	lymph	early	nucleotide_transformer
1702	0.30543217	0.30543217	0.0	1.7333469	0.08326528	1.0	False	lymph	early	nucleotide_transformer
3702	0.30533296	0.30533296	0.0	1.7333467	0.08326528	1.0	False	lymph	early	nucleotide_transformer
2131	0.30553114	0.30553114	0.0	1.7333469	0.08326528	1.0	False	lymph	early	nucleotide_transformer
4877	0.30533528	0.30533528	0.0	1.7333467	0.08326528	1.0	False	lymph	early	nucleotide_transformer
735	0.30535993	0.30535993	0.0	1.7333467	0.08326528	1.0	False	lymph	early	nucleotide_transformer
658	0.3062786	0.3062786	0.0	1.7333467	0.08326528	1.0	False	lymph	early	nucleotide_transformer
1518	0.3057903	0.3057903	0.0	1.7333468	0.08326528	1.0	False	lymph	early	nucleotide_transformer
2323	0.30532694	0.30532694	0.0	1.7333467	0.08326528	1.0	False	lymph	early	nucleotide_transformer
4065	0.3058097	0.3058097	0.0	1.7333468	0.08326528	1.0	False	lymph	early	nucleotide_transformer
850	0.3053666	0.3053666	0.0	1.7333468	0.08326528	1.0	False	lymph	early	nucleotide_transformer
4635	0.30549103	0.30549103	0.0	1.7333469	0.08326528	1.0	False	lymph	early	nucleotide_transformer
1923	0.30547863	0.30547863	0.0	1.7333467	0.08326528	1.0	False	lymph	early	nucleotide_transformer
4620	0.30563945	0.30563945	0.0	1.7333468	0.08326528	1.0	False	lymph	early	nucleotide_transformer
1386	0.30533496	0.30533496	0.0	1.7333466	0.08326532	1.0	False	lymph	early	nucleotide_transformer
2801	0.30624396	0.30624396	0.0	1.7333466	0.08326532	1.0	False	lymph	early	nucleotide_transformer
1136	0.30577496	0.30577496	0.0	1.7333466	0.08326532	1.0	False	lymph	early	nucleotide_transformer
4559	0.30543888	0.30543888	0.0	1.7333466	0.08326532	1.0	False	lymph	early	nucleotide_transformer
1298	0.30534172	0.30534172	0.0	1.7333466	0.08326532	1.0	False	lymph	early	nucleotide_transformer
2319	0.30534908	0.30534908	0.0	1.7333465	0.08326535	1.0	False	lymph	early	nucleotide_transformer
3221	0.30638787	0.30638787	0.0	1.7333465	0.08326535	1.0	False	lymph	early	nucleotide_transformer
929	0.3054557	0.3054557	0.0	1.7333465	0.08326535	1.0	False	lymph	early	nucleotide_transformer
5107	0.30530083	0.30530083	0.0	1.7333465	0.08326535	1.0	False	lymph	early	nucleotide_transformer
1236	0.30534905	0.30534905	0.0	1.7333462	0.08326537	1.0	False	lymph	early	nucleotide_transformer
1318	0.30523562	0.30523562	0.0	1.7333462	0.08326537	1.0	False	lymph	early	nucleotide_transformer
2603	0.3052849	0.3052849	0.0	1.7333462	0.08326537	1.0	False	lymph	early	nucleotide_transformer
4145	0.30528107	0.30528107	0.0	1.7333462	0.08326537	1.0	False	lymph	early	nucleotide_transformer
606	0.30533138	0.30533138	0.0	1.7333462	0.08326537	1.0	False	lymph	early	nucleotide_transformer
1833	0.30599907	0.30599907	0.0	1.7333463	0.08326538	1.0	False	lymph	early	nucleotide_transformer
2689	0.30552468	0.30552468	0.0	1.7333463	0.08326538	1.0	False	lymph	early	nucleotide_transformer
1573	0.30526885	0.30526885	0.0	1.7333463	0.08326538	1.0	False	lymph	early	nucleotide_transformer
994	0.30634823	0.30634823	0.0	1.7333463	0.08326538	1.0	False	lymph	early	nucleotide_transformer
3155	0.30625713	0.30625713	0.0	1.7333463	0.08326538	1.0	False	lymph	early	nucleotide_transformer
2739	0.30614462	0.30614462	0.0	1.7333463	0.08326538	1.0	False	lymph	early	nucleotide_transformer
694	0.3062215	0.3062215	0.0	1.7333463	0.08326538	1.0	False	lymph	early	nucleotide_transformer
4766	0.30528733	0.30528733	0.0	1.7333463	0.08326538	1.0	False	lymph	early	nucleotide_transformer
2185	0.30530012	0.30530012	0.0	1.7333463	0.08326538	1.0	False	lymph	early	nucleotide_transformer
3542	0.30529767	0.30529767	0.0	1.7333463	0.08326538	1.0	False	lymph	early	nucleotide_transformer
1333	0.30641332	0.30641332	0.0	1.7333463	0.08326538	1.0	False	lymph	early	nucleotide_transformer
2592	0.30521965	0.30521965	0.0	1.7333461	0.08326541	1.0	False	lymph	early	nucleotide_transformer
117	0.30637035	0.30637035	0.0	1.7333461	0.08326541	1.0	False	lymph	early	nucleotide_transformer
1827	0.3052487	0.3052487	0.0	1.7333461	0.08326541	1.0	False	lymph	early	nucleotide_transformer
3578	0.30571634	0.30571634	0.0	1.7333461	0.08326541	1.0	False	lymph	early	nucleotide_transformer
572	0.3052659	0.3052659	0.0	1.7333461	0.08326541	1.0	False	lymph	early	nucleotide_transformer
2720	0.30523145	0.30523145	0.0	1.7333461	0.08326541	1.0	False	lymph	early	nucleotide_transformer
1347	0.30522653	0.30522653	0.0	1.733346	0.083265424	1.0	False	lymph	early	nucleotide_transformer
3171	0.30595687	0.30595687	0.0	1.733346	0.083265424	1.0	False	lymph	early	nucleotide_transformer
1361	0.30518812	0.30518812	0.0	1.733346	0.083265424	1.0	False	lymph	early	nucleotide_transformer
625	0.3061956	0.3061956	0.0	1.7333459	0.08326543	1.0	False	lymph	early	nucleotide_transformer
3769	0.3052276	0.3052276	0.0	1.7333459	0.08326543	1.0	False	lymph	early	nucleotide_transformer
1708	0.305538	0.305538	0.0	1.7333457	0.08326546	1.0	False	lymph	early	nucleotide_transformer
192	0.30611372	0.30611372	0.0	1.7333455	0.08326553	1.0	False	lymph	early	nucleotide_transformer
3036	0.30611676	0.30611676	0.0	1.7333454	0.08326553	1.0	False	lymph	early	nucleotide_transformer
1748	0.3054061	0.3054061	0.0	1.7333446	0.08326567	1.0	False	lymph	early	nucleotide_transformer
1194	0.30540547	0.30540547	0.0	1.7333447	0.08326568	1.0	False	lymph	early	nucleotide_transformer
2286	0.3054125	0.3054125	0.0	1.7333447	0.08326568	1.0	False	lymph	early	nucleotide_transformer
3965	0.30585393	0.30585393	0.0	1.7333447	0.08326568	1.0	False	lymph	early	nucleotide_transformer
4457	0.30538315	0.30538315	0.0	1.7333443	0.083265744	1.0	False	lymph	early	nucleotide_transformer
4901	0.30537495	0.30537495	0.0	1.7333442	0.083265744	1.0	False	lymph	early	nucleotide_transformer
3354	0.30602404	0.30602404	0.0	1.733344	0.08326576	1.0	False	lymph	early	nucleotide_transformer
3256	0.30532333	0.30532333	0.0	1.7333438	0.08326579	1.0	False	lymph	early	nucleotide_transformer
1848	0.3053095	0.3053095	0.0	1.7333436	0.083265856	1.0	False	lymph	early	nucleotide_transformer
4342	0.30534223	0.30534223	0.0	1.7333437	0.083265856	1.0	False	lymph	early	nucleotide_transformer
3735	0.3053394	0.3053394	0.0	1.7333437	0.083265856	1.0	False	lymph	early	nucleotide_transformer
3120	0.30530283	0.30530283	0.0	1.7333434	0.083265886	1.0	False	lymph	early	nucleotide_transformer
3225	0.30526504	0.30526504	0.0	1.7333432	0.083265916	1.0	False	lymph	early	nucleotide_transformer
3250	0.30548272	0.30548272	0.0	1.7333424	0.08326608	1.0	False	lymph	early	nucleotide_transformer
3832	0.30553925	0.30553925	0.0	1.7333413	0.08326625	1.0	False	lymph	early	nucleotide_transformer
2672	0.30539078	0.30539078	0.0	1.7333413	0.08326625	1.0	False	lymph	early	nucleotide_transformer
1374	0.30536023	0.30536023	0.0	1.7333412	0.08326628	1.0	False	lymph	early	nucleotide_transformer
1799	0.30533516	0.30533516	0.0	1.733341	0.0832663	1.0	False	lymph	early	nucleotide_transformer
1171	0.30536923	0.30536923	0.0	1.7333409	0.08326634	1.0	False	lymph	early	nucleotide_transformer
2093	0.3053449	0.3053449	0.0	1.7333407	0.08326636	1.0	False	lymph	early	nucleotide_transformer
323	0.30534625	0.30534625	0.0	1.7333406	0.08326639	1.0	False	lymph	early	nucleotide_transformer
853	0.3053038	0.3053038	0.0	1.7333403	0.08326646	1.0	False	lymph	early	nucleotide_transformer
456	0.30527064	0.30527064	0.0	1.7333398	0.083266534	1.0	False	lymph	early	nucleotide_transformer
4930	0.30528334	0.30528334	0.0	1.7333398	0.083266534	1.0	False	lymph	early	nucleotide_transformer
1126	0.3052159	0.3052159	0.0	1.7333395	0.08326658	1.0	False	lymph	early	nucleotide_transformer
908	0.30698213	0.30698213	0.0	1.733324	0.083269335	1.0	False	lymph	early	nucleotide_transformer
959	0.3069501	0.3069501	0.0	1.7333227	0.083269544	1.0	False	lymph	early	nucleotide_transformer
4300	-6.732704	89.77118	96.50388	-1.6824286	0.09297294	1.0	False	lymph	early	nucleotide_transformer
484	0.7696182	1.1206195	0.35100132	1.5825372	0.11380429	1.0	False	lymph	early	nucleotide_transformer
2376	0.7693535	1.1203558	0.35100237	1.5821655	0.11388921	1.0	False	lymph	early	nucleotide_transformer
2989	0.76973677	1.1210327	0.35129595	1.5818069	0.11397117	1.0	False	lymph	early	nucleotide_transformer
3173	0.7695521	1.1208817	0.3513296	1.5814524	0.11405218	1.0	False	lymph	early	nucleotide_transformer
405	0.76938343	1.1207473	0.35136393	1.5811132	0.114129774	1.0	False	lymph	early	nucleotide_transformer
535	0.76931953	1.1206615	0.35134193	1.581093	0.11413435	1.0	False	lymph	early	nucleotide_transformer
927	0.76948524	1.1209188	0.3514335	1.5810453	0.1141453	1.0	False	lymph	early	nucleotide_transformer
4376	0.76928914	1.1206598	0.35137066	1.5809625	0.11416422	1.0	False	lymph	early	nucleotide_transformer
776	0.76922405	1.1206062	0.35138217	1.5808436	0.11419152	1.0	False	lymph	early	nucleotide_transformer
462	0.76935315	1.1208404	0.35148728	1.5807006	0.11422426	1.0	False	lymph	early	nucleotide_transformer
4653	0.7696267	1.12127	0.35164326	1.5806108	0.1142448	1.0	False	lymph	early	nucleotide_transformer
4880	0.76910853	1.1205899	0.35148132	1.5803832	0.114296876	1.0	False	lymph	early	nucleotide_transformer
2712	0.76923764	1.1207826	0.35154498	1.580366	0.11430081	1.0	False	lymph	early	nucleotide_transformer
3665	0.7691121	1.1206287	0.3515166	1.5802821	0.114320084	1.0	False	lymph	early	nucleotide_transformer
4567	0.7689218	1.1204096	0.35148782	1.5801046	0.11436072	1.0	False	lymph	early	nucleotide_transformer
741	0.7692626	1.1209742	0.35171157	1.5799018	0.11440724	1.0	False	lymph	early	nucleotide_transformer
4213	0.76870733	1.1202598	0.35155243	1.5796129	0.11447346	1.0	False	lymph	early	nucleotide_transformer
35	0.76868856	1.120243	0.35155442	1.5795809	0.114480846	1.0	False	lymph	early	nucleotide_transformer
516	0.769178	1.1209596	0.35178167	1.5795722	0.11448281	1.0	False	lymph	early	nucleotide_transformer
53	0.7691061	1.1208692	0.35176307	1.5795282	0.11449292	1.0	False	lymph	early	nucleotide_transformer
3933	0.7693219	1.1211914	0.35186946	1.5795063	0.114497945	1.0	False	lymph	early	nucleotide_transformer
719	0.7691821	1.1210117	0.35182962	1.5794338	0.11451459	1.0	False	lymph	early	nucleotide_transformer
17	0.76906955	1.1208507	0.35178113	1.5794234	0.11451696	1.0	False	lymph	early	nucleotide_transformer
4050	0.7692256	1.1210815	0.35185584	1.5794152	0.11451885	1.0	False	lymph	early	nucleotide_transformer
1860	0.7686355	1.1202383	0.35160282	1.5793636	0.11453069	1.0	False	lymph	early	nucleotide_transformer
3673	0.769329	1.1212703	0.3519413	1.5793005	0.11454518	1.0	False	lymph	early	nucleotide_transformer
2172	0.76904696	1.1208742	0.3518272	1.5792553	0.11455557	1.0	False	lymph	early	nucleotide_transformer
2884	0.76935315	1.121325	0.35197186	1.579242	0.114558555	1.0	False	lymph	early	nucleotide_transformer
2931	0.76902866	1.1208687	0.35184002	1.5791917	0.114570126	1.0	False	lymph	early	nucleotide_transformer
4542	0.7689169	1.1207062	0.3517893	1.579189	0.11457073	1.0	False	lymph	early	nucleotide_transformer
2906	0.76916504	1.1210749	0.35190985	1.5791688	0.11457537	1.0	False	lymph	early	nucleotide_transformer
5040	0.7693546	1.1213523	0.35199773	1.5791664	0.11457593	1.0	False	lymph	early	nucleotide_transformer
956	0.76925004	1.1212102	0.35196018	1.5791345	0.11458325	1.0	False	lymph	early	nucleotide_transformer
142	0.76900077	1.120848	0.3518472	1.5791297	0.11458434	1.0	False	lymph	early	nucleotide_transformer
5027	0.7693558	1.1213739	0.35201812	1.5791065	0.1145897	1.0	False	lymph	early	nucleotide_transformer
1719	0.76899314	1.1208489	0.35185573	1.5790948	0.11459235	1.0	False	lymph	early	nucleotide_transformer
4851	0.7691283	1.1210515	0.35192326	1.579077	0.11459648	1.0	False	lymph	early	nucleotide_transformer
1212	0.7692216	1.1212528	0.35203117	1.5788814	0.11464137	1.0	False	lymph	early	nucleotide_transformer
1133	0.7690463	1.1210444	0.35199812	1.578739	0.11467404	1.0	False	lymph	early	nucleotide_transformer
1340	0.7688407	1.1207465	0.3519058	1.5787332	0.11467539	1.0	False	lymph	early	nucleotide_transformer
835	0.7686864	1.1206496	0.35196313	1.5783505	0.11476329	1.0	False	lymph	early	nucleotide_transformer
1209	0.76893854	1.1212162	0.3522776	1.5777357	0.11490468	1.0	False	lymph	early	nucleotide_transformer
588	0.7686752	1.1209087	0.3522335	1.5775045	0.114957914	1.0	False	lymph	early	nucleotide_transformer
4605	-1.7339736	1.4290704	3.163044	-1.5615611	0.1190351	1.0	False	lymph	early	nucleotide_transformer
3779	-1.7341576	1.4293036	3.1634612	-1.5615184	0.11904515	1.0	False	lymph	early	nucleotide_transformer
829	-1.7340599	1.4292594	3.1633193	-1.5614969	0.119050205	1.0	False	lymph	early	nucleotide_transformer
2002	-0.9509205	0.10171575	1.0526363	-1.547128	0.122609824	1.0	False	lymph	early	nucleotide_transformer
4998	-0.95086604	0.10172148	1.0525875	-1.5471059	0.12261508	1.0	False	lymph	early	nucleotide_transformer
3379	-1.7788014	1.73472	3.5135214	-1.5139331	0.13067248	1.0	False	lymph	early	nucleotide_transformer
3050	-1.6334368	1.5313522	3.164789	-1.4642463	0.14375614	1.0	False	lymph	early	nucleotide_transformer
2023	-1.6315715	1.5306938	3.1622653	-1.463673	0.14391263	1.0	False	lymph	early	nucleotide_transformer
3401	-1.6315165	1.5310175	3.162534	-1.463479	0.14396559	1.0	False	lymph	early	nucleotide_transformer
4486	-1.6312032	1.5309782	3.1621814	-1.4633428	0.14400275	1.0	False	lymph	early	nucleotide_transformer
1733	-1.6319759	1.5320227	3.1639986	-1.463178	0.14404784	1.0	False	lymph	early	nucleotide_transformer
178	-1.6305416	1.5310998	3.1616414	-1.4629561	0.14410853	1.0	False	lymph	early	nucleotide_transformer
1721	-2.60083	789.167	791.7678	-1.4575893	0.14564753	1.0	False	lymph	early	nucleotide_transformer
1777	-1.6771009	1.8367143	3.5138152	-1.4220622	0.15562095	1.0	False	lymph	early	nucleotide_transformer
4531	-1.6778134	1.8375586	3.515372	-1.4220288	0.15563065	1.0	False	lymph	early	nucleotide_transformer
4455	-11.810568	16.360445	28.171013	-1.4210533	0.15601473	1.0	False	lymph	early	nucleotide_transformer
4368	-5.722435	89.60309	95.32552	-1.4162309	0.15719639	1.0	False	lymph	early	nucleotide_transformer
1633	0.20361085	0.20361085	0.0	1.4147505	0.15737517	1.0	False	lymph	early	nucleotide_transformer
2587	0.20359863	0.20359863	0.0	1.4147502	0.15737523	1.0	False	lymph	early	nucleotide_transformer
4652	0.20359863	0.20359863	0.0	1.4147502	0.15737523	1.0	False	lymph	early	nucleotide_transformer
4046	0.2035569	0.2035569	0.0	1.4147499	0.15737538	1.0	False	lymph	early	nucleotide_transformer
5033	0.20352608	0.20352608	0.0	1.4147493	0.15737557	1.0	False	lymph	early	nucleotide_transformer
343	0.20424253	0.20424253	0.0	1.4147449	0.15737681	1.0	False	lymph	early	nucleotide_transformer
2371	0.20412709	0.20412709	0.0	1.414744	0.1573771	1.0	False	lymph	early	nucleotide_transformer
4070	0.20406546	0.20406546	0.0	1.4147437	0.15737718	1.0	False	lymph	early	nucleotide_transformer
545	0.2036058	0.2036058	0.0	1.4147432	0.15737732	1.0	False	lymph	early	nucleotide_transformer
4442	0.20370328	0.20370328	0.0	1.4147431	0.15737736	1.0	False	lymph	early	nucleotide_transformer
1717	0.2044025	0.2044025	0.0	1.4147431	0.15737736	1.0	False	lymph	early	nucleotide_transformer
1204	0.20360558	0.20360558	0.0	1.414743	0.15737742	1.0	False	lymph	early	nucleotide_transformer
4663	0.20356664	0.20356664	0.0	1.414743	0.15737742	1.0	False	lymph	early	nucleotide_transformer
3793	0.20413648	0.20413648	0.0	1.4147428	0.15737742	1.0	False	lymph	early	nucleotide_transformer
3222	0.20405096	0.20405096	0.0	1.4147427	0.15737744	1.0	False	lymph	early	nucleotide_transformer
2902	0.2043551	0.2043551	0.0	1.4147427	0.15737744	1.0	False	lymph	early	nucleotide_transformer
748	0.20440422	0.20440422	0.0	1.4147427	0.15737744	1.0	False	lymph	early	nucleotide_transformer
1416	0.20434758	0.20434758	0.0	1.4147427	0.15737744	1.0	False	lymph	early	nucleotide_transformer
1672	0.20420282	0.20420282	0.0	1.4147425	0.15737751	1.0	False	lymph	early	nucleotide_transformer
1803	0.20425266	0.20425266	0.0	1.4147426	0.15737751	1.0	False	lymph	early	nucleotide_transformer
687	0.20362312	0.20362312	0.0	1.4147425	0.15737751	1.0	False	lymph	early	nucleotide_transformer
3085	0.20433353	0.20433353	0.0	1.4147425	0.15737751	1.0	False	lymph	early	nucleotide_transformer
4465	0.20363598	0.20363598	0.0	1.4147424	0.15737756	1.0	False	lymph	early	nucleotide_transformer
190	0.20410857	0.20410857	0.0	1.4147424	0.15737756	1.0	False	lymph	early	nucleotide_transformer
1240	0.20404084	0.20404084	0.0	1.4147422	0.15737757	1.0	False	lymph	early	nucleotide_transformer
3686	0.20402318	0.20402318	0.0	1.4147422	0.15737757	1.0	False	lymph	early	nucleotide_transformer
3242	0.20359036	0.20359036	0.0	1.4147422	0.15737757	1.0	False	lymph	early	nucleotide_transformer
3587	0.20360447	0.20360447	0.0	1.4147422	0.15737757	1.0	False	lymph	early	nucleotide_transformer
4912	0.20410998	0.20410998	0.0	1.4147422	0.15737757	1.0	False	lymph	early	nucleotide_transformer
4003	0.20383692	0.20383692	0.0	1.4147422	0.15737757	1.0	False	lymph	early	nucleotide_transformer
4100	0.20418362	0.20418362	0.0	1.4147421	0.15737762	1.0	False	lymph	early	nucleotide_transformer
131	0.20407002	0.20407002	0.0	1.4147421	0.15737762	1.0	False	lymph	early	nucleotide_transformer
1235	0.2041158	0.2041158	0.0	1.4147421	0.15737762	1.0	False	lymph	early	nucleotide_transformer
4763	0.2039826	0.2039826	0.0	1.4147419	0.15737768	1.0	False	lymph	early	nucleotide_transformer
1468	0.20398769	0.20398769	0.0	1.414742	0.15737768	1.0	False	lymph	early	nucleotide_transformer
2762	0.2039836	0.2039836	0.0	1.4147419	0.15737768	1.0	False	lymph	early	nucleotide_transformer
3112	0.20399171	0.20399171	0.0	1.414742	0.15737768	1.0	False	lymph	early	nucleotide_transformer
3350	0.2039452	0.2039452	0.0	1.4147419	0.15737768	1.0	False	lymph	early	nucleotide_transformer
3474	0.20416754	0.20416754	0.0	1.414742	0.15737768	1.0	False	lymph	early	nucleotide_transformer
3212	0.2040625	0.2040625	0.0	1.4147419	0.15737768	1.0	False	lymph	early	nucleotide_transformer
438	0.20398329	0.20398329	0.0	1.414742	0.15737768	1.0	False	lymph	early	nucleotide_transformer
2623	0.20398094	0.20398094	0.0	1.4147419	0.15737768	1.0	False	lymph	early	nucleotide_transformer
4321	0.20398389	0.20398389	0.0	1.414742	0.15737768	1.0	False	lymph	early	nucleotide_transformer
872	0.20405531	0.20405531	0.0	1.414742	0.15737768	1.0	False	lymph	early	nucleotide_transformer
3395	0.20400846	0.20400846	0.0	1.4147419	0.15737768	1.0	False	lymph	early	nucleotide_transformer
3891	0.2040145	0.2040145	0.0	1.414742	0.15737768	1.0	False	lymph	early	nucleotide_transformer
4192	0.20379062	0.20379062	0.0	1.4147418	0.15737772	1.0	False	lymph	early	nucleotide_transformer
1000	0.20391439	0.20391439	0.0	1.4147418	0.15737772	1.0	False	lymph	early	nucleotide_transformer
834	0.20396298	0.20396298	0.0	1.4147418	0.15737772	1.0	False	lymph	early	nucleotide_transformer
332	0.20398386	0.20398386	0.0	1.4147418	0.15737772	1.0	False	lymph	early	nucleotide_transformer
4095	0.20391807	0.20391807	0.0	1.4147416	0.15737778	1.0	False	lymph	early	nucleotide_transformer
3717	0.20393449	0.20393449	0.0	1.4147416	0.15737778	1.0	False	lymph	early	nucleotide_transformer
4451	0.20406574	0.20406574	0.0	1.4147416	0.15737778	1.0	False	lymph	early	nucleotide_transformer
4474	0.20347616	0.20347616	0.0	1.4147416	0.15737778	1.0	False	lymph	early	nucleotide_transformer
3513	0.20410404	0.20410404	0.0	1.4147416	0.15737778	1.0	False	lymph	early	nucleotide_transformer
634	0.20415606	0.20415606	0.0	1.4147416	0.15737778	1.0	False	lymph	early	nucleotide_transformer
4430	0.20403412	0.20403412	0.0	1.4147416	0.15737778	1.0	False	lymph	early	nucleotide_transformer
1480	0.20394595	0.20394595	0.0	1.4147416	0.15737778	1.0	False	lymph	early	nucleotide_transformer
3383	0.20392747	0.20392747	0.0	1.4147416	0.15737778	1.0	False	lymph	early	nucleotide_transformer
4052	0.20382532	0.20382532	0.0	1.4147415	0.15737782	1.0	False	lymph	early	nucleotide_transformer
548	0.20380434	0.20380434	0.0	1.4147414	0.15737784	1.0	False	lymph	early	nucleotide_transformer
3515	0.20404844	0.20404844	0.0	1.4147414	0.15737784	1.0	False	lymph	early	nucleotide_transformer
1673	0.2038894	0.2038894	0.0	1.4147414	0.15737784	1.0	False	lymph	early	nucleotide_transformer
3464	0.20412119	0.20412119	0.0	1.4147414	0.15737784	1.0	False	lymph	early	nucleotide_transformer
3327	0.20391063	0.20391063	0.0	1.4147414	0.15737784	1.0	False	lymph	early	nucleotide_transformer
1073	0.20409189	0.20409189	0.0	1.4147414	0.15737784	1.0	False	lymph	early	nucleotide_transformer
2347	0.20380339	0.20380339	0.0	1.4147414	0.15737784	1.0	False	lymph	early	nucleotide_transformer
2813	0.20378824	0.20378824	0.0	1.4147413	0.15737787	1.0	False	lymph	early	nucleotide_transformer
1772	0.20416616	0.20416616	0.0	1.4147413	0.15737787	1.0	False	lymph	early	nucleotide_transformer
2968	0.2037933	0.2037933	0.0	1.4147413	0.15737787	1.0	False	lymph	early	nucleotide_transformer
2975	0.20372243	0.20372243	0.0	1.4147413	0.15737787	1.0	False	lymph	early	nucleotide_transformer
2688	0.20387362	0.20387362	0.0	1.4147413	0.15737787	1.0	False	lymph	early	nucleotide_transformer
3718	0.20399454	0.20399454	0.0	1.4147413	0.15737787	1.0	False	lymph	early	nucleotide_transformer
1086	0.20353156	0.20353156	0.0	1.4147413	0.15737787	1.0	False	lymph	early	nucleotide_transformer
934	0.20383146	0.20383146	0.0	1.4147413	0.15737787	1.0	False	lymph	early	nucleotide_transformer
233	0.20376249	0.20376249	0.0	1.414741	0.15737791	1.0	False	lymph	early	nucleotide_transformer
3523	0.20379092	0.20379092	0.0	1.4147412	0.15737791	1.0	False	lymph	early	nucleotide_transformer
1293	0.20380454	0.20380454	0.0	1.4147412	0.15737791	1.0	False	lymph	early	nucleotide_transformer
4341	0.20384724	0.20384724	0.0	1.4147412	0.15737791	1.0	False	lymph	early	nucleotide_transformer
3616	0.20352687	0.20352687	0.0	1.414741	0.15737791	1.0	False	lymph	early	nucleotide_transformer
4612	0.20417589	0.20417589	0.0	1.4147412	0.15737791	1.0	False	lymph	early	nucleotide_transformer
3193	0.2037117	0.2037117	0.0	1.414741	0.15737791	1.0	False	lymph	early	nucleotide_transformer
76	0.20394051	0.20394051	0.0	1.4147412	0.15737791	1.0	False	lymph	early	nucleotide_transformer
2905	0.20382938	0.20382938	0.0	1.414741	0.15737791	1.0	False	lymph	early	nucleotide_transformer
416	0.2038762	0.2038762	0.0	1.4147412	0.15737791	1.0	False	lymph	early	nucleotide_transformer
2029	0.20371467	0.20371467	0.0	1.4147408	0.15737797	1.0	False	lymph	early	nucleotide_transformer
3581	0.20358875	0.20358875	0.0	1.4147408	0.15737797	1.0	False	lymph	early	nucleotide_transformer
3742	0.20373462	0.20373462	0.0	1.4147408	0.15737797	1.0	False	lymph	early	nucleotide_transformer
2180	0.20354892	0.20354892	0.0	1.4147408	0.15737797	1.0	False	lymph	early	nucleotide_transformer
2572	0.20370667	0.20370667	0.0	1.4147408	0.15737797	1.0	False	lymph	early	nucleotide_transformer
1111	0.20384516	0.20384516	0.0	1.4147409	0.15737799	1.0	False	lymph	early	nucleotide_transformer
1148	0.20381707	0.20381707	0.0	1.4147409	0.15737799	1.0	False	lymph	early	nucleotide_transformer
2629	0.20400615	0.20400615	0.0	1.4147407	0.15737805	1.0	False	lymph	early	nucleotide_transformer
3276	0.20371519	0.20371519	0.0	1.4147407	0.15737805	1.0	False	lymph	early	nucleotide_transformer
1164	0.20347853	0.20347853	0.0	1.4147407	0.15737805	1.0	False	lymph	early	nucleotide_transformer
167	0.20376682	0.20376682	0.0	1.4147407	0.15737805	1.0	False	lymph	early	nucleotide_transformer
4167	0.20369141	0.20369141	0.0	1.4147407	0.15737805	1.0	False	lymph	early	nucleotide_transformer
2073	0.20368744	0.20368744	0.0	1.4147404	0.15737809	1.0	False	lymph	early	nucleotide_transformer
1734	0.20364195	0.20364195	0.0	1.4147406	0.15737809	1.0	False	lymph	early	nucleotide_transformer
3135	0.20370556	0.20370556	0.0	1.4147404	0.15737809	1.0	False	lymph	early	nucleotide_transformer
2141	0.20363154	0.20363154	0.0	1.4147406	0.15737809	1.0	False	lymph	early	nucleotide_transformer
2556	0.20360765	0.20360765	0.0	1.4147403	0.15737815	1.0	False	lymph	early	nucleotide_transformer
2765	0.20400809	0.20400809	0.0	1.4147403	0.15737815	1.0	False	lymph	early	nucleotide_transformer
1457	0.20366947	0.20366947	0.0	1.4147403	0.15737815	1.0	False	lymph	early	nucleotide_transformer
951	0.2035764	0.2035764	0.0	1.4147403	0.15737815	1.0	False	lymph	early	nucleotide_transformer
47	0.2036389	0.2036389	0.0	1.4147402	0.1573782	1.0	False	lymph	early	nucleotide_transformer
113	0.20379856	0.20379856	0.0	1.4147402	0.1573782	1.0	False	lymph	early	nucleotide_transformer
1091	0.20359494	0.20359494	0.0	1.4147402	0.1573782	1.0	False	lymph	early	nucleotide_transformer
4833	0.20354922	0.20354922	0.0	1.4147402	0.1573782	1.0	False	lymph	early	nucleotide_transformer
1404	0.20369701	0.20369701	0.0	1.41474	0.15737826	1.0	False	lymph	early	nucleotide_transformer
4191	0.20356281	0.20356281	0.0	1.41474	0.15737826	1.0	False	lymph	early	nucleotide_transformer
641	0.20371757	0.20371757	0.0	1.41474	0.15737826	1.0	False	lymph	early	nucleotide_transformer
4242	0.20350283	0.20350283	0.0	1.41474	0.15737826	1.0	False	lymph	early	nucleotide_transformer
1856	0.20345457	0.20345457	0.0	1.41474	0.15737826	1.0	False	lymph	early	nucleotide_transformer
1348	0.2036626	0.2036626	0.0	1.4147401	0.15737827	1.0	False	lymph	early	nucleotide_transformer
1155	0.20372126	0.20372126	0.0	1.4147401	0.15737827	1.0	False	lymph	early	nucleotide_transformer
2882	0.20395264	0.20395264	0.0	1.4147401	0.15737827	1.0	False	lymph	early	nucleotide_transformer
80	0.20369834	0.20369834	0.0	1.4147401	0.15737827	1.0	False	lymph	early	nucleotide_transformer
4707	0.20357156	0.20357156	0.0	1.4147401	0.15737827	1.0	False	lymph	early	nucleotide_transformer
2974	0.20375304	0.20375304	0.0	1.4147401	0.15737827	1.0	False	lymph	early	nucleotide_transformer
3668	0.20346971	0.20346971	0.0	1.4147398	0.15737827	1.0	False	lymph	early	nucleotide_transformer
3118	0.20361325	0.20361325	0.0	1.4147401	0.15737827	1.0	False	lymph	early	nucleotide_transformer
3110	0.20364244	0.20364244	0.0	1.4147398	0.15737827	1.0	False	lymph	early	nucleotide_transformer
4677	0.20371716	0.20371716	0.0	1.4147397	0.15737832	1.0	False	lymph	early	nucleotide_transformer
4423	0.2036589	0.2036589	0.0	1.4147397	0.15737832	1.0	False	lymph	early	nucleotide_transformer
4571	0.20407365	0.20407365	0.0	1.4147396	0.15737838	1.0	False	lymph	early	nucleotide_transformer
4984	0.203425	0.203425	0.0	1.4147395	0.1573784	1.0	False	lymph	early	nucleotide_transformer
3806	0.2034574	0.2034574	0.0	1.4147395	0.1573784	1.0	False	lymph	early	nucleotide_transformer
1043	0.2034586	0.2034586	0.0	1.4147395	0.1573784	1.0	False	lymph	early	nucleotide_transformer
2292	0.20390931	0.20390931	0.0	1.4147395	0.1573784	1.0	False	lymph	early	nucleotide_transformer
507	0.20394641	0.20394641	0.0	1.4147394	0.15737842	1.0	False	lymph	early	nucleotide_transformer
710	0.20345634	0.20345634	0.0	1.4147391	0.15737851	1.0	False	lymph	early	nucleotide_transformer
4287	0.20383161	0.20383161	0.0	1.4147391	0.15737851	1.0	False	lymph	early	nucleotide_transformer
4288	0.20352383	0.20352383	0.0	1.414739	0.15737852	1.0	False	lymph	early	nucleotide_transformer
15	0.20348774	0.20348774	0.0	1.414739	0.15737852	1.0	False	lymph	early	nucleotide_transformer
3820	0.20383564	0.20383564	0.0	1.4147389	0.15737857	1.0	False	lymph	early	nucleotide_transformer
524	0.20379981	0.20379981	0.0	1.4147388	0.15737858	1.0	False	lymph	early	nucleotide_transformer
4981	0.20365492	0.20365492	0.0	1.4147335	0.15738016	1.0	False	lymph	early	nucleotide_transformer
1445	0.20365436	0.20365436	0.0	1.4147333	0.15738024	1.0	False	lymph	early	nucleotide_transformer
581	0.20364565	0.20364565	0.0	1.4147332	0.15738028	1.0	False	lymph	early	nucleotide_transformer
103	0.20359653	0.20359653	0.0	1.4147327	0.1573804	1.0	False	lymph	early	nucleotide_transformer
3868	0.20359811	0.20359811	0.0	1.4147326	0.15738046	1.0	False	lymph	early	nucleotide_transformer
367	0.20359841	0.20359841	0.0	1.4147326	0.15738046	1.0	False	lymph	early	nucleotide_transformer
3598	0.20355149	0.20355149	0.0	1.4147321	0.15738057	1.0	False	lymph	early	nucleotide_transformer
768	0.20361845	0.20361845	0.0	1.4147314	0.15738079	1.0	False	lymph	early	nucleotide_transformer
3494	0.2035177	0.2035177	0.0	1.414731	0.1573809	1.0	False	lymph	early	nucleotide_transformer
2496	0.20360635	0.20360635	0.0	1.4147309	0.15738091	1.0	False	lymph	early	nucleotide_transformer
3301	0.20346488	0.20346488	0.0	1.414729	0.15738149	1.0	False	lymph	early	nucleotide_transformer
3893	-0.7028244	0.0	0.7028244	-1.4160616	0.15756592	1.0	False	lymph	early	nucleotide_transformer
4649	-0.70225275	0.0	0.70225275	-1.416061	0.1575661	1.0	False	lymph	early	nucleotide_transformer
3937	-0.7027206	0.0	0.7027206	-1.4160603	0.15756634	1.0	False	lymph	early	nucleotide_transformer
2705	-0.7026768	0.0	0.7026768	-1.4160601	0.1575664	1.0	False	lymph	early	nucleotide_transformer
463	-0.70265675	0.0	0.70265675	-1.4160599	0.15756647	1.0	False	lymph	early	nucleotide_transformer
2515	-0.70214194	0.0	0.70214194	-1.4160599	0.15756647	1.0	False	lymph	early	nucleotide_transformer
4105	-0.702131	0.0	0.702131	-1.4160597	0.15756652	1.0	False	lymph	early	nucleotide_transformer
4637	-0.70184696	0.0	0.70184696	-1.4160566	0.15756744	1.0	False	lymph	early	nucleotide_transformer
2780	-0.701733	0.0	0.701733	-1.4160556	0.15756777	1.0	False	lymph	early	nucleotide_transformer
1595	-0.70170546	0.0	0.70170546	-1.4160553	0.15756783	1.0	False	lymph	early	nucleotide_transformer
1648	-1.4844041	1.326632	2.811036	-1.4127942	0.15834317	1.0	False	lymph	early	nucleotide_transformer
1754	-1.4847578	1.3270022	2.81176	-1.41276	0.15835318	1.0	False	lymph	early	nucleotide_transformer
4767	-1.4848251	1.3273234	2.8121486	-1.412614	0.15839614	1.0	False	lymph	early	nucleotide_transformer
989	-1.4839003	1.3268712	2.8107715	-1.4123986	0.1584595	1.0	False	lymph	early	nucleotide_transformer
496	0.6680238	1.0188822	0.35085833	1.4045382	0.16044591	1.0	False	lymph	early	nucleotide_transformer
143	0.66752917	1.01838	0.35085088	1.403832	0.16065624	1.0	False	lymph	early	nucleotide_transformer
3490	0.66788304	1.0190692	0.35118613	1.4034142	0.16078077	1.0	False	lymph	early	nucleotide_transformer
4946	0.6676401	1.0187066	0.35106644	1.4033886	0.1607884	1.0	False	lymph	early	nucleotide_transformer
3231	0.6676438	1.0187494	0.3511056	1.4032863	0.16081893	1.0	False	lymph	early	nucleotide_transformer
1654	0.6675023	1.0185766	0.35107434	1.4031626	0.1608558	1.0	False	lymph	early	nucleotide_transformer
2492	0.66778415	1.0190845	0.3513003	1.4029505	0.16091906	1.0	False	lymph	early	nucleotide_transformer
4687	0.66779745	1.0191059	0.35130847	1.4029454	0.16092063	1.0	False	lymph	early	nucleotide_transformer
36	0.6677584	1.0190495	0.35129112	1.402938	0.16092283	1.0	False	lymph	early	nucleotide_transformer
4279	0.66805756	1.0195489	0.3514913	1.4028139	0.16095984	1.0	False	lymph	early	nucleotide_transformer
1508	0.6678762	1.0193105	0.3514343	1.4027115	0.1609904	1.0	False	lymph	early	nucleotide_transformer
4468	0.6673703	1.0185506	0.35118034	1.4026718	0.16100225	1.0	False	lymph	early	nucleotide_transformer
4847	0.6676527	1.0189991	0.35134634	1.4026276	0.16101547	1.0	False	lymph	early	nucleotide_transformer
1865	0.66758	1.0188979	0.35131788	1.4025977	0.16102439	1.0	False	lymph	early	nucleotide_transformer
3003	0.66743684	1.0187063	0.3512695	1.4025211	0.1610472	1.0	False	lymph	early	nucleotide_transformer
3591	0.6676567	1.019071	0.35141426	1.4024413	0.16107106	1.0	False	lymph	early	nucleotide_transformer
2815	0.66755605	1.0189294	0.3513733	1.4024075	0.16108118	1.0	False	lymph	early	nucleotide_transformer
3283	0.6674075	1.0187482	0.35134068	1.4022795	0.16111942	1.0	False	lymph	early	nucleotide_transformer
1695	0.6675005	1.0189048	0.3514043	1.402239	0.16113147	1.0	False	lymph	early	nucleotide_transformer
3527	0.66752285	1.0189623	0.35143942	1.4021739	0.16115092	1.0	False	lymph	early	nucleotide_transformer
676	0.6675749	1.0190467	0.35147175	1.4021606	0.1611549	1.0	False	lymph	early	nucleotide_transformer
3278	0.6676997	1.0192429	0.35154316	1.4021462	0.16115922	1.0	False	lymph	early	nucleotide_transformer
941	0.66755044	1.0190148	0.35146442	1.4021442	0.16115981	1.0	False	lymph	early	nucleotide_transformer
1644	0.6674267	1.01883	0.3514032	1.4021347	0.16116264	1.0	False	lymph	early	nucleotide_transformer
5117	0.6674732	1.0189009	0.3514277	1.4021332	0.16116308	1.0	False	lymph	early	nucleotide_transformer
3150	0.66745645	1.0188792	0.35142273	1.4021221	0.16116641	1.0	False	lymph	early	nucleotide_transformer
1738	0.6676967	1.0192586	0.35156193	1.4020888	0.16117632	1.0	False	lymph	early	nucleotide_transformer
4118	0.66752535	1.0190097	0.35148436	1.402052	0.16118728	1.0	False	lymph	early	nucleotide_transformer
2683	0.6674826	1.0189477	0.3514651	1.4020427	0.1611901	1.0	False	lymph	early	nucleotide_transformer
1342	0.66740566	1.0188335	0.35142785	1.4020349	0.16119246	1.0	False	lymph	early	nucleotide_transformer
534	0.6673577	1.0187798	0.3514221	1.4019786	0.16120926	1.0	False	lymph	early	nucleotide_transformer
4075	0.66752607	1.0190418	0.3515157	1.4019656	0.16121314	1.0	False	lymph	early	nucleotide_transformer
2505	0.6673099	1.0187236	0.3514137	1.4019314	0.16122337	1.0	False	lymph	early	nucleotide_transformer
2075	0.66725725	1.0186658	0.35140854	1.4018679	0.16124235	1.0	False	lymph	early	nucleotide_transformer
3739	0.66727644	1.0187113	0.3514349	1.4018224	0.16125593	1.0	False	lymph	early	nucleotide_transformer
2742	0.6672783	1.0187303	0.35145196	1.4017781	0.16126922	1.0	False	lymph	early	nucleotide_transformer
4018	0.6672944	1.0187602	0.35146585	1.4017628	0.16127376	1.0	False	lymph	early	nucleotide_transformer
4169	0.6675775	1.0191956	0.35161808	1.4017566	0.16127557	1.0	False	lymph	early	nucleotide_transformer
3263	0.667524	1.0191166	0.35159266	1.4017483	0.16127807	1.0	False	lymph	early	nucleotide_transformer
1304	0.66714835	1.0185452	0.3513968	1.4017403	0.16128047	1.0	False	lymph	early	nucleotide_transformer
1908	0.6674937	1.0190797	0.351586	1.401721	0.16128623	1.0	False	lymph	early	nucleotide_transformer
377	0.6669799	1.0183529	0.35137296	1.4015595	0.16133454	1.0	False	lymph	early	nucleotide_transformer
2793	0.66676676	1.0180453	0.3512785	1.4015079	0.16134997	1.0	False	lymph	early	nucleotide_transformer
2601	0.66747785	1.019151	0.35167316	1.4014544	0.16136594	1.0	False	lymph	early	nucleotide_transformer
3067	0.6672263	1.0188065	0.35158014	1.4013433	0.16139914	1.0	False	lymph	early	nucleotide_transformer
3432	0.66780937	1.0197153	0.35190597	1.401291	0.16141479	1.0	False	lymph	early	nucleotide_transformer
2605	0.6674799	1.0192257	0.35174587	1.4012564	0.16142514	1.0	False	lymph	early	nucleotide_transformer
3302	0.66697377	1.0184964	0.35152262	1.4011294	0.16146316	1.0	False	lymph	early	nucleotide_transformer
3605	0.6671424	1.0187781	0.35163572	1.401064	0.1614827	1.0	False	lymph	early	nucleotide_transformer
1849	0.6673662	1.0191487	0.3517825	1.4009852	0.16150627	1.0	False	lymph	early	nucleotide_transformer
3935	0.6672213	1.0189395	0.35171816	1.4009496	0.16151692	1.0	False	lymph	early	nucleotide_transformer
1434	0.6672543	1.0189964	0.351742	1.4009323	0.16152209	1.0	False	lymph	early	nucleotide_transformer
3032	0.6672874	1.019057	0.35176963	1.4009037	0.16153069	1.0	False	lymph	early	nucleotide_transformer
3187	0.66721964	1.0189887	0.35176906	1.4008058	0.16155995	1.0	False	lymph	early	nucleotide_transformer
4506	0.66710204	1.018827	0.35172492	1.4007553	0.16157508	1.0	False	lymph	early	nucleotide_transformer
1243	0.66720426	1.0190017	0.35179743	1.4007033	0.16159062	1.0	False	lymph	early	nucleotide_transformer
1740	0.66721445	1.0190195	0.35180503	1.400698	0.16159226	1.0	False	lymph	early	nucleotide_transformer
3847	0.6670272	1.0188577	0.35183054	1.4003501	0.16169636	1.0	False	lymph	early	nucleotide_transformer
1874	0.6672113	1.0191759	0.35196456	1.400248	0.1617269	1.0	False	lymph	early	nucleotide_transformer
724	0.6668839	1.0187579	0.35187405	1.4000171	0.16179614	1.0	False	lymph	early	nucleotide_transformer
1919	0.6668452	1.018703	0.35185775	1.4000053	0.16179962	1.0	False	lymph	early	nucleotide_transformer
1980	0.66695786	1.0189381	0.35198018	1.39983	0.16185218	1.0	False	lymph	early	nucleotide_transformer
372	0.6668346	1.0187991	0.35196447	1.3996925	0.16189337	1.0	False	lymph	early	nucleotide_transformer
4821	0.66735995	1.0196679	0.3523079	1.3994938	0.16195297	1.0	False	lymph	early	nucleotide_transformer
1544	0.66679883	1.0189139	0.352115	1.3992198	0.16203514	1.0	False	lymph	early	nucleotide_transformer
508	0.6671059	1.019381	0.3522751	1.3992099	0.16203809	1.0	False	lymph	early	nucleotide_transformer
2203	0.66681707	1.0189536	0.3521365	1.399187	0.16204494	1.0	False	lymph	early	nucleotide_transformer
1596	0.66738117	1.0198193	0.3524381	1.399163	0.16205218	1.0	False	lymph	early	nucleotide_transformer
3314	0.66689444	1.0190842	0.3521898	1.3991404	0.16205893	1.0	False	lymph	early	nucleotide_transformer
1095	0.6665215	1.0185254	0.35200387	1.3991195	0.16206518	1.0	False	lymph	early	nucleotide_transformer
2030	0.66682744	1.0190434	0.352216	1.3989673	0.1621109	1.0	False	lymph	early	nucleotide_transformer
1307	0.6667607	1.0189788	0.35221812	1.3988637	0.16214198	1.0	False	lymph	early	nucleotide_transformer
432	0.66699356	1.0194279	0.35243434	1.3986002	0.16222101	1.0	False	lymph	early	nucleotide_transformer
184	-2.5427246	521.60223	524.14496	-1.3904612	0.16508786	1.0	False	lymph	early	nucleotide_transformer
4607	-1.531022	1.6326343	3.1636562	-1.3673681	0.1721159	1.0	False	lymph	early	nucleotide_transformer
3808	-1.5305942	1.6331257	3.16372	-1.3669088	0.17225961	1.0	False	lymph	early	nucleotide_transformer
4446	-1.5294763	1.6326934	3.1621697	-1.3665385	0.17237563	1.0	False	lymph	early	nucleotide_transformer
2283	-1.5294243	1.6329285	3.1623528	-1.3663988	0.17241941	1.0	False	lymph	early	nucleotide_transformer
1338	-1.336673	1.1221461	2.4588192	-1.3615136	0.1739743	1.0	False	lymph	early	nucleotide_transformer
4872	-1.3360918	1.122046	2.4581378	-1.3612732	0.17405012	1.0	False	lymph	early	nucleotide_transformer
2095	-1.3360947	1.1224161	2.4585109	-1.3610357	0.17412506	1.0	False	lymph	early	nucleotide_transformer
197	-5.3889008	92.91243	98.30133	-1.3546354	0.17601272	1.0	False	lymph	early	nucleotide_transformer
4538	-1.4257742	0.30388927	1.7296635	-1.348468	0.17823102	1.0	False	lymph	early	nucleotide_transformer
5097	-2.1486816	648.6871	650.83575	-1.3375663	0.18171933	1.0	False	lymph	early	nucleotide_transformer
1897	-1.3831737	1.4286842	2.811858	-1.3100643	0.19076979	1.0	False	lymph	early	nucleotide_transformer
3711	-1.3832809	1.4288713	2.8121521	-1.3100268	0.19078256	1.0	False	lymph	early	nucleotide_transformer
2633	-1.3830311	1.4288769	2.811908	-1.3098868	0.19082972	1.0	False	lymph	early	nucleotide_transformer
2158	-1.382898	1.4288777	2.8117757	-1.3098134	0.19085464	1.0	False	lymph	early	nucleotide_transformer
3100	-1.3829066	1.4289712	2.8118777	-1.3097701	0.1908692	1.0	False	lymph	early	nucleotide_transformer
2080	-1.3830909	1.4291843	2.8122752	-1.3097602	0.19087258	1.0	False	lymph	early	nucleotide_transformer
187	-1.3819253	1.4290106	2.810936	-1.3092197	0.19105531	1.0	False	lymph	early	nucleotide_transformer
1847	-1.3813071	1.42876	2.8100672	-1.309012	0.19112553	1.0	False	lymph	early	nucleotide_transformer
4788	-1.3817824	1.4293116	2.811094	-1.3089851	0.19113466	1.0	False	lymph	early	nucleotide_transformer
4316	0.8257223	1.5282941	0.7025718	1.3051909	0.19215621	1.0	False	lymph	early	nucleotide_transformer
4929	0.8258502	1.528593	0.70274276	1.305096	0.19218852	1.0	False	lymph	early	nucleotide_transformer
3861	0.82580316	1.5286225	0.70281935	1.3049248	0.19224676	1.0	False	lymph	early	nucleotide_transformer
2485	0.82565194	1.528439	0.7027871	1.3047824	0.19229531	1.0	False	lymph	early	nucleotide_transformer
1412	0.8256182	1.5284029	0.7027847	1.3047434	0.19230865	1.0	False	lymph	early	nucleotide_transformer
653	0.8255594	1.5283618	0.7028024	1.3046491	0.19234079	1.0	False	lymph	early	nucleotide_transformer
52	0.8251983	1.528211	0.7030127	1.3038805	0.19260278	1.0	False	lymph	early	nucleotide_transformer
2472	3.7613678	154.64867	150.8873	1.2989204	0.19448385	1.0	False	lymph	early	nucleotide_transformer
4891	-5.1143646	100.14003	105.254395	-1.2939719	0.19614208	1.0	False	lymph	early	nucleotide_transformer
5030	-4.6236343	114.43794	119.06158	-1.2937933	0.19619757	1.0	False	lymph	early	nucleotide_transformer
4875	-1.4291291	1.7354891	3.1646183	-1.2708076	0.20437105	1.0	False	lymph	early	nucleotide_transformer
4477	-1.4281652	1.7350647	3.16323	-1.2704751	0.20448929	1.0	False	lymph	early	nucleotide_transformer
1064	-1.42762	1.7344526	3.1620727	-1.2704523	0.20449737	1.0	False	lymph	early	nucleotide_transformer
2040	-1.4280005	1.7351847	3.1631851	-1.2703329	0.2045398	1.0	False	lymph	early	nucleotide_transformer
5092	-1.4265685	1.7344577	3.1610262	-1.2698798	0.20470102	1.0	False	lymph	early	nucleotide_transformer
3922	-4.498657	817.3843	821.88293	-1.2603415	0.20822456	1.0	False	lymph	early	nucleotide_transformer
1525	-1.2346435	1.2239392	2.4585826	-1.2510977	0.21148135	1.0	False	lymph	early	nucleotide_transformer
3656	-1.2346873	1.2240453	2.4587326	-1.2510607	0.2114948	1.0	False	lymph	early	nucleotide_transformer
331	-1.2344239	1.223989	2.458413	-1.2509413	0.2115383	1.0	False	lymph	early	nucleotide_transformer
2147	-1.2344196	1.2240186	2.4584382	-1.2509221	0.21154529	1.0	False	lymph	early	nucleotide_transformer
1533	-1.2353282	1.2249541	2.4602823	-1.2509038	0.21155195	1.0	False	lymph	early	nucleotide_transformer
3081	-1.2342573	1.2239286	2.458186	-1.2508886	0.21155748	1.0	False	lymph	early	nucleotide_transformer
4657	-1.2341292	1.2238421	2.4579713	-1.2508631	0.21156682	1.0	False	lymph	early	nucleotide_transformer
4141	-1.2343627	1.2240793	2.458442	-1.250855	0.21156977	1.0	False	lymph	early	nucleotide_transformer
220	-1.2349693	1.2249073	2.4598765	-1.2507246	0.21161729	1.0	False	lymph	early	nucleotide_transformer
70	-1.2336657	1.2248428	2.4585085	-1.250021	0.21187383	1.0	False	lymph	early	nucleotide_transformer
1336	-1.233677	1.2248789	2.458556	-1.2500073	0.21187879	1.0	False	lymph	early	nucleotide_transformer
3224	-1.4740677	2.0407867	3.5148544	-1.2405889	0.21531413	1.0	False	lymph	early	nucleotide_transformer
1290	0.56614697	0.91695446	0.35080752	1.2183561	0.22337104	1.0	False	lymph	early	nucleotide_transformer
2192	0.56626755	0.91714984	0.3508823	1.2183558	0.22337115	1.0	False	lymph	early	nucleotide_transformer
2435	0.5659406	0.9167617	0.35082108	1.2179946	0.22350837	1.0	False	lymph	early	nucleotide_transformer
4537	0.5661297	0.9171059	0.35097623	1.2178987	0.2235448	1.0	False	lymph	early	nucleotide_transformer
2925	0.5661623	0.9171731	0.3510108	1.2178612	0.22355908	1.0	False	lymph	early	nucleotide_transformer
389	0.56592536	0.91679645	0.35087112	1.2178428	0.22356607	1.0	False	lymph	early	nucleotide_transformer
378	0.5660412	0.9169923	0.35095114	1.2178224	0.22357382	1.0	False	lymph	early	nucleotide_transformer
2807	0.5661495	0.91717833	0.35102883	1.2177951	0.22358425	1.0	False	lymph	early	nucleotide_transformer
2210	0.5658039	0.9166308	0.35082692	1.217763	0.22359647	1.0	False	lymph	early	nucleotide_transformer
1195	0.56580585	0.91663677	0.3508309	1.2177559	0.22359908	1.0	False	lymph	early	nucleotide_transformer
2871	0.5657761	0.9165988	0.35082272	1.2177296	0.2236091	1.0	False	lymph	early	nucleotide_transformer
138	0.56606114	0.91710657	0.35104543	1.2176139	0.22365305	1.0	False	lymph	early	nucleotide_transformer
1082	0.5660536	0.91711354	0.35105994	1.2175657	0.22367142	1.0	False	lymph	early	nucleotide_transformer
1887	0.5660759	0.91715443	0.35107848	1.2175524	0.2236765	1.0	False	lymph	early	nucleotide_transformer
334	0.5661294	0.9172625	0.3511331	1.2174983	0.22369708	1.0	False	lymph	early	nucleotide_transformer
313	0.5658802	0.91686964	0.35098946	1.21747	0.22370782	1.0	False	lymph	early	nucleotide_transformer
4499	0.5658393	0.9168727	0.35103342	1.2172941	0.22377472	1.0	False	lymph	early	nucleotide_transformer
4815	0.566049	0.917214	0.35116503	1.2172908	0.22377597	1.0	False	lymph	early	nucleotide_transformer
228	0.5660313	0.91719	0.35115874	1.217278	0.22378087	1.0	False	lymph	early	nucleotide_transformer
4274	0.56600815	0.91715866	0.3511505	1.2172635	0.22378638	1.0	False	lymph	early	nucleotide_transformer
3983	0.5659872	0.91712487	0.35113764	1.2172618	0.22378704	1.0	False	lymph	early	nucleotide_transformer
3062	0.5660008	0.9171585	0.3511577	1.2172322	0.22379829	1.0	False	lymph	early	nucleotide_transformer
925	0.56562865	0.9165689	0.35094026	1.2171974	0.22381155	1.0	False	lymph	early	nucleotide_transformer
1292	0.5657114	0.9167064	0.35099497	1.2171893	0.22381467	1.0	False	lymph	early	nucleotide_transformer
3697	0.56585085	0.917006	0.3511552	1.2170016	0.223886	1.0	False	lymph	early	nucleotide_transformer
27	0.56596506	0.91728556	0.35132053	1.2167627	0.22397694	1.0	False	lymph	early	nucleotide_transformer
227	0.56591845	0.9172205	0.351302	1.2167363	0.22398698	1.0	False	lymph	early	nucleotide_transformer
4364	0.56585956	0.9171269	0.35126737	1.2167312	0.2239889	1.0	False	lymph	early	nucleotide_transformer
601	0.5658308	0.9170886	0.3512578	1.2167099	0.22399706	1.0	False	lymph	early	nucleotide_transformer
29	0.56547815	0.91652256	0.35104442	1.2166941	0.22400309	1.0	False	lymph	early	nucleotide_transformer
1211	0.56573904	0.91694623	0.3512072	1.216694	0.22400312	1.0	False	lymph	early	nucleotide_transformer
1867	0.5659874	0.9173543	0.35136688	1.2166816	0.2240078	1.0	False	lymph	early	nucleotide_transformer
744	0.56592715	0.9172668	0.35133964	1.2166548	0.22401802	1.0	False	lymph	early	nucleotide_transformer
466	0.5659113	0.9172522	0.35134092	1.2166262	0.22402892	1.0	False	lymph	early	nucleotide_transformer
3882	0.5655681	0.9166968	0.35112873	1.2166226	0.22403027	1.0	False	lymph	early	nucleotide_transformer
4640	0.5659478	0.91733056	0.35138276	1.2165767	0.22404769	1.0	False	lymph	early	nucleotide_transformer
4180	0.56574786	0.9170153	0.35126746	1.2165538	0.22405645	1.0	False	lymph	early	nucleotide_transformer
1522	0.56608486	0.9175617	0.35147685	1.2165536	0.22405654	1.0	False	lymph	early	nucleotide_transformer
73	0.5658679	0.91723645	0.35136858	1.2164867	0.22408202	1.0	False	lymph	early	nucleotide_transformer
4386	0.56558144	0.91678464	0.3512032	1.2164543	0.22409438	1.0	False	lymph	early	nucleotide_transformer
696	0.56565464	0.9169305	0.35127583	1.2163846	0.22412086	1.0	False	lymph	early	nucleotide_transformer
1281	0.565423	0.9165593	0.35113627	1.2163733	0.22412516	1.0	False	lymph	early	nucleotide_transformer
4015	0.56560796	0.91688347	0.3512755	1.2163135	0.22414798	1.0	False	lymph	early	nucleotide_transformer
4445	0.56582034	0.91722953	0.35140923	1.2163086	0.22414985	1.0	False	lymph	early	nucleotide_transformer
2626	0.5654597	0.91666824	0.35120854	1.2162476	0.22417311	1.0	False	lymph	early	nucleotide_transformer
2830	0.56591773	0.917421	0.35150325	1.216225	0.22418171	1.0	False	lymph	early	nucleotide_transformer
1459	0.5655807	0.9168761	0.35129538	1.2162193	0.2241839	1.0	False	lymph	early	nucleotide_transformer
4450	0.56570995	0.91708654	0.35137662	1.2162158	0.22418508	1.0	False	lymph	early	nucleotide_transformer
4313	0.5654939	0.91674834	0.35125446	1.2161856	0.22419667	1.0	False	lymph	early	nucleotide_transformer
1881	0.5660034	0.9175848	0.3515814	1.2161591	0.22420684	1.0	False	lymph	early	nucleotide_transformer
4591	0.56559455	0.91692394	0.35132936	1.2161549	0.22420835	1.0	False	lymph	early	nucleotide_transformer
1055	0.56590044	0.91743153	0.35153112	1.2161261	0.2242194	1.0	False	lymph	early	nucleotide_transformer
1541	0.56571794	0.9171353	0.3514174	1.2161261	0.22421941	1.0	False	lymph	early	nucleotide_transformer
2270	0.5659821	0.9175697	0.3515876	1.2161102	0.2242254	1.0	False	lymph	early	nucleotide_transformer
4168	0.5659574	0.91754234	0.35158494	1.2160778	0.2242378	1.0	False	lymph	early	nucleotide_transformer
4298	0.56553763	0.9168657	0.35132807	1.2160681	0.22424148	1.0	False	lymph	early	nucleotide_transformer
4760	0.5659348	0.9175203	0.35158548	1.2160407	0.2242518	1.0	False	lymph	early	nucleotide_transformer
711	0.56555843	0.9169104	0.35135195	1.2160405	0.22425196	1.0	False	lymph	early	nucleotide_transformer
556	0.565988	0.9176096	0.35162157	1.2160335	0.22425456	1.0	False	lymph	early	nucleotide_transformer
750	0.56547034	0.91677815	0.35130778	1.2160116	0.22426291	1.0	False	lymph	early	nucleotide_transformer
1592	0.56537557	0.91662747	0.35125187	1.2160046	0.22426558	1.0	False	lymph	early	nucleotide_transformer
1112	0.5656546	0.9170818	0.3514272	1.2159991	0.22426766	1.0	False	lymph	early	nucleotide_transformer
3644	0.565727	0.91721886	0.35149187	1.2159506	0.22428614	1.0	False	lymph	early	nucleotide_transformer
461	0.5653969	0.916693	0.35129607	1.2159263	0.2242955	1.0	False	lymph	early	nucleotide_transformer
2788	0.56540537	0.91672015	0.3513148	1.2158922	0.2243084	1.0	False	lymph	early	nucleotide_transformer
4382	0.56569153	0.917185	0.35149348	1.2158908	0.22430892	1.0	False	lymph	early	nucleotide_transformer
2593	0.56588626	0.91751146	0.35162523	1.2158632	0.22431956	1.0	False	lymph	early	nucleotide_transformer
2721	0.5655767	0.9170114	0.35143474	1.2158579	0.22432144	1.0	False	lymph	early	nucleotide_transformer
891	0.5657667	0.9173403	0.35157356	1.2158067	0.22434108	1.0	False	lymph	early	nucleotide_transformer
479	0.5657709	0.9173498	0.3515789	1.2157999	0.22434367	1.0	False	lymph	early	nucleotide_transformer
4484	0.5655366	0.9169821	0.35144553	1.2157665	0.2243564	1.0	False	lymph	early	nucleotide_transformer
2634	0.56569433	0.91723925	0.35154495	1.2157648	0.22435704	1.0	False	lymph	early	nucleotide_transformer
979	0.5654522	0.91685236	0.3514001	1.2157501	0.22436252	1.0	False	lymph	early	nucleotide_transformer
2293	0.5657869	0.9173993	0.3516124	1.2157403	0.22436629	1.0	False	lymph	early	nucleotide_transformer
1192	0.56555575	0.9170464	0.35149068	1.2156824	0.22438836	1.0	False	lymph	early	nucleotide_transformer
3838	0.5656357	0.9171878	0.35155213	1.2156535	0.22439937	1.0	False	lymph	early	nucleotide_transformer
1743	0.56540227	0.9168118	0.35140952	1.2156473	0.2244018	1.0	False	lymph	early	nucleotide_transformer
529	0.565709	0.9173099	0.3516009	1.2156463	0.2244022	1.0	False	lymph	early	nucleotide_transformer
805	0.56556773	0.91709566	0.3515279	1.2156081	0.22441679	1.0	False	lymph	early	nucleotide_transformer
4404	0.5653838	0.91679966	0.35141587	1.2156019	0.2244191	1.0	False	lymph	early	nucleotide_transformer
1775	0.5654956	0.9170019	0.3515063	1.2155492	0.22443922	1.0	False	lymph	early	nucleotide_transformer
102	0.56582487	0.9175589	0.35173407	1.2154894	0.22446193	1.0	False	lymph	early	nucleotide_transformer
2154	0.5655451	0.91714895	0.3516039	1.2153792	0.22450402	1.0	False	lymph	early	nucleotide_transformer
2628	0.56546324	0.91701764	0.3515544	1.2153754	0.22450541	1.0	False	lymph	early	nucleotide_transformer
2352	0.56535006	0.9168633	0.3515133	1.2153016	0.22453353	1.0	False	lymph	early	nucleotide_transformer
2910	0.56517136	0.91662633	0.351455	1.2151651	0.22458555	1.0	False	lymph	early	nucleotide_transformer
533	0.56517756	0.91665536	0.35147777	1.215118	0.22460358	1.0	False	lymph	early	nucleotide_transformer
4146	0.5652404	0.9167777	0.35153732	1.2150666	0.22462331	1.0	False	lymph	early	nucleotide_transformer
671	0.565505	0.9172131	0.35170802	1.2150527	0.22462855	1.0	False	lymph	early	nucleotide_transformer
2205	0.5655088	0.91722184	0.35171306	1.2150452	0.2246314	1.0	False	lymph	early	nucleotide_transformer
1664	0.56509304	0.9165475	0.35145447	1.2150433	0.22463214	1.0	False	lymph	early	nucleotide_transformer
1488	0.565516	0.9172462	0.3517302	1.2150126	0.22464387	1.0	False	lymph	early	nucleotide_transformer
807	0.5657318	0.91761523	0.3518834	1.2149639	0.22466244	1.0	False	lymph	early	nucleotide_transformer
910	0.5654241	0.9171257	0.35170165	1.2149404	0.22467136	1.0	False	lymph	early	nucleotide_transformer
4232	0.5654289	0.9172939	0.351865	1.214534	0.22482641	1.0	False	lymph	early	nucleotide_transformer
1732	0.56554496	0.91748863	0.3519437	1.2145189	0.22483222	1.0	False	lymph	early	nucleotide_transformer
3300	0.56519246	0.916925	0.35173255	1.2144953	0.2248412	1.0	False	lymph	early	nucleotide_transformer
1641	0.5654987	0.9174304	0.35193172	1.2144758	0.2248487	1.0	False	lymph	early	nucleotide_transformer
649	0.5654994	0.917481	0.35198155	1.2143506	0.22489646	1.0	False	lymph	early	nucleotide_transformer
603	0.56538004	0.9173164	0.35193634	1.2142752	0.22492516	1.0	False	lymph	early	nucleotide_transformer
4534	0.5652865	0.9171951	0.35190856	1.2141981	0.22495463	1.0	False	lymph	early	nucleotide_transformer
2951	0.56477624	0.91639704	0.3516208	1.2141236	0.2249831	1.0	False	lymph	early	nucleotide_transformer
879	0.56477594	0.9164225	0.35164654	1.2140576	0.22500832	1.0	False	lymph	early	nucleotide_transformer
5085	0.56521153	0.9172313	0.35201982	1.2137973	0.22510768	1.0	False	lymph	early	nucleotide_transformer
4436	0.5652406	0.9173864	0.35214576	1.2135255	0.22521158	1.0	False	lymph	early	nucleotide_transformer
2809	-1.2811507	1.5300919	2.8112426	-1.2082173	0.22751972	1.0	False	lymph	early	nucleotide_transformer
3284	-1.2807173	1.5307037	2.811421	-1.2076782	0.22772685	1.0	False	lymph	early	nucleotide_transformer
4560	-1.2804916	1.5306795	2.811171	-1.2075592	0.2277725	1.0	False	lymph	early	nucleotide_transformer
1238	-1.2797276	1.530404	2.8101315	-1.2072546	0.22788963	1.0	False	lymph	early	nucleotide_transformer
809	-1.2806351	1.531527	2.8121622	-1.2072395	0.22789536	1.0	False	lymph	early	nucleotide_transformer
4174	-1.2802587	1.5311282	2.8113868	-1.2072121	0.2279059	1.0	False	lymph	early	nucleotide_transformer
2186	-1.2802304	1.5311083	2.8113387	-1.2072057	0.22790834	1.0	False	lymph	early	nucleotide_transformer
1442	-1.2800721	1.5313576	2.8114297	-1.2069966	0.22798881	1.0	False	lymph	early	nucleotide_transformer
1060	-4.5134583	412.54633	417.05978	-1.1927484	0.23363161	1.0	False	lymph	early	nucleotide_transformer
1837	-1.0866821	1.0198929	2.106575	-1.1904095	0.2344517	1.0	False	lymph	early	nucleotide_transformer
2187	-1.0868819	1.0202951	2.107177	-1.1902742	0.23450479	1.0	False	lymph	early	nucleotide_transformer
1314	-1.0868471	1.0203443	2.1071913	-1.1902206	0.23452586	1.0	False	lymph	early	nucleotide_transformer
4721	-1.086943	1.0205244	2.1074674	-1.1901567	0.23455085	1.0	False	lymph	early	nucleotide_transformer
4849	-1.0867782	1.0204179	2.107196	-1.1901321	0.23456056	1.0	False	lymph	early	nucleotide_transformer
3607	-1.0868428	1.0204835	2.1073263	-1.1901296	0.23456155	1.0	False	lymph	early	nucleotide_transformer
1873	-1.0867585	1.0204555	2.107214	-1.1900966	0.23457447	1.0	False	lymph	early	nucleotide_transformer
4807	-0.9335691	0.15791309	1.0914822	-1.1865442	0.23608185	1.0	False	lymph	early	nucleotide_transformer
1850	-1.3242141	0.22399065	1.5482048	-1.1865427	0.23608242	1.0	False	lymph	early	nucleotide_transformer
1928	-0.88245136	0.14926653	1.0317179	-1.1865422	0.23608257	1.0	False	lymph	early	nucleotide_transformer
4260	-1.4240192	0.24087267	1.6648918	-1.186542	0.23608267	1.0	False	lymph	early	nucleotide_transformer
270	-1.2442055	0.2104572	1.4546627	-1.1865418	0.23608272	1.0	False	lymph	early	nucleotide_transformer
5072	-0.74116486	0.12536794	0.8665328	-1.1865412	0.23608296	1.0	False	lymph	early	nucleotide_transformer
1820	-1.0155205	0.17177515	1.1872956	-1.1865408	0.23608308	1.0	False	lymph	early	nucleotide_transformer
3749	-1.0486267	0.17737506	1.2260017	-1.1865408	0.23608309	1.0	False	lymph	early	nucleotide_transformer
2000	-1.051269	0.17782201	1.229091	-1.1865405	0.23608322	1.0	False	lymph	early	nucleotide_transformer
4870	-0.6026384	0.10193621	0.70457464	-1.1865402	0.23608331	1.0	False	lymph	early	nucleotide_transformer
3958	-0.6790517	0.1148615	0.7939132	-1.1865401	0.23608339	1.0	False	lymph	early	nucleotide_transformer
4960	-1.4588654	0.2467669	1.7056323	-1.18654	0.23608343	1.0	False	lymph	early	nucleotide_transformer
2311	-0.6869921	0.11620463	0.8031967	-1.18654	0.2360835	1.0	False	lymph	early	nucleotide_transformer
3487	-0.6790278	0.11485747	0.7938853	-1.1865398	0.2360835	1.0	False	lymph	early	nucleotide_transformer
797	-0.67901284	0.11485493	0.79386777	-1.1865398	0.2360835	1.0	False	lymph	early	nucleotide_transformer
2401	-0.6955949	0.11765979	0.8132547	-1.1865398	0.23608354	1.0	False	lymph	early	nucleotide_transformer
1698	-0.67896646	0.11484709	0.7938135	-1.1865395	0.23608358	1.0	False	lymph	early	nucleotide_transformer
762	-0.6789927	0.11485152	0.7938442	-1.1865395	0.23608358	1.0	False	lymph	early	nucleotide_transformer
2064	-0.6789869	0.11485055	0.7938375	-1.1865395	0.23608358	1.0	False	lymph	early	nucleotide_transformer
1967	-0.6789535	0.114844896	0.79379845	-1.1865393	0.23608372	1.0	False	lymph	early	nucleotide_transformer
11	-1.279683	0.2164582	1.4961412	-1.1865392	0.23608378	1.0	False	lymph	early	nucleotide_transformer
3804	-0.67893916	0.114842474	0.79378164	-1.186539	0.2360838	1.0	False	lymph	early	nucleotide_transformer
1256	-0.67889357	0.114834756	0.7937283	-1.1865388	0.2360839	1.0	False	lymph	early	nucleotide_transformer
3087	-0.67891055	0.11483763	0.7937482	-1.1865388	0.23608392	1.0	False	lymph	early	nucleotide_transformer
3670	-1.3052409	0.22078131	1.5260222	-1.1865389	0.23608395	1.0	False	lymph	early	nucleotide_transformer
447	-0.6789052	0.11483673	0.79374194	-1.1865387	0.23608398	1.0	False	lymph	early	nucleotide_transformer
4236	-0.6788715	0.11483102	0.79370254	-1.1865386	0.236084	1.0	False	lymph	early	nucleotide_transformer
5017	-0.73308337	0.12400096	0.85708433	-1.1865381	0.23608425	1.0	False	lymph	early	nucleotide_transformer
2013	-0.60230654	0.10188007	0.7041866	-1.1865373	0.23608454	1.0	False	lymph	early	nucleotide_transformer
3593	-0.74260634	0.12561177	0.8682181	-1.1865373	0.23608455	1.0	False	lymph	early	nucleotide_transformer
3358	-1.458118	0.24664046	1.7047584	-1.186537	0.2360846	1.0	False	lymph	early	nucleotide_transformer
1784	-1.1109341	0.18791437	1.2988485	-1.1865367	0.23608474	1.0	False	lymph	early	nucleotide_transformer
3049	-1.3168292	0.22274148	1.5395707	-1.186536	0.23608507	1.0	False	lymph	early	nucleotide_transformer
2462	-1.1462891	0.19389464	1.3401837	-1.1865357	0.23608512	1.0	False	lymph	early	nucleotide_transformer
1167	-0.7904753	0.13370879	0.9241841	-1.1865356	0.23608525	1.0	False	lymph	early	nucleotide_transformer
4845	-0.60210484	0.10184596	0.7039508	-1.1865351	0.23608543	1.0	False	lymph	early	nucleotide_transformer
2471	-1.4915633	0.25229773	1.7438611	-1.186535	0.23608547	1.0	False	lymph	early	nucleotide_transformer
2518	-1.4371392	0.24309191	1.6802311	-1.1865344	0.23608562	1.0	False	lymph	early	nucleotide_transformer
4945	-0.6019664	0.10182254	0.70378894	-1.1865338	0.2360859	1.0	False	lymph	early	nucleotide_transformer
454	-0.60196203	0.101821795	0.7037838	-1.1865337	0.23608597	1.0	False	lymph	early	nucleotide_transformer
3666	-1.3840477	0.23411149	1.6181592	-1.1865336	0.23608601	1.0	False	lymph	early	nucleotide_transformer
362	-1.3880936	0.23479584	1.6228894	-1.1865332	0.23608615	1.0	False	lymph	early	nucleotide_transformer
1891	-1.3674393	0.23130217	1.5987414	-1.186533	0.23608625	1.0	False	lymph	early	nucleotide_transformer
3365	-0.6013586	0.10171973	0.7030783	-1.186532	0.23608662	1.0	False	lymph	early	nucleotide_transformer
60	-1.1494375	0.19442722	1.3438648	-1.1865311	0.23608698	1.0	False	lymph	early	nucleotide_transformer
4098	-1.1395012	0.19274649	1.3322477	-1.1865308	0.23608702	1.0	False	lymph	early	nucleotide_transformer
4214	-1.9456635	147.89882	149.84448	-1.1810116	0.23799366	1.0	False	lymph	early	nucleotide_transformer
4795	-1.3261565	1.8359238	3.1620803	-1.1754957	0.24033163	1.0	False	lymph	early	nucleotide_transformer
4806	-1.3268229	1.8373035	3.1641264	-1.1753129	0.24040473	1.0	False	lymph	early	nucleotide_transformer
4331	-1.3266104	1.8371664	3.1637769	-1.1752461	0.24043138	1.0	False	lymph	early	nucleotide_transformer
901	-1.325526	1.8360777	3.1616037	-1.1750771	0.24049896	1.0	False	lymph	early	nucleotide_transformer
1556	-1.3257848	1.8367256	3.1625104	-1.1749576	0.2405466	1.0	False	lymph	early	nucleotide_transformer
175	-1.3255025	1.8368963	3.1623988	-1.1747268	0.2406389	1.0	False	lymph	early	nucleotide_transformer
4193	-2.413391	841.1409	843.5543	-1.1623245	0.24570866	1.0	False	lymph	early	nucleotide_transformer
2474	0.7241468	1.4268167	0.7026699	1.1592271	0.24667805	1.0	False	lymph	early	nucleotide_transformer
3481	0.7239188	1.4264508	0.70253205	1.1591172	0.24672294	1.0	False	lymph	early	nucleotide_transformer
44	0.723775	1.426406	0.702631	1.1587919	0.24685542	1.0	False	lymph	early	nucleotide_transformer
1647	0.72388506	1.4267676	0.7028825	1.1586043	0.24693194	1.0	False	lymph	early	nucleotide_transformer
1345	0.72394943	1.4269636	0.70301414	1.1585004	0.24697426	1.0	False	lymph	early	nucleotide_transformer
2991	0.72369784	1.4267865	0.7030887	1.1580744	0.24714811	1.0	False	lymph	early	nucleotide_transformer
2896	0.7234615	1.4264315	0.70297	1.1579248	0.24720912	1.0	False	lymph	early	nucleotide_transformer
3344	0.7235942	1.4267008	0.70310664	1.1579152	0.24721305	1.0	False	lymph	early	nucleotide_transformer
1277	0.7233897	1.4264399	0.7030502	1.1577245	0.24729083	1.0	False	lymph	early	nucleotide_transformer
2685	0.7231077	1.4276457	0.704538	1.1553764	0.24825066	1.0	False	lymph	early	nucleotide_transformer
1789	0.722064	1.4274415	0.70537746	1.1529022	0.24926475	1.0	False	lymph	early	nucleotide_transformer
2728	-2.3439941	788.5151	790.8591	-1.1453362	0.2526726	1.0	False	lymph	early	nucleotide_transformer
40	-1.1336607	1.3256367	2.4592974	-1.1425416	0.25376275	1.0	False	lymph	early	nucleotide_transformer
497	-1.1333797	1.3254406	2.4588203	-1.1424701	0.25379246	1.0	False	lymph	early	nucleotide_transformer
3317	-1.1333053	1.3253703	2.4586756	-1.1424611	0.25379625	1.0	False	lymph	early	nucleotide_transformer
312	-1.133674	1.3259736	2.4596477	-1.1423748	0.25383207	1.0	False	lymph	early	nucleotide_transformer
1878	-1.1334536	1.3259323	2.4593859	-1.1422622	0.25387868	1.0	False	lymph	early	nucleotide_transformer
2298	-1.1335946	1.3261758	2.4597704	-1.1422229	0.25389507	1.0	False	lymph	early	nucleotide_transformer
1394	-1.1339856	1.3266639	2.4606495	-1.1422025	0.25390345	1.0	False	lymph	early	nucleotide_transformer
4775	-1.1334077	1.3260921	2.4594998	-1.1421512	0.25392482	1.0	False	lymph	early	nucleotide_transformer
4790	-1.1338085	1.3269545	2.460763	-1.1419462	0.25400987	1.0	False	lymph	early	nucleotide_transformer
4972	-1.1333218	1.3264	2.4597218	-1.1419396	0.25401258	1.0	False	lymph	early	nucleotide_transformer
576	-1.1337479	1.3269631	2.460711	-1.1419044	0.25402722	1.0	False	lymph	early	nucleotide_transformer
4481	-1.1331347	1.3263284	2.4594631	-1.1418619	0.25404486	1.0	False	lymph	early	nucleotide_transformer
1669	-1.1334965	1.3268197	2.4603162	-1.1418244	0.25406054	1.0	False	lymph	early	nucleotide_transformer
54	-1.1337004	1.3271317	2.460832	-1.1417896	0.25407493	1.0	False	lymph	early	nucleotide_transformer
1367	-1.1331435	1.3266388	2.4597824	-1.1417085	0.25410864	1.0	False	lymph	early	nucleotide_transformer
472	-1.1331153	1.3266139	2.4597292	-1.1417043	0.2541104	1.0	False	lymph	early	nucleotide_transformer
329	-1.1328555	1.3263949	2.4592505	-1.1416585	0.25412938	1.0	False	lymph	early	nucleotide_transformer
3059	-1.1325052	1.3262885	2.4587936	-1.1414987	0.25419566	1.0	False	lymph	early	nucleotide_transformer
2397	-1.1323613	1.326871	2.4592323	-1.1411119	0.25435644	1.0	False	lymph	early	nucleotide_transformer
4421	-1.8256531	150.06693	151.89258	-1.1371044	0.25587675	1.0	False	lymph	early	nucleotide_transformer
4758	-1.1792226	1.6326816	2.8119042	-1.1068193	0.26888138	1.0	False	lymph	early	nucleotide_transformer
2443	-1.179208	1.6329653	2.8121734	-1.1066875	0.26893827	1.0	False	lymph	early	nucleotide_transformer
3927	-1.1783766	1.6320821	2.8104587	-1.1065707	0.26898876	1.0	False	lymph	early	nucleotide_transformer
388	-1.178958	1.6330761	2.8120341	-1.1064891	0.2690241	1.0	False	lymph	early	nucleotide_transformer
2546	-1.1785475	1.6326197	2.8111672	-1.1064365	0.26904678	1.0	False	lymph	early	nucleotide_transformer
147	-1.1789103	1.6332214	2.8121316	-1.1063973	0.26906368	1.0	False	lymph	early	nucleotide_transformer
2915	-1.1786249	1.6328566	2.8114815	-1.1063807	0.26907083	1.0	False	lymph	early	nucleotide_transformer
4558	-1.1786106	1.6329021	2.8115127	-1.1063526	0.26908305	1.0	False	lymph	early	nucleotide_transformer
3334	-1.1789908	1.6334646	2.8124554	-1.1063409	0.26908803	1.0	False	lymph	early	nucleotide_transformer
2640	-1.1787338	1.6332197	2.8119535	-1.1062907	0.26910982	1.0	False	lymph	early	nucleotide_transformer
144	-1.1785024	1.6329075	2.81141	-1.1062856	0.269112	1.0	False	lymph	early	nucleotide_transformer
4619	-1.1784693	1.6328837	2.811353	-1.1062756	0.2691163	1.0	False	lymph	early	nucleotide_transformer
2014	-1.1784402	1.6329304	2.8113706	-1.1062378	0.26913264	1.0	False	lymph	early	nucleotide_transformer
2802	-1.1783298	1.6328009	2.8111308	-1.1062263	0.26913762	1.0	False	lymph	early	nucleotide_transformer
4318	-1.1775475	1.6329501	2.8104975	-1.1056936	0.26936784	1.0	False	lymph	early	nucleotide_transformer
2461	-4.3121033	99.77156	104.083664	-1.0840869	0.278736	1.0	False	lymph	early	nucleotide_transformer
327	-1.2245499	1.9384469	3.1629968	-1.0808313	0.2802634	1.0	False	lymph	early	nucleotide_transformer
2076	-1.2246883	1.9387853	3.1634736	-1.0807875	0.2802827	1.0	False	lymph	early	nucleotide_transformer
4808	-1.2245471	1.9386134	3.1631606	-1.0807682	0.28029126	1.0	False	lymph	early	nucleotide_transformer
4009	-1.2247277	1.9389755	3.1637032	-1.0807405	0.28030372	1.0	False	lymph	early	nucleotide_transformer
2619	-1.2246138	1.9391009	3.1637146	-1.0806264	0.28035444	1.0	False	lymph	early	nucleotide_transformer
4285	-1.223886	1.9384568	3.1623428	-1.0804366	0.28043872	1.0	False	lymph	early	nucleotide_transformer
2948	-1.223941	1.9385597	3.1625006	-1.0804306	0.28044146	1.0	False	lymph	early	nucleotide_transformer
165	-0.9857193	1.1219882	2.1077075	-1.0727162	0.28390536	1.0	False	lymph	early	nucleotide_transformer
3508	-0.9855801	1.1219221	2.1075022	-1.0726625	0.28392944	1.0	False	lymph	early	nucleotide_transformer
193	-0.98484063	1.1221356	2.1069763	-1.072068	0.284196	1.0	False	lymph	early	nucleotide_transformer
3116	-0.9855844	1.1230282	2.1086125	-1.0720398	0.28420866	1.0	False	lymph	early	nucleotide_transformer
852	-0.9842464	1.1228584	2.1071048	-1.0712699	0.2845541	1.0	False	lymph	early	nucleotide_transformer
1399	-1.0320488	1.4280051	2.460054	-1.0344716	0.30139446	1.0	False	lymph	early	nucleotide_transformer
1429	-1.0319806	1.427976	2.4599566	-1.0344405	0.30140907	1.0	False	lymph	early	nucleotide_transformer
3316	-1.0317807	1.4279649	2.4597456	-1.0343223	0.30146426	1.0	False	lymph	early	nucleotide_transformer
4459	-1.0317246	1.4279054	2.45963	-1.0343148	0.30146778	1.0	False	lymph	early	nucleotide_transformer
1909	-1.0321457	1.4285178	2.4606636	-1.0342973	0.30147588	1.0	False	lymph	early	nucleotide_transformer
4329	-1.0321769	1.4286786	2.4608555	-1.0342441	0.30150074	1.0	False	lymph	early	nucleotide_transformer
4400	-1.0314763	1.4283807	2.459857	-1.0339279	0.3016484	1.0	False	lymph	early	nucleotide_transformer
2262	-1.0319384	1.4290434	2.4609818	-1.0339221	0.301651	1.0	False	lymph	early	nucleotide_transformer
708	-1.0320244	1.4292955	2.46132	-1.0338612	0.3016795	1.0	False	lymph	early	nucleotide_transformer
365	-1.0312545	1.4283497	2.4596043	-1.0338045	0.30170596	1.0	False	lymph	early	nucleotide_transformer
3813	-1.0314817	1.428663	2.4601448	-1.0338018	0.3017072	1.0	False	lymph	early	nucleotide_transformer
3172	-1.031148	1.4282241	2.459372	-1.0337942	0.30171084	1.0	False	lymph	early	nucleotide_transformer
3973	-1.0312532	1.4283797	2.4596329	-1.0337889	0.30171326	1.0	False	lymph	early	nucleotide_transformer
628	-1.0313982	1.4286376	2.4600358	-1.0337596	0.30172685	1.0	False	lymph	early	nucleotide_transformer
3982	-1.0312154	1.4284837	2.4596992	-1.0337174	0.3017467	1.0	False	lymph	early	nucleotide_transformer
567	-1.0317676	1.4292581	2.4610257	-1.0337121	0.3017491	1.0	False	lymph	early	nucleotide_transformer
513	-1.031008	1.4284225	2.4594305	-1.0336123	0.30179575	1.0	False	lymph	early	nucleotide_transformer
1574	-1.0315043	1.4291092	2.4606135	-1.0336109	0.30179635	1.0	False	lymph	early	nucleotide_transformer
2573	-1.0313901	1.428996	2.460386	-1.0335889	0.30180666	1.0	False	lymph	early	nucleotide_transformer
2106	-1.0311267	1.4286587	2.4597855	-1.0335795	0.301811	1.0	False	lymph	early	nucleotide_transformer
3843	-1.0314778	1.4291478	2.4606256	-1.0335754	0.30181295	1.0	False	lymph	early	nucleotide_transformer
412	-1.0312291	1.4288515	2.4600806	-1.0335518	0.30182403	1.0	False	lymph	early	nucleotide_transformer
4424	-1.031256	1.4289911	2.460247	-1.033504	0.30184633	1.0	False	lymph	early	nucleotide_transformer
4310	-1.0311445	1.4289368	2.4600813	-1.0334579	0.30186784	1.0	False	lymph	early	nucleotide_transformer
1153	-1.0307462	1.4284661	2.4592123	-1.0334227	0.30188426	1.0	False	lymph	early	nucleotide_transformer
3574	-1.0307193	1.4284458	2.459165	-1.0334146	0.30188805	1.0	False	lymph	early	nucleotide_transformer
4277	-1.0311558	1.4290645	2.4602203	-1.0334067	0.30189168	1.0	False	lymph	early	nucleotide_transformer
4447	-1.0307688	1.4286009	2.4593697	-1.0333756	0.30190626	1.0	False	lymph	early	nucleotide_transformer
573	-1.0306575	1.4287083	2.4593658	-1.0332537	0.3019633	1.0	False	lymph	early	nucleotide_transformer
81	-1.0311725	1.4295235	2.460696	-1.033206	0.30198556	1.0	False	lymph	early	nucleotide_transformer
3541	-1.0305288	1.4286358	2.4591646	-1.0332037	0.30198658	1.0	False	lymph	early	nucleotide_transformer
584	-1.0306102	1.4289848	2.459595	-1.0330949	0.30203742	1.0	False	lymph	early	nucleotide_transformer
1826	-1.0301908	1.4284562	2.458647	-1.0330675	0.30205023	1.0	False	lymph	early	nucleotide_transformer
4756	-1.0310528	1.4301679	2.4612207	-1.0328315	0.30216053	1.0	False	lymph	early	nucleotide_transformer
203	-1.0299704	1.4290597	2.4590302	-1.0326473	0.3022467	1.0	False	lymph	early	nucleotide_transformer
2768	-1.02991	1.4290682	2.4589782	-1.0326042	0.30226687	1.0	False	lymph	early	nucleotide_transformer
4660	-1.0299302	1.4291445	2.4590747	-1.0325824	0.3022771	1.0	False	lymph	early	nucleotide_transformer
255	0.46460348	0.81552887	0.3509254	1.0240197	0.30608615	1.0	False	lymph	early	nucleotide_transformer
87	0.46411797	0.81493956	0.35082158	1.0234293	0.30636513	1.0	False	lymph	early	nucleotide_transformer
1413	0.46437395	0.8154188	0.35104483	1.0233619	0.30639702	1.0	False	lymph	early	nucleotide_transformer
4149	0.46428663	0.8153321	0.3510455	1.0232137	0.30646694	1.0	False	lymph	early	nucleotide_transformer
785	0.46434963	0.8154442	0.35109454	1.0232091	0.30646914	1.0	False	lymph	early	nucleotide_transformer
2345	0.46423718	0.8152758	0.3510386	1.023145	0.30649948	1.0	False	lymph	early	nucleotide_transformer
2939	0.46406215	0.81504667	0.3509845	1.0229686	0.30658287	1.0	False	lymph	early	nucleotide_transformer
3444	0.46400538	0.8149491	0.3509437	1.0229636	0.30658516	1.0	False	lymph	early	nucleotide_transformer
1027	0.46385387	0.81469303	0.35083917	1.0229406	0.30659604	1.0	False	lymph	early	nucleotide_transformer
1649	0.46391207	0.81479746	0.3508854	1.0229363	0.30659813	1.0	False	lymph	early	nucleotide_transformer
604	0.46418443	0.8152775	0.35109308	1.0229316	0.30660033	1.0	False	lymph	early	nucleotide_transformer
3023	0.46389347	0.81489915	0.35100567	1.022635	0.3067406	1.0	False	lymph	early	nucleotide_transformer
4160	0.46406516	0.81520057	0.3511354	1.0226337	0.3067412	1.0	False	lymph	early	nucleotide_transformer
3623	0.46388865	0.81490135	0.3510127	1.0226102	0.30675238	1.0	False	lymph	early	nucleotide_transformer
4631	0.463853	0.81487215	0.35101914	1.0225358	0.30678755	1.0	False	lymph	early	nucleotide_transformer
1502	0.46402806	0.8151839	0.35115582	1.022527	0.3067917	1.0	False	lymph	early	nucleotide_transformer
2899	0.46393496	0.8150443	0.35110933	1.0224725	0.3068175	1.0	False	lymph	early	nucleotide_transformer
4114	0.46404308	0.8152348	0.3511917	1.0224696	0.30681884	1.0	False	lymph	early	nucleotide_transformer
3463	0.46426195	0.8156361	0.35137415	1.0224353	0.3068351	1.0	False	lymph	early	nucleotide_transformer
2463	0.46399027	0.81516415	0.35117388	1.0224222	0.30684134	1.0	False	lymph	early	nucleotide_transformer
3385	0.46418232	0.8155054	0.35132307	1.0224131	0.30684558	1.0	False	lymph	early	nucleotide_transformer
1084	0.464374	0.8158441	0.3514701	1.0224079	0.30684802	1.0	False	lymph	early	nucleotide_transformer
145	0.46403843	0.8152558	0.3512174	1.0224043	0.30684972	1.0	False	lymph	early	nucleotide_transformer
3324	0.46437562	0.8158537	0.3514781	1.0223927	0.30685517	1.0	False	lymph	early	nucleotide_transformer
3121	0.46419707	0.81554633	0.35134926	1.0223804	0.3068611	1.0	False	lymph	early	nucleotide_transformer
4681	0.46388292	0.81500363	0.3511207	1.0223583	0.30687153	1.0	False	lymph	early	nucleotide_transformer
1776	0.46404487	0.81529903	0.35125417	1.0223352	0.30688247	1.0	False	lymph	early	nucleotide_transformer
976	0.46432745	0.81579864	0.3514712	1.0223264	0.3068866	1.0	False	lymph	early	nucleotide_transformer
2579	0.46383694	0.8149477	0.3511108	1.0223012	0.30689853	1.0	False	lymph	early	nucleotide_transformer
3960	0.4638092	0.8149002	0.35109103	1.0222999	0.30689913	1.0	False	lymph	early	nucleotide_transformer
324	0.4640933	0.81540096	0.35130766	1.0222971	0.3069005	1.0	False	lymph	early	nucleotide_transformer
1766	0.4638591	0.81501615	0.35115704	1.0222363	0.30692926	1.0	False	lymph	early	nucleotide_transformer
1542	0.46432537	0.815851	0.3515256	1.022201	0.30694595	1.0	False	lymph	early	nucleotide_transformer
616	0.46425265	0.8157302	0.35147756	1.0221847	0.3069536	1.0	False	lymph	early	nucleotide_transformer
18	0.4637888	0.8149284	0.3511396	1.0221558	0.3069674	1.0	False	lymph	early	nucleotide_transformer
3328	0.46403626	0.8153745	0.35133824	1.0221316	0.30697876	1.0	False	lymph	early	nucleotide_transformer
4651	0.46376303	0.814898	0.351135	1.0221229	0.30698287	1.0	False	lymph	early	nucleotide_transformer
4961	0.4640523	0.815409	0.35135671	1.0221175	0.30698544	1.0	False	lymph	early	nucleotide_transformer
804	0.46425003	0.8157576	0.35150754	1.0221131	0.30698752	1.0	False	lymph	early	nucleotide_transformer
443	0.46385697	0.8150684	0.35121146	1.0221107	0.30698866	1.0	False	lymph	early	nucleotide_transformer
3974	0.46378854	0.81495833	0.3511698	1.0220863	0.3070002	1.0	False	lymph	early	nucleotide_transformer
1606	0.46394593	0.81524676	0.35130084	1.0220623	0.30701151	1.0	False	lymph	early	nucleotide_transformer
4094	0.46389833	0.8151669	0.35126856	1.0220535	0.30701572	1.0	False	lymph	early	nucleotide_transformer
3526	0.4636984	0.81481624	0.35111785	1.0220511	0.30701688	1.0	False	lymph	early	nucleotide_transformer
4690	0.46429384	0.8158651	0.35157126	1.0220451	0.30701968	1.0	False	lymph	early	nucleotide_transformer
3558	0.46362785	0.814695	0.35106716	1.0220436	0.30702043	1.0	False	lymph	early	nucleotide_transformer
3898	0.46428362	0.81584924	0.35156563	1.0220401	0.30702204	1.0	False	lymph	early	nucleotide_transformer
1193	0.4637409	0.81489646	0.35115558	1.0220377	0.3070232	1.0	False	lymph	early	nucleotide_transformer
4796	0.46400622	0.81536794	0.35136172	1.0220277	0.30702797	1.0	False	lymph	early	nucleotide_transformer
94	0.4639428	0.8152591	0.3513163	1.0220222	0.30703056	1.0	False	lymph	early	nucleotide_transformer
1769	0.46425956	0.8158196	0.35156006	1.022012	0.30703533	1.0	False	lymph	early	nucleotide_transformer
5049	0.46369275	0.8148356	0.35114285	1.0219857	0.30704784	1.0	False	lymph	early	nucleotide_transformer
3590	0.46370864	0.8148683	0.35115963	1.021975	0.30705285	1.0	False	lymph	early	nucleotide_transformer
1254	0.46384	0.8151079	0.35126787	1.0219557	0.30706206	1.0	False	lymph	early	nucleotide_transformer
2302	0.4637196	0.81490564	0.35118604	1.0219338	0.30707234	1.0	False	lymph	early	nucleotide_transformer
4067	0.4637631	0.8149824	0.35121933	1.0219314	0.3070735	1.0	False	lymph	early	nucleotide_transformer
3389	0.46363747	0.8147638	0.3511263	1.0219282	0.307075	1.0	False	lymph	early	nucleotide_transformer
4857	0.46367386	0.8148287	0.35115483	1.0219265	0.30707583	1.0	False	lymph	early	nucleotide_transformer
4630	0.46350273	0.8145502	0.3510475	1.0218754	0.3071001	1.0	False	lymph	early	nucleotide_transformer
3063	0.4638615	0.815184	0.3513225	1.02187	0.3071026	1.0	False	lymph	early	nucleotide_transformer
822	0.46385315	0.8151691	0.35131595	1.0218686	0.30710322	1.0	False	lymph	early	nucleotide_transformer
376	0.46413335	0.81566155	0.3515282	1.0218683	0.3071034	1.0	False	lymph	early	nucleotide_transformer
4627	0.46421713	0.8158311	0.351614	1.0218189	0.30712676	1.0	False	lymph	early	nucleotide_transformer
2458	0.46378994	0.81508416	0.35129422	1.0218114	0.30713028	1.0	False	lymph	early	nucleotide_transformer
3783	0.4636705	0.8148785	0.35120803	1.0218017	0.3071348	1.0	False	lymph	early	nucleotide_transformer
2576	0.46409816	0.81563777	0.3515396	1.021783	0.3071437	1.0	False	lymph	early	nucleotide_transformer
2291	0.46362072	0.8148289	0.35120815	1.0217166	0.30717516	1.0	False	lymph	early	nucleotide_transformer
3641	0.46373957	0.8150566	0.35131705	1.0216715	0.30719647	1.0	False	lymph	early	nucleotide_transformer
3045	0.46381027	0.8151996	0.35138935	1.0216312	0.3072156	1.0	False	lymph	early	nucleotide_transformer
2004	0.46381527	0.8152128	0.3513975	1.0216216	0.30722016	1.0	False	lymph	early	nucleotide_transformer
4044	0.46356368	0.81477714	0.35121346	1.021607	0.30722702	1.0	False	lymph	early	nucleotide_transformer
2482	0.4641567	0.8158342	0.35167754	1.0215775	0.30724105	1.0	False	lymph	early	nucleotide_transformer
1273	0.46354353	0.8147639	0.35122037	1.0215579	0.3072503	1.0	False	lymph	early	nucleotide_transformer
884	0.4636978	0.81504315	0.35134536	1.0215399	0.30725884	1.0	False	lymph	early	nucleotide_transformer
4496	0.46365404	0.8149698	0.35131574	1.0215318	0.3072627	1.0	False	lymph	early	nucleotide_transformer
3442	0.4638	0.8152279	0.3514279	1.0215275	0.30726466	1.0	False	lymph	early	nucleotide_transformer
74	0.46370327	0.8150604	0.3513571	1.0215231	0.3072667	1.0	False	lymph	early	nucleotide_transformer
4463	0.46374342	0.8151485	0.35140505	1.0214823	0.30728605	1.0	False	lymph	early	nucleotide_transformer
108	0.4636796	0.8150378	0.35135818	1.0214804	0.30728698	1.0	False	lymph	early	nucleotide_transformer
4865	0.46382356	0.81529975	0.3514762	1.0214595	0.30729693	1.0	False	lymph	early	nucleotide_transformer
4522	0.46353367	0.81479573	0.35126206	1.021447	0.30730286	1.0	False	lymph	early	nucleotide_transformer
635	0.46358067	0.8149241	0.35134345	1.0213445	0.30735132	1.0	False	lymph	early	nucleotide_transformer
4448	0.46348098	0.8147509	0.35126993	1.0213403	0.30735338	1.0	False	lymph	early	nucleotide_transformer
3720	0.4639035	0.8155044	0.3516009	1.0213141	0.30736575	1.0	False	lymph	early	nucleotide_transformer
1285	0.4638502	0.81543124	0.35158104	1.0212704	0.30738646	1.0	False	lymph	early	nucleotide_transformer
3405	0.463373	0.81461644	0.35124344	1.021215	0.30741274	1.0	False	lymph	early	nucleotide_transformer
651	0.46356767	0.8150115	0.35144383	1.0210979	0.30746818	1.0	False	lymph	early	nucleotide_transformer
1564	0.4632585	0.8144922	0.35123372	1.0210416	0.3074948	1.0	False	lymph	early	nucleotide_transformer
3981	0.4636106	0.8151348	0.35152423	1.0209912	0.30751875	1.0	False	lymph	early	nucleotide_transformer
3916	0.46358964	0.81509805	0.3515084	1.0209905	0.3075191	1.0	False	lymph	early	nucleotide_transformer
1069	0.46367761	0.8152748	0.35159716	1.0209423	0.30754188	1.0	False	lymph	early	nucleotide_transformer
2454	0.46384802	0.8156232	0.3517752	1.0208334	0.3075935	1.0	False	lymph	early	nucleotide_transformer
721	0.46362823	0.81525767	0.35162944	1.0207862	0.30761585	1.0	False	lymph	early	nucleotide_transformer
4249	0.4638165	0.8156424	0.35182592	1.0206653	0.30767313	1.0	False	lymph	early	nucleotide_transformer
4975	0.46376434	0.8155584	0.35179403	1.0206474	0.30768165	1.0	False	lymph	early	nucleotide_transformer
1612	0.46360275	0.8152835	0.35168073	1.0206282	0.30769074	1.0	False	lymph	early	nucleotide_transformer
394	0.46369317	0.81547755	0.35178438	1.0205507	0.30772743	1.0	False	lymph	early	nucleotide_transformer
1081	0.4636944	0.81549513	0.35180074	1.0205158	0.307744	1.0	False	lymph	early	nucleotide_transformer
2737	0.46340814	0.815043	0.35163483	1.0203975	0.30779997	1.0	False	lymph	early	nucleotide_transformer
3070	0.46345726	0.8151312	0.35167393	1.0203937	0.3078017	1.0	False	lymph	early	nucleotide_transformer
293	0.46340942	0.8150555	0.35164607	1.0203745	0.307811	1.0	False	lymph	early	nucleotide_transformer
4642	0.46331346	0.8150008	0.3516873	1.0201207	0.3079313	1.0	False	lymph	early	nucleotide_transformer
882	0.46333638	0.81505615	0.35171977	1.0200856	0.30794796	1.0	False	lymph	early	nucleotide_transformer
1555	0.4634541	0.815302	0.35184792	1.0200015	0.30798787	1.0	False	lymph	early	nucleotide_transformer
3906	0.46336618	0.815162	0.35179582	1.0199662	0.30800456	1.0	False	lymph	early	nucleotide_transformer
477	0.46345308	0.8153198	0.3518667	1.0199562	0.30800927	1.0	False	lymph	early	nucleotide_transformer
4728	0.46309182	0.8147108	0.35161898	1.0198983	0.3080368	1.0	False	lymph	early	nucleotide_transformer
2431	0.46358046	0.81560874	0.35202828	1.0198132	0.3080771	1.0	False	lymph	early	nucleotide_transformer
1169	0.46358696	0.8156234	0.35203645	1.0198059	0.3080806	1.0	False	lymph	early	nucleotide_transformer
873	0.46377695	0.81595486	0.35217792	1.0198036	0.30808163	1.0	False	lymph	early	nucleotide_transformer
79	0.46315664	0.8148682	0.35171157	1.0198001	0.30808336	1.0	False	lymph	early	nucleotide_transformer
2386	0.46301827	0.81465626	0.351638	1.0197289	0.30811706	1.0	False	lymph	early	nucleotide_transformer
2510	0.46329153	0.81520945	0.35191792	1.0195667	0.30819407	1.0	False	lymph	early	nucleotide_transformer
2132	0.46384832	0.8161881	0.35233977	1.0195614	0.30819654	1.0	False	lymph	early	nucleotide_transformer
1454	0.46319965	0.8150837	0.35188404	1.0194857	0.30823252	1.0	False	lymph	early	nucleotide_transformer
1227	0.46295977	0.8147175	0.3517577	1.0193605	0.3082919	1.0	False	lymph	early	nucleotide_transformer
4886	0.46319717	0.81514686	0.3519497	1.0193355	0.30830374	1.0	False	lymph	early	nucleotide_transformer
592	0.46307096	0.8150204	0.35194942	1.0191207	0.30840573	1.0	False	lymph	early	nucleotide_transformer
4676	0.46310583	0.81512976	0.35202393	1.0190157	0.3084555	1.0	False	lymph	early	nucleotide_transformer
318	0.46301275	0.81498563	0.35197288	1.018971	0.3084768	1.0	False	lymph	early	nucleotide_transformer
437	0.4629614	0.81493556	0.35197416	1.0188806	0.3085197	1.0	False	lymph	early	nucleotide_transformer
75	0.62237334	1.3244714	0.702098	1.0102153	0.31268117	1.0	False	lymph	early	nucleotide_transformer
3206	0.62257725	1.3252219	0.70264465	1.0098357	0.31286293	1.0	False	lymph	early	nucleotide_transformer
2377	0.6224796	1.3250638	0.7025842	1.0097768	0.31289113	1.0	False	lymph	early	nucleotide_transformer
3553	0.62248725	1.3251398	0.7026525	1.0097042	0.312926	1.0	False	lymph	early	nucleotide_transformer
1737	0.62232256	1.3248616	0.7025391	1.0096194	0.31296667	1.0	False	lymph	early	nucleotide_transformer
1056	0.62239355	1.3251022	0.70270866	1.0095099	0.31301907	1.0	False	lymph	early	nucleotide_transformer
2646	0.62222874	1.3247952	0.7025665	1.0094594	0.31304324	1.0	False	lymph	early	nucleotide_transformer
2387	0.6220941	1.3245535	0.7024594	1.0093997	0.31307185	1.0	False	lymph	early	nucleotide_transformer
553	0.6220466	1.324616	0.70256937	1.0092044	0.31316552	1.0	False	lymph	early	nucleotide_transformer
947	0.62224656	1.325056	0.7028094	1.009194	0.31317043	1.0	False	lymph	early	nucleotide_transformer
3164	0.62197214	1.3244895	0.70251733	1.0091686	0.31318265	1.0	False	lymph	early	nucleotide_transformer
2417	0.6221578	1.324965	0.7028072	1.0090756	0.31322718	1.0	False	lymph	early	nucleotide_transformer
4552	0.6219697	1.324701	0.70273125	1.0089111	0.3133061	1.0	False	lymph	early	nucleotide_transformer
4516	0.62211746	1.3251681	0.7030507	1.0087186	0.31339848	1.0	False	lymph	early	nucleotide_transformer
3312	0.62194955	1.32482	0.7028705	1.0087175	0.31339902	1.0	False	lymph	early	nucleotide_transformer
1671	0.6221449	1.3252475	0.70310265	1.0086937	0.3134104	1.0	False	lymph	early	nucleotide_transformer
2206	0.62177217	1.3244874	0.7027153	1.0086576	0.3134278	1.0	False	lymph	early	nucleotide_transformer
4610	0.6216675	1.3244631	0.7027956	1.0084244	0.31353953	1.0	False	lymph	early	nucleotide_transformer
3620	-2.6285563	10.372304	13.00086	-1.008439	0.31367645	1.0	False	lymph	early	nucleotide_transformer
1099	0.6216791	1.3247899	0.70311075	1.008055	0.31371695	1.0	False	lymph	early	nucleotide_transformer
3441	0.6215747	1.3247837	0.703209	1.0077958	0.31384125	1.0	False	lymph	early	nucleotide_transformer
864	0.6214823	1.3246177	0.70313543	1.0077626	0.31385717	1.0	False	lymph	early	nucleotide_transformer
1989	0.62135184	1.3249041	0.70355225	1.0070868	0.3141818	1.0	False	lymph	early	nucleotide_transformer
4248	-1.0780119	1.7345902	2.812602	-1.0071205	0.31433544	1.0	False	lymph	early	nucleotide_transformer
486	-1.0777053	1.7346016	2.812307	-1.0069255	0.31442904	1.0	False	lymph	early	nucleotide_transformer
1261	-1.0773612	1.7345432	2.8119044	-1.0067302	0.31452268	1.0	False	lymph	early	nucleotide_transformer
1351	-1.0774225	1.734718	2.8121405	-1.0067028	0.31453595	1.0	False	lymph	early	nucleotide_transformer
2848	-1.0771403	1.7345922	2.8117325	-1.0065721	0.3145987	1.0	False	lymph	early	nucleotide_transformer
2914	-1.076956	1.7343419	2.811298	-1.0065523	0.31460807	1.0	False	lymph	early	nucleotide_transformer
422	-1.0769854	1.7344332	2.8114185	-1.0065359	0.314616	1.0	False	lymph	early	nucleotide_transformer
612	-1.0774165	1.7351946	2.812611	-1.0065091	0.3146289	1.0	False	lymph	early	nucleotide_transformer
3339	-1.0773302	1.7351135	2.8124437	-1.0064898	0.31463826	1.0	False	lymph	early	nucleotide_transformer
3919	-1.0769228	1.7346133	2.811536	-1.0064251	0.31466922	1.0	False	lymph	early	nucleotide_transformer
2261	-1.0773393	1.7353252	2.8126645	-1.006409	0.3146769	1.0	False	lymph	early	nucleotide_transformer
2295	-1.0771927	1.7351104	2.812303	-1.0064034	0.31467968	1.0	False	lymph	early	nucleotide_transformer
2199	-1.077184	1.7351253	2.8123093	-1.0063925	0.31468487	1.0	False	lymph	early	nucleotide_transformer
1074	-1.0767823	1.7344903	2.8112726	-1.0063845	0.31468868	1.0	False	lymph	early	nucleotide_transformer
5029	-1.0770707	1.7349863	2.812057	-1.0063747	0.3146935	1.0	False	lymph	early	nucleotide_transformer
150	-1.0766575	1.7343333	2.8109908	-1.0063707	0.31469545	1.0	False	lymph	early	nucleotide_transformer
1970	-1.07687	1.7346835	2.8115535	-1.0063647	0.31469825	1.0	False	lymph	early	nucleotide_transformer
1974	-1.076637	1.7343624	2.8109994	-1.0063465	0.314707	1.0	False	lymph	early	nucleotide_transformer
1172	-1.0768406	1.7347047	2.8115454	-1.0063374	0.3147114	1.0	False	lymph	early	nucleotide_transformer
1805	-1.0768387	1.7347679	2.8116066	-1.006312	0.3147236	1.0	False	lymph	early	nucleotide_transformer
2868	-1.0766925	1.7345935	2.811286	-1.0062869	0.31473565	1.0	False	lymph	early	nucleotide_transformer
831	-1.0762879	1.7340335	2.8103213	-1.0062534	0.31475174	1.0	False	lymph	early	nucleotide_transformer
845	-1.0769233	1.7351512	2.8120744	-1.0062172	0.31476915	1.0	False	lymph	early	nucleotide_transformer
491	-1.0764309	1.7349378	2.8113687	-1.0059865	0.31488	1.0	False	lymph	early	nucleotide_transformer
1879	0.6203281	1.3256748	0.70534664	1.0035659	0.31587616	1.0	False	lymph	early	nucleotide_transformer
3911	0.101949416	0.101949416	0.0	1.0000224	0.3174811	1.0	False	lymph	early	nucleotide_transformer
3648	0.10192117	0.10192117	0.0	1.0000222	0.31748122	1.0	False	lymph	early	nucleotide_transformer
5007	0.10189366	0.10189366	0.0	1.000022	0.31748128	1.0	False	lymph	early	nucleotide_transformer
3967	0.10180081	0.10180081	0.0	1.0000217	0.31748146	1.0	False	lymph	early	nucleotide_transformer
3318	0.101759285	0.101759285	0.0	1.0000211	0.3174817	1.0	False	lymph	early	nucleotide_transformer
4177	0.101783626	0.101783626	0.0	1.0000211	0.3174817	1.0	False	lymph	early	nucleotide_transformer
3801	0.10208903	0.10208903	0.0	1.0000107	0.31748673	1.0	False	lymph	early	nucleotide_transformer
3904	0.10207897	0.10207897	0.0	1.0000106	0.31748685	1.0	False	lymph	early	nucleotide_transformer
652	0.101920225	0.101920225	0.0	1.0000101	0.31748703	1.0	False	lymph	early	nucleotide_transformer
4541	0.10187714	0.10187714	0.0	1.00001	0.3174871	1.0	False	lymph	early	nucleotide_transformer
3594	0.10184724	0.10184724	0.0	1.00001	0.3174871	1.0	False	lymph	early	nucleotide_transformer
1692	0.101814784	0.101814784	0.0	1.0000099	0.31748715	1.0	False	lymph	early	nucleotide_transformer
4718	0.10186939	0.10186939	0.0	1.0000099	0.31748715	1.0	False	lymph	early	nucleotide_transformer
1282	0.10177159	0.10177159	0.0	1.0000098	0.3174872	1.0	False	lymph	early	nucleotide_transformer
4639	0.10176949	0.10176949	0.0	1.0000098	0.3174872	1.0	False	lymph	early	nucleotide_transformer
1234	0.10176949	0.10176949	0.0	1.0000098	0.3174872	1.0	False	lymph	early	nucleotide_transformer
1577	0.101831876	0.101831876	0.0	1.0000098	0.3174872	1.0	False	lymph	early	nucleotide_transformer
3325	0.10181066	0.10181066	0.0	1.0000098	0.3174872	1.0	False	lymph	early	nucleotide_transformer
4734	0.101813436	0.101813436	0.0	1.0000098	0.3174872	1.0	False	lymph	early	nucleotide_transformer
2074	0.10175381	0.10175381	0.0	1.0000097	0.31748733	1.0	False	lymph	early	nucleotide_transformer
5068	0.10176084	0.10176084	0.0	1.0000095	0.31748736	1.0	False	lymph	early	nucleotide_transformer
3445	0.10174315	0.10174315	0.0	1.0000095	0.31748736	1.0	False	lymph	early	nucleotide_transformer
4027	0.10174107	0.10174107	0.0	1.0000095	0.31748736	1.0	False	lymph	early	nucleotide_transformer
4286	0.10173937	0.10173937	0.0	1.0000095	0.31748736	1.0	False	lymph	early	nucleotide_transformer
4201	0.10172631	0.10172631	0.0	1.0000095	0.31748736	1.0	False	lymph	early	nucleotide_transformer
1032	0.101723224	0.101723224	0.0	1.0000095	0.31748736	1.0	False	lymph	early	nucleotide_transformer
3556	0.10170857	0.10170857	0.0	1.0000095	0.31748736	1.0	False	lymph	early	nucleotide_transformer
844	0.101711065	0.101711065	0.0	1.0000095	0.31748736	1.0	False	lymph	early	nucleotide_transformer
1718	0.10172554	0.10172554	0.0	1.0000095	0.31748736	1.0	False	lymph	early	nucleotide_transformer
1554	0.10170913	0.10170913	0.0	1.0000095	0.31748736	1.0	False	lymph	early	nucleotide_transformer
4943	0.1017823	0.1017823	0.0	1.0000095	0.31748736	1.0	False	lymph	early	nucleotide_transformer
109	0.10175495	0.10175495	0.0	1.0000095	0.31748736	1.0	False	lymph	early	nucleotide_transformer
2264	0.101740055	0.101740055	0.0	1.0000095	0.31748736	1.0	False	lymph	early	nucleotide_transformer
3126	0.101743944	0.101743944	0.0	1.0000095	0.31748736	1.0	False	lymph	early	nucleotide_transformer
2234	0.10184616	0.10184616	0.0	1.0000094	0.3174874	1.0	False	lymph	early	nucleotide_transformer
983	0.10186669	0.10186669	0.0	1.0000094	0.3174874	1.0	False	lymph	early	nucleotide_transformer
2361	0.10171815	0.10171815	0.0	1.0000094	0.3174874	1.0	False	lymph	early	nucleotide_transformer
1485	0.10172167	0.10172167	0.0	1.0000094	0.3174874	1.0	False	lymph	early	nucleotide_transformer
3199	0.101717904	0.101717904	0.0	1.0000094	0.3174874	1.0	False	lymph	early	nucleotide_transformer
1760	0.10183941	0.10183941	0.0	1.0000092	0.31748748	1.0	False	lymph	early	nucleotide_transformer
4597	0.101835795	0.101835795	0.0	1.0000092	0.31748748	1.0	False	lymph	early	nucleotide_transformer
4420	0.10182333	0.10182333	0.0	1.0000092	0.31748748	1.0	False	lymph	early	nucleotide_transformer
2259	0.101858206	0.101858206	0.0	1.0000079	0.31748816	1.0	False	lymph	early	nucleotide_transformer
5056	0.10176471	0.10176471	0.0	1.0000076	0.31748828	1.0	False	lymph	early	nucleotide_transformer
281	0.10170831	0.10170831	0.0	1.0000076	0.31748828	1.0	False	lymph	early	nucleotide_transformer
202	0.10170951	0.10170951	0.0	1.0000076	0.31748828	1.0	False	lymph	early	nucleotide_transformer
2952	0.10173152	0.10173152	0.0	1.0000076	0.31748828	1.0	False	lymph	early	nucleotide_transformer
4479	0.101745	0.101745	0.0	1.0000076	0.31748828	1.0	False	lymph	early	nucleotide_transformer
1047	0.10179375	0.10179375	0.0	1.000006	0.31748906	1.0	False	lymph	early	nucleotide_transformer
4529	0.10182927	0.10182927	0.0	1.000006	0.31748906	1.0	False	lymph	early	nucleotide_transformer
1409	0.10178731	0.10178731	0.0	1.000006	0.31748906	1.0	False	lymph	early	nucleotide_transformer
3246	0.101780914	0.101780914	0.0	1.0000058	0.31748912	1.0	False	lymph	early	nucleotide_transformer
4188	0.10175836	0.10175836	0.0	1.0000058	0.31748912	1.0	False	lymph	early	nucleotide_transformer
4041	0.10178362	0.10178362	0.0	1.0000058	0.31748912	1.0	False	lymph	early	nucleotide_transformer
1618	0.10175588	0.10175588	0.0	1.0000058	0.31748912	1.0	False	lymph	early	nucleotide_transformer
2711	0.10174547	0.10174547	0.0	1.0000058	0.31748912	1.0	False	lymph	early	nucleotide_transformer
2930	0.10177822	0.10177822	0.0	1.0000058	0.31748912	1.0	False	lymph	early	nucleotide_transformer
3827	0.10174753	0.10174753	0.0	1.0000058	0.31748912	1.0	False	lymph	early	nucleotide_transformer
4230	0.10172058	0.10172058	0.0	1.0000057	0.31748918	1.0	False	lymph	early	nucleotide_transformer
1959	0.10219191	0.10219191	0.0	1.0000044	0.3174898	1.0	False	lymph	early	nucleotide_transformer
16	0.10221982	0.10221982	0.0	1.0000044	0.3174898	1.0	False	lymph	early	nucleotide_transformer
2144	0.102229506	0.102229506	0.0	1.0000044	0.3174898	1.0	False	lymph	early	nucleotide_transformer
2706	0.1021982	0.1021982	0.0	1.0000043	0.31748983	1.0	False	lymph	early	nucleotide_transformer
3573	0.10212	0.10212	0.0	1.0000043	0.31748983	1.0	False	lymph	early	nucleotide_transformer
4509	0.1022191	0.1022191	0.0	1.0000043	0.31748983	1.0	False	lymph	early	nucleotide_transformer
4754	0.102098316	0.102098316	0.0	1.0000042	0.31748992	1.0	False	lymph	early	nucleotide_transformer
4983	0.10201682	0.10201682	0.0	1.0000042	0.31748992	1.0	False	lymph	early	nucleotide_transformer
2837	0.10201282	0.10201282	0.0	1.0000042	0.31748992	1.0	False	lymph	early	nucleotide_transformer
1720	0.10212379	0.10212379	0.0	1.0000042	0.31748992	1.0	False	lymph	early	nucleotide_transformer
4503	0.10216492	0.10216492	0.0	1.0000042	0.31748992	1.0	False	lymph	early	nucleotide_transformer
2791	0.10211909	0.10211909	0.0	1.0000042	0.31748992	1.0	False	lymph	early	nucleotide_transformer
1755	0.102129005	0.102129005	0.0	1.0000042	0.31748992	1.0	False	lymph	early	nucleotide_transformer
4937	0.10203743	0.10203743	0.0	1.000004	0.31748998	1.0	False	lymph	early	nucleotide_transformer
4755	0.102003425	0.102003425	0.0	1.000004	0.31748998	1.0	False	lymph	early	nucleotide_transformer
3446	0.10197391	0.10197391	0.0	1.000004	0.31748998	1.0	False	lymph	early	nucleotide_transformer
1952	0.10192488	0.10192488	0.0	1.000004	0.31748998	1.0	False	lymph	early	nucleotide_transformer
2852	0.101976715	0.101976715	0.0	1.000004	0.31748998	1.0	False	lymph	early	nucleotide_transformer
218	0.102013364	0.102013364	0.0	1.000004	0.31748998	1.0	False	lymph	early	nucleotide_transformer
2240	0.10194615	0.10194615	0.0	1.000004	0.31748998	1.0	False	lymph	early	nucleotide_transformer
4082	0.10196857	0.10196857	0.0	1.000004	0.31748998	1.0	False	lymph	early	nucleotide_transformer
3090	0.10193869	0.10193869	0.0	1.000004	0.31748998	1.0	False	lymph	early	nucleotide_transformer
2550	0.10197055	0.10197055	0.0	1.000004	0.31748998	1.0	False	lymph	early	nucleotide_transformer
2615	0.10183955	0.10183955	0.0	1.0000039	0.31749007	1.0	False	lymph	early	nucleotide_transformer
309	0.101866074	0.101866074	0.0	1.0000039	0.31749007	1.0	False	lymph	early	nucleotide_transformer
1962	0.10192333	0.10192333	0.0	1.0000039	0.31749007	1.0	False	lymph	early	nucleotide_transformer
424	0.101872094	0.101872094	0.0	1.0000039	0.31749007	1.0	False	lymph	early	nucleotide_transformer
2949	0.10189395	0.10189395	0.0	1.0000039	0.31749007	1.0	False	lymph	early	nucleotide_transformer
1118	0.101913586	0.101913586	0.0	1.0000039	0.31749007	1.0	False	lymph	early	nucleotide_transformer
3373	0.10186915	0.10186915	0.0	1.0000039	0.31749007	1.0	False	lymph	early	nucleotide_transformer
4980	0.101851605	0.101851605	0.0	1.0000039	0.31749007	1.0	False	lymph	early	nucleotide_transformer
999	0.10186058	0.10186058	0.0	1.0000039	0.31749007	1.0	False	lymph	early	nucleotide_transformer
1846	0.101837985	0.101837985	0.0	1.0000039	0.31749007	1.0	False	lymph	early	nucleotide_transformer
5021	0.10187623	0.10187623	0.0	1.0000039	0.31749007	1.0	False	lymph	early	nucleotide_transformer
3161	0.10186924	0.10186924	0.0	1.0000039	0.31749007	1.0	False	lymph	early	nucleotide_transformer
1287	0.10185186	0.10185186	0.0	1.0000039	0.31749007	1.0	False	lymph	early	nucleotide_transformer
1329	0.10183767	0.10183767	0.0	1.0000039	0.31749007	1.0	False	lymph	early	nucleotide_transformer
4081	0.10179734	0.10179734	0.0	1.0000038	0.3174901	1.0	False	lymph	early	nucleotide_transformer
4485	0.10178743	0.10178743	0.0	1.0000038	0.3174901	1.0	False	lymph	early	nucleotide_transformer
4925	0.10172502	0.10172502	0.0	1.0000038	0.3174901	1.0	False	lymph	early	nucleotide_transformer
2258	0.10179405	0.10179405	0.0	1.0000038	0.3174901	1.0	False	lymph	early	nucleotide_transformer
3727	0.10174124	0.10174124	0.0	1.0000038	0.3174901	1.0	False	lymph	early	nucleotide_transformer
4523	0.101778254	0.101778254	0.0	1.0000038	0.3174901	1.0	False	lymph	early	nucleotide_transformer
3682	0.10184214	0.10184214	0.0	1.0000038	0.3174901	1.0	False	lymph	early	nucleotide_transformer
158	0.10174	0.10174	0.0	1.0000038	0.3174901	1.0	False	lymph	early	nucleotide_transformer
4580	0.101758905	0.101758905	0.0	1.0000037	0.31749013	1.0	False	lymph	early	nucleotide_transformer
4997	0.101765096	0.101765096	0.0	1.0000037	0.31749013	1.0	False	lymph	early	nucleotide_transformer
25	0.1018319	0.1018319	0.0	1.0000031	0.3174905	1.0	False	lymph	early	nucleotide_transformer
876	0.10184552	0.10184552	0.0	1.0000031	0.3174905	1.0	False	lymph	early	nucleotide_transformer
180	0.10183299	0.10183299	0.0	1.0000031	0.3174905	1.0	False	lymph	early	nucleotide_transformer
881	0.10182339	0.10182339	0.0	1.0000031	0.3174905	1.0	False	lymph	early	nucleotide_transformer
1128	0.101793885	0.101793885	0.0	1.000003	0.31749052	1.0	False	lymph	early	nucleotide_transformer
1904	0.10178835	0.10178835	0.0	1.000003	0.31749052	1.0	False	lymph	early	nucleotide_transformer
4525	0.10183045	0.10183045	0.0	1.000003	0.31749052	1.0	False	lymph	early	nucleotide_transformer
3819	0.10184013	0.10184013	0.0	1.000003	0.31749052	1.0	False	lymph	early	nucleotide_transformer
2651	0.1017721	0.1017721	0.0	1.000003	0.31749052	1.0	False	lymph	early	nucleotide_transformer
1188	0.101810046	0.101810046	0.0	1.000003	0.31749052	1.0	False	lymph	early	nucleotide_transformer
4165	0.101813	0.101813	0.0	1.000003	0.31749052	1.0	False	lymph	early	nucleotide_transformer
3907	0.10179331	0.10179331	0.0	1.000003	0.31749052	1.0	False	lymph	early	nucleotide_transformer
4453	0.101853356	0.101853356	0.0	1.000003	0.31749052	1.0	False	lymph	early	nucleotide_transformer
2575	0.10185449	0.10185449	0.0	1.000003	0.31749052	1.0	False	lymph	early	nucleotide_transformer
2285	0.10174458	0.10174458	0.0	1.000003	0.31749052	1.0	False	lymph	early	nucleotide_transformer
2113	0.10170812	0.10170812	0.0	1.000003	0.31749052	1.0	False	lymph	early	nucleotide_transformer
3548	0.10172088	0.10172088	0.0	1.0000029	0.31749055	1.0	False	lymph	early	nucleotide_transformer
51	-0.8389565	0.9179541	1.7569106	-0.9998935	0.3178382	1.0	False	lymph	early	nucleotide_transformer
3044	-0.35142332	0.0	0.35142332	-1.0000026	0.31793734	1.0	False	lymph	early	nucleotide_transformer
605	-0.3510716	0.0	0.3510716	-1.0000017	0.31793782	1.0	False	lymph	early	nucleotide_transformer
3692	-0.35119107	0.0	0.35119107	-1.0000017	0.31793782	1.0	False	lymph	early	nucleotide_transformer
564	-0.3511196	0.0	0.3511196	-1.0000013	0.317938	1.0	False	lymph	early	nucleotide_transformer
3359	-0.3511016	0.0	0.3511016	-1.0000013	0.317938	1.0	False	lymph	early	nucleotide_transformer
2962	-0.3511074	0.0	0.3511074	-1.0000013	0.317938	1.0	False	lymph	early	nucleotide_transformer
1028	-0.35099623	0.0	0.35099623	-1.000001	0.31793812	1.0	False	lymph	early	nucleotide_transformer
678	-0.35104698	0.0	0.35104698	-1.0000011	0.31793812	1.0	False	lymph	early	nucleotide_transformer
4320	-0.35097536	0.0	0.35097536	-1.0000008	0.31793818	1.0	False	lymph	early	nucleotide_transformer
3761	-0.3509535	0.0	0.3509535	-1.0000007	0.31793824	1.0	False	lymph	early	nucleotide_transformer
1376	-0.3508918	0.0	0.3508918	-1.0000007	0.31793827	1.0	False	lymph	early	nucleotide_transformer
3075	-0.35087657	0.0	0.35087657	-1.0000006	0.3179383	1.0	False	lymph	early	nucleotide_transformer
212	-0.35092923	0.0	0.35092923	-1.0000006	0.31793833	1.0	False	lymph	early	nucleotide_transformer
4111	-0.35093302	0.0	0.35093302	-1.0000006	0.31793833	1.0	False	lymph	early	nucleotide_transformer
3216	-0.35088703	0.0	0.35088703	-1.0000005	0.3179384	1.0	False	lymph	early	nucleotide_transformer
1658	-0.3509128	0.0	0.3509128	-1.0000005	0.3179384	1.0	False	lymph	early	nucleotide_transformer
171	-0.35082558	0.0	0.35082558	-1.0000002	0.31793845	1.0	False	lymph	early	nucleotide_transformer
528	-0.35084045	0.0	0.35084045	-1.0000002	0.31793848	1.0	False	lymph	early	nucleotide_transformer
4253	-0.35082078	0.0	0.35082078	-1.0000001	0.3179386	1.0	False	lymph	early	nucleotide_transformer
185	-4.0281525	89.81779	93.84594	-0.99852353	0.3184076	1.0	False	lymph	early	nucleotide_transformer
2297	-0.83755714	0.91831	1.7558671	-0.9986899	0.31842026	1.0	False	lymph	early	nucleotide_transformer
3154	-0.8373505	0.9180876	1.7554381	-0.9986851	0.31842262	1.0	False	lymph	early	nucleotide_transformer
1538	-0.837373	0.9182327	1.7556057	-0.998609	0.3184594	1.0	False	lymph	early	nucleotide_transformer
2344	-1.1229153	2.0402608	3.163176	-0.9872135	0.32398126	1.0	False	lymph	early	nucleotide_transformer
88	-1.1216466	2.0414526	3.1630993	-0.98602706	0.32456243	1.0	False	lymph	early	nucleotide_transformer
1982	-0.49912754	0.20365885	0.7027864	-0.9658909	0.33461547	1.0	False	lymph	early	nucleotide_transformer
1162	-0.88487566	1.2244967	2.1093724	-0.9564847	0.33926973	1.0	False	lymph	early	nucleotide_transformer
2958	-0.8849163	1.2245915	2.1095078	-0.956466	0.33927926	1.0	False	lymph	early	nucleotide_transformer
4309	-0.8842052	1.223976	2.1081812	-0.956283	0.33937153	1.0	False	lymph	early	nucleotide_transformer
4147	-0.88405097	1.2238656	2.1079166	-0.9562318	0.3393973	1.0	False	lymph	early	nucleotide_transformer
3162	-0.8840451	1.2239618	2.108007	-0.95617807	0.3394244	1.0	False	lymph	early	nucleotide_transformer
3855	-0.8835473	1.2236071	2.1071544	-0.9560142	0.33950707	1.0	False	lymph	early	nucleotide_transformer
4902	-0.88345087	1.223646	2.107097	-0.95592785	0.3395508	1.0	False	lymph	early	nucleotide_transformer
2644	-0.8834449	1.2236406	2.1070855	-0.95592636	0.33955154	1.0	False	lymph	early	nucleotide_transformer
1493	-0.883386	1.223761	2.107147	-0.95582503	0.33960247	1.0	False	lymph	early	nucleotide_transformer
1624	-0.8831856	1.2236104	2.106796	-0.95576084	0.33963507	1.0	False	lymph	early	nucleotide_transformer
2703	-0.883181	1.2237669	2.106948	-0.95568085	0.33967543	1.0	False	lymph	early	nucleotide_transformer
2127	-0.88299394	1.2235491	2.106543	-0.95565754	0.33968708	1.0	False	lymph	early	nucleotide_transformer
551	-0.88324916	1.2241307	2.10738	-0.9555463	0.33974314	1.0	False	lymph	early	nucleotide_transformer
1810	-0.88321877	1.2241216	2.1073403	-0.9555296	0.33975163	1.0	False	lymph	early	nucleotide_transformer
1519	-0.883214	1.2242582	2.1074722	-0.955452	0.3397908	1.0	False	lymph	early	nucleotide_transformer
5110	-0.88313925	1.2242402	2.1073794	-0.95541483	0.3398097	1.0	False	lymph	early	nucleotide_transformer
3439	-0.88235736	1.2239037	2.106261	-0.95503753	0.34000033	1.0	False	lymph	early	nucleotide_transformer
1934	-0.8825884	1.2247362	2.1073246	-0.9547839	0.34012818	1.0	False	lymph	early	nucleotide_transformer
3639	-0.93033934	1.5305126	2.460852	-0.92748886	0.35409278	1.0	False	lymph	early	nucleotide_transformer
2065	-0.9303112	1.5306344	2.4609456	-0.92742	0.35412854	1.0	False	lymph	early	nucleotide_transformer
1600	-0.9302454	1.5305946	2.46084	-0.92739147	0.35414338	1.0	False	lymph	early	nucleotide_transformer
1973	-0.93020535	1.5306466	2.460852	-0.92734283	0.35416842	1.0	False	lymph	early	nucleotide_transformer
4336	-0.9301491	1.5305607	2.4607098	-0.9273394	0.35417038	1.0	False	lymph	early	nucleotide_transformer
65	-0.92996466	1.5303777	2.4603424	-0.9272881	0.35419685	1.0	False	lymph	early	nucleotide_transformer
2659	-0.929948	1.5303785	2.4603264	-0.9272767	0.3542029	1.0	False	lymph	early	nucleotide_transformer
3107	-0.92991877	1.5304043	2.460323	-0.927246	0.35421872	1.0	False	lymph	early	nucleotide_transformer
946	-0.92958534	1.5301024	2.4596877	-0.92714775	0.35426968	1.0	False	lymph	early	nucleotide_transformer
1710	-0.9296433	1.530192	2.4598353	-0.9271458	0.35427067	1.0	False	lymph	early	nucleotide_transformer
542	-0.92997646	1.5309618	2.4609382	-0.92705846	0.35431597	1.0	False	lymph	early	nucleotide_transformer
2643	-0.92982626	1.5307486	2.4605749	-0.9270425	0.35432425	1.0	False	lymph	early	nucleotide_transformer
3627	-0.9297584	1.5307089	2.4604673	-0.9270125	0.35433975	1.0	False	lymph	early	nucleotide_transformer
3786	-0.92932403	1.5300668	2.4593909	-0.92698455	0.3543542	1.0	False	lymph	early	nucleotide_transformer
1906	-0.9296949	1.5307479	2.4604428	-0.9269528	0.3543707	1.0	False	lymph	early	nucleotide_transformer
123	-0.92966926	1.530733	2.4604023	-0.9269419	0.3543765	1.0	False	lymph	early	nucleotide_transformer
5051	-0.9298644	1.5310838	2.4609482	-0.9269325	0.3543811	1.0	False	lymph	early	nucleotide_transformer
985	-0.92967093	1.5308024	2.4604733	-0.9269148	0.35439023	1.0	False	lymph	early	nucleotide_transformer
2944	-0.9295833	1.5306628	2.460246	-0.9269117	0.35439187	1.0	False	lymph	early	nucleotide_transformer
1154	-0.9296744	1.5308981	2.4605725	-0.9268784	0.35440925	1.0	False	lymph	early	nucleotide_transformer
1858	-0.92940795	1.5304798	2.4598877	-0.9268673	0.35441494	1.0	False	lymph	early	nucleotide_transformer
4798	-0.92913806	1.5302554	2.4593935	-0.9267808	0.3544599	1.0	False	lymph	early	nucleotide_transformer
169	-0.929693	1.5313597	2.4610527	-0.9267023	0.35450086	1.0	False	lymph	early	nucleotide_transformer
2061	-0.9297118	1.5314019	2.4611137	-0.92669785	0.35450292	1.0	False	lymph	early	nucleotide_transformer
3640	-0.9292649	1.5306741	2.459939	-0.9266908	0.3545067	1.0	False	lymph	early	nucleotide_transformer
4110	-0.9295107	1.5311583	2.460669	-0.92666066	0.35452226	1.0	False	lymph	early	nucleotide_transformer
3237	-0.9294236	1.5311649	2.4605885	-0.9265989	0.35455427	1.0	False	lymph	early	nucleotide_transformer
1141	-0.9289361	1.5304762	2.4594123	-0.9265529	0.35457817	1.0	False	lymph	early	nucleotide_transformer
3814	-0.9293356	1.531214	2.4605496	-0.9265188	0.35459578	1.0	False	lymph	early	nucleotide_transformer
2829	-0.92884433	1.5305966	2.459441	-0.9264402	0.35463673	1.0	False	lymph	early	nucleotide_transformer
2414	-0.92934775	1.5314932	2.460841	-0.9264138	0.35465023	1.0	False	lymph	early	nucleotide_transformer
1061	-0.9286462	1.5303525	2.4589987	-0.9264054	0.35465488	1.0	False	lymph	early	nucleotide_transformer
4349	-0.9286275	1.53033	2.4589574	-0.9264018	0.3546566	1.0	False	lymph	early	nucleotide_transformer
1098	-0.9290464	1.5310256	2.460072	-0.9263987	0.35465825	1.0	False	lymph	early	nucleotide_transformer
2938	-0.9288324	1.5310429	2.4598753	-0.9262452	0.35473773	1.0	False	lymph	early	nucleotide_transformer
922	-0.9290216	1.5314114	2.460433	-0.9262238	0.35474876	1.0	False	lymph	early	nucleotide_transformer
2645	-0.92863846	1.5308423	2.4594808	-0.92619956	0.3547614	1.0	False	lymph	early	nucleotide_transformer
1773	-0.92882395	1.5312085	2.4600325	-0.9261721	0.35477576	1.0	False	lymph	early	nucleotide_transformer
520	-0.9282608	1.531851	2.4601119	-0.925526	0.355111	1.0	False	lymph	early	nucleotide_transformer
4495	-0.6904461	0.71337837	1.4038244	-0.9216446	0.35715446	1.0	False	lymph	early	nucleotide_transformer
1140	-0.9757774	1.836458	2.8122354	-0.9077151	0.3644333	1.0	False	lymph	early	nucleotide_transformer
1059	-0.9751133	1.8357843	2.8108976	-0.9075132	0.36453986	1.0	False	lymph	early	nucleotide_transformer
2740	-0.9753475	1.8362799	2.8116274	-0.9074923	0.36455098	1.0	False	lymph	early	nucleotide_transformer
2660	-0.9753941	1.8363937	2.8117878	-0.9074838	0.36455536	1.0	False	lymph	early	nucleotide_transformer
2143	-0.97543967	1.8365768	2.8120165	-0.9074508	0.36457273	1.0	False	lymph	early	nucleotide_transformer
3505	-0.9754193	1.8367331	2.8121524	-0.90738285	0.36460876	1.0	False	lymph	early	nucleotide_transformer
499	-0.97532225	1.8365715	2.8118937	-0.9073747	0.36461306	1.0	False	lymph	early	nucleotide_transformer
4887	-0.9757068	1.8373821	2.813089	-0.90734315	0.36462963	1.0	False	lymph	early	nucleotide_transformer
207	-0.9755175	1.8370249	2.8125424	-0.9073415	0.36463058	1.0	False	lymph	early	nucleotide_transformer
4096	-0.975405	1.8374803	2.8128853	-0.90711	0.3647528	1.0	False	lymph	early	nucleotide_transformer
2928	-0.97480893	1.8366745	2.8114834	-0.9069984	0.36481175	1.0	False	lymph	early	nucleotide_transformer
701	-0.9747598	1.8366511	2.811411	-0.90697426	0.3648245	1.0	False	lymph	early	nucleotide_transformer
4268	-0.9745027	1.8370718	2.8115745	-0.9066582	0.36499146	1.0	False	lymph	early	nucleotide_transformer
4026	-0.97416353	1.8366888	2.8108523	-0.90657014	0.36503795	1.0	False	lymph	early	nucleotide_transformer
28	-0.97419834	1.8369415	2.8111398	-0.9065016	0.3650742	1.0	False	lymph	early	nucleotide_transformer
174	-0.97415197	1.8377193	2.8118713	-0.9062013	0.3652328	1.0	False	lymph	early	nucleotide_transformer
2219	-1.0214179	2.1425223	3.1639402	-0.8943027	0.37155357	1.0	False	lymph	early	nucleotide_transformer
3662	-1.0209212	2.1425376	3.1634588	-0.893979	0.37172654	1.0	False	lymph	early	nucleotide_transformer
2099	-1.0219738	0.56059855	1.5825725	-0.8834512	0.37747335	1.0	False	lymph	early	nucleotide_transformer
4125	-0.7371352	1.0195805	1.7567157	-0.8723332	0.38342747	1.0	False	lymph	early	nucleotide_transformer
4491	-0.7371112	1.019657	1.7567682	-0.8722733	0.38346022	1.0	False	lymph	early	nucleotide_transformer
4589	-0.73727834	1.0198953	1.7571737	-0.8722711	0.38346142	1.0	False	lymph	early	nucleotide_transformer
414	-0.73706484	1.0196098	1.7566746	-0.87226355	0.3834655	1.0	False	lymph	early	nucleotide_transformer
3479	-0.73725355	1.01998	1.7572335	-0.87220633	0.3834965	1.0	False	lymph	early	nucleotide_transformer
4959	-0.73727405	1.0200151	1.7572892	-0.87220174	0.38349897	1.0	False	lymph	early	nucleotide_transformer
1936	-0.7369065	1.0195395	1.756446	-0.8721809	0.3835103	1.0	False	lymph	early	nucleotide_transformer
2012	-0.73704183	1.0197558	1.7567977	-0.8721667	0.38351807	1.0	False	lymph	early	nucleotide_transformer
2874	-0.7370112	1.0197333	1.7567445	-0.8721555	0.3835242	1.0	False	lymph	early	nucleotide_transformer
2445	-0.7372482	1.0200653	1.7573135	-0.87215465	0.38352457	1.0	False	lymph	early	nucleotide_transformer
1430	-0.7370218	1.019854	1.7568758	-0.8720979	0.3835557	1.0	False	lymph	early	nucleotide_transformer
3016	-0.7362926	1.019476	1.7557687	-0.8717485	0.3837462	1.0	False	lymph	early	nucleotide_transformer
4409	-0.7361815	1.0194038	1.7555853	-0.87170285	0.38377097	1.0	False	lymph	early	nucleotide_transformer
5093	-0.7362051	1.0194519	1.755657	-0.87169486	0.38377526	1.0	False	lymph	early	nucleotide_transformer
4731	-0.73627007	1.0196187	1.7558888	-0.87165374	0.38379765	1.0	False	lymph	early	nucleotide_transformer
4634	-0.7362472	1.0196252	1.7558724	-0.8716329	0.38380906	1.0	False	lymph	early	nucleotide_transformer
2058	-0.73616564	1.0195771	1.7557428	-0.8715967	0.38382873	1.0	False	lymph	early	nucleotide_transformer
2913	-0.7362244	1.0197043	1.7559288	-0.87157255	0.38384184	1.0	False	lymph	early	nucleotide_transformer
2025	-0.7365464	1.020169	1.7567154	-0.87156403	0.38384652	1.0	False	lymph	early	nucleotide_transformer
4444	-0.73642325	1.0203898	1.756813	-0.8713495	0.38396358	1.0	False	lymph	early	nucleotide_transformer
2933	-0.7363359	1.0204633	1.7567992	-0.8712427	0.38402173	1.0	False	lymph	early	nucleotide_transformer
1536	-0.736146	1.020384	1.7565299	-0.87114054	0.38407746	1.0	False	lymph	early	nucleotide_transformer
1198	-0.7358618	1.0200403	1.755902	-0.8711158	0.38409087	1.0	False	lymph	early	nucleotide_transformer
2775	-0.73585343	1.0202264	1.7560798	-0.87100506	0.3841513	1.0	False	lymph	early	nucleotide_transformer
4859	-0.73579633	1.020366	1.7561623	-0.87088376	0.38421753	1.0	False	lymph	early	nucleotide_transformer
4231	-0.7358782	1.0205284	1.7564067	-0.87085766	0.38423184	1.0	False	lymph	early	nucleotide_transformer
2652	-0.7358154	1.0204864	1.7563018	-0.8708326	0.38424557	1.0	False	lymph	early	nucleotide_transformer
2148	0.5211835	1.2232511	0.7020676	0.8574286	0.39146125	1.0	False	lymph	early	nucleotide_transformer
4900	0.52113396	1.2232298	0.7020958	0.8573295	0.3915158	1.0	False	lymph	early	nucleotide_transformer
1524	0.52062374	1.2226804	0.7020567	0.85665035	0.39189112	1.0	False	lymph	early	nucleotide_transformer
3652	0.52064776	1.2228087	0.70216095	0.8565756	0.39193246	1.0	False	lymph	early	nucleotide_transformer
2870	0.52053905	1.2227173	0.70217824	0.8564039	0.39202717	1.0	False	lymph	early	nucleotide_transformer
3259	0.5205935	1.222848	0.70225453	0.8564014	0.3920285	1.0	False	lymph	early	nucleotide_transformer
795	0.52049243	1.2228884	0.7023959	0.856111	0.39218932	1.0	False	lymph	early	nucleotide_transformer
3021	0.52031714	1.2225816	0.7022645	0.855996	0.3922527	1.0	False	lymph	early	nucleotide_transformer
509	0.5203033	1.2225876	0.7022843	0.85595596	0.39227486	1.0	False	lymph	early	nucleotide_transformer
738	0.5203239	1.2227266	0.7024027	0.8558648	0.39232525	1.0	False	lymph	early	nucleotide_transformer
2529	0.52047825	1.2230936	0.7026154	0.85586125	0.3923272	1.0	False	lymph	early	nucleotide_transformer
3978	0.520332	1.2228566	0.70252466	0.8557505	0.39238867	1.0	False	lymph	early	nucleotide_transformer
4355	0.52014816	1.2224226	0.70227444	0.8557501	0.39238885	1.0	False	lymph	early	nucleotide_transformer
2470	0.5201908	1.2226112	0.7024204	0.85565865	0.39243942	1.0	False	lymph	early	nucleotide_transformer
682	0.5204513	1.2234392	0.7029879	0.8554284	0.3925667	1.0	False	lymph	early	nucleotide_transformer
2942	0.5200629	1.2225436	0.7024807	0.8554149	0.39257422	1.0	False	lymph	early	nucleotide_transformer
4124	0.520231	1.2229782	0.7027472	0.85537153	0.39259836	1.0	False	lymph	early	nucleotide_transformer
650	0.5208366	1.2244906	0.70365405	0.8552782	0.3926498	1.0	False	lymph	early	nucleotide_transformer
726	0.5203746	1.2235183	0.70314366	0.8551582	0.3927164	1.0	False	lymph	early	nucleotide_transformer
2580	0.51991117	1.2224498	0.7025386	0.85514045	0.39272624	1.0	False	lymph	early	nucleotide_transformer
3878	0.5201921	1.2232095	0.7030174	0.85503554	0.3927842	1.0	False	lymph	early	nucleotide_transformer
3219	0.5201363	1.2231613	0.70302504	0.8549448	0.39283448	1.0	False	lymph	early	nucleotide_transformer
3624	0.5199131	1.2226946	0.70278156	0.8548904	0.3928646	1.0	False	lymph	early	nucleotide_transformer
58	0.519881	1.2228025	0.7029215	0.8547009	0.3929694	1.0	False	lymph	early	nucleotide_transformer
346	0.5197919	1.2225945	0.7028026	0.8546986	0.39297068	1.0	False	lymph	early	nucleotide_transformer
568	0.5198918	1.2232404	0.7033486	0.85426474	0.39321098	1.0	False	lymph	early	nucleotide_transformer
4353	0.51974523	1.223112	0.70336676	0.85403967	0.39333555	1.0	False	lymph	early	nucleotide_transformer
2268	0.51985073	1.2233835	0.7035328	0.854016	0.39334875	1.0	False	lymph	early	nucleotide_transformer
4028	0.5196584	1.2229573	0.70329887	0.85398746	0.39336455	1.0	False	lymph	early	nucleotide_transformer
1159	0.5196798	1.2230334	0.70335364	0.8539609	0.3933793	1.0	False	lymph	early	nucleotide_transformer
2125	0.51964384	1.2230328	0.703389	0.8538734	0.39342785	1.0	False	lymph	early	nucleotide_transformer
4084	0.5196052	1.2229424	0.70333713	0.8538727	0.39342812	1.0	False	lymph	early	nucleotide_transformer
997	0.5198084	1.2234465	0.7036381	0.8538467	0.39344257	1.0	False	lymph	early	nucleotide_transformer
3989	0.5196074	1.2229896	0.70338213	0.8538292	0.39345223	1.0	False	lymph	early	nucleotide_transformer
286	0.51960903	1.2230058	0.70339674	0.8538162	0.39345947	1.0	False	lymph	early	nucleotide_transformer
172	0.5196214	1.2231088	0.7034874	0.85373986	0.39350173	1.0	False	lymph	early	nucleotide_transformer
796	0.51958	1.2230371	0.7034571	0.8537126	0.39351672	1.0	False	lymph	early	nucleotide_transformer
3818	0.51961976	1.2231703	0.7035505	0.853671	0.39353973	1.0	False	lymph	early	nucleotide_transformer
4406	0.51966035	1.223279	0.70361865	0.8536576	0.3935472	1.0	False	lymph	early	nucleotide_transformer
3366	0.5196332	1.2232397	0.7036065	0.85363203	0.3935613	1.0	False	lymph	early	nucleotide_transformer
1681	0.5193068	1.2226734	0.70336664	0.8534214	0.39367822	1.0	False	lymph	early	nucleotide_transformer
2699	0.51940227	1.2230338	0.7036315	0.85328126	0.3937558	1.0	False	lymph	early	nucleotide_transformer
2342	0.5194732	1.2232304	0.70375717	0.85324866	0.39377382	1.0	False	lymph	early	nucleotide_transformer
3376	0.5191106	1.2223955	0.7032849	0.8532287	0.39378473	1.0	False	lymph	early	nucleotide_transformer
2101	0.51929563	1.2228351	0.70353943	0.8532262	0.39378625	1.0	False	lymph	early	nucleotide_transformer
703	0.5192799	1.2229234	0.7036435	0.8530962	0.3938584	1.0	False	lymph	early	nucleotide_transformer
3544	0.51919943	1.2227645	0.70356506	0.85306364	0.3938764	1.0	False	lymph	early	nucleotide_transformer
1563	-0.78344214	1.326429	2.1098711	-0.8416719	0.40034828	1.0	False	lymph	early	nucleotide_transformer
3701	-0.7828095	1.326446	2.1092556	-0.8412029	0.4006106	1.0	False	lymph	early	nucleotide_transformer
4863	-0.78278077	1.3265203	2.109301	-0.841149	0.4006409	1.0	False	lymph	early	nucleotide_transformer
569	-0.78246045	1.326308	2.1087685	-0.84100425	0.4007218	1.0	False	lymph	early	nucleotide_transformer
4360	-0.78235936	1.326405	2.1087644	-0.84088767	0.4007871	1.0	False	lymph	early	nucleotide_transformer
2338	-0.7824757	1.3266635	2.1091392	-0.840861	0.40080187	1.0	False	lymph	early	nucleotide_transformer
932	-0.7820462	1.3261184	2.1081645	-0.84077865	0.4008481	1.0	False	lymph	early	nucleotide_transformer
3754	-0.78201854	1.3261629	2.1081815	-0.8407394	0.4008699	1.0	False	lymph	early	nucleotide_transformer
2201	-0.782171	1.3266721	2.108843	-0.8406327	0.4009296	1.0	False	lymph	early	nucleotide_transformer
2173	-0.7820238	1.3265237	2.1085474	-0.8405881	0.4009546	1.0	False	lymph	early	nucleotide_transformer
1415	-0.7819226	1.3263531	2.1082757	-0.8405862	0.40095568	1.0	False	lymph	early	nucleotide_transformer
1109	-0.78194475	1.3263958	2.1083405	-0.8405841	0.40095696	1.0	False	lymph	early	nucleotide_transformer
2178	-0.7821051	1.3267449	2.10885	-0.84055257	0.40097457	1.0	False	lymph	early	nucleotide_transformer
5073	-0.78172445	1.326175	2.1078994	-0.8405171	0.40099436	1.0	False	lymph	early	nucleotide_transformer
3360	-0.7815757	1.3259208	2.1074965	-0.84051603	0.40099505	1.0	False	lymph	early	nucleotide_transformer
4038	-0.78152394	1.3259223	2.1074462	-0.8404825	0.40101397	1.0	False	lymph	early	nucleotide_transformer
1823	-0.7817359	1.3262761	2.108012	-0.84048104	0.4010146	1.0	False	lymph	early	nucleotide_transformer
4950	-0.78175485	1.3263117	2.1080666	-0.8404798	0.40101537	1.0	False	lymph	early	nucleotide_transformer
1722	-0.78169274	1.326386	2.1080787	-0.84040153	0.40105912	1.0	False	lymph	early	nucleotide_transformer
4326	-0.7817465	1.3265828	2.1083293	-0.84035623	0.4010845	1.0	False	lymph	early	nucleotide_transformer
2648	-0.78163755	1.32667	2.1083076	-0.84023774	0.40115085	1.0	False	lymph	early	nucleotide_transformer
1206	-0.7814406	1.3263551	2.1077957	-0.8402274	0.40115663	1.0	False	lymph	early	nucleotide_transformer
285	-0.78134215	1.3263236	2.1076658	-0.8401691	0.40118924	1.0	False	lymph	early	nucleotide_transformer
3423	-0.7811928	1.3262677	2.1074605	-0.84008765	0.40123487	1.0	False	lymph	early	nucleotide_transformer
3837	-0.78077126	1.3263738	2.107145	-0.8397288	0.40143594	1.0	False	lymph	early	nucleotide_transformer
2077	0.36456698	0.7153834	0.35081643	0.8237755	0.41028854	1.0	False	lymph	early	nucleotide_transformer
3186	0.3645014	0.7153286	0.3508272	0.8236428	0.41036412	1.0	False	lymph	early	nucleotide_transformer
2922	-0.828825	1.6325784	2.4614034	-0.8219826	0.4114477	1.0	False	lymph	early	nucleotide_transformer
5094	-0.8288702	1.6328238	2.461694	-0.8219225	0.4114819	1.0	False	lymph	early	nucleotide_transformer
1984	-0.82879066	1.6327486	2.4615393	-0.82189286	0.41149873	1.0	False	lymph	early	nucleotide_transformer
4928	-0.8284577	1.6321703	2.460628	-0.82186717	0.4115132	1.0	False	lymph	early	nucleotide_transformer
3377	-0.82861996	1.6326408	2.4612608	-0.82181364	0.41154376	1.0	False	lymph	early	nucleotide_transformer
955	-0.8281326	1.632232	2.4603646	-0.8216112	0.41165888	1.0	False	lymph	early	nucleotide_transformer
2281	-0.8284278	1.6328542	2.461282	-0.82159925	0.4116657	1.0	False	lymph	early	nucleotide_transformer
1814	-0.82818115	1.6324257	2.4606068	-0.8215767	0.4116785	1.0	False	lymph	early	nucleotide_transformer
3748	-0.8279592	1.6320487	2.460008	-0.8215549	0.4116908	1.0	False	lymph	early	nucleotide_transformer
2351	-0.8284323	1.6331565	2.4615889	-0.8214907	0.41172737	1.0	False	lymph	early	nucleotide_transformer
723	-0.82830834	1.6329274	2.4612358	-0.82148796	0.41172898	1.0	False	lymph	early	nucleotide_transformer
160	-0.8281379	1.6326375	2.4607754	-0.8214705	0.41173884	1.0	False	lymph	early	nucleotide_transformer
2621	-0.8282558	1.6329154	2.4611712	-0.8214547	0.41174787	1.0	False	lymph	early	nucleotide_transformer
789	-0.82793903	1.632458	2.460397	-0.821392	0.4117836	1.0	False	lymph	early	nucleotide_transformer
4270	-0.82763875	1.6318945	2.4595332	-0.8213857	0.41178712	1.0	False	lymph	early	nucleotide_transformer
4738	-0.8276099	1.6320838	2.4596937	-0.8212973	0.41183746	1.0	False	lymph	early	nucleotide_transformer
4461	-0.827196	1.6314608	2.4586568	-0.82122296	0.4118797	1.0	False	lymph	early	nucleotide_transformer
3805	-0.82713366	1.6313798	2.4585135	-0.82120806	0.41188806	1.0	False	lymph	early	nucleotide_transformer
3375	-0.8279964	1.6331311	2.4611275	-0.8211916	0.41189748	1.0	False	lymph	early	nucleotide_transformer
2169	-0.8275075	1.6322122	2.4597197	-0.82117623	0.41190627	1.0	False	lymph	early	nucleotide_transformer
1728	-0.8280823	1.6333573	2.4614396	-0.8211682	0.4119108	1.0	False	lymph	early	nucleotide_transformer
699	-0.826965	1.6312495	2.4582145	-0.8211386	0.41192773	1.0	False	lymph	early	nucleotide_transformer
1818	-0.82769465	1.6326976	2.4603922	-0.82113135	0.4119319	1.0	False	lymph	early	nucleotide_transformer
990	-0.8278873	1.6331549	2.4610422	-0.82110554	0.41194662	1.0	False	lymph	early	nucleotide_transformer
1190	-0.8270538	1.6315279	2.4585817	-0.8210985	0.41195056	1.0	False	lymph	early	nucleotide_transformer
4774	-0.82743156	1.6323091	2.4597406	-0.8210873	0.4119569	1.0	False	lymph	early	nucleotide_transformer
4762	-0.82797897	1.6333996	2.4613786	-0.8210838	0.41195884	1.0	False	lymph	early	nucleotide_transformer
3826	-0.8273474	1.6321679	2.4595153	-0.82107866	0.41196182	1.0	False	lymph	early	nucleotide_transformer
2419	-0.82784975	1.6331719	2.4610217	-0.8210732	0.41196486	1.0	False	lymph	early	nucleotide_transformer
4708	-0.8276093	1.6326928	2.460302	-0.8210721	0.41196555	1.0	False	lymph	early	nucleotide_transformer
860	-0.8274871	1.6324819	2.459969	-0.8210609	0.4119719	1.0	False	lymph	early	nucleotide_transformer
5060	-0.8275156	1.6325958	2.4601114	-0.8210405	0.41198352	1.0	False	lymph	early	nucleotide_transformer
2776	-0.8272115	1.6322807	2.4594922	-0.8209396	0.41204095	1.0	False	lymph	early	nucleotide_transformer
1090	0.36294296	0.7138184	0.3508754	0.8206917	0.41204312	1.0	False	lymph	early	nucleotide_transformer
600	-0.82750726	1.6329479	2.4604552	-0.820907	0.41205943	1.0	False	lymph	early	nucleotide_transformer
1378	-0.8272587	1.6325899	2.4598486	-0.8208588	0.41208696	1.0	False	lymph	early	nucleotide_transformer
100	-0.82716	1.6325444	2.4597044	-0.8208087	0.4121155	1.0	False	lymph	early	nucleotide_transformer
521	-0.82708347	1.6325544	2.4596379	-0.82075024	0.4121486	1.0	False	lymph	early	nucleotide_transformer
4049	0.36294606	0.71393853	0.35099247	0.8204755	0.41216633	1.0	False	lymph	early	nucleotide_transformer
3968	-0.8271893	1.6330332	2.4602225	-0.8206505	0.41220546	1.0	False	lymph	early	nucleotide_transformer
1940	-0.8271624	1.63301	2.4601724	-0.8206396	0.41221175	1.0	False	lymph	early	nucleotide_transformer
2885	-0.82695854	1.6326591	2.4596176	-0.8206234	0.41222104	1.0	False	lymph	early	nucleotide_transformer
841	-0.82685256	1.6325092	2.4593618	-0.82060176	0.4122332	1.0	False	lymph	early	nucleotide_transformer
3734	-0.82631505	1.6314727	2.4577878	-0.82059383	0.41223773	1.0	False	lymph	early	nucleotide_transformer
4197	-0.82744086	1.6337107	2.4611516	-0.8205868	0.41224182	1.0	False	lymph	early	nucleotide_transformer
411	-0.8269222	1.6326993	2.4596214	-0.8205831	0.41224378	1.0	False	lymph	early	nucleotide_transformer
3707	-0.8271104	1.633128	2.4602385	-0.82055974	0.4122572	1.0	False	lymph	early	nucleotide_transformer
3270	-0.826857	1.6326624	2.4595194	-0.82054955	0.41226286	1.0	False	lymph	early	nucleotide_transformer
3322	-0.8262856	1.6315398	2.4578254	-0.82054883	0.4122634	1.0	False	lymph	early	nucleotide_transformer
2883	-0.8268391	1.6326736	2.4595127	-0.82053274	0.41227248	1.0	False	lymph	early	nucleotide_transformer
1063	-0.8269439	1.6329763	2.4599202	-0.8204951	0.41229385	1.0	False	lymph	early	nucleotide_transformer
3040	-0.8261366	1.631402	2.4575386	-0.8204911	0.41229627	1.0	False	lymph	early	nucleotide_transformer
709	-0.82684493	1.6329598	2.4598048	-0.8204342	0.41232857	1.0	False	lymph	early	nucleotide_transformer
339	0.3627474	0.71379167	0.35104427	0.82001317	0.41242978	1.0	False	lymph	early	nucleotide_transformer
4334	0.36277863	0.7138595	0.35108086	0.8200007	0.4124369	1.0	False	lymph	early	nucleotide_transformer
3269	0.36246043	0.71327364	0.3508132	0.81992376	0.41248074	1.0	False	lymph	early	nucleotide_transformer
1231	0.36262077	0.7136738	0.351053	0.81976414	0.41257158	1.0	False	lymph	early	nucleotide_transformer
1653	0.362442	0.71333325	0.35089126	0.81974196	0.41258428	1.0	False	lymph	early	nucleotide_transformer
3849	0.36249617	0.71347547	0.3509793	0.81967485	0.4126225	1.0	False	lymph	early	nucleotide_transformer
4805	0.3623207	0.7131312	0.3508105	0.819672	0.41262418	1.0	False	lymph	early	nucleotide_transformer
2151	0.36265063	0.71378773	0.3511371	0.81965977	0.4126311	1.0	False	lymph	early	nucleotide_transformer
221	0.3623516	0.71322966	0.35087806	0.8196015	0.41266438	1.0	False	lymph	early	nucleotide_transformer
2957	0.36241314	0.71335244	0.3509393	0.8195981	0.41266632	1.0	False	lymph	early	nucleotide_transformer
3127	0.36269984	0.71393365	0.3512338	0.81956685	0.41268402	1.0	False	lymph	early	nucleotide_transformer
698	0.3625491	0.71365404	0.35110494	0.81953436	0.4127027	1.0	False	lymph	early	nucleotide_transformer
5036	0.36268416	0.7139652	0.35128102	0.81944907	0.4127513	1.0	False	lymph	early	nucleotide_transformer
1535	0.36273354	0.7140755	0.35134196	0.8194238	0.41276565	1.0	False	lymph	early	nucleotide_transformer
4696	0.36263564	0.713889	0.35125336	0.8194121	0.4127724	1.0	False	lymph	early	nucleotide_transformer
714	0.3625362	0.7137031	0.3511669	0.819393	0.4127832	1.0	False	lymph	early	nucleotide_transformer
1767	0.36267018	0.714001	0.35133082	0.8193286	0.41282	1.0	False	lymph	early	nucleotide_transformer
2129	0.3624652	0.71360266	0.35113746	0.8193185	0.4128257	1.0	False	lymph	early	nucleotide_transformer
2924	0.36262175	0.7139406	0.35131887	0.8192629	0.4128574	1.0	False	lymph	early	nucleotide_transformer
2880	0.36219588	0.71310246	0.35090658	0.8192614	0.4128582	1.0	False	lymph	early	nucleotide_transformer
4626	0.36263257	0.7139651	0.35133255	0.8192569	0.4128608	1.0	False	lymph	early	nucleotide_transformer
3817	0.3626423	0.71399695	0.35135466	0.8192324	0.41287476	1.0	False	lymph	early	nucleotide_transformer
4801	0.36229494	0.7133266	0.35103163	0.8192061	0.41288978	1.0	False	lymph	early	nucleotide_transformer
1137	0.3626035	0.71395373	0.35135025	0.8191701	0.41291043	1.0	False	lymph	early	nucleotide_transformer
4173	0.3626651	0.7140789	0.35141382	0.81916237	0.4129147	1.0	False	lymph	early	nucleotide_transformer
2625	0.36218327	0.7131409	0.35095763	0.8191411	0.41292694	1.0	False	lymph	early	nucleotide_transformer
3860	0.3625578	0.71388423	0.35132644	0.8191312	0.4129325	1.0	False	lymph	early	nucleotide_transformer
3051	0.36262777	0.71403325	0.35140547	0.8191097	0.4129447	1.0	False	lymph	early	nucleotide_transformer
2715	0.36259526	0.71397126	0.351376	0.81910634	0.41294664	1.0	False	lymph	early	nucleotide_transformer
2161	0.36264712	0.7140752	0.3514281	0.81910247	0.41294888	1.0	False	lymph	early	nucleotide_transformer
1396	0.36218894	0.7131973	0.35100836	0.8190557	0.4129754	1.0	False	lymph	early	nucleotide_transformer
522	0.36212504	0.71307474	0.3509497	0.819049	0.41297933	1.0	False	lymph	early	nucleotide_transformer
4190	0.3626426	0.7141053	0.35146272	0.8190287	0.4129909	1.0	False	lymph	early	nucleotide_transformer
3321	0.3625976	0.7140213	0.3514237	0.81901985	0.4129959	1.0	False	lymph	early	nucleotide_transformer
2886	0.36255854	0.7139572	0.35139865	0.8189962	0.41300955	1.0	False	lymph	early	nucleotide_transformer
689	0.36233476	0.71351725	0.3511825	0.81899464	0.41301036	1.0	False	lymph	early	nucleotide_transformer
258	0.36259937	0.7140417	0.35144234	0.8189874	0.4130144	1.0	False	lymph	early	nucleotide_transformer
2156	0.3620668	0.7130132	0.35094637	0.81894845	0.41303685	1.0	False	lymph	early	nucleotide_transformer
599	0.36255273	0.71397245	0.35141972	0.81894565	0.41303846	1.0	False	lymph	early	nucleotide_transformer
3876	0.3626231	0.7141166	0.35149348	0.81893486	0.41304454	1.0	False	lymph	early	nucleotide_transformer
918	0.36245042	0.713782	0.3513316	0.8189242	0.41305077	1.0	False	lymph	early	nucleotide_transformer
1344	0.36249608	0.7138749	0.3513788	0.81891906	0.41305357	1.0	False	lymph	early	nucleotide_transformer
3621	0.36206615	0.7130286	0.35096246	0.8189167	0.41305494	1.0	False	lymph	early	nucleotide_transformer
4771	0.36257467	0.7140447	0.35147002	0.8188899	0.4130703	1.0	False	lymph	early	nucleotide_transformer
1387	0.36250514	0.7139125	0.35140735	0.8188816	0.41307503	1.0	False	lymph	early	nucleotide_transformer
3369	0.3625619	0.71403384	0.35147193	0.81886333	0.4130854	1.0	False	lymph	early	nucleotide_transformer
2322	0.3624761	0.7138904	0.35141426	0.8188153	0.41311267	1.0	False	lymph	early	nucleotide_transformer
3912	0.36216447	0.71329117	0.3511267	0.81878734	0.41312855	1.0	False	lymph	early	nucleotide_transformer
3411	0.36223543	0.7134351	0.3511997	0.8187787	0.41313362	1.0	False	lymph	early	nucleotide_transformer
1079	0.36207175	0.7131243	0.35105252	0.8187573	0.41314584	1.0	False	lymph	early	nucleotide_transformer
2716	0.3624473	0.7138646	0.35141733	0.8187566	0.41314623	1.0	False	lymph	early	nucleotide_transformer
0	0.3624855	0.713961	0.3514755	0.8187168	0.41316882	1.0	False	lymph	early	nucleotide_transformer
1676	0.36217758	0.7133577	0.3511801	0.81870896	0.41317326	1.0	False	lymph	early	nucleotide_transformer
335	0.36216348	0.7133343	0.35117084	0.8187014	0.41317755	1.0	False	lymph	early	nucleotide_transformer
3493	0.36249498	0.71400297	0.351508	0.81867194	0.41319457	1.0	False	lymph	early	nucleotide_transformer
3495	0.36231762	0.7136571	0.35133946	0.81866586	0.41319805	1.0	False	lymph	early	nucleotide_transformer
1029	0.36206824	0.71316886	0.35110062	0.81865996	0.41320154	1.0	False	lymph	early	nucleotide_transformer
3060	0.36239752	0.71382135	0.35142383	0.818653	0.4132053	1.0	False	lymph	early	nucleotide_transformer
3936	0.36184326	0.7127294	0.35088614	0.81865144	0.41320634	1.0	False	lymph	early	nucleotide_transformer
907	0.36246094	0.7139507	0.35148975	0.8186448	0.41321003	1.0	False	lymph	early	nucleotide_transformer
4014	0.36200362	0.7130667	0.35106307	0.81861126	0.41322902	1.0	False	lymph	early	nucleotide_transformer
2514	0.36198506	0.7130407	0.35105565	0.8185913	0.41324052	1.0	False	lymph	early	nucleotide_transformer
104	0.36209399	0.7132583	0.35116434	0.8185859	0.41324353	1.0	False	lymph	early	nucleotide_transformer
820	0.36201876	0.7131141	0.35109532	0.81857854	0.41324788	1.0	False	lymph	early	nucleotide_transformer
3944	0.3620112	0.7131016	0.35109043	0.81857353	0.4132507	1.0	False	lymph	early	nucleotide_transformer
3268	0.36211446	0.7133127	0.35119823	0.8185589	0.41325906	1.0	False	lymph	early	nucleotide_transformer
4393	0.36214155	0.71337044	0.3512289	0.818551	0.41326356	1.0	False	lymph	early	nucleotide_transformer
968	0.3619906	0.7130795	0.3510889	0.8185385	0.4132707	1.0	False	lymph	early	nucleotide_transformer
5105	0.36182177	0.7127753	0.35095352	0.8184846	0.4133015	1.0	False	lymph	early	nucleotide_transformer
4054	0.36219624	0.7135179	0.35132167	0.8184767	0.41330594	1.0	False	lymph	early	nucleotide_transformer
2167	0.36193717	0.7130124	0.35107523	0.8184663	0.4133119	1.0	False	lymph	early	nucleotide_transformer
4314	0.36187014	0.71289426	0.35102412	0.81843954	0.4133272	1.0	False	lymph	early	nucleotide_transformer
3335	0.36199567	0.7131426	0.3511469	0.8184393	0.41332737	1.0	False	lymph	early	nucleotide_transformer
902	0.3623637	0.71387315	0.35150945	0.81842923	0.41333303	1.0	False	lymph	early	nucleotide_transformer
2155	0.36240363	0.7139521	0.3515485	0.8184288	0.4133334	1.0	False	lymph	early	nucleotide_transformer
2245	0.36245522	0.714063	0.35160777	0.81841075	0.4133436	1.0	False	lymph	early	nucleotide_transformer
4917	0.36183396	0.7128476	0.35101363	0.8183928	0.4133539	1.0	False	lymph	early	nucleotide_transformer
1401	0.36212254	0.7134229	0.35130036	0.8183817	0.41336018	1.0	False	lymph	early	nucleotide_transformer
3452	0.3621135	0.7134108	0.3512973	0.8183701	0.4133668	1.0	False	lymph	early	nucleotide_transformer
5054	0.3623311	0.7138484	0.35151732	0.8183546	0.41337553	1.0	False	lymph	early	nucleotide_transformer
4974	0.36188582	0.71298	0.35109416	0.81833684	0.41338566	1.0	False	lymph	early	nucleotide_transformer
4968	0.3618663	0.7129504	0.3510841	0.8183195	0.4133955	1.0	False	lymph	early	nucleotide_transformer
1002	0.36194155	0.71310246	0.3511609	0.81831324	0.4133992	1.0	False	lymph	early	nucleotide_transformer
4205	0.36234832	0.7139096	0.3515613	0.8183031	0.41340488	1.0	False	lymph	early	nucleotide_transformer
2581	0.36192107	0.71306735	0.35114628	0.81830215	0.41340545	1.0	False	lymph	early	nucleotide_transformer
712	0.36228544	0.7137889	0.3515035	0.81829816	0.41340768	1.0	False	lymph	early	nucleotide_transformer
2056	0.36163515	0.7125076	0.35087246	0.81829447	0.4134099	1.0	False	lymph	early	nucleotide_transformer
1160	0.36229378	0.713811	0.3515172	0.8182862	0.41341454	1.0	False	lymph	early	nucleotide_transformer
2112	0.36204705	0.71333086	0.35128382	0.81827426	0.41342133	1.0	False	lymph	early	nucleotide_transformer
3604	0.3619255	0.71309733	0.35117182	0.8182631	0.41342768	1.0	False	lymph	early	nucleotide_transformer
345	0.36182028	0.7128991	0.3510788	0.8182453	0.41343796	1.0	False	lymph	early	nucleotide_transformer
3001	0.36174837	0.71276087	0.3510125	0.81823814	0.41344208	1.0	False	lymph	early	nucleotide_transformer
1964	0.36221978	0.7136958	0.35147604	0.81822807	0.41344774	1.0	False	lymph	early	nucleotide_transformer
3005	0.36213243	0.7135295	0.3513971	0.81821656	0.4134544	1.0	False	lymph	early	nucleotide_transformer
4016	0.36230725	0.7138797	0.35157245	0.8182082	0.41345906	1.0	False	lymph	early	nucleotide_transformer
493	0.3621471	0.71360004	0.35145295	0.8181382	0.4134992	1.0	False	lymph	early	nucleotide_transformer
1609	0.36208716	0.7135008	0.35141364	0.8181026	0.4135195	1.0	False	lymph	early	nucleotide_transformer
3198	0.3618731	0.7130796	0.35120648	0.81810135	0.4135202	1.0	False	lymph	early	nucleotide_transformer
4399	0.36174592	0.7128297	0.3510838	0.81809914	0.4135214	1.0	False	lymph	early	nucleotide_transformer
1875	0.3622818	0.7138909	0.3516091	0.8180924	0.41352525	1.0	False	lymph	early	nucleotide_transformer
241	0.3619396	0.71321845	0.35127884	0.818086	0.41352898	1.0	False	lymph	early	nucleotide_transformer
3353	0.36212355	0.7135917	0.35146815	0.81806636	0.41354018	1.0	False	lymph	early	nucleotide_transformer
1565	0.36197257	0.71330947	0.3513369	0.81803745	0.4135566	1.0	False	lymph	early	nucleotide_transformer
259	0.3619609	0.7133298	0.3513689	0.81795454	0.413604	1.0	False	lymph	early	nucleotide_transformer
4269	0.361846	0.71312356	0.35127756	0.8179174	0.4136252	1.0	False	lymph	early	nucleotide_transformer
2334	0.3618967	0.7132295	0.35133278	0.8179063	0.4136315	1.0	False	lymph	early	nucleotide_transformer
225	0.36182913	0.7131021	0.35127297	0.817895	0.41363797	1.0	False	lymph	early	nucleotide_transformer
3274	0.36180976	0.7130666	0.35125682	0.81788987	0.41364083	1.0	False	lymph	early	nucleotide_transformer
2353	0.36187166	0.71319	0.35131836	0.8178875	0.41364226	1.0	False	lymph	early	nucleotide_transformer
1660	0.36171296	0.7129047	0.35119173	0.8178346	0.41367242	1.0	False	lymph	early	nucleotide_transformer
43	0.36151838	0.71252906	0.35101068	0.81781864	0.41368148	1.0	False	lymph	early	nucleotide_transformer
2641	0.36173147	0.7129492	0.35121775	0.81781834	0.41368172	1.0	False	lymph	early	nucleotide_transformer
2051	0.36169314	0.71287405	0.3511809	0.8178174	0.4136822	1.0	False	lymph	early	nucleotide_transformer
2898	0.36175993	0.71301085	0.35125092	0.8178094	0.4136868	1.0	False	lymph	early	nucleotide_transformer
1578	0.36204356	0.71358913	0.35154557	0.81777334	0.41370746	1.0	False	lymph	early	nucleotide_transformer
4613	0.3617427	0.71300536	0.35126266	0.81775415	0.41371834	1.0	False	lymph	early	nucleotide_transformer
4691	0.361824	0.7131782	0.3513542	0.81773233	0.4137308	1.0	False	lymph	early	nucleotide_transformer
4498	0.36173546	0.71301013	0.35127467	0.8177196	0.41373822	1.0	False	lymph	early	nucleotide_transformer
2118	0.36178607	0.71313953	0.35135347	0.81766236	0.41377097	1.0	False	lymph	early	nucleotide_transformer
3524	0.36171126	0.71303666	0.3513254	0.8175794	0.41381824	1.0	False	lymph	early	nucleotide_transformer
1105	0.36169758	0.71301615	0.35131857	0.81756717	0.41382515	1.0	False	lymph	early	nucleotide_transformer
474	0.36180806	0.7132463	0.35143822	0.8175447	0.41383797	1.0	False	lymph	early	nucleotide_transformer
1855	0.36174497	0.7131317	0.35138676	0.8175257	0.4138487	1.0	False	lymph	early	nucleotide_transformer
1935	0.36176777	0.7132061	0.35143834	0.81747043	0.41388035	1.0	False	lymph	early	nucleotide_transformer
5083	0.36184832	0.71340346	0.35155514	0.81739736	0.41392222	1.0	False	lymph	early	nucleotide_transformer
2394	0.3615876	0.71288913	0.35130152	0.8173972	0.41392234	1.0	False	lymph	early	nucleotide_transformer
4954	0.3617815	0.713291	0.35150948	0.8173615	0.41394272	1.0	False	lymph	early	nucleotide_transformer
2912	0.36167145	0.7130747	0.35140324	0.8173594	0.4139439	1.0	False	lymph	early	nucleotide_transformer
1780	0.36164296	0.7130267	0.35138375	0.8173438	0.4139527	1.0	False	lymph	early	nucleotide_transformer
299	0.36174068	0.7132647	0.35152403	0.8172591	0.41400123	1.0	False	lymph	early	nucleotide_transformer
4469	0.3617286	0.7132412	0.3515126	0.81725764	0.41400194	1.0	False	lymph	early	nucleotide_transformer
1642	0.3615756	0.7129652	0.3513896	0.817209	0.41402978	1.0	False	lymph	early	nucleotide_transformer
338	0.36172354	0.71329516	0.35157162	0.81713647	0.4140711	1.0	False	lymph	early	nucleotide_transformer
56	0.36152625	0.7129113	0.35138506	0.8171268	0.4140768	1.0	False	lymph	early	nucleotide_transformer
3971	0.3615629	0.7129861	0.3514232	0.8171223	0.4140793	1.0	False	lymph	early	nucleotide_transformer
2208	0.3616524	0.7131729	0.3515205	0.8171035	0.41408992	1.0	False	lymph	early	nucleotide_transformer
4072	0.3616665	0.7132399	0.3515734	0.8170296	0.41413224	1.0	False	lymph	early	nucleotide_transformer
3420	0.36158347	0.71316224	0.35157877	0.8168668	0.41422528	1.0	False	lymph	early	nucleotide_transformer
3549	0.36156413	0.71314734	0.3515832	0.81682295	0.4142503	1.0	False	lymph	early	nucleotide_transformer
48	0.3616296	0.7132804	0.35165077	0.8168162	0.41425425	1.0	False	lymph	early	nucleotide_transformer
4655	0.36138907	0.71281356	0.3514245	0.8168	0.41426334	1.0	False	lymph	early	nucleotide_transformer
1659	0.36144257	0.7129527	0.3515101	0.81673723	0.4142992	1.0	False	lymph	early	nucleotide_transformer
3646	0.36154646	0.7131792	0.3516327	0.8166974	0.41432208	1.0	False	lymph	early	nucleotide_transformer
1521	0.36151358	0.7131233	0.35160974	0.8166802	0.41433176	1.0	False	lymph	early	nucleotide_transformer
1303	0.3613832	0.7128784	0.3514952	0.8166562	0.41434568	1.0	False	lymph	early	nucleotide_transformer
2364	0.36170852	0.7135365	0.35182798	0.8166259	0.41436303	1.0	False	lymph	early	nucleotide_transformer
3750	0.36121568	0.7126568	0.35144112	0.8164498	0.41446364	1.0	False	lymph	early	nucleotide_transformer
3501	0.36160257	0.71351045	0.35190788	0.8162819	0.41455957	1.0	False	lymph	early	nucleotide_transformer
2534	0.36145246	0.71328825	0.3518358	0.8161423	0.41463953	1.0	False	lymph	early	nucleotide_transformer
1808	0.36127675	0.71298283	0.3517061	0.8160632	0.41468456	1.0	False	lymph	early	nucleotide_transformer
4715	0.36094612	0.7124945	0.35154837	0.81575125	0.41486302	1.0	False	lymph	early	nucleotide_transformer
2136	0.36091393	0.7124622	0.35154825	0.815693	0.41489634	1.0	False	lymph	early	nucleotide_transformer
428	0.3612638	0.7132282	0.3519644	0.8155538	0.41497573	1.0	False	lymph	early	nucleotide_transformer
3145	0.36107874	0.71302825	0.3519495	0.81524163	0.41515446	1.0	False	lymph	early	nucleotide_transformer
1339	0.36119583	0.71328485	0.35208902	0.8151948	0.41518128	1.0	False	lymph	early	nucleotide_transformer
3877	0.36100057	0.71290547	0.3519049	0.8151815	0.41518882	1.0	False	lymph	early	nucleotide_transformer
4965	0.36106896	0.71314126	0.3520723	0.8149929	0.4152969	1.0	False	lymph	early	nucleotide_transformer
4969	-1.6797485	143.02315	144.7029	-0.81169856	0.4172561	1.0	False	lymph	early	nucleotide_transformer
570	-0.87416685	1.9394518	2.8136187	-0.80925256	0.41872028	1.0	False	lymph	early	nucleotide_transformer
1440	-0.8739085	1.9388869	2.8127954	-0.8092483	0.41872266	1.0	False	lymph	early	nucleotide_transformer
261	-0.87371635	1.9386506	2.812367	-0.8091914	0.4187553	1.0	False	lymph	early	nucleotide_transformer
1241	-0.8737273	1.9387748	2.8125021	-0.8091575	0.41877478	1.0	False	lymph	early	nucleotide_transformer
2459	-0.87340426	1.9386153	2.8120196	-0.80898774	0.4188724	1.0	False	lymph	early	nucleotide_transformer
4233	-0.8737242	1.9393821	2.8131063	-0.8089697	0.41888276	1.0	False	lymph	early	nucleotide_transformer
728	-0.8732017	1.9387699	2.8119717	-0.8088006	0.41897985	1.0	False	lymph	early	nucleotide_transformer
1506	-0.8731264	1.9389251	2.8120515	-0.8087014	0.4190369	1.0	False	lymph	early	nucleotide_transformer
720	-0.8727354	1.938666	2.8114014	-0.8085115	0.41914594	1.0	False	lymph	early	nucleotide_transformer
2993	-0.8717942	1.9382961	2.8100903	-0.8079793	0.4194521	1.0	False	lymph	early	nucleotide_transformer
2722	-1.5924225	147.5024	149.09482	-0.7994261	0.42433012	1.0	False	lymph	early	nucleotide_transformer
645	-0.589333	0.81520706	1.4045401	-0.77924174	0.43619037	1.0	False	lymph	early	nucleotide_transformer
1854	-0.5891531	0.815103	1.4042561	-0.779152	0.43624312	1.0	False	lymph	early	nucleotide_transformer
3402	-0.58834183	0.8161361	1.404478	-0.7778324	0.43701988	1.0	False	lymph	early	nucleotide_transformer
2617	-0.39703566	0.30530745	0.7023431	-0.75434387	0.4510079	1.0	False	lymph	early	nucleotide_transformer
2664	-0.3965933	0.30547854	0.70207185	-0.7537152	0.4513848	1.0	False	lymph	early	nucleotide_transformer
3816	-0.39648578	0.30540177	0.70188755	-0.75370705	0.45138973	1.0	False	lymph	early	nucleotide_transformer
3683	-0.39637297	0.3054601	0.70183307	-0.7535281	0.45149702	1.0	False	lymph	early	nucleotide_transformer
4225	-0.39640325	0.3055213	0.70192456	-0.753482	0.4515247	1.0	False	lymph	early	nucleotide_transformer
530	-0.39661503	0.305735	0.70235	-0.75341964	0.45156214	1.0	False	lymph	early	nucleotide_transformer
2452	-0.39653745	0.30579427	0.7023317	-0.7532733	0.45164993	1.0	False	lymph	early	nucleotide_transformer
949	-0.6352662	1.1215876	1.7568538	-0.74639225	0.45575738	1.0	False	lymph	early	nucleotide_transformer
4493	-0.6354679	1.1224089	1.7578768	-0.74617404	0.4558891	1.0	False	lymph	early	nucleotide_transformer
2398	-0.6346971	1.1213845	1.7560816	-0.7460215	0.45598122	1.0	False	lymph	early	nucleotide_transformer
4704	-0.63463485	1.1214336	1.7560685	-0.74594796	0.4560255	1.0	False	lymph	early	nucleotide_transformer
4835	-0.63475096	1.1216463	1.7563972	-0.7459436	0.4560281	1.0	False	lymph	early	nucleotide_transformer
2701	-0.6345651	1.1213876	1.7559527	-0.74591213	0.45604706	1.0	False	lymph	early	nucleotide_transformer
3230	-0.6347338	1.1217005	1.7564343	-0.74590486	0.45605153	1.0	False	lymph	early	nucleotide_transformer
2041	-0.63491666	1.1220878	1.7570045	-0.745877	0.45606834	1.0	False	lymph	early	nucleotide_transformer
1593	-0.6345593	1.1214591	1.7560184	-0.7458744	0.45606992	1.0	False	lymph	early	nucleotide_transformer
4266	-0.6344887	1.1214143	1.755903	-0.7458368	0.4560926	1.0	False	lymph	early	nucleotide_transformer
489	-0.6347703	1.1220105	1.7567807	-0.74579257	0.45611924	1.0	False	lymph	early	nucleotide_transformer
1269	-0.63446534	1.1216397	1.7561051	-0.7457136	0.45616692	1.0	False	lymph	early	nucleotide_transformer
3329	-0.6344813	1.1217008	1.7561821	-0.74569756	0.45617667	1.0	False	lymph	early	nucleotide_transformer
4971	-0.6345024	1.1218027	1.7563051	-0.7456683	0.4561945	1.0	False	lymph	early	nucleotide_transformer
2355	-0.634501	1.1218156	1.7563165	-0.7456614	0.45619854	1.0	False	lymph	early	nucleotide_transformer
1217	-0.6344253	1.1217307	1.756156	-0.74563783	0.4562128	1.0	False	lymph	early	nucleotide_transformer
4126	-0.634336	1.1216581	1.7559941	-0.74559903	0.45623612	1.0	False	lymph	early	nucleotide_transformer
1464	-0.6343688	1.1218445	1.7562133	-0.74553925	0.4562722	1.0	False	lymph	early	nucleotide_transformer
3496	-0.63430345	1.1218026	1.756106	-0.74550617	0.45629224	1.0	False	lymph	early	nucleotide_transformer
2303	-0.6342268	1.1218388	1.7560656	-0.74542624	0.45634046	1.0	False	lymph	early	nucleotide_transformer
1301	-0.6341127	1.1216666	1.7557793	-0.74541146	0.45634946	1.0	False	lymph	early	nucleotide_transformer
3041	-0.63456666	1.1227082	1.7572749	-0.7453037	0.45641443	1.0	False	lymph	early	nucleotide_transformer
2242	-0.6340296	1.121975	1.7560046	-0.7452013	0.4564761	1.0	False	lymph	early	nucleotide_transformer
2785	-0.63394415	1.1218983	1.7558424	-0.74516743	0.45649663	1.0	False	lymph	early	nucleotide_transformer
3506	-0.633718	1.1218426	1.7555606	-0.74501264	0.4565902	1.0	False	lymph	early	nucleotide_transformer
200	-0.6337148	1.1218622	1.755577	-0.7449955	0.45660052	1.0	False	lymph	early	nucleotide_transformer
249	-0.63380206	1.1220516	1.7558537	-0.7449798	0.45661	1.0	False	lymph	early	nucleotide_transformer
518	-0.63370824	1.1231612	1.7568694	-0.74439406	0.4569638	1.0	False	lymph	early	nucleotide_transformer
5039	-0.6807791	1.427926	2.108705	-0.7274927	0.46723586	1.0	False	lymph	early	nucleotide_transformer
1185	-0.68094885	1.4284796	2.1094284	-0.72741514	0.46728346	1.0	False	lymph	early	nucleotide_transformer
1116	-0.6808289	1.4283327	2.1091616	-0.72737986	0.46730494	1.0	False	lymph	early	nucleotide_transformer
1321	-0.680653	1.4280678	2.1087208	-0.7273399	0.46732947	1.0	False	lymph	early	nucleotide_transformer
3028	-0.6808615	1.4285297	2.1093912	-0.7273283	0.4673366	1.0	False	lymph	early	nucleotide_transformer
1253	-0.68078816	1.4284571	2.1092453	-0.7273019	0.4673526	1.0	False	lymph	early	nucleotide_transformer
2860	-0.6806829	1.4285138	2.1091967	-0.72719824	0.46741608	1.0	False	lymph	early	nucleotide_transformer
2503	-0.68077517	1.4287076	2.1094828	-0.7271948	0.46741816	1.0	False	lymph	early	nucleotide_transformer
1268	-0.68035567	1.4279011	2.1082568	-0.7271699	0.46743342	1.0	False	lymph	early	nucleotide_transformer
2413	-0.6804608	1.4282831	2.108744	-0.72710997	0.46747014	1.0	False	lymph	early	nucleotide_transformer
2395	-0.6807064	1.4288203	2.1095266	-0.7270991	0.46747681	1.0	False	lymph	early	nucleotide_transformer
21	-0.68036485	1.4281142	2.108479	-0.7270974	0.4674778	1.0	False	lymph	early	nucleotide_transformer
3088	-0.6803639	1.4282174	2.1085813	-0.7270588	0.46750143	1.0	False	lymph	early	nucleotide_transformer
1218	-0.68028116	1.428041	2.1083221	-0.72705877	0.46750146	1.0	False	lymph	early	nucleotide_transformer
1497	-0.6802319	1.4280602	2.108292	-0.7270133	0.46752936	1.0	False	lymph	early	nucleotide_transformer
2331	-0.6803483	1.4284021	2.1087503	-0.7269781	0.46755078	1.0	False	lymph	early	nucleotide_transformer
14	-0.6805831	1.4289156	2.1094987	-0.7269675	0.4675573	1.0	False	lymph	early	nucleotide_transformer
1914	-0.6802567	1.4284018	2.1086586	-0.72690713	0.46759418	1.0	False	lymph	early	nucleotide_transformer
1334	-0.6802474	1.4283906	2.108638	-0.72690356	0.4675964	1.0	False	lymph	early	nucleotide_transformer
132	-0.6800729	1.4280561	2.108129	-0.72689	0.46760482	1.0	False	lymph	early	nucleotide_transformer
3333	-0.68034947	1.42866	2.1090095	-0.726883	0.46760902	1.0	False	lymph	early	nucleotide_transformer
4166	-0.6799358	1.4280175	2.1079533	-0.7267966	0.4676619	1.0	False	lymph	early	nucleotide_transformer
3131	-0.6798265	1.4278038	2.1076303	-0.72679174	0.4676649	1.0	False	lymph	early	nucleotide_transformer
4390	-0.679845	1.4278609	2.1077058	-0.7267851	0.46766895	1.0	False	lymph	early	nucleotide_transformer
3391	-0.68005824	1.4283166	2.1083748	-0.7267826	0.46767053	1.0	False	lymph	early	nucleotide_transformer
1117	-0.6793059	1.4267844	2.1060903	-0.7267642	0.4676817	1.0	False	lymph	early	nucleotide_transformer
4122	-0.68032396	1.4290313	2.1093552	-0.726722	0.46770757	1.0	False	lymph	early	nucleotide_transformer
3066	-0.68004966	1.4285922	2.1086419	-0.72667426	0.46773684	1.0	False	lymph	early	nucleotide_transformer
2668	-0.67992353	1.4283392	2.1082628	-0.7266683	0.4677406	1.0	False	lymph	early	nucleotide_transformer
4963	-0.67973745	1.4279641	2.1077015	-0.72666144	0.46774474	1.0	False	lymph	early	nucleotide_transformer
2273	-0.6801449	1.4290348	2.1091797	-0.7265852	0.46779126	1.0	False	lymph	early	nucleotide_transformer
5024	-0.6796223	1.4279345	2.1075568	-0.7265836	0.46779227	1.0	False	lymph	early	nucleotide_transformer
772	-0.6798371	1.4283878	2.1082249	-0.7265828	0.4677927	1.0	False	lymph	early	nucleotide_transformer
3400	-0.6797209	1.4281657	2.1078866	-0.72657424	0.46779796	1.0	False	lymph	early	nucleotide_transformer
1507	-0.6797408	1.4282075	2.1079483	-0.72657335	0.4677984	1.0	False	lymph	early	nucleotide_transformer
2369	-0.68003523	1.4288574	2.1088927	-0.7265646	0.46780387	1.0	False	lymph	early	nucleotide_transformer
3	-0.6798581	1.428497	2.108355	-0.72655946	0.46780702	1.0	False	lymph	early	nucleotide_transformer
3580	-0.6797739	1.42845	2.108224	-0.7265106	0.467837	1.0	False	lymph	early	nucleotide_transformer
991	-0.6799109	1.4287579	2.1086688	-0.7265045	0.46784067	1.0	False	lymph	early	nucleotide_transformer
2934	-0.6799098	1.4288	2.1087098	-0.7264883	0.46785057	1.0	False	lymph	early	nucleotide_transformer
2120	-0.6801989	1.42956	2.1097589	-0.72642994	0.46788642	1.0	False	lymph	early	nucleotide_transformer
1999	-0.6793815	1.4278878	2.1072693	-0.72641605	0.46789482	1.0	False	lymph	early	nucleotide_transformer
4427	-0.6791022	1.4280646	2.1071668	-0.7261308	0.46806952	1.0	False	lymph	early	nucleotide_transformer
527	-0.6792835	1.4285105	2.107794	-0.72610444	0.46808574	1.0	False	lymph	early	nucleotide_transformer
4293	-0.6795325	1.4292591	2.1087916	-0.72602326	0.46813542	1.0	False	lymph	early	nucleotide_transformer
782	-0.6788708	1.4279643	2.1068351	-0.72598684	0.46815768	1.0	False	lymph	early	nucleotide_transformer
3218	-0.6790539	1.4288162	2.10787	-0.72581184	0.46826488	1.0	False	lymph	early	nucleotide_transformer
5041	-0.67880774	1.4287214	2.1075292	-0.72565347	0.46836182	1.0	False	lymph	early	nucleotide_transformer
481	-0.7271967	1.734338	2.4615347	-0.7176002	0.47330692	1.0	False	lymph	early	nucleotide_transformer
1232	-0.72681224	1.7349569	2.461769	-0.71712106	0.47360218	1.0	False	lymph	early	nucleotide_transformer
602	-0.72668135	1.7347249	2.4614062	-0.71709853	0.47361603	1.0	False	lymph	early	nucleotide_transformer
151	-0.7264075	1.7342663	2.4606738	-0.7170369	0.4736541	1.0	False	lymph	early	nucleotide_transformer
1540	-0.7261106	1.7336534	2.459764	-0.7170097	0.47367075	1.0	False	lymph	early	nucleotide_transformer
1806	-0.7265127	1.7348261	2.4613388	-0.71694106	0.47371304	1.0	False	lymph	early	nucleotide_transformer
2666	-0.726079	1.7339039	2.4599829	-0.7169039	0.47373596	1.0	False	lymph	early	nucleotide_transformer
4085	-0.7264737	1.7349919	2.4614656	-0.7168571	0.47376487	1.0	False	lymph	early	nucleotide_transformer
2001	-0.72649455	1.7351751	2.4616697	-0.7168166	0.47378978	1.0	False	lymph	early	nucleotide_transformer
3378	-0.7257091	1.7335318	2.459241	-0.7167464	0.47383308	1.0	False	lymph	early	nucleotide_transformer
1473	-0.72611034	1.7345132	2.4606235	-0.7167377	0.47383845	1.0	False	lymph	early	nucleotide_transformer
211	-0.72615504	1.7346532	2.4608083	-0.71672803	0.4738444	1.0	False	lymph	early	nucleotide_transformer
3716	-0.72629094	1.735008	2.461299	-0.71671915	0.47384986	1.0	False	lymph	early	nucleotide_transformer
4413	-0.7262684	1.7349583	2.4612267	-0.71671754	0.47385088	1.0	False	lymph	early	nucleotide_transformer
3679	-0.72566235	1.7335216	2.459184	-0.7167147	0.4738527	1.0	False	lymph	early	nucleotide_transformer
1677	-0.7260603	1.7345189	2.4605792	-0.71669877	0.47386256	1.0	False	lymph	early	nucleotide_transformer
1586	-0.7260407	1.7345062	2.460547	-0.7166878	0.47386917	1.0	False	lymph	early	nucleotide_transformer
2741	-0.7261996	1.7348969	2.4610965	-0.7166857	0.47387072	1.0	False	lymph	early	nucleotide_transformer
410	-0.726122	1.7348181	2.4609401	-0.7166529	0.47389075	1.0	False	lymph	early	nucleotide_transformer
3024	-0.7255933	1.7335842	2.4591775	-0.7166437	0.4738964	1.0	False	lymph	early	nucleotide_transformer
4023	-0.72607803	1.7347488	2.4608269	-0.7166413	0.47389778	1.0	False	lymph	early	nucleotide_transformer
122	-0.7261419	1.7349958	2.4611378	-0.71661216	0.47391596	1.0	False	lymph	early	nucleotide_transformer
4333	-0.72586787	1.7343453	2.4602132	-0.7166088	0.47391793	1.0	False	lymph	early	nucleotide_transformer
4289	-0.7259159	1.7345033	2.4604192	-0.71659523	0.47392642	1.0	False	lymph	early	nucleotide_transformer
419	-0.7260083	1.7347652	2.4607735	-0.71658415	0.47393322	1.0	False	lymph	early	nucleotide_transformer
2819	-0.72613955	1.7351053	2.4612448	-0.7165766	0.47393787	1.0	False	lymph	early	nucleotide_transformer
3568	-0.7254473	1.7334541	2.4589014	-0.7165739	0.47393948	1.0	False	lymph	early	nucleotide_transformer
2122	-0.72582424	1.7343792	2.4602034	-0.7165659	0.47394446	1.0	False	lymph	early	nucleotide_transformer
4724	-0.7257652	1.7342606	2.4600258	-0.71655875	0.4739489	1.0	False	lymph	early	nucleotide_transformer
5020	-0.72594035	1.7348543	2.4607947	-0.7165058	0.47398132	1.0	False	lymph	early	nucleotide_transformer
4262	-0.7257023	1.7349494	2.4606516	-0.7162977	0.47410986	1.0	False	lymph	early	nucleotide_transformer
3940	-0.72538257	1.7343757	2.4597583	-0.71624	0.47414538	1.0	False	lymph	early	nucleotide_transformer
2990	-0.7254175	1.7345659	2.4599833	-0.7162038	0.47416764	1.0	False	lymph	early	nucleotide_transformer
251	-0.72530615	1.7344831	2.4597893	-0.7161498	0.47420093	1.0	False	lymph	early	nucleotide_transformer
398	-0.7254373	1.7348503	2.4602876	-0.71613026	0.47421303	1.0	False	lymph	early	nucleotide_transformer
1821	-0.72530496	1.7345544	2.4598594	-0.716123	0.47421747	1.0	False	lymph	early	nucleotide_transformer
1251	-0.725585	1.7352452	2.4608302	-0.71611905	0.47421998	1.0	False	lymph	early	nucleotide_transformer
3459	-0.72535396	1.7346916	2.4600456	-0.7161174	0.47422105	1.0	False	lymph	early	nucleotide_transformer
969	-0.7248697	1.7335632	2.458433	-0.7161087	0.47422644	1.0	False	lymph	early	nucleotide_transformer
4761	-0.7254549	1.734985	2.46044	-0.7161015	0.4742307	1.0	False	lymph	early	nucleotide_transformer
1510	-0.7251713	1.7343254	2.4594967	-0.7160978	0.47423306	1.0	False	lymph	early	nucleotide_transformer
2667	-0.7251785	1.7344208	2.4595993	-0.7160733	0.47424823	1.0	False	lymph	early	nucleotide_transformer
2372	-0.725561	1.7354306	2.4609916	-0.7160434	0.4742667	1.0	False	lymph	early	nucleotide_transformer
583	-0.72513294	1.7344272	2.4595602	-0.7160371	0.47427046	1.0	False	lymph	early	nucleotide_transformer
22	-0.72520566	1.7348483	2.460054	-0.715958	0.47431934	1.0	False	lymph	early	nucleotide_transformer
839	-0.72494495	1.7346233	2.4595683	-0.71583587	0.47439474	1.0	False	lymph	early	nucleotide_transformer
718	-0.7247468	1.7346588	2.4594057	-0.71567714	0.47449258	1.0	False	lymph	early	nucleotide_transformer
2066	-0.77234364	2.0412617	2.8136053	-0.71192896	0.47680616	1.0	False	lymph	early	nucleotide_transformer
1302	0.41893303	1.1212009	0.7022679	0.698831	0.48486727	1.0	False	lymph	early	nucleotide_transformer
2858	0.41883337	1.1211369	0.7023035	0.6986504	0.48498005	1.0	False	lymph	early	nucleotide_transformer
1248	0.41868186	1.120978	0.70229614	0.69843656	0.48511362	1.0	False	lymph	early	nucleotide_transformer
120	0.41862446	1.120831	0.70220655	0.6984317	0.48511666	1.0	False	lymph	early	nucleotide_transformer
3183	0.41848832	1.1205833	0.702095	0.6983292	0.48518085	1.0	False	lymph	early	nucleotide_transformer
988	0.41870546	1.1212394	0.70253396	0.698261	0.48522335	1.0	False	lymph	early	nucleotide_transformer
890	0.41852808	1.1208541	0.70232606	0.69818145	0.48527315	1.0	False	lymph	early	nucleotide_transformer
716	0.41857094	1.120995	0.7024241	0.69816273	0.4852849	1.0	False	lymph	early	nucleotide_transformer
4172	0.4186433	1.12131	0.7026667	0.6980571	0.48535085	1.0	False	lymph	early	nucleotide_transformer
4784	0.41844618	1.1208482	0.702402	0.6979945	0.48539	1.0	False	lymph	early	nucleotide_transformer
2453	0.41854113	1.121117	0.70257586	0.6979863	0.48539513	1.0	False	lymph	early	nucleotide_transformer
3332	0.41853803	1.12113	0.70259196	0.6979672	0.4854072	1.0	False	lymph	early	nucleotide_transformer
3181	0.4183768	1.1207026	0.7023258	0.69796234	0.48541003	1.0	False	lymph	early	nucleotide_transformer
4511	0.41831785	1.1205559	0.702238	0.6979542	0.48541513	1.0	False	lymph	early	nucleotide_transformer
1883	0.4183886	1.1207396	0.702351	0.69795406	0.48541525	1.0	False	lymph	early	nucleotide_transformer
4006	0.41843945	1.1208887	0.70244926	0.69794595	0.4854203	1.0	False	lymph	early	nucleotide_transformer
322	0.41839033	1.1207603	0.70237	0.69794387	0.48542154	1.0	False	lymph	early	nucleotide_transformer
5053	0.41887856	1.122101	0.7032224	0.6979133	0.48544067	1.0	False	lymph	early	nucleotide_transformer
2786	0.41844964	1.1209633	0.7025137	0.69790584	0.48544535	1.0	False	lymph	early	nucleotide_transformer
3784	0.41833055	1.1206498	0.70231926	0.697901	0.4854485	1.0	False	lymph	early	nucleotide_transformer
1726	0.41854054	1.1212313	0.7026908	0.69788474	0.48545852	1.0	False	lymph	early	nucleotide_transformer
2808	0.41857743	1.1213337	0.7027563	0.697882	0.48546034	1.0	False	lymph	early	nucleotide_transformer
1684	0.41844094	1.1209841	0.70254314	0.6978674	0.48546946	1.0	False	lymph	early	nucleotide_transformer
1033	0.4185347	1.1212394	0.7027047	0.69786364	0.48547179	1.0	False	lymph	early	nucleotide_transformer
2407	0.4186514	1.1215535	0.70290214	0.69786036	0.48547393	1.0	False	lymph	early	nucleotide_transformer
4402	0.4183246	1.1206803	0.70235574	0.6978558	0.48547676	1.0	False	lymph	early	nucleotide_transformer
371	0.4183855	1.1208575	0.702472	0.6978477	0.48548177	1.0	False	lymph	early	nucleotide_transformer
851	0.41857862	1.1213917	0.702813	0.6978332	0.48549086	1.0	False	lymph	early	nucleotide_transformer
547	0.4183877	1.1208861	0.7024984	0.69782805	0.4854941	1.0	False	lymph	early	nucleotide_transformer
591	0.41835183	1.12081	0.7024582	0.6978064	0.48550767	1.0	False	lymph	early	nucleotide_transformer
4820	0.41828883	1.1206601	0.70237124	0.6977931	0.48551598	1.0	False	lymph	early	nucleotide_transformer
4426	0.4183933	1.1209459	0.7025526	0.697789	0.48551854	1.0	False	lymph	early	nucleotide_transformer
3456	0.41838276	1.1209177	0.7025349	0.6977889	0.48551863	1.0	False	lymph	early	nucleotide_transformer
37	0.41835392	1.1208401	0.70248616	0.6977888	0.48551875	1.0	False	lymph	early	nucleotide_transformer
3288	0.4182095	1.120456	0.7022465	0.6977871	0.48551965	1.0	False	lymph	early	nucleotide_transformer
1224	0.4184171	1.1210489	0.70263183	0.6977546	0.48554006	1.0	False	lymph	early	nucleotide_transformer
380	0.4183463	1.1208862	0.7025399	0.6977308	0.48555496	1.0	False	lymph	early	nucleotide_transformer
1223	0.4183681	1.1209704	0.70260227	0.6977086	0.48556876	1.0	False	lymph	early	nucleotide_transformer
363	0.41825634	1.1206954	0.702439	0.6976823	0.48558524	1.0	False	lymph	early	nucleotide_transformer
149	0.4183551	1.1210557	0.7027006	0.6975998	0.48563677	1.0	False	lymph	early	nucleotide_transformer
810	0.41833514	1.1210239	0.70268875	0.6975846	0.48564622	1.0	False	lymph	early	nucleotide_transformer
742	0.41815293	1.1205711	0.7024182	0.6975531	0.485666	1.0	False	lymph	early	nucleotide_transformer
1305	0.4183032	1.1211073	0.70280415	0.69743735	0.48573843	1.0	False	lymph	early	nucleotide_transformer
1494	0.41828966	1.121107	0.7028173	0.69740593	0.48575804	1.0	False	lymph	early	nucleotide_transformer
1938	0.41831678	1.1212013	0.7028845	0.6973861	0.48577043	1.0	False	lymph	early	nucleotide_transformer
1526	0.41843432	1.1215122	0.70307785	0.6973857	0.48577073	1.0	False	lymph	early	nucleotide_transformer
1044	0.41812336	1.1209002	0.7027768	0.6971958	0.48588943	1.0	False	lymph	early	nucleotide_transformer
469	0.41800356	1.120617	0.7026135	0.6971626	0.4859102	1.0	False	lymph	early	nucleotide_transformer
4617	0.41802174	1.1207227	0.7027009	0.69711185	0.48594198	1.0	False	lymph	early	nucleotide_transformer
3253	0.41832143	1.1215435	0.7032221	0.697094	0.485953	1.0	False	lymph	early	nucleotide_transformer
4143	0.417969	1.120848	0.70287895	0.6968754	0.48608994	1.0	False	lymph	early	nucleotide_transformer
1203	0.41791296	1.1213003	0.7033874	0.6963485	0.4864196	1.0	False	lymph	early	nucleotide_transformer
1279	0.41745055	1.1207209	0.7032703	0.6957682	0.48678288	1.0	False	lymph	early	nucleotide_transformer
297	0.5652008	174.24069	173.67549	0.68943876	0.4908815	1.0	False	lymph	early	nucleotide_transformer
2764	-0.24998268	0.10174462	0.3517273	-0.682741	0.49512073	1.0	False	lymph	early	nucleotide_transformer
4370	-0.2498914	0.10171008	0.35160148	-0.68273467	0.49512467	1.0	False	lymph	early	nucleotide_transformer
3853	-0.24966888	0.10172059	0.35138947	-0.68249947	0.49527305	1.0	False	lymph	early	nucleotide_transformer
2134	-0.24963668	0.1017473	0.35138398	-0.6824074	0.49533117	1.0	False	lymph	early	nucleotide_transformer
3076	-0.24957743	0.101733685	0.35131112	-0.68238294	0.49534658	1.0	False	lymph	early	nucleotide_transformer
3042	-0.24960765	0.10174631	0.35135397	-0.6823822	0.49534705	1.0	False	lymph	early	nucleotide_transformer
965	-0.2494323	0.10170577	0.35113806	-0.68231046	0.4953924	1.0	False	lymph	early	nucleotide_transformer
1864	-0.24930501	0.10170588	0.3510109	-0.68219054	0.49546802	1.0	False	lymph	early	nucleotide_transformer
210	-0.24931933	0.10171647	0.3510358	-0.6821796	0.4954751	1.0	False	lymph	early	nucleotide_transformer
279	-0.24930261	0.10171105	0.35101366	-0.6821761	0.49547714	1.0	False	lymph	early	nucleotide_transformer
4710	-0.24928083	0.101726755	0.35100758	-0.6821192	0.4955132	1.0	False	lymph	early	nucleotide_transformer
2967	-0.2492291	0.10170575	0.35093486	-0.68211895	0.4955133	1.0	False	lymph	early	nucleotide_transformer
3306	-0.24928066	0.10173592	0.35101658	-0.68209714	0.49552694	1.0	False	lymph	early	nucleotide_transformer
2284	-0.24919584	0.10170921	0.35090506	-0.6820791	0.49553847	1.0	False	lymph	early	nucleotide_transformer
3571	-0.2491866	0.10171864	0.35090524	-0.6820486	0.49555776	1.0	False	lymph	early	nucleotide_transformer
3921	-0.24918392	0.10172545	0.35090938	-0.6820298	0.4955697	1.0	False	lymph	early	nucleotide_transformer
4136	-0.24915054	0.10171344	0.350864	-0.6820263	0.49557194	1.0	False	lymph	early	nucleotide_transformer
2731	-0.24917945	0.10173135	0.3509108	-0.6820124	0.49558058	1.0	False	lymph	early	nucleotide_transformer
3977	-0.24926761	0.101770245	0.35103786	-0.6820062	0.49558443	1.0	False	lymph	early	nucleotide_transformer
4472	-0.24932364	0.10179356	0.3511172	-0.68200475	0.49558538	1.0	False	lymph	early	nucleotide_transformer
4407	-0.24913709	0.10173468	0.35087177	-0.6819641	0.49561107	1.0	False	lymph	early	nucleotide_transformer
1072	-0.24925074	0.101788454	0.3510392	-0.68194824	0.495621	1.0	False	lymph	early	nucleotide_transformer
2142	-0.24933162	0.10182557	0.3511572	-0.6819392	0.49562684	1.0	False	lymph	early	nucleotide_transformer
2531	-0.24918391	0.10176702	0.35095093	-0.6819343	0.49562985	1.0	False	lymph	early	nucleotide_transformer
1927	-0.24930358	0.10181881	0.35112238	-0.6819283	0.4956336	1.0	False	lymph	early	nucleotide_transformer
3797	-0.24926786	0.101805225	0.3510731	-0.6819257	0.49563524	1.0	False	lymph	early	nucleotide_transformer
3009	-0.24936348	0.10184751	0.35121098	-0.6819188	0.49563965	1.0	False	lymph	early	nucleotide_transformer
1822	-0.24928968	0.101817265	0.35110694	-0.6819186	0.4956398	1.0	False	lymph	early	nucleotide_transformer
4135	-0.24916075	0.10176863	0.35092938	-0.68190867	0.49564606	1.0	False	lymph	early	nucleotide_transformer
4566	-0.24927008	0.10182182	0.3510919	-0.68188953	0.4956581	1.0	False	lymph	early	nucleotide_transformer
1022	-0.2490587	0.10174364	0.35080233	-0.6818695	0.49567088	1.0	False	lymph	early	nucleotide_transformer
3295	-0.24929398	0.101854004	0.35114798	-0.6818379	0.49569085	1.0	False	lymph	early	nucleotide_transformer
854	-0.24923128	0.101847716	0.351079	-0.681793	0.49571916	1.0	False	lymph	early	nucleotide_transformer
4388	-0.24930985	0.10189794	0.3512078	-0.68175167	0.4957452	1.0	False	lymph	early	nucleotide_transformer
3064	-0.24914804	0.10184193	0.35098997	-0.6817274	0.49576044	1.0	False	lymph	early	nucleotide_transformer
780	-0.24913932	0.10184337	0.3509827	-0.68171585	0.4957678	1.0	False	lymph	early	nucleotide_transformer
2590	-0.24910863	0.10185777	0.3509664	-0.6816535	0.49580723	1.0	False	lymph	early	nucleotide_transformer
4101	-0.24899992	0.101823784	0.3508237	-0.6816284	0.49582312	1.0	False	lymph	early	nucleotide_transformer
537	-2.634735	99.27871	101.913445	-0.66750145	0.50469565	1.0	False	lymph	early	nucleotide_transformer
2812	0.47504508	1.5287261	1.053681	0.6573026	0.5111912	1.0	False	lymph	early	nucleotide_transformer
213	0.47530496	1.529655	1.05435	0.6572463	0.5112273	1.0	False	lymph	early	nucleotide_transformer
5032	0.47422767	1.528174	1.0539464	0.6561273	0.5119466	1.0	False	lymph	early	nucleotide_transformer
1894	0.4740156	1.5285891	1.0545735	0.65550154	0.5123493	1.0	False	lymph	early	nucleotide_transformer
1181	-0.48807383	0.9176812	1.405755	-0.63911223	0.523021	1.0	False	lymph	early	nucleotide_transformer
1830	-0.48748595	0.9179327	1.4054186	-0.6384423	0.5234565	1.0	False	lymph	early	nucleotide_transformer
1389	-0.48735714	0.91776466	1.4051218	-0.63840854	0.52347845	1.0	False	lymph	early	nucleotide_transformer
2202	-0.48736197	0.9179264	1.4052883	-0.6383299	0.5235296	1.0	False	lymph	early	nucleotide_transformer
1971	-0.48739052	0.91798675	1.4053773	-0.6383269	0.52353156	1.0	False	lymph	early	nucleotide_transformer
620	-0.4872073	0.91767466	1.404882	-0.63831306	0.5235406	1.0	False	lymph	early	nucleotide_transformer
3122	-0.48734814	0.9179923	1.4053404	-0.63828474	0.5235589	1.0	False	lymph	early	nucleotide_transformer
1176	-0.48724616	0.9179876	1.4052337	-0.6381921	0.5236192	1.0	False	lymph	early	nucleotide_transformer
71	-0.4870733	0.9176822	1.4047555	-0.6381817	0.5236259	1.0	False	lymph	early	nucleotide_transformer
3123	-0.48702645	0.9176856	1.4047121	-0.6381363	0.5236554	1.0	False	lymph	early	nucleotide_transformer
2921	-0.48698342	0.917699	1.4046824	-0.6380898	0.52368575	1.0	False	lymph	early	nucleotide_transformer
1200	-0.48696202	0.9177174	1.4046794	-0.6380608	0.52370447	1.0	False	lymph	early	nucleotide_transformer
2599	-0.486548	0.9171384	1.4036864	-0.63796556	0.5237665	1.0	False	lymph	early	nucleotide_transformer
3545	-0.48669088	0.9179828	1.4046737	-0.63768125	0.5239514	1.0	False	lymph	early	nucleotide_transformer
2679	-0.4866398	0.91800624	1.404646	-0.6376223	0.5239897	1.0	False	lymph	early	nucleotide_transformer
980	-0.5339631	1.2246492	1.7586123	-0.62237406	0.5339537	1.0	False	lymph	early	nucleotide_transformer
5018	-0.5337168	1.2241414	1.7578582	-0.6223512	0.53396845	1.0	False	lymph	early	nucleotide_transformer
2469	-0.5335363	1.2243077	1.757844	-0.6221305	0.5341135	1.0	False	lymph	early	nucleotide_transformer
3743	-0.53323424	1.2238832	1.7571174	-0.6220322	0.5341781	1.0	False	lymph	early	nucleotide_transformer
229	-0.53297114	1.2233144	1.7562855	-0.62201643	0.5341884	1.0	False	lymph	early	nucleotide_transformer
2709	-0.5332527	1.224019	1.7572718	-0.62199605	0.5342019	1.0	False	lymph	early	nucleotide_transformer
1762	-0.5331801	1.2238932	1.7570733	-0.6219812	0.5342117	1.0	False	lymph	early	nucleotide_transformer
2260	-0.5331696	1.2238905	1.7570602	-0.62197304	0.53421694	1.0	False	lymph	early	nucleotide_transformer
3704	-0.5331601	1.2239382	1.7570983	-0.62194675	0.53423434	1.0	False	lymph	early	nucleotide_transformer
455	-0.5331038	1.2238148	1.7569187	-0.62194395	0.53423613	1.0	False	lymph	early	nucleotide_transformer
1405	-0.5331001	1.2238536	1.7569537	-0.621926	0.5342479	1.0	False	lymph	early	nucleotide_transformer
407	-0.5329131	1.2234901	1.7564032	-0.6218995	0.53426516	1.0	False	lymph	early	nucleotide_transformer
2194	-0.533538	1.2249489	1.7584869	-0.6218896	0.5342718	1.0	False	lymph	early	nucleotide_transformer
1975	-0.53301704	1.2237664	1.7567835	-0.6218863	0.5342739	1.0	False	lymph	early	nucleotide_transformer
126	-0.533208	1.2242087	1.7574167	-0.62188536	0.5342746	1.0	False	lymph	early	nucleotide_transformer
794	-0.5333797	1.2249097	1.7582893	-0.6217668	0.5343524	1.0	False	lymph	early	nucleotide_transformer
1770	-0.532784	1.2238283	1.7566123	-0.621659	0.53442335	1.0	False	lymph	early	nucleotide_transformer
4078	-0.53257024	1.2234622	1.7560325	-0.62161183	0.53445435	1.0	False	lymph	early	nucleotide_transformer
1092	-0.5328703	1.2243587	1.757229	-0.62153405	0.5345055	1.0	False	lymph	early	nucleotide_transformer
3654	-0.53258204	1.2237469	1.7563289	-0.6215129	0.53451943	1.0	False	lymph	early	nucleotide_transformer
4641	-0.5327804	1.224253	1.7570335	-0.6214954	0.53453094	1.0	False	lymph	early	nucleotide_transformer
1665	-0.5326439	1.2239689	1.7566128	-0.6214827	0.5345393	1.0	False	lymph	early	nucleotide_transformer
4179	-0.5324681	1.2236383	1.7561064	-0.62145436	0.5345578	1.0	False	lymph	early	nucleotide_transformer
1166	-0.53227293	1.2232038	1.7554767	-0.6214524	0.5345591	1.0	False	lymph	early	nucleotide_transformer
4456	-0.5322875	1.2234842	1.7557716	-0.6213548	0.5346232	1.0	False	lymph	early	nucleotide_transformer
2755	-0.53253925	1.2240783	1.7566175	-0.6213502	0.5346263	1.0	False	lymph	early	nucleotide_transformer
1558	-0.5325725	1.2242737	1.7568462	-0.6213059	0.53465545	1.0	False	lymph	early	nucleotide_transformer
2526	-0.5323547	1.2239445	1.7562993	-0.6212395	0.5346989	1.0	False	lymph	early	nucleotide_transformer
1274	-0.53226376	1.2238894	1.7561531	-0.62118053	0.5347377	1.0	False	lymph	early	nucleotide_transformer
237	-0.53213036	1.2238069	1.7559372	-0.62109566	0.53479356	1.0	False	lymph	early	nucleotide_transformer
2684	-0.53213644	1.2239293	1.7560657	-0.62105495	0.53482026	1.0	False	lymph	early	nucleotide_transformer
1197	-0.5320674	1.2238369	1.7559043	-0.6210292	0.5348373	1.0	False	lymph	early	nucleotide_transformer
2010	-0.5319762	1.2236614	1.7556376	-0.62101525	0.5348464	1.0	False	lymph	early	nucleotide_transformer
2527	-0.5319146	1.2237114	1.755626	-0.62094265	0.53489417	1.0	False	lymph	early	nucleotide_transformer
1226	-0.53188205	1.2236814	1.7555635	-0.6209299	0.5349026	1.0	False	lymph	early	nucleotide_transformer
2694	-0.5318711	1.2237455	1.7556165	-0.6208917	0.53492767	1.0	False	lymph	early	nucleotide_transformer
2971	-0.5321082	1.2244678	1.756576	-0.62082636	0.5349705	1.0	False	lymph	early	nucleotide_transformer
2426	-0.53150785	1.2243662	1.755874	-0.62033933	0.5352909	1.0	False	lymph	early	nucleotide_transformer
812	-0.5797818	1.5305686	2.1103504	-0.6155496	0.5384428	1.0	False	lymph	early	nucleotide_transformer
1861	-0.57950616	1.5301661	2.1096723	-0.61544734	0.5385102	1.0	False	lymph	early	nucleotide_transformer
2532	-0.6700852	2.142039	2.8121243	-0.6153667	0.5385593	1.0	False	lymph	early	nucleotide_transformer
900	-0.6701019	2.1423285	2.8124304	-0.6153125	0.5385952	1.0	False	lymph	early	nucleotide_transformer
1704	-0.5796914	1.531079	2.1107705	-0.61531734	0.5385961	1.0	False	lymph	early	nucleotide_transformer
152	-0.5789137	1.5300989	2.1090126	-0.6149842	0.53881586	1.0	False	lymph	early	nucleotide_transformer
4362	-0.5790006	1.5303601	2.1093607	-0.6149711	0.53882444	1.0	False	lymph	early	nucleotide_transformer
3732	-0.5789511	1.5303051	2.1092563	-0.61495125	0.5388376	1.0	False	lymph	early	nucleotide_transformer
2115	-0.5787952	1.5300188	2.108814	-0.614912	0.5388635	1.0	False	lymph	early	nucleotide_transformer
3195	-0.5788522	1.530191	2.1090431	-0.61490506	0.53886795	1.0	False	lymph	early	nucleotide_transformer
245	-0.5790595	1.5309566	2.110016	-0.6148358	0.5389138	1.0	False	lymph	early	nucleotide_transformer
2586	-0.5787493	1.5301956	2.108945	-0.61481917	0.53892475	1.0	False	lymph	early	nucleotide_transformer
4890	-0.5786326	1.5300515	2.108684	-0.6147672	0.53895897	1.0	False	lymph	early	nucleotide_transformer
4343	-0.5785128	1.5298661	2.108379	-0.614726	0.53898615	1.0	False	lymph	early	nucleotide_transformer
4	-0.57862806	1.5302231	2.1088512	-0.61471146	0.53899574	1.0	False	lymph	early	nucleotide_transformer
1341	-0.57896066	1.5311446	2.1101053	-0.614696	0.539006	1.0	False	lymph	early	nucleotide_transformer
1114	-0.57870305	1.5305799	2.109283	-0.6146622	0.5390283	1.0	False	lymph	early	nucleotide_transformer
4290	-0.5784879	1.5300174	2.1085052	-0.614659	0.5390304	1.0	False	lymph	early	nucleotide_transformer
1151	-0.5784508	1.5300239	2.1084747	-0.614626	0.5390522	1.0	False	lymph	early	nucleotide_transformer
2635	-0.5785426	1.5303134	2.108856	-0.6146117	0.53906167	1.0	False	lymph	early	nucleotide_transformer
3771	-0.57852435	1.5303402	2.1088645	-0.61458844	0.539077	1.0	False	lymph	early	nucleotide_transformer
5044	-0.5785804	1.5306365	2.109217	-0.6145436	0.5391066	1.0	False	lymph	early	nucleotide_transformer
4654	-0.578359	1.5301069	2.108466	-0.6145249	0.53911906	1.0	False	lymph	early	nucleotide_transformer
3029	-0.5784229	1.5302969	2.1087198	-0.6145191	0.5391227	1.0	False	lymph	early	nucleotide_transformer
4601	-0.57829034	1.5299805	2.108271	-0.614507	0.5391308	1.0	False	lymph	early	nucleotide_transformer
1835	-0.57833207	1.5301145	2.1084466	-0.6145005	0.5391351	1.0	False	lymph	early	nucleotide_transformer
4973	-0.5784819	1.5306296	2.1091115	-0.6144648	0.53915864	1.0	False	lymph	early	nucleotide_transformer
280	-0.57838523	1.5304071	2.1087923	-0.6144541	0.53916585	1.0	False	lymph	early	nucleotide_transformer
2995	-0.57824755	1.5301819	2.1084294	-0.61441	0.53919464	1.0	False	lymph	early	nucleotide_transformer
4296	-0.5781778	1.5300318	2.1082096	-0.61439866	0.5392024	1.0	False	lymph	early	nucleotide_transformer
2891	-0.57822096	1.5301694	2.1083903	-0.6143921	0.5392066	1.0	False	lymph	early	nucleotide_transformer
3664	-0.5779439	1.5294596	2.1074035	-0.6143866	0.5392102	1.0	False	lymph	early	nucleotide_transformer
4057	-0.5779561	1.5295368	2.107493	-0.6143691	0.5392217	1.0	False	lymph	early	nucleotide_transformer
5003	-0.5781584	1.5301311	2.1082895	-0.6143519	0.5392331	1.0	False	lymph	early	nucleotide_transformer
4151	-0.5782628	1.5304637	2.1087265	-0.6143358	0.53924376	1.0	False	lymph	early	nucleotide_transformer
3239	-0.5780864	1.5300078	2.1080942	-0.6143307	0.539247	1.0	False	lymph	early	nucleotide_transformer
3800	-0.57817745	1.530263	2.1084404	-0.6143275	0.5392492	1.0	False	lymph	early	nucleotide_transformer
3841	-0.57834566	1.5309101	2.1092558	-0.6142664	0.53928965	1.0	False	lymph	early	nucleotide_transformer
1410	-0.5780877	1.5303775	2.1084652	-0.61421776	0.5393217	1.0	False	lymph	early	nucleotide_transformer
3313	-0.57861435	1.5318483	2.1104627	-0.61419505	0.5393367	1.0	False	lymph	early	nucleotide_transformer
3790	-0.5778476	1.5298148	2.1076624	-0.61419356	0.5393377	1.0	False	lymph	early	nucleotide_transformer
2424	-0.5778916	1.5299487	2.1078403	-0.6141887	0.53934103	1.0	False	lymph	early	nucleotide_transformer
996	-0.57853615	1.531664	2.1102002	-0.61418694	0.539342	1.0	False	lymph	early	nucleotide_transformer
4622	-0.5778129	1.5298903	2.1077032	-0.6141416	0.539372	1.0	False	lymph	early	nucleotide_transformer
4278	-0.5781385	1.5307587	2.1088972	-0.6141415	0.5393721	1.0	False	lymph	early	nucleotide_transformer
2184	-0.57769024	1.5295786	2.1072688	-0.6141407	0.53937256	1.0	False	lymph	early	nucleotide_transformer
1380	-0.5778531	1.5301918	2.1080449	-0.61408174	0.5394115	1.0	False	lymph	early	nucleotide_transformer
2889	-0.57816374	1.531062	2.1092257	-0.6140696	0.53941953	1.0	False	lymph	early	nucleotide_transformer
1619	-0.57806635	1.5308197	2.108886	-0.6140636	0.53942347	1.0	False	lymph	early	nucleotide_transformer
6	-0.57805467	1.5309577	2.1090124	-0.61401135	0.5394579	1.0	False	lymph	early	nucleotide_transformer
3712	-0.57807696	1.5310227	2.1090996	-0.6140101	0.5394588	1.0	False	lymph	early	nucleotide_transformer
880	-0.5775602	1.5297036	2.1072638	-0.6139943	0.5394691	1.0	False	lymph	early	nucleotide_transformer
163	-0.57804	1.530996	2.109036	-0.6139879	0.53947335	1.0	False	lymph	early	nucleotide_transformer
4156	-0.57810974	1.531235	2.1093447	-0.61396784	0.53948677	1.0	False	lymph	early	nucleotide_transformer
3271	-0.57798123	1.5309145	2.1088958	-0.613964	0.53948927	1.0	False	lymph	early	nucleotide_transformer
330	-0.57786417	1.5306058	2.10847	-0.61396337	0.53948975	1.0	False	lymph	early	nucleotide_transformer
1686	-0.5778333	1.5305251	2.1083584	-0.6139625	0.5394903	1.0	False	lymph	early	nucleotide_transformer
4154	-0.5780833	1.5312278	2.109311	-0.6139524	0.53949684	1.0	False	lymph	early	nucleotide_transformer
609	-0.57756853	1.5298967	2.1074653	-0.61393833	0.5395062	1.0	False	lymph	early	nucleotide_transformer
1461	-0.57778883	1.5305619	2.1083508	-0.6139148	0.5395217	1.0	False	lymph	early	nucleotide_transformer
1414	-0.5776508	1.5302031	2.107854	-0.61391217	0.5395235	1.0	False	lymph	early	nucleotide_transformer
1872	-0.5779427	1.5310568	2.1089995	-0.613889	0.53953874	1.0	False	lymph	early	nucleotide_transformer
4220	-0.5774269	1.5297256	2.1071525	-0.6138779	0.5395461	1.0	False	lymph	early	nucleotide_transformer
813	-0.5775907	1.5302484	2.107839	-0.6138481	0.5395658	1.0	False	lymph	early	nucleotide_transformer
427	-0.57743776	1.5298523	2.10729	-0.613848	0.53956586	1.0	False	lymph	early	nucleotide_transformer
1080	-0.5777377	1.5306522	2.1083899	-0.6138449	0.53956795	1.0	False	lymph	early	nucleotide_transformer
1985	-0.57736397	1.5296767	2.1070406	-0.61384094	0.53957045	1.0	False	lymph	early	nucleotide_transformer
550	-0.57775843	1.5308613	2.1086197	-0.61379737	0.53959924	1.0	False	lymph	early	nucleotide_transformer
2656	-0.5772747	1.5295869	2.1068616	-0.6137959	0.5396003	1.0	False	lymph	early	nucleotide_transformer
4951	-0.5774236	1.5299873	2.107411	-0.61379474	0.5396011	1.0	False	lymph	early	nucleotide_transformer
4709	-0.577551	1.5305463	2.1080973	-0.6137234	0.53964794	1.0	False	lymph	early	nucleotide_transformer
2783	-0.62484014	1.8363074	2.4611475	-0.61365676	0.53968984	1.0	False	lymph	early	nucleotide_transformer
2528	-0.62460184	1.835779	2.4603808	-0.61360896	0.5397215	1.0	False	lymph	early	nucleotide_transformer
2223	-0.6249716	1.8370757	2.4620473	-0.6135541	0.5397576	1.0	False	lymph	early	nucleotide_transformer
1977	-0.6245899	1.8365226	2.4611125	-0.61340487	0.5398563	1.0	False	lymph	early	nucleotide_transformer
2307	-0.6246306	1.8368953	2.461526	-0.61333585	0.53990185	1.0	False	lymph	early	nucleotide_transformer
2457	-0.6246182	1.8369552	2.4615734	-0.61331046	0.53991854	1.0	False	lymph	early	nucleotide_transformer
3752	-0.62445545	1.8367851	2.4612405	-0.6132313	0.53997093	1.0	False	lymph	early	nucleotide_transformer
3595	-0.6240516	1.8363917	2.4604433	-0.61301965	0.5401107	1.0	False	lymph	early	nucleotide_transformer
189	-0.6239606	1.8364114	2.460372	-0.61294353	0.5401611	1.0	False	lymph	early	nucleotide_transformer
2524	-0.6237569	1.8366218	2.4603786	-0.61272955	0.54030246	1.0	False	lymph	early	nucleotide_transformer
217	-0.62372386	1.8365973	2.4603212	-0.6127101	0.5403153	1.0	False	lymph	early	nucleotide_transformer
3694	-0.6237116	1.8367221	2.4604337	-0.6126678	0.54034317	1.0	False	lymph	early	nucleotide_transformer
4460	-0.623647	1.8367622	2.4604092	-0.61260724	0.5403833	1.0	False	lymph	early	nucleotide_transformer
5102	-2.0998383	117.78839	119.88823	-0.6125581	0.5403874	1.0	False	lymph	early	nucleotide_transformer
4665	-0.6234226	1.8363543	2.4597769	-0.61254317	0.54042566	1.0	False	lymph	early	nucleotide_transformer
4577	-0.62322676	1.8359953	2.459222	-0.6124844	0.54046446	1.0	False	lymph	early	nucleotide_transformer
3491	-0.62321246	1.8376786	2.460891	-0.6120288	0.54076546	1.0	False	lymph	early	nucleotide_transformer
739	-0.6231414	1.8374943	2.4606357	-0.61202157	0.5407703	1.0	False	lymph	early	nucleotide_transformer
2894	-0.6228616	1.8366792	2.4595408	-0.6120195	0.5407717	1.0	False	lymph	early	nucleotide_transformer
617	0.26237565	0.61357325	0.3511976	0.60861635	0.5429484	1.0	False	lymph	early	nucleotide_transformer
3323	0.26183438	0.61277676	0.35094237	0.60791755	0.54341155	1.0	False	lymph	early	nucleotide_transformer
2946	0.26142037	0.612276	0.35085565	0.60722226	0.5438728	1.0	False	lymph	early	nucleotide_transformer
458	0.26131415	0.6122014	0.35088724	0.60696423	0.54404384	1.0	False	lymph	early	nucleotide_transformer
1778	0.26106647	0.6118711	0.35080466	0.6065937	0.54428977	1.0	False	lymph	early	nucleotide_transformer
3713	0.2610795	0.6119261	0.3508466	0.6065575	0.5443138	1.0	False	lymph	early	nucleotide_transformer
510	0.26107714	0.61196995	0.3508928	0.60648423	0.54436255	1.0	False	lymph	early	nucleotide_transformer
356	0.26107937	0.6119886	0.35090923	0.60646486	0.5443753	1.0	False	lymph	early	nucleotide_transformer
622	0.2610439	0.61192894	0.35088503	0.60642993	0.54439855	1.0	False	lymph	early	nucleotide_transformer
3850	0.26097474	0.61186874	0.350894	0.60627884	0.54449874	1.0	False	lymph	early	nucleotide_transformer
923	0.26087657	0.61167306	0.3507965	0.6062277	0.5445328	1.0	False	lymph	early	nucleotide_transformer
3730	0.2609226	0.6117889	0.35086632	0.6062162	0.54454046	1.0	False	lymph	early	nucleotide_transformer
2054	0.2609912	0.6119779	0.3509867	0.60617447	0.5445681	1.0	False	lymph	early	nucleotide_transformer
4671	0.26104227	0.6121461	0.3511038	0.6061032	0.5446153	1.0	False	lymph	early	nucleotide_transformer
4109	0.26095843	0.61197263	0.3510142	0.6060687	0.54463834	1.0	False	lymph	early	nucleotide_transformer
2019	0.2609349	0.61195403	0.35101914	0.60601485	0.54467404	1.0	False	lymph	early	nucleotide_transformer
485	0.26072425	0.611766	0.35104173	0.6055618	0.5449748	1.0	False	lymph	early	nucleotide_transformer
436	0.26057267	0.6114294	0.35085672	0.6055333	0.54499376	1.0	False	lymph	early	nucleotide_transformer
2346	0.2605473	0.6114274	0.35088012	0.6054483	0.5450503	1.0	False	lymph	early	nucleotide_transformer
1026	0.26082242	0.6121806	0.35135818	0.60529053	0.54515487	1.0	False	lymph	early	nucleotide_transformer
1422	0.2605812	0.6116162	0.351035	0.605287	0.5451574	1.0	False	lymph	early	nucleotide_transformer
3961	0.26062807	0.6117597	0.35113165	0.6052379	0.5451901	1.0	False	lymph	early	nucleotide_transformer
1120	0.2604722	0.6114029	0.35093072	0.6052243	0.54519904	1.0	False	lymph	early	nucleotide_transformer
3703	0.26037613	0.6111884	0.3508123	0.60520715	0.5452103	1.0	False	lymph	early	nucleotide_transformer
4702	0.26037607	0.6112172	0.35084113	0.6051645	0.5452387	1.0	False	lymph	early	nucleotide_transformer
4895	0.2605464	0.6116596	0.3511132	0.6051025	0.5452799	1.0	False	lymph	early	nucleotide_transformer
4938	0.26038533	0.61129344	0.3509081	0.6050839	0.5452922	1.0	False	lymph	early	nucleotide_transformer
263	0.2606102	0.6118296	0.3512194	0.60507303	0.5452994	1.0	False	lymph	early	nucleotide_transformer
2827	0.26061195	0.61183643	0.35122448	0.605069	0.545302	1.0	False	lymph	early	nucleotide_transformer
3382	0.26054457	0.6117044	0.35115984	0.60503006	0.5453279	1.0	False	lymph	early	nucleotide_transformer
4562	0.26043126	0.6114418	0.35101053	0.60502493	0.54533136	1.0	False	lymph	early	nucleotide_transformer
4401	0.26032108	0.61119485	0.35087377	0.6050063	0.5453437	1.0	False	lymph	early	nucleotide_transformer
4282	0.26043722	0.6114736	0.3510364	0.6049988	0.5453488	1.0	False	lymph	early	nucleotide_transformer
2277	0.26057816	0.611815	0.35123682	0.6049835	0.54535896	1.0	False	lymph	early	nucleotide_transformer
4735	0.26068023	0.6120638	0.3513836	0.60497	0.54536796	1.0	False	lymph	early	nucleotide_transformer
1896	0.26048136	0.6116166	0.35113525	0.6049404	0.5453876	1.0	False	lymph	early	nucleotide_transformer
4317	0.2602604	0.61111075	0.35085034	0.60492057	0.54540074	1.0	False	lymph	early	nucleotide_transformer
2087	0.26053834	0.61176646	0.35122812	0.604917	0.5454032	1.0	False	lymph	early	nucleotide_transformer
2111	0.2604342	0.61155176	0.35111755	0.60487264	0.5454326	1.0	False	lymph	early	nucleotide_transformer
3687	0.26052794	0.6117777	0.35124978	0.6048644	0.54543805	1.0	False	lymph	early	nucleotide_transformer
1323	0.26048198	0.6116706	0.35118863	0.60486245	0.54543936	1.0	False	lymph	early	nucleotide_transformer
4608	0.26045817	0.61162513	0.35116696	0.60484743	0.5454492	1.0	False	lymph	early	nucleotide_transformer
4515	0.2604794	0.61168814	0.35120875	0.6048282	0.5454622	1.0	False	lymph	early	nucleotide_transformer
4685	0.26050684	0.611775	0.35126814	0.60479534	0.54548395	1.0	False	lymph	early	nucleotide_transformer
3851	0.26043147	0.6116032	0.35117173	0.6047873	0.5454893	1.0	False	lymph	early	nucleotide_transformer
91	0.2604526	0.6116645	0.35121188	0.6047699	0.5455009	1.0	False	lymph	early	nucleotide_transformer
4127	0.26036596	0.61147225	0.3511063	0.60475343	0.5455118	1.0	False	lymph	early	nucleotide_transformer
1161	0.2604053	0.6115653	0.35116	0.6047525	0.5455123	1.0	False	lymph	early	nucleotide_transformer
2727	0.260514	0.61182153	0.35130754	0.6047515	0.5455131	1.0	False	lymph	early	nucleotide_transformer
2384	0.26041102	0.61157924	0.35116822	0.6047513	0.54551315	1.0	False	lymph	early	nucleotide_transformer
3902	0.26045936	0.6117033	0.3512439	0.60473615	0.5455232	1.0	False	lymph	early	nucleotide_transformer
1489	0.2602181	0.61113983	0.35092172	0.6047311	0.5455265	1.0	False	lymph	early	nucleotide_transformer
3104	0.26033917	0.6114265	0.3510873	0.60472804	0.5455286	1.0	False	lymph	early	nucleotide_transformer
1435	0.26035932	0.6114964	0.35113707	0.6046948	0.5455506	1.0	False	lymph	early	nucleotide_transformer
1265	0.260419	0.6116571	0.35123807	0.60466474	0.54557055	1.0	False	lymph	early	nucleotide_transformer
439	0.2604495	0.61173755	0.35128805	0.60465133	0.54557955	1.0	False	lymph	early	nucleotide_transformer
2005	0.2603714	0.6115592	0.35118783	0.604644	0.5455845	1.0	False	lymph	early	nucleotide_transformer
3026	0.2602836	0.61135304	0.35106945	0.60464364	0.54558474	1.0	False	lymph	early	nucleotide_transformer
284	0.26022577	0.61122954	0.35100377	0.60462546	0.5455968	1.0	False	lymph	early	nucleotide_transformer
1757	0.26012093	0.61099404	0.3508731	0.60460824	0.5456081	1.0	False	lymph	early	nucleotide_transformer
2432	0.26043567	0.61175185	0.35131618	0.60458285	0.54562515	1.0	False	lymph	early	nucleotide_transformer
4992	0.2602563	0.6113318	0.35107553	0.6045802	0.54562694	1.0	False	lymph	early	nucleotide_transformer
283	0.26032546	0.611518	0.35119256	0.6045462	0.5456495	1.0	False	lymph	early	nucleotide_transformer
2539	0.2603101	0.61148876	0.35117865	0.6045355	0.54565656	1.0	False	lymph	early	nucleotide_transformer
2491	0.26026314	0.6114179	0.35115474	0.6044777	0.5456948	1.0	False	lymph	early	nucleotide_transformer
397	0.26002303	0.61085784	0.35083482	0.60447	0.5457	1.0	False	lymph	early	nucleotide_transformer
673	0.26028877	0.6114881	0.35119933	0.60446256	0.54570496	1.0	False	lymph	early	nucleotide_transformer
1907	0.26000455	0.6108383	0.35083374	0.60443413	0.54572386	1.0	False	lymph	early	nucleotide_transformer
2917	0.26000044	0.61083937	0.35083893	0.6044183	0.5457344	1.0	False	lymph	early	nucleotide_transformer
753	0.26043156	0.6119027	0.35147116	0.6043463	0.5457822	1.0	False	lymph	early	nucleotide_transformer
1423	0.26020154	0.61136585	0.3511643	0.60434085	0.5457859	1.0	False	lymph	early	nucleotide_transformer
1446	0.26006195	0.6110727	0.35101077	0.6042886	0.54582053	1.0	False	lymph	early	nucleotide_transformer
590	0.260267	0.61155546	0.35128847	0.6042877	0.54582113	1.0	False	lymph	early	nucleotide_transformer
1657	0.2600793	0.6111153	0.35103598	0.6042859	0.5458224	1.0	False	lymph	early	nucleotide_transformer
4618	0.26014018	0.6112652	0.351125	0.6042761	0.54582894	1.0	False	lymph	early	nucleotide_transformer
4383	0.260427	0.611946	0.351519	0.6042669	0.545835	1.0	False	lymph	early	nucleotide_transformer
4464	0.26029825	0.6116641	0.35136586	0.6042359	0.5458557	1.0	False	lymph	early	nucleotide_transformer
798	0.260337	0.6117725	0.35143548	0.6042107	0.54587257	1.0	False	lymph	early	nucleotide_transformer
1297	0.25999632	0.61097777	0.35098144	0.60420084	0.54587907	1.0	False	lymph	early	nucleotide_transformer
1070	0.26004326	0.6111071	0.35106385	0.60417306	0.5458975	1.0	False	lymph	early	nucleotide_transformer
2333	0.2603306	0.6117897	0.35145912	0.604163	0.5459041	1.0	False	lymph	early	nucleotide_transformer
3207	0.260413	0.6119967	0.35158372	0.6041438	0.54591703	1.0	False	lymph	early	nucleotide_transformer
2612	0.25998333	0.61098814	0.3510048	0.60413986	0.5459196	1.0	False	lymph	early	nucleotide_transformer
4129	0.26035887	0.6118857	0.35152686	0.6041198	0.54593295	1.0	False	lymph	early	nucleotide_transformer
2760	0.26039398	0.61198884	0.35159487	0.60408956	0.5459529	1.0	False	lymph	early	nucleotide_transformer
3787	0.260313	0.6118094	0.35149637	0.6040733	0.54596364	1.0	False	lymph	early	nucleotide_transformer
2207	0.26032618	0.6118426	0.3515164	0.60407007	0.54596585	1.0	False	lymph	early	nucleotide_transformer
757	0.259989	0.6110613	0.35107228	0.6040525	0.54597753	1.0	False	lymph	early	nucleotide_transformer
523	0.26032886	0.6118657	0.35153684	0.6040452	0.5459824	1.0	False	lymph	early	nucleotide_transformer
3308	0.25995338	0.6109943	0.3510409	0.6040276	0.54599404	1.0	False	lymph	early	nucleotide_transformer
1419	0.2603046	0.61182183	0.35151723	0.60402584	0.54599524	1.0	False	lymph	early	nucleotide_transformer
3440	0.25984126	0.6107338	0.35089254	0.60402375	0.54599655	1.0	False	lymph	early	nucleotide_transformer
540	0.25989613	0.6108819	0.3509858	0.6039946	0.5460159	1.0	False	lymph	early	nucleotide_transformer
936	0.26002485	0.61118555	0.3511607	0.60399324	0.5460168	1.0	False	lymph	early	nucleotide_transformer
2263	0.2603907	0.6120471	0.35165638	0.6039925	0.54601735	1.0	False	lymph	early	nucleotide_transformer
67	0.2601117	0.6113914	0.35127974	0.60399175	0.54601794	1.0	False	lymph	early	nucleotide_transformer
1202	0.2600892	0.61134446	0.35125527	0.60398257	0.54602396	1.0	False	lymph	early	nucleotide_transformer
4797	0.26005393	0.6112752	0.35122126	0.60396266	0.54603714	1.0	False	lymph	early	nucleotide_transformer
3900	0.2602153	0.6116671	0.35145178	0.60394466	0.5460492	1.0	False	lymph	early	nucleotide_transformer
2820	0.26011705	0.61148626	0.3513692	0.6038703	0.5460987	1.0	False	lymph	early	nucleotide_transformer
731	0.2600121	0.61124873	0.35123664	0.603855	0.5461088	1.0	False	lymph	early	nucleotide_transformer
409	0.259961	0.6111337	0.3511727	0.603848	0.5461134	1.0	False	lymph	early	nucleotide_transformer
182	0.2599255	0.6110997	0.3511742	0.6037761	0.5461612	1.0	False	lymph	early	nucleotide_transformer
4254	0.25988686	0.6110516	0.35116476	0.6037127	0.54620343	1.0	False	lymph	early	nucleotide_transformer
4740	0.26015118	0.6116744	0.35152325	0.6037117	0.54620403	1.0	False	lymph	early	nucleotide_transformer
112	0.2599386	0.6111979	0.3512593	0.6036769	0.54622734	1.0	False	lymph	early	nucleotide_transformer
4703	0.25989047	0.6110888	0.35119835	0.603669	0.5462326	1.0	False	lymph	early	nucleotide_transformer
1332	0.25994366	0.6112224	0.35127872	0.60365736	0.54624027	1.0	False	lymph	early	nucleotide_transformer
631	0.26031247	0.6120932	0.35178074	0.60365397	0.5462425	1.0	False	lymph	early	nucleotide_transformer
3559	0.26000234	0.61137825	0.3513759	0.603632	0.54625714	1.0	False	lymph	early	nucleotide_transformer
4163	0.25997883	0.6113343	0.3513555	0.60361564	0.546268	1.0	False	lymph	early	nucleotide_transformer
4194	0.25993133	0.61124027	0.35130894	0.6035882	0.54628617	1.0	False	lymph	early	nucleotide_transformer
4729	0.2599802	0.6113725	0.35139227	0.6035637	0.5463025	1.0	False	lymph	early	nucleotide_transformer
2022	0.25967962	0.61070293	0.35102332	0.60350853	0.5463391	1.0	False	lymph	early	nucleotide_transformer
2818	0.2597893	0.6109627	0.3511734	0.60350466	0.54634166	1.0	False	lymph	early	nucleotide_transformer
2864	0.25990668	0.6112426	0.3513359	0.6035	0.54634476	1.0	False	lymph	early	nucleotide_transformer
2446	0.25979057	0.61098295	0.35119238	0.6034803	0.5463579	1.0	False	lymph	early	nucleotide_transformer
1598	0.26002476	0.6115385	0.35151377	0.60347474	0.54636157	1.0	False	lymph	early	nucleotide_transformer
4071	0.26008698	0.61168957	0.35160258	0.60346735	0.54636645	1.0	False	lymph	early	nucleotide_transformer
3856	0.259997	0.6114934	0.3514964	0.6034448	0.54638135	1.0	False	lymph	early	nucleotide_transformer
1199	0.2600737	0.61171156	0.35163787	0.6033891	0.54641855	1.0	False	lymph	early	nucleotide_transformer
57	0.26011187	0.61184883	0.35173696	0.603319	0.5464653	1.0	False	lymph	early	nucleotide_transformer
1629	0.25974086	0.6109817	0.35124084	0.6033099	0.5464711	1.0	False	lymph	early	nucleotide_transformer
1523	0.2597716	0.61108863	0.35131705	0.6032592	0.5465049	1.0	False	lymph	early	nucleotide_transformer
2937	0.25995243	0.61153746	0.35158503	0.6032256	0.5465273	1.0	False	lymph	early	nucleotide_transformer
2817	0.2599661	0.6116391	0.35167298	0.6031229	0.5465954	1.0	False	lymph	early	nucleotide_transformer
155	0.25977838	0.61122084	0.35144246	0.6030884	0.54661846	1.0	False	lymph	early	nucleotide_transformer
2092	0.25985044	0.61140263	0.3515522	0.6030705	0.5466303	1.0	False	lymph	early	nucleotide_transformer
1157	0.25972992	0.6111672	0.35143727	0.6029995	0.54667753	1.0	False	lymph	early	nucleotide_transformer
2196	0.25985646	0.611545	0.35168856	0.60288215	0.5467557	1.0	False	lymph	early	nucleotide_transformer
4209	0.25985152	0.61154985	0.35169834	0.602858	0.5467718	1.0	False	lymph	early	nucleotide_transformer
3570	0.25967434	0.61115557	0.35148123	0.6028235	0.54679465	1.0	False	lymph	early	nucleotide_transformer
4005	0.25966987	0.61119777	0.3515279	0.60274607	0.54684603	1.0	False	lymph	early	nucleotide_transformer
3089	0.25955376	0.6109305	0.35137674	0.6027372	0.54685205	1.0	False	lymph	early	nucleotide_transformer
4099	0.25969794	0.61127543	0.3515775	0.60273004	0.5468567	1.0	False	lymph	early	nucleotide_transformer
222	0.25976953	0.6114456	0.35167608	0.602728	0.54685813	1.0	False	lymph	early	nucleotide_transformer
2976	0.25959164	0.61105496	0.35146332	0.6026849	0.54688686	1.0	False	lymph	early	nucleotide_transformer
2892	0.25964153	0.6111843	0.35154277	0.6026678	0.54689825	1.0	False	lymph	early	nucleotide_transformer
421	0.25981432	0.611642	0.35182768	0.60259366	0.54694754	1.0	False	lymph	early	nucleotide_transformer
3731	0.2595977	0.6111382	0.35154054	0.60258436	0.54695374	1.0	False	lymph	early	nucleotide_transformer
2038	0.25964603	0.6112626	0.3516166	0.6025685	0.5469644	1.0	False	lymph	early	nucleotide_transformer
3014	0.2594997	0.6109392	0.3514395	0.6025357	0.5469862	1.0	False	lymph	early	nucleotide_transformer
2312	0.25973147	0.6114982	0.3517667	0.6025185	0.5469976	1.0	False	lymph	early	nucleotide_transformer
4843	0.2595556	0.6110886	0.35153297	0.6025116	0.54700214	1.0	False	lymph	early	nucleotide_transformer
4244	0.25942925	0.61080587	0.35137662	0.6024891	0.5470171	1.0	False	lymph	early	nucleotide_transformer
2959	0.25967777	0.611441	0.35176325	0.60241663	0.54706526	1.0	False	lymph	early	nucleotide_transformer
5087	0.25959647	0.61127853	0.35168207	0.6023744	0.54709345	1.0	False	lymph	early	nucleotide_transformer
1750	0.2594173	0.61092955	0.35151225	0.6022656	0.54716593	1.0	False	lymph	early	nucleotide_transformer
4689	0.2593985	0.61102176	0.35162327	0.6020653	0.5472991	1.0	False	lymph	early	nucleotide_transformer
369	0.259377	0.6110148	0.35163778	0.6020018	0.54734147	1.0	False	lymph	early	nucleotide_transformer
2138	0.259529	0.61140454	0.35187554	0.6019558	0.5473719	1.0	False	lymph	early	nucleotide_transformer
2163	0.2593426	0.6109764	0.3516338	0.60193783	0.54738396	1.0	False	lymph	early	nucleotide_transformer
774	0.25941226	0.6111488	0.35173652	0.60192734	0.547391	1.0	False	lymph	early	nucleotide_transformer
1041	0.25935224	0.61101085	0.3516586	0.6019219	0.5473946	1.0	False	lymph	early	nucleotide_transformer
1663	0.2594562	0.611267	0.35181078	0.6019055	0.5474054	1.0	False	lymph	early	nucleotide_transformer
3192	0.25932807	0.6109686	0.35164052	0.6019002	0.54740906	1.0	False	lymph	early	nucleotide_transformer
2133	0.25938246	0.6111611	0.35177866	0.6018057	0.5474718	1.0	False	lymph	early	nucleotide_transformer
2862	0.2593199	0.6110432	0.3517233	0.60176265	0.5475005	1.0	False	lymph	early	nucleotide_transformer
406	0.2595023	0.6114931	0.35199082	0.6017338	0.54751974	1.0	False	lymph	early	nucleotide_transformer
2751	0.25949472	0.6114826	0.3519879	0.601723	0.5475269	1.0	False	lymph	early	nucleotide_transformer
4500	0.25924012	0.61092216	0.35168204	0.6016641	0.5475662	1.0	False	lymph	early	nucleotide_transformer
1646	0.2593754	0.61129624	0.35192084	0.6015835	0.54761976	1.0	False	lymph	early	nucleotide_transformer
1742	0.25918844	0.611005	0.35181656	0.6013635	0.54776615	1.0	False	lymph	early	nucleotide_transformer
1763	0.25917348	0.61100227	0.35182878	0.60131574	0.5477981	1.0	False	lymph	early	nucleotide_transformer
532	0.25927553	0.61157894	0.35230342	0.600818	0.54812944	1.0	False	lymph	early	nucleotide_transformer
2563	0.25891814	0.61078364	0.3518655	0.6007523	0.5481733	1.0	False	lymph	early	nucleotide_transformer
4822	0.2592322	0.61154586	0.35231367	0.60071725	0.5481966	1.0	False	lymph	early	nucleotide_transformer
2504	0.2591816	0.61153376	0.35235217	0.6005603	0.54830104	1.0	False	lymph	early	nucleotide_transformer
2016	0.25907677	0.6113609	0.35228413	0.6004508	0.54837406	1.0	False	lymph	early	nucleotide_transformer
4743	-0.29553908	0.4073118	0.7028509	-0.55095565	0.58190006	1.0	False	lymph	early	nucleotide_transformer
3629	-0.29565507	0.40748876	0.70314384	-0.5509348	0.58191437	1.0	False	lymph	early	nucleotide_transformer
141	-0.29481435	0.40712124	0.7019356	-0.55025417	0.5823805	1.0	False	lymph	early	nucleotide_transformer
82	-0.2948273	0.4072245	0.7020518	-0.5501807	0.5824309	1.0	False	lymph	early	nucleotide_transformer
2098	-0.29474774	0.4071243	0.70187205	-0.55017173	0.5824371	1.0	False	lymph	early	nucleotide_transformer
3262	-0.2948429	0.40726852	0.7021114	-0.5501615	0.582444	1.0	False	lymph	early	nucleotide_transformer
3671	-0.29499322	0.4075321	0.7025253	-0.5501118	0.58247817	1.0	False	lymph	early	nucleotide_transformer
4593	-0.29496518	0.40749368	0.70245886	-0.5501112	0.5824786	1.0	False	lymph	early	nucleotide_transformer
970	-0.2948304	0.40731588	0.7021463	-0.5501057	0.58248234	1.0	False	lymph	early	nucleotide_transformer
2160	-0.29474336	0.40722227	0.70196563	-0.55008197	0.58249855	1.0	False	lymph	early	nucleotide_transformer
2116	-0.2949046	0.40754944	0.70245403	-0.5499906	0.58256114	1.0	False	lymph	early	nucleotide_transformer
4367	-0.29456475	0.40759805	0.7021628	-0.54954237	0.5828684	1.0	False	lymph	early	nucleotide_transformer
1685	-0.29444373	0.40749043	0.70193416	-0.54949003	0.5829041	1.0	False	lymph	early	nucleotide_transformer
3347	-0.29444018	0.40761694	0.7020571	-0.5493769	0.5829818	1.0	False	lymph	early	nucleotide_transformer
4668	-0.29435775	0.4075322	0.70188993	-0.5493511	0.5829995	1.0	False	lymph	early	nucleotide_transformer
2198	0.31721026	1.0188639	0.70165366	0.5372384	0.59126455	1.0	False	lymph	early	nucleotide_transformer
3361	0.3172499	1.0191499	0.7019	0.5371287	0.59134036	1.0	False	lymph	early	nucleotide_transformer
4294	0.31723458	1.019105	0.7018704	0.5371256	0.5913424	1.0	False	lymph	early	nucleotide_transformer
449	0.31711954	1.0190287	0.7019091	0.5369218	0.5914831	1.0	False	lymph	early	nucleotide_transformer
3007	0.31711054	1.0193298	0.70221925	0.53669375	0.5916406	1.0	False	lymph	early	nucleotide_transformer
917	0.31703764	1.019132	0.7020944	0.5366678	0.59165853	1.0	False	lymph	early	nucleotide_transformer
1018	0.31694883	1.0191019	0.702153	0.53649086	0.5917807	1.0	False	lymph	early	nucleotide_transformer
5062	0.3169846	1.0192485	0.7022639	0.5364683	0.59179634	1.0	False	lymph	early	nucleotide_transformer
3693	0.31706393	1.0195051	0.7024412	0.5364645	0.5917989	1.0	False	lymph	early	nucleotide_transformer
787	0.31693673	1.0191038	0.70216703	0.5364624	0.59180033	1.0	False	lymph	early	nucleotide_transformer
3175	0.3168301	1.0190394	0.7022093	0.5362693	0.5919337	1.0	False	lymph	early	nucleotide_transformer
3188	0.3168913	1.0192819	0.70239055	0.5362374	0.59195584	1.0	False	lymph	early	nucleotide_transformer
693	0.31687427	1.0193218	0.70244753	0.5361698	0.5920025	1.0	False	lymph	early	nucleotide_transformer
3267	0.31684667	1.019277	0.7024303	0.5361392	0.5920237	1.0	False	lymph	early	nucleotide_transformer
1746	0.31688184	1.0194044	0.7025226	0.53612846	0.592031	1.0	False	lymph	early	nucleotide_transformer
4648	0.31693614	1.0195835	0.7026473	0.53612584	0.5920329	1.0	False	lymph	early	nucleotide_transformer
4783	0.31681937	1.0192156	0.7023962	0.5361207	0.59203637	1.0	False	lymph	early	nucleotide_transformer
3685	0.31691545	1.0195681	0.70265263	0.5360924	0.59205604	1.0	False	lymph	early	nucleotide_transformer
3167	0.31665832	1.0187765	0.7021182	0.53606796	0.5920729	1.0	False	lymph	early	nucleotide_transformer
3033	0.31690115	1.019582	0.7026809	0.5360509	0.59208465	1.0	False	lymph	early	nucleotide_transformer
893	0.3166471	1.018805	0.7021579	0.5360235	0.5921036	1.0	False	lymph	early	nucleotide_transformer
1587	0.3165257	1.0184402	0.70191455	0.5360046	0.59211653	1.0	False	lymph	early	nucleotide_transformer
2236	0.31666404	1.0189638	0.7022998	0.53594834	0.5921555	1.0	False	lymph	early	nucleotide_transformer
2781	0.31676066	1.0193026	0.70254195	0.5359334	0.5921659	1.0	False	lymph	early	nucleotide_transformer
1260	0.31670278	1.0191652	0.7024624	0.5358955	0.592192	1.0	False	lymph	early	nucleotide_transformer
2350	0.3167907	1.01948	0.7026893	0.5358756	0.59220576	1.0	False	lymph	early	nucleotide_transformer
2204	0.3166386	1.0190145	0.7023759	0.5358595	0.59221685	1.0	False	lymph	early	nucleotide_transformer
4148	0.31668514	1.0191947	0.7025096	0.53583795	0.59223175	1.0	False	lymph	early	nucleotide_transformer
2543	0.31654662	1.0187813	0.7022347	0.53581583	0.5922471	1.0	False	lymph	early	nucleotide_transformer
4170	0.31676823	1.019494	0.7027258	0.53581345	0.59224874	1.0	False	lymph	early	nucleotide_transformer
1196	0.31660318	1.0189755	0.7023723	0.5358075	0.5922528	1.0	False	lymph	early	nucleotide_transformer
913	0.31655663	1.0188385	0.7022819	0.53579557	0.5922612	1.0	False	lymph	early	nucleotide_transformer
5109	0.3165866	1.0189801	0.70239353	0.5357674	0.5922805	1.0	False	lymph	early	nucleotide_transformer
4873	0.31677568	1.0196035	0.7028278	0.5357577	0.5922872	1.0	False	lymph	early	nucleotide_transformer
4395	0.31660628	1.0190963	0.70249	0.53572816	0.59230757	1.0	False	lymph	early	nucleotide_transformer
1501	0.31684476	1.0198838	0.703039	0.5357123	0.5923186	1.0	False	lymph	early	nucleotide_transformer
1910	0.31654173	1.0189208	0.70237905	0.53570807	0.5923215	1.0	False	lymph	early	nucleotide_transformer
3426	0.31664026	1.0192455	0.70260525	0.535701	0.59232634	1.0	False	lymph	early	nucleotide_transformer
4633	0.31664044	1.019268	0.7026276	0.53568566	0.592337	1.0	False	lymph	early	nucleotide_transformer
3320	0.31647986	1.0187801	0.70230025	0.5356675	0.5923496	1.0	False	lymph	early	nucleotide_transformer
964	0.31662673	1.0192593	0.7026326	0.5356636	0.5923523	1.0	False	lymph	early	nucleotide_transformer
1942	0.31651103	1.0188832	0.7023722	0.53566283	0.5923527	1.0	False	lymph	early	nucleotide_transformer
1866	0.3166992	1.0195236	0.7028244	0.5356416	0.59236735	1.0	False	lymph	early	nucleotide_transformer
3760	0.31665462	1.0194067	0.70275205	0.5356232	0.5923801	1.0	False	lymph	early	nucleotide_transformer
1011	0.31654835	1.0190834	0.70253503	0.53560805	0.59239066	1.0	False	lymph	early	nucleotide_transformer
3684	0.31655306	1.0191042	0.7025512	0.5356072	0.59239125	1.0	False	lymph	early	nucleotide_transformer
3839	0.3164252	1.0187603	0.7023351	0.53555655	0.5924262	1.0	False	lymph	early	nucleotide_transformer
3809	0.31648695	1.0189803	0.7024933	0.53554463	0.5924344	1.0	False	lymph	early	nucleotide_transformer
1486	0.31656492	1.0192968	0.70273185	0.5355001	0.5924652	1.0	False	lymph	early	nucleotide_transformer
1427	0.31666845	1.0196476	0.70297915	0.53548265	0.5924773	1.0	False	lymph	early	nucleotide_transformer
4433	0.31654847	1.0192734	0.70272493	0.5354796	0.5924794	1.0	False	lymph	early	nucleotide_transformer
1651	0.31642503	1.0188915	0.7024664	0.5354676	0.59248775	1.0	False	lymph	early	nucleotide_transformer
1514	0.31641817	1.0188746	0.7024565	0.53546464	0.5924898	1.0	False	lymph	early	nucleotide_transformer
3144	0.31653845	1.019277	0.7027385	0.53545445	0.5924968	1.0	False	lymph	early	nucleotide_transformer
3454	0.3163228	1.0186146	0.70229185	0.53542936	0.59251416	1.0	False	lymph	early	nucleotide_transformer
1431	0.31642228	1.0189447	0.70252246	0.5354251	0.5925171	1.0	False	lymph	early	nucleotide_transformer
3551	0.3164428	1.019041	0.70259815	0.5354045	0.59253126	1.0	False	lymph	early	nucleotide_transformer
3022	0.3164425	1.0190759	0.7026334	0.5353797	0.59254843	1.0	False	lymph	early	nucleotide_transformer
3825	0.31656557	1.0195322	0.70296663	0.535336	0.59257853	1.0	False	lymph	early	nucleotide_transformer
1228	0.3164057	1.019047	0.7026413	0.53531766	0.5925913	1.0	False	lymph	early	nucleotide_transformer
597	0.31631196	1.0187768	0.7024648	0.5352954	0.59260666	1.0	False	lymph	early	nucleotide_transformer
2545	0.31635988	1.0189774	0.7026175	0.53526413	0.59262824	1.0	False	lymph	early	nucleotide_transformer
2341	0.31664705	1.0199072	0.7032602	0.535255	0.5926347	1.0	False	lymph	early	nucleotide_transformer
1142	0.3167323	1.0201949	0.7034626	0.5352506	0.5926376	1.0	False	lymph	early	nucleotide_transformer
4176	0.31666857	1.0199935	0.703325	0.53524745	0.59263986	1.0	False	lymph	early	nucleotide_transformer
115	0.31638724	1.0191073	0.7027201	0.5352347	0.59264857	1.0	False	lymph	early	nucleotide_transformer
4574	0.31664371	1.0199629	0.7033192	0.5352133	0.5926634	1.0	False	lymph	early	nucleotide_transformer
457	0.31640702	1.0192362	0.7028292	0.5351905	0.5926791	1.0	False	lymph	early	nucleotide_transformer
1403	0.3164454	1.0194219	0.7029765	0.5351444	0.5927111	1.0	False	lymph	early	nucleotide_transformer
4840	0.31657934	1.0199606	0.7033813	0.5350716	0.5927614	1.0	False	lymph	early	nucleotide_transformer
2844	0.3161372	1.0188394	0.70270216	0.53486097	0.592907	1.0	False	lymph	early	nucleotide_transformer
4834	0.3164056	1.019772	0.70336646	0.5348151	0.59293866	1.0	False	lymph	early	nucleotide_transformer
450	0.31620872	1.0192823	0.7030736	0.5347131	0.5930093	1.0	False	lymph	early	nucleotide_transformer
2999	0.3159901	1.018919	0.7029289	0.53448117	0.5931697	1.0	False	lymph	early	nucleotide_transformer
248	0.31589174	1.0186108	0.7027191	0.5344739	0.59317464	1.0	False	lymph	early	nucleotide_transformer
2182	0.3159734	1.0190388	0.7030654	0.53435665	0.59325576	1.0	False	lymph	early	nucleotide_transformer
1905	0.31582832	1.0186191	0.70279074	0.53432715	0.5932761	1.0	False	lymph	early	nucleotide_transformer
558	0.31604207	1.0193124	0.7032703	0.53432214	0.59327966	1.0	False	lymph	early	nucleotide_transformer
2126	0.31615573	1.0196872	0.70353144	0.5343178	0.59328264	1.0	False	lymph	early	nucleotide_transformer
3311	0.31598896	1.0192071	0.70321816	0.53427637	0.59331125	1.0	False	lymph	early	nucleotide_transformer
3294	0.31592214	1.0189904	0.70306826	0.53427607	0.59331137	1.0	False	lymph	early	nucleotide_transformer
3938	0.31592107	1.0189916	0.7030705	0.5342734	0.5933132	1.0	False	lymph	early	nucleotide_transformer
3470	0.3157856	1.0192739	0.7034883	0.5337785	0.59365547	1.0	False	lymph	early	nucleotide_transformer
2609	0.3157097	1.0193272	0.70361745	0.53357327	0.5937976	1.0	False	lymph	early	nucleotide_transformer
4602	0.31561863	1.0191381	0.70351946	0.53350055	0.59384775	1.0	False	lymph	early	nucleotide_transformer
2888	0.31560475	1.019171	0.70356625	0.5334471	0.5938848	1.0	False	lymph	early	nucleotide_transformer
869	0.31565535	1.0197027	0.7040473	0.5331923	0.594061	1.0	False	lymph	early	nucleotide_transformer
3190	0.3155197	1.0194649	0.70394516	0.5330539	0.5941569	1.0	False	lymph	early	nucleotide_transformer
3550	0.4482727	170.05038	169.60211	0.5293768	0.5967754	1.0	False	lymph	early	nucleotide_transformer
2490	0.46546936	185.29321	184.82774	0.5253482	0.5995835	1.0	False	lymph	early	nucleotide_transformer
4291	0.37381184	1.4275522	1.0537404	0.5222425	0.6016633	1.0	False	lymph	early	nucleotide_transformer
3315	0.37378252	1.4274487	1.0536662	0.5222389	0.6016658	1.0	False	lymph	early	nucleotide_transformer
5055	0.37371826	1.4272666	1.0535483	0.52221006	0.6016858	1.0	False	lymph	early	nucleotide_transformer
1458	0.37347686	1.427105	1.0536281	0.5218612	0.60192865	1.0	False	lymph	early	nucleotide_transformer
2693	0.3732853	1.4266862	1.0534009	0.52171636	0.60202944	1.0	False	lymph	early	nucleotide_transformer
1476	0.37322962	1.4265599	1.0533303	0.5216768	0.6020571	1.0	False	lymph	early	nucleotide_transformer
275	0.3732785	1.4268277	1.0535492	0.52164006	0.60208255	1.0	False	lymph	early	nucleotide_transformer
4060	0.3732258	1.4266922	1.0534664	0.5216095	0.6021039	1.0	False	lymph	early	nucleotide_transformer
4772	0.37319553	1.4267286	1.0535331	0.5215399	0.6021523	1.0	False	lymph	early	nucleotide_transformer
1432	0.37313712	1.426519	1.0533819	0.5215334	0.6021568	1.0	False	lymph	early	nucleotide_transformer
1312	0.37311625	1.4265064	1.0533901	0.52150273	0.6021782	1.0	False	lymph	early	nucleotide_transformer
1986	0.37312984	1.426628	1.0534981	0.5214708	0.6022004	1.0	False	lymph	early	nucleotide_transformer
3885	0.3731345	1.426684	1.0535495	0.5214533	0.6022125	1.0	False	lymph	early	nucleotide_transformer
4874	0.37330413	1.4274287	1.0541246	0.52140987	0.6022429	1.0	False	lymph	early	nucleotide_transformer
4779	0.37312734	1.4267851	1.0536578	0.5213949	0.60225326	1.0	False	lymph	early	nucleotide_transformer
3018	0.37301266	1.4263777	1.053365	0.5213798	0.6022636	1.0	False	lymph	early	nucleotide_transformer
351	0.37307715	1.4269662	1.053889	0.5212245	0.60237193	1.0	False	lymph	early	nucleotide_transformer
2700	0.3730873	1.4275969	1.0545096	0.52095056	0.6025626	1.0	False	lymph	early	nucleotide_transformer
306	0.37272263	1.426245	1.0535223	0.5209324	0.60257524	1.0	False	lymph	early	nucleotide_transformer
116	0.37300706	1.4273282	1.0543212	0.52093214	0.6025754	1.0	False	lymph	early	nucleotide_transformer
4199	0.3728112	1.4266119	1.0538007	0.52092016	0.60258377	1.0	False	lymph	early	nucleotide_transformer
2222	0.37280107	1.4266205	1.0538194	0.5208985	0.60259885	1.0	False	lymph	early	nucleotide_transformer
3698	0.37269127	1.4262352	1.0535439	0.52088183	0.60261047	1.0	False	lymph	early	nucleotide_transformer
2078	0.37278807	1.4273723	1.0545843	0.5205293	0.60285604	1.0	False	lymph	early	nucleotide_transformer
4508	0.3724513	1.4264663	1.054015	0.5203568	0.60297626	1.0	False	lymph	early	nucleotide_transformer
868	0.37250376	1.4268174	1.0543137	0.5202847	0.6030264	1.0	False	lymph	early	nucleotide_transformer
2866	0.37241232	1.4265276	1.0541153	0.52026045	0.6030434	1.0	False	lymph	early	nucleotide_transformer
2738	0.37268555	1.4276323	1.0549468	0.5202319	0.60306317	1.0	False	lymph	early	nucleotide_transformer
2723	0.37230527	1.4266068	1.0543015	0.5200331	0.6032017	1.0	False	lymph	early	nucleotide_transformer
90	0.372298	1.4267817	1.0544837	0.51994115	0.6032659	1.0	False	lymph	early	nucleotide_transformer
1796	0.37224138	1.4274563	1.0552149	0.5195351	0.60354877	1.0	False	lymph	early	nucleotide_transformer
3672	0.3711989	1.4274119	1.056213	0.51773	0.6048072	1.0	False	lymph	early	nucleotide_transformer
1829	-0.34043896	0.71303713	1.0534761	-0.51304483	0.60812765	1.0	False	lymph	early	nucleotide_transformer
1635	-0.3405336	0.7134423	1.0539759	-0.51293665	0.60820323	1.0	False	lymph	early	nucleotide_transformer
3979	-0.3404091	0.71342283	1.0538319	-0.51280963	0.60829204	1.0	False	lymph	early	nucleotide_transformer
4378	-0.34026176	0.7132917	1.0535535	-0.5127167	0.6083569	1.0	False	lymph	early	nucleotide_transformer
2992	-0.34017986	0.7133195	1.0534993	-0.5126118	0.6084303	1.0	False	lymph	early	nucleotide_transformer
97	-0.33951807	0.7138257	1.0533438	-0.5116179	0.6091253	1.0	False	lymph	early	nucleotide_transformer
3346	-0.3395025	0.71394545	1.053448	-0.5115384	0.60918087	1.0	False	lymph	early	nucleotide_transformer
325	-0.5225123	1.93844	2.4609523	-0.5107002	0.6097575	1.0	False	lymph	early	nucleotide_transformer
5022	-0.5218762	1.9382674	2.4601436	-0.5102219	0.6100922	1.0	False	lymph	early	nucleotide_transformer
252	-0.5217382	1.9379345	2.4596727	-0.51018435	0.6101185	1.0	False	lymph	early	nucleotide_transformer
4504	-0.52169263	1.9380494	2.459742	-0.51012254	0.61016184	1.0	False	lymph	early	nucleotide_transformer
2321	-0.6014099	156.90094	157.50235	-0.50817055	0.61150366	1.0	False	lymph	early	nucleotide_transformer
1075	-0.4774835	1.6326725	2.110156	-0.5040911	0.6143921	1.0	False	lymph	early	nucleotide_transformer
83	-0.4771875	1.6320528	2.1092403	-0.50399476	0.61445993	1.0	False	lymph	early	nucleotide_transformer
1843	-0.47719336	1.6322289	2.1094222	-0.503952	0.6144898	1.0	False	lymph	early	nucleotide_transformer
1495	-0.47705376	1.631864	2.1089177	-0.5039261	0.6145081	1.0	False	lymph	early	nucleotide_transformer
3512	-0.4772725	1.6327167	2.1099892	-0.5038978	0.6145278	1.0	False	lymph	early	nucleotide_transformer
1500	-0.47706962	1.6320794	2.109149	-0.5038862	0.6145359	1.0	False	lymph	early	nucleotide_transformer
1012	-0.47688997	1.6322111	2.109101	-0.50369763	0.6146685	1.0	False	lymph	early	nucleotide_transformer
2468	-0.4767294	1.6317081	2.1084375	-0.5036858	0.6146768	1.0	False	lymph	early	nucleotide_transformer
4871	-0.47686863	1.6323817	2.1092503	-0.50363654	0.61471134	1.0	False	lymph	early	nucleotide_transformer
539	-0.4765278	1.6313914	2.1079192	-0.503591	0.61474335	1.0	False	lymph	early	nucleotide_transformer
1250	-0.47682273	1.6324245	2.1092472	-0.5035863	0.61474663	1.0	False	lymph	early	nucleotide_transformer
4793	-0.47682464	1.6324309	2.1092556	-0.50358623	0.61474675	1.0	False	lymph	early	nucleotide_transformer
4802	-0.47675836	1.6322087	2.108967	-0.5035843	0.61474806	1.0	False	lymph	early	nucleotide_transformer
153	-0.47679412	1.632352	2.109146	-0.5035796	0.61475134	1.0	False	lymph	early	nucleotide_transformer
1306	-0.4767815	1.6323858	2.1091673	-0.5035601	0.614765	1.0	False	lymph	early	nucleotide_transformer
1550	-0.47666824	1.6320244	2.1086926	-0.5035538	0.61476946	1.0	False	lymph	early	nucleotide_transformer
692	-0.47648168	1.6314447	2.1079264	-0.50353783	0.61478066	1.0	False	lymph	early	nucleotide_transformer
1149	-0.47678673	1.632965	2.1097517	-0.5034178	0.614865	1.0	False	lymph	early	nucleotide_transformer
4332	-0.47627854	1.6312554	2.107534	-0.50340945	0.6148709	1.0	False	lymph	early	nucleotide_transformer
4530	-0.47661877	1.6324723	2.109091	-0.5033981	0.6148789	1.0	False	lymph	early	nucleotide_transformer
3214	-0.47621417	1.6311727	2.1073868	-0.5033775	0.6148934	1.0	False	lymph	early	nucleotide_transformer
3821	-0.47629166	1.6314518	2.1077435	-0.5033722	0.61489713	1.0	False	lymph	early	nucleotide_transformer
899	-0.4763366	1.6316649	2.1080015	-0.5033569	0.61490786	1.0	False	lymph	early	nucleotide_transformer
4389	-0.47667956	1.6330676	2.1097472	-0.50329983	0.6149479	1.0	False	lymph	early	nucleotide_transformer
4535	-0.47661412	1.6328639	2.109478	-0.5032937	0.61495215	1.0	False	lymph	early	nucleotide_transformer
2839	-0.47627616	1.6317272	2.1080034	-0.5032892	0.61495537	1.0	False	lymph	early	nucleotide_transformer
2489	-0.47599816	1.6309199	2.106918	-0.5032547	0.6149796	1.0	False	lymph	early	nucleotide_transformer
4935	-0.4762528	1.6318557	2.1081085	-0.5032372	0.6149918	1.0	False	lymph	early	nucleotide_transformer
162	-0.47620976	1.6320015	2.1082113	-0.5031638	0.6150435	1.0	False	lymph	early	nucleotide_transformer
4615	-0.47640693	1.6330601	2.109467	-0.5030664	0.61511177	1.0	False	lymph	early	nucleotide_transformer
2265	-0.47612584	1.6321617	2.1082876	-0.5030514	0.6151223	1.0	False	lymph	early	nucleotide_transformer
364	-0.47616112	1.6322917	2.1084528	-0.5030488	0.61512405	1.0	False	lymph	early	nucleotide_transformer
340	-0.47593963	1.6315655	2.107505	-0.5030395	0.6151307	1.0	False	lymph	early	nucleotide_transformer
1625	-0.47604322	1.6319335	2.1079767	-0.5030367	0.6151327	1.0	False	lymph	early	nucleotide_transformer
5052	-0.47603297	1.6319582	2.1079912	-0.5030216	0.61514324	1.0	False	lymph	early	nucleotide_transformer
3232	-0.476117	1.6322669	2.108384	-0.5030167	0.6151467	1.0	False	lymph	early	nucleotide_transformer
3710	-0.47598553	1.6318328	2.1078184	-0.5030125	0.6151497	1.0	False	lymph	early	nucleotide_transformer
3209	-0.47606695	1.6324033	2.1084702	-0.50293976	0.6152008	1.0	False	lymph	early	nucleotide_transformer
2855	-0.47581613	1.6317347	2.1075509	-0.5028905	0.61523545	1.0	False	lymph	early	nucleotide_transformer
453	-0.4758103	1.63187	2.1076803	-0.50285167	0.61526275	1.0	False	lymph	early	nucleotide_transformer
1694	-0.47580135	1.6319228	2.1077242	-0.5028309	0.61527723	1.0	False	lymph	early	nucleotide_transformer
1135	-0.47593713	1.6325226	2.1084597	-0.50279784	0.6153005	1.0	False	lymph	early	nucleotide_transformer
3111	-0.47590005	1.6325544	2.1084545	-0.50275785	0.6153286	1.0	False	lymph	early	nucleotide_transformer
3307	-0.47565246	1.6317322	2.1073847	-0.5027528	0.6153322	1.0	False	lymph	early	nucleotide_transformer
253	-0.47561705	1.6318048	2.1074219	-0.5027042	0.61536634	1.0	False	lymph	early	nucleotide_transformer
4224	-0.4754691	1.6313479	2.106817	-0.50269055	0.61537594	1.0	False	lymph	early	nucleotide_transformer
2266	-0.4753809	1.6314054	2.1067863	-0.5026	0.6154395	1.0	False	lymph	early	nucleotide_transformer
2027	-0.4753579	1.6314164	2.1067743	-0.5025773	0.61545557	1.0	False	lymph	early	nucleotide_transformer
4340	-0.47520375	1.632843	2.1080468	-0.50208414	0.61580205	1.0	False	lymph	early	nucleotide_transformer
1834	-0.47523665	1.6329596	2.1081963	-0.50208354	0.61580247	1.0	False	lymph	early	nucleotide_transformer
391	-0.38646305	1.0197319	1.4061949	-0.50152934	0.61619675	1.0	False	lymph	early	nucleotide_transformer
5016	-0.3868004	1.0206927	1.4074931	-0.50149965	0.6162175	1.0	False	lymph	early	nucleotide_transformer
3326	-0.38655663	1.020314	1.4068706	-0.50140214	0.616286	1.0	False	lymph	early	nucleotide_transformer
1620	-0.3862325	1.0194982	1.4057307	-0.5013856	0.6162976	1.0	False	lymph	early	nucleotide_transformer
2478	-0.38649487	1.0202725	1.4067674	-0.50135565	0.61631876	1.0	False	lymph	early	nucleotide_transformer
1603	-0.3864851	1.0206134	1.4070985	-0.5012175	0.61641574	1.0	False	lymph	early	nucleotide_transformer
2365	-0.38634253	1.0202392	1.4065818	-0.5012161	0.6164168	1.0	False	lymph	early	nucleotide_transformer
2859	-0.3860587	1.020061	1.4061197	-0.50099826	0.61657	1.0	False	lymph	early	nucleotide_transformer
1229	-0.3859316	1.0198534	1.405785	-0.5009484	0.61660504	1.0	False	lymph	early	nucleotide_transformer
3330	-0.38595033	1.0199587	1.4059091	-0.5009277	0.6166196	1.0	False	lymph	early	nucleotide_transformer
3602	-0.3858924	1.0198494	1.4057418	-0.50091106	0.6166314	1.0	False	lymph	early	nucleotide_transformer
12	-0.38555896	1.0191405	1.4046994	-0.50084436	0.6166783	1.0	False	lymph	early	nucleotide_transformer
3102	-0.38580513	1.0198044	1.4056095	-0.5008403	0.61668104	1.0	False	lymph	early	nucleotide_transformer
5078	-0.38575673	1.0197046	1.4054613	-0.5008293	0.6166889	1.0	False	lymph	early	nucleotide_transformer
4869	-0.3858055	1.0198463	1.4056518	-0.50082475	0.616692	1.0	False	lymph	early	nucleotide_transformer
3163	-0.38575053	1.0197622	1.4055127	-0.5008013	0.61670846	1.0	False	lymph	early	nucleotide_transformer
1795	-0.3856238	1.0194962	1.40512	-0.5007772	0.61672544	1.0	False	lymph	early	nucleotide_transformer
1205	-0.38574302	1.0198379	1.4055809	-0.5007651	0.6167339	1.0	False	lymph	early	nucleotide_transformer
2552	-0.43263555	1.3262936	1.7589291	-0.5007559	0.61673796	1.0	False	lymph	early	nucleotide_transformer
4733	-0.3856324	1.0195748	1.4052072	-0.5007563	0.6167401	1.0	False	lymph	early	nucleotide_transformer
1062	-0.38571107	1.019776	1.4054871	-0.5007564	0.6167401	1.0	False	lymph	early	nucleotide_transformer
3852	-0.3857571	1.019967	1.405724	-0.5007306	0.61675835	1.0	False	lymph	early	nucleotide_transformer
2423	-0.38553202	1.0194027	1.4049348	-0.5007201	0.6167656	1.0	False	lymph	early	nucleotide_transformer
877	-0.3857149	1.0199031	1.405618	-0.5007123	0.61677116	1.0	False	lymph	early	nucleotide_transformer
4295	-0.38547325	1.0193762	1.4048494	-0.50067097	0.6168003	1.0	False	lymph	early	nucleotide_transformer
4759	-0.3857187	1.0200695	1.4057882	-0.50065345	0.6168126	1.0	False	lymph	early	nucleotide_transformer
3156	-0.38554406	1.019637	1.405181	-0.50064147	0.61682093	1.0	False	lymph	early	nucleotide_transformer
3006	-0.3853948	1.0193388	1.4047337	-0.5006067	0.6168455	1.0	False	lymph	early	nucleotide_transformer
906	-0.3855772	1.0198525	1.4054297	-0.5005925	0.61685544	1.0	False	lymph	early	nucleotide_transformer
525	-0.38549674	1.0197344	1.4052311	-0.5005562	0.616881	1.0	False	lymph	early	nucleotide_transformer
4417	-0.38577414	1.0206215	1.4063957	-0.50050074	0.61691993	1.0	False	lymph	early	nucleotide_transformer
4722	-0.38527548	1.0193015	1.404577	-0.5004982	0.61692184	1.0	False	lymph	early	nucleotide_transformer
4102	-0.3856833	1.0204241	1.4061074	-0.5004838	0.6169318	1.0	False	lymph	early	nucleotide_transformer
1996	-0.3855009	1.0199797	1.4054806	-0.5004678	0.6169431	1.0	False	lymph	early	nucleotide_transformer
3148	-0.38520122	1.0192221	1.4044234	-0.5004582	0.61694986	1.0	False	lymph	early	nucleotide_transformer
336	-0.3851931	1.0194732	1.4046663	-0.50035	0.61702585	1.0	False	lymph	early	nucleotide_transformer
2979	-0.3852023	1.0196279	1.4048302	-0.50030106	0.61706036	1.0	False	lymph	early	nucleotide_transformer
4932	-0.43211436	1.3262233	1.7583376	-0.5002952	0.6170621	1.0	False	lymph	early	nucleotide_transformer
4987	-0.38509548	1.0193987	1.4044942	-0.50028443	0.617072	1.0	False	lymph	early	nucleotide_transformer
3240	-0.38536966	1.0201252	1.4054948	-0.50028145	0.61707425	1.0	False	lymph	early	nucleotide_transformer
2746	-0.43207836	1.3262293	1.7583077	-0.50025934	0.6170873	1.0	False	lymph	early	nucleotide_transformer
1730	-0.38515913	1.0197904	1.4049495	-0.50019634	0.617134	1.0	False	lymph	early	nucleotide_transformer
4358	-0.38507223	1.0195962	1.4046685	-0.50018436	0.61714244	1.0	False	lymph	early	nucleotide_transformer
4830	-0.43204582	1.3264166	1.7584624	-0.50017303	0.6171479	1.0	False	lymph	early	nucleotide_transformer
1110	-0.38532388	1.0203003	1.4056242	-0.50016904	0.61715335	1.0	False	lymph	early	nucleotide_transformer
3298	-0.3850217	1.0195524	1.404574	-0.50014746	0.6171684	1.0	False	lymph	early	nucleotide_transformer
2059	-0.43186903	1.3260119	1.7578809	-0.50013095	0.6171776	1.0	False	lymph	early	nucleotide_transformer
2055	-0.38494265	1.0194129	1.4043555	-0.5001229	0.61718583	1.0	False	lymph	early	nucleotide_transformer
3638	-0.38519573	1.0201122	1.4053079	-0.50011104	0.61719406	1.0	False	lymph	early	nucleotide_transformer
4714	-0.38529384	1.0204059	1.4056997	-0.50009847	0.617203	1.0	False	lymph	early	nucleotide_transformer
3257	-0.38505316	1.0198961	1.4049493	-0.50005156	0.61723596	1.0	False	lymph	early	nucleotide_transformer
2540	-0.38517272	1.0202132	1.405386	-0.5000499	0.6172371	1.0	False	lymph	early	nucleotide_transformer
3105	-0.38505042	1.0199213	1.4049717	-0.50003743	0.6172459	1.0	False	lymph	early	nucleotide_transformer
610	-0.38488805	1.0195913	1.4044794	-0.5000029	0.6172702	1.0	False	lymph	early	nucleotide_transformer
4536	-0.38505328	1.0200386	1.4050919	-0.49999815	0.61727357	1.0	False	lymph	early	nucleotide_transformer
4996	-0.3851744	1.0203685	1.4055429	-0.49999222	0.61727774	1.0	False	lymph	early	nucleotide_transformer
1628	-0.38501227	1.0199537	1.404966	-0.4999869	0.61728144	1.0	False	lymph	early	nucleotide_transformer
1466	-0.38530445	1.0207881	1.4060925	-0.4999656	0.6172964	1.0	False	lymph	early	nucleotide_transformer
1699	-0.385085	1.0202979	1.4053829	-0.49992907	0.6173221	1.0	False	lymph	early	nucleotide_transformer
1132	-0.4313141	1.3250285	1.7563426	-0.49991596	0.61732894	1.0	False	lymph	early	nucleotide_transformer
4606	-0.38472164	1.0193805	1.4041021	-0.4999124	0.6173339	1.0	False	lymph	early	nucleotide_transformer
4012	-0.38501835	1.0201901	1.4052085	-0.4999031	0.6173403	1.0	False	lymph	early	nucleotide_transformer
3338	-0.38480616	1.0196533	1.4044595	-0.49989486	0.6173461	1.0	False	lymph	early	nucleotide_transformer
268	-0.38502932	1.0202713	1.4053006	-0.49988303	0.6173545	1.0	False	lymph	early	nucleotide_transformer
2853	-0.43122315	1.324925	1.7561481	-0.4998624	0.6173666	1.0	False	lymph	early	nucleotide_transformer
963	-0.38480723	1.0197338	1.404541	-0.49986547	0.61736673	1.0	False	lymph	early	nucleotide_transformer
1705	-0.38484526	1.019842	1.4046873	-0.49986073	0.61737007	1.0	False	lymph	early	nucleotide_transformer
2541	-0.38515508	1.0207608	1.4059159	-0.49982566	0.61739486	1.0	False	lymph	early	nucleotide_transformer
3892	-0.43117702	1.3249487	1.7561257	-0.49981323	0.6174012	1.0	False	lymph	early	nucleotide_transformer
2736	-0.43155003	1.3261671	1.7577171	-0.4997927	0.61741567	1.0	False	lymph	early	nucleotide_transformer
4476	-0.43128884	1.3254023	1.7566911	-0.4997805	0.61742425	1.0	False	lymph	early	nucleotide_transformer
1472	-0.4314463	1.3259525	1.7573988	-0.49976057	0.61743826	1.0	False	lymph	early	nucleotide_transformer
2669	-0.43136144	1.3259786	1.7573401	-0.49967405	0.6174992	1.0	False	lymph	early	nucleotide_transformer
2488	-0.43121076	1.3255318	1.7567426	-0.4996693	0.61750245	1.0	False	lymph	early	nucleotide_transformer
2232	-0.3845048	1.0194609	1.4039657	-0.49966353	0.61750895	1.0	False	lymph	early	nucleotide_transformer
1327	-0.4310869	1.3251833	1.7562702	-0.49965835	0.61751014	1.0	False	lymph	early	nucleotide_transformer
3811	-0.43118954	1.3255448	1.7567344	-0.49964568	0.6175191	1.0	False	lymph	early	nucleotide_transformer
2710	-0.43111753	1.325387	1.7565045	-0.49962598	0.6175328	1.0	False	lymph	early	nucleotide_transformer
3265	-0.4314462	1.3264086	1.7578548	-0.4996207	0.61753666	1.0	False	lymph	early	nucleotide_transformer
1066	-0.43112266	1.3254523	1.756575	-0.49961126	0.6175433	1.0	False	lymph	early	nucleotide_transformer
778	-0.43134594	1.3264036	1.7577496	-0.49953282	0.6175985	1.0	False	lymph	early	nucleotide_transformer
3601	-0.4313078	1.3263443	1.757652	-0.4995151	0.6176109	1.0	False	lymph	early	nucleotide_transformer
505	-0.43112648	1.3259633	1.7570897	-0.49946138	0.6176488	1.0	False	lymph	early	nucleotide_transformer
1885	-0.43123126	1.3264073	1.7576386	-0.49942562	0.61767393	1.0	False	lymph	early	nucleotide_transformer
4572	-0.43119	1.3263087	1.7574987	-0.4994168	0.61768013	1.0	False	lymph	early	nucleotide_transformer
4128	-0.4309591	1.3257433	1.7567024	-0.4993727	0.6177112	1.0	False	lymph	early	nucleotide_transformer
2814	-0.4310577	1.326217	1.7572747	-0.49932122	0.6177474	1.0	False	lymph	early	nucleotide_transformer
2498	-0.43086743	1.3258328	1.7567003	-0.4992601	0.6177905	1.0	False	lymph	early	nucleotide_transformer
2048	-0.43081343	1.3257929	1.7566063	-0.4992227	0.61781687	1.0	False	lymph	early	nucleotide_transformer
4800	-0.43077457	1.32571	1.7564846	-0.49921137	0.61782473	1.0	False	lymph	early	nucleotide_transformer
1584	-0.430938	1.326273	1.757211	-0.49919447	0.61783665	1.0	False	lymph	early	nucleotide_transformer
3011	-0.43058538	1.3251826	1.755768	-0.49919373	0.6178372	1.0	False	lymph	early	nucleotide_transformer
2130	-0.43069446	1.3255589	1.7562534	-0.49918178	0.61784565	1.0	False	lymph	early	nucleotide_transformer
4473	-0.43080437	1.3259162	1.7567205	-0.49917647	0.6178494	1.0	False	lymph	early	nucleotide_transformer
972	-0.43067086	1.3258084	1.7564793	-0.49908578	0.6179132	1.0	False	lymph	early	nucleotide_transformer
4013	-0.43071866	1.3261017	1.7568203	-0.49904168	0.6179441	1.0	False	lymph	early	nucleotide_transformer
2150	-0.43074763	1.3262335	1.7569811	-0.4990294	0.6179529	1.0	False	lymph	early	nucleotide_transformer
159	-0.43057454	1.3258709	1.7564454	-0.49897698	0.6179897	1.0	False	lymph	early	nucleotide_transformer
4931	-0.4306246	1.3260323	1.7566569	-0.49897504	0.6179911	1.0	False	lymph	early	nucleotide_transformer
1747	-0.43062878	1.3261383	1.756767	-0.49894762	0.61801046	1.0	False	lymph	early	nucleotide_transformer
2324	-0.43059635	1.3260634	1.7566597	-0.49893954	0.61801606	1.0	False	lymph	early	nucleotide_transformer
1008	-0.43067825	1.3264993	1.7571776	-0.49888593	0.6180538	1.0	False	lymph	early	nucleotide_transformer
3546	-0.43071854	1.3267394	1.757458	-0.49885088	0.6180785	1.0	False	lymph	early	nucleotide_transformer
596	-0.43059754	1.3264221	1.7570196	-0.49883407	0.6180903	1.0	False	lymph	early	nucleotide_transformer
4058	-0.43053985	1.3262676	1.7568074	-0.49882638	0.61809564	1.0	False	lymph	early	nucleotide_transformer
2835	-0.43036902	1.3258914	1.7562604	-0.4987798	0.61812854	1.0	False	lymph	early	nucleotide_transformer
3635	-0.43058836	1.3265812	1.7571696	-0.4987779	0.61812985	1.0	False	lymph	early	nucleotide_transformer
348	-0.4305967	1.3267019	1.7572986	-0.49874902	0.61815023	1.0	False	lymph	early	nucleotide_transformer
4103	-0.4303397	1.3259879	1.7563276	-0.49872395	0.6181678	1.0	False	lymph	early	nucleotide_transformer
2375	-0.43046057	1.3264174	1.756878	-0.49870837	0.6181789	1.0	False	lymph	early	nucleotide_transformer
3185	-0.43058586	1.327116	1.7577019	-0.49861553	0.6182443	1.0	False	lymph	early	nucleotide_transformer
4357	-0.4301896	1.3259215	1.7561111	-0.49860522	0.6182515	1.0	False	lymph	early	nucleotide_transformer
3286	-0.4301808	1.325993	1.7561737	-0.498575	0.6182728	1.0	False	lymph	early	nucleotide_transformer
4741	-0.43013406	1.3258569	1.755991	-0.4985729	0.6182742	1.0	False	lymph	early	nucleotide_transformer
2941	-0.43032885	1.3265212	1.75685	-0.49855542	0.6182865	1.0	False	lymph	early	nucleotide_transformer
1036	-0.43012035	1.3258779	1.7559983	-0.49855396	0.61828756	1.0	False	lymph	early	nucleotide_transformer
765	-0.43008018	1.3259671	1.7560472	-0.49849173	0.61833143	1.0	False	lymph	early	nucleotide_transformer
130	-0.430259	1.326643	1.756902	-0.49845397	0.6183579	1.0	False	lymph	early	nucleotide_transformer
2761	-0.42989612	1.3264328	1.7563289	-0.49817967	0.6185511	1.0	False	lymph	early	nucleotide_transformer
2872	-0.42962897	1.3259828	1.7556118	-0.49806622	0.61863106	1.0	False	lymph	early	nucleotide_transformer
3457	-0.42949295	1.3265305	1.7560234	-0.49777707	0.61883473	1.0	False	lymph	early	nucleotide_transformer
271	-1.1031342	137.43173	138.53487	-0.46678507	0.6408067	1.0	False	lymph	early	nucleotide_transformer
1727	1.4987183	123.606514	122.107796	0.43732485	0.6620308	1.0	False	lymph	early	nucleotide_transformer
664	-0.65992737	169.629	170.28893	-0.42071068	0.6741103	1.0	False	lymph	early	nucleotide_transformer
3534	-0.42090344	2.040438	2.4613414	-0.40936452	0.68242234	1.0	False	lymph	early	nucleotide_transformer
475	-0.42068672	2.040289	2.4609756	-0.40920836	0.68253684	1.0	False	lymph	early	nucleotide_transformer
2955	0.32772171	1.732955	1.4052333	0.40207106	0.6877574	1.0	False	lymph	early	nucleotide_transformer
1697	-0.37628257	1.7342921	2.1105747	-0.39497653	0.6930049	1.0	False	lymph	early	nucleotide_transformer
3535	-0.3763448	1.7346779	2.1110227	-0.3949569	0.69301945	1.0	False	lymph	early	nucleotide_transformer
648	-0.37583172	1.734526	2.1103578	-0.39452466	0.69333833	1.0	False	lymph	early	nucleotide_transformer
3095	-0.3754499	1.7337291	2.109179	-0.3943381	0.69347596	1.0	False	lymph	early	nucleotide_transformer
2911	-0.37540543	1.7336713	2.1090767	-0.3943091	0.6934973	1.0	False	lymph	early	nucleotide_transformer
1623	-0.37550318	1.7342101	2.1097133	-0.39429092	0.6935108	1.0	False	lymph	early	nucleotide_transformer
3920	-0.37538886	1.7338586	2.1092474	-0.39425787	0.69353515	1.0	False	lymph	early	nucleotide_transformer
732	-0.37542367	1.7346404	2.110064	-0.3941351	0.69362575	1.0	False	lymph	early	nucleotide_transformer
775	-0.37497842	1.7335151	2.1084936	-0.39395475	0.69375867	1.0	False	lymph	early	nucleotide_transformer
1797	-0.37496698	1.7336737	2.1086407	-0.39391398	0.69378877	1.0	False	lymph	early	nucleotide_transformer
4048	-0.37495124	1.7336184	2.1085696	-0.3939106	0.69379133	1.0	False	lymph	early	nucleotide_transformer
4910	-0.37490427	1.7340053	2.1089096	-0.39379317	0.69387794	1.0	False	lymph	early	nucleotide_transformer
3531	-0.3750316	1.7347962	2.1098278	-0.39375243	0.6939081	1.0	False	lymph	early	nucleotide_transformer
4261	-0.37478352	1.7336631	2.1084466	-0.3937508	0.69390935	1.0	False	lymph	early	nucleotide_transformer
2063	-0.37493217	1.7345511	2.1094832	-0.3937104	0.6939391	1.0	False	lymph	early	nucleotide_transformer
1597	-0.37488544	1.7344016	2.109287	-0.39369935	0.69394726	1.0	False	lymph	early	nucleotide_transformer
1552	-0.37456846	1.7336078	2.1081762	-0.39356723	0.69404477	1.0	False	lymph	early	nucleotide_transformer
1963	-0.37461197	1.7339259	2.108538	-0.39354527	0.6940609	1.0	False	lymph	early	nucleotide_transformer
295	-0.37459373	1.7338586	2.1084523	-0.3935418	0.6940635	1.0	False	lymph	early	nucleotide_transformer
4121	-0.37459183	1.7342782	2.10887	-0.39345902	0.69412446	1.0	False	lymph	early	nucleotide_transformer
4234	-0.3742833	1.7334411	2.1077244	-0.3933426	0.69421047	1.0	False	lymph	early	nucleotide_transformer
349	-0.3743465	1.7341685	2.108515	-0.39325938	0.6942719	1.0	False	lymph	early	nucleotide_transformer
2825	-0.37430692	1.7341504	2.1084573	-0.39322713	0.69429564	1.0	False	lymph	early	nucleotide_transformer
3341	-0.3742789	1.7342755	2.1085544	-0.39317793	0.694332	1.0	False	lymph	early	nucleotide_transformer
4913	-0.37423742	1.7342755	2.1085129	-0.3931405	0.6943597	1.0	False	lymph	early	nucleotide_transformer
3830	-0.37404382	1.733595	2.1076388	-0.39309725	0.69439167	1.0	False	lymph	early	nucleotide_transformer
1441	-0.3739879	1.7335987	2.1075866	-0.39304614	0.6944292	1.0	False	lymph	early	nucleotide_transformer
1207	-0.3738953	1.7332531	2.1071484	-0.39303133	0.6944402	1.0	False	lymph	early	nucleotide_transformer
1691	-0.37413025	1.7344406	2.1085708	-0.39301163	0.6944547	1.0	False	lymph	early	nucleotide_transformer
2412	-0.37405598	1.7343336	2.1083896	-0.39296514	0.69448906	1.0	False	lymph	early	nucleotide_transformer
1470	-0.37402427	1.734213	2.1082373	-0.39296025	0.69449276	1.0	False	lymph	early	nucleotide_transformer
2767	-0.1481911	0.2035219	0.351713	-0.3899818	0.69670945	1.0	False	lymph	early	nucleotide_transformer
3509	-0.14824826	0.20361188	0.35186014	-0.3899676	0.6967199	1.0	False	lymph	early	nucleotide_transformer
806	-0.14803411	0.20347543	0.35150954	-0.38977432	0.6968628	1.0	False	lymph	early	nucleotide_transformer
3988	-0.1479798	0.20348677	0.35146657	-0.38966894	0.69694066	1.0	False	lymph	early	nucleotide_transformer
2276	-0.14798039	0.2036061	0.3515865	-0.3895241	0.6970477	1.0	False	lymph	early	nucleotide_transformer
1145	-0.14795117	0.20367469	0.35162586	-0.38939103	0.69714594	1.0	False	lymph	early	nucleotide_transformer
832	-0.14773129	0.20342125	0.35115254	-0.38932988	0.6971911	1.0	False	lymph	early	nucleotide_transformer
1639	-0.14769016	0.20354973	0.3512399	-0.38910344	0.6973585	1.0	False	lymph	early	nucleotide_transformer
1045	-0.14755464	0.20347273	0.35102737	-0.38896856	0.6974581	1.0	False	lymph	early	nucleotide_transformer
2964	-0.1475957	0.20355138	0.3511471	-0.38894188	0.697478	1.0	False	lymph	early	nucleotide_transformer
4216	-0.14738244	0.20345348	0.35083592	-0.388701	0.6976559	1.0	False	lymph	early	nucleotide_transformer
1242	-0.14742059	0.20358336	0.35100394	-0.3886073	0.6977252	1.0	False	lymph	early	nucleotide_transformer
506	-0.1473377	0.20348018	0.3508179	-0.38859266	0.69773597	1.0	False	lymph	early	nucleotide_transformer
1106	-0.14732844	0.2034935	0.35082194	-0.3885609	0.6977595	1.0	False	lymph	early	nucleotide_transformer
4661	-0.14734116	0.20352003	0.3508612	-0.3885498	0.69776773	1.0	False	lymph	early	nucleotide_transformer
2560	-0.1473209	0.20354676	0.35086766	-0.38848293	0.69781715	1.0	False	lymph	early	nucleotide_transformer
1267	-0.14730678	0.20355888	0.35086566	-0.38844463	0.6978456	1.0	False	lymph	early	nucleotide_transformer
1356	-0.14729267	0.20354027	0.35083294	-0.3884432	0.6978466	1.0	False	lymph	early	nucleotide_transformer
3845	-0.14732748	0.20365798	0.35098547	-0.3883586	0.69790906	1.0	False	lymph	early	nucleotide_transformer
2388	-0.1472685	0.2036052	0.3508737	-0.3883235	0.69793504	1.0	False	lymph	early	nucleotide_transformer
2500	-0.14724302	0.20363414	0.35087717	-0.38824484	0.6979932	1.0	False	lymph	early	nucleotide_transformer
2026	-0.1472314	0.2036609	0.3508923	-0.3881926	0.69803184	1.0	False	lymph	early	nucleotide_transformer
2822	-0.14735195	0.20395467	0.35130662	-0.38803872	0.69814557	1.0	False	lymph	early	nucleotide_transformer
2502	-0.1472067	0.2038135	0.3510202	-0.3879648	0.6982002	1.0	False	lymph	early	nucleotide_transformer
1156	-0.14719406	0.20381814	0.3510122	-0.38793775	0.69822025	1.0	False	lymph	early	nucleotide_transformer
1016	-0.14714688	0.20376545	0.35091233	-0.3879221	0.6982318	1.0	False	lymph	early	nucleotide_transformer
1054	-0.14724587	0.20393379	0.35117966	-0.38788486	0.6982594	1.0	False	lymph	early	nucleotide_transformer
2094	-0.1471521	0.20382091	0.350973	-0.38786337	0.6982753	1.0	False	lymph	early	nucleotide_transformer
3152	-0.14724495	0.20397116	0.3512161	-0.3878378	0.69829416	1.0	False	lymph	early	nucleotide_transformer
3815	-0.14717692	0.20389435	0.35107127	-0.38781625	0.6983101	1.0	False	lymph	early	nucleotide_transformer
3453	-0.14701776	0.20402731	0.35104507	-0.38738507	0.698629	1.0	False	lymph	early	nucleotide_transformer
683	-0.14697224	0.20404133	0.35101357	-0.38729075	0.69869876	1.0	False	lymph	early	nucleotide_transformer
2961	-0.14693867	0.20400466	0.35094333	-0.38727847	0.6987078	1.0	False	lymph	early	nucleotide_transformer
4203	-0.14683652	0.20396817	0.3508047	-0.38715002	0.69880295	1.0	False	lymph	early	nucleotide_transformer
1420	-0.14686036	0.2040106	0.35087097	-0.38713887	0.6988112	1.0	False	lymph	early	nucleotide_transformer
4747	-0.14655815	0.20455308	0.35111123	-0.38596764	0.69967777	1.0	False	lymph	early	nucleotide_transformer
4773	-0.14650926	0.20452386	0.35103312	-0.3859203	0.6997127	1.0	False	lymph	early	nucleotide_transformer
2140	-0.14651372	0.20456792	0.35108164	-0.38587433	0.6997468	1.0	False	lymph	early	nucleotide_transformer
205	-0.14644386	0.20452039	0.35096425	-0.38581365	0.69979155	1.0	False	lymph	early	nucleotide_transformer
1765	-0.14642951	0.20458308	0.3510126	-0.3857133	0.6998659	1.0	False	lymph	early	nucleotide_transformer
3781	0.27218974	1.325141	1.0529512	0.38435414	0.7008343	1.0	False	lymph	early	nucleotide_transformer
2015	0.27200663	1.3255475	1.0535408	0.3839077	0.701165	1.0	False	lymph	early	nucleotide_transformer
1397	0.27193737	1.3252873	1.05335	0.38388062	0.701185	1.0	False	lymph	early	nucleotide_transformer
3241	0.2717837	1.3250297	1.053246	0.3837115	0.70131034	1.0	False	lymph	early	nucleotide_transformer
4578	0.2716998	1.3246561	1.0529563	0.38369852	0.70131993	1.0	False	lymph	early	nucleotide_transformer
1615	0.2717327	1.3248533	1.0531206	0.38368613	0.7013292	1.0	False	lymph	early	nucleotide_transformer
2833	0.2717055	1.3247669	1.0530614	0.3836701	0.70134103	1.0	False	lymph	early	nucleotide_transformer
1759	0.27162647	1.3246633	1.0530368	0.38357306	0.7014129	1.0	False	lymph	early	nucleotide_transformer
799	0.27171004	1.3251188	1.0534087	0.38355708	0.7014248	1.0	False	lymph	early	nucleotide_transformer
920	0.27165353	1.3248439	1.0531904	0.38355663	0.7014251	1.0	False	lymph	early	nucleotide_transformer
2929	0.27166796	1.3249367	1.0532688	0.38354906	0.7014308	1.0	False	lymph	early	nucleotide_transformer
3729	0.27168965	1.3250495	1.0533599	0.383547	0.70143235	1.0	False	lymph	early	nucleotide_transformer
4732	0.2715888	1.3246243	1.0530355	0.38352326	0.7014499	1.0	False	lymph	early	nucleotide_transformer
3103	0.27179515	1.3257201	1.0539249	0.383494	0.70147157	1.0	False	lymph	early	nucleotide_transformer
3200	0.27170968	1.3253933	1.0536836	0.3834626	0.7014948	1.0	False	lymph	early	nucleotide_transformer
2956	0.27159905	1.3249699	1.0533708	0.3834222	0.70152473	1.0	False	lymph	early	nucleotide_transformer
905	0.27159917	1.3252563	1.0536572	0.3833242	0.7015974	1.0	False	lymph	early	nucleotide_transformer
402	0.27147794	1.3247976	1.0533197	0.3832778	0.7016317	1.0	False	lymph	early	nucleotide_transformer
1491	0.27153683	1.3251061	1.0535693	0.3832709	0.70163697	1.0	False	lymph	early	nucleotide_transformer
269	0.2714187	1.3247643	1.0533456	0.38319004	0.7016969	1.0	False	lymph	early	nucleotide_transformer
3909	0.2716236	1.3257846	1.054161	0.3831839	0.7017014	1.0	False	lymph	early	nucleotide_transformer
4211	0.271505	1.3252522	1.0537472	0.38316748	0.7017135	1.0	False	lymph	early	nucleotide_transformer
3017	0.27146566	1.3252643	1.0537987	0.38309738	0.7017654	1.0	False	lymph	early	nucleotide_transformer
5009	0.2713691	1.3247937	1.0534246	0.38309667	0.70176595	1.0	False	lymph	early	nucleotide_transformer
2244	0.2713703	1.324899	1.0535287	0.3830628	0.7017911	1.0	False	lymph	early	nucleotide_transformer
4919	0.27137816	1.3250532	1.053675	0.38302347	0.7018203	1.0	False	lymph	early	nucleotide_transformer
3484	0.2712829	1.3246722	1.0533893	0.3829939	0.7018421	1.0	False	lymph	early	nucleotide_transformer
3986	0.27125227	1.3247241	1.0534718	0.38292462	0.70189345	1.0	False	lymph	early	nucleotide_transformer
619	0.27145672	1.3258119	1.0543551	0.38289297	0.7019169	1.0	False	lymph	early	nucleotide_transformer
495	0.2710824	1.3246145	1.0535321	0.3826774	0.70207673	1.0	False	lymph	early	nucleotide_transformer
752	0.27108216	1.3247054	1.0536232	0.382646	0.7021001	1.0	False	lymph	early	nucleotide_transformer
3834	0.27109098	1.3247488	1.0536578	0.38264588	0.7021002	1.0	False	lymph	early	nucleotide_transformer
4217	0.2710774	1.3249362	1.0538588	0.3825589	0.7021646	1.0	False	lymph	early	nucleotide_transformer
830	0.27124023	1.3259782	1.0547379	0.38247207	0.70222896	1.0	False	lymph	early	nucleotide_transformer
3211	0.2711234	1.3254392	1.0543158	0.3824609	0.70223725	1.0	False	lymph	early	nucleotide_transformer
2730	0.270954	1.3252177	1.0542637	0.38225332	0.70239127	1.0	False	lymph	early	nucleotide_transformer
783	0.27073765	1.3246994	1.0539618	0.38207036	0.70252675	1.0	False	lymph	early	nucleotide_transformer
2661	0.27077067	1.325377	1.0546063	0.38189206	0.702659	1.0	False	lymph	early	nucleotide_transformer
1557	0.27060032	1.3247036	1.0541033	0.3818391	0.70269823	1.0	False	lymph	early	nucleotide_transformer
4893	0.2705822	1.3247691	1.0541869	0.38178635	0.7027373	1.0	False	lymph	early	nucleotide_transformer
3564	0.15965915	0.5105196	0.35086048	0.38157928	0.70288277	1.0	False	lymph	early	nucleotide_transformer
3917	0.27057874	1.3255451	1.0549663	0.38151306	0.70294005	1.0	False	lymph	early	nucleotide_transformer
1001	0.2703209	1.3248218	1.0545009	0.38132742	0.7030778	1.0	False	lymph	early	nucleotide_transformer
480	0.15970573	0.5110276	0.35132185	0.3812271	0.7031439	1.0	False	lymph	early	nucleotide_transformer
4120	0.15962836	0.51097566	0.3513473	0.38103446	0.70328677	1.0	False	lymph	early	nucleotide_transformer
531	0.27021742	1.3254675	1.05525	0.38093492	0.7033688	1.0	False	lymph	early	nucleotide_transformer
3390	0.270298	1.3260555	1.0557575	0.38086927	0.7034176	1.0	False	lymph	early	nucleotide_transformer
3901	0.15940115	0.5106665	0.35126534	0.3806225	0.7035925	1.0	False	lymph	early	nucleotide_transformer
61	0.1592193	0.5100977	0.3508784	0.3806076	0.7036035	1.0	False	lymph	early	nucleotide_transformer
106	0.15916994	0.5100325	0.35086253	0.38051593	0.7036716	1.0	False	lymph	early	nucleotide_transformer
3069	0.15915114	0.51005155	0.3509004	0.38043812	0.7037293	1.0	False	lymph	early	nucleotide_transformer
4780	0.15917563	0.51013726	0.35096163	0.3804313	0.70373434	1.0	False	lymph	early	nucleotide_transformer
1921	0.26994288	1.3256391	1.0556962	0.38041723	0.7037528	1.0	False	lymph	early	nucleotide_transformer
4161	0.1590929	0.5099407	0.35084778	0.38036343	0.7037846	1.0	False	lymph	early	nucleotide_transformer
940	0.15907443	0.50999826	0.35092384	0.38024852	0.70387	1.0	False	lymph	early	nucleotide_transformer
2996	0.15901333	0.50991076	0.35089743	0.3801421	0.7039489	1.0	False	lymph	early	nucleotide_transformer
337	0.1589126	0.50972843	0.35081583	0.3800029	0.70405227	1.0	False	lymph	early	nucleotide_transformer
849	-0.3303404	1.4277791	1.7581195	-0.37993458	0.7041333	1.0	False	lymph	early	nucleotide_transformer
2081	-0.33020866	1.4277596	1.7579683	-0.37981108	0.7042248	1.0	False	lymph	early	nucleotide_transformer
3859	0.26959753	1.325822	1.0562245	0.37977526	0.70422924	1.0	False	lymph	early	nucleotide_transformer
242	-0.33028054	1.4283705	1.758651	-0.37974325	0.7042752	1.0	False	lymph	early	nucleotide_transformer
59	-0.33000946	1.4276067	1.7576162	-0.3796535	0.70434177	1.0	False	lymph	early	nucleotide_transformer
3803	-0.33018625	1.4284556	1.7586418	-0.3796321	0.70435756	1.0	False	lymph	early	nucleotide_transformer
2189	0.26945364	1.3256956	1.056242	0.37957758	0.70437586	1.0	False	lymph	early	nucleotide_transformer
3425	0.15870777	0.5095239	0.35081616	0.37955928	0.7043814	1.0	False	lymph	early	nucleotide_transformer
360	-0.32998943	1.4280406	1.75803	-0.3795331	0.70443106	1.0	False	lymph	early	nucleotide_transformer
2230	0.15882796	0.5099877	0.35115975	0.37948272	0.70443827	1.0	False	lymph	early	nucleotide_transformer
2070	0.2693993	1.3257527	1.0563534	0.3794675	0.7044576	1.0	False	lymph	early	nucleotide_transformer
49	0.1586689	0.5095404	0.35087147	0.37942067	0.70448434	1.0	False	lymph	early	nucleotide_transformer
445	-0.32993305	1.4281359	1.7580689	-0.37945676	0.70448774	1.0	False	lymph	early	nucleotide_transformer
626	0.15869209	0.50962085	0.35092875	0.37941486	0.7044885	1.0	False	lymph	early	nucleotide_transformer
4002	0.15867537	0.50960183	0.35092646	0.37938082	0.7045138	1.0	False	lymph	early	nucleotide_transformer
2748	-0.32990324	1.4282566	1.7581599	-0.37940082	0.7045292	1.0	False	lymph	early	nucleotide_transformer
1123	0.2692759	1.3256139	1.056338	0.37930822	0.7045759	1.0	False	lymph	early	nucleotide_transformer
1920	-0.32962322	1.4274725	1.7570957	-0.37930644	0.70459926	1.0	False	lymph	early	nucleotide_transformer
4958	0.15857291	0.5093932	0.3508203	0.37926233	0.7046018	1.0	False	lymph	early	nucleotide_transformer
96	0.15869248	0.5098031	0.35111064	0.37923688	0.7046208	1.0	False	lymph	early	nucleotide_transformer
3217	-0.32968616	1.4283879	1.758074	-0.37915918	0.7047086	1.0	False	lymph	early	nucleotide_transformer
3412	-0.32967353	1.4284863	1.7581599	-0.37912497	0.704734	1.0	False	lymph	early	nucleotide_transformer
935	0.1585967	0.50966924	0.35107255	0.37906703	0.7047467	1.0	False	lymph	early	nucleotide_transformer
3538	0.15871471	0.5101156	0.3514009	0.3790015	0.7047955	1.0	False	lymph	early	nucleotide_transformer
459	0.15846416	0.50931364	0.35084948	0.3789979	0.7047981	1.0	False	lymph	early	nucleotide_transformer
4706	0.15843293	0.5092402	0.35080728	0.37897095	0.7048181	1.0	False	lymph	early	nucleotide_transformer
2627	0.15843797	0.5092934	0.3508554	0.3789348	0.704845	1.0	False	lymph	early	nucleotide_transformer
3010	-0.3294853	1.4284734	1.7579587	-0.37894407	0.7048682	1.0	False	lymph	early	nucleotide_transformer
557	-0.3292985	1.4279697	1.7572682	-0.3788766	0.70491827	1.0	False	lymph	early	nucleotide_transformer
2137	-0.32934117	1.4282167	1.7575579	-0.37886313	0.7049283	1.0	False	lymph	early	nucleotide_transformer
2574	-0.3292173	1.4277415	1.7569588	-0.37884948	0.7049384	1.0	False	lymph	early	nucleotide_transformer
2702	-0.3290813	1.4271778	1.7562591	-0.37884238	0.70494366	1.0	False	lymph	early	nucleotide_transformer
966	0.15845853	0.50950027	0.35104173	0.37879735	0.704947	1.0	False	lymph	early	nucleotide_transformer
1630	-0.32925665	1.4284151	1.7576717	-0.3787364	0.70502234	1.0	False	lymph	early	nucleotide_transformer
4155	-0.32920313	1.4282658	1.7574689	-0.37871742	0.7050364	1.0	False	lymph	early	nucleotide_transformer
4403	0.15836546	0.50933605	0.3509706	0.37866458	0.70504564	1.0	False	lymph	early	nucleotide_transformer
2800	-0.32889044	1.4269822	1.7558726	-0.37869972	0.7050496	1.0	False	lymph	early	nucleotide_transformer
276	-0.329064	1.4278166	1.7568806	-0.3786828	0.7050622	1.0	False	lymph	early	nucleotide_transformer
4598	-0.32882297	1.4270787	1.7559017	-0.3786123	0.7051145	1.0	False	lymph	early	nucleotide_transformer
2304	-0.32900035	1.4279275	1.7569278	-0.37859592	0.7051266	1.0	False	lymph	early	nucleotide_transformer
2647	-0.32899642	1.4279112	1.7569076	-0.37859577	0.7051267	1.0	False	lymph	early	nucleotide_transformer
3858	0.15844923	0.50971735	0.3512681	0.378555	0.70512694	1.0	False	lymph	early	nucleotide_transformer
2315	0.15840948	0.5095911	0.35118163	0.37855402	0.7051277	1.0	False	lymph	early	nucleotide_transformer
668	0.15846342	0.50976884	0.35130543	0.37854934	0.70513123	1.0	False	lymph	early	nucleotide_transformer
5012	0.15831652	0.50929797	0.35098144	0.37854776	0.7051323	1.0	False	lymph	early	nucleotide_transformer
3227	-0.3289305	1.427703	1.7566335	-0.37857732	0.70514035	1.0	False	lymph	early	nucleotide_transformer
4604	-0.3288505	1.4273621	1.7562126	-0.3785753	0.7051419	1.0	False	lymph	early	nucleotide_transformer
1392	0.15842247	0.50966275	0.35124028	0.3785249	0.70514935	1.0	False	lymph	early	nucleotide_transformer
2953	-0.32905567	1.4283276	1.7573832	-0.37855953	0.7051536	1.0	False	lymph	early	nucleotide_transformer
3985	-0.32894528	1.4279	1.7568452	-0.37854818	0.705162	1.0	False	lymph	early	nucleotide_transformer
430	0.15827629	0.5092132	0.35093692	0.37850383	0.70516497	1.0	False	lymph	early	nucleotide_transformer
4218	0.15827507	0.5092237	0.35094863	0.37848976	0.7051754	1.0	False	lymph	early	nucleotide_transformer
3352	-0.32906592	1.4285057	1.7575716	-0.37852985	0.7051756	1.0	False	lymph	early	nucleotide_transformer
4596	0.15824303	0.5091232	0.35088018	0.37848717	0.70517737	1.0	False	lymph	early	nucleotide_transformer
1976	-0.32908344	1.4286249	1.7577083	-0.3785204	0.7051826	1.0	False	lymph	early	nucleotide_transformer
84	-0.32889163	1.4278653	1.7567569	-0.37850338	0.70519525	1.0	False	lymph	early	nucleotide_transformer
791	-0.32874513	1.4272388	1.755984	-0.3785004	0.70519745	1.0	False	lymph	early	nucleotide_transformer
1357	0.15821299	0.50906295	0.35084996	0.3784513	0.7052041	1.0	False	lymph	early	nucleotide_transformer
2840	-0.3287289	1.4273069	1.7560358	-0.37846914	0.70522064	1.0	False	lymph	early	nucleotide_transformer
1567	-0.32893407	1.4282138	1.7571479	-0.37846646	0.70522267	1.0	False	lymph	early	nucleotide_transformer
2985	-0.32890308	1.428119	1.757022	-0.37845707	0.70522964	1.0	False	lymph	early	nucleotide_transformer
3128	-0.32891774	1.428191	1.7571087	-0.37845546	0.70523083	1.0	False	lymph	early	nucleotide_transformer
1899	0.15820435	0.5090953	0.35089096	0.3783926	0.7052475	1.0	False	lymph	early	nucleotide_transformer
2681	-0.32883942	1.4279847	1.7568241	-0.37842488	0.70525354	1.0	False	lymph	early	nucleotide_transformer
2569	-0.32884467	1.428015	1.7568597	-0.3784234	0.70525455	1.0	False	lymph	early	nucleotide_transformer
1706	-0.32879984	1.4278893	1.7566892	-0.37840813	0.705266	1.0	False	lymph	early	nucleotide_transformer
1961	-0.32889354	1.4283184	1.7572119	-0.37840348	0.70526934	1.0	False	lymph	early	nucleotide_transformer
2506	0.15836099	0.50966316	0.35130218	0.37833104	0.7052932	1.0	False	lymph	early	nucleotide_transformer
1009	-0.32873976	1.4278103	1.7565501	-0.37836686	0.7052965	1.0	False	lymph	early	nucleotide_transformer
2877	-0.3286153	1.4273758	1.7559911	-0.3783426	0.70531464	1.0	False	lymph	early	nucleotide_transformer
2493	0.15822849	0.5092654	0.35103694	0.37830222	0.70531464	1.0	False	lymph	early	nucleotide_transformer
2655	-0.32856894	1.4271867	1.7557557	-0.37833962	0.7053168	1.0	False	lymph	early	nucleotide_transformer
260	-0.32876456	1.428165	1.7569295	-0.37831154	0.7053376	1.0	False	lymph	early	nucleotide_transformer
4228	-0.32858884	1.4274023	1.7559911	-0.37831077	0.7053381	1.0	False	lymph	early	nucleotide_transformer
1402	0.15821391	0.50925285	0.35103893	0.37826875	0.7053395	1.0	False	lymph	early	nucleotide_transformer
2908	0.15814674	0.5090403	0.35089356	0.3782649	0.70534235	1.0	False	lymph	early	nucleotide_transformer
770	-0.32855713	1.427313	1.7558701	-0.37829968	0.7053464	1.0	False	lymph	early	nucleotide_transformer
2987	-0.3287319	1.4281514	1.7568833	-0.3782825	0.7053592	1.0	False	lymph	early	nucleotide_transformer
214	-0.3285284	1.4273243	1.7558527	-0.37826905	0.70536923	1.0	False	lymph	early	nucleotide_transformer
937	-0.32877314	1.428398	1.7571712	-0.3782679	0.70537	1.0	False	lymph	early	nucleotide_transformer
1184	-0.3287152	1.4281789	1.7568941	-0.3782601	0.7053758	1.0	False	lymph	early	nucleotide_transformer
2717	0.15813696	0.50907797	0.350941	0.37819722	0.70539266	1.0	False	lymph	early	nucleotide_transformer
4850	0.1583012	0.5096078	0.3513066	0.378197	0.7053928	1.0	False	lymph	early	nucleotide_transformer
4694	0.15813914	0.50908774	0.3509486	0.37819466	0.70539457	1.0	False	lymph	early	nucleotide_transformer
4056	-0.32868803	1.42828	1.756968	-0.378211	0.7054124	1.0	False	lymph	early	nucleotide_transformer
857	0.15819332	0.50931287	0.35111955	0.37814522	0.7054313	1.0	False	lymph	early	nucleotide_transformer
3504	-0.32850385	1.4279076	1.7564114	-0.37811452	0.705484	1.0	False	lymph	early	nucleotide_transformer
2042	0.15828541	0.50968283	0.35139742	0.37807387	0.7054843	1.0	False	lymph	early	nucleotide_transformer
2909	-0.32851958	1.4281027	1.7566223	-0.37808546	0.7055055	1.0	False	lymph	early	nucleotide_transformer
2878	-0.32859445	1.4284347	1.7570292	-0.37808502	0.70550585	1.0	False	lymph	early	nucleotide_transformer
3708	-0.32871068	1.4290758	1.7577865	-0.3780551	0.705528	1.0	False	lymph	early	nucleotide_transformer
4414	-0.32839882	1.42774	1.7561388	-0.37804908	0.7055325	1.0	False	lymph	early	nucleotide_transformer
2405	-0.32884932	1.4297329	1.7585822	-0.37804085	0.70553863	1.0	False	lymph	early	nucleotide_transformer
4252	0.1582922	0.5098036	0.3515114	0.37797746	0.70555574	1.0	False	lymph	early	nucleotide_transformer
3342	-0.32837808	1.4277976	1.7561756	-0.3780159	0.7055571	1.0	False	lymph	early	nucleotide_transformer
4132	0.15817729	0.50947964	0.35130236	0.37793213	0.70558953	1.0	False	lymph	early	nucleotide_transformer
4346	0.15829697	0.5098783	0.3515813	0.37791964	0.7055988	1.0	False	lymph	early	nucleotide_transformer
3109	0.15811265	0.50929475	0.3511821	0.37790918	0.70560664	1.0	False	lymph	early	nucleotide_transformer
4363	0.15820765	0.509616	0.35140836	0.3778953	0.7056168	1.0	False	lymph	early	nucleotide_transformer
467	-0.3283968	1.4283854	1.7567822	-0.37790254	0.70564127	1.0	False	lymph	early	nucleotide_transformer
1010	0.1579997	0.5090193	0.35101962	0.37782225	0.705671	1.0	False	lymph	early	nucleotide_transformer
4202	-0.3285377	1.4293005	1.7578382	-0.37783286	0.70569307	1.0	False	lymph	early	nucleotide_transformer
3846	0.15823317	0.5098378	0.35160464	0.37775856	0.7057184	1.0	False	lymph	early	nucleotide_transformer
23	0.15807936	0.50935215	0.3512728	0.37774855	0.70572585	1.0	False	lymph	early	nucleotide_transformer
4019	-0.32813573	1.4278854	1.7560211	-0.3777597	0.7057474	1.0	False	lymph	early	nucleotide_transformer
2267	-0.32797623	1.4272307	1.755207	-0.3777523	0.70575285	1.0	False	lymph	early	nucleotide_transformer
4636	-0.32810044	1.4278228	1.7559233	-0.37773907	0.70576274	1.0	False	lymph	early	nucleotide_transformer
5046	0.15794355	0.50897926	0.3510357	0.37768453	0.7057735	1.0	False	lymph	early	nucleotide_transformer
846	0.15809077	0.5094623	0.35137153	0.377677	0.705779	1.0	False	lymph	early	nucleotide_transformer
1714	-0.3280896	1.4278767	1.7559663	-0.37771636	0.7057795	1.0	False	lymph	early	nucleotide_transformer
4909	-0.32804275	1.4277338	1.7557765	-0.37770244	0.70578986	1.0	False	lymph	early	nucleotide_transformer
2642	0.15801191	0.50924927	0.35123736	0.37763658	0.705809	1.0	False	lymph	early	nucleotide_transformer
3592	0.15798458	0.5091657	0.35118112	0.37763205	0.70581234	1.0	False	lymph	early	nucleotide_transformer
4356	0.15799835	0.5092175	0.35121915	0.3776249	0.70581764	1.0	False	lymph	early	nucleotide_transformer
2932	-0.3280747	1.4280437	1.7561184	-0.37766388	0.7058185	1.0	False	lymph	early	nucleotide_transformer
124	0.15805864	0.50944066	0.35138202	0.37759706	0.7058384	1.0	False	lymph	early	nucleotide_transformer
1582	0.15806356	0.50948	0.35141644	0.37757465	0.705855	1.0	False	lymph	early	nucleotide_transformer
408	0.15793154	0.50906533	0.3511338	0.377563	0.70586365	1.0	False	lymph	early	nucleotide_transformer
2383	-0.32788682	1.4276136	1.7555004	-0.3775792	0.70588136	1.0	False	lymph	early	nucleotide_transformer
4410	0.15798968	0.50929946	0.35130978	0.3775177	0.7058973	1.0	False	lymph	early	nucleotide_transformer
1771	-0.32801163	1.4283253	1.7563369	-0.37753895	0.7059112	1.0	False	lymph	early	nucleotide_transformer
1911	0.15794429	0.50917953	0.35123524	0.37749183	0.70591646	1.0	False	lymph	early	nucleotide_transformer
4978	0.15803114	0.50950974	0.3514786	0.37744328	0.7059525	1.0	False	lymph	early	nucleotide_transformer
5065	0.15797073	0.5093444	0.35137367	0.3774144	0.7059741	1.0	False	lymph	early	nucleotide_transformer
704	0.15789163	0.509093	0.35120136	0.37740973	0.7059775	1.0	False	lymph	early	nucleotide_transformer
2400	0.15798986	0.50942	0.35143012	0.37740088	0.70598423	1.0	False	lymph	early	nucleotide_transformer
800	0.1580014	0.5095372	0.35153583	0.37732306	0.7060419	1.0	False	lymph	early	nucleotide_transformer
3034	0.15796617	0.50945055	0.3514844	0.37729666	0.70606154	1.0	False	lymph	early	nucleotide_transformer
119	0.15787855	0.50931364	0.3514351	0.3771544	0.7061672	1.0	False	lymph	early	nucleotide_transformer
2231	0.15790156	0.5094377	0.35153612	0.37710604	0.70620304	1.0	False	lymph	early	nucleotide_transformer
2600	0.15782687	0.5092007	0.35137382	0.37710148	0.7062065	1.0	False	lymph	early	nucleotide_transformer
464	0.15773138	0.50900024	0.35126886	0.37699655	0.7062844	1.0	False	lymph	early	nucleotide_transformer
3625	0.15777767	0.5091557	0.35137802	0.3769906	0.7062888	1.0	False	lymph	early	nucleotide_transformer
1237	0.15776375	0.5091803	0.35141656	0.37692222	0.70633966	1.0	False	lymph	early	nucleotide_transformer
1539	0.15768677	0.5089809	0.3512941	0.37687513	0.70637465	1.0	False	lymph	early	nucleotide_transformer
2053	0.15767097	0.50916	0.351489	0.3766509	0.7065413	1.0	False	lymph	early	nucleotide_transformer
3577	0.15771475	0.5093132	0.35159847	0.37664014	0.7065492	1.0	False	lymph	early	nucleotide_transformer
1068	0.15769511	0.5092627	0.35156757	0.3766275	0.7065587	1.0	False	lymph	early	nucleotide_transformer
2606	0.15769243	0.50927746	0.35158503	0.37660474	0.7065756	1.0	False	lymph	early	nucleotide_transformer
2396	0.15766242	0.50919104	0.3515286	0.37659433	0.7065833	1.0	False	lymph	early	nucleotide_transformer
4339	0.15765694	0.509224	0.35156706	0.37654516	0.7066198	1.0	False	lymph	early	nucleotide_transformer
4748	0.15767711	0.50930166	0.35162455	0.37653312	0.7066288	1.0	False	lymph	early	nucleotide_transformer
751	0.15766013	0.5092824	0.35162228	0.37649843	0.7066545	1.0	False	lymph	early	nucleotide_transformer
3915	0.15773863	0.50954574	0.35180712	0.37648937	0.7066612	1.0	False	lymph	early	nucleotide_transformer
627	0.15746722	0.5086868	0.35121956	0.37647113	0.7066749	1.0	False	lymph	early	nucleotide_transformer
4223	0.1576527	0.50937444	0.35172173	0.37638575	0.7067384	1.0	False	lymph	early	nucleotide_transformer
1661	0.15756607	0.5091533	0.35158724	0.3763283	0.7067811	1.0	False	lymph	early	nucleotide_transformer
470	0.15757239	0.5092795	0.3517071	0.3762261	0.7068569	1.0	False	lymph	early	nucleotide_transformer
2804	0.15761665	0.5094516	0.35183498	0.37619767	0.70687807	1.0	False	lymph	early	nucleotide_transformer
1972	0.15749976	0.50910866	0.3516089	0.37616324	0.70690364	1.0	False	lymph	early	nucleotide_transformer
977	0.15738127	0.50881344	0.35143217	0.3760774	0.7069675	1.0	False	lymph	early	nucleotide_transformer
176	0.15741676	0.5089823	0.35156554	0.3760251	0.7070063	1.0	False	lymph	early	nucleotide_transformer
2241	0.15743554	0.5090772	0.35164165	0.37599203	0.7070309	1.0	False	lymph	early	nucleotide_transformer
1210	0.15735194	0.5089792	0.35162726	0.37582448	0.70715535	1.0	False	lymph	early	nucleotide_transformer
4776	0.15742567	0.50956786	0.35214218	0.375486	0.7074069	1.0	False	lymph	early	nucleotide_transformer
763	0.15722764	0.50899327	0.35176563	0.37542048	0.70745575	1.0	False	lymph	early	nucleotide_transformer
4108	0.15718004	0.50891876	0.35173872	0.37534365	0.70751286	1.0	False	lymph	early	nucleotide_transformer
3908	0.15734482	0.5095794	0.3522346	0.3752169	0.70760703	1.0	False	lymph	early	nucleotide_transformer
1724	0.15729314	0.5095375	0.35224438	0.3750954	0.7076973	1.0	False	lymph	early	nucleotide_transformer
973	0.15726668	0.5094533	0.35218662	0.3750938	0.7076985	1.0	False	lymph	early	nucleotide_transformer
2097	0.15694216	0.50895023	0.35200807	0.3745662	0.7080909	1.0	False	lymph	early	nucleotide_transformer
2045	0.21527994	0.9173049	0.70202494	0.3699036	0.7115657	1.0	False	lymph	early	nucleotide_transformer
4011	0.21530199	0.9177152	0.7024132	0.36974585	0.7116833	1.0	False	lymph	early	nucleotide_transformer
2729	0.21530867	0.9178323	0.70252365	0.3697038	0.7117146	1.0	False	lymph	early	nucleotide_transformer
3471	0.21526575	0.9176902	0.70242447	0.36968338	0.7117298	1.0	False	lymph	early	nucleotide_transformer
2578	0.21524984	0.9177063	0.7024565	0.3696421	0.7117605	1.0	False	lymph	early	nucleotide_transformer
4347	0.2151646	0.9173475	0.7021829	0.36964062	0.7117616	1.0	False	lymph	early	nucleotide_transformer
4284	0.21514684	0.91728556	0.7021387	0.36963364	0.7117668	1.0	False	lymph	early	nucleotide_transformer
2836	0.21514422	0.9176361	0.7024919	0.36945492	0.71189994	1.0	False	lymph	early	nucleotide_transformer
4045	0.21507597	0.91747296	0.702397	0.3693923	0.7119466	1.0	False	lymph	early	nucleotide_transformer
734	0.21484703	0.91680247	0.70195544	0.36924142	0.7120591	1.0	False	lymph	early	nucleotide_transformer
1627	0.2150178	0.91757315	0.70255536	0.36921927	0.71207553	1.0	False	lymph	early	nucleotide_transformer
3765	0.21477455	0.91685563	0.7020811	0.36906332	0.7121917	1.0	False	lymph	early	nucleotide_transformer
3381	0.21480048	0.91712505	0.70232457	0.36898494	0.71225	1.0	False	lymph	early	nucleotide_transformer
3651	0.21476209	0.91701883	0.70225674	0.36895627	0.71227145	1.0	False	lymph	early	nucleotide_transformer
1798	0.21473342	0.91691333	0.7021799	0.36894873	0.7122771	1.0	False	lymph	early	nucleotide_transformer
1707	0.21482289	0.91730815	0.70248526	0.36894217	0.712282	1.0	False	lymph	early	nucleotide_transformer
1487	0.21477896	0.91720456	0.7024256	0.36890084	0.71231276	1.0	False	lymph	early	nucleotide_transformer
298	0.21480489	0.9173197	0.7025148	0.36889893	0.7123142	1.0	False	lymph	early	nucleotide_transformer
1425	0.2147578	0.9171978	0.70244	0.3688598	0.71234334	1.0	False	lymph	early	nucleotide_transformer
3584	0.21465254	0.91680825	0.7021557	0.3688305	0.7123652	1.0	False	lymph	early	nucleotide_transformer
1319	0.21467465	0.9169153	0.70224065	0.3688243	0.71236974	1.0	False	lymph	early	nucleotide_transformer
766	0.21470869	0.9171325	0.7024238	0.36878878	0.71239626	1.0	False	lymph	early	nucleotide_transformer
1893	0.21454763	0.91646034	0.7019127	0.36878064	0.7124024	1.0	False	lymph	early	nucleotide_transformer
1424	0.21468586	0.9170806	0.7023947	0.36876625	0.7124131	1.0	False	lymph	early	nucleotide_transformer
4080	0.21464527	0.9169831	0.70233786	0.36872876	0.71244097	1.0	False	lymph	early	nucleotide_transformer
3762	0.21478152	0.9176696	0.7028881	0.36867675	0.71247977	1.0	False	lymph	early	nucleotide_transformer
3517	0.2146796	0.9172599	0.7025803	0.36866552	0.7124881	1.0	False	lymph	early	nucleotide_transformer
2547	0.21458137	0.9168657	0.70228434	0.36865243	0.7124979	1.0	False	lymph	early	nucleotide_transformer
3696	0.21457666	0.9168559	0.7022792	0.36864778	0.71250135	1.0	False	lymph	early	nucleotide_transformer
1958	0.21461505	0.9170922	0.70247716	0.36861217	0.71252793	1.0	False	lymph	early	nucleotide_transformer
4999	0.21455437	0.91683596	0.7022816	0.3686088	0.71253043	1.0	False	lymph	early	nucleotide_transformer
215	0.21452868	0.91673213	0.70220345	0.36860788	0.7125311	1.0	False	lymph	early	nucleotide_transformer
2103	0.21454906	0.916837	0.7022879	0.36859867	0.712538	1.0	False	lymph	early	nucleotide_transformer
1527	0.21460032	0.91707087	0.70247054	0.36859155	0.71254325	1.0	False	lymph	early	nucleotide_transformer
4280	0.21461648	0.91714776	0.7025313	0.36858797	0.71254593	1.0	False	lymph	early	nucleotide_transformer
1249	0.2145803	0.9169923	0.702412	0.36858794	0.712546	1.0	False	lymph	early	nucleotide_transformer
3297	0.21464348	0.9172693	0.7026258	0.36858353	0.71254927	1.0	False	lymph	early	nucleotide_transformer
3931	0.21449202	0.9167053	0.7022133	0.36854395	0.7125787	1.0	False	lymph	early	nucleotide_transformer
4079	0.214567	0.91703904	0.70247203	0.36853734	0.71258366	1.0	False	lymph	early	nucleotide_transformer
2367	0.21460652	0.9172965	0.70269	0.3684944	0.7126156	1.0	False	lymph	early	nucleotide_transformer
4903	0.21458328	0.9172117	0.70262843	0.36848685	0.71262133	1.0	False	lymph	early	nucleotide_transformer
3113	0.21444583	0.9167767	0.7023309	0.36841208	0.71267706	1.0	False	lymph	early	nucleotide_transformer
2696	0.214472	0.9169542	0.7024822	0.36837825	0.71270233	1.0	False	lymph	early	nucleotide_transformer
3521	0.2144497	0.91689354	0.70244384	0.36836264	0.7127139	1.0	False	lymph	early	nucleotide_transformer
4533	0.21447551	0.9175818	0.7031063	0.36807844	0.71292573	1.0	False	lymph	early	nucleotide_transformer
3700	0.21441525	0.9174039	0.7029886	0.36803815	0.7129557	1.0	False	lymph	early	nucleotide_transformer
2676	0.21433818	0.9172888	0.7029506	0.3679357	0.7130321	1.0	False	lymph	early	nucleotide_transformer
1065	0.21416378	0.9166962	0.7025324	0.367858	0.71309	1.0	False	lymph	early	nucleotide_transformer
267	0.21439838	0.91774327	0.7033449	0.36783656	0.71310604	1.0	False	lymph	early	nucleotide_transformer
3874	0.2142334	0.91705805	0.70282465	0.36782855	0.713112	1.0	False	lymph	early	nucleotide_transformer
381	0.21412188	0.9166923	0.70257044	0.36777356	0.71315295	1.0	False	lymph	early	nucleotide_transformer
3124	0.2142005	0.9170604	0.7028599	0.36775842	0.71316427	1.0	False	lymph	early	nucleotide_transformer
2980	0.21408862	0.9166626	0.70257396	0.36771685	0.71319526	1.0	False	lymph	early	nucleotide_transformer
4195	0.21422172	0.91756475	0.70334303	0.36755523	0.7133157	1.0	False	lymph	early	nucleotide_transformer
2630	0.21397626	0.9175029	0.7035266	0.36707008	0.7136774	1.0	False	lymph	early	nucleotide_transformer
2390	0.21393526	0.9173478	0.70341253	0.3670603	0.71368474	1.0	False	lymph	early	nucleotide_transformer
3038	0.21373415	0.9165222	0.70278805	0.367044	0.7136969	1.0	False	lymph	early	nucleotide_transformer
4778	0.21387452	0.9173235	0.703449	0.36694497	0.7137707	1.0	False	lymph	early	nucleotide_transformer
1365	0.21381652	0.9172108	0.7033943	0.3668781	0.7138206	1.0	False	lymph	early	nucleotide_transformer
3854	0.21371543	0.9170577	0.70334226	0.36674085	0.71392304	1.0	False	lymph	early	nucleotide_transformer
288	0.21372032	0.9172774	0.7035571	0.36664468	0.71399456	1.0	False	lymph	early	nucleotide_transformer
3252	0.21362418	0.91697836	0.7033542	0.3665884	0.71403664	1.0	False	lymph	early	nucleotide_transformer
2657	-0.28480852	1.1218245	1.406633	-0.36636063	0.71423066	1.0	False	lymph	early	nucleotide_transformer
1034	0.21363592	0.91757685	0.7039409	0.36632138	0.7142358	1.0	False	lymph	early	nucleotide_transformer
3615	-0.28493476	1.1224489	1.4073837	-0.36632368	0.71425825	1.0	False	lymph	early	nucleotide_transformer
1330	-0.2848693	1.12252	1.4073893	-0.36623403	0.7143251	1.0	False	lymph	early	nucleotide_transformer
2662	-0.2848096	1.1227763	1.4075859	-0.3661004	0.7144246	1.0	False	lymph	early	nucleotide_transformer
3579	-0.28440225	1.1221848	1.406587	-0.36582628	0.7146291	1.0	False	lymph	early	nucleotide_transformer
3899	-0.2843039	1.1219561	1.40626	-0.36578214	0.714662	1.0	False	lymph	early	nucleotide_transformer
4276	-0.2842499	1.1218718	1.4061217	-0.36574727	0.714688	1.0	False	lymph	early	nucleotide_transformer
5004	-0.28419113	1.1216935	1.4058846	-0.36573166	0.7146996	1.0	False	lymph	early	nucleotide_transformer
3569	-0.28416705	1.1217319	1.4058989	-0.36569583	0.7147264	1.0	False	lymph	early	nucleotide_transformer
4970	-0.28440595	1.1228604	1.4072664	-0.36564666	0.71476316	1.0	False	lymph	early	nucleotide_transformer
894	-0.2842108	1.1221249	1.4063357	-0.3656363	0.71477073	1.0	False	lymph	early	nucleotide_transformer
4116	-0.28410912	1.1218063	1.4059154	-0.36561307	0.7147882	1.0	False	lymph	early	nucleotide_transformer
3997	-0.28437912	1.1229185	1.4072976	-0.3655987	0.71479887	1.0	False	lymph	early	nucleotide_transformer
4208	-0.2840457	1.1218477	1.4058934	-0.36553335	0.7148476	1.0	False	lymph	early	nucleotide_transformer
1553	-0.28420115	1.1224891	1.4066902	-0.36552653	0.7148527	1.0	False	lymph	early	nucleotide_transformer
736	-0.2839738	1.1218992	1.4058731	-0.36544216	0.71491563	1.0	False	lymph	early	nucleotide_transformer
3532	-0.28395867	1.1220354	1.405994	-0.36538908	0.7149551	1.0	False	lymph	early	nucleotide_transformer
2451	-0.28407264	1.122503	1.4065757	-0.36538514	0.71495813	1.0	False	lymph	early	nucleotide_transformer
1838	-0.2839526	1.1220367	1.4059893	-0.36538205	0.7149604	1.0	False	lymph	early	nucleotide_transformer
3914	-0.28390396	1.1218461	1.40575	-0.36538127	0.714961	1.0	False	lymph	early	nucleotide_transformer
1631	-0.28397024	1.1222169	1.4061872	-0.36535245	0.7149825	1.0	False	lymph	early	nucleotide_transformer
4629	-0.28385532	1.121778	1.4056333	-0.36534733	0.71498626	1.0	False	lymph	early	nucleotide_transformer
2797	-0.2839893	1.1223217	1.406311	-0.36534458	0.7149884	1.0	False	lymph	early	nucleotide_transformer
3002	-0.28378963	1.1217457	1.4055353	-0.36528528	0.71503264	1.0	False	lymph	early	nucleotide_transformer
264	-0.28388894	1.1221659	1.4060549	-0.36527836	0.7150378	1.0	False	lymph	early	nucleotide_transformer
1590	-0.28351247	1.1214495	1.404962	-0.36506948	0.7151936	1.0	False	lymph	early	nucleotide_transformer
4599	-0.2836107	1.1218468	1.4054575	-0.3650652	0.7151969	1.0	False	lymph	early	nucleotide_transformer
3952	-0.28349912	1.1216904	1.4051895	-0.3649895	0.71525335	1.0	False	lymph	early	nucleotide_transformer
554	-0.28340054	1.1213368	1.4047374	-0.36497778	0.715262	1.0	False	lymph	early	nucleotide_transformer
3634	-0.28372538	1.1226772	1.4064026	-0.36496407	0.7152723	1.0	False	lymph	early	nucleotide_transformer
3905	-0.2835914	1.1221747	1.4057661	-0.36495587	0.71527845	1.0	False	lymph	early	nucleotide_transformer
4544	-0.28333414	1.1212443	1.4045784	-0.36493066	0.7152972	1.0	False	lymph	early	nucleotide_transformer
194	-0.28351045	1.1219456	1.4054561	-0.36493048	0.7152974	1.0	False	lymph	early	nucleotide_transformer
2317	-0.28364444	1.1226008	1.4062452	-0.3648978	0.7153217	1.0	False	lymph	early	nucleotide_transformer
4440	-0.2834289	1.1219287	1.4053576	-0.36484692	0.7153596	1.0	False	lymph	early	nucleotide_transformer
303	-0.2833153	1.1214828	1.4047982	-0.36484632	0.7153601	1.0	False	lymph	early	nucleotide_transformer
494	-0.2833599	1.1216981	1.405058	-0.3648352	0.71536845	1.0	False	lymph	early	nucleotide_transformer
514	-0.28347647	1.1221758	1.4056523	-0.36483136	0.71537125	1.0	False	lymph	early	nucleotide_transformer
3097	-0.28336585	1.1219981	1.4053639	-0.36476007	0.7154244	1.0	False	lymph	early	nucleotide_transformer
2690	-0.28340065	1.1224499	1.4058505	-0.36467567	0.7154874	1.0	False	lymph	early	nucleotide_transformer
429	-0.28329384	1.1220611	1.405355	-0.36466542	0.71549505	1.0	False	lymph	early	nucleotide_transformer
1761	-0.2831614	1.1215491	1.4047105	-0.36466312	0.7154968	1.0	False	lymph	early	nucleotide_transformer
3658	-0.28344166	1.12276	1.4062017	-0.36463624	0.7155168	1.0	False	lymph	early	nucleotide_transformer
825	-0.283013	1.1211067	1.4041197	-0.36462513	0.71552515	1.0	False	lymph	early	nucleotide_transformer
2465	-0.2832502	1.1221234	1.4053736	-0.36460158	0.7155427	1.0	False	lymph	early	nucleotide_transformer
2824	-0.28310895	1.1216553	1.4047643	-0.36457816	0.7155602	1.0	False	lymph	early	nucleotide_transformer
647	-0.28287375	1.1210312	1.4039049	-0.3644934	0.7156234	1.0	False	lymph	early	nucleotide_transformer
2778	-0.28297806	1.1217852	1.4047632	-0.36440203	0.7156916	1.0	False	lymph	early	nucleotide_transformer
5103	-0.28296483	1.1217972	1.404762	-0.36438432	0.7157048	1.0	False	lymph	early	nucleotide_transformer
3261	-0.2828691	1.1217571	1.4046263	-0.36429197	0.7157737	1.0	False	lymph	early	nucleotide_transformer
2747	-0.28276646	1.1215314	1.4042978	-0.3642418	0.7158111	1.0	False	lymph	early	nucleotide_transformer
2107	-0.28275895	1.1215923	1.4043512	-0.36421752	0.7158294	1.0	False	lymph	early	nucleotide_transformer
2988	-0.2828666	1.1220301	1.4048967	-0.3642131	0.7158326	1.0	False	lymph	early	nucleotide_transformer
680	-0.28287208	1.1221198	1.4049919	-0.3641957	0.7158455	1.0	False	lymph	early	nucleotide_transformer
89	-0.28269005	1.121462	1.404152	-0.36417922	0.7158578	1.0	False	lymph	early	nucleotide_transformer
2707	-0.28269303	1.1228158	1.4055089	-0.36381382	0.7161305	1.0	False	lymph	early	nucleotide_transformer
110	-0.2390191	0.81512636	1.0541455	-0.35587463	0.7220663	1.0	False	lymph	early	nucleotide_transformer
2756	-0.23893881	0.8153548	1.0542936	-0.35569292	0.72220236	1.0	False	lymph	early	nucleotide_transformer
2033	-0.23879981	0.81507766	1.0538775	-0.35562533	0.7222529	1.0	False	lymph	early	nucleotide_transformer
3887	-0.19425726	0.5091186	0.7033759	-0.35560578	0.7222705	1.0	False	lymph	early	nucleotide_transformer
1259	-0.23869753	0.81564975	1.0543473	-0.35529575	0.72249967	1.0	False	lymph	early	nucleotide_transformer
1187	-0.23841733	0.8152047	1.053622	-0.35511565	0.72263443	1.0	False	lymph	early	nucleotide_transformer
77	-0.23806125	0.8148834	1.0529447	-0.35479644	0.72287345	1.0	False	lymph	early	nucleotide_transformer
3870	-0.23803997	0.81488943	1.0529294	-0.3547683	0.72289455	1.0	False	lymph	early	nucleotide_transformer
4344	-0.2380557	0.8149872	1.0530429	-0.35475266	0.7229063	1.0	False	lymph	early	nucleotide_transformer
759	-0.23804396	0.8150819	1.0531259	-0.35470495	0.72294205	1.0	False	lymph	early	nucleotide_transformer
3773	-0.23802811	0.8150633	1.0530914	-0.35469222	0.72295153	1.0	False	lymph	early	nucleotide_transformer
1300	-0.23799986	0.8149821	1.052982	-0.35468647	0.7229559	1.0	False	lymph	early	nucleotide_transformer
4881	-0.23802423	0.8150772	1.0531014	-0.3546826	0.7229587	1.0	False	lymph	early	nucleotide_transformer
2966	-0.23832113	0.8161033	1.0544244	-0.354679	0.72296137	1.0	False	lymph	early	nucleotide_transformer
4939	-0.23803252	0.81513816	1.0531707	-0.3546712	0.72296727	1.0	False	lymph	early	nucleotide_transformer
1987	-0.23798782	0.81500906	1.0529969	-0.35466233	0.7229739	1.0	False	lymph	early	nucleotide_transformer
3764	-0.23797321	0.814965	1.0529382	-0.35466006	0.72297555	1.0	False	lymph	early	nucleotide_transformer
310	-0.23802972	0.81518555	1.0532153	-0.3546511	0.7229821	1.0	False	lymph	early	nucleotide_transformer
1753	-0.23830354	0.8161231	1.0544267	-0.35465065	0.7229825	1.0	False	lymph	early	nucleotide_transformer
3954	-0.23812819	0.8155502	1.0536784	-0.35464218	0.72298884	1.0	False	lymph	early	nucleotide_transformer
2637	-0.2381298	0.81578857	1.0539184	-0.3545601	0.7230503	1.0	False	lymph	early	nucleotide_transformer
3202	-0.23819101	0.8160353	1.0542263	-0.3545448	0.72306174	1.0	False	lymph	early	nucleotide_transformer
352	-0.23798805	0.81545	1.0534381	-0.35450712	0.72309005	1.0	False	lymph	early	nucleotide_transformer
1693	-0.23766518	0.81518364	1.0528488	-0.3542079	0.7233142	1.0	False	lymph	early	nucleotide_transformer
4443	-0.23779541	0.81570464	1.0535	-0.35418314	0.7233327	1.0	False	lymph	early	nucleotide_transformer
2841	-0.23768395	0.81534	1.0530239	-0.35417566	0.7233383	1.0	False	lymph	early	nucleotide_transformer
2357	-0.2378068	0.81578636	1.0535932	-0.354168	0.7233441	1.0	False	lymph	early	nucleotide_transformer
819	-0.1932038	0.5090486	0.7022524	-0.35415578	0.723356	1.0	False	lymph	early	nucleotide_transformer
5116	-0.2377823	0.8157602	1.0535425	-0.35414767	0.7233592	1.0	False	lymph	early	nucleotide_transformer
4674	-0.23777604	0.81585586	1.0536319	-0.3541061	0.7233903	1.0	False	lymph	early	nucleotide_transformer
417	-0.19317716	0.50910616	0.7022833	-0.35408643	0.723408	1.0	False	lymph	early	nucleotide_transformer
4576	-0.23777258	0.8161514	1.053924	-0.35399747	0.72347176	1.0	False	lymph	early	nucleotide_transformer
1520	-0.23759764	0.8157765	1.0533742	-0.35391688	0.72353214	1.0	False	lymph	early	nucleotide_transformer
2427	-0.23767316	0.81604445	1.0537176	-0.35391456	0.72353387	1.0	False	lymph	early	nucleotide_transformer
1924	-0.19299918	0.5090626	0.7020618	-0.35385785	0.7235793	1.0	False	lymph	early	nucleotide_transformer
4883	-0.19298887	0.50910944	0.7020983	-0.3538181	0.7236091	1.0	False	lymph	early	nucleotide_transformer
5113	-0.19298363	0.50911593	0.70209956	-0.3538072	0.7236172	1.0	False	lymph	early	nucleotide_transformer
2636	-0.19303524	0.5094045	0.7024397	-0.3537251	0.72367865	1.0	False	lymph	early	nucleotide_transformer
3934	-0.19305241	0.50946903	0.70252144	-0.3537154	0.7236859	1.0	False	lymph	early	nucleotide_transformer
1246	-0.19288343	0.5090483	0.7019317	-0.35370123	0.72369653	1.0	False	lymph	early	nucleotide_transformer
1308	-0.19288081	0.50907284	0.70195365	-0.35368443	0.7237091	1.0	False	lymph	early	nucleotide_transformer
383	-0.19292676	0.50940824	0.702335	-0.35356972	0.72379506	1.0	False	lymph	early	nucleotide_transformer
2403	-0.19285107	0.5094761	0.7023272	-0.3534261	0.7239027	1.0	False	lymph	early	nucleotide_transformer
4868	-0.19283366	0.5094763	0.70230997	-0.3534013	0.7239213	1.0	False	lymph	early	nucleotide_transformer
2228	-0.1927039	0.5091958	0.7018997	-0.35336748	0.7239466	1.0	False	lymph	early	nucleotide_transformer
1670	-0.19274312	0.5093837	0.7021268	-0.35332304	0.7239798	1.0	False	lymph	early	nucleotide_transformer
1683	-0.19262826	0.50948143	0.7021097	-0.3531078	0.72414106	1.0	False	lymph	early	nucleotide_transformer
1025	0.3241272	185.83543	185.5113	0.34349138	0.7313749	1.0	False	lymph	early	nucleotide_transformer
354	-1.0939713	116.89139	117.98536	-0.3127646	0.7545633	1.0	False	lymph	early	nucleotide_transformer
888	-0.27481127	1.8368857	2.111697	-0.2867246	0.7744233	1.0	False	lymph	early	nucleotide_transformer
4826	-0.27386713	1.8361728	2.11004	-0.28594112	0.775023	1.0	False	lymph	early	nucleotide_transformer
1729	-0.27322006	1.8352785	2.1084986	-0.28546065	0.7753908	1.0	False	lymph	early	nucleotide_transformer
154	-0.27328002	1.8364009	2.109681	-0.2853597	0.77546805	1.0	False	lymph	early	nucleotide_transformer
3287	-0.27309716	1.8365246	2.1096218	-0.28517115	0.7756125	1.0	False	lymph	early	nucleotide_transformer
3596	-0.27295995	1.8365796	2.1095395	-0.28503495	0.7757167	1.0	False	lymph	early	nucleotide_transformer
4283	-0.27281868	1.8360113	2.10883	-0.28498322	0.7757563	1.0	False	lymph	early	nucleotide_transformer
1601	-0.27273142	1.8367304	2.1094618	-0.28479993	0.7758967	1.0	False	lymph	early	nucleotide_transformer
2139	0.22565651	1.6320925	1.406436	0.27876505	0.78051174	1.0	False	lymph	early	nucleotide_transformer
1452	0.2254318	1.6307408	1.405309	0.27871126	0.780553	1.0	False	lymph	early	nucleotide_transformer
4022	0.22529268	1.6308225	1.4055299	0.2785033	0.7807125	1.0	False	lymph	early	nucleotide_transformer
2950	0.2252841	1.6310501	1.405766	0.27844784	0.7807551	1.0	False	lymph	early	nucleotide_transformer
788	0.22512436	1.6316082	1.4064839	0.2781211	0.78100574	1.0	False	lymph	early	nucleotide_transformer
764	0.2251668	1.6321923	1.4070255	0.27806872	0.78104603	1.0	False	lymph	early	nucleotide_transformer
3650	0.224828	1.6313692	1.4065412	0.27775702	0.7812851	1.0	False	lymph	early	nucleotide_transformer
3690	0.22483814	1.6316994	1.4068613	0.2777078	0.7813229	1.0	False	lymph	early	nucleotide_transformer
3458	0.22477806	1.6319677	1.4071896	0.27757406	0.78142554	1.0	False	lymph	early	nucleotide_transformer
3174	0.22471893	1.6319077	1.4071888	0.27750355	0.7814797	1.0	False	lymph	early	nucleotide_transformer
995	-0.22837198	1.5296798	1.7580518	-0.26091734	0.79424673	1.0	False	lymph	early	nucleotide_transformer
2608	-0.22838211	1.5298276	1.7582097	-0.26090536	0.794256	1.0	False	lymph	early	nucleotide_transformer
2212	-0.22839141	1.5301771	1.7585685	-0.2608615	0.7942897	1.0	False	lymph	early	nucleotide_transformer
1880	-0.22843027	1.5305299	1.7589601	-0.2608477	0.7943004	1.0	False	lymph	early	nucleotide_transformer
1331	-0.22805536	1.5299728	1.7580281	-0.26054823	0.7945313	1.0	False	lymph	early	nucleotide_transformer
2006	-0.22800803	1.5308701	1.7588781	-0.26036373	0.7946735	1.0	False	lymph	early	nucleotide_transformer
4581	-0.22788155	1.5301045	1.7579861	-0.2603502	0.794684	1.0	False	lymph	early	nucleotide_transformer
686	-0.22783613	1.5298263	1.7576624	-0.26034755	0.79468596	1.0	False	lymph	early	nucleotide_transformer
1922	-0.22780716	1.5298284	1.7576356	-0.2603175	0.79470915	1.0	False	lymph	early	nucleotide_transformer
808	-0.22784436	1.5303732	1.7582176	-0.26027134	0.79474473	1.0	False	lymph	early	nucleotide_transformer
1039	-0.22773683	1.5297469	1.7574837	-0.26025766	0.7947552	1.0	False	lymph	early	nucleotide_transformer
2036	-0.22786129	1.5310403	1.7589016	-0.26018775	0.7948091	1.0	False	lymph	early	nucleotide_transformer
4600	-0.22757661	1.5300045	1.7575811	-0.2600545	0.79491186	1.0	False	lymph	early	nucleotide_transformer
3208	-0.22750103	1.5296043	1.7571054	-0.26003802	0.79492456	1.0	False	lymph	early	nucleotide_transformer
1108	-0.22754896	1.5305717	1.7581207	-0.25993845	0.7950014	1.0	False	lymph	early	nucleotide_transformer
3414	-0.22744572	1.530235	1.7576808	-0.25988558	0.79504216	1.0	False	lymph	early	nucleotide_transformer
4719	-0.22734594	1.5300728	1.7574188	-0.25980768	0.7951022	1.0	False	lymph	early	nucleotide_transformer
1483	-0.22745287	1.5309551	1.758408	-0.2597817	0.7951222	1.0	False	lymph	early	nucleotide_transformer
2582	-0.22718787	1.5292914	1.7564793	-0.25976375	0.795136	1.0	False	lymph	early	nucleotide_transformer
707	-0.22727573	1.5299639	1.7572396	-0.25975215	0.795145	1.0	False	lymph	early	nucleotide_transformer
3794	-0.2272489	1.5298928	1.7571417	-0.25973564	0.79515773	1.0	False	lymph	early	nucleotide_transformer
355	-0.22728837	1.5303651	1.7576535	-0.25970438	0.7951819	1.0	False	lymph	early	nucleotide_transformer
4551	-0.22724807	1.5301629	1.757411	-0.25969374	0.79519004	1.0	False	lymph	early	nucleotide_transformer
3337	-0.22722638	1.5300345	1.7572609	-0.25969076	0.7951923	1.0	False	lymph	early	nucleotide_transformer
2165	-0.22720778	1.5301383	1.757346	-0.2596561	0.795219	1.0	False	lymph	early	nucleotide_transformer
4418	-0.22716558	1.5300546	1.7572201	-0.25962573	0.79524237	1.0	False	lymph	early	nucleotide_transformer
878	-0.22709012	1.5296624	1.7567525	-0.2596074	0.7952566	1.0	False	lymph	early	nucleotide_transformer
3528	-0.22718549	1.5304031	1.7575886	-0.2595931	0.7952676	1.0	False	lymph	early	nucleotide_transformer
2110	-0.2270664	1.5296112	1.7566776	-0.2595909	0.7952693	1.0	False	lymph	early	nucleotide_transformer
1932	-0.22716832	1.5303036	1.7574719	-0.25959054	0.79526955	1.0	False	lymph	early	nucleotide_transformer
4563	-0.22706604	1.529983	1.7570491	-0.25953427	0.79531294	1.0	False	lymph	early	nucleotide_transformer
662	-0.22701824	1.5296893	1.7567075	-0.25952956	0.7953166	1.0	False	lymph	early	nucleotide_transformer
4088	-0.2271533	1.5306795	1.7578328	-0.25951645	0.79532665	1.0	False	lymph	early	nucleotide_transformer
93	-0.22705996	1.5300657	1.7571256	-0.25951552	0.79532737	1.0	False	lymph	early	nucleotide_transformer
5042	-0.22701347	1.529874	1.7568874	-0.2594967	0.7953419	1.0	False	lymph	early	nucleotide_transformer
2618	-0.22695231	1.5298833	1.7568356	-0.25943264	0.7953913	1.0	False	lymph	early	nucleotide_transformer
4803	-0.22705197	1.5305997	1.7576517	-0.25942647	0.7953961	1.0	False	lymph	early	nucleotide_transformer
4051	-0.22684252	1.5292032	1.7560457	-0.259423	0.7953988	1.0	False	lymph	early	nucleotide_transformer
1764	-0.22688687	1.5295905	1.7564774	-0.2594098	0.79540896	1.0	False	lymph	early	nucleotide_transformer
1359	-0.22683764	1.5292736	1.7561113	-0.2594074	0.79541075	1.0	False	lymph	early	nucleotide_transformer
1385	-0.22701073	1.5304894	1.7575002	-0.25940084	0.7954158	1.0	False	lymph	early	nucleotide_transformer
1863	-0.22674525	1.5290968	1.7558421	-0.25933895	0.7954636	1.0	False	lymph	early	nucleotide_transformer
1966	-0.22665322	1.5292735	1.7559267	-0.2592179	0.79555696	1.0	False	lymph	early	nucleotide_transformer
1407	-0.22675192	1.5302747	1.7570267	-0.25916812	0.7955953	1.0	False	lymph	early	nucleotide_transformer
3477	-0.22661185	1.5294753	1.7560872	-0.25914505	0.7956131	1.0	False	lymph	early	nucleotide_transformer
1652	-0.22650766	1.5294466	1.7559543	-0.25904244	0.79569227	1.0	False	lymph	early	nucleotide_transformer
4855	-0.22664034	1.5304236	1.757064	-0.259031	0.7957011	1.0	False	lymph	early	nucleotide_transformer
657	-0.22662556	1.5305035	1.7571291	-0.25900385	0.79572195	1.0	False	lymph	early	nucleotide_transformer
2509	-0.22644055	1.5295657	1.7560062	-0.2589555	0.7957593	1.0	False	lymph	early	nucleotide_transformer
2554	-0.2263776	1.5291883	1.7555659	-0.25894958	0.79576385	1.0	False	lymph	early	nucleotide_transformer
1147	-0.22638214	1.5292102	1.7555923	-0.25894904	0.7957643	1.0	False	lymph	early	nucleotide_transformer
1513	-0.2263453	1.529379	1.7557243	-0.2588858	0.795813	1.0	False	lymph	early	nucleotide_transformer
1395	-0.2263447	1.5293869	1.7557316	-0.25888404	0.79581434	1.0	False	lymph	early	nucleotide_transformer
1503	-0.2262547	1.5293039	1.7555586	-0.25880587	0.7958747	1.0	False	lymph	early	nucleotide_transformer
146	-0.2262789	1.5300101	1.756289	-0.25872204	0.7959393	1.0	False	lymph	early	nucleotide_transformer
3924	-0.22615671	1.5292467	1.7554034	-0.2587138	0.7959457	1.0	False	lymph	early	nucleotide_transformer
2164	-0.22619331	1.529526	1.7557193	-0.25870752	0.7959505	1.0	False	lymph	early	nucleotide_transformer
2034	-0.22618127	1.5295202	1.7557014	-0.25869605	0.79595935	1.0	False	lymph	early	nucleotide_transformer
4396	-0.22604752	1.5290489	1.7550964	-0.2586314	0.79600924	1.0	False	lymph	early	nucleotide_transformer
3084	-0.22603357	1.5295057	1.7555393	-0.2585484	0.7960733	1.0	False	lymph	early	nucleotide_transformer
3465	0.22288513	172.5982	172.37532	0.25739264	0.79697996	1.0	False	lymph	early	nucleotide_transformer
1939	0.23379517	190.96965	190.73586	0.25429574	0.7993755	1.0	False	lymph	early	nucleotide_transformer
2359	0.67033386	134.75322	134.08289	0.25184408	0.80124664	1.0	False	lymph	early	nucleotide_transformer
1499	0.17006898	1.2236286	1.0535597	0.24250665	0.80846226	1.0	False	lymph	early	nucleotide_transformer
3957	0.16998255	1.2230486	1.053066	0.24249685	0.80846983	1.0	False	lymph	early	nucleotide_transformer
2749	0.17003512	1.2240033	1.0539682	0.24236917	0.8085687	1.0	False	lymph	early	nucleotide_transformer
4926	0.1700176	1.2239256	1.053908	0.24235888	0.8085767	1.0	False	lymph	early	nucleotide_transformer
1687	0.16982508	1.2229211	1.053096	0.24227335	0.80864286	1.0	False	lymph	early	nucleotide_transformer
4241	0.16982555	1.2233301	1.0535046	0.24218364	0.80871236	1.0	False	lymph	early	nucleotide_transformer
3319	0.16977274	1.2230246	1.0532519	0.24216703	0.8087253	1.0	False	lymph	early	nucleotide_transformer
32	0.1698252	1.2235513	1.0537261	0.24213438	0.8087505	1.0	False	lymph	early	nucleotide_transformer
3606	0.16969001	1.2229989	1.0533088	0.24204047	0.8088233	1.0	False	lymph	early	nucleotide_transformer
5089	0.16971374	1.223248	1.0535343	0.24202323	0.8088367	1.0	False	lymph	early	nucleotide_transformer
2018	0.1697874	1.2238255	1.054038	0.24201322	0.8088444	1.0	False	lymph	early	nucleotide_transformer
1842	0.16976547	1.2238677	1.0541022	0.24196938	0.80887836	1.0	False	lymph	early	nucleotide_transformer
1309	0.16969669	1.2236174	1.0539207	0.24191442	0.8089209	1.0	False	lymph	early	nucleotide_transformer
2215	0.16960466	1.2230856	1.053481	0.24188504	0.80894375	1.0	False	lymph	early	nucleotide_transformer
201	0.16949952	1.2227634	1.0532639	0.24178824	0.80901873	1.0	False	lymph	early	nucleotide_transformer
1948	0.16954637	1.223159	1.0536126	0.2417754	0.8090287	1.0	False	lymph	early	nucleotide_transformer
357	0.16947293	1.2229438	1.0534708	0.24170576	0.80908257	1.0	False	lymph	early	nucleotide_transformer
2197	0.16940272	1.2229888	1.0535861	0.24158385	0.8091769	1.0	False	lymph	early	nucleotide_transformer
4375	0.1695	1.2238718	1.0543718	0.24154308	0.80920845	1.0	False	lymph	early	nucleotide_transformer
1369	0.16936386	1.2229829	1.053619	0.2415231	0.80922407	1.0	False	lymph	early	nucleotide_transformer
3168	0.16940379	1.2232964	1.0538926	0.24151784	0.8092282	1.0	False	lymph	early	nucleotide_transformer
4398	0.16933596	1.2229315	1.0535955	0.24148974	0.8092499	1.0	False	lymph	early	nucleotide_transformer
133	0.16936767	1.2232163	1.0538486	0.24147773	0.80925924	1.0	False	lymph	early	nucleotide_transformer
3451	0.169348	1.2230814	1.0537333	0.24147601	0.80926055	1.0	False	lymph	early	nucleotide_transformer
2415	0.16935587	1.2234063	1.0540504	0.24141681	0.8093063	1.0	False	lymph	early	nucleotide_transformer
982	0.16931129	1.2232842	1.053973	0.2413727	0.80934054	1.0	False	lymph	early	nucleotide_transformer
1216	0.16920924	1.2226362	1.053427	0.24135257	0.80935615	1.0	False	lymph	early	nucleotide_transformer
3533	0.16925943	1.2231718	1.0539124	0.2413146	0.8093856	1.0	False	lymph	early	nucleotide_transformer
1284	0.16926205	1.2233438	1.0540818	0.24128105	0.8094116	1.0	False	lymph	early	nucleotide_transformer
4243	0.16921115	1.2229941	1.0537829	0.24127676	0.80941486	1.0	False	lymph	early	nucleotide_transformer
1913	0.16926396	1.2233933	1.0541294	0.24127325	0.8094176	1.0	False	lymph	early	nucleotide_transformer
743	0.16918123	1.2230177	1.0538365	0.24122372	0.80945593	1.0	False	lymph	early	nucleotide_transformer
307	0.16918373	1.2230889	1.0539051	0.24121214	0.80946493	1.0	False	lymph	early	nucleotide_transformer
247	0.16920722	1.2232633	1.054056	0.24121122	0.80946565	1.0	False	lymph	early	nucleotide_transformer
2918	0.16925049	1.2235745	1.054324	0.24121033	0.80946636	1.0	False	lymph	early	nucleotide_transformer
3647	0.16912842	1.2227992	1.0536708	0.24118745	0.80948406	1.0	False	lymph	early	nucleotide_transformer
1516	0.16913235	1.22292	1.0537876	0.24116725	0.80949974	1.0	False	lymph	early	nucleotide_transformer
3204	0.16923535	1.2239567	1.0547214	0.2411018	0.8095504	1.0	False	lymph	early	nucleotide_transformer
2806	0.16925704	1.2241154	1.0548583	0.2411016	0.8095506	1.0	False	lymph	early	nucleotide_transformer
1335	0.16911685	1.2231578	1.0540409	0.24109018	0.80955935	1.0	False	lymph	early	nucleotide_transformer
1813	0.16903496	1.2229689	1.053934	0.24100101	0.8096286	1.0	False	lymph	early	nucleotide_transformer
3037	0.1690855	1.2235252	1.0544397	0.24095759	0.80966216	1.0	False	lymph	early	nucleotide_transformer
4587	0.1689856	1.2229131	1.0539275	0.24093445	0.8096801	1.0	False	lymph	early	nucleotide_transformer
4087	0.16898656	1.2229359	1.0539494	0.240931	0.8096827	1.0	False	lymph	early	nucleotide_transformer
1930	0.16909814	1.2241267	1.0550286	0.24084577	0.8097487	1.0	False	lymph	early	nucleotide_transformer
5	0.16890574	1.2230043	1.0540986	0.24078701	0.8097943	1.0	False	lymph	early	nucleotide_transformer
2520	0.16874206	1.2231889	1.0544468	0.24048333	0.8100296	1.0	False	lymph	early	nucleotide_transformer
672	0.16864896	1.2231511	1.0545021	0.24034308	0.81013834	1.0	False	lymph	early	nucleotide_transformer
4264	0.16859484	1.222962	1.0543672	0.24029844	0.8101728	1.0	False	lymph	early	nucleotide_transformer
3387	0.1685251	1.2231818	1.0546567	0.24013907	0.81029636	1.0	False	lymph	early	nucleotide_transformer
1815	0.1685046	1.223111	1.0546064	0.24012196	0.81030965	1.0	False	lymph	early	nucleotide_transformer
1892	0.16843545	1.2226623	1.0542269	0.24010989	0.81031895	1.0	False	lymph	early	nucleotide_transformer
5063	0.16863036	1.224135	1.0555047	0.24009831	0.81032795	1.0	False	lymph	early	nucleotide_transformer
2313	0.1685586	1.2240807	1.0555221	0.23999587	0.81040734	1.0	False	lymph	early	nucleotide_transformer
1	0.16848278	1.2239677	1.0554849	0.23989971	0.81048185	1.0	False	lymph	early	nucleotide_transformer
2082	0.16848671	1.2240673	1.0555806	0.23988426	0.8104938	1.0	False	lymph	early	nucleotide_transformer
4059	0.16844928	1.2239292	1.0554799	0.23985502	0.8105165	1.0	False	lymph	early	nucleotide_transformer
4712	0.16835356	1.2237483	1.0553948	0.23974188	0.8106042	1.0	False	lymph	early	nucleotide_transformer
64	0.16824567	1.2230505	1.0548048	0.23972249	0.81061924	1.0	False	lymph	early	nucleotide_transformer
2790	0.16833842	1.2237642	1.0554258	0.23971435	0.81062555	1.0	False	lymph	early	nucleotide_transformer
4854	0.16822875	1.2232182	1.0549895	0.23965867	0.8106687	1.0	False	lymph	early	nucleotide_transformer
1252	0.16818416	1.2234157	1.0552316	0.23954469	0.81075704	1.0	False	lymph	early	nucleotide_transformer
2031	0.16820312	1.2238504	1.0556473	0.23948	0.8108071	1.0	False	lymph	early	nucleotide_transformer
3351	0.16817784	1.2238711	1.0556933	0.23943542	0.8108417	1.0	False	lymph	early	nucleotide_transformer
4692	0.16799927	1.2242675	1.0562682	0.23906276	0.8111305	1.0	False	lymph	early	nucleotide_transformer
1443	-0.1831162	1.2242931	1.4074093	-0.23345849	0.8154859	1.0	False	lymph	early	nucleotide_transformer
3189	-0.1830796	1.224265	1.4073446	-0.23342142	0.8155146	1.0	False	lymph	early	nucleotide_transformer
4884	-0.18309689	1.2246977	1.4077946	-0.23336765	0.81555635	1.0	False	lymph	early	nucleotide_transformer
848	-0.1830548	1.2245538	1.4076086	-0.23334408	0.8155746	1.0	False	lymph	early	nucleotide_transformer
304	-0.18293476	1.224423	1.4073578	-0.23322895	0.815664	1.0	False	lymph	early	nucleotide_transformer
1723	-0.18283224	1.2249359	1.4077681	-0.23302488	0.81582236	1.0	False	lymph	early	nucleotide_transformer
2881	-0.18276441	1.2246525	1.4074169	-0.2329952	0.8158455	1.0	False	lymph	early	nucleotide_transformer
3628	-0.18270576	1.2243495	1.4070553	-0.23298156	0.81585604	1.0	False	lymph	early	nucleotide_transformer
1632	-0.18245399	1.2227381	1.4051921	-0.23296858	0.8158661	1.0	False	lymph	early	nucleotide_transformer
688	-0.18265355	1.2240931	1.4067466	-0.23296522	0.81586874	1.0	False	lymph	early	nucleotide_transformer
1315	-0.18260133	1.2243279	1.4069293	-0.23286583	0.81594586	1.0	False	lymph	early	nucleotide_transformer
1144	-0.18249166	1.2235922	1.4060838	-0.2328653	0.8159463	1.0	False	lymph	early	nucleotide_transformer
2673	-0.18258035	1.2242267	1.4068071	-0.2328588	0.8159513	1.0	False	lymph	early	nucleotide_transformer
2811	-0.18245757	1.2235808	1.4060384	-0.23282836	0.81597483	1.0	False	lymph	early	nucleotide_transformer
3865	-0.18236947	1.2231364	1.4055059	-0.23280285	0.8159947	1.0	False	lymph	early	nucleotide_transformer
975	-0.18243444	1.2237585	1.4061929	-0.2327717	0.8160189	1.0	False	lymph	early	nucleotide_transformer
3336	-0.18242824	1.2237787	1.406207	-0.23276114	0.81602705	1.0	False	lymph	early	nucleotide_transformer
3923	-0.18250275	1.2245483	1.4070511	-0.23271571	0.8160624	1.0	False	lymph	early	nucleotide_transformer
1139	-0.18243825	1.2243218	1.4067601	-0.23268029	0.81608987	1.0	False	lymph	early	nucleotide_transformer
3468	-0.18244123	1.2244887	1.40693	-0.2326553	0.81610924	1.0	False	lymph	early	nucleotide_transformer
4304	-0.18238616	1.22418	1.4065661	-0.2326451	0.81611717	1.0	False	lymph	early	nucleotide_transformer
2863	-0.18217218	1.2233707	1.4055429	-0.23253697	0.8162011	1.0	False	lymph	early	nucleotide_transformer
2067	-0.18214452	1.2232229	1.4053674	-0.23253034	0.8162063	1.0	False	lymph	early	nucleotide_transformer
3659	-0.18216085	1.2233897	1.4055506	-0.23252086	0.81621355	1.0	False	lymph	early	nucleotide_transformer
3942	-0.1822238	1.2238679	1.4060917	-0.23251216	0.81622034	1.0	False	lymph	early	nucleotide_transformer
3179	-0.18224406	1.2240152	1.4062593	-0.23251013	0.8162219	1.0	False	lymph	early	nucleotide_transformer
3497	-0.18224514	1.2241662	1.4064113	-0.232486	0.8162407	1.0	False	lymph	early	nucleotide_transformer
3281	-0.18207622	1.2235677	1.4056439	-0.23239374	0.8163123	1.0	False	lymph	early	nucleotide_transformer
1794	-0.18214726	1.2240617	1.406209	-0.2323916	0.816314	1.0	False	lymph	early	nucleotide_transformer
3554	-0.18218184	1.2243099	1.4064918	-0.23238918	0.81631577	1.0	False	lymph	early	nucleotide_transformer
3099	-0.18211842	1.2240711	1.4061896	-0.23235688	0.81634086	1.0	False	lymph	early	nucleotide_transformer
2091	-0.18196821	1.2235295	1.4054977	-0.23227662	0.81640315	1.0	False	lymph	early	nucleotide_transformer
3488	-0.18206155	1.2241695	1.406231	-0.23227529	0.8164042	1.0	False	lymph	early	nucleotide_transformer
1174	-0.18188334	1.2230853	1.4049686	-0.23225486	0.8164201	1.0	False	lymph	early	nucleotide_transformer
4575	-0.18199229	1.223912	1.4059043	-0.23223951	0.81643194	1.0	False	lymph	early	nucleotide_transformer
777	-0.18198419	1.2239286	1.4059128	-0.23222753	0.8164413	1.0	False	lymph	early	nucleotide_transformer
2300	-0.18183148	1.2230767	1.4049082	-0.23219685	0.81646514	1.0	False	lymph	early	nucleotide_transformer
4697	-0.18198681	1.2242066	1.4061934	-0.23218344	0.8164755	1.0	False	lymph	early	nucleotide_transformer
1529	-0.18188453	1.2235303	1.4054148	-0.23218057	0.8164778	1.0	False	lymph	early	nucleotide_transformer
373	-0.18186092	1.2234008	1.4052618	-0.23217545	0.8164817	1.0	False	lymph	early	nucleotide_transformer
1421	-0.18205023	1.2247137	1.4067639	-0.23216987	0.81648606	1.0	False	lymph	early	nucleotide_transformer
3840	-0.18187833	1.2236006	1.405479	-0.23216154	0.8164925	1.0	False	lymph	early	nucleotide_transformer
3480	-0.18181098	1.2231781	1.4049891	-0.23215607	0.81649673	1.0	False	lymph	early	nucleotide_transformer
4705	-0.18179965	1.2231343	1.4049339	-0.23215069	0.8165009	1.0	False	lymph	early	nucleotide_transformer
1276	-0.18187046	1.2236298	1.4055003	-0.2321476	0.81650335	1.0	False	lymph	early	nucleotide_transformer
4325	-0.18184447	1.2235088	1.4053533	-0.23213828	0.8165106	1.0	False	lymph	early	nucleotide_transformer
4831	-0.18183756	1.223481	1.4053186	-0.23213507	0.8165131	1.0	False	lymph	early	nucleotide_transformer
3273	-0.18187773	1.2239027	1.4057804	-0.23210989	0.8165326	1.0	False	lymph	early	nucleotide_transformer
4138	-0.18177283	1.2234671	1.4052399	-0.23206319	0.81656885	1.0	False	lymph	early	nucleotide_transformer
2084	-0.18174577	1.223313	1.4050587	-0.23205873	0.8165723	1.0	False	lymph	early	nucleotide_transformer
2366	-0.18180978	1.2238196	1.4056294	-0.232046	0.81658226	1.0	False	lymph	early	nucleotide_transformer
1496	-0.18168509	1.2231307	1.4048158	-0.23202002	0.81660235	1.0	False	lymph	early	nucleotide_transformer
4548	-0.18168628	1.2231685	1.4048548	-0.23201486	0.81660634	1.0	False	lymph	early	nucleotide_transformer
1469	-0.18170345	1.22332	1.4050235	-0.23200898	0.81661093	1.0	False	lymph	early	nucleotide_transformer
4678	-0.1818906	1.2246163	1.4065069	-0.23200409	0.81661475	1.0	False	lymph	early	nucleotide_transformer
3078	-0.18163645	1.2229754	1.4046118	-0.23199044	0.8166254	1.0	False	lymph	early	nucleotide_transformer
2224	-0.18191397	1.2251517	1.4070656	-0.23194021	0.8166644	1.0	False	lymph	early	nucleotide_transformer
3514	-0.18161917	1.223255	1.4048742	-0.2319233	0.81667745	1.0	False	lymph	early	nucleotide_transformer
2213	-0.18162227	1.2234249	1.4050472	-0.2318982	0.81669694	1.0	False	lymph	early	nucleotide_transformer
1097	-0.18165648	1.2237331	1.4053895	-0.23188505	0.8167072	1.0	False	lymph	early	nucleotide_transformer
2486	-0.18165553	1.2237922	1.4054477	-0.23187402	0.8167157	1.0	False	lymph	early	nucleotide_transformer
3631	-0.18159795	1.2236683	1.4052663	-0.23182891	0.81675076	1.0	False	lymph	early	nucleotide_transformer
4153	-0.1815641	1.2242271	1.4057912	-0.23169576	0.8168541	1.0	False	lymph	early	nucleotide_transformer
118	-0.18151784	1.2239178	1.4054357	-0.2316951	0.81685466	1.0	False	lymph	early	nucleotide_transformer
4624	-0.18140817	1.2234035	1.4048116	-0.23165752	0.81688374	1.0	False	lymph	early	nucleotide_transformer
4595	-0.1814264	1.2235885	1.4050149	-0.23164694	0.816892	1.0	False	lymph	early	nucleotide_transformer
3930	-0.18141437	1.2235172	1.4049315	-0.23164438	0.816894	1.0	False	lymph	early	nucleotide_transformer
2713	-0.18151367	1.2242949	1.4058086	-0.23162669	0.81690764	1.0	False	lymph	early	nucleotide_transformer
4271	-0.18138504	1.223631	1.4050161	-0.23159154	0.816935	1.0	False	lymph	early	nucleotide_transformer
4115	-0.18134916	1.223411	1.4047601	-0.23158854	0.8169374	1.0	False	lymph	early	nucleotide_transformer
2418	-0.18134582	1.223653	1.4049988	-0.23154289	0.8169728	1.0	False	lymph	early	nucleotide_transformer
1715	-0.1812793	1.2234069	1.4046862	-0.23150925	0.8169989	1.0	False	lymph	early	nucleotide_transformer
3094	-0.18139946	1.224468	1.4058675	-0.2314666	0.81703204	1.0	False	lymph	early	nucleotide_transformer
1505	-0.18122458	1.2235318	1.4047564	-0.23142543	0.8170639	1.0	False	lymph	early	nucleotide_transformer
386	-0.18122005	1.223631	1.4048511	-0.23140253	0.81708175	1.0	False	lymph	early	nucleotide_transformer
4187	-0.18124986	1.2239858	1.4052356	-0.23137629	0.81710213	1.0	False	lymph	early	nucleotide_transformer
2620	-0.1812061	1.2238444	1.4050505	-0.23135124	0.8171216	1.0	False	lymph	early	nucleotide_transformer
1007	-0.18112361	1.2235309	1.4046545	-0.23130989	0.81715375	1.0	False	lymph	early	nucleotide_transformer
4603	-0.18109035	1.2233071	1.4043975	-0.2313094	0.8171541	1.0	False	lymph	early	nucleotide_transformer
3946	-0.1812129	1.2241448	1.4053577	-0.23130727	0.8171557	1.0	False	lymph	early	nucleotide_transformer
4844	-0.18103147	1.223247	1.4042785	-0.23125194	0.8171987	1.0	False	lymph	early	nucleotide_transformer
1546	-0.18101203	1.2232411	1.4042531	-0.23123063	0.8172152	1.0	False	lymph	early	nucleotide_transformer
4381	-0.18098295	1.2231343	1.4041172	-0.23121558	0.81722695	1.0	False	lymph	early	nucleotide_transformer
541	-0.18110347	1.2239743	1.4050778	-0.23121187	0.8172298	1.0	False	lymph	early	nucleotide_transformer
426	-0.18101418	1.2235373	1.4045515	-0.23118326	0.81725204	1.0	False	lymph	early	nucleotide_transformer
660	-0.18097615	1.2236763	1.4046525	-0.23111519	0.8173049	1.0	False	lymph	early	nucleotide_transformer
3447	-0.18088186	1.2241046	1.4049865	-0.23093602	0.81744397	1.0	False	lymph	early	nucleotide_transformer
2193	-0.18077087	1.2234963	1.4042672	-0.23091118	0.81746334	1.0	False	lymph	early	nucleotide_transformer
164	-0.18090963	1.2246921	1.4056017	-0.2308675	0.81749725	1.0	False	lymph	early	nucleotide_transformer
440	-0.180781	1.2238548	1.4046358	-0.23086143	0.81750196	1.0	False	lymph	early	nucleotide_transformer
216	-0.18063068	1.2234124	1.4040431	-0.23076467	0.817577	1.0	False	lymph	early	nucleotide_transformer
224	-0.33232117	153.53778	153.8701	-0.22394606	0.8228718	1.0	False	lymph	early	nucleotide_transformer
3251	0.1995697	185.35396	185.15439	0.2077587	0.83550227	1.0	False	lymph	early	nucleotide_transformer
2965	-0.13747716	0.9170296	1.0545068	-0.2023436	0.83971757	1.0	False	lymph	early	nucleotide_transformer
1173	-0.13742447	0.9170749	1.0544994	-0.20226522	0.83977884	1.0	False	lymph	early	nucleotide_transformer
1371	-0.13735837	0.91760856	1.0549669	-0.20207307	0.83992887	1.0	False	lymph	early	nucleotide_transformer
1122	-0.13682777	0.91671985	1.0535476	-0.20154883	0.8403385	1.0	False	lymph	early	nucleotide_transformer
2254	-0.13671678	0.9167978	1.0535146	-0.20138694	0.84046507	1.0	False	lymph	early	nucleotide_transformer
4483	-0.13669842	0.916899	1.0535975	-0.2013429	0.8404994	1.0	False	lymph	early	nucleotide_transformer
2153	-0.13672012	0.9171917	1.0539118	-0.2013141	0.840522	1.0	False	lymph	early	nucleotide_transformer
3098	-0.13678247	0.9176349	1.0544174	-0.20130812	0.84052664	1.0	False	lymph	early	nucleotide_transformer
1313	-0.13639724	0.9170742	1.0534714	-0.20091058	0.84083736	1.0	False	lymph	early	nucleotide_transformer
2406	-0.13619983	0.91765165	1.0538515	-0.20053679	0.8411295	1.0	False	lymph	early	nucleotide_transformer
2631	-0.13604152	0.91709936	1.0531409	-0.2004354	0.84120876	1.0	False	lymph	early	nucleotide_transformer
2981	-0.13612407	0.9179836	1.0541077	-0.20037174	0.84125847	1.0	False	lymph	early	nucleotide_transformer
3737	0.17983067	1.9378337	1.758003	0.20022364	0.8413682	1.0	False	lymph	early	nucleotide_transformer
4789	-0.13584507	0.9170953	1.0529404	-0.2001764	0.8414112	1.0	False	lymph	early	nucleotide_transformer
5008	-0.13588285	0.91764224	1.0535251	-0.20011972	0.84145546	1.0	False	lymph	early	nucleotide_transformer
3370	0.17975008	1.9382164	1.7584664	0.20008458	0.841477	1.0	False	lymph	early	nucleotide_transformer
4397	-0.13585222	0.91762686	1.0534791	-0.20008221	0.84148484	1.0	False	lymph	early	nucleotide_transformer
4647	-0.13566417	0.91742676	1.0530909	-0.19987272	0.8416485	1.0	False	lymph	early	nucleotide_transformer
4924	-0.13556188	0.9172979	1.0528598	-0.19976242	0.84173477	1.0	False	lymph	early	nucleotide_transformer
2441	0.11361432	0.8156578	0.7020435	0.1982231	0.8429309	1.0	False	lymph	early	nucleotide_transformer
3348	0.11337674	0.81515104	0.7017743	0.19789591	0.8431868	1.0	False	lymph	early	nucleotide_transformer
265	0.11331946	0.81570035	0.7023809	0.19763498	0.8433909	1.0	False	lymph	early	nucleotide_transformer
4659	0.11323762	0.8151228	0.70188516	0.19763158	0.84339356	1.0	False	lymph	early	nucleotide_transformer
382	0.11317998	0.8150675	0.70188755	0.19753382	0.84347	1.0	False	lymph	early	nucleotide_transformer
2654	0.11324358	0.8155979	0.7023543	0.19751348	0.8434859	1.0	False	lymph	early	nucleotide_transformer
3008	0.11317152	0.81515545	0.7019839	0.19749373	0.8435013	1.0	False	lymph	early	nucleotide_transformer
1965	0.11310643	0.8151457	0.70203924	0.19736914	0.84359884	1.0	False	lymph	early	nucleotide_transformer
950	0.11307722	0.815012	0.70193475	0.19734819	0.84361523	1.0	False	lymph	early	nucleotide_transformer
262	0.113146365	0.815607	0.70246065	0.19732212	0.8436357	1.0	False	lymph	early	nucleotide_transformer
55	0.113132656	0.81573474	0.7026021	0.19725993	0.84368426	1.0	False	lymph	early	nucleotide_transformer
4255	0.11304158	0.8150805	0.70203894	0.1972598	0.8436843	1.0	False	lymph	early	nucleotide_transformer
4823	0.11304271	0.8152245	0.7021818	0.19722332	0.84371287	1.0	False	lymph	early	nucleotide_transformer
4955	0.11305028	0.8153254	0.7022751	0.1972097	0.84372354	1.0	False	lymph	early	nucleotide_transformer
792	0.11313307	0.81593674	0.7028037	0.19720706	0.8437256	1.0	False	lymph	early	nucleotide_transformer
921	0.11312294	0.8158773	0.7027544	0.19720331	0.84372854	1.0	False	lymph	early	nucleotide_transformer
4441	0.113036096	0.8152526	0.7022165	0.19720283	0.8437289	1.0	False	lymph	early	nucleotide_transformer
3637	0.113076985	0.8155507	0.7024737	0.19720083	0.84373045	1.0	False	lymph	early	nucleotide_transformer
2562	0.112989485	0.81495684	0.70196736	0.19719157	0.8437377	1.0	False	lymph	early	nucleotide_transformer
3866	0.11308938	0.8157231	0.70263374	0.19717857	0.84374785	1.0	False	lymph	early	nucleotide_transformer
1504	0.11298537	0.8149814	0.701996	0.19717689	0.8437492	1.0	False	lymph	early	nucleotide_transformer
3864	0.11300105	0.8151114	0.70211035	0.19717246	0.8437527	1.0	False	lymph	early	nucleotide_transformer
3728	0.11307484	0.8156685	0.7025937	0.19716485	0.8437586	1.0	False	lymph	early	nucleotide_transformer
3894	0.11297232	0.8149716	0.7019993	0.19715403	0.84376705	1.0	False	lymph	early	nucleotide_transformer
1602	0.11294806	0.8148241	0.70187604	0.1971465	0.843773	1.0	False	lymph	early	nucleotide_transformer
1048	0.11305207	0.81562734	0.70257527	0.1971315	0.8437847	1.0	False	lymph	early	nucleotide_transformer
1230	0.112936854	0.81489974	0.7019629	0.1971042	0.843806	1.0	False	lymph	early	nucleotide_transformer
2253	0.11300945	0.81553894	0.7025295	0.1970721	0.8438312	1.0	False	lymph	early	nucleotide_transformer
3680	0.11290032	0.81495506	0.70205474	0.19701762	0.8438738	1.0	False	lymph	early	nucleotide_transformer
101	0.1128993	0.8150289	0.7021296	0.1969959	0.8438908	1.0	False	lymph	early	nucleotide_transformer
4439	0.112890065	0.81505084	0.7021608	0.19697192	0.84390956	1.0	False	lymph	early	nucleotide_transformer
3235	0.11288953	0.81506795	0.7021784	0.19696626	0.843914	1.0	False	lymph	early	nucleotide_transformer
5025	0.11284524	0.8148547	0.70200944	0.19693731	0.8439367	1.0	False	lymph	early	nucleotide_transformer
42	0.11284405	0.81487435	0.7020303	0.19692971	0.8439426	1.0	False	lymph	early	nucleotide_transformer
957	0.11289048	0.8153876	0.7024971	0.19688079	0.84398085	1.0	False	lymph	early	nucleotide_transformer
1354	0.112823606	0.8149262	0.7021026	0.19687553	0.84398496	1.0	False	lymph	early	nucleotide_transformer
1131	0.11278576	0.8147814	0.7019957	0.19684084	0.8440121	1.0	False	lymph	early	nucleotide_transformer
4787	0.11289042	0.81557155	0.7026811	0.19683091	0.8440199	1.0	False	lymph	early	nucleotide_transformer
1515	0.11279273	0.8148694	0.7020767	0.19683081	0.8440199	1.0	False	lymph	early	nucleotide_transformer
3233	0.11278391	0.81500036	0.70221645	0.19677797	0.8440613	1.0	False	lymph	early	nucleotide_transformer
2279	0.11277771	0.8150334	0.70225567	0.19675712	0.8440776	1.0	False	lymph	early	nucleotide_transformer
3091	0.112746656	0.8148361	0.7020894	0.19674976	0.8440833	1.0	False	lymph	early	nucleotide_transformer
5095	0.1127792	0.81510997	0.70233077	0.19673812	0.8440924	1.0	False	lymph	early	nucleotide_transformer
3027	0.11273682	0.8149499	0.7022131	0.1966997	0.8441224	1.0	False	lymph	early	nucleotide_transformer
4031	0.112861335	0.815854	0.7029927	0.19669801	0.8441238	1.0	False	lymph	early	nucleotide_transformer
4948	0.112796664	0.8154312	0.7026345	0.19668669	0.84413266	1.0	False	lymph	early	nucleotide_transformer
1900	0.11269134	0.8148058	0.70211446	0.19664973	0.8441617	1.0	False	lymph	early	nucleotide_transformer
2873	0.11273217	0.81514263	0.70241046	0.19663751	0.84417117	1.0	False	lymph	early	nucleotide_transformer
3393	0.112684906	0.81482685	0.70214194	0.19663146	0.84417593	1.0	False	lymph	early	nucleotide_transformer
3149	0.11270851	0.81503356	0.70232505	0.19662184	0.84418344	1.0	False	lymph	early	nucleotide_transformer
4585	0.11275637	0.8154097	0.70265335	0.19661292	0.8441904	1.0	False	lymph	early	nucleotide_transformer
2598	0.11272496	0.815269	0.70254403	0.19659029	0.84420806	1.0	False	lymph	early	nucleotide_transformer
642	0.11271602	0.8152917	0.7025757	0.19656667	0.8442266	1.0	False	lymph	early	nucleotide_transformer
4425	0.112656295	0.81486243	0.70220613	0.19656603	0.84422714	1.0	False	lymph	early	nucleotide_transformer
4134	0.112621546	0.8148604	0.70223886	0.19649881	0.8442797	1.0	False	lymph	early	nucleotide_transformer
4752	0.11264473	0.8150417	0.702397	0.19649377	0.8442836	1.0	False	lymph	early	nucleotide_transformer
3991	0.11264503	0.8153122	0.7026672	0.19642256	0.8443393	1.0	False	lymph	early	nucleotide_transformer
3721	0.112573326	0.81481236	0.70223904	0.19641754	0.84434325	1.0	False	lymph	early	nucleotide_transformer
3987	0.11262101	0.8152917	0.7026707	0.19638118	0.8443717	1.0	False	lymph	early	nucleotide_transformer
4811	0.11257774	0.81507355	0.7024958	0.19635525	0.844392	1.0	False	lymph	early	nucleotide_transformer
5099	0.1125108	0.81465423	0.70214343	0.1963379	0.84440553	1.0	False	lymph	early	nucleotide_transformer
5010	0.11253828	0.81494194	0.70240366	0.1963127	0.84442526	1.0	False	lymph	early	nucleotide_transformer
1325	0.11251545	0.81499374	0.7024783	0.19625422	0.84447104	1.0	False	lymph	early	nucleotide_transformer
2982	0.112558424	0.815327	0.70276856	0.1962498	0.84447455	1.0	False	lymph	early	nucleotide_transformer
2008	0.11253959	0.81533647	0.7027969	0.19621016	0.8445055	1.0	False	lymph	early	nucleotide_transformer
4995	0.112427115	0.8147453	0.7023182	0.19614877	0.84455353	1.0	False	lymph	early	nucleotide_transformer
695	0.1124984	0.81537324	0.70287484	0.19612022	0.8445759	1.0	False	lymph	early	nucleotide_transformer
1270	0.1125136	0.8155333	0.7030197	0.19610506	0.84458774	1.0	False	lymph	early	nucleotide_transformer
2846	0.112440586	0.8150845	0.70264393	0.19608465	0.84460366	1.0	False	lymph	early	nucleotide_transformer
897	0.11234254	0.81484926	0.7025067	0.19595556	0.8447047	1.0	False	lymph	early	nucleotide_transformer
2782	0.112326026	0.8147646	0.7024386	0.1959469	0.8447115	1.0	False	lymph	early	nucleotide_transformer
4158	0.11229837	0.8149267	0.7026283	0.19584934	0.8447878	1.0	False	lymph	early	nucleotide_transformer
226	0.11227524	0.81480193	0.7025267	0.19583774	0.8447969	1.0	False	lymph	early	nucleotide_transformer
2507	0.11221856	0.8144429	0.7022243	0.19582367	0.8448079	1.0	False	lymph	early	nucleotide_transformer
4986	0.11226857	0.81483895	0.7025704	0.19581479	0.84481484	1.0	False	lymph	early	nucleotide_transformer
4977	0.11226261	0.81482005	0.70255744	0.1958082	0.84482	1.0	False	lymph	early	nucleotide_transformer
912	0.112246156	0.8147692	0.70252305	0.19578972	0.8448345	1.0	False	lymph	early	nucleotide_transformer
316	0.11215335	0.81447667	0.7023233	0.1956869	0.8449149	1.0	False	lymph	early	nucleotide_transformer
632	0.11206597	0.81445825	0.7023923	0.19552122	0.84504455	1.0	False	lymph	early	nucleotide_transformer
4452	0.11216068	0.8153806	0.7032199	0.19545747	0.84509444	1.0	False	lymph	early	nucleotide_transformer
2393	0.111973524	0.8151455	0.70317197	0.19515526	0.84533095	1.0	False	lymph	early	nucleotide_transformer
1862	0.111947	0.8152421	0.7032951	0.19507793	0.8453914	1.0	False	lymph	early	nucleotide_transformer
186	0.1119504	0.81539196	0.70344156	0.1950446	0.84541756	1.0	False	lymph	early	nucleotide_transformer
2535	0.1119495	0.8154628	0.7035133	0.19502394	0.8454337	1.0	False	lymph	early	nucleotide_transformer
326	0.111916125	0.8153529	0.7034368	0.19498819	0.8454617	1.0	False	lymph	early	nucleotide_transformer
1346	0.11191034	0.81539786	0.7034875	0.19496496	0.84547997	1.0	False	lymph	early	nucleotide_transformer
2649	0.11187422	0.8152033	0.7033291	0.19494647	0.84549433	1.0	False	lymph	early	nucleotide_transformer
769	0.1118657	0.8151828	0.7033171	0.19493525	0.84550315	1.0	False	lymph	early	nucleotide_transformer
4034	0.11189771	0.8154607	0.703563	0.1949236	0.8455122	1.0	False	lymph	early	nucleotide_transformer
33	0.1117568	0.81449264	0.70273584	0.19490865	0.8455239	1.0	False	lymph	early	nucleotide_transformer
3372	0.111863434	0.8153389	0.7034755	0.19488923	0.8455391	1.0	False	lymph	early	nucleotide_transformer
1589	0.11183977	0.81543154	0.70359176	0.19481847	0.8455946	1.0	False	lymph	early	nucleotide_transformer
962	0.111784756	0.8151514	0.70336664	0.19478595	0.8456199	1.0	False	lymph	early	nucleotide_transformer
3932	0.11181152	0.81549925	0.7036877	0.19474508	0.8456519	1.0	False	lymph	early	nucleotide_transformer
4750	0.15911865	166.22636	166.06725	0.18991478	0.84944624	1.0	False	lymph	early	nucleotide_transformer
1809	-0.17161918	1.9385524	2.1101716	-0.17818892	0.85863423	1.0	False	lymph	early	nucleotide_transformer
4526	-0.17154348	1.938403	2.1099465	-0.17812817	0.8586819	1.0	False	lymph	early	nucleotide_transformer
3715	-0.17150831	1.9383512	2.1098595	-0.17809835	0.85870534	1.0	False	lymph	early	nucleotide_transformer
3994	-0.17130148	1.9378957	2.1091971	-0.17793725	0.8588317	1.0	False	lymph	early	nucleotide_transformer
3613	-0.09184593	0.6117077	0.7035536	-0.16523105	0.8688184	1.0	False	lymph	early	nucleotide_transformer
204	-0.09163445	0.61070263	0.7023371	-0.16513433	0.8688945	1.0	False	lymph	early	nucleotide_transformer
4001	-0.0916481	0.61138284	0.70303094	-0.16499062	0.8690076	1.0	False	lymph	early	nucleotide_transformer
4004	-0.091413796	0.6112067	0.7026205	-0.16465634	0.86927056	1.0	False	lymph	early	nucleotide_transformer
4351	-0.091342986	0.6108461	0.7021891	-0.16462895	0.86929214	1.0	False	lymph	early	nucleotide_transformer
3117	-0.09127885	0.611324	0.70260286	-0.16441025	0.86946416	1.0	False	lymph	early	nucleotide_transformer
2725	-0.091157496	0.61082095	0.70197845	-0.16433519	0.8695232	1.0	False	lymph	early	nucleotide_transformer
637	-0.09118217	0.6113168	0.702499	-0.16425583	0.86958563	1.0	False	lymph	early	nucleotide_transformer
2336	-0.091142595	0.6110727	0.7022153	-0.16425064	0.8695897	1.0	False	lymph	early	nucleotide_transformer
2088	-0.09104282	0.6109729	0.7020157	-0.16411334	0.8696978	1.0	False	lymph	early	nucleotide_transformer
4489	-0.09106386	0.6111885	0.7022523	-0.16409567	0.8697117	1.0	False	lymph	early	nucleotide_transformer
1741	-0.09105265	0.61126536	0.702318	-0.16405888	0.86974066	1.0	False	lymph	early	nucleotide_transformer
4256	-0.09103507	0.6112212	0.70225626	-0.16404128	0.8697545	1.0	False	lymph	early	nucleotide_transformer
727	-0.091023386	0.61124414	0.7022675	-0.16401668	0.8697738	1.0	False	lymph	early	nucleotide_transformer
2940	-0.090994	0.61117214	0.70216614	-0.16398667	0.86979747	1.0	False	lymph	early	nucleotide_transformer
1364	-0.090973735	0.61135596	0.7023297	-0.1639096	0.8698581	1.0	False	lymph	early	nucleotide_transformer
2248	-0.0909273	0.6111156	0.7020429	-0.16389237	0.8698717	1.0	False	lymph	early	nucleotide_transformer
296	-0.09084797	0.61115324	0.7020012	-0.1637551	0.8699796	1.0	False	lymph	early	nucleotide_transformer
978	-0.09082174	0.6111885	0.7020102	-0.16370428	0.8700196	1.0	False	lymph	early	nucleotide_transformer
4723	-0.09078413	0.61110497	0.7018891	-0.1636635	0.87005174	1.0	False	lymph	early	nucleotide_transformer
675	-0.09074819	0.6111036	0.7018518	-0.16360572	0.8700972	1.0	False	lymph	early	nucleotide_transformer
3404	-0.09069687	0.61115843	0.7018553	-0.16350959	0.8701728	1.0	False	lymph	early	nucleotide_transformer
3964	-0.09063321	0.6111585	0.7017917	-0.16340657	0.8702539	1.0	False	lymph	early	nucleotide_transformer
24	-0.090506375	0.61167157	0.70217794	-0.16307886	0.87051183	1.0	False	lymph	early	nucleotide_transformer
1617	-0.0904665	0.6114986	0.7019651	-0.16305567	0.87053007	1.0	False	lymph	early	nucleotide_transformer
926	-0.08780819	0.61393815	0.70174634	-0.15817633	0.87437147	1.0	False	lymph	early	nucleotide_transformer
945	0.124554515	1.5293146	1.4047601	0.15523513	0.8766843	1.0	False	lymph	early	nucleotide_transformer
2017	0.12420511	1.5296177	1.4054126	0.1547379	0.87707615	1.0	False	lymph	early	nucleotide_transformer
756	0.124123335	1.5293288	1.4052055	0.15466022	0.8771373	1.0	False	lymph	early	nucleotide_transformer
802	0.12409532	1.529222	1.4051267	0.15463458	0.87715757	1.0	False	lymph	early	nucleotide_transformer
1158	0.124056816	1.5288633	1.4048065	0.15462217	0.87716734	1.0	False	lymph	early	nucleotide_transformer
3886	0.124076605	1.5297035	1.4056269	0.15455784	0.87721807	1.0	False	lymph	early	nucleotide_transformer
502	0.124013305	1.5294172	1.4054039	0.15450422	0.8772603	1.0	False	lymph	early	nucleotide_transformer
3880	0.124016285	1.529482	1.4054657	0.15450126	0.8772626	1.0	False	lymph	early	nucleotide_transformer
4936	0.12398219	1.5293931	1.4054109	0.15446548	0.87729084	1.0	False	lymph	early	nucleotide_transformer
3525	0.12398255	1.5295308	1.4055482	0.15445144	0.87730193	1.0	False	lymph	early	nucleotide_transformer
3082	0.123976946	1.5295343	1.4055574	0.1544436	0.8773081	1.0	False	lymph	early	nucleotide_transformer
2733	0.12390673	1.5288965	1.4049897	0.15441953	0.877327	1.0	False	lymph	early	nucleotide_transformer
2867	0.12363136	1.5288452	1.4052138	0.15405811	0.8776119	1.0	False	lymph	early	nucleotide_transformer
3522	0.12360227	1.5289856	1.4053833	0.15400453	0.87765414	1.0	False	lymph	early	nucleotide_transformer
1104	0.12355757	1.528945	1.4053874	0.15394945	0.8776975	1.0	False	lymph	early	nucleotide_transformer
3822	0.123348355	1.5296246	1.4062762	0.15359907	0.87797374	1.0	False	lymph	early	nucleotide_transformer
4546	0.12332773	1.5296774	1.4063497	0.153566	0.8779997	1.0	False	lymph	early	nucleotide_transformer
4257	0.12317085	1.5299724	1.4068016	0.15332562	0.87818927	1.0	False	lymph	early	nucleotide_transformer
4824	0.12310624	1.5297625	1.4066563	0.15326267	0.8782389	1.0	False	lymph	early	nucleotide_transformer
4927	0.12309551	1.5298153	1.4067198	0.15324226	0.87825495	1.0	False	lymph	early	nucleotide_transformer
2057	0.12304652	1.5301042	1.4070576	0.15314725	0.8783298	1.0	False	lymph	early	nucleotide_transformer
2607	0.12306714	1.5305777	1.4075105	0.15312299	0.878349	1.0	False	lymph	early	nucleotide_transformer
2904	0.14674377	185.65839	185.51164	0.15310057	0.8783814	1.0	False	lymph	early	nucleotide_transformer
1543	0.12280083	1.529988	1.4071872	0.15283358	0.8785771	1.0	False	lymph	early	nucleotide_transformer
2460	0.12281847	1.5305027	1.4076842	0.15280123	0.87860256	1.0	False	lymph	early	nucleotide_transformer
3763	0.12238574	1.5295042	1.4071184	0.15233415	0.87897086	1.0	False	lymph	early	nucleotide_transformer
2358	0.12239182	1.5299716	1.4075798	0.15229148	0.8790045	1.0	False	lymph	early	nucleotide_transformer
705	0.12232125	1.5300003	1.4076791	0.15219486	0.87908065	1.0	False	lymph	early	nucleotide_transformer
396	0.12230408	1.5299598	1.4076557	0.15217638	0.87909526	1.0	False	lymph	early	nucleotide_transformer
1943	-0.5805969	99.529396	100.10999	-0.14399077	0.88555413	1.0	False	lymph	early	nucleotide_transformer
4892	-0.12669492	1.6318724	1.7585673	-0.14376235	0.8857358	1.0	False	lymph	early	nucleotide_transformer
1005	-0.12668097	1.6320223	1.7587032	-0.1437351	0.88575727	1.0	False	lymph	early	nucleotide_transformer
4369	-0.1266241	1.632042	1.7586662	-0.1436726	0.8858066	1.0	False	lymph	early	nucleotide_transformer
4061	-0.12658739	1.631721	1.7583084	-0.14365984	0.8858167	1.0	False	lymph	early	nucleotide_transformer
4487	-0.12657964	1.6317888	1.7583685	-0.14364573	0.88582784	1.0	False	lymph	early	nucleotide_transformer
4745	-0.12665796	1.6330471	1.7597051	-0.14362563	0.8858437	1.0	False	lymph	early	nucleotide_transformer
3004	-0.12647283	1.6316093	1.7580822	-0.14354633	0.8859063	1.0	False	lymph	early	nucleotide_transformer
4683	-0.12654603	1.632771	1.759317	-0.14352876	0.88592017	1.0	False	lymph	early	nucleotide_transformer
3583	-0.12633467	1.6317036	1.7580383	-0.14339058	0.88602924	1.0	False	lymph	early	nucleotide_transformer
4614	-0.12630975	1.6318749	1.7581847	-0.1433498	0.8860614	1.0	False	lymph	early	nucleotide_transformer
1152	-0.12629628	1.6318578	1.758154	-0.1433368	0.8860717	1.0	False	lymph	early	nucleotide_transformer
1049	-0.12624049	1.631987	1.7582275	-0.14326644	0.88612723	1.0	False	lymph	early	nucleotide_transformer
3254	-0.12622273	1.6318969	1.7581196	-0.14325477	0.8861364	1.0	False	lymph	early	nucleotide_transformer
5026	-0.12610257	1.6321232	1.7582258	-0.14310747	0.88625264	1.0	False	lymph	early	nucleotide_transformer
2724	-0.12599969	1.6320244	1.7580241	-0.14300539	0.8863333	1.0	False	lymph	early	nucleotide_transformer
4867	-0.12593377	1.6317416	1.7576754	-0.14295897	0.88636994	1.0	False	lymph	early	nucleotide_transformer
3305	-0.12585509	1.6318784	1.7577335	-0.14286344	0.88644534	1.0	False	lymph	early	nucleotide_transformer
3419	-0.12581515	1.632139	1.7579541	-0.14279827	0.8864968	1.0	False	lymph	early	nucleotide_transformer
2378	-0.12579799	1.6319963	1.7577943	-0.14279258	0.88650125	1.0	False	lymph	early	nucleotide_transformer
2327	-0.12570739	1.6315238	1.7572312	-0.14273447	0.88654715	1.0	False	lymph	early	nucleotide_transformer
933	-0.12572467	1.6318742	1.7575989	-0.14272404	0.8865554	1.0	False	lymph	early	nucleotide_transformer
2124	-0.12571275	1.6319745	1.7576872	-0.142703	0.886572	1.0	False	lymph	early	nucleotide_transformer
1889	-0.12565565	1.6319815	1.7576371	-0.14264128	0.8866207	1.0	False	lymph	early	nucleotide_transformer
78	-0.12567389	1.6324371	1.758111	-0.14262228	0.88663566	1.0	False	lymph	early	nucleotide_transformer
2826	-0.12557387	1.6316286	1.7572025	-0.1425827	0.88666695	1.0	False	lymph	early	nucleotide_transformer
5119	-0.12554145	1.6316448	1.7571863	-0.14254658	0.8866955	1.0	False	lymph	early	nucleotide_transformer
4322	-0.12557685	1.6321299	1.7577068	-0.14254464	0.88669705	1.0	False	lymph	early	nucleotide_transformer
1379	-0.12549055	1.6320497	1.7575402	-0.14245869	0.8867649	1.0	False	lymph	early	nucleotide_transformer
418	-0.12530458	1.6317707	1.7570753	-0.14228235	0.8869041	1.0	False	lymph	early	nucleotide_transformer
4272	-0.12507868	1.6314536	1.7565323	-0.14206591	0.887075	1.0	False	lymph	early	nucleotide_transformer
2947	-0.1250472	1.63144	1.7564873	-0.14203328	0.88710076	1.0	False	lymph	early	nucleotide_transformer
4305	-0.1250695	1.6320019	1.7570714	-0.14201137	0.88711804	1.0	False	lymph	early	nucleotide_transformer
2425	-0.12506366	1.6321578	1.7572215	-0.14199243	0.887133	1.0	False	lymph	early	nucleotide_transformer
3340	-0.12505281	1.6321375	1.7571903	-0.14198245	0.88714087	1.0	False	lymph	early	nucleotide_transformer
2821	-0.12486124	1.6316507	1.7565119	-0.14181657	0.8872718	1.0	False	lymph	early	nucleotide_transformer
4327	-0.12495625	1.6330026	1.7579589	-0.14180706	0.88727933	1.0	False	lymph	early	nucleotide_transformer
670	-0.12493241	1.633029	1.7579614	-0.14177935	0.88730127	1.0	False	lymph	early	nucleotide_transformer
887	-0.124886036	1.632999	1.757885	-0.14173213	0.8873385	1.0	False	lymph	early	nucleotide_transformer
4505	-0.12473118	1.6313442	1.7560754	-0.14170216	0.8873622	1.0	False	lymph	early	nucleotide_transformer
1622	-0.12485409	1.6332655	1.7581196	-0.1416762	0.8873827	1.0	False	lymph	early	nucleotide_transformer
4137	0.05745247	0.40829408	0.3508416	0.14157905	0.8874552	1.0	False	lymph	early	nucleotide_transformer
4964	0.05744177	0.40825537	0.3508136	0.14156449	0.8874667	1.0	False	lymph	early	nucleotide_transformer
4008	-0.124587536	1.6313552	1.7559427	-0.14154713	0.88748455	1.0	False	lymph	early	nucleotide_transformer
3823	-0.1245724	1.6312977	1.7558701	-0.14153555	0.88749367	1.0	False	lymph	early	nucleotide_transformer
173	0.05741611	0.40824315	0.35082704	0.14149828	0.88751894	1.0	False	lymph	early	nucleotide_transformer
5071	0.057424933	0.40831706	0.35089213	0.14149398	0.88752234	1.0	False	lymph	early	nucleotide_transformer
2256	0.05740851	0.40820554	0.35079703	0.14149186	0.887524	1.0	False	lymph	early	nucleotide_transformer
3462	0.05737403	0.4082444	0.35087037	0.14138144	0.8876112	1.0	False	lymph	early	nucleotide_transformer
5011	0.057368368	0.40823212	0.35086375	0.14137053	0.88761985	1.0	False	lymph	early	nucleotide_transformer
4063	0.05736628	0.40826845	0.35090217	0.1413506	0.8876356	1.0	False	lymph	early	nucleotide_transformer
4879	0.0573453	0.4082126	0.3508673	0.14131433	0.88766426	1.0	False	lymph	early	nucleotide_transformer
3799	0.05733353	0.4081651	0.35083157	0.1413002	0.8876754	1.0	False	lymph	early	nucleotide_transformer
2865	0.057320893	0.40815738	0.3508365	0.14126818	0.8877006	1.0	False	lymph	early	nucleotide_transformer
4361	0.057261646	0.40815473	0.35089308	0.14110549	0.8878292	1.0	False	lymph	early	nucleotide_transformer
1035	0.057263464	0.40817773	0.35091427	0.14110152	0.8878323	1.0	False	lymph	early	nucleotide_transformer
1363	0.057218164	0.4080332	0.35081503	0.14103226	0.88788706	1.0	False	lymph	early	nucleotide_transformer
1370	0.056973577	0.40813112	0.35115755	0.1403187	0.88845056	1.0	False	lymph	early	nucleotide_transformer
2481	0.057017118	0.40846336	0.35144624	0.14031114	0.8884565	1.0	False	lymph	early	nucleotide_transformer
677	0.05688116	0.40817663	0.35129547	0.14004612	0.8886658	1.0	False	lymph	early	nucleotide_transformer
1583	0.056673765	0.40750533	0.35083157	0.13973105	0.88891464	1.0	False	lymph	early	nucleotide_transformer
4588	0.056669533	0.4076447	0.35097516	0.13966615	0.8889659	1.0	False	lymph	early	nucleotide_transformer
3396	0.056660116	0.40767884	0.35101873	0.13962707	0.8889967	1.0	False	lymph	early	nucleotide_transformer
561	0.05664906	0.4076408	0.35099176	0.13961111	0.88900936	1.0	False	lymph	early	nucleotide_transformer
2380	0.056609243	0.4075379	0.35092866	0.13954033	0.8890653	1.0	False	lymph	early	nucleotide_transformer
858	0.05660677	0.407599	0.35099223	0.13951033	0.889089	1.0	False	lymph	early	nucleotide_transformer
482	0.05660987	0.40767708	0.35106722	0.13948902	0.8891058	1.0	False	lymph	early	nucleotide_transformer
722	0.056560516	0.40740353	0.350843	0.13945757	0.8891308	1.0	False	lymph	early	nucleotide_transformer
4036	0.056553364	0.40739092	0.35083756	0.13944261	0.8891425	1.0	False	lymph	early	nucleotide_transformer
4328	0.05654797	0.40753308	0.3509851	0.13937287	0.8891976	1.0	False	lymph	early	nucleotide_transformer
1801	0.056577235	0.40777257	0.35119534	0.13936223	0.88920605	1.0	False	lymph	early	nucleotide_transformer
3450	0.05650574	0.40749216	0.35098642	0.13927189	0.8892774	1.0	False	lymph	early	nucleotide_transformer
4942	0.05647531	0.40740514	0.35092983	0.13922149	0.8893172	1.0	False	lymph	early	nucleotide_transformer
1275	0.056509048	0.40768635	0.3511773	0.13920699	0.88932866	1.0	False	lymph	early	nucleotide_transformer
5015	0.056447446	0.40726444	0.350817	0.1391984	0.88933545	1.0	False	lymph	early	nucleotide_transformer
230	0.056485116	0.40755233	0.35106722	0.13919215	0.88934034	1.0	False	lymph	early	nucleotide_transformer
441	0.056430012	0.40728408	0.35085407	0.13914277	0.8893794	1.0	False	lymph	early	nucleotide_transformer
4130	0.056493998	0.40780145	0.35130745	0.13912153	0.8893962	1.0	False	lymph	early	nucleotide_transformer
4259	0.05641535	0.40739617	0.35098082	0.13905932	0.8894453	1.0	False	lymph	early	nucleotide_transformer
3990	0.056414127	0.40742806	0.35101393	0.13904387	0.8894575	1.0	False	lymph	early	nucleotide_transformer
134	0.056344956	0.40716526	0.3508203	0.13895316	0.8895291	1.0	False	lymph	early	nucleotide_transformer
2501	0.05634758	0.40723392	0.35088634	0.13893422	0.8895441	1.0	False	lymph	early	nucleotide_transformer
838	0.056324393	0.40714777	0.35082337	0.13890307	0.88956875	1.0	False	lymph	early	nucleotide_transformer
243	0.05636084	0.40748504	0.3511242	0.13887487	0.889591	1.0	False	lymph	early	nucleotide_transformer
4077	0.056389093	0.40771687	0.35132778	0.13886444	0.88959926	1.0	False	lymph	early	nucleotide_transformer
1979	0.056310177	0.40722367	0.3509135	0.13883485	0.8896226	1.0	False	lymph	early	nucleotide_transformer
1320	0.056321293	0.40736404	0.35104275	0.13881196	0.8896407	1.0	False	lymph	early	nucleotide_transformer
125	0.056330055	0.40767458	0.35134453	0.13871773	0.88971514	1.0	False	lymph	early	nucleotide_transformer
1498	0.05631548	0.40764943	0.35133395	0.1386871	0.8897393	1.0	False	lymph	early	nucleotide_transformer
1050	0.05624461	0.40715474	0.35091013	0.13868012	0.8897448	1.0	False	lymph	early	nucleotide_transformer
3466	0.0561966	0.40710285	0.35090625	0.13856728	0.889834	1.0	False	lymph	early	nucleotide_transformer
3777	0.056260675	0.407619	0.35135832	0.13854751	0.8898496	1.0	False	lymph	early	nucleotide_transformer
4104	0.05626574	0.40767482	0.35140908	0.13854028	0.8898553	1.0	False	lymph	early	nucleotide_transformer
1682	0.056179374	0.40714303	0.35096365	0.13850431	0.88988376	1.0	False	lymph	early	nucleotide_transformer
4083	0.056236565	0.40762892	0.35139236	0.13847728	0.8899051	1.0	False	lymph	early	nucleotide_transformer
2044	0.056162864	0.40717092	0.35100806	0.1384483	0.8899279	1.0	False	lymph	early	nucleotide_transformer
2052	0.05614552	0.4070679	0.35092238	0.13843958	0.88993484	1.0	False	lymph	early	nucleotide_transformer
1017	0.056161016	0.40724957	0.35108855	0.13841309	0.8899558	1.0	False	lymph	early	nucleotide_transformer
431	0.056150496	0.40717468	0.35102418	0.13841274	0.88995606	1.0	False	lymph	early	nucleotide_transformer
188	0.056133777	0.40706304	0.35092926	0.13840887	0.8899591	1.0	False	lymph	early	nucleotide_transformer
1667	0.05614555	0.40718818	0.35104263	0.13839394	0.8899709	1.0	False	lymph	early	nucleotide_transformer
4742	0.056144953	0.4071988	0.35105383	0.13838828	0.88997537	1.0	False	lymph	early	nucleotide_transformer
4993	0.056129247	0.4071822	0.35105294	0.13835125	0.89000463	1.0	False	lymph	early	nucleotide_transformer
4645	0.056125432	0.40715605	0.35103062	0.13835064	0.8900051	1.0	False	lymph	early	nucleotide_transformer
500	0.056097806	0.4071078	0.35101	0.13829252	0.890051	1.0	False	lymph	early	nucleotide_transformer
2735	0.056183487	0.4077782	0.35159472	0.13827445	0.8900653	1.0	False	lymph	early	nucleotide_transformer
3539	0.056135863	0.40752038	0.35138452	0.13824081	0.8900919	1.0	False	lymph	early	nucleotide_transformer
2777	0.056133837	0.4076817	0.35154787	0.13817416	0.8901445	1.0	False	lymph	early	nucleotide_transformer
833	0.056034446	0.40713277	0.35109833	0.1381082	0.8901966	1.0	False	lymph	early	nucleotide_transformer
856	0.056007147	0.40717888	0.35117173	0.13801537	0.89026994	1.0	False	lymph	early	nucleotide_transformer
754	0.05598262	0.40743053	0.3514479	0.13785286	0.8903984	1.0	False	lymph	early	nucleotide_transformer
2843	0.055936664	0.4073031	0.35136643	0.13777438	0.89046043	1.0	False	lymph	early	nucleotide_transformer
4904	0.055874527	0.40764096	0.35176644	0.13747549	0.8906966	1.0	False	lymph	early	nucleotide_transformer
3618	0.05584559	0.40747774	0.35163215	0.13745713	0.8907111	1.0	False	lymph	early	nucleotide_transformer
2919	0.05580342	0.40724176	0.35143834	0.13743035	0.8907322	1.0	False	lymph	early	nucleotide_transformer
4428	0.0557988	0.40732923	0.35153043	0.13738467	0.8907683	1.0	False	lymph	early	nucleotide_transformer
2495	0.05588469	0.40798345	0.35209876	0.13737465	0.8907762	1.0	False	lymph	early	nucleotide_transformer
4579	0.055789024	0.40757677	0.35178775	0.13726431	0.89086336	1.0	False	lymph	early	nucleotide_transformer
511	0.055754304	0.40733683	0.35158253	0.13725926	0.8908674	1.0	False	lymph	early	nucleotide_transformer
4848	0.055710077	0.40712687	0.3514168	0.1372165	0.8909012	1.0	False	lymph	early	nucleotide_transformer
4656	0.055709362	0.40713432	0.35142496	0.13721171	0.890905	1.0	False	lymph	early	nucleotide_transformer
1177	0.055805415	0.40784094	0.35203552	0.13721019	0.8909062	1.0	False	lymph	early	nucleotide_transformer
1877	0.05581963	0.40795445	0.35213482	0.13720667	0.8909089	1.0	False	lymph	early	nucleotide_transformer
3557	0.05580014	0.4078793	0.35207915	0.13718128	0.89092904	1.0	False	lymph	early	nucleotide_transformer
2789	0.055753797	0.4076882	0.3519344	0.1371255	0.8909731	1.0	False	lymph	early	nucleotide_transformer
2466	0.055747867	0.40764707	0.3518992	0.13712464	0.8909738	1.0	False	lymph	early	nucleotide_transformer
3255	0.0557411	0.4076532	0.3519121	0.13710374	0.89099026	1.0	False	lymph	early	nucleotide_transformer
4494	0.05570191	0.40737668	0.35167477	0.13710001	0.89099324	1.0	False	lymph	early	nucleotide_transformer
5058	0.055711955	0.40757638	0.35186443	0.13705239	0.89103085	1.0	False	lymph	early	nucleotide_transformer
4090	0.055632472	0.40701053	0.35137805	0.13704646	0.8910355	1.0	False	lymph	early	nucleotide_transformer
3724	0.055701584	0.4078363	0.3521347	0.13692643	0.8911304	1.0	False	lymph	early	nucleotide_transformer
1143	0.055602252	0.40738177	0.35177952	0.136824	0.89121133	1.0	False	lymph	early	nucleotide_transformer
3220	0.05546105	0.4071898	0.35172874	0.13650721	0.8914617	1.0	False	lymph	early	nucleotide_transformer
1912	0.055427194	0.40716133	0.35173413	0.13642468	0.8915268	1.0	False	lymph	early	nucleotide_transformer
2379	0.055325598	0.40699577	0.35167018	0.13620698	0.89169884	1.0	False	lymph	early	nucleotide_transformer
4062	-0.046438307	0.3052929	0.3517312	-0.11805414	0.9060648	1.0	False	lymph	early	nucleotide_transformer
4097	-0.046323687	0.30522695	0.35155064	-0.117816135	0.9062533	1.0	False	lymph	early	nucleotide_transformer
914	-0.046326965	0.30531558	0.35164255	-0.11779309	0.90627146	1.0	False	lymph	early	nucleotide_transformer
875	-0.04631877	0.30527923	0.351598	-0.117786966	0.90627635	1.0	False	lymph	early	nucleotide_transformer
3061	-0.046264738	0.30516225	0.351427	-0.1177043	0.90634185	1.0	False	lymph	early	nucleotide_transformer
4979	-0.046276927	0.30525783	0.35153475	-0.11769909	0.906346	1.0	False	lymph	early	nucleotide_transformer
2850	-0.04637581	0.30648214	0.35285795	-0.117502265	0.9065019	1.0	False	lymph	early	nucleotide_transformer
4164	-0.046366215	0.3065297	0.35289592	-0.117464185	0.90653205	1.0	False	lymph	early	nucleotide_transformer
4573	-0.045898736	0.30549166	0.3513904	-0.11675767	0.9070917	1.0	False	lymph	early	nucleotide_transformer
4662	-0.045879513	0.30539283	0.35127234	-0.11674761	0.9070996	1.0	False	lymph	early	nucleotide_transformer
2100	-0.045880824	0.3054706	0.3513514	-0.11672405	0.9071182	1.0	False	lymph	early	nucleotide_transformer
2602	-0.045908928	0.30569208	0.351601	-0.116712324	0.9071275	1.0	False	lymph	early	nucleotide_transformer
3611	-0.0459114	0.30578288	0.3516943	-0.116687104	0.9071475	1.0	False	lymph	early	nucleotide_transformer
1744	-0.045866966	0.3056355	0.35150248	-0.11663615	0.9071879	1.0	False	lymph	early	nucleotide_transformer
85	-0.045857042	0.30558535	0.3514424	-0.116630666	0.90719223	1.0	False	lymph	early	nucleotide_transformer
4178	-0.045817822	0.30539298	0.3512108	-0.11660691	0.90721107	1.0	False	lymph	early	nucleotide_transformer
1561	-0.045852184	0.30562338	0.35147557	-0.116606496	0.90721136	1.0	False	lymph	early	nucleotide_transformer
302	-0.04583499	0.30554125	0.35137624	-0.11659546	0.9072201	1.0	False	lymph	early	nucleotide_transformer
2456	-0.04580146	0.3053574	0.35115886	-0.11658183	0.9072309	1.0	False	lymph	early	nucleotide_transformer
4021	-0.0458529	0.30574265	0.35159555	-0.11656745	0.9072423	1.0	False	lymph	early	nucleotide_transformer
2476	-0.045812964	0.30551848	0.35133144	-0.116553016	0.90725374	1.0	False	lymph	early	nucleotide_transformer
448	-0.045793176	0.30555308	0.35134625	-0.1164961	0.9072988	1.0	False	lymph	early	nucleotide_transformer
4467	-0.045784116	0.3055414	0.3513255	-0.11647943	0.90731204	1.0	False	lymph	early	nucleotide_transformer
1836	-0.04581064	0.30573046	0.3515411	-0.11647533	0.90731525	1.0	False	lymph	early	nucleotide_transformer
3608	-0.04575345	0.30537742	0.35113087	-0.11646547	0.9073231	1.0	False	lymph	early	nucleotide_transformer
3245	-0.045789182	0.30563733	0.3514265	-0.116458185	0.90732884	1.0	False	lymph	early	nucleotide_transformer
4846	-0.045764834	0.3054764	0.35124123	-0.11645762	0.90732926	1.0	False	lymph	early	nucleotide_transformer
2854	-0.04575917	0.3054409	0.35120007	-0.11645687	0.90732986	1.0	False	lymph	early	nucleotide_transformer
3617	-0.045777082	0.30558962	0.3513667	-0.116447024	0.90733767	1.0	False	lymph	early	nucleotide_transformer
208	-0.045761645	0.30556747	0.35132912	-0.11641933	0.9073596	1.0	False	lymph	early	nucleotide_transformer
2216	-0.04572031	0.30529308	0.3510134	-0.11641863	0.9073602	1.0	False	lymph	early	nucleotide_transformer
4391	-0.045787185	0.30575922	0.3515464	-0.11641223	0.90736526	1.0	False	lymph	early	nucleotide_transformer
4251	-0.04575172	0.3055831	0.3513348	-0.11639138	0.9073817	1.0	False	lymph	early	nucleotide_transformer
1328	-0.045712322	0.3053415	0.35105383	-0.11638382	0.90738773	1.0	False	lymph	early	nucleotide_transformer
129	-0.045733005	0.30551705	0.35125005	-0.11637119	0.9073978	1.0	False	lymph	early	nucleotide_transformer
1594	-0.04574141	0.30561644	0.35135785	-0.11635657	0.9074093	1.0	False	lymph	early	nucleotide_transformer
1479	-0.045725495	0.30553773	0.35126323	-0.11634702	0.9074169	1.0	False	lymph	early	nucleotide_transformer
4953	-0.045719594	0.30552855	0.35124815	-0.11633669	0.90742505	1.0	False	lymph	early	nucleotide_transformer
311	-0.045719385	0.3055757	0.35129508	-0.11632016	0.9074382	1.0	False	lymph	early	nucleotide_transformer
1450	-0.045722723	0.30563447	0.3513572	-0.11630778	0.907448	1.0	False	lymph	early	nucleotide_transformer
3928	-0.045710176	0.30555356	0.35126373	-0.1163067	0.9074489	1.0	False	lymph	early	nucleotide_transformer
2923	-0.04571992	0.3056338	0.35135373	-0.1163016	0.9074529	1.0	False	lymph	early	nucleotide_transformer
69	-0.045718014	0.30563763	0.35135564	-0.11629596	0.90745735	1.0	False	lymph	early	nucleotide_transformer
684	-0.04569879	0.30552074	0.35121953	-0.11629191	0.9074605	1.0	False	lymph	early	nucleotide_transformer
1051	-0.04569152	0.30547482	0.35116634	-0.11629101	0.9074613	1.0	False	lymph	early	nucleotide_transformer
517	-0.045679092	0.30539957	0.35107866	-0.1162883	0.90746343	1.0	False	lymph	early	nucleotide_transformer
1779	-0.045690775	0.3054829	0.35117367	-0.1162865	0.90746486	1.0	False	lymph	early	nucleotide_transformer
2687	-0.045695424	0.3055489	0.35124433	-0.11627465	0.9074742	1.0	False	lymph	early	nucleotide_transformer
3000	-0.045624197	0.30532724	0.35095143	-0.116187625	0.9075432	1.0	False	lymph	early	nucleotide_transformer
4949	-0.045668304	0.30562398	0.35129228	-0.11618726	0.9075434	1.0	False	lymph	early	nucleotide_transformer
1263	-0.04563147	0.30537683	0.3510083	-0.116187274	0.9075435	1.0	False	lymph	early	nucleotide_transformer
1014	-0.045663387	0.30560365	0.35126704	-0.116182946	0.9075469	1.0	False	lymph	early	nucleotide_transformer
341	-0.045626253	0.30536377	0.35099003	-0.11617977	0.9075494	1.0	False	lymph	early	nucleotide_transformer
4292	-0.04560405	0.30527112	0.35087517	-0.116160706	0.9075645	1.0	False	lymph	early	nucleotide_transformer
781	-0.04564768	0.30559143	0.35123911	-0.116151296	0.9075719	1.0	False	lymph	early	nucleotide_transformer
3642	-0.045645177	0.30558792	0.3512331	-0.116146766	0.9075755	1.0	False	lymph	early	nucleotide_transformer
1455	-0.045594633	0.30527827	0.3508729	-0.11613681	0.9075834	1.0	False	lymph	early	nucleotide_transformer
3176	-0.04559329	0.30535665	0.35094994	-0.116107084	0.90760696	1.0	False	lymph	early	nucleotide_transformer
2530	-0.04557818	0.30532646	0.35090464	-0.11608279	0.9076262	1.0	False	lymph	early	nucleotide_transformer
4852	-0.045596093	0.3054529	0.351049	-0.11608051	0.907628	1.0	False	lymph	early	nucleotide_transformer
2983	-0.045582473	0.30536845	0.35095093	-0.11607827	0.9076298	1.0	False	lymph	early	nucleotide_transformer
4785	-0.04557714	0.30534497	0.3509221	-0.1160741	0.90763307	1.0	False	lymph	early	nucleotide_transformer
4035	-0.045571327	0.30534944	0.35092077	-0.11605938	0.9076447	1.0	False	lymph	early	nucleotide_transformer
729	-0.045570463	0.3053641	0.35093457	-0.11605243	0.9076503	1.0	False	lymph	early	nucleotide_transformer
4372	-0.045551687	0.3053082	0.35085988	-0.11602856	0.9076692	1.0	False	lymph	early	nucleotide_transformer
3980	-0.04555124	0.30536908	0.35092032	-0.11600684	0.9076864	1.0	False	lymph	early	nucleotide_transformer
4152	-0.045554996	0.30542463	0.35097963	-0.11599655	0.9076945	1.0	False	lymph	early	nucleotide_transformer
5048	-0.0455527	0.3054361	0.3509888	-0.1159874	0.9077018	1.0	False	lymph	early	nucleotide_transformer
13	-0.045529455	0.30536675	0.3508962	-0.115957744	0.9077252	1.0	False	lymph	early	nucleotide_transformer
749	-0.045556933	0.3056202	0.35117713	-0.11593449	0.9077437	1.0	False	lymph	early	nucleotide_transformer
2816	-0.04555112	0.30563182	0.35118294	-0.11591729	0.90775734	1.0	False	lymph	early	nucleotide_transformer
4093	-0.045503348	0.3053587	0.35086206	-0.115901	0.9077702	1.0	False	lymph	early	nucleotide_transformer
2754	-0.045516998	0.30558023	0.35109723	-0.11585691	0.90780514	1.0	False	lymph	early	nucleotide_transformer
3226	-0.045493186	0.30561373	0.3511069	-0.1157912	0.9078572	1.0	False	lymph	early	nucleotide_transformer
1916	-0.045465946	0.305436	0.35090193	-0.1157893	0.90785867	1.0	False	lymph	early	nucleotide_transformer
2497	-0.0454697	0.3054886	0.3509583	-0.11578008	0.90786594	1.0	False	lymph	early	nucleotide_transformer
2037	-0.045467764	0.30558994	0.3510577	-0.11574129	0.9078967	1.0	False	lymph	early	nucleotide_transformer
4836	-0.045411557	0.30548593	0.3508975	-0.11564816	0.9079705	1.0	False	lymph	early	nucleotide_transformer
2301	-0.045448005	0.30602273	0.35147074	-0.115549706	0.90804845	1.0	False	lymph	early	nucleotide_transformer
3503	-0.045370102	0.3056599	0.35103	-0.11549464	0.9080921	1.0	False	lymph	early	nucleotide_transformer
1579	-0.04539588	0.30585197	0.35124785	-0.11548852	0.90809697	1.0	False	lymph	early	nucleotide_transformer
370	-0.045336455	0.30546516	0.35080162	-0.11548365	0.90810084	1.0	False	lymph	early	nucleotide_transformer
3130	-0.045321614	0.3055403	0.3508619	-0.11542433	0.9081479	1.0	False	lymph	early	nucleotide_transformer
4554	-0.045323104	0.30559126	0.35091436	-0.11541051	0.9081587	1.0	False	lymph	early	nucleotide_transformer
488	-0.045352787	0.30582306	0.35117584	-0.1153999	0.9081672	1.0	False	lymph	early	nucleotide_transformer
4804	-0.045271426	0.30568796	0.3509594	-0.11525977	0.90827817	1.0	False	lymph	early	nucleotide_transformer
3619	-0.04527697	0.3058119	0.35108888	-0.115230545	0.90830135	1.0	False	lymph	early	nucleotide_transformer
5111	-0.045173526	0.3058266	0.35100013	-0.114989385	0.9084924	1.0	False	lymph	early	nucleotide_transformer
4239	-0.04493469	0.30592468	0.35085937	-0.11441057	0.90895104	1.0	False	lymph	early	nucleotide_transformer
4519	-0.044879645	0.30629677	0.3511764	-0.11416001	0.9091496	1.0	False	lymph	early	nucleotide_transformer
519	-0.04488066	0.30631366	0.35119432	-0.114156656	0.90915215	1.0	False	lymph	early	nucleotide_transformer
1296	-0.04480061	0.30603406	0.35083467	-0.114067346	0.90922296	1.0	False	lymph	early	nucleotide_transformer
3410	-0.04481715	0.30622897	0.35104612	-0.11403989	0.9092447	1.0	False	lymph	early	nucleotide_transformer
543	-0.044811755	0.30630517	0.35111693	-0.11400209	0.90927464	1.0	False	lymph	early	nucleotide_transformer
2926	-0.044808567	0.30632496	0.35113353	-0.1139882	0.90928566	1.0	False	lymph	early	nucleotide_transformer
3768	-0.044807374	0.3063241	0.35113147	-0.113985755	0.90928763	1.0	False	lymph	early	nucleotide_transformer
4345	-0.044788778	0.30625537	0.35104415	-0.11396623	0.90930307	1.0	False	lymph	early	nucleotide_transformer
501	-0.044773012	0.30627212	0.35104513	-0.113924585	0.9093361	1.0	False	lymph	early	nucleotide_transformer
1475	-0.044778287	0.30632865	0.35110694	-0.11391776	0.90934145	1.0	False	lymph	early	nucleotide_transformer
1393	-0.04477039	0.30636406	0.35113445	-0.11388788	0.9093651	1.0	False	lymph	early	nucleotide_transformer
105	-0.044739604	0.30632356	0.35106316	-0.11383105	0.9094102	1.0	False	lymph	early	nucleotide_transformer
3547	-0.044740796	0.30644715	0.35118794	-0.11379254	0.9094407	1.0	False	lymph	early	nucleotide_transformer
4550	-0.044607103	0.30621693	0.35082403	-0.11356363	0.9096221	1.0	False	lymph	early	nucleotide_transformer
2159	-0.044521898	0.3063059	0.35082778	-0.113339126	0.90979993	1.0	False	lymph	early	nucleotide_transformer
136	-0.08184028	1.3261948	1.408035	-0.1034496	0.9176401	1.0	False	lymph	early	nucleotide_transformer
2513	-0.08141863	1.3256917	1.4071103	-0.10297897	0.9180134	1.0	False	lymph	early	nucleotide_transformer
594	-0.0813936	1.3261969	1.4075905	-0.1029105	0.91806775	1.0	False	lymph	early	nucleotide_transformer
4609	-0.081362486	1.3262476	1.40761	-0.10286909	0.9181006	1.0	False	lymph	early	nucleotide_transformer
5096	-0.08130002	1.3256694	1.4069694	-0.10283734	0.91812575	1.0	False	lymph	early	nucleotide_transformer
278	-0.08130658	1.3258121	1.4071187	-0.1028348	0.9181278	1.0	False	lymph	early	nucleotide_transformer
2434	-0.08128142	1.3258082	1.4070896	-0.10280468	0.9181517	1.0	False	lymph	early	nucleotide_transformer
3770	-0.08125973	1.3259199	1.4071796	-0.10276997	0.9181792	1.0	False	lymph	early	nucleotide_transformer
1245	-0.08128035	1.3262721	1.4075525	-0.102768116	0.9181807	1.0	False	lymph	early	nucleotide_transformer
4514	-0.08124483	1.3260136	1.4072584	-0.1027451	0.91819894	1.0	False	lymph	early	nucleotide_transformer
4866	-0.08122897	1.3257622	1.4069911	-0.10274472	0.91819924	1.0	False	lymph	early	nucleotide_transformer
3757	-0.08122361	1.325922	1.4071456	-0.1027262	0.91821396	1.0	False	lymph	early	nucleotide_transformer
1852	-0.081231475	1.3261403	1.4073718	-0.10271879	0.9182198	1.0	False	lymph	early	nucleotide_transformer
1599	-0.081220984	1.3264729	1.4076939	-0.10268185	0.91824913	1.0	False	lymph	early	nucleotide_transformer
2272	-0.081204295	1.3262132	1.4074175	-0.102680616	0.9182501	1.0	False	lymph	early	nucleotide_transformer
666	-0.08114672	1.325787	1.4069337	-0.10264354	0.9182795	1.0	False	lymph	early	nucleotide_transformer
1783	-0.08115804	1.3263702	1.4075283	-0.10261326	0.91830355	1.0	False	lymph	early	nucleotide_transformer
2062	-0.08111942	1.3261366	1.407256	-0.10258478	0.9183262	1.0	False	lymph	early	nucleotide_transformer
5108	-0.08105457	1.3261018	1.4071563	-0.102509	0.9183863	1.0	False	lymph	early	nucleotide_transformer
1310	-0.08101177	1.3260831	1.4070948	-0.10245866	0.9184262	1.0	False	lymph	early	nucleotide_transformer
2190	-0.08101058	1.3263421	1.4073527	-0.1024373	0.91844314	1.0	False	lymph	early	nucleotide_transformer
3791	-0.08092308	1.3259195	1.4068426	-0.10236349	0.9185017	1.0	False	lymph	early	nucleotide_transformer
836	-0.08083761	1.3258829	1.4067205	-0.10226283	0.91858155	1.0	False	lymph	early	nucleotide_transformer
3074	-0.08080864	1.3267533	1.4075619	-0.10216339	0.91866046	1.0	False	lymph	early	nucleotide_transformer
2697	-0.08078778	1.3265746	1.4073623	-0.10215119	0.9186701	1.0	False	lymph	early	nucleotide_transformer
2433	-0.080724	1.3258262	1.4065502	-0.10212981	0.9186871	1.0	False	lymph	early	nucleotide_transformer
2343	-0.08065772	1.325631	1.4062887	-0.102064244	0.9187391	1.0	False	lymph	early	nucleotide_transformer
3657	-0.08061516	1.3256968	1.406312	-0.102007985	0.9187837	1.0	False	lymph	early	nucleotide_transformer
4643	-0.08054268	1.3259957	1.4065384	-0.1018983	0.9188708	1.0	False	lymph	early	nucleotide_transformer
4543	-0.08051455	1.3257927	1.4063072	-0.10187938	0.91888577	1.0	False	lymph	early	nucleotide_transformer
2032	-0.08049774	1.3256097	1.4061074	-0.10187247	0.9188913	1.0	False	lymph	early	nucleotide_transformer
4512	-0.08046508	1.325461	1.4059261	-0.10184379	0.918914	1.0	False	lymph	early	nucleotide_transformer
2517	-0.080516934	1.3263419	1.4068588	-0.10184193	0.9189155	1.0	False	lymph	early	nucleotide_transformer
4142	-0.08046138	1.3257948	1.4062562	-0.10181503	0.91893685	1.0	False	lymph	early	nucleotide_transformer
3872	-0.080474734	1.3269185	1.4073932	-0.10174801	0.91899	1.0	False	lymph	early	nucleotide_transformer
1006	-0.08036852	1.3254337	1.4058022	-0.101729035	0.91900504	1.0	False	lymph	early	nucleotide_transformer
1398	-0.08037543	1.3261133	1.4064888	-0.10168774	0.9190378	1.0	False	lymph	early	nucleotide_transformer
2249	-0.080311656	1.3261235	1.4064351	-0.10160984	0.9190997	1.0	False	lymph	early	nucleotide_transformer
2986	-0.08028555	1.326073	1.4063586	-0.10158197	0.91912174	1.0	False	lymph	early	nucleotide_transformer
3992	-0.08028746	1.3261893	1.4064767	-0.101575814	0.9191267	1.0	False	lymph	early	nucleotide_transformer
3576	-0.08026779	1.3261516	1.4064194	-0.10155477	0.9191433	1.0	False	lymph	early	nucleotide_transformer
2692	-0.080260396	1.3264219	1.4066823	-0.10152604	0.91916615	1.0	False	lymph	early	nucleotide_transformer
4042	-0.08020246	1.3262646	1.4064671	-0.10146757	0.9192125	1.0	False	lymph	early	nucleotide_transformer
282	-0.080106854	1.3257446	1.4058515	-0.10138993	0.91927415	1.0	False	lymph	early	nucleotide_transformer
2538	-0.08005059	1.3264517	1.4065022	-0.101270474	0.9193689	1.0	False	lymph	early	nucleotide_transformer
2105	-0.07992828	1.3248619	1.4047902	-0.10123807	0.9193946	1.0	False	lymph	early	nucleotide_transformer
1019	-0.07992387	1.3249887	1.4049126	-0.10122354	0.9194061	1.0	False	lymph	early	nucleotide_transformer
4215	-0.079895735	1.324734	1.4046297	-0.101207934	0.9194185	1.0	False	lymph	early	nucleotide_transformer
1085	-0.07981622	1.3258244	1.4056406	-0.101032615	0.9195577	1.0	False	lymph	early	nucleotide_transformer
3386	-0.07981753	1.3259897	1.4058073	-0.101022005	0.91956615	1.0	False	lymph	early	nucleotide_transformer
3020	-0.07977331	1.3258121	1.4055854	-0.10098153	0.9195982	1.0	False	lymph	early	nucleotide_transformer
2555	-0.07976997	1.326017	1.405787	-0.100962475	0.91961336	1.0	False	lymph	early	nucleotide_transformer
2577	-0.079737425	1.3258824	1.4056199	-0.1009328	0.9196369	1.0	False	lymph	early	nucleotide_transformer
3725	-0.079687476	1.3251473	1.4048347	-0.10092587	0.9196424	1.0	False	lymph	early	nucleotide_transformer
3844	-0.079720736	1.3257381	1.4054588	-0.10092336	0.9196444	1.0	False	lymph	early	nucleotide_transformer
4492	-0.07971728	1.3259176	1.4056349	-0.10090589	0.9196583	1.0	False	lymph	early	nucleotide_transformer
3655	-0.07967472	1.3255804	1.4052551	-0.100878984	0.91967964	1.0	False	lymph	early	nucleotide_transformer
4769	-0.079686284	1.3258517	1.405538	-0.10087317	0.91968423	1.0	False	lymph	early	nucleotide_transformer
4744	-0.079635024	1.3251706	1.4048057	-0.100860685	0.9196941	1.0	False	lymph	early	nucleotide_transformer
2901	-0.07967806	1.3261936	1.4058716	-0.100838564	0.91971165	1.0	False	lymph	early	nucleotide_transformer
1465	-0.07962215	1.3256484	1.4052706	-0.10081036	0.91973406	1.0	False	lymph	early	nucleotide_transformer
5006	-0.07962775	1.3259813	1.405609	-0.10079299	0.9197478	1.0	False	lymph	early	nucleotide_transformer
5064	-0.07957649	1.325927	1.4055035	-0.10073495	0.91979384	1.0	False	lymph	early	nucleotide_transformer
2559	-0.079466105	1.32559	1.4050561	-0.10062589	0.91988045	1.0	False	lymph	early	nucleotide_transformer
747	-0.07945359	1.3254622	1.4049158	-0.10062005	0.91988504	1.0	False	lymph	early	nucleotide_transformer
317	-0.07942331	1.3250571	1.4044805	-0.1006131	0.9198906	1.0	False	lymph	early	nucleotide_transformer
2571	-0.07939482	1.3255637	1.4049585	-0.10054161	0.91994727	1.0	False	lymph	early	nucleotide_transformer
4374	-0.07938647	1.3258157	1.4052022	-0.10051337	0.91996974	1.0	False	lymph	early	nucleotide_transformer
3398	-0.07934022	1.3252245	1.4045647	-0.100500345	0.91998005	1.0	False	lymph	early	nucleotide_transformer
206	-0.079348564	1.325459	1.4048076	-0.100493185	0.9199857	1.0	False	lymph	early	nucleotide_transformer
1690	-0.07926571	1.3262789	1.4055446	-0.100333534	0.9201124	1.0	False	lymph	early	nucleotide_transformer
2305	-0.07921994	1.3257198	1.4049398	-0.1003187	0.9201242	1.0	False	lymph	early	nucleotide_transformer
1745	-0.07894623	1.3253648	1.4043111	-0.10001353	0.92036635	1.0	False	lymph	early	nucleotide_transformer
2123	-0.07893705	1.3255625	1.4044995	-0.09998783	0.92038673	1.0	False	lymph	early	nucleotide_transformer
4412	-0.0789212	1.32565	1.4045712	-0.09996191	0.9204073	1.0	False	lymph	early	nucleotide_transformer
1575	-0.07891011	1.3257034	1.4046135	-0.099944666	0.920421	1.0	False	lymph	early	nucleotide_transformer
62	-0.07887375	1.3253942	1.4042679	-0.099923626	0.9204377	1.0	False	lymph	early	nucleotide_transformer
633	-0.0788914	1.3257917	1.4046831	-0.09991614	0.9204436	1.0	False	lymph	early	nucleotide_transformer
1607	-0.07882905	1.3256443	1.4044733	-0.0998516	0.92049485	1.0	False	lymph	early	nucleotide_transformer
385	-0.07878232	1.3256042	1.4043865	-0.09979743	0.9205378	1.0	False	lymph	early	nucleotide_transformer
250	-0.07827461	1.3264189	1.4046935	-0.099123724	0.9210725	1.0	False	lymph	early	nucleotide_transformer
2239	0.0685873	1.1217772	1.0531899	0.09885761	0.9212822	1.0	False	lymph	early	nucleotide_transformer
5106	0.0684005	1.121818	1.0534174	0.09857126	0.92150944	1.0	False	lymph	early	nucleotide_transformer
2188	0.06834662	1.121899	1.0535524	0.09848238	0.92157996	1.0	False	lymph	early	nucleotide_transformer
546	0.06828797	1.1213253	1.0530373	0.098446436	0.9216085	1.0	False	lymph	early	nucleotide_transformer
1548	0.068256855	1.121928	1.0536711	0.09834401	0.92168987	1.0	False	lymph	early	nucleotide_transformer
2479	0.06819332	1.1218162	1.0536228	0.09825818	0.92175794	1.0	False	lymph	early	nucleotide_transformer
2252	0.06811094	1.1211731	1.0530622	0.098192625	0.92181	1.0	False	lymph	early	nucleotide_transformer
948	0.06811428	1.1221899	1.0540756	0.09810467	0.92187977	1.0	False	lymph	early	nucleotide_transformer
3215	0.06805086	1.1221117	1.0540608	0.09801596	0.92195016	1.0	False	lymph	early	nucleotide_transformer
4628	0.06794226	1.1211563	1.0532141	0.09793903	0.9220113	1.0	False	lymph	early	nucleotide_transformer
1463	0.067929864	1.1211041	1.0531743	0.09792502	0.9220224	1.0	False	lymph	early	nucleotide_transformer
3106	0.06798363	1.1221048	1.0541211	0.097914994	0.9220303	1.0	False	lymph	early	nucleotide_transformer
223	0.067916155	1.121564	1.0536479	0.09786227	0.92207223	1.0	False	lymph	early	nucleotide_transformer
2718	0.067873	1.121506	1.053633	0.0978026	0.92211956	1.0	False	lymph	early	nucleotide_transformer
1981	0.06787038	1.1221876	1.0543172	0.09773572	0.92217267	1.0	False	lymph	early	nucleotide_transformer
4716	0.067730546	1.1212549	1.0535244	0.097610004	0.92227244	1.0	False	lymph	early	nucleotide_transformer
3309	0.06771624	1.1216141	1.0538979	0.097555496	0.9223157	1.0	False	lymph	early	nucleotide_transformer
4315	0.06764698	1.1206585	1.0530115	0.09753775	0.9223298	1.0	False	lymph	early	nucleotide_transformer
3975	0.067698	1.1215414	1.0538434	0.097534664	0.9223322	1.0	False	lymph	early	nucleotide_transformer
2565	0.06768119	1.1216251	1.0539439	0.09750157	0.9223585	1.0	False	lymph	early	nucleotide_transformer
451	0.06761968	1.1213392	1.0537195	0.097434804	0.9224115	1.0	False	lymph	early	nucleotide_transformer
3159	0.067592025	1.1212955	1.0537034	0.097396925	0.92244154	1.0	False	lymph	early	nucleotide_transformer
1324	0.06760609	1.1217043	1.0540982	0.09738082	0.92245436	1.0	False	lymph	early	nucleotide_transformer
4669	0.067604065	1.1216841	1.05408	0.09737975	0.9224552	1.0	False	lymph	early	nucleotide_transformer
3151	0.067593455	1.1216909	1.0540974	0.09736306	0.9224685	1.0	False	lymph	early	nucleotide_transformer
1869	0.06756246	1.1212317	1.0536692	0.09735814	0.9224724	1.0	False	lymph	early	nucleotide_transformer
2117	0.06757176	1.1215192	1.0539474	0.09734602	0.922482	1.0	False	lymph	early	nucleotide_transformer
702	0.067563415	1.121536	1.0539726	0.09733174	0.92249334	1.0	False	lymph	early	nucleotide_transformer
2677	0.0675298	1.121446	1.0539162	0.09728916	0.92252713	1.0	False	lymph	early	nucleotide_transformer
2945	0.06753075	1.1214932	1.0539625	0.09728641	0.9225293	1.0	False	lymph	early	nucleotide_transformer
1121	0.0674957	1.1215411	1.0540454	0.09722889	0.92257494	1.0	False	lymph	early	nucleotide_transformer
3403	0.06748474	1.1218667	1.054382	0.09718219	0.922612	1.0	False	lymph	early	nucleotide_transformer
2290	0.06744182	1.1212709	1.0538291	0.09717206	0.92262006	1.0	False	lymph	early	nucleotide_transformer
644	0.06739533	1.1210223	1.053627	0.09712446	0.92265785	1.0	False	lymph	early	nucleotide_transformer
4482	0.06744075	1.1218878	1.054447	0.09711387	0.92266625	1.0	False	lymph	early	nucleotide_transformer
2927	0.06733942	1.12067	1.0533305	0.097071715	0.92269975	1.0	False	lymph	early	nucleotide_transformer
191	0.06730521	1.1212182	1.053913	0.09697051	0.92278004	1.0	False	lymph	early	nucleotide_transformer
4625	0.067295074	1.1214324	1.0541373	0.096936	0.92280746	1.0	False	lymph	early	nucleotide_transformer
4384	0.06724191	1.1213472	1.0541053	0.09686338	0.9228651	1.0	False	lymph	early	nucleotide_transformer
4941	0.066937804	1.1210473	1.0541095	0.09643092	0.9232085	1.0	False	lymph	early	nucleotide_transformer
1915	0.066927314	1.1212308	1.0543035	0.09639797	0.9232346	1.0	False	lymph	early	nucleotide_transformer
5001	0.06679332	1.1214459	1.0546526	0.096176475	0.9234104	1.0	False	lymph	early	nucleotide_transformer
3438	0.06672609	1.1218187	1.0550926	0.0960415	0.9235176	1.0	False	lymph	early	nucleotide_transformer
4985	0.066416144	1.1220745	1.0556583	0.095551245	0.9239068	1.0	False	lymph	early	nucleotide_transformer
4555	0.06638086	1.1216754	1.0552945	0.09553349	0.92392087	1.0	False	lymph	early	nucleotide_transformer
2803	0.06627715	1.1217904	1.0555133	0.09536694	0.92405313	1.0	False	lymph	early	nucleotide_transformer
3031	0.06567335	1.1221819	1.0565085	0.09442193	0.92480356	1.0	False	lymph	early	nucleotide_transformer
1484	0.06557679	1.1221879	1.0566111	0.09427601	0.9249194	1.0	False	lymph	early	nucleotide_transformer
3956	-0.069857836	2.0398922	2.10975	-0.07215646	0.9425007	1.0	False	lymph	early	nucleotide_transformer
404	0.09832764	354.1716	354.07327	0.0591843	0.9528309	1.0	False	lymph	early	nucleotide_transformer
4311	-0.03597033	1.0202153	1.0561856	-0.052285023	0.95831853	1.0	False	lymph	early	nucleotide_transformer
3142	-0.035731554	1.0189466	1.0546782	-0.052010234	0.9585374	1.0	False	lymph	early	nucleotide_transformer
2857	-0.035702944	1.0197062	1.0554092	-0.051932164	0.9585995	1.0	False	lymph	early	nucleotide_transformer
2753	-0.035693765	1.0197374	1.0554311	-0.05191763	0.95861113	1.0	False	lymph	early	nucleotide_transformer
4025	-0.03559816	1.019965	1.0555632	-0.05177094	0.95872796	1.0	False	lymph	early	nucleotide_transformer
3407	-0.035259843	1.0197285	1.0549884	-0.051303275	0.9591004	1.0	False	lymph	early	nucleotide_transformer
3603	-0.035261035	1.0200169	1.055278	-0.05129092	0.9591103	1.0	False	lymph	early	nucleotide_transformer
629	-0.03520918	1.0192251	1.0544343	-0.051256076	0.95913804	1.0	False	lymph	early	nucleotide_transformer
4112	-0.03515935	1.0197383	1.0548977	-0.051160365	0.9592143	1.0	False	lymph	early	nucleotide_transformer
2832	-0.035099387	1.0201485	1.0552479	-0.051055517	0.95929784	1.0	False	lymph	early	nucleotide_transformer
2047	-0.035031676	1.01956	1.0545917	-0.05098802	0.9593516	1.0	False	lymph	early	nucleotide_transformer
2977	-0.035007358	1.0200024	1.0550097	-0.05093216	0.95939606	1.0	False	lymph	early	nucleotide_transformer
1545	-0.034977436	1.0201588	1.0551362	-0.050882187	0.9594359	1.0	False	lymph	early	nucleotide_transformer
1585	-0.034915924	1.0192373	1.0541532	-0.05083992	0.9594695	1.0	False	lymph	early	nucleotide_transformer
3296	-0.034883738	1.0192508	1.0541345	-0.050793607	0.9595064	1.0	False	lymph	early	nucleotide_transformer
1819	-0.034824252	1.01942	1.0542443	-0.05070065	0.9595805	1.0	False	lymph	early	nucleotide_transformer
3714	-0.034833908	1.0200671	1.054901	-0.05068313	0.95959437	1.0	False	lymph	early	nucleotide_transformer
865	-0.034741044	1.0192204	1.0539614	-0.0505926	0.95966655	1.0	False	lymph	early	nucleotide_transformer
1477	-0.034651756	1.0185647	1.0532165	-0.050497442	0.9597423	1.0	False	lymph	early	nucleotide_transformer
63	-0.034615755	1.018648	1.0532638	-0.050442323	0.95978624	1.0	False	lymph	early	nucleotide_transformer
4861	-0.03462255	1.0196173	1.0542399	-0.05040506	0.9598159	1.0	False	lymph	early	nucleotide_transformer
5077	-0.034575224	1.0197871	1.0543623	-0.05032969	0.95987594	1.0	False	lymph	early	nucleotide_transformer
3134	-0.034516692	1.0196031	1.0541198	-0.050255824	0.9599348	1.0	False	lymph	early	nucleotide_transformer
2613	-0.03446853	1.0191965	1.053665	-0.050207052	0.9599736	1.0	False	lymph	early	nucleotide_transformer
1547	-0.034469724	1.0192684	1.0537381	-0.05020523	0.95997506	1.0	False	lymph	early	nucleotide_transformer
1749	-0.034460306	1.019315	1.0537753	-0.0501897	0.95998746	1.0	False	lymph	early	nucleotide_transformer
823	-0.034409165	1.0192521	1.0536612	-0.05012012	0.9600429	1.0	False	lymph	early	nucleotide_transformer
3999	-0.03435576	1.0188097	1.0531654	-0.05006536	0.9600865	1.0	False	lymph	early	nucleotide_transformer
2251	-0.034307837	1.0190861	1.053394	-0.04998414	0.9601512	1.0	False	lymph	early	nucleotide_transformer
3331	-0.034283757	1.0186087	1.0528924	-0.049972627	0.9601603	1.0	False	lymph	early	nucleotide_transformer
1373	-0.034267426	1.0188738	1.0531412	-0.049936827	0.96018887	1.0	False	lymph	early	nucleotide_transformer
403	-0.034260035	1.0189022	1.0531622	-0.049924985	0.96019834	1.0	False	lymph	early	nucleotide_transformer
5057	-0.034247875	1.01906	1.0533079	-0.049900223	0.960218	1.0	False	lymph	early	nucleotide_transformer
4454	-0.034255505	1.0195785	1.053834	-0.04988637	0.96022904	1.0	False	lymph	early	nucleotide_transformer
3408	-0.18240356	110.75411	110.936516	-0.04985271	0.9602557	1.0	False	lymph	early	nucleotide_transformer
478	-0.034234643	1.0199276	1.0541623	-0.049840115	0.9602659	1.0	False	lymph	early	nucleotide_transformer
4897	-0.034203887	1.0195607	1.0537646	-0.049813908	0.9602868	1.0	False	lymph	early	nucleotide_transformer
38	-0.03418982	1.0192975	1.0534873	-0.049806505	0.9602927	1.0	False	lymph	early	nucleotide_transformer
1438	-0.0341928	1.0197477	1.0539405	-0.04978933	0.96030635	1.0	False	lymph	early	nucleotide_transformer
4528	-0.0341686	1.0195122	1.0536808	-0.049766142	0.9603248	1.0	False	lymph	early	nucleotide_transformer
585	-0.03410554	1.0194337	1.0535393	-0.04968032	0.96039325	1.0	False	lymph	early	nucleotide_transformer
638	-0.034066916	1.0194888	1.0535557	-0.049622834	0.960439	1.0	False	lymph	early	nucleotide_transformer
2537	-0.03402865	1.019344	1.0533726	-0.049575467	0.96047676	1.0	False	lymph	early	nucleotide_transformer
2104	-0.034010053	1.019341	1.053351	-0.04954915	0.9604977	1.0	False	lymph	early	nucleotide_transformer
395	-0.034002542	1.0192301	1.0532327	-0.049543746	0.96050197	1.0	False	lymph	early	nucleotide_transformer
1800	-0.03400421	1.0193526	1.0533568	-0.04954018	0.96050483	1.0	False	lymph	early	nucleotide_transformer
4352	-0.033930182	1.0191747	1.0531049	-0.049443513	0.96058184	1.0	False	lymph	early	nucleotide_transformer
315	-0.033872604	1.019185	1.0530576	-0.04936122	0.96064734	1.0	False	lymph	early	nucleotide_transformer
1189	-0.03385675	1.0192631	1.0531199	-0.049335036	0.96066827	1.0	False	lymph	early	nucleotide_transformer
1832	-0.033862114	1.0199646	1.0538267	-0.04930962	0.96068853	1.0	False	lymph	early	nucleotide_transformer
2795	-0.033821702	1.019308	1.0531297	-0.049283136	0.9607096	1.0	False	lymph	early	nucleotide_transformer
559	-0.033800483	1.0193334	1.0531338	-0.04925179	0.9607346	1.0	False	lymph	early	nucleotide_transformer
4799	-0.033789277	1.0196309	1.0534202	-0.04922189	0.9607584	1.0	False	lymph	early	nucleotide_transformer
930	-0.03371024	1.0197811	1.0534914	-0.049102593	0.9608534	1.0	False	lymph	early	nucleotide_transformer
2328	-0.033605814	1.0195727	1.0531785	-0.04896394	0.96096385	1.0	False	lymph	early	nucleotide_transformer
4680	-0.03344357	1.0194633	1.0529069	-0.048738446	0.96114343	1.0	False	lymph	early	nucleotide_transformer
2119	0.022734642	1.4275895	1.4048549	0.028558869	0.9772255	1.0	False	lymph	early	nucleotide_transformer
4911	0.02263236	1.4269172	1.4042848	0.0284424	0.9773183	1.0	False	lymph	early	nucleotide_transformer
3883	0.022533774	1.4267339	1.4042001	0.028320713	0.9774153	1.0	False	lymph	early	nucleotide_transformer
4366	0.022544146	1.4275113	1.4049672	0.028318273	0.97741723	1.0	False	lymph	early	nucleotide_transformer
1076	0.02252841	1.4266709	1.4041425	0.028315064	0.9774198	1.0	False	lymph	early	nucleotide_transformer
3184	0.02254033	1.4276332	1.4050928	0.02831086	0.97742313	1.0	False	lymph	early	nucleotide_transformer
1150	0.022513509	1.4276465	1.405133	0.028276535	0.97745055	1.0	False	lymph	early	nucleotide_transformer
1969	0.02248764	1.4268924	1.4044048	0.028258871	0.9774646	1.0	False	lymph	early	nucleotide_transformer
1366	0.022491097	1.4273105	1.4048194	0.02825483	0.97746783	1.0	False	lymph	early	nucleotide_transformer
1288	0.02246952	1.4273249	1.4048554	0.02822711	0.97748995	1.0	False	lymph	early	nucleotide_transformer
2467	0.022463322	1.4270146	1.4045513	0.028225334	0.9774914	1.0	False	lymph	early	nucleotide_transformer
1316	0.02242589	1.4268203	1.4043944	0.028181752	0.9775261	1.0	False	lymph	early	nucleotide_transformer
2007	0.022420883	1.4266946	1.4042737	0.028177872	0.9775292	1.0	False	lymph	early	nucleotide_transformer
2421	0.022411227	1.426627	1.4042158	0.028166931	0.97753793	1.0	False	lymph	early	nucleotide_transformer
3939	0.022402525	1.4268019	1.4043994	0.0281524	0.97754955	1.0	False	lymph	early	nucleotide_transformer
4338	0.022394419	1.426637	1.4042426	0.028145345	0.97755516	1.0	False	lymph	early	nucleotide_transformer
1449	0.022387385	1.4268687	1.4044813	0.02813182	0.9775659	1.0	False	lymph	early	nucleotide_transformer
2978	0.022319198	1.4267663	1.4044471	0.028047109	0.9776335	1.0	False	lymph	early	nucleotide_transformer
1418	0.022319555	1.4278314	1.4055119	0.028026275	0.9776501	1.0	False	lymph	early	nucleotide_transformer
366	0.022297144	1.4272219	1.4049248	0.028009994	0.97766304	1.0	False	lymph	early	nucleotide_transformer
2519	0.022238612	1.4279224	1.4056838	0.027921611	0.9777335	1.0	False	lymph	early	nucleotide_transformer
1782	0.02220273	1.4269446	1.4047419	0.027895397	0.9777544	1.0	False	lymph	early	nucleotide_transformer
992	0.022177339	1.4276601	1.4054828	0.027848896	0.9777915	1.0	False	lymph	early	nucleotide_transformer
837	-0.024681807	1.7342724	1.7589542	-0.027819343	0.97781515	1.0	False	lymph	early	nucleotide_transformer
640	0.022132516	1.4277062	1.4055737	0.027791014	0.9778377	1.0	False	lymph	early	nucleotide_transformer
3289	0.022122383	1.4278896	1.4057672	0.02777456	0.9778508	1.0	False	lymph	early	nucleotide_transformer
1004	0.022132277	1.4286753	1.406543	0.027771678	0.97785306	1.0	False	lymph	early	nucleotide_transformer
3789	0.022124767	1.428473	1.4063482	0.027766109	0.97785753	1.0	False	lymph	early	nucleotide_transformer
287	-0.024617791	1.7335463	1.758164	-0.027759397	0.97786295	1.0	False	lymph	early	nucleotide_transformer
4650	0.022091866	1.4280967	1.4060048	0.027731657	0.97788495	1.0	False	lymph	early	nucleotide_transformer
41	0.02206707	1.4274237	1.4053566	0.027713364	0.97789955	1.0	False	lymph	early	nucleotide_transformer
4990	-0.024507165	1.7335341	1.7580413	-0.027636183	0.9779612	1.0	False	lymph	early	nucleotide_transformer
4043	0.021967769	1.4277984	1.4058306	0.027579885	0.978006	1.0	False	lymph	early	nucleotide_transformer
4181	0.021965384	1.4282496	1.4062842	0.027568024	0.9780154	1.0	False	lymph	early	nucleotide_transformer
3518	0.021933198	1.4273858	1.4054526	0.02754396	0.97803456	1.0	False	lymph	early	nucleotide_transformer
578	0.021948457	1.4286662	1.4067178	0.027538387	0.978039	1.0	False	lymph	early	nucleotide_transformer
2392	0.021939516	1.4282674	1.4063278	0.027534826	0.9780419	1.0	False	lymph	early	nucleotide_transformer
1239	0.021905899	1.4270829	1.405177	0.027515331	0.9780574	1.0	False	lymph	early	nucleotide_transformer
4350	0.021920681	1.4284217	1.406501	0.027507914	0.97806334	1.0	False	lymph	early	nucleotide_transformer
504	0.021911621	1.4284285	1.4065169	0.02749628	0.9780726	1.0	False	lymph	early	nucleotide_transformer
1616	0.02190411	1.4283808	1.4064767	0.02748766	0.9780795	1.0	False	lymph	early	nucleotide_transformer
4940	0.021859169	1.4284753	1.4066161	0.027428728	0.97812647	1.0	False	lymph	early	nucleotide_transformer
3643	0.021820664	1.4277427	1.405922	0.027394064	0.9781541	1.0	False	lymph	early	nucleotide_transformer
4737	0.021726489	1.4281378	1.4064113	0.027266795	0.97825557	1.0	False	lymph	early	nucleotide_transformer
1841	0.0217278	1.4283737	1.4066459	0.0272639	0.9782579	1.0	False	lymph	early	nucleotide_transformer
690	0.021671414	1.42694	1.4052685	0.027219864	0.978293	1.0	False	lymph	early	nucleotide_transformer
4411	0.021663904	1.4276272	1.4059633	0.027197156	0.9783111	1.0	False	lymph	early	nucleotide_transformer
3285	0.021641612	1.4269924	1.4053508	0.027181013	0.978324	1.0	False	lymph	early	nucleotide_transformer
4518	-0.02405572	1.7341641	1.7582198	-0.0271228	0.9783705	1.0	False	lymph	early	nucleotide_transformer
1289	0.02157259	1.4280308	1.4064583	0.02707342	0.97840977	1.0	False	lymph	early	nucleotide_transformer
1945	0.02156651	1.4279453	1.4063787	0.027067397	0.97841454	1.0	False	lymph	early	nucleotide_transformer
5038	0.021540761	1.4275306	1.4059899	0.027042592	0.9784343	1.0	False	lymph	early	nucleotide_transformer
895	0.021533728	1.4277601	1.4062264	0.027029295	0.97844493	1.0	False	lymph	early	nucleotide_transformer
4679	-0.023879051	1.7338327	1.7577118	-0.026930923	0.97852343	1.0	False	lymph	early	nucleotide_transformer
2354	0.02143383	1.4279385	1.4065046	0.026899062	0.97854877	1.0	False	lymph	early	nucleotide_transformer
8	-0.023834944	1.7341913	1.7580262	-0.026876058	0.9785672	1.0	False	lymph	early	nucleotide_transformer
725	0.021401763	1.428176	1.4067743	0.026853748	0.9785849	1.0	False	lymph	early	nucleotide_transformer
3392	0.021383762	1.4274019	1.4060181	0.026845595	0.9785914	1.0	False	lymph	early	nucleotide_transformer
2221	0.021363854	1.4277062	1.4063424	0.026814595	0.9786161	1.0	False	lymph	early	nucleotide_transformer
2512	0.021355748	1.4283458	1.40699	0.026792137	0.978634	1.0	False	lymph	early	nucleotide_transformer
3086	0.021303058	1.4278715	1.4065684	0.026734296	0.9786801	1.0	False	lymph	early	nucleotide_transformer
944	-0.023605466	1.734571	1.7581764	-0.026614241	0.978776	1.0	False	lymph	early	nucleotide_transformer
4976	0.021117449	1.4279468	1.4068294	0.026497232	0.97886914	1.0	False	lymph	early	nucleotide_transformer
2849	0.021098733	1.4281327	1.4070339	0.02646995	0.9788909	1.0	False	lymph	early	nucleotide_transformer
1857	-0.023394465	1.734413	1.7578075	-0.026381135	0.9789618	1.0	False	lymph	early	nucleotide_transformer
498	0.020976782	1.4279574	1.4069806	0.026318513	0.97901165	1.0	False	lymph	early	nucleotide_transformer
4553	-0.023318172	1.7330315	1.7563497	-0.026316809	0.9790131	1.0	False	lymph	early	nucleotide_transformer
3292	0.020966053	1.4273381	1.4063721	0.026316382	0.9790134	1.0	False	lymph	early	nucleotide_transformer
3776	0.020870447	1.4286617	1.4077913	0.026170308	0.9791298	1.0	False	lymph	early	nucleotide_transformer
928	0.020729065	1.4282525	1.4075234	0.025998525	0.97926676	1.0	False	lymph	early	nucleotide_transformer
3437	0.020688772	1.4280497	1.4073609	0.025951114	0.97930455	1.0	False	lymph	early	nucleotide_transformer
767	0.020650625	1.4281564	1.4075058	0.025900764	0.9793447	1.0	False	lymph	early	nucleotide_transformer
476	0.020643473	1.4280468	1.4074033	0.025893701	0.9793504	1.0	False	lymph	early	nucleotide_transformer
1299	-0.02290368	1.734377	1.7572807	-0.025833953	0.979398	1.0	False	lymph	early	nucleotide_transformer
1902	0.02054131	1.4286824	1.4081411	0.025752563	0.97946286	1.0	False	lymph	early	nucleotide_transformer
1591	0.020474076	1.4280219	1.4075478	0.025679298	0.9795213	1.0	False	lymph	early	nucleotide_transformer
2616	0.020406961	1.4278555	1.4074485	0.025597224	0.9795867	1.0	False	lymph	early	nucleotide_transformer
2068	0.020376444	1.4279275	1.407551	0.025557231	0.9796186	1.0	False	lymph	early	nucleotide_transformer
4720	0.020367146	1.4280324	1.4076653	0.025543485	0.9796296	1.0	False	lymph	early	nucleotide_transformer
1042	0.020340204	1.4280155	1.4076753	0.025509616	0.9796566	1.0	False	lymph	early	nucleotide_transformer
1021	0.013780415	0.7156249	0.7018445	0.02441843	0.9805265	1.0	False	lymph	early	nucleotide_transformer
2181	0.013769686	0.7153639	0.70159423	0.02440813	0.98053473	1.0	False	lymph	early	nucleotide_transformer
981	0.01135838	0.7129914	0.70163304	0.020148342	0.9839314	1.0	False	lymph	early	nucleotide_transformer
655	0.011358142	0.7133712	0.7020131	0.020137083	0.98394036	1.0	False	lymph	early	nucleotide_transformer
1400	0.01128459	0.7131765	0.7018919	0.020010594	0.9840413	1.0	False	lymph	early	nucleotide_transformer
425	0.011276305	0.7130438	0.7017675	0.019999474	0.98405015	1.0	False	lymph	early	nucleotide_transformer
5104	0.011177301	0.71301204	0.70183474	0.019822618	0.9841911	1.0	False	lymph	early	nucleotide_transformer
1355	0.01116991	0.7128163	0.7016464	0.019814832	0.9841973	1.0	False	lymph	early	nucleotide_transformer
3857	0.011167109	0.71310574	0.7019386	0.019801702	0.9842078	1.0	False	lymph	early	nucleotide_transformer
3399	0.0111656785	0.7131925	0.70202684	0.019796703	0.9842118	1.0	False	lymph	early	nucleotide_transformer
2682	0.011143148	0.7130129	0.7018697	0.019761287	0.98424006	1.0	False	lymph	early	nucleotide_transformer
827	0.011113048	0.71322685	0.7021138	0.019701295	0.9842879	1.0	False	lymph	early	nucleotide_transformer
2674	0.011067092	0.7129333	0.7018662	0.019626983	0.98434716	1.0	False	lymph	early	nucleotide_transformer
3862	0.011033654	0.7132099	0.7021763	0.01955931	0.98440117	1.0	False	lymph	early	nucleotide_transformer
3140	0.01102227	0.71314996	0.7021277	0.019540546	0.9844161	1.0	False	lymph	early	nucleotide_transformer
4140	0.011012256	0.7127824	0.7017701	0.019532725	0.9844223	1.0	False	lymph	early	nucleotide_transformer
5100	0.010992825	0.7128663	0.7018735	0.01949553	0.98445195	1.0	False	lymph	early	nucleotide_transformer
3178	0.010985613	0.7130917	0.70210606	0.019476378	0.9844672	1.0	False	lymph	early	nucleotide_transformer
3782	0.010983884	0.7130574	0.7020735	0.01947422	0.98446894	1.0	False	lymph	early	nucleotide_transformer
3881	0.010972142	0.71302813	0.702056	0.019453956	0.9844851	1.0	False	lymph	early	nucleotide_transformer
3266	0.0109426975	0.71294826	0.70200557	0.019403314	0.9845255	1.0	False	lymph	early	nucleotide_transformer
2020	0.010908067	0.71306264	0.7021546	0.019338047	0.98457754	1.0	False	lymph	early	nucleotide_transformer
883	0.01081419	0.71314913	0.70233494	0.019167187	0.9847138	1.0	False	lymph	early	nucleotide_transformer
4701	0.010812759	0.71357864	0.7027659	0.019153083	0.98472506	1.0	False	lymph	early	nucleotide_transformer
580	0.010774612	0.71356976	0.70279515	0.019084956	0.98477936	1.0	False	lymph	early	nucleotide_transformer
2	0.010763824	0.7131912	0.7024274	0.019075805	0.9847866	1.0	False	lymph	early	nucleotide_transformer
4684	0.010763764	0.71329117	0.7025274	0.019073006	0.9847889	1.0	False	lymph	early	nucleotide_transformer
4040	0.010736346	0.7130699	0.70233357	0.019029798	0.98482335	1.0	False	lymph	early	nucleotide_transformer
3775	0.010738015	0.713367	0.70262897	0.019024719	0.9848274	1.0	False	lymph	early	nucleotide_transformer
2671	0.010722876	0.7126999	0.701977	0.019015629	0.9848347	1.0	False	lymph	early	nucleotide_transformer
847	0.010718703	0.7129981	0.7022794	0.019000012	0.98484707	1.0	False	lymph	early	nucleotide_transformer
1322	0.010702133	0.7131567	0.70245457	0.018966045	0.9848742	1.0	False	lymph	early	nucleotide_transformer
2166	0.010704815	0.7135816	0.7028768	0.018959539	0.9848794	1.0	False	lymph	early	nucleotide_transformer
842	0.010675132	0.7132078	0.70253265	0.018916344	0.9849138	1.0	False	lymph	early	nucleotide_transformer
9	0.010667384	0.71300036	0.702333	0.018907916	0.98492056	1.0	False	lymph	early	nucleotide_transformer
3205	0.010665655	0.7128998	0.70223415	0.018907625	0.9849208	1.0	False	lymph	early	nucleotide_transformer
1512	0.010663211	0.7130838	0.7024206	0.0188982	0.9849283	1.0	False	lymph	early	nucleotide_transformer
713	0.010645747	0.7130986	0.70245284	0.018866492	0.9849536	1.0	False	lymph	early	nucleotide_transformer
1272	0.010646105	0.71329767	0.70265156	0.018861828	0.98495734	1.0	False	lymph	early	nucleotide_transformer
582	0.010632753	0.7133901	0.70275736	0.01883544	0.9849784	1.0	False	lymph	early	nucleotide_transformer
4037	0.010615528	0.71339566	0.7027801	0.01880442	0.9850031	1.0	False	lymph	early	nucleotide_transformer
3141	0.010585129	0.7131518	0.7025667	0.018756406	0.9850414	1.0	False	lymph	early	nucleotide_transformer
4053	0.0105533	0.7129307	0.7023774	0.018705286	0.98508215	1.0	False	lymph	early	nucleotide_transformer
3736	0.010546982	0.7129239	0.7023769	0.018694054	0.98509115	1.0	False	lymph	early	nucleotide_transformer
3560	0.0105442405	0.71313256	0.7025883	0.018683713	0.9850993	1.0	False	lymph	early	nucleotide_transformer
4666	0.010393202	0.71261644	0.70222324	0.018426506	0.9853045	1.0	False	lymph	early	nucleotide_transformer
1368	0.0103779435	0.71259123	0.7022133	0.018399803	0.98532575	1.0	False	lymph	early	nucleotide_transformer
3428	0.010381937	0.71298623	0.7026043	0.01839665	0.98532826	1.0	False	lymph	early	nucleotide_transformer
2591	0.010300398	0.7129432	0.7026428	0.018251644	0.9854439	1.0	False	lymph	early	nucleotide_transformer
2340	0.0102722645	0.7132301	0.7029578	0.018193692	0.9854901	1.0	False	lymph	early	nucleotide_transformer
746	0.010095775	0.7131396	0.7030438	0.017879944	0.9857403	1.0	False	lymph	early	nucleotide_transformer
1077	0.0100800395	0.7132213	0.7031413	0.017849712	0.98576444	1.0	False	lymph	early	nucleotide_transformer
1071	0.010068595	0.71311754	0.70304894	0.01783183	0.9857787	1.0	False	lymph	early	nucleotide_transformer
3536	0.010011196	0.71322286	0.70321167	0.017726425	0.9858627	1.0	False	lymph	early	nucleotide_transformer
4638	0.009945273	0.71334934	0.70340407	0.017605273	0.98595935	1.0	False	lymph	early	nucleotide_transformer
1983	0.009685159	0.7128376	0.7031524	0.017152322	0.98632056	1.0	False	lymph	early	nucleotide_transformer
7	0.0	0.0	0.0				False	lymph	early	nucleotide_transformer
19	0.0	0.0	0.0				False	lymph	early	nucleotide_transformer
20	0.0	0.0	0.0				False	lymph	early	nucleotide_transformer
26	0.0	0.0	0.0				False	lymph	early	nucleotide_transformer
30	0.0	0.0	0.0				False	lymph	early	nucleotide_transformer
31	0.0	0.0	0.0				False	lymph	early	nucleotide_transformer
39	0.0	0.0	0.0				False	lymph	early	nucleotide_transformer
50	0.0	0.0	0.0				False	lymph	early	nucleotide_transformer
68	0.0	0.0	0.0				False	lymph	early	nucleotide_transformer
72	0.0	0.0	0.0				False	lymph	early	nucleotide_transformer
86	0.0	0.0	0.0				False	lymph	early	nucleotide_transformer
92	0.0	0.0	0.0				False	lymph	early	nucleotide_transformer
95	0.0	0.0	0.0				False	lymph	early	nucleotide_transformer
98	0.0	0.0	0.0				False	lymph	early	nucleotide_transformer
99	0.0	0.0	0.0				False	lymph	early	nucleotide_transformer
107	0.0	0.0	0.0				False	lymph	early	nucleotide_transformer
111	0.0	0.0	0.0				False	lymph	early	nucleotide_transformer
114	0.0	0.0	0.0				False	lymph	early	nucleotide_transformer
121	0.0	0.0	0.0				False	lymph	early	nucleotide_transformer
128	0.0	0.0	0.0				False	lymph	early	nucleotide_transformer
135	0.0	0.0	0.0				False	lymph	early	nucleotide_transformer
139	0.0	0.0	0.0				False	lymph	early	nucleotide_transformer
140	0.0	0.0	0.0				False	lymph	early	nucleotide_transformer
148	0.0	0.0	0.0				False	lymph	early	nucleotide_transformer
161	0.0	0.0	0.0				False	lymph	early	nucleotide_transformer
166	0.0	0.0	0.0				False	lymph	early	nucleotide_transformer
168	0.0	0.0	0.0				False	lymph	early	nucleotide_transformer
170	0.0	0.0	0.0				False	lymph	early	nucleotide_transformer
183	0.0	0.0	0.0				False	lymph	early	nucleotide_transformer
195	0.0	0.0	0.0				False	lymph	early	nucleotide_transformer
196	0.0	0.0	0.0				False	lymph	early	nucleotide_transformer
198	0.0	0.0	0.0				False	lymph	early	nucleotide_transformer
209	0.0	0.0	0.0				False	lymph	early	nucleotide_transformer
231	0.0	0.0	0.0				False	lymph	early	nucleotide_transformer
238	0.0	0.0	0.0				False	lymph	early	nucleotide_transformer
239	0.0	0.0	0.0				False	lymph	early	nucleotide_transformer
240	0.0	0.0	0.0				False	lymph	early	nucleotide_transformer
254	0.0	0.0	0.0				False	lymph	early	nucleotide_transformer
257	0.0	0.0	0.0				False	lymph	early	nucleotide_transformer
272	0.0	0.0	0.0				False	lymph	early	nucleotide_transformer
273	0.0	0.0	0.0				False	lymph	early	nucleotide_transformer
274	0.0	0.0	0.0				False	lymph	early	nucleotide_transformer
291	0.0	0.0	0.0				False	lymph	early	nucleotide_transformer
294	0.0	0.0	0.0				False	lymph	early	nucleotide_transformer
305	0.0	0.0	0.0				False	lymph	early	nucleotide_transformer
314	0.0	0.0	0.0				False	lymph	early	nucleotide_transformer
319	0.0	0.0	0.0				False	lymph	early	nucleotide_transformer
321	0.0	0.0	0.0				False	lymph	early	nucleotide_transformer
342	0.0	0.0	0.0				False	lymph	early	nucleotide_transformer
350	0.0	0.0	0.0				False	lymph	early	nucleotide_transformer
353	0.0	0.0	0.0				False	lymph	early	nucleotide_transformer
358	0.0	0.0	0.0				False	lymph	early	nucleotide_transformer
359	0.0	0.0	0.0				False	lymph	early	nucleotide_transformer
361	0.0	0.0	0.0				False	lymph	early	nucleotide_transformer
387	0.0	0.0	0.0				False	lymph	early	nucleotide_transformer
392	0.0	0.0	0.0				False	lymph	early	nucleotide_transformer
399	0.0	0.0	0.0				False	lymph	early	nucleotide_transformer
400	0.0	0.0	0.0				False	lymph	early	nucleotide_transformer
415	0.0	0.0	0.0				False	lymph	early	nucleotide_transformer
423	0.0	0.0	0.0				False	lymph	early	nucleotide_transformer
433	0.0	0.0	0.0				False	lymph	early	nucleotide_transformer
434	0.0	0.0	0.0				False	lymph	early	nucleotide_transformer
435	0.0	0.0	0.0				False	lymph	early	nucleotide_transformer
442	0.0	0.0	0.0				False	lymph	early	nucleotide_transformer
446	0.0	0.0	0.0				False	lymph	early	nucleotide_transformer
460	0.0	0.0	0.0				False	lymph	early	nucleotide_transformer
465	0.0	0.0	0.0				False	lymph	early	nucleotide_transformer
471	0.0	0.0	0.0				False	lymph	early	nucleotide_transformer
473	0.0	0.0	0.0				False	lymph	early	nucleotide_transformer
483	0.0	0.0	0.0				False	lymph	early	nucleotide_transformer
487	0.0	0.0	0.0				False	lymph	early	nucleotide_transformer
490	0.0	0.0	0.0				False	lymph	early	nucleotide_transformer
492	0.0	0.0	0.0				False	lymph	early	nucleotide_transformer
503	0.0	0.0	0.0				False	lymph	early	nucleotide_transformer
512	0.0	0.0	0.0				False	lymph	early	nucleotide_transformer
515	0.0	0.0	0.0				False	lymph	early	nucleotide_transformer
536	0.0	0.0	0.0				False	lymph	early	nucleotide_transformer
538	0.0	0.0	0.0				False	lymph	early	nucleotide_transformer
549	0.0	0.0	0.0				False	lymph	early	nucleotide_transformer
562	0.0	0.0	0.0				False	lymph	early	nucleotide_transformer
563	0.0	0.0	0.0				False	lymph	early	nucleotide_transformer
571	0.0	0.0	0.0				False	lymph	early	nucleotide_transformer
574	0.0	0.0	0.0				False	lymph	early	nucleotide_transformer
575	0.0	0.0	0.0				False	lymph	early	nucleotide_transformer
586	0.0	0.0	0.0				False	lymph	early	nucleotide_transformer
587	0.0	0.0	0.0				False	lymph	early	nucleotide_transformer
589	0.0	0.0	0.0				False	lymph	early	nucleotide_transformer
595	0.0	0.0	0.0				False	lymph	early	nucleotide_transformer
598	0.0	0.0	0.0				False	lymph	early	nucleotide_transformer
608	0.0	0.0	0.0				False	lymph	early	nucleotide_transformer
613	0.0	0.0	0.0				False	lymph	early	nucleotide_transformer
614	0.0	0.0	0.0				False	lymph	early	nucleotide_transformer
624	0.0	0.0	0.0				False	lymph	early	nucleotide_transformer
630	0.0	0.0	0.0				False	lymph	early	nucleotide_transformer
639	0.0	0.0	0.0				False	lymph	early	nucleotide_transformer
643	0.0	0.0	0.0				False	lymph	early	nucleotide_transformer
654	0.0	0.0	0.0				False	lymph	early	nucleotide_transformer
656	0.0	0.0	0.0				False	lymph	early	nucleotide_transformer
659	0.0	0.0	0.0				False	lymph	early	nucleotide_transformer
661	0.0	0.0	0.0				False	lymph	early	nucleotide_transformer
665	0.0	0.0	0.0				False	lymph	early	nucleotide_transformer
674	0.0	0.0	0.0				False	lymph	early	nucleotide_transformer
679	0.0	0.0	0.0				False	lymph	early	nucleotide_transformer
681	0.0	0.0	0.0				False	lymph	early	nucleotide_transformer
691	0.0	0.0	0.0				False	lymph	early	nucleotide_transformer
706	0.0	0.0	0.0				False	lymph	early	nucleotide_transformer
715	0.0	0.0	0.0				False	lymph	early	nucleotide_transformer
717	0.0	0.0	0.0				False	lymph	early	nucleotide_transformer
740	0.0	0.0	0.0				False	lymph	early	nucleotide_transformer
745	0.0	0.0	0.0				False	lymph	early	nucleotide_transformer
758	0.0	0.0	0.0				False	lymph	early	nucleotide_transformer
760	0.0	0.0	0.0				False	lymph	early	nucleotide_transformer
761	0.0	0.0	0.0				False	lymph	early	nucleotide_transformer
771	0.0	0.0	0.0				False	lymph	early	nucleotide_transformer
773	0.0	0.0	0.0				False	lymph	early	nucleotide_transformer
784	0.0	0.0	0.0				False	lymph	early	nucleotide_transformer
801	0.0	0.0	0.0				False	lymph	early	nucleotide_transformer
803	0.0	0.0	0.0				False	lymph	early	nucleotide_transformer
811	0.0	0.0	0.0				False	lymph	early	nucleotide_transformer
816	0.0	0.0	0.0				False	lymph	early	nucleotide_transformer
818	0.0	0.0	0.0				False	lymph	early	nucleotide_transformer
821	0.0	0.0	0.0				False	lymph	early	nucleotide_transformer
828	0.0	0.0	0.0				False	lymph	early	nucleotide_transformer
840	0.0	0.0	0.0				False	lymph	early	nucleotide_transformer
843	0.0	0.0	0.0				False	lymph	early	nucleotide_transformer
855	0.0	0.0	0.0				False	lymph	early	nucleotide_transformer
861	0.0	0.0	0.0				False	lymph	early	nucleotide_transformer
862	0.0	0.0	0.0				False	lymph	early	nucleotide_transformer
870	0.0	0.0	0.0				False	lymph	early	nucleotide_transformer
874	0.0	0.0	0.0				False	lymph	early	nucleotide_transformer
885	0.0	0.0	0.0				False	lymph	early	nucleotide_transformer
892	0.0	0.0	0.0				False	lymph	early	nucleotide_transformer
903	0.0	0.0	0.0				False	lymph	early	nucleotide_transformer
909	0.0	0.0	0.0				False	lymph	early	nucleotide_transformer
911	0.0	0.0	0.0				False	lymph	early	nucleotide_transformer
915	0.0	0.0	0.0				False	lymph	early	nucleotide_transformer
916	0.0	0.0	0.0				False	lymph	early	nucleotide_transformer
924	0.0	0.0	0.0				False	lymph	early	nucleotide_transformer
938	0.0	0.0	0.0				False	lymph	early	nucleotide_transformer
939	0.0	0.0	0.0				False	lymph	early	nucleotide_transformer
942	0.0	0.0	0.0				False	lymph	early	nucleotide_transformer
943	0.0	0.0	0.0				False	lymph	early	nucleotide_transformer
952	0.0	0.0	0.0				False	lymph	early	nucleotide_transformer
953	0.0	0.0	0.0				False	lymph	early	nucleotide_transformer
958	0.0	0.0	0.0				False	lymph	early	nucleotide_transformer
961	0.0	0.0	0.0				False	lymph	early	nucleotide_transformer
967	0.0	0.0	0.0				False	lymph	early	nucleotide_transformer
974	0.0	0.0	0.0				False	lymph	early	nucleotide_transformer
984	0.0	0.0	0.0				False	lymph	early	nucleotide_transformer
987	0.0	0.0	0.0				False	lymph	early	nucleotide_transformer
993	0.0	0.0	0.0				False	lymph	early	nucleotide_transformer
1013	0.0	0.0	0.0				False	lymph	early	nucleotide_transformer
1015	0.0	0.0	0.0				False	lymph	early	nucleotide_transformer
1020	0.0	0.0	0.0				False	lymph	early	nucleotide_transformer
1023	0.0	0.0	0.0				False	lymph	early	nucleotide_transformer
1024	0.0	0.0	0.0				False	lymph	early	nucleotide_transformer
1030	0.0	0.0	0.0				False	lymph	early	nucleotide_transformer
1031	0.0	0.0	0.0				False	lymph	early	nucleotide_transformer
1037	0.0	0.0	0.0				False	lymph	early	nucleotide_transformer
1040	0.0	0.0	0.0				False	lymph	early	nucleotide_transformer
1046	0.0	0.0	0.0				False	lymph	early	nucleotide_transformer
1052	0.0	0.0	0.0				False	lymph	early	nucleotide_transformer
1053	0.0	0.0	0.0				False	lymph	early	nucleotide_transformer
1057	0.0	0.0	0.0				False	lymph	early	nucleotide_transformer
1058	0.0	0.0	0.0				False	lymph	early	nucleotide_transformer
1067	0.0	0.0	0.0				False	lymph	early	nucleotide_transformer
1078	0.0	0.0	0.0				False	lymph	early	nucleotide_transformer
1087	0.0	0.0	0.0				False	lymph	early	nucleotide_transformer
1088	0.0	0.0	0.0				False	lymph	early	nucleotide_transformer
1089	0.0	0.0	0.0				False	lymph	early	nucleotide_transformer
1094	0.0	0.0	0.0				False	lymph	early	nucleotide_transformer
1096	0.0	0.0	0.0				False	lymph	early	nucleotide_transformer
1101	0.0	0.0	0.0				False	lymph	early	nucleotide_transformer
1102	0.0	0.0	0.0				False	lymph	early	nucleotide_transformer
1103	0.0	0.0	0.0				False	lymph	early	nucleotide_transformer
1107	0.0	0.0	0.0				False	lymph	early	nucleotide_transformer
1115	0.0	0.0	0.0				False	lymph	early	nucleotide_transformer
1124	0.0	0.0	0.0				False	lymph	early	nucleotide_transformer
1127	0.0	0.0	0.0				False	lymph	early	nucleotide_transformer
1129	0.0	0.0	0.0				False	lymph	early	nucleotide_transformer
1130	0.0	0.0	0.0				False	lymph	early	nucleotide_transformer
1134	0.0	0.0	0.0				False	lymph	early	nucleotide_transformer
1146	0.0	0.0	0.0				False	lymph	early	nucleotide_transformer
1163	0.0	0.0	0.0				False	lymph	early	nucleotide_transformer
1168	0.0	0.0	0.0				False	lymph	early	nucleotide_transformer
1170	0.0	0.0	0.0				False	lymph	early	nucleotide_transformer
1175	0.0	0.0	0.0				False	lymph	early	nucleotide_transformer
1179	0.0	0.0	0.0				False	lymph	early	nucleotide_transformer
1183	0.0	0.0	0.0				False	lymph	early	nucleotide_transformer
1186	0.0	0.0	0.0				False	lymph	early	nucleotide_transformer
1191	0.0	0.0	0.0				False	lymph	early	nucleotide_transformer
1201	0.0	0.0	0.0				False	lymph	early	nucleotide_transformer
1213	0.0	0.0	0.0				False	lymph	early	nucleotide_transformer
1215	0.0	0.0	0.0				False	lymph	early	nucleotide_transformer
1219	0.0	0.0	0.0				False	lymph	early	nucleotide_transformer
1220	0.0	0.0	0.0				False	lymph	early	nucleotide_transformer
1222	0.0	0.0	0.0				False	lymph	early	nucleotide_transformer
1225	0.0	0.0	0.0				False	lymph	early	nucleotide_transformer
1247	0.0	0.0	0.0				False	lymph	early	nucleotide_transformer
1255	0.0	0.0	0.0				False	lymph	early	nucleotide_transformer
1262	0.0	0.0	0.0				False	lymph	early	nucleotide_transformer
1264	0.0	0.0	0.0				False	lymph	early	nucleotide_transformer
1271	0.0	0.0	0.0				False	lymph	early	nucleotide_transformer
1278	0.0	0.0	0.0				False	lymph	early	nucleotide_transformer
1280	0.0	0.0	0.0				False	lymph	early	nucleotide_transformer
1286	0.0	0.0	0.0				False	lymph	early	nucleotide_transformer
1295	0.0	0.0	0.0				False	lymph	early	nucleotide_transformer
1311	0.0	0.0	0.0				False	lymph	early	nucleotide_transformer
1326	0.0	0.0	0.0				False	lymph	early	nucleotide_transformer
1337	0.0	0.0	0.0				False	lymph	early	nucleotide_transformer
1343	0.0	0.0	0.0				False	lymph	early	nucleotide_transformer
1349	0.0	0.0	0.0				False	lymph	early	nucleotide_transformer
1350	0.0	0.0	0.0				False	lymph	early	nucleotide_transformer
1353	0.0	0.0	0.0				False	lymph	early	nucleotide_transformer
1358	0.0	0.0	0.0				False	lymph	early	nucleotide_transformer
1360	0.0	0.0	0.0				False	lymph	early	nucleotide_transformer
1372	0.0	0.0	0.0				False	lymph	early	nucleotide_transformer
1375	0.0	0.0	0.0				False	lymph	early	nucleotide_transformer
1377	0.0	0.0	0.0				False	lymph	early	nucleotide_transformer
1382	0.0	0.0	0.0				False	lymph	early	nucleotide_transformer
1384	0.0	0.0	0.0				False	lymph	early	nucleotide_transformer
1390	0.0	0.0	0.0				False	lymph	early	nucleotide_transformer
1391	0.0	0.0	0.0				False	lymph	early	nucleotide_transformer
1406	0.0	0.0	0.0				False	lymph	early	nucleotide_transformer
1417	0.0	0.0	0.0				False	lymph	early	nucleotide_transformer
1428	0.0	0.0	0.0				False	lymph	early	nucleotide_transformer
1433	0.0	0.0	0.0				False	lymph	early	nucleotide_transformer
1447	0.0	0.0	0.0				False	lymph	early	nucleotide_transformer
1451	0.0	0.0	0.0				False	lymph	early	nucleotide_transformer
1456	0.0	0.0	0.0				False	lymph	early	nucleotide_transformer
1460	0.0	0.0	0.0				False	lymph	early	nucleotide_transformer
1467	0.0	0.0	0.0				False	lymph	early	nucleotide_transformer
1474	0.0	0.0	0.0				False	lymph	early	nucleotide_transformer
1511	0.0	0.0	0.0				False	lymph	early	nucleotide_transformer
1517	0.0	0.0	0.0				False	lymph	early	nucleotide_transformer
1528	0.0	0.0	0.0				False	lymph	early	nucleotide_transformer
1530	0.0	0.0	0.0				False	lymph	early	nucleotide_transformer
1531	0.0	0.0	0.0				False	lymph	early	nucleotide_transformer
1549	0.0	0.0	0.0				False	lymph	early	nucleotide_transformer
1551	0.0	0.0	0.0				False	lymph	early	nucleotide_transformer
1560	0.0	0.0	0.0				False	lymph	early	nucleotide_transformer
1562	0.0	0.0	0.0				False	lymph	early	nucleotide_transformer
1566	0.0	0.0	0.0				False	lymph	early	nucleotide_transformer
1568	0.0	0.0	0.0				False	lymph	early	nucleotide_transformer
1569	0.0	0.0	0.0				False	lymph	early	nucleotide_transformer
1570	0.0	0.0	0.0				False	lymph	early	nucleotide_transformer
1571	0.0	0.0	0.0				False	lymph	early	nucleotide_transformer
1572	0.0	0.0	0.0				False	lymph	early	nucleotide_transformer
1576	0.0	0.0	0.0				False	lymph	early	nucleotide_transformer
1581	0.0	0.0	0.0				False	lymph	early	nucleotide_transformer
1604	0.0	0.0	0.0				False	lymph	early	nucleotide_transformer
1608	0.0	0.0	0.0				False	lymph	early	nucleotide_transformer
1610	0.0	0.0	0.0				False	lymph	early	nucleotide_transformer
1611	0.0	0.0	0.0				False	lymph	early	nucleotide_transformer
1613	0.0	0.0	0.0				False	lymph	early	nucleotide_transformer
1614	0.0	0.0	0.0				False	lymph	early	nucleotide_transformer
1626	0.0	0.0	0.0				False	lymph	early	nucleotide_transformer
1636	0.0	0.0	0.0				False	lymph	early	nucleotide_transformer
1637	0.0	0.0	0.0				False	lymph	early	nucleotide_transformer
1640	0.0	0.0	0.0				False	lymph	early	nucleotide_transformer
1643	0.0	0.0	0.0				False	lymph	early	nucleotide_transformer
1645	0.0	0.0	0.0				False	lymph	early	nucleotide_transformer
1655	0.0	0.0	0.0				False	lymph	early	nucleotide_transformer
1656	0.0	0.0	0.0				False	lymph	early	nucleotide_transformer
1662	0.0	0.0	0.0				False	lymph	early	nucleotide_transformer
1666	0.0	0.0	0.0				False	lymph	early	nucleotide_transformer
1688	0.0	0.0	0.0				False	lymph	early	nucleotide_transformer
1689	0.0	0.0	0.0				False	lymph	early	nucleotide_transformer
1696	0.0	0.0	0.0				False	lymph	early	nucleotide_transformer
1700	0.0	0.0	0.0				False	lymph	early	nucleotide_transformer
1701	0.0	0.0	0.0				False	lymph	early	nucleotide_transformer
1703	0.0	0.0	0.0				False	lymph	early	nucleotide_transformer
1712	0.0	0.0	0.0				False	lymph	early	nucleotide_transformer
1713	0.0	0.0	0.0				False	lymph	early	nucleotide_transformer
1716	0.0	0.0	0.0				False	lymph	early	nucleotide_transformer
1731	0.0	0.0	0.0				False	lymph	early	nucleotide_transformer
1739	0.0	0.0	0.0				False	lymph	early	nucleotide_transformer
1751	0.0	0.0	0.0				False	lymph	early	nucleotide_transformer
1756	0.0	0.0	0.0				False	lymph	early	nucleotide_transformer
1758	0.0	0.0	0.0				False	lymph	early	nucleotide_transformer
1774	0.0	0.0	0.0				False	lymph	early	nucleotide_transformer
1787	0.0	0.0	0.0				False	lymph	early	nucleotide_transformer
1790	0.0	0.0	0.0				False	lymph	early	nucleotide_transformer
1791	0.0	0.0	0.0				False	lymph	early	nucleotide_transformer
1792	0.0	0.0	0.0				False	lymph	early	nucleotide_transformer
1793	0.0	0.0	0.0				False	lymph	early	nucleotide_transformer
1802	0.0	0.0	0.0				False	lymph	early	nucleotide_transformer
1807	0.0	0.0	0.0				False	lymph	early	nucleotide_transformer
1811	0.0	0.0	0.0				False	lymph	early	nucleotide_transformer
1812	0.0	0.0	0.0				False	lymph	early	nucleotide_transformer
1816	0.0	0.0	0.0				False	lymph	early	nucleotide_transformer
1817	0.0	0.0	0.0				False	lymph	early	nucleotide_transformer
1824	0.0	0.0	0.0				False	lymph	early	nucleotide_transformer
1825	0.0	0.0	0.0				False	lymph	early	nucleotide_transformer
1828	0.0	0.0	0.0				False	lymph	early	nucleotide_transformer
1831	0.0	0.0	0.0				False	lymph	early	nucleotide_transformer
1839	0.0	0.0	0.0				False	lymph	early	nucleotide_transformer
1840	0.0	0.0	0.0				False	lymph	early	nucleotide_transformer
1851	0.0	0.0	0.0				False	lymph	early	nucleotide_transformer
1853	0.0	0.0	0.0				False	lymph	early	nucleotide_transformer
1868	0.0	0.0	0.0				False	lymph	early	nucleotide_transformer
1882	0.0	0.0	0.0				False	lymph	early	nucleotide_transformer
1886	0.0	0.0	0.0				False	lymph	early	nucleotide_transformer
1890	0.0	0.0	0.0				False	lymph	early	nucleotide_transformer
1895	0.0	0.0	0.0				False	lymph	early	nucleotide_transformer
1898	0.0	0.0	0.0				False	lymph	early	nucleotide_transformer
1917	0.0	0.0	0.0				False	lymph	early	nucleotide_transformer
1918	0.0	0.0	0.0				False	lymph	early	nucleotide_transformer
1929	0.0	0.0	0.0				False	lymph	early	nucleotide_transformer
1931	0.0	0.0	0.0				False	lymph	early	nucleotide_transformer
1933	0.0	0.0	0.0				False	lymph	early	nucleotide_transformer
1937	0.0	0.0	0.0				False	lymph	early	nucleotide_transformer
1941	0.0	0.0	0.0				False	lymph	early	nucleotide_transformer
1944	0.0	0.0	0.0				False	lymph	early	nucleotide_transformer
1947	0.0	0.0	0.0				False	lymph	early	nucleotide_transformer
1949	0.0	0.0	0.0				False	lymph	early	nucleotide_transformer
1951	0.0	0.0	0.0				False	lymph	early	nucleotide_transformer
1953	0.0	0.0	0.0				False	lymph	early	nucleotide_transformer
1957	0.0	0.0	0.0				False	lymph	early	nucleotide_transformer
1960	0.0	0.0	0.0				False	lymph	early	nucleotide_transformer
1968	0.0	0.0	0.0				False	lymph	early	nucleotide_transformer
1978	0.0	0.0	0.0				False	lymph	early	nucleotide_transformer
1988	0.0	0.0	0.0				False	lymph	early	nucleotide_transformer
1991	0.0	0.0	0.0				False	lymph	early	nucleotide_transformer
1992	0.0	0.0	0.0				False	lymph	early	nucleotide_transformer
1998	0.0	0.0	0.0				False	lymph	early	nucleotide_transformer
2009	0.0	0.0	0.0				False	lymph	early	nucleotide_transformer
2024	0.0	0.0	0.0				False	lymph	early	nucleotide_transformer
2028	0.0	0.0	0.0				False	lymph	early	nucleotide_transformer
2039	0.0	0.0	0.0				False	lymph	early	nucleotide_transformer
2043	0.0	0.0	0.0				False	lymph	early	nucleotide_transformer
2046	0.0	0.0	0.0				False	lymph	early	nucleotide_transformer
2049	0.0	0.0	0.0				False	lymph	early	nucleotide_transformer
2071	0.0	0.0	0.0				False	lymph	early	nucleotide_transformer
2072	0.0	0.0	0.0				False	lymph	early	nucleotide_transformer
2089	0.0	0.0	0.0				False	lymph	early	nucleotide_transformer
2090	0.0	0.0	0.0				False	lymph	early	nucleotide_transformer
2096	0.0	0.0	0.0				False	lymph	early	nucleotide_transformer
2102	0.0	0.0	0.0				False	lymph	early	nucleotide_transformer
2108	0.0	0.0	0.0				False	lymph	early	nucleotide_transformer
2114	0.0	0.0	0.0				False	lymph	early	nucleotide_transformer
2128	0.0	0.0	0.0				False	lymph	early	nucleotide_transformer
2135	0.0	0.0	0.0				False	lymph	early	nucleotide_transformer
2145	0.0	0.0	0.0				False	lymph	early	nucleotide_transformer
2146	0.0	0.0	0.0				False	lymph	early	nucleotide_transformer
2149	0.0	0.0	0.0				False	lymph	early	nucleotide_transformer
2162	0.0	0.0	0.0				False	lymph	early	nucleotide_transformer
2168	0.0	0.0	0.0				False	lymph	early	nucleotide_transformer
2170	0.0	0.0	0.0				False	lymph	early	nucleotide_transformer
2171	0.0	0.0	0.0				False	lymph	early	nucleotide_transformer
2175	0.0	0.0	0.0				False	lymph	early	nucleotide_transformer
2176	0.0	0.0	0.0				False	lymph	early	nucleotide_transformer
2177	0.0	0.0	0.0				False	lymph	early	nucleotide_transformer
2183	0.0	0.0	0.0				False	lymph	early	nucleotide_transformer
2191	0.0	0.0	0.0				False	lymph	early	nucleotide_transformer
2211	0.0	0.0	0.0				False	lymph	early	nucleotide_transformer
2214	0.0	0.0	0.0				False	lymph	early	nucleotide_transformer
2217	0.0	0.0	0.0				False	lymph	early	nucleotide_transformer
2218	0.0	0.0	0.0				False	lymph	early	nucleotide_transformer
2225	0.0	0.0	0.0				False	lymph	early	nucleotide_transformer
2226	0.0	0.0	0.0				False	lymph	early	nucleotide_transformer
2235	0.0	0.0	0.0				False	lymph	early	nucleotide_transformer
2237	0.0	0.0	0.0				False	lymph	early	nucleotide_transformer
2238	0.0	0.0	0.0				False	lymph	early	nucleotide_transformer
2243	0.0	0.0	0.0				False	lymph	early	nucleotide_transformer
2246	0.0	0.0	0.0				False	lymph	early	nucleotide_transformer
2247	0.0	0.0	0.0				False	lymph	early	nucleotide_transformer
2250	0.0	0.0	0.0				False	lymph	early	nucleotide_transformer
2255	0.0	0.0	0.0				False	lymph	early	nucleotide_transformer
2257	0.0	0.0	0.0				False	lymph	early	nucleotide_transformer
2271	0.0	0.0	0.0				False	lymph	early	nucleotide_transformer
2275	0.0	0.0	0.0				False	lymph	early	nucleotide_transformer
2278	0.0	0.0	0.0				False	lymph	early	nucleotide_transformer
2280	0.0	0.0	0.0				False	lymph	early	nucleotide_transformer
2282	0.0	0.0	0.0				False	lymph	early	nucleotide_transformer
2288	0.0	0.0	0.0				False	lymph	early	nucleotide_transformer
2289	0.0	0.0	0.0				False	lymph	early	nucleotide_transformer
2296	0.0	0.0	0.0				False	lymph	early	nucleotide_transformer
2299	0.0	0.0	0.0				False	lymph	early	nucleotide_transformer
2308	0.0	0.0	0.0				False	lymph	early	nucleotide_transformer
2309	0.0	0.0	0.0				False	lymph	early	nucleotide_transformer
2316	0.0	0.0	0.0				False	lymph	early	nucleotide_transformer
2318	0.0	0.0	0.0				False	lymph	early	nucleotide_transformer
2325	0.0	0.0	0.0				False	lymph	early	nucleotide_transformer
2326	0.0	0.0	0.0				False	lymph	early	nucleotide_transformer
2332	0.0	0.0	0.0				False	lymph	early	nucleotide_transformer
2335	0.0	0.0	0.0				False	lymph	early	nucleotide_transformer
2337	0.0	0.0	0.0				False	lymph	early	nucleotide_transformer
2348	0.0	0.0	0.0				False	lymph	early	nucleotide_transformer
2349	0.0	0.0	0.0				False	lymph	early	nucleotide_transformer
2360	0.0	0.0	0.0				False	lymph	early	nucleotide_transformer
2362	0.0	0.0	0.0				False	lymph	early	nucleotide_transformer
2368	0.0	0.0	0.0				False	lymph	early	nucleotide_transformer
2370	0.0	0.0	0.0				False	lymph	early	nucleotide_transformer
2373	0.0	0.0	0.0				False	lymph	early	nucleotide_transformer
2374	0.0	0.0	0.0				False	lymph	early	nucleotide_transformer
2385	0.0	0.0	0.0				False	lymph	early	nucleotide_transformer
2389	0.0	0.0	0.0				False	lymph	early	nucleotide_transformer
2391	0.0	0.0	0.0				False	lymph	early	nucleotide_transformer
2399	0.0	0.0	0.0				False	lymph	early	nucleotide_transformer
2404	0.0	0.0	0.0				False	lymph	early	nucleotide_transformer
2408	0.0	0.0	0.0				False	lymph	early	nucleotide_transformer
2409	0.0	0.0	0.0				False	lymph	early	nucleotide_transformer
2411	0.0	0.0	0.0				False	lymph	early	nucleotide_transformer
2416	0.0	0.0	0.0				False	lymph	early	nucleotide_transformer
2429	0.0	0.0	0.0				False	lymph	early	nucleotide_transformer
2437	0.0	0.0	0.0				False	lymph	early	nucleotide_transformer
2439	0.0	0.0	0.0				False	lymph	early	nucleotide_transformer
2442	0.0	0.0	0.0				False	lymph	early	nucleotide_transformer
2447	0.0	0.0	0.0				False	lymph	early	nucleotide_transformer
2449	0.0	0.0	0.0				False	lymph	early	nucleotide_transformer
2455	0.0	0.0	0.0				False	lymph	early	nucleotide_transformer
2464	0.0	0.0	0.0				False	lymph	early	nucleotide_transformer
2473	0.0	0.0	0.0				False	lymph	early	nucleotide_transformer
2483	0.0	0.0	0.0				False	lymph	early	nucleotide_transformer
2484	0.0	0.0	0.0				False	lymph	early	nucleotide_transformer
2487	0.0	0.0	0.0				False	lymph	early	nucleotide_transformer
2494	0.0	0.0	0.0				False	lymph	early	nucleotide_transformer
2499	0.0	0.0	0.0				False	lymph	early	nucleotide_transformer
2516	0.0	0.0	0.0				False	lymph	early	nucleotide_transformer
2521	0.0	0.0	0.0				False	lymph	early	nucleotide_transformer
2522	0.0	0.0	0.0				False	lymph	early	nucleotide_transformer
2523	0.0	0.0	0.0				False	lymph	early	nucleotide_transformer
2536	0.0	0.0	0.0				False	lymph	early	nucleotide_transformer
2542	0.0	0.0	0.0				False	lymph	early	nucleotide_transformer
2548	0.0	0.0	0.0				False	lymph	early	nucleotide_transformer
2549	0.0	0.0	0.0				False	lymph	early	nucleotide_transformer
2551	0.0	0.0	0.0				False	lymph	early	nucleotide_transformer
2557	0.0	0.0	0.0				False	lymph	early	nucleotide_transformer
2561	0.0	0.0	0.0				False	lymph	early	nucleotide_transformer
2564	0.0	0.0	0.0				False	lymph	early	nucleotide_transformer
2567	0.0	0.0	0.0				False	lymph	early	nucleotide_transformer
2568	0.0	0.0	0.0				False	lymph	early	nucleotide_transformer
2570	0.0	0.0	0.0				False	lymph	early	nucleotide_transformer
2583	0.0	0.0	0.0				False	lymph	early	nucleotide_transformer
2584	0.0	0.0	0.0				False	lymph	early	nucleotide_transformer
2588	0.0	0.0	0.0				False	lymph	early	nucleotide_transformer
2589	0.0	0.0	0.0				False	lymph	early	nucleotide_transformer
2594	0.0	0.0	0.0				False	lymph	early	nucleotide_transformer
2595	0.0	0.0	0.0				False	lymph	early	nucleotide_transformer
2596	0.0	0.0	0.0				False	lymph	early	nucleotide_transformer
2597	0.0	0.0	0.0				False	lymph	early	nucleotide_transformer
2610	0.0	0.0	0.0				False	lymph	early	nucleotide_transformer
2611	0.0	0.0	0.0				False	lymph	early	nucleotide_transformer
2622	0.0	0.0	0.0				False	lymph	early	nucleotide_transformer
2632	0.0	0.0	0.0				False	lymph	early	nucleotide_transformer
2638	0.0	0.0	0.0				False	lymph	early	nucleotide_transformer
2639	0.0	0.0	0.0				False	lymph	early	nucleotide_transformer
2653	0.0	0.0	0.0				False	lymph	early	nucleotide_transformer
2663	0.0	0.0	0.0				False	lymph	early	nucleotide_transformer
2670	0.0	0.0	0.0				False	lymph	early	nucleotide_transformer
2675	0.0	0.0	0.0				False	lymph	early	nucleotide_transformer
2680	0.0	0.0	0.0				False	lymph	early	nucleotide_transformer
2691	0.0	0.0	0.0				False	lymph	early	nucleotide_transformer
2698	0.0	0.0	0.0				False	lymph	early	nucleotide_transformer
2704	0.0	0.0	0.0				False	lymph	early	nucleotide_transformer
2708	0.0	0.0	0.0				False	lymph	early	nucleotide_transformer
2732	0.0	0.0	0.0				False	lymph	early	nucleotide_transformer
2734	0.0	0.0	0.0				False	lymph	early	nucleotide_transformer
2743	0.0	0.0	0.0				False	lymph	early	nucleotide_transformer
2744	0.0	0.0	0.0				False	lymph	early	nucleotide_transformer
2758	0.0	0.0	0.0				False	lymph	early	nucleotide_transformer
2759	0.0	0.0	0.0				False	lymph	early	nucleotide_transformer
2766	0.0	0.0	0.0				False	lymph	early	nucleotide_transformer
2770	0.0	0.0	0.0				False	lymph	early	nucleotide_transformer
2771	0.0	0.0	0.0				False	lymph	early	nucleotide_transformer
2772	0.0	0.0	0.0				False	lymph	early	nucleotide_transformer
2774	0.0	0.0	0.0				False	lymph	early	nucleotide_transformer
2784	0.0	0.0	0.0				False	lymph	early	nucleotide_transformer
2787	0.0	0.0	0.0				False	lymph	early	nucleotide_transformer
2792	0.0	0.0	0.0				False	lymph	early	nucleotide_transformer
2798	0.0	0.0	0.0				False	lymph	early	nucleotide_transformer
2799	0.0	0.0	0.0				False	lymph	early	nucleotide_transformer
2805	0.0	0.0	0.0				False	lymph	early	nucleotide_transformer
2828	0.0	0.0	0.0				False	lymph	early	nucleotide_transformer
2834	0.0	0.0	0.0				False	lymph	early	nucleotide_transformer
2838	0.0	0.0	0.0				False	lymph	early	nucleotide_transformer
2842	0.0	0.0	0.0				False	lymph	early	nucleotide_transformer
2845	0.0	0.0	0.0				False	lymph	early	nucleotide_transformer
2856	0.0	0.0	0.0				False	lymph	early	nucleotide_transformer
2869	0.0	0.0	0.0				False	lymph	early	nucleotide_transformer
2875	0.0	0.0	0.0				False	lymph	early	nucleotide_transformer
2876	0.0	0.0	0.0				False	lymph	early	nucleotide_transformer
2879	0.0	0.0	0.0				False	lymph	early	nucleotide_transformer
2887	0.0	0.0	0.0				False	lymph	early	nucleotide_transformer
2895	0.0	0.0	0.0				False	lymph	early	nucleotide_transformer
2900	0.0	0.0	0.0				False	lymph	early	nucleotide_transformer
2903	0.0	0.0	0.0				False	lymph	early	nucleotide_transformer
2907	0.0	0.0	0.0				False	lymph	early	nucleotide_transformer
2920	0.0	0.0	0.0				False	lymph	early	nucleotide_transformer
2936	0.0	0.0	0.0				False	lymph	early	nucleotide_transformer
2943	0.0	0.0	0.0				False	lymph	early	nucleotide_transformer
2960	0.0	0.0	0.0				False	lymph	early	nucleotide_transformer
2963	0.0	0.0	0.0				False	lymph	early	nucleotide_transformer
2970	0.0	0.0	0.0				False	lymph	early	nucleotide_transformer
2973	0.0	0.0	0.0				False	lymph	early	nucleotide_transformer
2994	0.0	0.0	0.0				False	lymph	early	nucleotide_transformer
2997	0.0	0.0	0.0				False	lymph	early	nucleotide_transformer
3012	0.0	0.0	0.0				False	lymph	early	nucleotide_transformer
3013	0.0	0.0	0.0				False	lymph	early	nucleotide_transformer
3019	0.0	0.0	0.0				False	lymph	early	nucleotide_transformer
3025	0.0	0.0	0.0				False	lymph	early	nucleotide_transformer
3030	0.0	0.0	0.0				False	lymph	early	nucleotide_transformer
3035	0.0	0.0	0.0				False	lymph	early	nucleotide_transformer
3043	0.0	0.0	0.0				False	lymph	early	nucleotide_transformer
3047	0.0	0.0	0.0				False	lymph	early	nucleotide_transformer
3054	0.0	0.0	0.0				False	lymph	early	nucleotide_transformer
3055	0.0	0.0	0.0				False	lymph	early	nucleotide_transformer
3058	0.0	0.0	0.0				False	lymph	early	nucleotide_transformer
3065	0.0	0.0	0.0				False	lymph	early	nucleotide_transformer
3068	0.0	0.0	0.0				False	lymph	early	nucleotide_transformer
3072	0.0	0.0	0.0				False	lymph	early	nucleotide_transformer
3073	0.0	0.0	0.0				False	lymph	early	nucleotide_transformer
3077	0.0	0.0	0.0				False	lymph	early	nucleotide_transformer
3079	0.0	0.0	0.0				False	lymph	early	nucleotide_transformer
3080	0.0	0.0	0.0				False	lymph	early	nucleotide_transformer
3092	0.0	0.0	0.0				False	lymph	early	nucleotide_transformer
3093	0.0	0.0	0.0				False	lymph	early	nucleotide_transformer
3101	0.0	0.0	0.0				False	lymph	early	nucleotide_transformer
3108	0.0	0.0	0.0				False	lymph	early	nucleotide_transformer
3114	0.0	0.0	0.0				False	lymph	early	nucleotide_transformer
3119	0.0	0.0	0.0				False	lymph	early	nucleotide_transformer
3132	0.0	0.0	0.0				False	lymph	early	nucleotide_transformer
3138	0.0	0.0	0.0				False	lymph	early	nucleotide_transformer
3139	0.0	0.0	0.0				False	lymph	early	nucleotide_transformer
3143	0.0	0.0	0.0				False	lymph	early	nucleotide_transformer
3147	0.0	0.0	0.0				False	lymph	early	nucleotide_transformer
3153	0.0	0.0	0.0				False	lymph	early	nucleotide_transformer
3157	0.0	0.0	0.0				False	lymph	early	nucleotide_transformer
3169	0.0	0.0	0.0				False	lymph	early	nucleotide_transformer
3177	0.0	0.0	0.0				False	lymph	early	nucleotide_transformer
3180	0.0	0.0	0.0				False	lymph	early	nucleotide_transformer
3182	0.0	0.0	0.0				False	lymph	early	nucleotide_transformer
3194	0.0	0.0	0.0				False	lymph	early	nucleotide_transformer
3196	0.0	0.0	0.0				False	lymph	early	nucleotide_transformer
3197	0.0	0.0	0.0				False	lymph	early	nucleotide_transformer
3201	0.0	0.0	0.0				False	lymph	early	nucleotide_transformer
3203	0.0	0.0	0.0				False	lymph	early	nucleotide_transformer
3223	0.0	0.0	0.0				False	lymph	early	nucleotide_transformer
3228	0.0	0.0	0.0				False	lymph	early	nucleotide_transformer
3236	0.0	0.0	0.0				False	lymph	early	nucleotide_transformer
3238	0.0	0.0	0.0				False	lymph	early	nucleotide_transformer
3244	0.0	0.0	0.0				False	lymph	early	nucleotide_transformer
3247	0.0	0.0	0.0				False	lymph	early	nucleotide_transformer
3248	0.0	0.0	0.0				False	lymph	early	nucleotide_transformer
3249	0.0	0.0	0.0				False	lymph	early	nucleotide_transformer
3264	0.0	0.0	0.0				False	lymph	early	nucleotide_transformer
3279	0.0	0.0	0.0				False	lymph	early	nucleotide_transformer
3280	0.0	0.0	0.0				False	lymph	early	nucleotide_transformer
3291	0.0	0.0	0.0				False	lymph	early	nucleotide_transformer
3299	0.0	0.0	0.0				False	lymph	early	nucleotide_transformer
3343	0.0	0.0	0.0				False	lymph	early	nucleotide_transformer
3345	0.0	0.0	0.0				False	lymph	early	nucleotide_transformer
3349	0.0	0.0	0.0				False	lymph	early	nucleotide_transformer
3355	0.0	0.0	0.0				False	lymph	early	nucleotide_transformer
3356	0.0	0.0	0.0				False	lymph	early	nucleotide_transformer
3367	0.0	0.0	0.0				False	lymph	early	nucleotide_transformer
3371	0.0	0.0	0.0				False	lymph	early	nucleotide_transformer
3374	0.0	0.0	0.0				False	lymph	early	nucleotide_transformer
3388	0.0	0.0	0.0				False	lymph	early	nucleotide_transformer
3394	0.0	0.0	0.0				False	lymph	early	nucleotide_transformer
3413	0.0	0.0	0.0				False	lymph	early	nucleotide_transformer
3415	0.0	0.0	0.0				False	lymph	early	nucleotide_transformer
3417	0.0	0.0	0.0				False	lymph	early	nucleotide_transformer
3422	0.0	0.0	0.0				False	lymph	early	nucleotide_transformer
3430	0.0	0.0	0.0				False	lymph	early	nucleotide_transformer
3431	0.0	0.0	0.0				False	lymph	early	nucleotide_transformer
3434	0.0	0.0	0.0				False	lymph	early	nucleotide_transformer
3435	0.0	0.0	0.0				False	lymph	early	nucleotide_transformer
3436	0.0	0.0	0.0				False	lymph	early	nucleotide_transformer
3455	0.0	0.0	0.0				False	lymph	early	nucleotide_transformer
3460	0.0	0.0	0.0				False	lymph	early	nucleotide_transformer
3461	0.0	0.0	0.0				False	lymph	early	nucleotide_transformer
3467	0.0	0.0	0.0				False	lymph	early	nucleotide_transformer
3469	0.0	0.0	0.0				False	lymph	early	nucleotide_transformer
3475	0.0	0.0	0.0				False	lymph	early	nucleotide_transformer
3476	0.0	0.0	0.0				False	lymph	early	nucleotide_transformer
3482	0.0	0.0	0.0				False	lymph	early	nucleotide_transformer
3486	0.0	0.0	0.0				False	lymph	early	nucleotide_transformer
3489	0.0	0.0	0.0				False	lymph	early	nucleotide_transformer
3492	0.0	0.0	0.0				False	lymph	early	nucleotide_transformer
3498	0.0	0.0	0.0				False	lymph	early	nucleotide_transformer
3499	0.0	0.0	0.0				False	lymph	early	nucleotide_transformer
3500	0.0	0.0	0.0				False	lymph	early	nucleotide_transformer
3502	0.0	0.0	0.0				False	lymph	early	nucleotide_transformer
3511	0.0	0.0	0.0				False	lymph	early	nucleotide_transformer
3520	0.0	0.0	0.0				False	lymph	early	nucleotide_transformer
3529	0.0	0.0	0.0				False	lymph	early	nucleotide_transformer
3530	0.0	0.0	0.0				False	lymph	early	nucleotide_transformer
3543	0.0	0.0	0.0				False	lymph	early	nucleotide_transformer
3552	0.0	0.0	0.0				False	lymph	early	nucleotide_transformer
3555	0.0	0.0	0.0				False	lymph	early	nucleotide_transformer
3563	0.0	0.0	0.0				False	lymph	early	nucleotide_transformer
3565	0.0	0.0	0.0				False	lymph	early	nucleotide_transformer
3566	0.0	0.0	0.0				False	lymph	early	nucleotide_transformer
3575	0.0	0.0	0.0				False	lymph	early	nucleotide_transformer
3582	0.0	0.0	0.0				False	lymph	early	nucleotide_transformer
3585	0.0	0.0	0.0				False	lymph	early	nucleotide_transformer
3586	0.0	0.0	0.0				False	lymph	early	nucleotide_transformer
3599	0.0	0.0	0.0				False	lymph	early	nucleotide_transformer
3600	0.0	0.0	0.0				False	lymph	early	nucleotide_transformer
3612	0.0	0.0	0.0				False	lymph	early	nucleotide_transformer
3614	0.0	0.0	0.0				False	lymph	early	nucleotide_transformer
3622	0.0	0.0	0.0				False	lymph	early	nucleotide_transformer
3626	0.0	0.0	0.0				False	lymph	early	nucleotide_transformer
3630	0.0	0.0	0.0				False	lymph	early	nucleotide_transformer
3633	0.0	0.0	0.0				False	lymph	early	nucleotide_transformer
3645	0.0	0.0	0.0				False	lymph	early	nucleotide_transformer
3653	0.0	0.0	0.0				False	lymph	early	nucleotide_transformer
3663	0.0	0.0	0.0				False	lymph	early	nucleotide_transformer
3667	0.0	0.0	0.0				False	lymph	early	nucleotide_transformer
3669	0.0	0.0	0.0				False	lymph	early	nucleotide_transformer
3674	0.0	0.0	0.0				False	lymph	early	nucleotide_transformer
3675	0.0	0.0	0.0				False	lymph	early	nucleotide_transformer
3676	0.0	0.0	0.0				False	lymph	early	nucleotide_transformer
3677	0.0	0.0	0.0				False	lymph	early	nucleotide_transformer
3678	0.0	0.0	0.0				False	lymph	early	nucleotide_transformer
3681	0.0	0.0	0.0				False	lymph	early	nucleotide_transformer
3691	0.0	0.0	0.0				False	lymph	early	nucleotide_transformer
3699	0.0	0.0	0.0				False	lymph	early	nucleotide_transformer
3705	0.0	0.0	0.0				False	lymph	early	nucleotide_transformer
3706	0.0	0.0	0.0				False	lymph	early	nucleotide_transformer
3709	0.0	0.0	0.0				False	lymph	early	nucleotide_transformer
3722	0.0	0.0	0.0				False	lymph	early	nucleotide_transformer
3723	0.0	0.0	0.0				False	lymph	early	nucleotide_transformer
3726	0.0	0.0	0.0				False	lymph	early	nucleotide_transformer
3733	0.0	0.0	0.0				False	lymph	early	nucleotide_transformer
3738	0.0	0.0	0.0				False	lymph	early	nucleotide_transformer
3740	0.0	0.0	0.0				False	lymph	early	nucleotide_transformer
3745	0.0	0.0	0.0				False	lymph	early	nucleotide_transformer
3747	0.0	0.0	0.0				False	lymph	early	nucleotide_transformer
3753	0.0	0.0	0.0				False	lymph	early	nucleotide_transformer
3755	0.0	0.0	0.0				False	lymph	early	nucleotide_transformer
3758	0.0	0.0	0.0				False	lymph	early	nucleotide_transformer
3766	0.0	0.0	0.0				False	lymph	early	nucleotide_transformer
3767	0.0	0.0	0.0				False	lymph	early	nucleotide_transformer
3772	0.0	0.0	0.0				False	lymph	early	nucleotide_transformer
3774	0.0	0.0	0.0				False	lymph	early	nucleotide_transformer
3778	0.0	0.0	0.0				False	lymph	early	nucleotide_transformer
3780	0.0	0.0	0.0				False	lymph	early	nucleotide_transformer
3785	0.0	0.0	0.0				False	lymph	early	nucleotide_transformer
3788	0.0	0.0	0.0				False	lymph	early	nucleotide_transformer
3792	0.0	0.0	0.0				False	lymph	early	nucleotide_transformer
3796	0.0	0.0	0.0				False	lymph	early	nucleotide_transformer
3798	0.0	0.0	0.0				False	lymph	early	nucleotide_transformer
3802	0.0	0.0	0.0				False	lymph	early	nucleotide_transformer
3807	0.0	0.0	0.0				False	lymph	early	nucleotide_transformer
3812	0.0	0.0	0.0				False	lymph	early	nucleotide_transformer
3824	0.0	0.0	0.0				False	lymph	early	nucleotide_transformer
3828	0.0	0.0	0.0				False	lymph	early	nucleotide_transformer
3833	0.0	0.0	0.0				False	lymph	early	nucleotide_transformer
3835	0.0	0.0	0.0				False	lymph	early	nucleotide_transformer
3836	0.0	0.0	0.0				False	lymph	early	nucleotide_transformer
3848	0.0	0.0	0.0				False	lymph	early	nucleotide_transformer
3863	0.0	0.0	0.0				False	lymph	early	nucleotide_transformer
3867	0.0	0.0	0.0				False	lymph	early	nucleotide_transformer
3884	0.0	0.0	0.0				False	lymph	early	nucleotide_transformer
3888	0.0	0.0	0.0				False	lymph	early	nucleotide_transformer
3889	0.0	0.0	0.0				False	lymph	early	nucleotide_transformer
3890	0.0	0.0	0.0				False	lymph	early	nucleotide_transformer
3896	0.0	0.0	0.0				False	lymph	early	nucleotide_transformer
3897	0.0	0.0	0.0				False	lymph	early	nucleotide_transformer
3913	0.0	0.0	0.0				False	lymph	early	nucleotide_transformer
3918	0.0	0.0	0.0				False	lymph	early	nucleotide_transformer
3925	0.0	0.0	0.0				False	lymph	early	nucleotide_transformer
3926	0.0	0.0	0.0				False	lymph	early	nucleotide_transformer
3941	0.0	0.0	0.0				False	lymph	early	nucleotide_transformer
3947	0.0	0.0	0.0				False	lymph	early	nucleotide_transformer
3949	0.0	0.0	0.0				False	lymph	early	nucleotide_transformer
3951	0.0	0.0	0.0				False	lymph	early	nucleotide_transformer
3953	0.0	0.0	0.0				False	lymph	early	nucleotide_transformer
3959	0.0	0.0	0.0				False	lymph	early	nucleotide_transformer
3963	0.0	0.0	0.0				False	lymph	early	nucleotide_transformer
3966	0.0	0.0	0.0				False	lymph	early	nucleotide_transformer
3970	0.0	0.0	0.0				False	lymph	early	nucleotide_transformer
3976	0.0	0.0	0.0				False	lymph	early	nucleotide_transformer
3984	0.0	0.0	0.0				False	lymph	early	nucleotide_transformer
3993	0.0	0.0	0.0				False	lymph	early	nucleotide_transformer
3998	0.0	0.0	0.0				False	lymph	early	nucleotide_transformer
4000	0.0	0.0	0.0				False	lymph	early	nucleotide_transformer
4007	0.0	0.0	0.0				False	lymph	early	nucleotide_transformer
4017	0.0	0.0	0.0				False	lymph	early	nucleotide_transformer
4030	0.0	0.0	0.0				False	lymph	early	nucleotide_transformer
4032	0.0	0.0	0.0				False	lymph	early	nucleotide_transformer
4033	0.0	0.0	0.0				False	lymph	early	nucleotide_transformer
4039	0.0	0.0	0.0				False	lymph	early	nucleotide_transformer
4047	0.0	0.0	0.0				False	lymph	early	nucleotide_transformer
4055	0.0	0.0	0.0				False	lymph	early	nucleotide_transformer
4068	0.0	0.0	0.0				False	lymph	early	nucleotide_transformer
4069	0.0	0.0	0.0				False	lymph	early	nucleotide_transformer
4073	0.0	0.0	0.0				False	lymph	early	nucleotide_transformer
4076	0.0	0.0	0.0				False	lymph	early	nucleotide_transformer
4089	0.0	0.0	0.0				False	lymph	early	nucleotide_transformer
4091	0.0	0.0	0.0				False	lymph	early	nucleotide_transformer
4092	0.0	0.0	0.0				False	lymph	early	nucleotide_transformer
4131	0.0	0.0	0.0				False	lymph	early	nucleotide_transformer
4133	0.0	0.0	0.0				False	lymph	early	nucleotide_transformer
4139	0.0	0.0	0.0				False	lymph	early	nucleotide_transformer
4144	0.0	0.0	0.0				False	lymph	early	nucleotide_transformer
4150	0.0	0.0	0.0				False	lymph	early	nucleotide_transformer
4162	0.0	0.0	0.0				False	lymph	early	nucleotide_transformer
4183	0.0	0.0	0.0				False	lymph	early	nucleotide_transformer
4184	0.0	0.0	0.0				False	lymph	early	nucleotide_transformer
4186	0.0	0.0	0.0				False	lymph	early	nucleotide_transformer
4189	0.0	0.0	0.0				False	lymph	early	nucleotide_transformer
4196	0.0	0.0	0.0				False	lymph	early	nucleotide_transformer
4200	0.0	0.0	0.0				False	lymph	early	nucleotide_transformer
4204	0.0	0.0	0.0				False	lymph	early	nucleotide_transformer
4207	0.0	0.0	0.0				False	lymph	early	nucleotide_transformer
4212	0.0	0.0	0.0				False	lymph	early	nucleotide_transformer
4221	0.0	0.0	0.0				False	lymph	early	nucleotide_transformer
4222	0.0	0.0	0.0				False	lymph	early	nucleotide_transformer
4226	0.0	0.0	0.0				False	lymph	early	nucleotide_transformer
4227	0.0	0.0	0.0				False	lymph	early	nucleotide_transformer
4229	0.0	0.0	0.0				False	lymph	early	nucleotide_transformer
4235	0.0	0.0	0.0				False	lymph	early	nucleotide_transformer
4237	0.0	0.0	0.0				False	lymph	early	nucleotide_transformer
4240	0.0	0.0	0.0				False	lymph	early	nucleotide_transformer
4245	0.0	0.0	0.0				False	lymph	early	nucleotide_transformer
4246	0.0	0.0	0.0				False	lymph	early	nucleotide_transformer
4247	0.0	0.0	0.0				False	lymph	early	nucleotide_transformer
4258	0.0	0.0	0.0				False	lymph	early	nucleotide_transformer
4265	0.0	0.0	0.0				False	lymph	early	nucleotide_transformer
4273	0.0	0.0	0.0				False	lymph	early	nucleotide_transformer
4275	0.0	0.0	0.0				False	lymph	early	nucleotide_transformer
4297	0.0	0.0	0.0				False	lymph	early	nucleotide_transformer
4299	0.0	0.0	0.0				False	lymph	early	nucleotide_transformer
4302	0.0	0.0	0.0				False	lymph	early	nucleotide_transformer
4303	0.0	0.0	0.0				False	lymph	early	nucleotide_transformer
4307	0.0	0.0	0.0				False	lymph	early	nucleotide_transformer
4312	0.0	0.0	0.0				False	lymph	early	nucleotide_transformer
4323	0.0	0.0	0.0				False	lymph	early	nucleotide_transformer
4324	0.0	0.0	0.0				False	lymph	early	nucleotide_transformer
4330	0.0	0.0	0.0				False	lymph	early	nucleotide_transformer
4335	0.0	0.0	0.0				False	lymph	early	nucleotide_transformer
4337	0.0	0.0	0.0				False	lymph	early	nucleotide_transformer
4354	0.0	0.0	0.0				False	lymph	early	nucleotide_transformer
4371	0.0	0.0	0.0				False	lymph	early	nucleotide_transformer
4373	0.0	0.0	0.0				False	lymph	early	nucleotide_transformer
4377	0.0	0.0	0.0				False	lymph	early	nucleotide_transformer
4379	0.0	0.0	0.0				False	lymph	early	nucleotide_transformer
4380	0.0	0.0	0.0				False	lymph	early	nucleotide_transformer
4387	0.0	0.0	0.0				False	lymph	early	nucleotide_transformer
4405	0.0	0.0	0.0				False	lymph	early	nucleotide_transformer
4408	0.0	0.0	0.0				False	lymph	early	nucleotide_transformer
4415	0.0	0.0	0.0				False	lymph	early	nucleotide_transformer
4416	0.0	0.0	0.0				False	lymph	early	nucleotide_transformer
4429	0.0	0.0	0.0				False	lymph	early	nucleotide_transformer
4434	0.0	0.0	0.0				False	lymph	early	nucleotide_transformer
4435	0.0	0.0	0.0				False	lymph	early	nucleotide_transformer
4437	0.0	0.0	0.0				False	lymph	early	nucleotide_transformer
4462	0.0	0.0	0.0				False	lymph	early	nucleotide_transformer
4470	0.0	0.0	0.0				False	lymph	early	nucleotide_transformer
4471	0.0	0.0	0.0				False	lymph	early	nucleotide_transformer
4475	0.0	0.0	0.0				False	lymph	early	nucleotide_transformer
4478	0.0	0.0	0.0				False	lymph	early	nucleotide_transformer
4480	0.0	0.0	0.0				False	lymph	early	nucleotide_transformer
4490	0.0	0.0	0.0				False	lymph	early	nucleotide_transformer
4497	0.0	0.0	0.0				False	lymph	early	nucleotide_transformer
4501	0.0	0.0	0.0				False	lymph	early	nucleotide_transformer
4510	0.0	0.0	0.0				False	lymph	early	nucleotide_transformer
4517	0.0	0.0	0.0				False	lymph	early	nucleotide_transformer
4520	0.0	0.0	0.0				False	lymph	early	nucleotide_transformer
4521	0.0	0.0	0.0				False	lymph	early	nucleotide_transformer
4524	0.0	0.0	0.0				False	lymph	early	nucleotide_transformer
4532	0.0	0.0	0.0				False	lymph	early	nucleotide_transformer
4547	0.0	0.0	0.0				False	lymph	early	nucleotide_transformer
4549	0.0	0.0	0.0				False	lymph	early	nucleotide_transformer
4569	0.0	0.0	0.0				False	lymph	early	nucleotide_transformer
4583	0.0	0.0	0.0				False	lymph	early	nucleotide_transformer
4584	0.0	0.0	0.0				False	lymph	early	nucleotide_transformer
4586	0.0	0.0	0.0				False	lymph	early	nucleotide_transformer
4592	0.0	0.0	0.0				False	lymph	early	nucleotide_transformer
4611	0.0	0.0	0.0				False	lymph	early	nucleotide_transformer
4616	0.0	0.0	0.0				False	lymph	early	nucleotide_transformer
4621	0.0	0.0	0.0				False	lymph	early	nucleotide_transformer
4632	0.0	0.0	0.0				False	lymph	early	nucleotide_transformer
4644	0.0	0.0	0.0				False	lymph	early	nucleotide_transformer
4646	0.0	0.0	0.0				False	lymph	early	nucleotide_transformer
4664	0.0	0.0	0.0				False	lymph	early	nucleotide_transformer
4667	0.0	0.0	0.0				False	lymph	early	nucleotide_transformer
4686	0.0	0.0	0.0				False	lymph	early	nucleotide_transformer
4688	0.0	0.0	0.0				False	lymph	early	nucleotide_transformer
4698	0.0	0.0	0.0				False	lymph	early	nucleotide_transformer
4699	0.0	0.0	0.0				False	lymph	early	nucleotide_transformer
4700	0.0	0.0	0.0				False	lymph	early	nucleotide_transformer
4711	0.0	0.0	0.0				False	lymph	early	nucleotide_transformer
4713	0.0	0.0	0.0				False	lymph	early	nucleotide_transformer
4717	0.0	0.0	0.0				False	lymph	early	nucleotide_transformer
4727	0.0	0.0	0.0				False	lymph	early	nucleotide_transformer
4730	0.0	0.0	0.0				False	lymph	early	nucleotide_transformer
4739	0.0	0.0	0.0				False	lymph	early	nucleotide_transformer
4746	0.0	0.0	0.0				False	lymph	early	nucleotide_transformer
4753	0.0	0.0	0.0				False	lymph	early	nucleotide_transformer
4768	0.0	0.0	0.0				False	lymph	early	nucleotide_transformer
4782	0.0	0.0	0.0				False	lymph	early	nucleotide_transformer
4792	0.0	0.0	0.0				False	lymph	early	nucleotide_transformer
4809	0.0	0.0	0.0				False	lymph	early	nucleotide_transformer
4810	0.0	0.0	0.0				False	lymph	early	nucleotide_transformer
4812	0.0	0.0	0.0				False	lymph	early	nucleotide_transformer
4813	0.0	0.0	0.0				False	lymph	early	nucleotide_transformer
4816	0.0	0.0	0.0				False	lymph	early	nucleotide_transformer
4817	0.0	0.0	0.0				False	lymph	early	nucleotide_transformer
4827	0.0	0.0	0.0				False	lymph	early	nucleotide_transformer
4832	0.0	0.0	0.0				False	lymph	early	nucleotide_transformer
4837	0.0	0.0	0.0				False	lymph	early	nucleotide_transformer
4839	0.0	0.0	0.0				False	lymph	early	nucleotide_transformer
4853	0.0	0.0	0.0				False	lymph	early	nucleotide_transformer
4856	0.0	0.0	0.0				False	lymph	early	nucleotide_transformer
4860	0.0	0.0	0.0				False	lymph	early	nucleotide_transformer
4862	0.0	0.0	0.0				False	lymph	early	nucleotide_transformer
4864	0.0	0.0	0.0				False	lymph	early	nucleotide_transformer
4876	0.0	0.0	0.0				False	lymph	early	nucleotide_transformer
4878	0.0	0.0	0.0				False	lymph	early	nucleotide_transformer
4882	0.0	0.0	0.0				False	lymph	early	nucleotide_transformer
4885	0.0	0.0	0.0				False	lymph	early	nucleotide_transformer
4888	0.0	0.0	0.0				False	lymph	early	nucleotide_transformer
4889	0.0	0.0	0.0				False	lymph	early	nucleotide_transformer
4896	0.0	0.0	0.0				False	lymph	early	nucleotide_transformer
4898	0.0	0.0	0.0				False	lymph	early	nucleotide_transformer
4899	0.0	0.0	0.0				False	lymph	early	nucleotide_transformer
4915	0.0	0.0	0.0				False	lymph	early	nucleotide_transformer
4918	0.0	0.0	0.0				False	lymph	early	nucleotide_transformer
4923	0.0	0.0	0.0				False	lymph	early	nucleotide_transformer
4933	0.0	0.0	0.0				False	lymph	early	nucleotide_transformer
4956	0.0	0.0	0.0				False	lymph	early	nucleotide_transformer
4962	0.0	0.0	0.0				False	lymph	early	nucleotide_transformer
4966	0.0	0.0	0.0				False	lymph	early	nucleotide_transformer
4967	0.0	0.0	0.0				False	lymph	early	nucleotide_transformer
4982	0.0	0.0	0.0				False	lymph	early	nucleotide_transformer
4988	0.0	0.0	0.0				False	lymph	early	nucleotide_transformer
4989	0.0	0.0	0.0				False	lymph	early	nucleotide_transformer
4991	0.0	0.0	0.0				False	lymph	early	nucleotide_transformer
4994	0.0	0.0	0.0				False	lymph	early	nucleotide_transformer
5000	0.0	0.0	0.0				False	lymph	early	nucleotide_transformer
5005	0.0	0.0	0.0				False	lymph	early	nucleotide_transformer
5013	0.0	0.0	0.0				False	lymph	early	nucleotide_transformer
5014	0.0	0.0	0.0				False	lymph	early	nucleotide_transformer
5019	0.0	0.0	0.0				False	lymph	early	nucleotide_transformer
5028	0.0	0.0	0.0				False	lymph	early	nucleotide_transformer
5043	0.0	0.0	0.0				False	lymph	early	nucleotide_transformer
5045	0.0	0.0	0.0				False	lymph	early	nucleotide_transformer
5050	0.0	0.0	0.0				False	lymph	early	nucleotide_transformer
5069	0.0	0.0	0.0				False	lymph	early	nucleotide_transformer
5074	0.0	0.0	0.0				False	lymph	early	nucleotide_transformer
5080	0.0	0.0	0.0				False	lymph	early	nucleotide_transformer
5081	0.0	0.0	0.0				False	lymph	early	nucleotide_transformer
5082	0.0	0.0	0.0				False	lymph	early	nucleotide_transformer
5084	0.0	0.0	0.0				False	lymph	early	nucleotide_transformer
5086	0.0	0.0	0.0				False	lymph	early	nucleotide_transformer
5091	0.0	0.0	0.0				False	lymph	early	nucleotide_transformer
5101	0.0	0.0	0.0				False	lymph	early	nucleotide_transformer
5112	0.0	0.0	0.0				False	lymph	early	nucleotide_transformer
5115	0.0	0.0	0.0				False	lymph	early	nucleotide_transformer
