feature_id	cds	vitro_mean	vivo_mean	t_stat	pval	pval_bonf	significant	pair	layer	model
2472	-32.23407	118.768295	151.00237	-9.840951	2.0008495e-21	1.024435e-17	True	blood	early	nucleotide_transformer
537	19.957191	119.49793	99.54074	6.6040697	7.0348574e-11	3.6018469e-07	True	blood	early	nucleotide_transformer
4891	20.351929	121.323555	100.97163	6.5566607	9.6057266e-11	4.918132e-07	True	blood	early	nucleotide_transformer
4300	19.946663	110.960175	91.01351	6.29893	4.8483506e-10	2.4823555e-06	True	blood	early	nucleotide_transformer
4368	20.18164	110.31035	90.12871	6.2932415	5.03097e-10	2.5758568e-06	True	blood	early	nucleotide_transformer
1943	19.193367	118.50903	99.31567	6.1570053	1.1500958e-09	5.8884907e-06	True	blood	early	nucleotide_transformer
185	19.32679	108.98748	89.66069	6.079774	1.8330609e-09	9.385272e-06	True	blood	early	nucleotide_transformer
2461	18.924828	119.718864	100.79404	5.953103	3.894282e-09	1.9938723e-05	True	blood	early	nucleotide_transformer
664	7.643097	178.42734	170.78424	5.815552	9.097257e-09	4.6577956e-05	True	blood	early	nucleotide_transformer
5030	15.7714615	131.1605	115.389046	5.6860404	1.7847757e-08	9.138051e-05	True	blood	early	nucleotide_transformer
197	17.391937	111.29389	93.901955	5.532717	4.225833e-08	0.00021636265	True	blood	early	nucleotide_transformer
3251	4.526123	190.25082	185.7247	5.482884	5.998159e-08	0.0003071057	True	blood	early	nucleotide_transformer
5102	14.286919	131.03752	116.7506	5.389292	9.133071e-08	0.00046761325	True	blood	early	nucleotide_transformer
2904	4.3249817	190.28978	185.9648	5.3393736	1.2900477e-07	0.00066050445	True	blood	early	nucleotide_transformer
3620	15.459584	28.842447	13.382863	5.1786084	2.970215e-07	0.0015207501	True	blood	early	nucleotide_transformer
1025	3.8814087	189.95288	186.07147	4.8628063	1.4539935e-06	0.007444447	True	blood	early	nucleotide_transformer
4455	30.522343	48.540607	18.018265	4.72908	2.816785e-06	0.014421939	True	blood	early	nucleotide_transformer
354	12.370247	128.60114	116.23089	4.5078955	7.4797695e-06	0.03829642	True	blood	early	nucleotide_transformer
1939	3.372818	194.70662	191.3338	4.483495	8.698321e-06	0.044535402	True	blood	early	nucleotide_transformer
1727	11.729843	134.66264	122.9328	4.451916	9.669571e-06	0.049508207	True	blood	early	nucleotide_transformer
224	4.6736145	159.60547	154.93185	4.3246326	1.7320825e-05	0.08868262	False	blood	early	nucleotide_transformer
4969	7.2467804	150.08191	142.83513	4.289581	1.9960387e-05	0.102197185	False	blood	early	nucleotide_transformer
1097	-0.9590844	0.0	0.9590844	-4.256868	2.147966e-05	0.10997586	False	blood	early	nucleotide_transformer
1627	-0.9582041	0.0	0.9582041	-4.2568583	2.1480566e-05	0.109980494	False	blood	early	nucleotide_transformer
271	-10.381287	126.08707	136.46835	-4.248336	2.43971e-05	0.124913156	False	blood	early	nucleotide_transformer
2722	6.6018677	155.06923	148.46736	4.165579	3.435867e-05	0.17591639	False	blood	early	nucleotide_transformer
3361	-0.9055298	0.0	0.9055298	-4.1361213	3.646402e-05	0.18669577	False	blood	early	nucleotide_transformer
2599	-0.90527505	0.0	0.90527505	-4.1361146	3.6465084e-05	0.18670124	False	blood	early	nucleotide_transformer
4787	-0.9049517	0.0	0.9049517	-4.1361117	3.6465557e-05	0.18670365	False	blood	early	nucleotide_transformer
4325	-0.90584457	0.0	0.90584457	-4.1360683	3.6472407e-05	0.18673873	False	blood	early	nucleotide_transformer
3637	-0.8520001	0.0	0.8520001	-4.011841	6.1978804e-05	0.3173315	False	blood	early	nucleotide_transformer
4314	-0.85119927	0.0	0.85119927	-4.011841	6.1978804e-05	0.3173315	False	blood	early	nucleotide_transformer
4789	-0.8521646	0.0	0.8521646	-4.01184	6.1979175e-05	0.31733337	False	blood	early	nucleotide_transformer
1676	-0.85155886	0.0	0.85155886	-4.0118313	6.1981365e-05	0.3173446	False	blood	early	nucleotide_transformer
1193	-0.8515139	0.0	0.8515139	-4.0118313	6.1981365e-05	0.3173446	False	blood	early	nucleotide_transformer
3944	-0.8514479	0.0	0.8514479	-4.0118284	6.198205e-05	0.3173481	False	blood	early	nucleotide_transformer
968	-0.85137975	0.0	0.85137975	-4.0118275	6.198237e-05	0.31734973	False	blood	early	nucleotide_transformer
2514	-0.85132545	0.0	0.85132545	-4.011826	6.198268e-05	0.31735134	False	blood	early	nucleotide_transformer
4014	-0.8513521	0.0	0.8513521	-4.011826	6.198268e-05	0.31735134	False	blood	early	nucleotide_transformer
4214	5.6082764	154.98134	149.37306	4.006835	6.75016e-05	0.34560817	False	blood	early	nucleotide_transformer
4483	-0.7990339	0.0	0.7990339	-3.883636	0.00010551843	0.54025435	False	blood	early	nucleotide_transformer
2846	-0.79891926	0.0	0.79891926	-3.8836331	0.00010551978	0.54026127	False	blood	early	nucleotide_transformer
381	-0.79885775	0.0	0.79885775	-3.883632	0.0001055202	0.5402634	False	blood	early	nucleotide_transformer
655	-0.798746	0.0	0.798746	-3.8836308	0.00010552078	0.5402664	False	blood	early	nucleotide_transformer
2441	-0.798861	0.0	0.798861	-3.8836215	0.00010552487	0.5402874	False	blood	early	nucleotide_transformer
3954	-0.79874694	0.0	0.79874694	-3.88362	0.00010552548	0.5402905	False	blood	early	nucleotide_transformer
604	-0.7986061	0.0	0.7986061	-3.883615	0.000105527666	0.5403017	False	blood	early	nucleotide_transformer
2297	-0.79946566	0.0	0.79946566	-3.8836148	0.00010552767	0.5403017	False	blood	early	nucleotide_transformer
3402	-0.79933095	0.0	0.79933095	-3.8836143	0.000105527826	0.54030246	False	blood	early	nucleotide_transformer
104	-0.7982973	0.0	0.7982973	-3.8836112	0.00010552927	0.54030985	False	blood	early	nucleotide_transformer
3154	-0.7992874	0.0	0.7992874	-3.88361	0.00010552974	0.5403123	False	blood	early	nucleotide_transformer
2940	-0.7981907	0.0	0.7981907	-3.8836088	0.000105530286	0.54031503	False	blood	early	nucleotide_transformer
4489	-0.79818726	0.0	0.79818726	-3.883608	0.000105530584	0.5403166	False	blood	early	nucleotide_transformer
2020	-0.79816586	0.0	0.79816586	-3.8836074	0.000105530875	0.5403181	False	blood	early	nucleotide_transformer
2490	2.8008423	188.26953	185.46869	3.885007	0.00011294744	0.5782909	False	blood	early	nucleotide_transformer
2818	-0.74476427	0.0	0.74476427	-3.7512708	0.00017985557	0.9208605	False	blood	early	nucleotide_transformer
4659	-0.7456869	0.0	0.7456869	-3.7511768	0.00017992254	0.92120343	False	blood	early	nucleotide_transformer
2957	-0.7456471	0.0	0.7456471	-3.7511766	0.00017992256	0.9212035	False	blood	early	nucleotide_transformer
382	-0.7456535	0.0	0.7456535	-3.7511764	0.00017992275	0.92120445	False	blood	early	nucleotide_transformer
1279	-0.74581224	0.0	0.74581224	-3.7511747	0.00017992398	0.92121077	False	blood	early	nucleotide_transformer
352	-0.7454821	0.0	0.7454821	-3.751173	0.00017992518	0.9212169	False	blood	early	nucleotide_transformer
3931	-0.7455357	0.0	0.7455357	-3.7511718	0.0001799262	0.9212221	False	blood	early	nucleotide_transformer
320	-0.7453741	0.0	0.7453741	-3.751171	0.00017992665	0.9212244	False	blood	early	nucleotide_transformer
827	-0.74515116	0.0	0.74515116	-3.7511685	0.00017992857	0.92123425	False	blood	early	nucleotide_transformer
1538	-0.7462394	0.0	0.7462394	-3.7511685	0.00017992857	0.92123425	False	blood	early	nucleotide_transformer
3205	-0.7452225	0.0	0.7452225	-3.7511685	0.00017992857	0.92123425	False	blood	early	nucleotide_transformer
3233	-0.7452275	0.0	0.7452275	-3.7511678	0.000179929	0.9212365	False	blood	early	nucleotide_transformer
3881	-0.7450219	0.0	0.7450219	-3.7511647	0.0001799312	0.9212477	False	blood	early	nucleotide_transformer
1034	-0.7461332	0.0	0.7461332	-3.7511587	0.0001799356	0.92127025	False	blood	early	nucleotide_transformer
3550	2.598465	172.6022	170.00374	3.761929	0.000182744	0.9356493	False	blood	early	nucleotide_transformer
4421	4.9723053	156.55252	151.58022	3.7243063	0.0002100439	1.0	False	blood	early	nucleotide_transformer
184	5.026306	526.5091	521.4828	3.7146587	0.00022232255	1.0	False	blood	early	nucleotide_transformer
3408	10.491707	120.30151	109.80981	3.6694655	0.00025854266	1.0	False	blood	early	nucleotide_transformer
3545	-0.6929471	0.0	0.6929471	-3.6140263	0.00030730484	1.0	False	blood	early	nucleotide_transformer
2679	-0.6929476	0.0	0.6929476	-3.614026	0.00030730484	1.0	False	blood	early	nucleotide_transformer
5099	-0.6916805	0.0	0.6916805	-3.6140223	0.00030730924	1.0	False	blood	early	nucleotide_transformer
310	-0.69224215	0.0	0.69224215	-3.6140156	0.00030731724	1.0	False	blood	early	nucleotide_transformer
4939	-0.6921814	0.0	0.6921814	-3.6140137	0.00030731928	1.0	False	blood	early	nucleotide_transformer
759	-0.6921902	0.0	0.6921902	-3.6140134	0.00030731963	1.0	False	blood	early	nucleotide_transformer
4881	-0.692172	0.0	0.692172	-3.6140134	0.00030731963	1.0	False	blood	early	nucleotide_transformer
3773	-0.6921987	0.0	0.6921987	-3.6140132	0.00030732006	1.0	False	blood	early	nucleotide_transformer
4344	-0.6921027	0.0	0.6921027	-3.6140122	0.00030732082	1.0	False	blood	early	nucleotide_transformer
1987	-0.69207746	0.0	0.69207746	-3.6140115	0.0003073221	1.0	False	blood	early	nucleotide_transformer
3764	-0.6920763	0.0	0.6920763	-3.6140115	0.0003073221	1.0	False	blood	early	nucleotide_transformer
3014	-0.6915149	0.0	0.6915149	-3.6140108	0.0003073229	1.0	False	blood	early	nucleotide_transformer
1515	-0.69199955	0.0	0.69199955	-3.6140096	0.00030732396	1.0	False	blood	early	nucleotide_transformer
1237	-0.6914807	0.0	0.6914807	-3.6140094	0.00030732443	1.0	False	blood	early	nucleotide_transformer
4225	-0.6914986	0.0	0.6914986	-3.6140091	0.0003073245	1.0	False	blood	early	nucleotide_transformer
2864	-0.692093	0.0	0.692093	-3.6140091	0.0003073245	1.0	False	blood	early	nucleotide_transformer
4522	-0.69196016	0.0	0.69196016	-3.614009	0.00030732522	1.0	False	blood	early	nucleotide_transformer
5095	-0.6921513	0.0	0.6921513	-3.6140058	0.00030732882	1.0	False	blood	early	nucleotide_transformer
3683	-0.6913294	0.0	0.6913294	-3.6140053	0.00030732926	1.0	False	blood	early	nucleotide_transformer
4703	-0.6917916	0.0	0.6917916	-3.6140046	0.00030733005	1.0	False	blood	early	nucleotide_transformer
409	-0.69181156	0.0	0.69181156	-3.6140044	0.0003073304	1.0	False	blood	early	nucleotide_transformer
3465	2.4252625	175.16563	172.74037	3.4879434	0.0005189307	1.0	False	blood	early	nucleotide_transformer
3091	-0.63881284	0.0	0.63881284	-3.4716146	0.0005259325	1.0	False	blood	early	nucleotide_transformer
1354	-0.63880324	0.0	0.63880324	-3.4716141	0.00052593386	1.0	False	blood	early	nucleotide_transformer
4044	-0.63881546	0.0	0.63881546	-3.4716144	0.00052593386	1.0	False	blood	early	nucleotide_transformer
3782	-0.6387952	0.0	0.6387952	-3.4716144	0.00052593386	1.0	False	blood	early	nucleotide_transformer
3389	-0.6387507	0.0	0.6387507	-3.471613	0.0005259366	1.0	False	blood	early	nucleotide_transformer
731	-0.63872796	0.0	0.63872796	-3.4716127	0.00052593707	1.0	False	blood	early	nucleotide_transformer
1582	-0.638556	0.0	0.638556	-3.4716082	0.00052594574	1.0	False	blood	early	nucleotide_transformer
2051	-0.6385336	0.0	0.6385336	-3.4716067	0.0005259485	1.0	False	blood	early	nucleotide_transformer
85	-0.63842535	0.0	0.63842535	-3.4716055	0.0005259503	1.0	False	blood	early	nucleotide_transformer
176	-0.6387084	0.0	0.6387084	-3.4716043	0.00052595296	1.0	False	blood	early	nucleotide_transformer
2088	-0.63828266	0.0	0.63828266	-3.4716036	0.0005259543	1.0	False	blood	early	nucleotide_transformer
4363	-0.6388052	0.0	0.6388052	-3.4716027	0.00052595616	1.0	False	blood	early	nucleotide_transformer
1017	-0.63798714	0.0	0.63798714	-3.4715998	0.00052596163	1.0	False	blood	early	nucleotide_transformer
3724	-0.6390265	0.0	0.6390265	-3.4715996	0.0005259621	1.0	False	blood	early	nucleotide_transformer
856	-0.6379361	0.0	0.6379361	-3.4715984	0.0005259648	1.0	False	blood	early	nucleotide_transformer
4656	-0.63840735	0.0	0.63840735	-3.471598	0.0005259656	1.0	False	blood	early	nucleotide_transformer
4848	-0.6384168	0.0	0.6384168	-3.471597	0.00052596757	1.0	False	blood	early	nucleotide_transformer
561	-0.63856304	0.0	0.63856304	-3.4715965	0.0005259681	1.0	False	blood	early	nucleotide_transformer
1683	-0.63835686	0.0	0.63835686	-3.4715946	0.00052597205	1.0	False	blood	early	nucleotide_transformer
2769	-0.63899565	0.0	0.63899565	-3.4715936	0.0005259739	1.0	False	blood	early	nucleotide_transformer
3428	-0.6389195	0.0	0.6389195	-3.4715908	0.0005259794	1.0	False	blood	early	nucleotide_transformer
77	-0.638934	0.0	0.638934	-3.47159	0.00052598125	1.0	False	blood	early	nucleotide_transformer
3680	-0.6389433	0.0	0.6389433	-3.47159	0.00052598125	1.0	False	blood	early	nucleotide_transformer
1300	-0.6389292	0.0	0.6389292	-3.4715896	0.00052598206	1.0	False	blood	early	nucleotide_transformer
1721	4.6881714	793.80493	789.11676	3.4809363	0.00053489435	1.0	False	blood	early	nucleotide_transformer
2228	-0.58545357	0.0	0.58545357	-3.3231294	0.00090269535	1.0	False	blood	early	nucleotide_transformer
858	-0.58535784	0.0	0.58535784	-3.3231246	0.00090271066	1.0	False	blood	early	nucleotide_transformer
704	-0.5851896	0.0	0.5851896	-3.3231235	0.00090271386	1.0	False	blood	early	nucleotide_transformer
749	-0.5851686	0.0	0.5851686	-3.3231235	0.00090271386	1.0	False	blood	early	nucleotide_transformer
3641	-0.5857977	0.0	0.5857977	-3.323123	0.0009027161	1.0	False	blood	early	nucleotide_transformer
2641	-0.58561945	0.0	0.58561945	-3.3231208	0.00090272265	1.0	False	blood	early	nucleotide_transformer
3266	-0.5855977	0.0	0.5855977	-3.3231204	0.000902725	1.0	False	blood	early	nucleotide_transformer
4004	-0.5857883	0.0	0.5857883	-3.3231192	0.00090272824	1.0	False	blood	early	nucleotide_transformer
4401	-0.5853649	0.0	0.5853649	-3.3231192	0.00090272824	1.0	False	blood	early	nucleotide_transformer
2581	-0.58554727	0.0	0.58554727	-3.3231175	0.00090273365	1.0	False	blood	early	nucleotide_transformer
2591	-0.58573955	0.0	0.58573955	-3.3231173	0.00090273476	1.0	False	blood	early	nucleotide_transformer
966	-0.5852667	0.0	0.5852667	-3.3231163	0.000902738	1.0	False	blood	early	nucleotide_transformer
2789	-0.5856218	0.0	0.5856218	-3.3231158	0.00090273895	1.0	False	blood	early	nucleotide_transformer
3255	-0.5855664	0.0	0.5855664	-3.3231156	0.00090274034	1.0	False	blood	early	nucleotide_transformer
2403	-0.5855695	0.0	0.5855695	-3.3231156	0.00090274034	1.0	False	blood	early	nucleotide_transformer
3671	-0.585685	0.0	0.585685	-3.3231156	0.00090274034	1.0	False	blood	early	nucleotide_transformer
2116	-0.5857119	0.0	0.5857119	-3.3231156	0.00090274034	1.0	False	blood	early	nucleotide_transformer
3618	-0.5856539	0.0	0.5856539	-3.323115	0.0009027413	1.0	False	blood	early	nucleotide_transformer
459	-0.58518994	0.0	0.58518994	-3.3231153	0.00090274133	1.0	False	blood	early	nucleotide_transformer
2466	-0.5855763	0.0	0.5855763	-3.3231149	0.00090274215	1.0	False	blood	early	nucleotide_transformer
833	-0.58469665	0.0	0.58469665	-3.3231146	0.00090274215	1.0	False	blood	early	nucleotide_transformer
4593	-0.5856603	0.0	0.5856603	-3.3231149	0.00090274215	1.0	False	blood	early	nucleotide_transformer
2452	-0.58564335	0.0	0.58564335	-3.3231144	0.0009027436	1.0	False	blood	early	nucleotide_transformer
2725	-0.58557117	0.0	0.58557117	-3.3231144	0.0009027436	1.0	False	blood	early	nucleotide_transformer
5046	-0.5856169	0.0	0.5856169	-3.3231144	0.0009027436	1.0	False	blood	early	nucleotide_transformer
530	-0.585564	0.0	0.585564	-3.3231137	0.0009027454	1.0	False	blood	early	nucleotide_transformer
4021	-0.5856074	0.0	0.5856074	-3.3231137	0.0009027454	1.0	False	blood	early	nucleotide_transformer
2602	-0.5855524	0.0	0.5855524	-3.3231125	0.0009027502	1.0	False	blood	early	nucleotide_transformer
1561	-0.5854118	0.0	0.5854118	-3.3231118	0.000902752	1.0	False	blood	early	nucleotide_transformer
1836	-0.5854783	0.0	0.5854783	-3.323111	0.00090275425	1.0	False	blood	early	nucleotide_transformer
3245	-0.585389	0.0	0.585389	-3.323111	0.00090275425	1.0	False	blood	early	nucleotide_transformer
2563	-0.58578074	0.0	0.58578074	-3.3231084	0.0009027622	1.0	False	blood	early	nucleotide_transformer
404	4.5064087	359.34866	354.84225	3.3287535	0.0009232689	1.0	False	blood	early	nucleotide_transformer
1283	-0.53211164	0.0	0.53211164	-3.167898	0.0015535954	1.0	False	blood	early	nucleotide_transformer
1682	-0.53173655	0.0	0.53173655	-3.1678908	0.0015536333	1.0	False	blood	early	nucleotide_transformer
627	-0.5320556	0.0	0.5320556	-3.1678896	0.0015536405	1.0	False	blood	early	nucleotide_transformer
4090	-0.5320677	0.0	0.5320677	-3.1678884	0.0015536452	1.0	False	blood	early	nucleotide_transformer
2664	-0.5320877	0.0	0.5320877	-3.1678877	0.0015536494	1.0	False	blood	early	nucleotide_transformer
302	-0.5321274	0.0	0.5321274	-3.1678872	0.0015536526	1.0	False	blood	early	nucleotide_transformer
2476	-0.5320902	0.0	0.5320902	-3.167887	0.0015536526	1.0	False	blood	early	nucleotide_transformer
4428	-0.5317024	0.0	0.5317024	-3.1678872	0.0015536526	1.0	False	blood	early	nucleotide_transformer
4573	-0.5320998	0.0	0.5320998	-3.1678867	0.0015536549	1.0	False	blood	early	nucleotide_transformer
2100	-0.5320022	0.0	0.5320022	-3.1678853	0.0015536614	1.0	False	blood	early	nucleotide_transformer
1356	-0.53188723	0.0	0.53188723	-3.1678846	0.0015536654	1.0	False	blood	early	nucleotide_transformer
4661	-0.53179574	0.0	0.53179574	-3.1678832	0.0015536741	1.0	False	blood	early	nucleotide_transformer
506	-0.53175694	0.0	0.53175694	-3.1678822	0.0015536799	1.0	False	blood	early	nucleotide_transformer
4639	-0.531715	0.0	0.531715	-3.167881	0.0015536852	1.0	False	blood	early	nucleotide_transformer
1916	-0.5315548	0.0	0.5315548	-3.1678782	0.0015537014	1.0	False	blood	early	nucleotide_transformer
2961	-0.5323177	0.0	0.5323177	-3.1678736	0.0015537249	1.0	False	blood	early	nucleotide_transformer
3466	-0.5323566	0.0	0.5323566	-3.1678734	0.0015537264	1.0	False	blood	early	nucleotide_transformer
970	-0.5322202	0.0	0.5322202	-3.1678724	0.0015537322	1.0	False	blood	early	nucleotide_transformer
683	-0.5322567	0.0	0.5322567	-3.1678722	0.0015537338	1.0	False	blood	early	nucleotide_transformer
5015	-0.53222466	0.0	0.53222466	-3.1678686	0.0015537512	1.0	False	blood	early	nucleotide_transformer
3934	-0.5325831	0.0	0.5325831	-3.167867	0.0015537608	1.0	False	blood	early	nucleotide_transformer
5058	-0.5324423	0.0	0.5324423	-3.1678643	0.0015537748	1.0	False	blood	early	nucleotide_transformer
4579	-0.53239584	0.0	0.53239584	-3.167863	0.0015537802	1.0	False	blood	early	nucleotide_transformer
1143	-0.5321821	0.0	0.5321821	-3.167859	0.0015538023	1.0	False	blood	early	nucleotide_transformer
2359	6.716278	140.0356	133.31932	3.1528785	0.0016752216	1.0	False	blood	early	nucleotide_transformer
1050	-0.4792031	0.0	0.4792031	-3.004704	0.0026842498	1.0	False	blood	early	nucleotide_transformer
1263	-0.47888467	0.0	0.47888467	-3.004696	0.002684318	1.0	False	blood	early	nucleotide_transformer
500	-0.4783918	0.0	0.4783918	-3.004694	0.002684335	1.0	False	blood	early	nucleotide_transformer
2022	-0.47884408	0.0	0.47884408	-3.004689	0.0026843771	1.0	False	blood	early	nucleotide_transformer
4328	-0.47860318	0.0	0.47860318	-3.0046864	0.0026844004	1.0	False	blood	early	nucleotide_transformer
69	-0.47883147	0.0	0.47883147	-3.0046847	0.002684416	1.0	False	blood	early	nucleotide_transformer
2923	-0.4788462	0.0	0.4788462	-3.004685	0.002684416	1.0	False	blood	early	nucleotide_transformer
4949	-0.47882128	0.0	0.47882128	-3.0046844	0.0026844216	1.0	False	blood	early	nucleotide_transformer
3450	-0.4785108	0.0	0.4785108	-3.0046844	0.0026844216	1.0	False	blood	early	nucleotide_transformer
311	-0.47878018	0.0	0.47878018	-3.0046837	0.0026844242	1.0	False	blood	early	nucleotide_transformer
208	-0.4787622	0.0	0.4787622	-3.0046837	0.0026844242	1.0	False	blood	early	nucleotide_transformer
1014	-0.47876096	0.0	0.47876096	-3.0046833	0.00268443	1.0	False	blood	early	nucleotide_transformer
188	-0.4785117	0.0	0.4785117	-3.0046833	0.00268443	1.0	False	blood	early	nucleotide_transformer
448	-0.47875494	0.0	0.47875494	-3.0046833	0.00268443	1.0	False	blood	early	nucleotide_transformer
781	-0.4787729	0.0	0.4787729	-3.004683	0.0026844302	1.0	False	blood	early	nucleotide_transformer
4467	-0.47875556	0.0	0.47875556	-3.004683	0.0026844302	1.0	False	blood	early	nucleotide_transformer
3642	-0.47874632	0.0	0.47874632	-3.0046825	0.0026844372	1.0	False	blood	early	nucleotide_transformer
1479	-0.47872382	0.0	0.47872382	-3.0046823	0.0026844405	1.0	False	blood	early	nucleotide_transformer
4292	-0.4784408	0.0	0.4784408	-3.004682	0.0026844426	1.0	False	blood	early	nucleotide_transformer
3928	-0.4787288	0.0	0.4787288	-3.004682	0.0026844426	1.0	False	blood	early	nucleotide_transformer
2687	-0.47868788	0.0	0.47868788	-3.004682	0.0026844426	1.0	False	blood	early	nucleotide_transformer
4953	-0.4786829	0.0	0.4786829	-3.0046813	0.0026844484	1.0	False	blood	early	nucleotide_transformer
4846	-0.47864005	0.0	0.47864005	-3.004681	0.0026844484	1.0	False	blood	early	nucleotide_transformer
684	-0.47865084	0.0	0.47865084	-3.004681	0.0026844484	1.0	False	blood	early	nucleotide_transformer
4662	-0.4787444	0.0	0.4787444	-3.0046806	0.0026844512	1.0	False	blood	early	nucleotide_transformer
1779	-0.47862288	0.0	0.47862288	-3.0046804	0.0026844542	1.0	False	blood	early	nucleotide_transformer
129	-0.47861427	0.0	0.47861427	-3.00468	0.0026844612	1.0	False	blood	early	nucleotide_transformer
1086	-0.47869462	0.0	0.47869462	-3.0046744	0.0026845073	1.0	False	blood	early	nucleotide_transformer
3616	-0.47868505	0.0	0.47868505	-3.0046744	0.0026845073	1.0	False	blood	early	nucleotide_transformer
82	-0.47902158	0.0	0.47902158	-3.0046732	0.0026845196	1.0	False	blood	early	nucleotide_transformer
1164	-0.47861594	0.0	0.47861594	-3.0046728	0.0026845224	1.0	False	blood	early	nucleotide_transformer
3556	-0.47845164	0.0	0.47845164	-3.0046716	0.0026845352	1.0	False	blood	early	nucleotide_transformer
243	-0.47898948	0.0	0.47898948	-3.0046706	0.0026845436	1.0	False	blood	early	nucleotide_transformer
2069	-0.47885928	0.0	0.47885928	-3.0046704	0.0026845462	1.0	False	blood	early	nucleotide_transformer
2160	-0.47896126	0.0	0.47896126	-3.004667	0.002684573	1.0	False	blood	early	nucleotide_transformer
763	-0.47946438	0.0	0.47946438	-3.0046651	0.0026845916	1.0	False	blood	early	nucleotide_transformer
4868	-0.47942048	0.0	0.47942048	-3.0046644	0.0026845972	1.0	False	blood	early	nucleotide_transformer
383	-0.47931048	0.0	0.47931048	-3.0046618	0.002684618	1.0	False	blood	early	nucleotide_transformer
3347	-0.47924775	0.0	0.47924775	-3.0046606	0.0026846293	1.0	False	blood	early	nucleotide_transformer
4367	-0.4792253	0.0	0.4792253	-3.0046604	0.002684633	1.0	False	blood	early	nucleotide_transformer
1670	-0.4792934	0.0	0.4792934	-3.0046601	0.002684636	1.0	False	blood	early	nucleotide_transformer
1685	-0.47910255	0.0	0.47910255	-3.0046582	0.00268465	1.0	False	blood	early	nucleotide_transformer
4668	-0.47909945	0.0	0.47909945	-3.004658	0.0026846533	1.0	False	blood	early	nucleotide_transformer
3107	-1.0313812	0.24753252	1.2789137	-2.8737385	0.004101171	1.0	False	blood	early	nucleotide_transformer
4785	-0.4256801	0.0	0.4256801	-2.832323	0.0046573514	1.0	False	blood	early	nucleotide_transformer
4852	-0.42530483	0.0	0.42530483	-2.8323214	0.004657376	1.0	False	blood	early	nucleotide_transformer
3832	-0.4259262	0.0	0.4259262	-2.8323214	0.004657376	1.0	False	blood	early	nucleotide_transformer
3948	-0.42595682	0.0	0.42595682	-2.8323207	0.004657385	1.0	False	blood	early	nucleotide_transformer
4003	-0.42588526	0.0	0.42588526	-2.8323207	0.004657385	1.0	False	blood	early	nucleotide_transformer
141	-0.42580324	0.0	0.42580324	-2.8323195	0.0046574054	1.0	False	blood	early	nucleotide_transformer
850	-0.4258631	0.0	0.4258631	-2.8323185	0.0046574194	1.0	False	blood	early	nucleotide_transformer
2098	-0.42578313	0.0	0.42578313	-2.8323185	0.0046574194	1.0	False	blood	early	nucleotide_transformer
1298	-0.42579567	0.0	0.42579567	-2.8323174	0.0046574348	1.0	False	blood	early	nucleotide_transformer
3769	-0.42566124	0.0	0.42566124	-2.8323157	0.0046574585	1.0	False	blood	early	nucleotide_transformer
875	-0.42592192	0.0	0.42592192	-2.8323133	0.004657493	1.0	False	blood	early	nucleotide_transformer
2276	-0.42605335	0.0	0.42605335	-2.8323133	0.004657493	1.0	False	blood	early	nucleotide_transformer
3911	-0.4256044	0.0	0.4256044	-2.8323112	0.004657523	1.0	False	blood	early	nucleotide_transformer
3220	-0.4262438	0.0	0.4262438	-2.8322875	0.0046578664	1.0	False	blood	early	nucleotide_transformer
13	-0.4251052	0.0	0.4251052	-2.832285	0.0046579004	1.0	False	blood	early	nucleotide_transformer
4836	-0.42557645	0.0	0.42557645	-2.832258	0.004658293	1.0	False	blood	early	nucleotide_transformer
341	-0.42537963	0.0	0.42537963	-2.8322566	0.004658313	1.0	False	blood	early	nucleotide_transformer
1799	-0.4255239	0.0	0.4255239	-2.8322566	0.004658313	1.0	False	blood	early	nucleotide_transformer
456	-0.37231144	0.0	0.37231144	-2.648851	0.00812635	1.0	False	blood	early	nucleotide_transformer
2983	-0.3722774	0.0	0.3722774	-2.6488512	0.008126351	1.0	False	blood	early	nucleotide_transformer
3250	-0.3723461	0.0	0.3723461	-2.6488495	0.008126387	1.0	False	blood	early	nucleotide_transformer
1845	-0.37221184	0.0	0.37221184	-2.6488492	0.008126394	1.0	False	blood	early	nucleotide_transformer
3648	-0.37229833	0.0	0.37229833	-2.648849	0.008126395	1.0	False	blood	early	nucleotide_transformer
3962	-0.372173	0.0	0.372173	-2.6488488	0.008126402	1.0	False	blood	early	nucleotide_transformer
2975	-0.3725847	0.0	0.3725847	-2.6488206	0.008127084	1.0	False	blood	early	nucleotide_transformer
4062	-0.37297684	0.0	0.37297684	-2.6488163	0.008127182	1.0	False	blood	early	nucleotide_transformer
2379	-0.3729812	0.0	0.3729812	-2.6488163	0.008127182	1.0	False	blood	early	nucleotide_transformer
4097	-0.37287498	0.0	0.37287498	-2.6488154	0.008127205	1.0	False	blood	early	nucleotide_transformer
806	-0.37281764	0.0	0.37281764	-2.6488152	0.008127213	1.0	False	blood	early	nucleotide_transformer
3988	-0.37282848	0.0	0.37282848	-2.6488152	0.008127213	1.0	False	blood	early	nucleotide_transformer
2767	-0.3729161	0.0	0.3729161	-2.6488144	0.0081272265	1.0	False	blood	early	nucleotide_transformer
3656	-0.9243595	0.2476496	1.1720091	-2.6329381	0.008536985	1.0	False	blood	early	nucleotide_transformer
1525	-0.9242829	0.24765894	1.1719419	-2.6327457	0.008541814	1.0	False	blood	early	nucleotide_transformer
3052	2.2928565	2.9870415	0.694185	2.6206765	0.008996979	1.0	False	blood	early	nucleotide_transformer
2183	1.6801207	1.7332549	0.053134188	2.5703022	0.01042146	1.0	False	blood	early	nucleotide_transformer
2473	1.6806054	1.733766	0.05316057	2.5702872	0.0104219	1.0	False	blood	early	nucleotide_transformer
5097	3.0015259	651.5527	648.55115	2.5576494	0.010777616	1.0	False	blood	early	nucleotide_transformer
3901	2.0042546	2.4844754	0.4802208	2.5198605	0.0120017985	1.0	False	blood	early	nucleotide_transformer
2748	-0.8723234	0.24758662	1.11991	-2.512379	0.012080834	1.0	False	blood	early	nucleotide_transformer
1253	-0.87245953	0.24762759	1.1200871	-2.512366	0.012081276	1.0	False	blood	early	nucleotide_transformer
40	-0.8714063	0.24750163	1.1189079	-2.5112789	0.012118469	1.0	False	blood	early	nucleotide_transformer
2233	2.097971	2.738511	0.6405402	2.5015965	0.012627551	1.0	False	blood	early	nucleotide_transformer
2745	2.1878598	2.9884422	0.8005824	2.4904573	0.013022377	1.0	False	blood	early	nucleotide_transformer
863	2.1873307	2.9878314	0.8005005	2.490364	0.013025751	1.0	False	blood	early	nucleotide_transformer
1437	2.1872196	2.9877193	0.8004996	2.4903243	0.013027192	1.0	False	blood	early	nucleotide_transformer
3661	2.1819582	2.9805582	0.7986	2.4903054	0.013027874	1.0	False	blood	early	nucleotide_transformer
3609	2.1873055	2.98787	0.8005646	2.4902935	0.013028305	1.0	False	blood	early	nucleotide_transformer
2897	2.1872551	2.9878087	0.8005536	2.4902854	0.013028605	1.0	False	blood	early	nucleotide_transformer
1925	2.187152	2.9876835	0.8005315	2.4902687	0.013029204	1.0	False	blood	early	nucleotide_transformer
4281	2.1813567	2.9798644	0.79850763	2.490195	0.013031881	1.0	False	blood	early	nucleotide_transformer
420	2.1868577	2.987369	0.8005113	2.4901865	0.013032197	1.0	False	blood	early	nucleotide_transformer
2831	2.1869097	2.987474	0.8005642	2.4901536	0.013033383	1.0	False	blood	early	nucleotide_transformer
4359	2.1813653	2.9799838	0.79861856	2.4900928	0.013035587	1.0	False	blood	early	nucleotide_transformer
3829	2.1810193	2.9795473	0.7985279	2.4900575	0.013036865	1.0	False	blood	early	nucleotide_transformer
4906	2.1834288	2.983168	0.799739	2.4897244	0.013048948	1.0	False	blood	early	nucleotide_transformer
876	-0.31937033	0.0	0.31937033	-2.4518998	0.01427696	1.0	False	blood	early	nucleotide_transformer
4453	-0.3193927	0.0	0.3193927	-2.4518998	0.01427696	1.0	False	blood	early	nucleotide_transformer
4525	-0.3192836	0.0	0.3192836	-2.451899	0.014276987	1.0	False	blood	early	nucleotide_transformer
180	-0.31929684	0.0	0.31929684	-2.4518988	0.014277003	1.0	False	blood	early	nucleotide_transformer
367	-0.31931007	0.0	0.31931007	-2.4518988	0.014277003	1.0	False	blood	early	nucleotide_transformer
5007	-0.31928706	0.0	0.31928706	-2.4518986	0.01427701	1.0	False	blood	early	nucleotide_transformer
103	-0.31933427	0.0	0.31933427	-2.4518986	0.01427701	1.0	False	blood	early	nucleotide_transformer
881	-0.3192664	0.0	0.3192664	-2.451898	0.01427703	1.0	False	blood	early	nucleotide_transformer
3907	-0.3192341	0.0	0.3192341	-2.451898	0.01427703	1.0	False	blood	early	nucleotide_transformer
3868	-0.3192941	0.0	0.3192941	-2.451898	0.01427703	1.0	False	blood	early	nucleotide_transformer
1188	-0.3192231	0.0	0.3192231	-2.4518976	0.0142770475	1.0	False	blood	early	nucleotide_transformer
3598	-0.3192326	0.0	0.3192326	-2.4518971	0.0142770605	1.0	False	blood	early	nucleotide_transformer
1128	-0.31916407	0.0	0.31916407	-2.4518971	0.0142770605	1.0	False	blood	early	nucleotide_transformer
2530	-0.31907198	0.0	0.31907198	-2.4518962	0.014277101	1.0	False	blood	early	nucleotide_transformer
4177	-0.31927598	0.0	0.31927598	-2.4518962	0.014277101	1.0	False	blood	early	nucleotide_transformer
2575	-0.31947416	0.0	0.31947416	-2.451896	0.0142771145	1.0	False	blood	early	nucleotide_transformer
768	-0.31905326	0.0	0.31905326	-2.451896	0.0142771145	1.0	False	blood	early	nucleotide_transformer
1995	-0.3190245	0.0	0.3190245	-2.4518955	0.014277134	1.0	False	blood	early	nucleotide_transformer
1888	-0.31902817	0.0	0.31902817	-2.4518955	0.014277134	1.0	False	blood	early	nucleotide_transformer
3306	-0.31969675	0.0	0.31969675	-2.4518952	0.014277141	1.0	False	blood	early	nucleotide_transformer
1267	-0.31892514	0.0	0.31892514	-2.4518952	0.014277141	1.0	False	blood	early	nucleotide_transformer
1106	-0.31896046	0.0	0.31896046	-2.4518952	0.014277141	1.0	False	blood	early	nucleotide_transformer
2026	-0.3194005	0.0	0.3194005	-2.4518952	0.014277141	1.0	False	blood	early	nucleotide_transformer
3819	-0.31934887	0.0	0.31934887	-2.4518948	0.014277159	1.0	False	blood	early	nucleotide_transformer
2672	-0.31920332	0.0	0.31920332	-2.4518943	0.014277183	1.0	False	blood	early	nucleotide_transformer
853	-0.3192129	0.0	0.3192129	-2.4518943	0.014277183	1.0	False	blood	early	nucleotide_transformer
3318	-0.31915975	0.0	0.31915975	-2.4518938	0.014277202	1.0	False	blood	early	nucleotide_transformer
1445	-0.31924894	0.0	0.31924894	-2.4518926	0.01427724	1.0	False	blood	early	nucleotide_transformer
4981	-0.31919047	0.0	0.31919047	-2.4518921	0.014277262	1.0	False	blood	early	nucleotide_transformer
3816	-0.3194433	0.0	0.3194433	-2.4518912	0.014277304	1.0	False	blood	early	nucleotide_transformer
3061	-0.3195202	0.0	0.3195202	-2.4518907	0.014277321	1.0	False	blood	early	nucleotide_transformer
1864	-0.31945047	0.0	0.31945047	-2.4518905	0.014277334	1.0	False	blood	early	nucleotide_transformer
3301	-0.31911185	0.0	0.31911185	-2.4518905	0.014277334	1.0	False	blood	early	nucleotide_transformer
210	-0.31945005	0.0	0.31945005	-2.45189	0.014277357	1.0	False	blood	early	nucleotide_transformer
832	-0.31914705	0.0	0.31914705	-2.451888	0.014277436	1.0	False	blood	early	nucleotide_transformer
564	-0.31910065	0.0	0.31910065	-2.4518876	0.014277458	1.0	False	blood	early	nucleotide_transformer
965	-0.31914738	0.0	0.31914738	-2.4518874	0.014277459	1.0	False	blood	early	nucleotide_transformer
3044	-0.31969678	0.0	0.31969678	-2.4518871	0.014277468	1.0	False	blood	early	nucleotide_transformer
3692	-0.3191196	0.0	0.3191196	-2.451887	0.014277477	1.0	False	blood	early	nucleotide_transformer
2962	-0.31908512	0.0	0.31908512	-2.4518864	0.014277495	1.0	False	blood	early	nucleotide_transformer
4120	1.9521658	2.4857068	0.533541	2.4477637	0.014661085	1.0	False	blood	early	nucleotide_transformer
480	1.9521112	2.4857593	0.533648	2.4476254	0.0146666365	1.0	False	blood	early	nucleotide_transformer
3473	2.1343672	2.9881594	0.85379225	2.4254088	0.015577755	1.0	False	blood	early	nucleotide_transformer
4020	2.134335	2.9881222	0.8537873	2.425399	0.015578162	1.0	False	blood	early	nucleotide_transformer
3416	2.130225	2.9830823	0.8528573	2.4247289	0.015606636	1.0	False	blood	early	nucleotide_transformer
4206	2.1273153	2.9809153	0.85359997	2.4229527	0.015682299	1.0	False	blood	early	nucleotide_transformer
617	2.1286492	2.982914	0.8542648	2.4228423	0.015687004	1.0	False	blood	early	nucleotide_transformer
849	-0.8188041	0.2475546	1.0663587	-2.3865056	0.01711783	1.0	False	blood	early	nucleotide_transformer
5088	1.5785674	1.739001	0.16043368	2.3910956	0.017122654	1.0	False	blood	early	nucleotide_transformer
998	1.5780528	1.7384602	0.16040736	2.391046	0.017124932	1.0	False	blood	early	nucleotide_transformer
3363	1.5780325	1.7384425	0.16041008	2.3910384	0.01712528	1.0	False	blood	early	nucleotide_transformer
413	1.5783265	1.7387794	0.160453	2.3910203	0.01712612	1.0	False	blood	early	nucleotide_transformer
3115	1.5780588	1.7385025	0.16044366	2.3909883	0.017127587	1.0	False	blood	early	nucleotide_transformer
4065	1.5774719	1.737855	0.16038312	2.390987	0.017127655	1.0	False	blood	early	nucleotide_transformer
565	1.98901	2.734766	0.74575603	2.3655448	0.01831427	1.0	False	blood	early	nucleotide_transformer
2752	1.9889853	2.7347574	0.74577206	2.365519	0.018315542	1.0	False	blood	early	nucleotide_transformer
4545	1.9885422	2.7341726	0.7456304	2.3655097	0.01831599	1.0	False	blood	early	nucleotide_transformer
2430	1.9891974	2.7351046	0.7459072	2.3654637	0.018318243	1.0	False	blood	early	nucleotide_transformer
954	1.9881818	2.733758	0.7455761	2.3654256	0.0183201	1.0	False	blood	early	nucleotide_transformer
1244	1.9886439	2.734381	0.7457371	2.365423	0.018320242	1.0	False	blood	early	nucleotide_transformer
3129	1.9887536	2.73459	0.74583644	2.365369	0.01832288	1.0	False	blood	early	nucleotide_transformer
3910	1.9884248	2.734207	0.7457822	2.3653154	0.018325508	1.0	False	blood	early	nucleotide_transformer
3056	2.0819068	2.9887826	0.9068759	2.3610811	0.018530278	1.0	False	blood	early	nucleotide_transformer
3260	1.6679747	1.9888209	0.3208462	2.3466704	0.01927475	1.0	False	blood	early	nucleotide_transformer
1453	1.667469	1.9882178	0.32074878	2.346664	0.019275066	1.0	False	blood	early	nucleotide_transformer
4557	1.6675117	1.9882808	0.32076904	2.3466482	0.01927588	1.0	False	blood	early	nucleotide_transformer
4171	1.6671525	1.9878948	0.32074222	2.346585	0.019279106	1.0	False	blood	early	nucleotide_transformer
3922	5.937195	822.7602	816.823	2.3080053	0.021342045	1.0	False	blood	early	nucleotide_transformer
4507	1.9335057	2.7317233	0.79821765	2.297527	0.021922562	1.0	False	blood	early	nucleotide_transformer
1294	1.9336791	2.7320535	0.7983745	2.297449	0.02192702	1.0	False	blood	early	nucleotide_transformer
10	1.9361974	2.7358408	0.7996434	2.297231	0.021939525	1.0	False	blood	early	nucleotide_transformer
2893	1.9309641	2.7313323	0.8003682	2.2944584	0.022098945	1.0	False	blood	early	nucleotide_transformer
1537	1.6147218	1.9886206	0.3738988	2.265694	0.02383091	1.0	False	blood	early	nucleotide_transformer
1879	-0.7655325	0.2473806	1.0129131	-2.2592292	0.02399907	1.0	False	blood	early	nucleotide_transformer
3672	-0.7655874	0.24741022	1.0129976	-2.2591596	0.024003414	1.0	False	blood	early	nucleotide_transformer
4835	-0.7649215	0.24720508	1.0121266	-2.2591002	0.024007123	1.0	False	blood	early	nucleotide_transformer
1789	-0.7654966	0.24742866	1.0129253	-2.258877	0.024021044	1.0	False	blood	early	nucleotide_transformer
164	-0.76517904	0.2473419	1.0125209	-2.2587843	0.024026837	1.0	False	blood	early	nucleotide_transformer
51	-0.7651239	0.24740581	1.0125297	-2.2583008	0.024057075	1.0	False	blood	early	nucleotide_transformer
3163	-0.7646831	0.24727239	1.0119555	-2.258243	0.024060661	1.0	False	blood	early	nucleotide_transformer
3952	-0.76491517	0.24737255	1.0122877	-2.2580981	0.024069732	1.0	False	blood	early	nucleotide_transformer
5078	-0.7646518	0.24729884	1.0119506	-2.2580268	0.024074199	1.0	False	blood	early	nucleotide_transformer
1830	-0.7645804	0.2473102	1.0118906	-2.2578228	0.024086965	1.0	False	blood	early	nucleotide_transformer
497	-0.7649945	0.24748303	1.0124775	-2.2575989	0.024100985	1.0	False	blood	early	nucleotide_transformer
1837	-0.7645676	0.24748169	1.0120493	-2.2567897	0.024151713	1.0	False	blood	early	nucleotide_transformer
3506	-0.7646707	0.24764858	1.0123193	-2.2560015	0.024201212	1.0	False	blood	early	nucleotide_transformer
3234	1.7026217	2.235032	0.53241044	2.2450285	0.025127608	1.0	False	blood	early	nucleotide_transformer
2560	-0.26605755	0.0	0.26605755	-2.2378325	0.025317911	1.0	False	blood	early	nucleotide_transformer
2964	-0.26597294	0.0	0.26597294	-2.2378318	0.025317956	1.0	False	blood	early	nucleotide_transformer
1328	-0.26597294	0.0	0.26597294	-2.2378314	0.025317993	1.0	False	blood	early	nucleotide_transformer
780	-0.26593688	0.0	0.26593688	-2.2378304	0.025318049	1.0	False	blood	early	nucleotide_transformer
3797	-0.26588807	0.0	0.26588807	-2.2378304	0.025318049	1.0	False	blood	early	nucleotide_transformer
1045	-0.26583326	0.0	0.26583326	-2.2378304	0.025318049	1.0	False	blood	early	nucleotide_transformer
4216	-0.26578942	0.0	0.26578942	-2.2378302	0.025318064	1.0	False	blood	early	nucleotide_transformer
2093	-0.26587406	0.0	0.26587406	-2.23783	0.02531808	1.0	False	blood	early	nucleotide_transformer
4165	-0.26621544	0.0	0.26621544	-2.2378297	0.025318094	1.0	False	blood	early	nucleotide_transformer
2285	-0.26631352	0.0	0.26631352	-2.2378287	0.025318174	1.0	False	blood	early	nucleotide_transformer
323	-0.26576668	0.0	0.26576668	-2.237827	0.025318272	1.0	False	blood	early	nucleotide_transformer
1638	-0.26591074	0.0	0.26591074	-2.2378268	0.02531828	1.0	False	blood	early	nucleotide_transformer
1633	-0.26570708	0.0	0.26570708	-2.2378263	0.025318315	1.0	False	blood	early	nucleotide_transformer
2587	-0.26570195	0.0	0.26570195	-2.2378263	0.025318315	1.0	False	blood	early	nucleotide_transformer
2180	-0.26571643	0.0	0.26571643	-2.237826	0.025318328	1.0	False	blood	early	nucleotide_transformer
279	-0.26637882	0.0	0.26637882	-2.2378254	0.025318367	1.0	False	blood	early	nucleotide_transformer
4686	-0.26608333	0.0	0.26608333	-2.2378247	0.025318427	1.0	False	blood	early	nucleotide_transformer
678	-0.26635683	0.0	0.26635683	-2.2378247	0.025318427	1.0	False	blood	early	nucleotide_transformer
3633	-0.2660813	0.0	0.2660813	-2.237824	0.025318472	1.0	False	blood	early	nucleotide_transformer
3761	-0.26632065	0.0	0.26632065	-2.237824	0.025318472	1.0	False	blood	early	nucleotide_transformer
2967	-0.26630828	0.0	0.26630828	-2.2378235	0.025318503	1.0	False	blood	early	nucleotide_transformer
3921	-0.26621288	0.0	0.26621288	-2.237823	0.025318539	1.0	False	blood	early	nucleotide_transformer
4320	-0.26629412	0.0	0.26629412	-2.237823	0.025318539	1.0	False	blood	early	nucleotide_transformer
1658	-0.2662666	0.0	0.2662666	-2.2378225	0.025318565	1.0	False	blood	early	nucleotide_transformer
3853	-0.2665634	0.0	0.2665634	-2.237822	0.02531859	1.0	False	blood	early	nucleotide_transformer
3359	-0.26595107	0.0	0.26595107	-2.2378216	0.025318619	1.0	False	blood	early	nucleotide_transformer
3478	1.8837218	2.7366998	0.852978	2.2299082	0.026109813	1.0	False	blood	early	nucleotide_transformer
2984	1.8831923	2.73597	0.85277766	2.2298694	0.026112381	1.0	False	blood	early	nucleotide_transformer
4010	1.8791113	2.7332277	0.85411644	2.2268996	0.026311109	1.0	False	blood	early	nucleotide_transformer
3137	1.8791437	2.733377	0.8542332	2.2268057	0.026317414	1.0	False	blood	early	nucleotide_transformer
3083	1.8784103	2.7323656	0.85395527	2.2267425	0.02632166	1.0	False	blood	early	nucleotide_transformer
4920	1.8787267	2.7328477	0.8541209	2.226729	0.026322572	1.0	False	blood	early	nucleotide_transformer
2558	1.878484	2.732511	0.85402703	2.2267103	0.026323818	1.0	False	blood	early	nucleotide_transformer
3166	1.8779922	2.7318625	0.85387045	2.2266443	0.026328254	1.0	False	blood	early	nucleotide_transformer
1674	1.8780551	2.7320156	0.8539605	2.226589	0.026331978	1.0	False	blood	early	nucleotide_transformer
2269	1.878734	2.733022	0.854288	2.2265782	0.026332693	1.0	False	blood	early	nucleotide_transformer
4064	1.8780135	2.7319772	0.85396373	2.226569	0.026333323	1.0	False	blood	early	nucleotide_transformer
2826	-0.99577844	0.49577138	1.4915498	-2.2195187	0.026616968	1.0	False	blood	early	nucleotide_transformer
959	1.3289069	1.4890791	0.16017227	2.1708825	0.030350775	1.0	False	blood	early	nucleotide_transformer
908	1.3288726	1.4890826	0.16021001	2.17081	0.030356273	1.0	False	blood	early	nucleotide_transformer
3507	1.6459494	2.231997	0.5860477	2.1677248	0.03056594	1.0	False	blood	early	nucleotide_transformer
577	1.7393436	2.4845	0.7451563	2.1631157	0.030914536	1.0	False	blood	early	nucleotide_transformer
926	1.8260041	2.7333403	0.9073361	2.1596458	0.03117854	1.0	False	blood	early	nucleotide_transformer
3186	1.8245145	2.7314184	0.90690386	2.159378	0.031199353	1.0	False	blood	early	nucleotide_transformer
650	-0.71199703	0.24722984	0.9592269	-2.1284573	0.03345212	1.0	False	blood	early	nucleotide_transformer
2857	-0.7119842	0.24726301	0.95924723	-2.128243	0.033469923	1.0	False	blood	early	nucleotide_transformer
2753	-0.71206605	0.24730758	0.95937365	-2.1281528	0.03347742	1.0	False	blood	early	nucleotide_transformer
1274	-0.71207964	0.24731934	0.959399	-2.1281142	0.033480648	1.0	False	blood	early	nucleotide_transformer
4491	-0.7120583	0.24736036	0.95941865	-2.127837	0.0335037	1.0	False	blood	early	nucleotide_transformer
1936	-0.7119565	0.24734907	0.9593056	-2.127699	0.033515163	1.0	False	blood	early	nucleotide_transformer
4125	-0.71197253	0.24736208	0.9593346	-2.1276567	0.033518698	1.0	False	blood	early	nucleotide_transformer
2012	-0.7120648	0.24739753	0.95946234	-2.127638	0.033520218	1.0	False	blood	early	nucleotide_transformer
1430	-0.71212524	0.24743275	0.959558	-2.127558	0.033526894	1.0	False	blood	early	nucleotide_transformer
1971	-0.71150136	0.24723713	0.9587385	-2.1274354	0.033537116	1.0	False	blood	early	nucleotide_transformer
2202	-0.7114512	0.2472609	0.9587121	-2.1272	0.03355671	1.0	False	blood	early	nucleotide_transformer
3122	-0.71144897	0.24728666	0.95873564	-2.127049	0.033569302	1.0	False	blood	early	nucleotide_transformer
2357	-0.7110611	0.24719283	0.958254	-2.126813	0.033588976	1.0	False	blood	early	nucleotide_transformer
4576	-0.7114863	0.24734974	0.958836	-2.1267645	0.03359298	1.0	False	blood	early	nucleotide_transformer
1176	-0.7114254	0.24733487	0.9587603	-2.1267278	0.033596065	1.0	False	blood	early	nucleotide_transformer
2824	-0.7115658	0.24744554	0.9590113	-2.126377	0.033625305	1.0	False	blood	early	nucleotide_transformer
1098	-0.94392	0.49494168	1.4388617	-2.120458	0.03415281	1.0	False	blood	early	nucleotide_transformer
3362	1.596663	2.235256	0.638593	2.0949557	0.036583327	1.0	False	blood	early	nucleotide_transformer
1182	1.5966324	2.2353177	0.63868535	2.0948443	0.036593236	1.0	False	blood	early	nucleotide_transformer
896	1.599411	2.239504	0.64009315	2.0945318	0.03662112	1.0	False	blood	early	nucleotide_transformer
4117	1.5959704	2.2362077	0.64023733	2.092906	0.036766406	1.0	False	blood	early	nucleotide_transformer
1021	1.7722881	2.7327476	0.96045953	2.0924594	0.03679584	1.0	False	blood	early	nucleotide_transformer
308	1.688364	2.4879663	0.79960227	2.0922432	0.03682024	1.0	False	blood	early	nucleotide_transformer
2810	1.688448	2.4881587	0.79971075	2.09218	0.03682588	1.0	False	blood	early	nucleotide_transformer
2823	1.6879709	2.4874516	0.7994806	2.0921772	0.03682614	1.0	False	blood	early	nucleotide_transformer
2179	1.5926027	2.2321234	0.6395207	2.0922194	0.036827937	1.0	False	blood	early	nucleotide_transformer
4749	1.6883833	2.4881172	0.7997339	2.0921273	0.036830604	1.0	False	blood	early	nucleotide_transformer
2438	1.68381	2.4840157	0.80020577	2.0895915	0.037058614	1.0	False	blood	early	nucleotide_transformer
4449	1.6833961	2.4834764	0.80008024	2.0895233	0.037064776	1.0	False	blood	early	nucleotide_transformer
3967	1.1336411	1.2401248	0.10648371	2.032807	0.042537887	1.0	False	blood	early	nucleotide_transformer
931	1.4555037	1.9877894	0.53228575	2.026576	0.0431399	1.0	False	blood	early	nucleotide_transformer
786	1.5437759	2.235711	0.6919352	2.0202825	0.043782886	1.0	False	blood	early	nucleotide_transformer
1871	1.631531	2.484808	0.8532769	2.0197892	0.043828335	1.0	False	blood	early	nucleotide_transformer
708	-0.89141464	0.49467543	1.38609	-2.0171223	0.043888483	1.0	False	blood	early	nucleotide_transformer
2262	-0.89119875	0.49464503	1.3858438	-2.0168405	0.04391799	1.0	False	blood	early	nucleotide_transformer
5118	1.5433276	2.2365882	0.69326067	2.0187218	0.043945283	1.0	False	blood	early	nucleotide_transformer
3929	1.5430532	2.236405	0.6933517	2.0185006	0.043968324	1.0	False	blood	early	nucleotide_transformer
390	1.5432055	2.236792	0.6935865	2.0183318	0.043985937	1.0	False	blood	early	nucleotide_transformer
1678	1.5402086	2.233269	0.69306034	2.0174866	0.04407415	1.0	False	blood	early	nucleotide_transformer
3982	-0.89050555	0.4947568	1.3852624	-2.0153034	0.0440791	1.0	False	blood	early	nucleotide_transformer
513	-0.8903853	0.4947607	1.385146	-2.0150845	0.044102058	1.0	False	blood	early	nucleotide_transformer
628	-0.89053047	0.49486366	1.3853941	-2.0150166	0.04410921	1.0	False	blood	early	nucleotide_transformer
2294	1.5385606	2.2314928	0.6929322	2.0168512	0.044140562	1.0	False	blood	early	nucleotide_transformer
985	-0.8904561	0.49514496	1.385601	-2.0140202	0.044213947	1.0	False	blood	early	nucleotide_transformer
1500	-0.89017403	0.49532306	1.3854971	-2.012985	0.044323	1.0	False	blood	early	nucleotide_transformer
4652	-0.21257535	0.0	0.21257535	-2.0011551	0.04548137	1.0	False	blood	early	nucleotide_transformer
1374	-0.2127287	0.0	0.2127287	-2.0011542	0.045481455	1.0	False	blood	early	nucleotide_transformer
4101	-0.21261857	0.0	0.21261857	-2.0011542	0.045481455	1.0	False	blood	early	nucleotide_transformer
4930	-0.21253973	0.0	0.21253973	-2.0011537	0.045481503	1.0	False	blood	early	nucleotide_transformer
854	-0.21291646	0.0	0.21291646	-2.00115	0.045481928	1.0	False	blood	early	nucleotide_transformer
2590	-0.21286544	0.0	0.21286544	-2.001149	0.045482017	1.0	False	blood	early	nucleotide_transformer
4407	-0.21310382	0.0	0.21310382	-2.0011487	0.045482058	1.0	False	blood	early	nucleotide_transformer
135	-0.21287887	0.0	0.21287887	-2.0011485	0.04548207	1.0	False	blood	early	nucleotide_transformer
3064	-0.21285042	0.0	0.21285042	-2.0011485	0.04548207	1.0	False	blood	early	nucleotide_transformer
3585	-0.21287724	0.0	0.21287724	-2.0011482	0.045482088	1.0	False	blood	early	nucleotide_transformer
3201	-0.21287903	0.0	0.21287903	-2.0011482	0.045482088	1.0	False	blood	early	nucleotide_transformer
3520	-0.2128446	0.0	0.2128446	-2.0011477	0.04548216	1.0	False	blood	early	nucleotide_transformer
1790	-0.21283992	0.0	0.21283992	-2.0011475	0.045482174	1.0	False	blood	early	nucleotide_transformer
3030	-0.21283656	0.0	0.21283656	-2.0011475	0.045482174	1.0	False	blood	early	nucleotide_transformer
2936	-0.2128143	0.0	0.2128143	-2.001147	0.04548222	1.0	False	blood	early	nucleotide_transformer
536	-0.21276659	0.0	0.21276659	-2.001147	0.04548222	1.0	False	blood	early	nucleotide_transformer
3009	-0.21276419	0.0	0.21276419	-2.001147	0.04548222	1.0	False	blood	early	nucleotide_transformer
5056	-0.21273194	0.0	0.21273194	-2.0011468	0.04548227	1.0	False	blood	early	nucleotide_transformer
1103	-0.21278115	0.0	0.21278115	-2.0011468	0.04548227	1.0	False	blood	early	nucleotide_transformer
1562	-0.21271032	0.0	0.21271032	-2.0011463	0.045482304	1.0	False	blood	early	nucleotide_transformer
2214	-0.21269676	0.0	0.21269676	-2.001146	0.04548234	1.0	False	blood	early	nucleotide_transformer
3295	-0.21268405	0.0	0.21268405	-2.0011458	0.045482367	1.0	False	blood	early	nucleotide_transformer
5013	-0.21270522	0.0	0.21270522	-2.0011458	0.045482367	1.0	False	blood	early	nucleotide_transformer
1572	-0.21267803	0.0	0.21267803	-2.0011456	0.045482393	1.0	False	blood	early	nucleotide_transformer
1577	-0.21270514	0.0	0.21270514	-2.0011456	0.045482393	1.0	False	blood	early	nucleotide_transformer
2284	-0.21264455	0.0	0.21264455	-2.0011456	0.045482393	1.0	False	blood	early	nucleotide_transformer
1126	-0.21275371	0.0	0.21275371	-2.0011454	0.045482416	1.0	False	blood	early	nucleotide_transformer
4027	-0.21256363	0.0	0.21256363	-2.0011454	0.045482416	1.0	False	blood	early	nucleotide_transformer
4734	-0.21268903	0.0	0.21268903	-2.0011451	0.045482427	1.0	False	blood	early	nucleotide_transformer
1032	-0.21251968	0.0	0.21251968	-2.0011446	0.045482498	1.0	False	blood	early	nucleotide_transformer
3126	-0.2125442	0.0	0.2125442	-2.0011446	0.045482498	1.0	False	blood	early	nucleotide_transformer
717	-0.21285167	0.0	0.21285167	-2.001144	0.04548258	1.0	False	blood	early	nucleotide_transformer
1696	-0.21299583	0.0	0.21299583	-2.0011425	0.04548271	1.0	False	blood	early	nucleotide_transformer
1278	-0.2130126	0.0	0.2130126	-2.0011425	0.04548271	1.0	False	blood	early	nucleotide_transformer
2920	-0.2128014	0.0	0.2128014	-2.0011427	0.045482714	1.0	False	blood	early	nucleotide_transformer
3236	-0.21277544	0.0	0.21277544	-2.0011423	0.045482744	1.0	False	blood	early	nucleotide_transformer
4937	-0.2125301	0.0	0.2125301	-2.0011423	0.045482744	1.0	False	blood	early	nucleotide_transformer
2211	-0.21300326	0.0	0.21300326	-2.001142	0.045482777	1.0	False	blood	early	nucleotide_transformer
624	-0.21300356	0.0	0.21300356	-2.0011415	0.045482833	1.0	False	blood	early	nucleotide_transformer
3090	-0.21258536	0.0	0.21258536	-2.0011415	0.045482833	1.0	False	blood	early	nucleotide_transformer
2373	-0.2127674	0.0	0.2127674	-2.0011399	0.04548302	1.0	False	blood	early	nucleotide_transformer
1028	-0.21310037	0.0	0.21310037	-2.0011213	0.045484982	1.0	False	blood	early	nucleotide_transformer
3042	-0.21311364	0.0	0.21311364	-2.0011208	0.045485053	1.0	False	blood	early	nucleotide_transformer
2134	-0.2131509	0.0	0.2131509	-2.0011208	0.045485053	1.0	False	blood	early	nucleotide_transformer
3076	-0.2130863	0.0	0.2130863	-2.0011199	0.04548514	1.0	False	blood	early	nucleotide_transformer
4111	-0.21305057	0.0	0.21305057	-2.0011194	0.045485225	1.0	False	blood	early	nucleotide_transformer
4599	-0.6586374	0.24731672	0.9059541	-1.9936525	0.0463666	1.0	False	blood	early	nucleotide_transformer
3638	-0.6586149	0.24731538	0.9059302	-1.9936132	0.046370886	1.0	False	blood	early	nucleotide_transformer
3202	-0.658479	0.24727643	0.9057554	-1.9935454	0.04637831	1.0	False	blood	early	nucleotide_transformer
1389	-0.65826344	0.24721138	0.90547484	-1.993469	0.046386693	1.0	False	blood	early	nucleotide_transformer
194	-0.65863824	0.24735156	0.9059898	-1.9934633	0.046387345	1.0	False	blood	early	nucleotide_transformer
4315	-0.6581346	0.24718896	0.9053235	-1.9933256	0.046402425	1.0	False	blood	early	nucleotide_transformer
4733	-0.6582483	0.2472865	0.9055348	-1.9930263	0.04643528	1.0	False	blood	early	nucleotide_transformer
3022	-0.6582192	0.24730547	0.9055247	-1.9928622	0.046453275	1.0	False	blood	early	nucleotide_transformer
1001	-0.6581844	0.24731717	0.90550154	-1.9927254	0.046468303	1.0	False	blood	early	nucleotide_transformer
4280	-0.6580631	0.2472982	0.9053613	-1.9925793	0.04648433	1.0	False	blood	early	nucleotide_transformer
2841	-0.65790427	0.24724443	0.9051487	-1.9925454	0.046488065	1.0	False	blood	early	nucleotide_transformer
597	-0.6580139	0.24730812	0.905322	-1.9924233	0.04650148	1.0	False	blood	early	nucleotide_transformer
2654	-0.6577485	0.24721116	0.9049597	-1.992407	0.04650328	1.0	False	blood	early	nucleotide_transformer
1431	-0.6580871	0.2473445	0.90543157	-1.9923753	0.046506755	1.0	False	blood	early	nucleotide_transformer
2699	-0.6581124	0.24735466	0.9054671	-1.9923711	0.046507236	1.0	False	blood	early	nucleotide_transformer
3551	-0.65813637	0.24739936	0.90553576	-1.992177	0.046528567	1.0	False	blood	early	nucleotide_transformer
3809	-0.6580836	0.24738221	0.90546584	-1.9921616	0.046530243	1.0	False	blood	early	nucleotide_transformer
4079	-0.65791535	0.24732664	0.90524197	-1.9921181	0.046535034	1.0	False	blood	early	nucleotide_transformer
4148	-0.6580766	0.24740857	0.90548515	-1.9920036	0.046547603	1.0	False	blood	early	nucleotide_transformer
2055	-0.657769	0.24745677	0.9052258	-1.9911028	0.04664675	1.0	False	blood	early	nucleotide_transformer
3945	1.3109063	1.7367557	0.4258494	1.9568493	0.050824642	1.0	False	blood	early	nucleotide_transformer
1884	1.31128	1.7372772	0.4259972	1.9568192	0.050828196	1.0	False	blood	early	nucleotide_transformer
3057	1.3109705	1.7369426	0.42597204	1.9567186	0.050840043	1.0	False	blood	early	nucleotide_transformer
4907	1.493808	2.2400782	0.74627024	1.9464846	0.052042983	1.0	False	blood	early	nucleotide_transformer
1534	1.4922726	2.239837	0.74756426	1.9444479	0.052288227	1.0	False	blood	early	nucleotide_transformer
4765	1.4872882	2.2331948	0.7459066	1.943624	0.05238769	1.0	False	blood	early	nucleotide_transformer
1786	1.4871178	2.2331161	0.74599844	1.9434477	0.052409004	1.0	False	blood	early	nucleotide_transformer
21	-0.8371929	0.4946635	1.3318564	-1.9085793	0.05654238	1.0	False	blood	early	nucleotide_transformer
1334	-0.8372515	0.49477118	1.3320227	-1.9083632	0.056570355	1.0	False	blood	early	nucleotide_transformer
1963	-0.83670974	0.49569094	1.3324007	-1.9046856	0.057047896	1.0	False	blood	early	nucleotide_transformer
1136	1.1674242	1.4867133	0.31928915	1.8889141	0.059387267	1.0	False	blood	early	nucleotide_transformer
309	0.9384327	0.99171495	0.053282265	1.8868337	0.059700876	1.0	False	blood	early	nucleotide_transformer
4934	1.5249314	2.484499	0.9595675	1.880026	0.060558334	1.0	False	blood	early	nucleotide_transformer
2181	1.5246906	2.4847836	0.960093	1.8794553	0.06063623	1.0	False	blood	early	nucleotide_transformer
3048	1.257741	1.7367765	0.47903544	1.8716139	0.061736353	1.0	False	blood	early	nucleotide_transformer
4582	1.4362283	2.2356114	0.79938316	1.870496	0.061876185	1.0	False	blood	early	nucleotide_transformer
2274	1.4362751	2.2362607	0.7999855	1.8699564	0.061951194	1.0	False	blood	early	nucleotide_transformer
919	1.436237	2.236205	0.7999681	1.8699524	0.061951708	1.0	False	blood	early	nucleotide_transformer
3357	1.4359416	2.2358239	0.7998823	1.869874	0.06196262	1.0	False	blood	early	nucleotide_transformer
4623	1.4362985	2.2364314	0.8001329	1.8698314	0.061968535	1.0	False	blood	early	nucleotide_transformer
2330	1.4358464	2.2357516	0.7999052	1.8698008	0.061972808	1.0	False	blood	early	nucleotide_transformer
3972	1.4358089	2.2357218	0.799913	1.8697735	0.061976563	1.0	False	blood	early	nucleotide_transformer
4365	1.4359062	2.2359092	0.8000031	1.869742	0.061980963	1.0	False	blood	early	nucleotide_transformer
2227	1.4360123	2.236103	0.80009085	1.8697178	0.06198431	1.0	False	blood	early	nucleotide_transformer
5002	1.4362254	2.2364776	0.80025214	1.8696809	0.061989456	1.0	False	blood	early	nucleotide_transformer
1859	1.4357818	2.2358725	0.8000907	1.8695929	0.062001705	1.0	False	blood	early	nucleotide_transformer
825	-0.60550314	0.24721842	0.8527216	-1.857196	0.063482	1.0	False	blood	early	nucleotide_transformer
4674	-0.60514224	0.24724923	0.8523915	-1.8562641	0.06361483	1.0	False	blood	early	nucleotide_transformer
3866	-0.6050271	0.24721058	0.85223764	-1.8562307	0.06361961	1.0	False	blood	early	nucleotide_transformer
55	-0.60500497	0.247226	0.85223097	-1.8561027	0.06363787	1.0	False	blood	early	nucleotide_transformer
3728	-0.60495466	0.24721833	0.852173	-1.8560349	0.06364756	1.0	False	blood	early	nucleotide_transformer
1815	-0.6051008	0.24728167	0.8523825	-1.8560144	0.063650526	1.0	False	blood	early	nucleotide_transformer
620	-0.6050085	0.24724753	0.852256	-1.8559967	0.06365301	1.0	False	blood	early	nucleotide_transformer
298	-0.60514235	0.2472997	0.852442	-1.8559959	0.06365313	1.0	False	blood	early	nucleotide_transformer
2427	-0.6049691	0.24724974	0.8522188	-1.8559003	0.06366676	1.0	False	blood	early	nucleotide_transformer
1048	-0.60491836	0.24723001	0.85214835	-1.8558955	0.063667454	1.0	False	blood	early	nucleotide_transformer
672	-0.6050713	0.24729581	0.8523671	-1.8558769	0.06367013	1.0	False	blood	early	nucleotide_transformer
2253	-0.6049059	0.24723138	0.85213727	-1.8558619	0.06367226	1.0	False	blood	early	nucleotide_transformer
4358	-0.6051363	0.24732567	0.85246193	-1.8558506	0.06367386	1.0	False	blood	early	nucleotide_transformer
1424	-0.6049724	0.2472684	0.8522408	-1.8558099	0.06367967	1.0	False	blood	early	nucleotide_transformer
703	-0.604948	0.24727838	0.8522264	-1.8557034	0.06369491	1.0	False	blood	early	nucleotide_transformer
2637	-0.60486054	0.2472468	0.85210735	-1.8556833	0.063697755	1.0	False	blood	early	nucleotide_transformer
4264	-0.6049158	0.24727638	0.85219216	-1.855645	0.06370321	1.0	False	blood	early	nucleotide_transformer
2342	-0.6050429	0.24738713	0.85243	-1.855327	0.06374868	1.0	False	blood	early	nucleotide_transformer
2103	-0.60473704	0.24729747	0.8520345	-1.855152	0.06377372	1.0	False	blood	early	nucleotide_transformer
1587	-0.60454816	0.2472694	0.85181755	-1.8548939	0.06381063	1.0	False	blood	early	nucleotide_transformer
2579	-0.60437155	0.24719903	0.85157055	-1.8548832	0.06381215	1.0	False	blood	early	nucleotide_transformer
3974	-0.60439444	0.24722217	0.8516166	-1.8548112	0.06382246	1.0	False	blood	early	nucleotide_transformer
1504	-0.604381	0.24723701	0.85161805	-1.8547049	0.063837685	1.0	False	blood	early	nucleotide_transformer
4647	-0.6045986	0.24743019	0.8520288	-1.8541604	0.06391562	1.0	False	blood	early	nucleotide_transformer
2118	-0.6041586	0.24736452	0.8515231	-1.8535591	0.0640018	1.0	False	blood	early	nucleotide_transformer
1365	-0.6047536	0.24764484	0.85239846	-1.8533541	0.06403122	1.0	False	blood	early	nucleotide_transformer
4045	-0.60389423	0.24839546	0.8522897	-1.8476014	0.06486097	1.0	False	blood	early	nucleotide_transformer
566	1.4701817	2.482587	1.0124054	1.8100363	0.07075494	1.0	False	blood	early	nucleotide_transformer
4156	-0.7846715	0.4947049	1.2793764	-1.8014495	0.071875595	1.0	False	blood	early	nucleotide_transformer
3843	-0.7844297	0.49479216	1.2792219	-1.8007687	0.07198303	1.0	False	blood	early	nucleotide_transformer
1858	-0.78412783	0.4950049	1.2791327	-1.7996217	0.07216435	1.0	False	blood	early	nucleotide_transformer
765	-0.7835641	0.49488917	1.2784532	-1.7989423	0.07227188	1.0	False	blood	early	nucleotide_transformer
312	-0.7836374	0.494979	1.2786164	-1.798818	0.072291575	1.0	False	blood	early	nucleotide_transformer
3286	-0.7836442	0.49499133	1.2786355	-1.798796	0.07229509	1.0	False	blood	early	nucleotide_transformer
1878	-0.7835237	0.49496678	1.2784904	-1.798649	0.0723184	1.0	False	blood	early	nucleotide_transformer
3316	-0.7836547	0.49506018	1.2787149	-1.798619	0.072323136	1.0	False	blood	early	nucleotide_transformer
2298	-0.78362	0.4950402	1.2786602	-1.7986132	0.07232402	1.0	False	blood	early	nucleotide_transformer
1399	-0.7837244	0.49511304	1.2788374	-1.7985905	0.07232764	1.0	False	blood	early	nucleotide_transformer
4775	-0.78353584	0.4950529	1.2785888	-1.7984258	0.07235377	1.0	False	blood	early	nucleotide_transformer
541	-0.78333074	0.49492377	1.2782545	-1.7984235	0.07235413	1.0	False	blood	early	nucleotide_transformer
4459	-0.78354836	0.495123	1.2786714	-1.7982458	0.07238233	1.0	False	blood	early	nucleotide_transformer
1039	-0.78363246	0.49519032	1.2788228	-1.7982051	0.072388776	1.0	False	blood	early	nucleotide_transformer
2127	-0.78302544	0.4949053	1.2779307	-1.7979274	0.07243286	1.0	False	blood	early	nucleotide_transformer
3162	-0.7829447	0.495599	1.2785437	-1.795813	0.07276907	1.0	False	blood	early	nucleotide_transformer
3743	-0.78288186	0.49561596	1.2784978	-1.7956522	0.07279469	1.0	False	blood	early	nucleotide_transformer
867	1.3832848	2.2363439	0.85305905	1.796667	0.07286068	1.0	False	blood	early	nucleotide_transformer
4781	1.1140099	1.4867812	0.37277135	1.7957302	0.0730351	1.0	False	blood	early	nucleotide_transformer
3354	1.1137172	1.4866358	0.3729186	1.7953871	0.07308972	1.0	False	blood	early	nucleotide_transformer
4682	1.3786807	2.231437	0.85275626	1.7943708	0.07322635	1.0	False	blood	early	nucleotide_transformer
3660	1.378411	2.2313097	0.8528986	1.7940898	0.073271185	1.0	False	blood	early	nucleotide_transformer
2099	1.637001	1.8814421	0.24444109	1.7905728	0.07388678	1.0	False	blood	early	nucleotide_transformer
3955	1.2946284	1.9874337	0.69280523	1.7881792	0.07422706	1.0	False	blood	early	nucleotide_transformer
1060	4.812195	416.83182	412.01962	1.7845864	0.07484831	1.0	False	blood	early	nucleotide_transformer
614	-0.15932582	0.0	0.15932582	-1.7327594	0.083259225	1.0	False	blood	early	nucleotide_transformer
4046	-0.1594277	0.0	0.1594277	-1.7327	0.0832698	1.0	False	blood	early	nucleotide_transformer
654	-0.15935402	0.0	0.15935402	-1.7326994	0.08326989	1.0	False	blood	early	nucleotide_transformer
3792	-0.1595598	0.0	0.1595598	-1.7326992	0.08326991	1.0	False	blood	early	nucleotide_transformer
1091	-0.15953074	0.0	0.15953074	-1.7326968	0.08327034	1.0	False	blood	early	nucleotide_transformer
2332	-0.15968253	0.0	0.15968253	-1.7326939	0.08327085	1.0	False	blood	early	nucleotide_transformer
1360	-0.15963483	0.0	0.15963483	-1.7326937	0.08327091	1.0	False	blood	early	nucleotide_transformer
257	-0.15967385	0.0	0.15967385	-1.7326932	0.08327099	1.0	False	blood	early	nucleotide_transformer
212	-0.15994081	0.0	0.15994081	-1.7326914	0.08327133	1.0	False	blood	early	nucleotide_transformer
528	-0.1599352	0.0	0.1599352	-1.7326908	0.083271384	1.0	False	blood	early	nucleotide_transformer
1662	-0.1596772	0.0	0.1596772	-1.7326882	0.08327187	1.0	False	blood	early	nucleotide_transformer
2142	-0.1595985	0.0	0.1595985	-1.7326877	0.083271965	1.0	False	blood	early	nucleotide_transformer
1927	-0.15958443	0.0	0.15958443	-1.7326878	0.083271965	1.0	False	blood	early	nucleotide_transformer
1822	-0.1595786	0.0	0.1595786	-1.7326877	0.083271965	1.0	False	blood	early	nucleotide_transformer
4566	-0.1595931	0.0	0.1595931	-1.7326877	0.083271965	1.0	False	blood	early	nucleotide_transformer
1960	-0.159528	0.0	0.159528	-1.7326874	0.08327205	1.0	False	blood	early	nucleotide_transformer
1072	-0.15952422	0.0	0.15952422	-1.7326871	0.08327207	1.0	False	blood	early	nucleotide_transformer
3582	-0.15952778	0.0	0.15952778	-1.732687	0.08327211	1.0	False	blood	early	nucleotide_transformer
4710	-0.15951578	0.0	0.15951578	-1.7326866	0.08327214	1.0	False	blood	early	nucleotide_transformer
1101	-0.1595195	0.0	0.1595195	-1.7326866	0.08327214	1.0	False	blood	early	nucleotide_transformer
3177	-0.15959574	0.0	0.15959574	-1.7326868	0.083272144	1.0	False	blood	early	nucleotide_transformer
3586	-0.1594758	0.0	0.1594758	-1.7326863	0.0832722	1.0	False	blood	early	nucleotide_transformer
273	-0.15948196	0.0	0.15948196	-1.7326864	0.0832722	1.0	False	blood	early	nucleotide_transformer
1391	-0.15949911	0.0	0.15949911	-1.7326864	0.0832722	1.0	False	blood	early	nucleotide_transformer
4081	-0.15948331	0.0	0.15948331	-1.7326865	0.083272204	1.0	False	blood	early	nucleotide_transformer
3998	-0.15946174	0.0	0.15946174	-1.7326862	0.083272256	1.0	False	blood	early	nucleotide_transformer
4925	-0.1594291	0.0	0.1594291	-1.7326862	0.083272256	1.0	False	blood	early	nucleotide_transformer
1626	-0.15942259	0.0	0.15942259	-1.7326859	0.083272256	1.0	False	blood	early	nucleotide_transformer
5074	-0.1594344	0.0	0.1594344	-1.732686	0.08327226	1.0	False	blood	early	nucleotide_transformer
1739	-0.15946281	0.0	0.15946281	-1.732686	0.08327226	1.0	False	blood	early	nucleotide_transformer
2772	-0.15944262	0.0	0.15944262	-1.732686	0.08327226	1.0	False	blood	early	nucleotide_transformer
4462	-0.15944327	0.0	0.15944327	-1.732686	0.08327226	1.0	False	blood	early	nucleotide_transformer
4521	-0.1598234	0.0	0.1598234	-1.7326838	0.08327268	1.0	False	blood	early	nucleotide_transformer
1219	-0.15984505	0.0	0.15984505	-1.7326833	0.08327276	1.0	False	blood	early	nucleotide_transformer
3835	-0.15993927	0.0	0.15993927	-1.732683	0.083272845	1.0	False	blood	early	nucleotide_transformer
1124	-0.15981534	0.0	0.15981534	-1.7326821	0.08327298	1.0	False	blood	early	nucleotide_transformer
1848	0.9738209	1.2395767	0.26575574	1.7237383	0.08527252	1.0	False	blood	early	nucleotide_transformer
3120	0.9738172	1.2395872	0.26576996	1.723714	0.08527688	1.0	False	blood	early	nucleotide_transformer
545	0.9739312	1.2397382	0.26580703	1.7237056	0.08527838	1.0	False	blood	early	nucleotide_transformer
4901	0.9739111	1.2397773	0.26586622	1.7236024	0.08529707	1.0	False	blood	early	nucleotide_transformer
4663	0.9735695	1.2393497	0.2657802	1.7235861	0.085299976	1.0	False	blood	early	nucleotide_transformer
3544	-0.55186355	0.24722539	0.79908895	-1.7157445	0.086427115	1.0	False	blood	early	nucleotide_transformer
2101	-0.55184674	0.24722011	0.79906684	-1.7157333	0.08642919	1.0	False	blood	early	nucleotide_transformer
1520	-0.55171514	0.24719584	0.798911	-1.7155594	0.086461075	1.0	False	blood	early	nucleotide_transformer
2927	-0.5518185	0.24729097	0.79910946	-1.7153262	0.08650387	1.0	False	blood	early	nucleotide_transformer
1635	-0.5517308	0.24726164	0.79899246	-1.7152702	0.086514115	1.0	False	blood	early	nucleotide_transformer
1693	-0.5515981	0.24722466	0.7988227	-1.7151568	0.08653493	1.0	False	blood	early	nucleotide_transformer
3979	-0.55161107	0.24731275	0.7989238	-1.7147484	0.086609885	1.0	False	blood	early	nucleotide_transformer
1322	-0.5512691	0.24723671	0.79850584	-1.7143594	0.08668135	1.0	False	blood	early	nucleotide_transformer
847	-0.55118215	0.24720195	0.7983841	-1.7143378	0.08668532	1.0	False	blood	early	nucleotide_transformer
4613	-0.55099595	0.24720924	0.7982052	-1.7138852	0.08676852	1.0	False	blood	early	nucleotide_transformer
3862	-0.5510911	0.24727415	0.79836524	-1.7137753	0.08678875	1.0	False	blood	early	nucleotide_transformer
4194	-0.55083954	0.2472554	0.7980949	-1.7133057	0.086875126	1.0	False	blood	early	nucleotide_transformer
1332	-0.550866	0.2472952	0.7981612	-1.7131672	0.086900644	1.0	False	blood	early	nucleotide_transformer
3854	-0.5515611	0.2476188	0.7991799	-1.7131113	0.08691091	1.0	False	blood	early	nucleotide_transformer
1070	-0.5509457	0.24745172	0.7983974	-1.7125715	0.08701036	1.0	False	blood	early	nucleotide_transformer
3252	-0.55137324	0.2476552	0.79902846	-1.7125144	0.087020904	1.0	False	blood	early	nucleotide_transformer
3894	-0.55111045	0.24763723	0.79874766	-1.7120247	0.08711124	1.0	False	blood	early	nucleotide_transformer
3235	-0.5511409	0.24774739	0.7988883	-1.7115464	0.087199494	1.0	False	blood	early	nucleotide_transformer
3996	1.2419162	1.9880041	0.7460879	1.7103413	0.08768947	1.0	False	blood	early	nucleotide_transformer
3409	1.2405884	1.9874587	0.7468702	1.7088053	0.08797371	1.0	False	blood	early	nucleotide_transformer
374	1.240022	1.9867611	0.7467391	1.7086052	0.088010825	1.0	False	blood	early	nucleotide_transformer
1634	1.2379985	1.9838294	0.74583095	1.7083058	0.088066325	1.0	False	blood	early	nucleotide_transformer
3036	1.0605433	1.486637	0.42609373	1.7034544	0.088988	1.0	False	blood	early	nucleotide_transformer
3421	1.0597372	1.4859284	0.42619124	1.7029004	0.089091636	1.0	False	blood	early	nucleotide_transformer
519	1.0594941	1.4860425	0.42654833	1.7022989	0.08920427	1.0	False	blood	early	nucleotide_transformer
1475	1.0593399	1.485851	0.4265112	1.7022662	0.08921039	1.0	False	blood	early	nucleotide_transformer
4894	1.1503701	1.7359896	0.5856194	1.7019649	0.089256994	1.0	False	blood	early	nucleotide_transformer
3429	1.1478373	1.7336737	0.5858364	1.7002901	0.08957141	1.0	False	blood	early	nucleotide_transformer
4278	-0.7314033	0.4945218	1.2259251	-1.6921161	0.09088204	1.0	False	blood	early	nucleotide_transformer
518	-0.73085594	0.49465847	1.2255144	-1.6907458	0.0911438	1.0	False	blood	early	nucleotide_transformer
3704	-0.7303695	0.49460357	1.2249731	-1.6899999	0.091286525	1.0	False	blood	early	nucleotide_transformer
3985	-0.7305898	0.4947918	1.2253816	-1.6898923	0.09130716	1.0	False	blood	early	nucleotide_transformer
3878	-0.72989804	0.49463695	1.224535	-1.6890426	0.09147007	1.0	False	blood	early	nucleotide_transformer
4115	-0.72995126	0.49474248	1.2246938	-1.688855	0.09150601	1.0	False	blood	early	nucleotide_transformer
295	-0.7304134	0.4956935	1.2261069	-1.6871303	0.09183741	1.0	False	blood	early	nucleotide_transformer
4563	-0.73020375	0.49562684	1.2258306	-1.6869253	0.091876894	1.0	False	blood	early	nucleotide_transformer
4867	-0.73029464	0.4957356	1.2260302	-1.6867993	0.09190113	1.0	False	blood	early	nucleotide_transformer
2221	-0.7301472	0.49564284	1.22579	-1.6867776	0.0919053	1.0	False	blood	early	nucleotide_transformer
4147	-0.7298587	0.49546343	1.2253221	-1.686734	0.09191369	1.0	False	blood	early	nucleotide_transformer
1405	-0.7297994	0.49544188	1.2252413	-1.686683	0.09192351	1.0	False	blood	early	nucleotide_transformer
609	-0.73008573	0.4956424	1.2257282	-1.6866661	0.09192673	1.0	False	blood	early	nucleotide_transformer
253	-0.73013425	0.49568057	1.2258148	-1.6866521	0.091929466	1.0	False	blood	early	nucleotide_transformer
3822	-0.7300483	0.4956684	1.2257167	-1.6865276	0.09195346	1.0	False	blood	early	nucleotide_transformer
455	-0.729775	0.495498	1.225273	-1.6864868	0.091961354	1.0	False	blood	early	nucleotide_transformer
407	-0.7293863	0.49553087	1.2249172	-1.6856831	0.09211622	1.0	False	blood	early	nucleotide_transformer
1132	-0.72930336	0.4955171	1.2248205	-1.6855679	0.09213845	1.0	False	blood	early	nucleotide_transformer
229	-0.7292122	0.4955185	1.2247307	-1.6853962	0.09217158	1.0	False	blood	early	nucleotide_transformer
3398	-0.7293161	0.49580976	1.2251259	-1.6848022	0.09228631	1.0	False	blood	early	nucleotide_transformer
1546	-0.7291709	0.4957349	1.2249058	-1.6847367	0.092298955	1.0	False	blood	early	nucleotide_transformer
1063	-0.8559454	0.7428195	1.5987649	-1.6549817	0.09821011	1.0	False	blood	early	nucleotide_transformer
2741	-0.8557993	0.74286056	1.5986599	-1.6546708	0.09827326	1.0	False	blood	early	nucleotide_transformer
5020	-0.8557547	0.7428668	1.5986215	-1.6545876	0.09829016	1.0	False	blood	early	nucleotide_transformer
410	-0.8557465	0.74291086	1.5986574	-1.6544929	0.09830941	1.0	False	blood	early	nucleotide_transformer
5094	-0.85545164	0.7430547	1.5985063	-1.6537522	0.09845999	1.0	False	blood	early	nucleotide_transformer
2077	1.2768924	2.2369623	0.9600699	1.6502163	0.099381156	1.0	False	blood	early	nucleotide_transformer
4394	1.1887298	1.9878854	0.7991556	1.632878	0.102983564	1.0	False	blood	early	nucleotide_transformer
5047	1.188511	1.987676	0.799165	1.6327337	0.10301386	1.0	False	blood	early	nucleotide_transformer
3719	1.1885939	1.987826	0.7992322	1.6327256	0.10301554	1.0	False	blood	early	nucleotide_transformer
1748	0.92098236	1.2399687	0.31898633	1.6225606	0.1052019	1.0	False	blood	early	nucleotide_transformer
2286	0.9209379	1.2399321	0.31899416	1.6225251	0.1052095	1.0	False	blood	early	nucleotide_transformer
3256	0.9207351	1.2396765	0.31894135	1.6225032	0.10521415	1.0	False	blood	early	nucleotide_transformer
1194	0.9209107	1.2399201	0.3190094	1.6224878	0.10521745	1.0	False	blood	early	nucleotide_transformer
1997	0.92095697	1.23999	0.319033	1.6224769	0.10521981	1.0	False	blood	early	nucleotide_transformer
1408	0.9209142	1.2399466	0.31903246	1.6224551	0.10522444	1.0	False	blood	early	nucleotide_transformer
3225	0.9205294	1.2394443	0.31891483	1.6224324	0.10522927	1.0	False	blood	early	nucleotide_transformer
4457	0.9207443	1.2397401	0.31899583	1.6224266	0.10523051	1.0	False	blood	early	nucleotide_transformer
3735	0.9206077	1.2395551	0.31894743	1.6224257	0.10523072	1.0	False	blood	early	nucleotide_transformer
1204	0.9206641	1.239634	0.31896994	1.6224225	0.105231404	1.0	False	blood	early	nucleotide_transformer
3578	0.92021656	1.2394443	0.3192277	1.6217993	0.10536478	1.0	False	blood	early	nucleotide_transformer
343	0.9182247	1.237537	0.31931236	1.6206381	0.10561362	1.0	False	blood	early	nucleotide_transformer
333	1.0978372	1.7365993	0.63876206	1.6187671	0.10599364	1.0	False	blood	early	nucleotide_transformer
1993	1.0969262	1.735932	0.63900584	1.6179465	0.1061703	1.0	False	blood	early	nucleotide_transformer
2157	1.0961008	1.7352672	0.6391663	1.6172802	0.10631396	1.0	False	blood	early	nucleotide_transformer
452	1.0960861	1.7356732	0.63958704	1.6168206	0.106413126	1.0	False	blood	early	nucleotide_transformer
4777	1.0957963	1.7355443	0.639748	1.6164725	0.10648825	1.0	False	blood	early	nucleotide_transformer
2035	1.0110229	1.4898511	0.47882822	1.6148955	0.106839165	1.0	False	blood	early	nucleotide_transformer
1383	1.0112351	1.4912466	0.48001143	1.6135509	0.10713051	1.0	False	blood	early	nucleotide_transformer
3751	1.0067201	1.4866099	0.4798899	1.6110654	0.107670896	1.0	False	blood	early	nucleotide_transformer
3161	0.6912086	0.7444918	0.05328322	1.5987537	0.11043643	1.0	False	blood	early	nucleotide_transformer
3271	-0.6783457	0.4946165	1.1729622	-1.5808709	0.11417632	1.0	False	blood	early	nucleotide_transformer
550	-0.67830455	0.49460557	1.1729101	-1.5808215	0.1141876	1.0	False	blood	early	nucleotide_transformer
6	-0.6783637	0.49469665	1.1730603	-1.5806986	0.114215754	1.0	False	blood	early	nucleotide_transformer
498	-0.6777098	0.4948523	1.1725621	-1.5790701	0.11458898	1.0	False	blood	early	nucleotide_transformer
1975	-0.6772003	0.49451664	1.1717169	-1.578978	0.11461013	1.0	False	blood	early	nucleotide_transformer
3081	-0.6773112	0.49480376	1.172115	-1.5784495	0.11473147	1.0	False	blood	early	nucleotide_transformer
2095	-0.6771895	0.49487394	1.1720635	-1.5780373	0.11482624	1.0	False	blood	early	nucleotide_transformer
593	1.2233129	2.235869	1.0125561	1.5780946	0.115025334	1.0	False	blood	early	nucleotide_transformer
3508	-0.67655087	0.49531904	1.1718699	-1.5756956	0.11536554	1.0	False	blood	early	nucleotide_transformer
4142	-0.67682314	0.4957228	1.1725459	-1.5751734	0.11548607	1.0	False	blood	early	nucleotide_transformer
4396	-0.67649484	0.49566278	1.1721576	-1.5747111	0.11559281	1.0	False	blood	early	nucleotide_transformer
2913	-0.6760515	0.49538565	1.1714371	-1.5745866	0.11562161	1.0	False	blood	early	nucleotide_transformer
4634	-0.67602944	0.4954156	1.171445	-1.5744685	0.115648925	1.0	False	blood	early	nucleotide_transformer
4266	-0.6760351	0.49547535	1.1715105	-1.5743263	0.115681835	1.0	False	blood	early	nucleotide_transformer
2701	-0.6760014	0.49548697	1.1714884	-1.5742333	0.115703225	1.0	False	blood	early	nucleotide_transformer
2398	-0.6760355	0.495523	1.1715585	-1.5742053	0.115709715	1.0	False	blood	early	nucleotide_transformer
4844	-0.6760036	0.49575838	1.171762	-1.5735443	0.11586272	1.0	False	blood	early	nucleotide_transformer
1681	-0.4986955	0.24729007	0.74598557	-1.5715216	0.1162943	1.0	False	blood	early	nucleotide_transformer
3372	-0.49860483	0.247279	0.7458838	-1.5713623	0.116331324	1.0	False	blood	early	nucleotide_transformer
3932	-0.498699	0.24734843	0.74604744	-1.5712568	0.11635585	1.0	False	blood	early	nucleotide_transformer
2535	-0.49864632	0.24734308	0.7459894	-1.571159	0.11637854	1.0	False	blood	early	nucleotide_transformer
186	-0.4985994	0.24733002	0.7459294	-1.571111	0.116389714	1.0	False	blood	early	nucleotide_transformer
1346	-0.49856976	0.24731836	0.7458881	-1.5710964	0.11639311	1.0	False	blood	early	nucleotide_transformer
4034	-0.49862015	0.24737008	0.7459902	-1.5709718	0.11642204	1.0	False	blood	early	nucleotide_transformer
326	-0.4985531	0.24734241	0.7458955	-1.5709453	0.11642822	1.0	False	blood	early	nucleotide_transformer
1589	-0.4985714	0.24735437	0.7459258	-1.5709318	0.11643138	1.0	False	blood	early	nucleotide_transformer
769	-0.49842876	0.24728633	0.7457151	-1.5709178	0.1164346	1.0	False	blood	early	nucleotide_transformer
1862	-0.49840146	0.24734826	0.7457497	-1.5705647	0.116516724	1.0	False	blood	early	nucleotide_transformer
4886	-0.49835336	0.24735402	0.7457074	-1.5704252	0.11654918	1.0	False	blood	early	nucleotide_transformer
3721	-0.49813524	0.24727091	0.74540615	-1.5703076	0.11657653	1.0	False	blood	early	nucleotide_transformer
1958	-0.49821988	0.24733058	0.74555045	-1.570225	0.11659577	1.0	False	blood	early	nucleotide_transformer
1227	-0.49803317	0.24728672	0.7453199	-1.5699944	0.116649434	1.0	False	blood	early	nucleotide_transformer
4134	-0.49810278	0.2473243	0.7454271	-1.5699823	0.116652265	1.0	False	blood	early	nucleotide_transformer
3348	-0.49813515	0.24736951	0.7455047	-1.569846	0.116683975	1.0	False	blood	early	nucleotide_transformer
1768	-0.49787128	0.24727194	0.74514323	-1.5696881	0.11672078	1.0	False	blood	early	nucleotide_transformer
4748	-0.4978219	0.24729225	0.74511415	-1.5694772	0.116769895	1.0	False	blood	early	nucleotide_transformer
3560	-0.49783775	0.24735674	0.7451945	-1.5692124	0.11683164	1.0	False	blood	early	nucleotide_transformer
2606	-0.49775702	0.24731763	0.7450746	-1.5692072	0.11683285	1.0	False	blood	early	nucleotide_transformer
4339	-0.49773234	0.24730544	0.7450378	-1.5692064	0.11683306	1.0	False	blood	early	nucleotide_transformer
2965	-0.49838036	0.24767597	0.7460563	-1.568984	0.11688485	1.0	False	blood	early	nucleotide_transformer
2340	-0.49805614	0.24753931	0.74559546	-1.568867	0.11691215	1.0	False	blood	early	nucleotide_transformer
110	-0.4982133	0.24762197	0.74583524	-1.5688471	0.11691682	1.0	False	blood	early	nucleotide_transformer
1071	-0.4978274	0.24744308	0.7452705	-1.568785	0.11693128	1.0	False	blood	early	nucleotide_transformer
3577	-0.4976997	0.24738732	0.745087	-1.5687476	0.11694	1.0	False	blood	early	nucleotide_transformer
746	-0.49782398	0.24745479	0.7452788	-1.5687225	0.11694584	1.0	False	blood	early	nucleotide_transformer
2393	-0.4981268	0.2476177	0.7457445	-1.5686655	0.11695911	1.0	False	blood	early	nucleotide_transformer
2033	-0.49804425	0.24763358	0.7456778	-1.5683979	0.1170216	1.0	False	blood	early	nucleotide_transformer
1588	-0.49752864	0.24754235	0.745071	-1.5676253	0.117202096	1.0	False	blood	early	nucleotide_transformer
552	-0.49718523	0.24779476	0.74498	-1.5656465	0.11766517	1.0	False	blood	early	nucleotide_transformer
3050	-0.8032632	0.7425933	1.5458565	-1.5614609	0.11870432	1.0	False	blood	early	nucleotide_transformer
4761	-0.8029552	0.74290675	1.545862	-1.5604045	0.1189537	1.0	False	blood	early	nucleotide_transformer
4023	-0.80261034	0.7427673	1.5453776	-1.5600867	0.119028844	1.0	False	blood	early	nucleotide_transformer
412	-0.80230564	0.7426658	1.5449715	-1.559767	0.11910443	1.0	False	blood	early	nucleotide_transformer
2922	-0.8022968	0.7429777	1.5452745	-1.559203	0.11923791	1.0	False	blood	early	nucleotide_transformer
4329	-0.80200666	0.7428438	1.5448505	-1.5589664	0.11929396	1.0	False	blood	early	nucleotide_transformer
1984	-0.8022931	0.74316674	1.5454599	-1.5588647	0.119317986	1.0	False	blood	early	nucleotide_transformer
2412	-0.8022278	0.7431454	1.5453732	-1.5587959	0.11933431	1.0	False	blood	early	nucleotide_transformer
1691	-0.8023253	0.74324006	1.5455654	-1.558789	0.11933592	1.0	False	blood	early	nucleotide_transformer
22	-0.80250776	0.743431	1.5459387	-1.5587517	0.11934476	1.0	False	blood	early	nucleotide_transformer
4431	1.1352496	1.9875647	0.85231507	1.5555532	0.120300695	1.0	False	blood	early	nucleotide_transformer
1178	1.1351814	1.9881487	0.8529672	1.5549461	0.12044513	1.0	False	blood	early	nucleotide_transformer
3290	1.1352029	1.9882143	0.85301137	1.5549223	0.12045077	1.0	False	blood	early	nucleotide_transformer
1580	1.1351292	1.9881018	0.8529727	1.5549066	0.120454535	1.0	False	blood	early	nucleotide_transformer
4764	1.1350503	1.9880509	0.8530006	1.55483	0.12047277	1.0	False	blood	early	nucleotide_transformer
156	1.1351161	1.9881743	0.8530582	1.5548244	0.120474085	1.0	False	blood	early	nucleotide_transformer
2402	1.1345447	1.9880261	0.8534814	1.5540807	0.120651245	1.0	False	blood	early	nucleotide_transformer
730	1.1344631	1.9878985	0.8534354	1.5540665	0.12065467	1.0	False	blood	early	nucleotide_transformer
3540	1.1342704	1.9876008	0.8533304	1.5540297	0.12066344	1.0	False	blood	early	nucleotide_transformer
1725	1.1344528	1.9879309	0.8534781	1.5540235	0.120664865	1.0	False	blood	early	nucleotide_transformer
4672	1.1342895	1.98772	0.85343045	1.5539572	0.12068067	1.0	False	blood	early	nucleotide_transformer
3303	1.1345677	1.9882413	0.8536735	1.5539303	0.12068707	1.0	False	blood	early	nucleotide_transformer
328	1.1341343	1.9875004	0.8533662	1.5539099	0.12069199	1.0	False	blood	early	nucleotide_transformer
179	1.1341963	1.9876171	0.8534208	1.5539029	0.12069364	1.0	False	blood	early	nucleotide_transformer
3636	1.1341195	1.9876332	0.8535137	1.5537724	0.12072479	1.0	False	blood	early	nucleotide_transformer
3695	1.1343472	1.9880469	0.8536996	1.5537612	0.12072745	1.0	False	blood	early	nucleotide_transformer
157	1.1337682	1.987047	0.85327876	1.5537497	0.12073019	1.0	False	blood	early	nucleotide_transformer
3397	1.1323597	1.9847537	0.85239404	1.5535983	0.12076632	1.0	False	blood	early	nucleotide_transformer
2436	1.1314962	1.9834394	0.8519433	1.5534203	0.12080878	1.0	False	blood	early	nucleotide_transformer
113	0.7791683	0.99202716	0.21285884	1.5399845	0.12409364	1.0	False	blood	early	nucleotide_transformer
2791	0.779437	0.9923822	0.21294521	1.5399647	0.12409846	1.0	False	blood	early	nucleotide_transformer
4430	0.7778574	0.99076414	0.21290669	1.5392538	0.12427172	1.0	False	blood	early	nucleotide_transformer
4451	0.77776384	0.9906882	0.21292439	1.5391749	0.12429094	1.0	False	blood	early	nucleotide_transformer
2079	1.0437369	1.7359157	0.69217867	1.5348366	0.12531574	1.0	False	blood	early	nucleotide_transformer
45	1.0433096	1.7354752	0.6921656	1.534565	0.1253825	1.0	False	blood	early	nucleotide_transformer
621	0.8683773	1.2406036	0.3722262	1.5225008	0.12839493	1.0	False	blood	early	nucleotide_transformer
3310	0.868038	1.2401875	0.37214953	1.5224007	0.12841992	1.0	False	blood	early	nucleotide_transformer
4342	0.86771643	1.2397834	0.372067	1.5223253	0.12843883	1.0	False	blood	early	nucleotide_transformer
1708	0.8680781	1.240306	0.3722279	1.5223156	0.12844124	1.0	False	blood	early	nucleotide_transformer
1901	0.86795384	1.2401379	0.3721841	1.5223013	0.1284448	1.0	False	blood	early	nucleotide_transformer
4914	0.8678669	1.2400167	0.37214985	1.5222963	0.12844607	1.0	False	blood	early	nucleotide_transformer
5076	0.86793625	1.2401415	0.37220523	1.5222609	0.12845497	1.0	False	blood	early	nucleotide_transformer
755	0.86785495	1.2400657	0.37221077	1.5222043	0.12846911	1.0	False	blood	early	nucleotide_transformer
859	0.8680483	1.2408493	0.37280095	1.5215039	0.1286445	1.0	False	blood	early	nucleotide_transformer
1214	0.867844	1.2405905	0.37274647	1.5214547	0.12865682	1.0	False	blood	early	nucleotide_transformer
1333	0.9539389	1.4869405	0.5330016	1.5208428	0.12879854	1.0	False	blood	early	nucleotide_transformer
117	0.953834	1.4868003	0.5329663	1.5208149	0.12880549	1.0	False	blood	early	nucleotide_transformer
3221	0.95378846	1.4867548	0.5329663	1.5207847	0.1288131	1.0	False	blood	early	nucleotide_transformer
3969	0.95376724	1.4867622	0.5329949	1.5207384	0.12882473	1.0	False	blood	early	nucleotide_transformer
994	0.95365906	1.4865992	0.53294015	1.52073	0.12882686	1.0	False	blood	early	nucleotide_transformer
570	-0.87448025	0.99078584	1.8652661	-1.4950018	0.13521811	1.0	False	blood	early	nucleotide_transformer
1950	1.0820775	1.9877584	0.90568095	1.4786646	0.13970901	1.0	False	blood	early	nucleotide_transformer
1490	1.0817467	1.9883736	0.90662694	1.4776663	0.139976	1.0	False	blood	early	nucleotide_transformer
4466	1.0816166	1.9883933	0.9067766	1.4774538	0.14003284	1.0	False	blood	early	nucleotide_transformer
1388	1.0813676	1.9879847	0.90661705	1.4774101	0.14004457	1.0	False	blood	early	nucleotide_transformer
1436	1.081338	1.9879419	0.9066038	1.4773996	0.1400474	1.0	False	blood	early	nucleotide_transformer
2954	1.0814948	1.988292	0.9067972	1.4773519	0.14006017	1.0	False	blood	early	nucleotide_transformer
1605	1.0812292	1.9878193	0.9065901	1.4773349	0.14006464	1.0	False	blood	early	nucleotide_transformer
2714	1.0812263	1.9878579	0.9066315	1.4772995	0.14007418	1.0	False	blood	early	nucleotide_transformer
4066	1.0813403	1.9880985	0.9067582	1.4772756	0.14008057	1.0	False	blood	early	nucleotide_transformer
5075	1.0810655	1.987621	0.9065554	1.4772499	0.14008746	1.0	False	blood	early	nucleotide_transformer
1497	-0.6247891	0.49478212	1.1195712	-1.4669454	0.14266527	1.0	False	blood	early	nucleotide_transformer
4976	-0.6246006	0.49487203	1.1194726	-1.466365	0.1428233	1.0	False	blood	early	nucleotide_transformer
4872	-0.62410367	0.4948317	1.1189353	-1.4655101	0.14305632	1.0	False	blood	early	nucleotide_transformer
2187	-0.6240561	0.4948379	1.118894	-1.4654051	0.14308496	1.0	False	blood	early	nucleotide_transformer
3968	-0.74974847	0.7428336	1.4925821	-1.4648039	0.14326715	1.0	False	blood	early	nucleotide_transformer
3237	-0.7493978	0.74270016	1.492098	-1.4644468	0.14336474	1.0	False	blood	early	nucleotide_transformer
81	-0.74940634	0.7427095	1.4921159	-1.4644454	0.14336516	1.0	False	blood	early	nucleotide_transformer
4866	-0.62382436	0.49513832	1.1189626	-1.464227	0.14340663	1.0	False	blood	early	nucleotide_transformer
3762	-0.6232429	0.49473172	1.1179746	-1.4640968	0.14344215	1.0	False	blood	early	nucleotide_transformer
4460	-0.74945724	0.74319005	1.4926473	-1.4637254	0.14356185	1.0	False	blood	early	nucleotide_transformer
2015	-0.6236992	0.49530017	1.1189994	-1.4635963	0.14357893	1.0	False	blood	early	nucleotide_transformer
3447	-0.6237281	0.4953254	1.1190535	-1.4635913	0.1435803	1.0	False	blood	early	nucleotide_transformer
3377	-0.7491279	0.7430405	1.4921684	-1.4634274	0.14364336	1.0	False	blood	early	nucleotide_transformer
2656	-0.62368214	0.49558628	1.1192684	-1.4628726	0.14377709	1.0	False	blood	early	nucleotide_transformer
1548	-0.62336373	0.49544764	1.1188114	-1.4625974	0.14385234	1.0	False	blood	early	nucleotide_transformer
4228	-0.6234746	0.49557328	1.1190479	-1.4625057	0.14387749	1.0	False	blood	early	nucleotide_transformer
3892	-0.62306976	0.49541602	1.1184858	-1.4621079	0.14398655	1.0	False	blood	early	nucleotide_transformer
366	-0.62324744	0.4956115	1.1188589	-1.4619774	0.14402227	1.0	False	blood	early	nucleotide_transformer
4704	-0.62300026	0.49543914	1.1184394	-1.4619184	0.14403844	1.0	False	blood	early	nucleotide_transformer
4432	0.99122053	1.737267	0.7460465	1.452077	0.14696215	1.0	False	blood	early	nucleotide_transformer
3323	0.99124277	1.7381305	0.7468877	1.4512963	0.14717914	1.0	False	blood	early	nucleotide_transformer
2129	0.9895115	1.7353485	0.745837	1.4510751	0.14724065	1.0	False	blood	early	nucleotide_transformer
4502	0.98864454	1.7340124	0.7453678	1.4508983	0.14728984	1.0	False	blood	early	nucleotide_transformer
3588	0.98873633	1.7342346	0.74549824	1.4508426	0.14730534	1.0	False	blood	early	nucleotide_transformer
1709	0.9025157	1.488165	0.5856493	1.432778	0.15240824	1.0	False	blood	early	nucleotide_transformer
4419	0.9025568	1.4882715	0.5857147	1.4327189	0.15242521	1.0	False	blood	early	nucleotide_transformer
3424	0.901736	1.4874495	0.5857135	1.4321581	0.15258545	1.0	False	blood	early	nucleotide_transformer
1509	0.9014354	1.4871657	0.5857303	1.4319279	0.15265119	1.0	False	blood	early	nucleotide_transformer
2865	0.9012255	1.4873055	0.58608	1.431403	0.15280136	1.0	False	blood	early	nucleotide_transformer
1363	0.90020597	1.4857628	0.58555686	1.4312468	0.15284613	1.0	False	blood	early	nucleotide_transformer
4161	0.9005305	1.4863389	0.58580834	1.4312044	0.15285821	1.0	False	blood	early	nucleotide_transformer
1672	0.72519124	0.9913917	0.26620045	1.4262905	0.15429552	1.0	False	blood	early	nucleotide_transformer
2371	0.7236739	0.9897575	0.2660836	1.4255705	0.15450318	1.0	False	blood	early	nucleotide_transformer
3376	-0.44543105	0.24720073	0.6926318	-1.4240527	0.15467134	1.0	False	blood	early	nucleotide_transformer
3613	-0.44538158	0.2473561	0.6927377	-1.4232535	0.15490285	1.0	False	blood	early	nucleotide_transformer
1877	-0.4451095	0.24723132	0.6923408	-1.4231393	0.154936	1.0	False	blood	early	nucleotide_transformer
2495	-0.4450788	0.24722262	0.6923014	-1.4231027	0.15494663	1.0	False	blood	early	nucleotide_transformer
2435	-0.44501343	0.24723563	0.69224906	-1.4228866	0.15500928	1.0	False	blood	early	nucleotide_transformer
1855	-0.4449842	0.2472412	0.6922254	-1.4227917	0.15503676	1.0	False	blood	early	nucleotide_transformer
2210	-0.44490844	0.24723138	0.6921398	-1.4226502	0.15507789	1.0	False	blood	early	nucleotide_transformer
5100	-0.44490305	0.24724475	0.6921478	-1.422579	0.15509851	1.0	False	blood	early	nucleotide_transformer
296	-0.44486874	0.24726622	0.692135	-1.4224033	0.1551495	1.0	False	blood	early	nucleotide_transformer
337	-0.44478202	0.24723637	0.6920184	-1.4223217	0.15517321	1.0	False	blood	early	nucleotide_transformer
4140	-0.44476783	0.24725854	0.6920264	-1.4221902	0.15521136	1.0	False	blood	early	nucleotide_transformer
2163	-0.44463068	0.24727987	0.69191056	-1.4217631	0.15533544	1.0	False	blood	early	nucleotide_transformer
697	-0.4444625	0.24719593	0.69165844	-1.4217228	0.15534715	1.0	False	blood	early	nucleotide_transformer
2248	-0.44474953	0.24735694	0.6921065	-1.4217182	0.15534848	1.0	False	blood	early	nucleotide_transformer
1317	0.81530416	1.2413563	0.42605206	1.4223679	0.15541519	1.0	False	blood	early	nucleotide_transformer
3160	0.81500053	1.2410427	0.42604223	1.4221717	0.15547206	1.0	False	blood	early	nucleotide_transformer
4001	-0.44467288	0.24742587	0.69209874	-1.4212298	0.1554904	1.0	False	blood	early	nucleotide_transformer
192	0.81460553	1.2406329	0.42602736	1.4219197	0.15554513	1.0	False	blood	early	nucleotide_transformer
1077	-0.44471633	0.2474987	0.692215	-1.4210182	0.15555191	1.0	False	blood	early	nucleotide_transformer
4942	-0.444327	0.24728346	0.69161046	-1.4210125	0.15555358	1.0	False	blood	early	nucleotide_transformer
4107	-0.44419226	0.24731621	0.6915085	-1.4205432	0.1556902	1.0	False	blood	early	nucleotide_transformer
4308	-0.44439512	0.24752794	0.6919231	-1.4201119	0.15581568	1.0	False	blood	early	nucleotide_transformer
3562	0.8120327	1.237684	0.42565134	1.4206599	0.15591088	1.0	False	blood	early	nucleotide_transformer
1833	0.8117914	1.237723	0.42593157	1.4201326	0.15606415	1.0	False	blood	early	nucleotide_transformer
2038	-0.4442027	0.2476637	0.6918664	-1.4190519	0.15612458	1.0	False	blood	early	nucleotide_transformer
501	0.8121195	1.2385194	0.42639998	1.4197419	0.15617783	1.0	False	blood	early	nucleotide_transformer
4519	0.8121934	1.2386721	0.42647877	1.419691	0.15619263	1.0	False	blood	early	nucleotide_transformer
4005	-0.44410348	0.24766982	0.6917733	-1.4187841	0.1562027	1.0	False	blood	early	nucleotide_transformer
3404	-0.444201	0.2477441	0.6919451	-1.4186983	0.15622775	1.0	False	blood	early	nucleotide_transformer
3964	-0.44418555	0.24776709	0.69195265	-1.4185607	0.15626794	1.0	False	blood	early	nucleotide_transformer
4908	0.8116801	1.2380931	0.42641306	1.4194323	0.15626794	1.0	False	blood	early	nucleotide_transformer
2794	0.8116318	1.2380592	0.42642736	1.4193803	0.15628302	1.0	False	blood	early	nucleotide_transformer
904	-0.44410336	0.24791092	0.6920143	-1.4177376	0.15650824	1.0	False	blood	early	nucleotide_transformer
4175	-0.44409305	0.24796738	0.6920604	-1.4174674	0.15658729	1.0	False	blood	early	nucleotide_transformer
1234	-0.10638499	0.0	0.10638499	-1.4144795	0.1573431	1.0	False	blood	early	nucleotide_transformer
473	-0.106455825	0.0	0.106455825	-1.4144794	0.15734316	1.0	False	blood	early	nucleotide_transformer
1817	-0.106371	0.0	0.106371	-1.4144793	0.15734322	1.0	False	blood	early	nucleotide_transformer
1882	-0.10634657	0.0	0.10634657	-1.4144791	0.15734324	1.0	False	blood	early	nucleotide_transformer
240	-0.10628453	0.0	0.10628453	-1.414479	0.15734328	1.0	False	blood	early	nucleotide_transformer
4479	-0.10629805	0.0	0.10629805	-1.414479	0.15734328	1.0	False	blood	early	nucleotide_transformer
3180	-0.106296524	0.0	0.106296524	-1.4144789	0.15734333	1.0	False	blood	early	nucleotide_transformer
5033	-0.106279604	0.0	0.106279604	-1.4144789	0.15734333	1.0	False	blood	early	nucleotide_transformer
4644	-0.10626045	0.0	0.10626045	-1.4144789	0.15734333	1.0	False	blood	early	nucleotide_transformer
202	-0.10627287	0.0	0.10627287	-1.4144788	0.15734333	1.0	False	blood	early	nucleotide_transformer
3681	-0.10626969	0.0	0.10626969	-1.4144788	0.15734333	1.0	False	blood	early	nucleotide_transformer
2952	-0.10629944	0.0	0.10629944	-1.4144788	0.15734333	1.0	False	blood	early	nucleotide_transformer
281	-0.10627566	0.0	0.10627566	-1.4144787	0.1573434	1.0	False	blood	early	nucleotide_transformer
967	-0.10631813	0.0	0.10631813	-1.4144787	0.1573434	1.0	False	blood	early	nucleotide_transformer
1688	-0.10624857	0.0	0.10624857	-1.4144787	0.1573434	1.0	False	blood	early	nucleotide_transformer
3325	-0.1064276	0.0	0.1064276	-1.4144785	0.15734342	1.0	False	blood	early	nucleotide_transformer
2568	-0.10624416	0.0	0.10624416	-1.4144785	0.15734342	1.0	False	blood	early	nucleotide_transformer
1282	-0.10642166	0.0	0.10642166	-1.4144784	0.15734345	1.0	False	blood	early	nucleotide_transformer
4529	-0.10635354	0.0	0.10635354	-1.4144782	0.1573435	1.0	False	blood	early	nucleotide_transformer
2264	-0.10622447	0.0	0.10622447	-1.4144782	0.1573435	1.0	False	blood	early	nucleotide_transformer
4136	-0.10637343	0.0	0.10637343	-1.4144782	0.1573435	1.0	False	blood	early	nucleotide_transformer
4878	-0.106195986	0.0	0.106195986	-1.4144781	0.15734357	1.0	False	blood	early	nucleotide_transformer
4839	-0.10619425	0.0	0.10619425	-1.4144781	0.15734357	1.0	False	blood	early	nucleotide_transformer
4943	-0.1063897	0.0	0.1063897	-1.414478	0.15734357	1.0	False	blood	early	nucleotide_transformer
4286	-0.10619332	0.0	0.10619332	-1.4144777	0.15734367	1.0	False	blood	early	nucleotide_transformer
3772	-0.10642483	0.0	0.10642483	-1.4144745	0.15734461	1.0	False	blood	early	nucleotide_transformer
4711	-0.10638887	0.0	0.10638887	-1.4144742	0.15734467	1.0	False	blood	early	nucleotide_transformer
4371	-0.1063978	0.0	0.1063978	-1.4144741	0.15734473	1.0	False	blood	early	nucleotide_transformer
171	-0.10635965	0.0	0.10635965	-1.4144739	0.15734476	1.0	False	blood	early	nucleotide_transformer
4471	-0.10634096	0.0	0.10634096	-1.4144738	0.1573448	1.0	False	blood	early	nucleotide_transformer
3941	-0.10631469	0.0	0.10631469	-1.4144735	0.15734486	1.0	False	blood	early	nucleotide_transformer
238	-0.10632619	0.0	0.10632619	-1.4144735	0.15734486	1.0	False	blood	early	nucleotide_transformer
3119	-0.10633203	0.0	0.10633203	-1.4144734	0.15734492	1.0	False	blood	early	nucleotide_transformer
3197	-0.106309764	0.0	0.106309764	-1.4144734	0.15734492	1.0	False	blood	early	nucleotide_transformer
562	-0.10630329	0.0	0.10630329	-1.4144733	0.15734497	1.0	False	blood	early	nucleotide_transformer
3993	-0.106287085	0.0	0.106287085	-1.4144733	0.15734497	1.0	False	blood	early	nucleotide_transformer
1052	-0.106260605	0.0	0.106260605	-1.414473	0.15734503	1.0	False	blood	early	nucleotide_transformer
1947	-0.10642538	0.0	0.10642538	-1.4144727	0.15734513	1.0	False	blood	early	nucleotide_transformer
1998	-0.10643444	0.0	0.10643444	-1.4144726	0.15734519	1.0	False	blood	early	nucleotide_transformer
844	-0.106388435	0.0	0.106388435	-1.4144726	0.15734519	1.0	False	blood	early	nucleotide_transformer
1787	-0.10643831	0.0	0.10643831	-1.4144723	0.15734527	1.0	False	blood	early	nucleotide_transformer
305	-0.10655319	0.0	0.10655319	-1.4144722	0.15734527	1.0	False	blood	early	nucleotide_transformer
2043	-0.106513314	0.0	0.106513314	-1.4144711	0.15734556	1.0	False	blood	early	nucleotide_transformer
3722	-0.10648434	0.0	0.10648434	-1.4144709	0.15734564	1.0	False	blood	early	nucleotide_transformer
30	-0.1067167	0.0	0.1067167	-1.4144708	0.1573457	1.0	False	blood	early	nucleotide_transformer
4621	-0.1067562	0.0	0.1067562	-1.4144708	0.1573457	1.0	False	blood	early	nucleotide_transformer
1957	-0.10671414	0.0	0.10671414	-1.4144706	0.15734574	1.0	False	blood	early	nucleotide_transformer
1549	-0.10677954	0.0	0.10677954	-1.4144707	0.15734574	1.0	False	blood	early	nucleotide_transformer
460	-0.10670904	0.0	0.10670904	-1.4144702	0.15734586	1.0	False	blood	early	nucleotide_transformer
5086	-0.1067455	0.0	0.1067455	-1.4144701	0.15734592	1.0	False	blood	early	nucleotide_transformer
2842	-0.106679894	0.0	0.106679894	-1.41447	0.15734594	1.0	False	blood	early	nucleotide_transformer
2521	-0.106677525	0.0	0.106677525	-1.4144697	0.15734598	1.0	False	blood	early	nucleotide_transformer
1040	-0.106612146	0.0	0.106612146	-1.4144688	0.1573463	1.0	False	blood	early	nucleotide_transformer
5112	-0.10677692	0.0	0.10677692	-1.4144682	0.15734646	1.0	False	blood	early	nucleotide_transformer
3753	-0.10657214	0.0	0.10657214	-1.4144679	0.15734652	1.0	False	blood	early	nucleotide_transformer
4888	-0.10653848	0.0	0.10653848	-1.4144679	0.15734652	1.0	False	blood	early	nucleotide_transformer
4240	-0.10668821	0.0	0.10668821	-1.4144679	0.15734652	1.0	False	blood	early	nucleotide_transformer
924	-0.10659804	0.0	0.10659804	-1.414468	0.15734653	1.0	False	blood	early	nucleotide_transformer
3355	-0.106645435	0.0	0.106645435	-1.4144678	0.15734656	1.0	False	blood	early	nucleotide_transformer
239	-0.10653667	0.0	0.10653667	-1.4144678	0.15734656	1.0	False	blood	early	nucleotide_transformer
4324	-0.106677264	0.0	0.106677264	-1.4144678	0.15734656	1.0	False	blood	early	nucleotide_transformer
4139	-0.10665559	0.0	0.10665559	-1.4144677	0.15734659	1.0	False	blood	early	nucleotide_transformer
1531	-0.106581554	0.0	0.106581554	-1.4144677	0.15734659	1.0	False	blood	early	nucleotide_transformer
3565	-0.10656927	0.0	0.10656927	-1.4144676	0.15734662	1.0	False	blood	early	nucleotide_transformer
3216	-0.10675813	0.0	0.10675813	-1.4144671	0.15734677	1.0	False	blood	early	nucleotide_transformer
758	-0.10663602	0.0	0.10663602	-1.414467	0.1573468	1.0	False	blood	early	nucleotide_transformer
3047	-0.10657596	0.0	0.10657596	-1.4144666	0.15734693	1.0	False	blood	early	nucleotide_transformer
1551	-0.106753096	0.0	0.106753096	-1.4144665	0.15734693	1.0	False	blood	early	nucleotide_transformer
691	-0.10655834	0.0	0.10655834	-1.4144664	0.15734701	1.0	False	blood	early	nucleotide_transformer
4253	-0.10679142	0.0	0.10679142	-1.414466	0.15734708	1.0	False	blood	early	nucleotide_transformer
3371	-0.10676268	0.0	0.10676268	-1.4144653	0.1573473	1.0	False	blood	early	nucleotide_transformer
2499	-0.10675536	0.0	0.10675536	-1.4144651	0.15734737	1.0	False	blood	early	nucleotide_transformer
148	-0.10675666	0.0	0.10675666	-1.4144648	0.15734743	1.0	False	blood	early	nucleotide_transformer
3738	-0.10679085	0.0	0.10679085	-1.4144647	0.15734744	1.0	False	blood	early	nucleotide_transformer
3896	-0.10669464	0.0	0.10669464	-1.4144633	0.15734786	1.0	False	blood	early	nucleotide_transformer
1087	-0.106703505	0.0	0.106703505	-1.4144632	0.1573479	1.0	False	blood	early	nucleotide_transformer
2869	-0.10659255	0.0	0.10659255	-1.4144632	0.1573479	1.0	False	blood	early	nucleotide_transformer
314	-0.106676236	0.0	0.106676236	-1.4144632	0.1573479	1.0	False	blood	early	nucleotide_transformer
681	-0.10668845	0.0	0.10668845	-1.4144619	0.15734833	1.0	False	blood	early	nucleotide_transformer
5082	0.49485102	0.49485102	0.0	1.4155142	0.1574879	1.0	False	blood	early	nucleotide_transformer
2638	0.49478784	0.49478784	0.0	1.4155135	0.1574881	1.0	False	blood	early	nucleotide_transformer
487	0.49472967	0.49472967	0.0	1.4155133	0.15748817	1.0	False	blood	early	nucleotide_transformer
4517	0.49466524	0.49466524	0.0	1.4155127	0.15748833	1.0	False	blood	early	nucleotide_transformer
3460	0.49462327	0.49462327	0.0	1.4155126	0.15748839	1.0	False	blood	early	nucleotide_transformer
3723	0.494597	0.494597	0.0	1.4155122	0.1574885	1.0	False	blood	early	nucleotide_transformer
3937	0.49588692	0.49588692	0.0	1.4155089	0.15748945	1.0	False	blood	early	nucleotide_transformer
463	0.49584186	0.49584186	0.0	1.4155086	0.15748952	1.0	False	blood	early	nucleotide_transformer
2705	0.49585602	0.49585602	0.0	1.4155086	0.15748952	1.0	False	blood	early	nucleotide_transformer
4649	0.49555677	0.49555677	0.0	1.4155066	0.15749013	1.0	False	blood	early	nucleotide_transformer
2515	0.4954786	0.4954786	0.0	1.4155059	0.15749034	1.0	False	blood	early	nucleotide_transformer
2780	0.49519	0.49519	0.0	1.4155037	0.15749098	1.0	False	blood	early	nucleotide_transformer
3756	1.0283937	1.9882349	0.95984113	1.4012268	0.16161337	1.0	False	blood	early	nucleotide_transformer
886	1.0280799	1.9878411	0.95976126	1.4010584	0.16166362	1.0	False	blood	early	nucleotide_transformer
4250	0.9407815	1.7417634	0.8009819	1.3705647	0.17097782	1.0	False	blood	early	nucleotide_transformer
3759	0.9383174	1.7377101	0.7993927	1.37012	0.17111646	1.0	False	blood	early	nucleotide_transformer
542	-0.6966625	0.74213916	1.4388016	-1.3694092	0.17116307	1.0	False	blood	early	nucleotide_transformer
829	-0.69681406	0.74241877	1.4392328	-1.3692216	0.17122166	1.0	False	blood	early	nucleotide_transformer
2938	-0.6964115	0.7421855	1.438597	-1.3689119	0.17131849	1.0	False	blood	early	nucleotide_transformer
3779	-0.69672465	0.74253654	1.4392612	-1.3688849	0.1713269	1.0	False	blood	early	nucleotide_transformer
2889	-0.696364	0.7422095	1.4385735	-1.3687936	0.17135547	1.0	False	blood	early	nucleotide_transformer
1165	0.9368083	1.7360365	0.79922825	1.36914	0.17142224	1.0	False	blood	early	nucleotide_transformer
2883	-0.69656825	0.7426169	1.4391851	-1.3684938	0.17144927	1.0	False	blood	early	nucleotide_transformer
2885	-0.6965427	0.74263996	1.4391826	-1.3684143	0.17147413	1.0	False	blood	early	nucleotide_transformer
411	-0.69655776	0.7426604	1.4392182	-1.3684075	0.17147624	1.0	False	blood	early	nucleotide_transformer
521	-0.6965273	0.7426283	1.4391556	-1.3684068	0.17147647	1.0	False	blood	early	nucleotide_transformer
236	0.9360288	1.7348394	0.79881066	1.368935	0.17148624	1.0	False	blood	early	nucleotide_transformer
1940	-0.6966806	0.7428542	1.4395348	-1.3683094	0.17150694	1.0	False	blood	early	nucleotide_transformer
3270	-0.6964962	0.74269956	1.4391958	-1.3682417	0.17152813	1.0	False	blood	early	nucleotide_transformer
737	0.9350559	1.7333317	0.79827577	1.3686707	0.1715688	1.0	False	blood	early	nucleotide_transformer
3639	-0.6959802	0.7427609	1.4387411	-1.3672761	0.17183053	1.0	False	blood	early	nucleotide_transformer
2065	-0.69597733	0.74285686	1.4388342	-1.3671198	0.17187947	1.0	False	blood	early	nucleotide_transformer
1973	-0.69591784	0.74286234	1.4387802	-1.3670108	0.17191362	1.0	False	blood	early	nucleotide_transformer
1914	-0.6956825	0.7426399	1.4383224	-1.3669648	0.17192806	1.0	False	blood	early	nucleotide_transformer
4336	-0.69583845	0.7428497	1.4386882	-1.3668967	0.17194939	1.0	False	blood	early	nucleotide_transformer
1600	-0.6958534	0.74294204	1.4387954	-1.3667767	0.17198703	1.0	False	blood	early	nucleotide_transformer
657	-0.6957967	0.742957	1.4387537	-1.3666574	0.17202444	1.0	False	blood	early	nucleotide_transformer
3528	-0.6957563	0.74295163	1.438708	-1.3665978	0.17204311	1.0	False	blood	early	nucleotide_transformer
1379	-0.69569576	0.7430054	1.4387012	-1.3664107	0.17210183	1.0	False	blood	early	nucleotide_transformer
287	-0.69549567	0.7428215	1.4383172	-1.366362	0.17211714	1.0	False	blood	early	nucleotide_transformer
1385	-0.69567174	0.7430145	1.4386863	-1.366356	0.17211898	1.0	False	blood	early	nucleotide_transformer
2106	-0.69573545	0.7431005	1.438836	-1.3663288	0.1721275	1.0	False	blood	early	nucleotide_transformer
1932	-0.695569	0.74303216	1.4386011	-1.3661547	0.17218216	1.0	False	blood	early	nucleotide_transformer
1495	-0.6954132	0.74297005	1.4383832	-1.3659892	0.1722341	1.0	False	blood	early	nucleotide_transformer
4692	-0.5713887	0.4945632	1.065952	-1.3525645	0.17646882	1.0	False	blood	early	nucleotide_transformer
2685	-0.57128894	0.49457586	1.0658648	-1.3523396	0.17654066	1.0	False	blood	early	nucleotide_transformer
2657	-0.57123744	0.49462506	1.0658625	-1.3521274	0.17660852	1.0	False	blood	early	nucleotide_transformer
3479	-0.5712418	0.4947005	1.0659423	-1.351967	0.17665988	1.0	False	blood	early	nucleotide_transformer
165	-0.5711133	0.49460703	1.0657203	-1.3519275	0.17667255	1.0	False	blood	early	nucleotide_transformer
1338	-0.5711614	0.49466038	1.0658218	-1.351901	0.176681	1.0	False	blood	early	nucleotide_transformer
489	-0.57094896	0.494544	1.065493	-1.3517461	0.17673063	1.0	False	blood	early	nucleotide_transformer
3230	-0.5707929	0.4946215	1.0654144	-1.3512619	0.17688556	1.0	False	blood	early	nucleotide_transformer
1198	-0.57079554	0.4947202	1.0655158	-1.3510467	0.17695454	1.0	False	blood	early	nucleotide_transformer
3569	-0.57070446	0.4946501	1.0653546	-1.3510258	0.17696123	1.0	False	blood	early	nucleotide_transformer
3852	-0.57065666	0.4946339	1.0652906	-1.3509682	0.17697962	1.0	False	blood	early	nucleotide_transformer
666	-0.57084805	0.49505347	1.0659015	-1.350389	0.17716531	1.0	False	blood	early	nucleotide_transformer
2070	-0.5708631	0.49506864	1.0659318	-1.3503844	0.1771668	1.0	False	blood	early	nucleotide_transformer
2189	-0.57082295	0.49507892	1.0659019	-1.3502821	0.17719962	1.0	False	blood	early	nucleotide_transformer
41	-0.5707567	0.4950625	1.0658191	-1.35019	0.1772291	1.0	False	blood	early	nucleotide_transformer
385	-0.5707356	0.4952078	1.0659434	-1.3498199	0.1773479	1.0	False	blood	early	nucleotide_transformer
1397	-0.570587	0.49515826	1.0657452	-1.3496393	0.1774058	1.0	False	blood	early	nucleotide_transformer
1484	-0.5707607	0.49537405	1.0661348	-1.3494941	0.1774524	1.0	False	blood	early	nucleotide_transformer
3031	-0.5705964	0.49546844	1.0660648	-1.3489577	0.1776247	1.0	False	blood	early	nucleotide_transformer
2213	-0.57035506	0.49526343	1.0656185	-1.3489456	0.17762859	1.0	False	blood	early	nucleotide_transformer
2193	-0.57023513	0.4952203	1.0654554	-1.348807	0.17767316	1.0	False	blood	early	nucleotide_transformer
4625	-0.57013327	0.49524373	1.065377	-1.3485532	0.17775473	1.0	False	blood	early	nucleotide_transformer
4604	-0.57039243	0.49550503	1.0658975	-1.3484727	0.17778055	1.0	False	blood	early	nucleotide_transformer
4126	-0.57016814	0.49531916	1.0654873	-1.3484517	0.1777873	1.0	False	blood	early	nucleotide_transformer
791	-0.5703484	0.49550906	1.0658574	-1.3483769	0.17781135	1.0	False	blood	early	nucleotide_transformer
1652	-0.5704646	0.49563304	1.0660976	-1.3483257	0.1778278	1.0	False	blood	early	nucleotide_transformer
2655	-0.5702346	0.49555594	1.0657905	-1.348047	0.17791744	1.0	False	blood	early	nucleotide_transformer
2733	-0.5702003	0.4955363	1.0657367	-1.3480238	0.17792489	1.0	False	blood	early	nucleotide_transformer
4598	-0.5702131	0.4955697	1.0657828	-1.3479737	0.17794104	1.0	False	blood	early	nucleotide_transformer
3781	-0.570068	0.49554718	1.0656152	-1.3477393	0.17801642	1.0	False	blood	early	nucleotide_transformer
2244	-0.56986034	0.49546298	1.0653234	-1.3475199	0.17808707	1.0	False	blood	early	nucleotide_transformer
2148	-0.5699169	0.49552518	1.0654421	-1.3474907	0.17809649	1.0	False	blood	early	nucleotide_transformer
1782	-0.56999755	0.49560535	1.0656029	-1.3474689	0.17810346	1.0	False	blood	early	nucleotide_transformer
4779	-0.5698756	0.4955094	1.065385	-1.3474452	0.17811108	1.0	False	blood	early	nucleotide_transformer
3016	-0.5697105	0.49537098	1.0650815	-1.3474361	0.178114	1.0	False	blood	early	nucleotide_transformer
4731	-0.56976044	0.4954308	1.0651913	-1.3473972	0.17812656	1.0	False	blood	early	nucleotide_transformer
351	-0.56994486	0.49561295	1.0655578	-1.347348	0.17814241	1.0	False	blood	early	nucleotide_transformer
317	-0.56983995	0.49554464	1.0653846	-1.3472952	0.17815945	1.0	False	blood	early	nucleotide_transformer
1200	-0.56963784	0.49541098	1.0650488	-1.3472012	0.17818968	1.0	False	blood	early	nucleotide_transformer
4825	0.84970057	1.4887692	0.6390686	1.343638	0.1795339	1.0	False	blood	early	nucleotide_transformer
1621	0.8494954	1.4884509	0.6389555	1.3435944	0.17954798	1.0	False	blood	early	nucleotide_transformer
1100	0.8494118	1.4884444	0.63903266	1.343454	0.17959332	1.0	False	blood	early	nucleotide_transformer
4137	0.84736323	1.4861808	0.63881755	1.3421261	0.18002303	1.0	False	blood	early	nucleotide_transformer
2220	0.8480598	1.4874655	0.6394057	1.3420668	0.1800423	1.0	False	blood	early	nucleotide_transformer
2996	0.84727323	1.4861705	0.6388973	1.3419782	0.180071	1.0	False	blood	early	nucleotide_transformer
1471	0.84721464	1.486071	0.63885635	1.3419747	0.18007214	1.0	False	blood	early	nucleotide_transformer
1035	0.84676147	1.4858317	0.6390703	1.3414141	0.18025377	1.0	False	blood	early	nucleotide_transformer
3742	0.58245033	0.74214566	0.15969531	1.331283	0.18360358	1.0	False	blood	early	nucleotide_transformer
3380	0.76400673	1.2440585	0.48005173	1.3243653	0.18585484	1.0	False	blood	early	nucleotide_transformer
2640	-0.7675015	0.99065304	1.7581545	-1.3230884	0.18610618	1.0	False	blood	early	nucleotide_transformer
147	-0.76752806	0.99071026	1.7582383	-1.3230613	0.18611515	1.0	False	blood	early	nucleotide_transformer
3334	-0.7676175	0.99085265	1.7584702	-1.3230305	0.1861255	1.0	False	blood	early	nucleotide_transformer
1728	-0.76751786	0.9907407	1.7582586	-1.3230102	0.18613215	1.0	False	blood	early	nucleotide_transformer
845	-0.76754075	0.9908176	1.7583584	-1.3229547	0.18615064	1.0	False	blood	early	nucleotide_transformer
625	0.7614373	1.2406567	0.47921947	1.3234329	0.1861642	1.0	False	blood	early	nucleotide_transformer
1736	0.75969213	1.2389011	0.479209	1.3221287	0.18659768	1.0	False	blood	early	nucleotide_transformer
3810	0.7596741	1.2389259	0.47925186	1.3220642	0.18661909	1.0	False	blood	early	nucleotide_transformer
5067	0.75962377	1.2389866	0.47936285	1.3218955	0.18667519	1.0	False	blood	early	nucleotide_transformer
3210	0.7595452	1.2390684	0.47952315	1.3216375	0.18676102	1.0	False	blood	early	nucleotide_transformer
3597	0.7595758	1.2391208	0.47954506	1.3216347	0.18676196	1.0	False	blood	early	nucleotide_transformer
1448	0.75882787	1.2379358	0.47910792	1.3215995	0.18677369	1.0	False	blood	early	nucleotide_transformer
3547	0.759449	1.2392453	0.47979632	1.3212339	0.18689539	1.0	False	blood	early	nucleotide_transformer
3768	0.75903624	1.2386445	0.47960824	1.3211511	0.18692298	1.0	False	blood	early	nucleotide_transformer
2926	0.75902873	1.2386671	0.4796384	1.3211097	0.1869368	1.0	False	blood	early	nucleotide_transformer
2948	-0.7657402	0.99268526	1.7584255	-1.3180354	0.187792	1.0	False	blood	early	nucleotide_transformer
4612	0.67214036	0.9916624	0.319522	1.3144304	0.18918452	1.0	False	blood	early	nucleotide_transformer
1772	0.6720114	0.9915724	0.31956097	1.3142796	0.18923512	1.0	False	blood	early	nucleotide_transformer
2689	0.67105776	0.9902683	0.31921053	1.3141278	0.18928616	1.0	False	blood	early	nucleotide_transformer
3793	0.67114484	0.99044216	0.31929728	1.3140595	0.18930906	1.0	False	blood	early	nucleotide_transformer
3474	0.67089534	0.9902592	0.31936386	1.3137795	0.1894032	1.0	False	blood	early	nucleotide_transformer
1803	0.67101765	0.9905438	0.31952614	1.313624	0.18945554	1.0	False	blood	early	nucleotide_transformer
4100	0.6707263	0.99017745	0.31945118	1.3135346	0.18948558	1.0	False	blood	early	nucleotide_transformer
4833	0.67075336	0.99023324	0.31947988	1.3135027	0.18949634	1.0	False	blood	early	nucleotide_transformer
1717	0.67094755	0.990699	0.31975147	1.313232	0.1895874	1.0	False	blood	early	nucleotide_transformer
2902	0.6708354	0.9906037	0.31976828	1.3131282	0.18962233	1.0	False	blood	early	nucleotide_transformer
2410	0.884102	1.7356799	0.8515779	1.2886328	0.19797322	1.0	False	blood	early	nucleotide_transformer
2209	0.8838908	1.7357682	0.8518774	1.2882218	0.19811602	1.0	False	blood	early	nucleotide_transformer
244	0.88369083	1.7354047	0.8517139	1.2882097	0.1981202	1.0	False	blood	early	nucleotide_transformer
615	0.8837385	1.7362958	0.8525573	1.2875459	0.19835113	1.0	False	blood	early	nucleotide_transformer
2158	-0.6434966	0.7422463	1.3857429	-1.2715652	0.20381348	1.0	False	blood	early	nucleotide_transformer
1195	-0.39188528	0.24721263	0.6390979	-1.2714157	0.20381965	1.0	False	blood	early	nucleotide_transformer
4790	-0.6434094	0.74218583	1.3855952	-1.2715057	0.20383462	1.0	False	blood	early	nucleotide_transformer
4605	-0.6435689	0.74237967	1.3859485	-1.271492	0.20383956	1.0	False	blood	early	nucleotide_transformer
54	-0.6434509	0.742256	1.3857069	-1.2714726	0.20384641	1.0	False	blood	early	nucleotide_transformer
1754	-0.6433979	0.74219835	1.3855963	-1.2714677	0.20384817	1.0	False	blood	early	nucleotide_transformer
1897	-0.6434162	0.7422256	1.3856418	-1.271458	0.20385157	1.0	False	blood	early	nucleotide_transformer
3711	-0.64346546	0.7423039	1.3857694	-1.2714268	0.20386267	1.0	False	blood	early	nucleotide_transformer
1872	-0.64332503	0.7421445	1.3854696	-1.2714224	0.20386425	1.0	False	blood	early	nucleotide_transformer
1669	-0.6432986	0.74214995	1.3854486	-1.2713687	0.20388335	1.0	False	blood	early	nucleotide_transformer
2633	-0.6434588	0.7423397	1.3857985	-1.2713622	0.20388564	1.0	False	blood	early	nucleotide_transformer
4767	-0.64348876	0.7424618	1.3859506	-1.2712325	0.20393176	1.0	False	blood	early	nucleotide_transformer
3100	-0.6434424	0.74242485	1.3858672	-1.271208	0.20394044	1.0	False	blood	early	nucleotide_transformer
488	-0.39152312	0.24719654	0.6387197	-1.2705642	0.2041226	1.0	False	blood	early	nucleotide_transformer
1983	-0.39176744	0.24736126	0.6391287	-1.270519	0.20413867	1.0	False	blood	early	nucleotide_transformer
1368	-0.3915646	0.24724753	0.6388121	-1.2704638	0.20415838	1.0	False	blood	early	nucleotide_transformer
1757	-0.39154625	0.2472483	0.63879454	-1.270415	0.20417573	1.0	False	blood	early	nucleotide_transformer
2917	-0.39146876	0.24720697	0.63867575	-1.2703841	0.20418675	1.0	False	blood	early	nucleotide_transformer
4562	-0.39163232	0.24732268	0.638955	-1.2703314	0.2042055	1.0	False	blood	early	nucleotide_transformer
4588	-0.39133418	0.2472393	0.63857347	-1.269913	0.20435455	1.0	False	blood	early	nucleotide_transformer
4403	-0.39130944	0.24723674	0.63854617	-1.2698604	0.2043733	1.0	False	blood	early	nucleotide_transformer
482	-0.3912992	0.24725604	0.6385552	-1.2697569	0.20441018	1.0	False	blood	early	nucleotide_transformer
3396	-0.39130247	0.2472747	0.63857716	-1.2696904	0.20443384	1.0	False	blood	early	nucleotide_transformer
4351	-0.39148298	0.24740037	0.63888335	-1.2696439	0.20445041	1.0	False	blood	early	nucleotide_transformer
3117	-0.39156276	0.24746387	0.63902664	-1.2695887	0.20447007	1.0	False	blood	early	nucleotide_transformer
4259	-0.39117485	0.24728358	0.63845843	-1.2693307	0.20456205	1.0	False	blood	early	nucleotide_transformer
1829	-0.39153048	0.2475116	0.6390421	-1.2693156	0.20456749	1.0	False	blood	early	nucleotide_transformer
3218	-0.6426158	0.7428014	1.3854172	-1.2692324	0.20464401	1.0	False	blood	early	nucleotide_transformer
1049	-0.6424824	0.74282026	1.3853027	-1.2689755	0.2047356	1.0	False	blood	early	nucleotide_transformer
4990	-0.6424312	0.7427636	1.3851948	-1.2689722	0.20473684	1.0	False	blood	early	nucleotide_transformer
3254	-0.64243776	0.7427744	1.3852122	-1.2689674	0.20473847	1.0	False	blood	early	nucleotide_transformer
4715	-0.39131266	0.24751486	0.6388275	-1.268753	0.20476815	1.0	False	blood	early	nucleotide_transformer
4660	-0.64262843	0.7430644	1.3856928	-1.2688648	0.20477508	1.0	False	blood	early	nucleotide_transformer
2544	-0.39112246	0.2474767	0.63859916	-1.2684228	0.20488603	1.0	False	blood	early	nucleotide_transformer
4670	-0.39123487	0.2475522	0.6387871	-1.2684067	0.20489174	1.0	False	blood	early	nucleotide_transformer
3337	-0.6423187	0.7429303	1.385249	-1.268532	0.20489384	1.0	False	blood	early	nucleotide_transformer
4614	-0.6423315	0.74294937	1.3852808	-1.2685257	0.20489609	1.0	False	blood	early	nucleotide_transformer
4927	-0.6422759	0.74318314	1.3854591	-1.2680836	0.20505387	1.0	False	blood	early	nucleotide_transformer
3570	-0.3911044	0.24759138	0.6386958	-1.2679191	0.20506583	1.0	False	blood	early	nucleotide_transformer
2976	-0.39102042	0.24755444	0.63857484	-1.2678537	0.20508924	1.0	False	blood	early	nucleotide_transformer
1289	-0.6421459	0.743142	1.3852879	-1.2679209	0.20511195	1.0	False	blood	early	nucleotide_transformer
727	-0.39114583	0.2477417	0.6388875	-1.2674216	0.20524363	1.0	False	blood	early	nucleotide_transformer
193	-0.64163816	0.7429173	1.3845555	-1.267385	0.20530348	1.0	False	blood	early	nucleotide_transformer
3650	-0.64184445	0.7432857	1.3851302	-1.2671932	0.20537204	1.0	False	blood	early	nucleotide_transformer
1381	-0.3908611	0.2477867	0.6386478	-1.2665205	0.20556591	1.0	False	blood	early	nucleotide_transformer
2674	-0.3910802	0.24792665	0.63900685	-1.2665144	0.20556806	1.0	False	blood	early	nucleotide_transformer
1355	-0.39095306	0.24793226	0.6388853	-1.2661724	0.20569049	1.0	False	blood	early	nucleotide_transformer
4916	0.7965957	1.4890712	0.69247556	1.2550018	0.20992258	1.0	False	blood	early	nucleotide_transformer
544	0.7958829	1.4880062	0.69212335	1.2547599	0.21001029	1.0	False	blood	early	nucleotide_transformer
3272	0.79575586	1.4878049	0.692049	1.2547271	0.21002226	1.0	False	blood	early	nucleotide_transformer
3589	0.79537165	1.4875672	0.69219553	1.2542801	0.21018451	1.0	False	blood	early	nucleotide_transformer
2480	0.7952512	1.4874703	0.6922191	1.25416	0.21022797	1.0	False	blood	early	nucleotide_transformer
300	0.7943936	1.4862486	0.691855	1.2538013	0.21035828	1.0	False	blood	early	nucleotide_transformer
971	0.7945341	1.4867367	0.69220257	1.2535902	0.21043499	1.0	False	blood	early	nucleotide_transformer
2462	0.8444491	0.9457238	0.10127465	1.2496599	0.2119355	1.0	False	blood	early	nucleotide_transformer
2013	0.44370764	0.49692145	0.05321379	1.2496587	0.21193594	1.0	False	blood	early	nucleotide_transformer
4845	0.44355905	0.49675503	0.05319597	1.2496578	0.21193634	1.0	False	blood	early	nucleotide_transformer
2311	0.50609386	0.5667896	0.06069576	1.2496569	0.21193653	1.0	False	blood	early	nucleotide_transformer
454	0.44345385	0.4966372	0.05318335	1.2496572	0.21193655	1.0	False	blood	early	nucleotide_transformer
4945	0.4434571	0.49664083	0.05318374	1.249657	0.2119366	1.0	False	blood	early	nucleotide_transformer
3670	0.9615458	1.0768639	0.115318045	1.2496566	0.21193668	1.0	False	blood	early	nucleotide_transformer
4960	1.0747181	1.2036089	0.12889078	1.2496552	0.21193719	1.0	False	blood	early	nucleotide_transformer
5072	0.5460019	0.6114838	0.06548192	1.2496554	0.21193719	1.0	False	blood	early	nucleotide_transformer
3593	0.5470638	0.6126731	0.06560928	1.2496543	0.21193752	1.0	False	blood	early	nucleotide_transformer
5017	0.5400485	0.6048164	0.06476793	1.249654	0.21193765	1.0	False	blood	early	nucleotide_transformer
3365	0.44300935	0.49613938	0.05313004	1.2496539	0.21193768	1.0	False	blood	early	nucleotide_transformer
3358	1.0741675	1.2029922	0.12882474	1.2496536	0.21193777	1.0	False	blood	early	nucleotide_transformer
4098	0.8394487	0.9401236	0.10067494	1.2496533	0.21193793	1.0	False	blood	early	nucleotide_transformer
60	0.84676856	0.9483214	0.10155282	1.2496531	0.211938	1.0	False	blood	early	nucleotide_transformer
1891	1.0073663	1.1281796	0.12081327	1.2496526	0.2119381	1.0	False	blood	early	nucleotide_transformer
1784	0.8184039	0.9165549	0.09815104	1.2496526	0.21193813	1.0	False	blood	early	nucleotide_transformer
3893	0.44284934	0.49596018	0.05311085	1.2496526	0.21193816	1.0	False	blood	early	nucleotide_transformer
3666	1.0196013	1.141882	0.12228063	1.2496525	0.21193823	1.0	False	blood	early	nucleotide_transformer
3049	0.9700828	1.0864247	0.116341874	1.2496516	0.21193856	1.0	False	blood	early	nucleotide_transformer
2471	1.098806	1.2305857	0.13177964	1.2496514	0.21193862	1.0	False	blood	early	nucleotide_transformer
1167	0.58232796	0.6521664	0.069838494	1.2496514	0.21193862	1.0	False	blood	early	nucleotide_transformer
1850	0.9755232	1.0925175	0.116994336	1.2496511	0.21193866	1.0	False	blood	early	nucleotide_transformer
362	1.0225818	1.1452199	0.12263808	1.2496512	0.21193868	1.0	False	blood	early	nucleotide_transformer
3958	0.5002444	0.5602386	0.059994224	1.2496506	0.21193887	1.0	False	blood	early	nucleotide_transformer
4260	1.0490475	1.1748596	0.12581211	1.2496506	0.2119389	1.0	False	blood	early	nucleotide_transformer
4807	0.6877424	0.77022326	0.08248084	1.2496505	0.21193895	1.0	False	blood	early	nucleotide_transformer
797	0.5002157	0.5602065	0.05999079	1.2496504	0.211939	1.0	False	blood	early	nucleotide_transformer
3487	0.50022674	0.5602189	0.059992116	1.2496502	0.21193904	1.0	False	blood	early	nucleotide_transformer
762	0.5002008	0.56018984	0.05998901	1.2496501	0.21193905	1.0	False	blood	early	nucleotide_transformer
2064	0.50019664	0.56018513	0.059988502	1.2496501	0.21193905	1.0	False	blood	early	nucleotide_transformer
2000	0.77444965	0.8673293	0.09287963	1.2496502	0.21193907	1.0	False	blood	early	nucleotide_transformer
1698	0.5001815	0.5601682	0.059986692	1.2496499	0.21193913	1.0	False	blood	early	nucleotide_transformer
1967	0.500172	0.56015754	0.05998555	1.24965	0.21193914	1.0	False	blood	early	nucleotide_transformer
3804	0.50016147	0.56014574	0.05998428	1.24965	0.21193914	1.0	False	blood	early	nucleotide_transformer
1820	0.74811435	0.8378356	0.08972124	1.2496499	0.21193916	1.0	False	blood	early	nucleotide_transformer
3087	0.50014037	0.56012213	0.059981756	1.2496498	0.2119392	1.0	False	blood	early	nucleotide_transformer
447	0.50013644	0.5601177	0.059981283	1.2496498	0.2119392	1.0	False	blood	early	nucleotide_transformer
2401	0.5124314	0.5738872	0.06145582	1.2496498	0.21193926	1.0	False	blood	early	nucleotide_transformer
4870	0.44395217	0.49719527	0.05324311	1.2496496	0.21193926	1.0	False	blood	early	nucleotide_transformer
1256	0.5001278	0.56010807	0.05998025	1.2496495	0.21193928	1.0	False	blood	early	nucleotide_transformer
4236	0.5001116	0.5600899	0.059978303	1.2496495	0.21193929	1.0	False	blood	early	nucleotide_transformer
3749	0.77250314	0.8651493	0.092646174	1.2496496	0.2119393	1.0	False	blood	early	nucleotide_transformer
11	0.9427179	1.0557779	0.113060005	1.2496495	0.21193932	1.0	False	blood	early	nucleotide_transformer
1928	0.650085	0.7280496	0.07796459	1.249648	0.21193984	1.0	False	blood	early	nucleotide_transformer
1595	0.4420423	0.4951706	0.053128306	1.2493051	0.21206501	1.0	False	blood	early	nucleotide_transformer
2887	0.44161853	0.4947369	0.05311839	1.2491906	0.2121068	1.0	False	blood	early	nucleotide_transformer
3370	-0.7144116	0.99052536	1.704937	-1.2367642	0.2164671	1.0	False	blood	early	nucleotide_transformer
169	-0.71433234	0.99066126	1.7049936	-1.2364929	0.21656789	1.0	False	blood	early	nucleotide_transformer
2419	-0.71423185	0.99065816	1.70489	-1.2363417	0.21662398	1.0	False	blood	early	nucleotide_transformer
4589	-0.5180687	0.49464342	1.0127121	-1.2359103	0.21675922	1.0	False	blood	early	nucleotide_transformer
4959	-0.5180056	0.49461463	1.0126202	-1.2358468	0.21678285	1.0	False	blood	early	nucleotide_transformer
4859	-0.51807725	0.49499658	1.0130738	-1.2351856	0.21702875	1.0	False	blood	early	nucleotide_transformer
2775	-0.5180064	0.49493068	1.0129371	-1.2351817	0.2170302	1.0	False	blood	early	nucleotide_transformer
4869	-0.5175357	0.4945316	1.0120673	-1.2350748	0.21707	1.0	False	blood	early	nucleotide_transformer
3102	-0.51751524	0.49451536	1.0120306	-1.2350676	0.21707267	1.0	False	blood	early	nucleotide_transformer
3156	-0.5176016	0.4946339	1.0122355	-1.2349904	0.21710141	1.0	False	blood	early	nucleotide_transformer
1062	-0.5174711	0.4945302	1.0120013	-1.2349474	0.2171174	1.0	False	blood	early	nucleotide_transformer
2703	-0.5176467	0.49478546	1.0124321	-1.2347628	0.21718608	1.0	False	blood	early	nucleotide_transformer
1205	-0.51742834	0.49460524	1.0120336	-1.2347034	0.21720824	1.0	False	blood	early	nucleotide_transformer
5096	-0.5177084	0.495018	1.0127264	-1.2343959	0.21732272	1.0	False	blood	early	nucleotide_transformer
5103	-0.5174365	0.49481347	1.01225	-1.2342802	0.21736586	1.0	False	blood	early	nucleotide_transformer
1123	-0.5177014	0.4951124	1.0128138	-1.2341834	0.2174019	1.0	False	blood	early	nucleotide_transformer
3757	-0.5177309	0.49520856	1.0129395	-1.234041	0.21745494	1.0	False	blood	early	nucleotide_transformer
223	-0.51721317	0.49483746	1.0120506	-1.2337795	0.21755235	1.0	False	blood	early	nucleotide_transformer
3168	-0.5172359	0.49486837	1.0121043	-1.2337607	0.21755941	1.0	False	blood	early	nucleotide_transformer
2239	-0.51731175	0.49518603	1.0124978	-1.2332458	0.21775132	1.0	False	blood	early	nucleotide_transformer
1269	-0.51725006	0.49523786	1.0124879	-1.2330123	0.21783845	1.0	False	blood	early	nucleotide_transformer
1813	-0.5170834	0.49515986	1.0122433	-1.232839	0.21790314	1.0	False	blood	early	nucleotide_transformer
3514	-0.51713496	0.49522728	1.0123622	-1.2328029	0.21791665	1.0	False	blood	early	nucleotide_transformer
1795	-0.51688427	0.49501342	1.0118977	-1.232747	0.21793742	1.0	False	blood	early	nucleotide_transformer
5106	-0.5170663	0.49539536	1.0124617	-1.2323124	0.21809964	1.0	False	blood	early	nucleotide_transformer
453	-0.7123026	0.9915888	1.7038914	-1.2323517	0.21810992	1.0	False	blood	early	nucleotide_transformer
4900	-0.51689816	0.49547598	1.0123742	-1.2318032	0.2182899	1.0	False	blood	early	nucleotide_transformer
3986	-0.5167295	0.49536112	1.0120906	-1.2317044	0.21832684	1.0	False	blood	early	nucleotide_transformer
1556	-0.7126284	0.9925738	1.7052022	-1.2317648	0.21832915	1.0	False	blood	early	nucleotide_transformer
3865	-0.51661944	0.49531993	1.0119394	-1.2315687	0.21837753	1.0	False	blood	early	nucleotide_transformer
2058	-0.51662606	0.49535686	1.0119829	-1.2315041	0.21840169	1.0	False	blood	early	nucleotide_transformer
1986	-0.5167165	0.49549714	1.0122136	-1.2313929	0.21844324	1.0	False	blood	early	nucleotide_transformer
2921	-0.5164535	0.49537265	1.0118262	-1.2311244	0.21854366	1.0	False	blood	early	nucleotide_transformer
3123	-0.5164249	0.4954997	1.0119246	-1.2308006	0.21866477	1.0	False	blood	early	nucleotide_transformer
1421	-0.5170572	0.4963597	1.0134169	-1.2302707	0.21886297	1.0	False	blood	early	nucleotide_transformer
3784	-0.5158474	0.49563497	1.0114824	-1.2293581	0.21920487	1.0	False	blood	early	nucleotide_transformer
2665	0.7074498	1.2401325	0.53268266	1.2248312	0.22108209	1.0	False	blood	early	nucleotide_transformer
2972	0.7066938	1.2391148	0.53242093	1.2244908	0.22121032	1.0	False	blood	early	nucleotide_transformer
4540	0.70659363	1.2390772	0.5324836	1.2243382	0.22126776	1.0	False	blood	early	nucleotide_transformer
1492	0.70650625	1.2391908	0.53268456	1.224049	0.22137667	1.0	False	blood	early	nucleotide_transformer
4185	0.705531	1.2380937	0.53256273	1.2233819	0.22162822	1.0	False	blood	early	nucleotide_transformer
2086	0.7055569	1.2381533	0.5325964	1.2233666	0.221634	1.0	False	blood	early	nucleotide_transformer
669	0.8290848	1.7345848	0.9055	1.2054633	0.2284474	1.0	False	blood	early	nucleotide_transformer
753	0.8288468	1.734227	0.90538013	1.2053556	0.22848892	1.0	False	blood	early	nucleotide_transformer
3564	0.8289874	1.7345674	0.90558	1.2053218	0.2285019	1.0	False	blood	early	nucleotide_transformer
2946	0.8290108	1.7346281	0.9056173	1.2053124	0.22850555	1.0	False	blood	early	nucleotide_transformer
458	0.82867783	1.7341565	0.90547866	1.205139	0.22857241	1.0	False	blood	early	nucleotide_transformer
4947	0.6194398	0.99206734	0.37262756	1.2044711	0.22885486	1.0	False	blood	early	nucleotide_transformer
3965	0.6177739	0.99016017	0.37238625	1.2034355	0.22925466	1.0	False	blood	early	nucleotide_transformer
2974	0.5319327	0.7447331	0.21280037	1.2030255	0.22942965	1.0	False	blood	early	nucleotide_transformer
4086	0.617606	0.9902357	0.3726297	1.2029561	0.22943993	1.0	False	blood	early	nucleotide_transformer
4677	0.5316262	0.7443477	0.2127215	1.2029418	0.22946201	1.0	False	blood	early	nucleotide_transformer
641	0.53162736	0.74435997	0.21273261	1.2029219	0.22946969	1.0	False	blood	early	nucleotide_transformer
2779	0.6174848	0.99026984	0.37278506	1.2026441	0.22956061	1.0	False	blood	early	nucleotide_transformer
4191	0.6170761	0.98970383	0.37262774	1.2025269	0.22960593	1.0	False	blood	early	nucleotide_transformer
1959	0.5306102	0.7433766	0.21276642	1.2021186	0.22978039	1.0	False	blood	early	nucleotide_transformer
16	0.5298479	0.7426094	0.21276146	1.2015584	0.2299972	1.0	False	blood	early	nucleotide_transformer
3686	0.5299244	0.74283767	0.21291327	1.2013328	0.23008446	1.0	False	blood	early	nucleotide_transformer
503	0.52954656	0.7423185	0.21277197	1.2013111	0.23009293	1.0	False	blood	early	nucleotide_transformer
190	0.529583	0.74263895	0.213056	1.2008147	0.23028527	1.0	False	blood	early	nucleotide_transformer
3212	0.52950585	0.74253654	0.21303067	1.2008034	0.23028965	1.0	False	blood	early	nucleotide_transformer
131	0.5293944	0.74241287	0.2130185	1.2007421	0.23031339	1.0	False	blood	early	nucleotide_transformer
872	0.5293719	0.74239427	0.21302235	1.2007183	0.23032257	1.0	False	blood	early	nucleotide_transformer
2518	1.0036422	1.1856841	0.18204187	1.1821593	0.23763022	1.0	False	blood	early	nucleotide_transformer
2080	-0.59047043	0.742252	1.3327224	-1.1731002	0.24103095	1.0	False	blood	early	nucleotide_transformer
2659	-0.59007233	0.7419564	1.3320287	-1.172815	0.24114531	1.0	False	blood	early	nucleotide_transformer
1533	-0.59014344	0.74207056	1.332214	-1.1727811	0.24115883	1.0	False	blood	early	nucleotide_transformer
1394	-0.5900846	0.7422417	1.3323263	-1.1724423	0.24129468	1.0	False	blood	early	nucleotide_transformer
4349	-0.5900937	0.7423485	1.3324422	-1.17231	0.24134791	1.0	False	blood	early	nucleotide_transformer
4334	0.86505985	1.9831221	1.1180623	1.1724768	0.24141337	1.0	False	blood	early	nucleotide_transformer
3423	-0.5896619	0.7423181	1.33198	-1.1715995	0.24163309	1.0	False	blood	early	nucleotide_transformer
3541	-0.5896943	0.74241525	1.3321096	-1.1715217	0.24166432	1.0	False	blood	early	nucleotide_transformer
937	-0.58954346	0.74241257	1.331956	-1.1712625	0.24176843	1.0	False	blood	early	nucleotide_transformer
3174	-0.58965564	0.7428576	1.3325132	-1.1708425	0.2419372	1.0	False	blood	early	nucleotide_transformer
3800	-0.5894373	0.74299544	1.3324327	-1.1702728	0.2421662	1.0	False	blood	early	nucleotide_transformer
4581	-0.5892393	0.7427555	1.3319948	-1.1702583	0.24217209	1.0	False	blood	early	nucleotide_transformer
1331	-0.58914375	0.74281573	1.3319595	-1.170008	0.24227294	1.0	False	blood	early	nucleotide_transformer
3029	-0.5893897	0.7431364	1.3325261	-1.1699953	0.242278	1.0	False	blood	early	nucleotide_transformer
4257	-0.58928585	0.7431096	1.3323954	-1.1698498	0.24233656	1.0	False	blood	early	nucleotide_transformer
2139	-0.58927846	0.7431207	1.3323991	-1.1698223	0.2423476	1.0	False	blood	early	nucleotide_transformer
4309	-0.5889293	0.74273574	1.331665	-1.1697468	0.24237797	1.0	False	blood	early	nucleotide_transformer
2709	-0.58886003	0.74274695	1.331607	-1.1696105	0.24243286	1.0	False	blood	early	nucleotide_transformer
270	0.860705	1.0265079	0.16580282	1.1700842	0.24244931	1.0	False	blood	early	nucleotide_transformer
4750	0.8289795	167.1868	166.35782	1.1699177	0.2424546	1.0	False	blood	early	nucleotide_transformer
3364	0.7435814	1.489259	0.7456776	1.1672949	0.24350755	1.0	False	blood	early	nucleotide_transformer
232	0.7431808	1.4887615	0.74558073	1.1670355	0.24361216	1.0	False	blood	early	nucleotide_transformer
3875	0.7432047	1.4888219	0.74561715	1.1670249	0.24361637	1.0	False	blood	early	nucleotide_transformer
2861	0.7429755	1.4887224	0.74574697	1.1667157	0.24374112	1.0	False	blood	early	nucleotide_transformer
4063	0.7425122	1.4880396	0.7455274	1.1665092	0.24382456	1.0	False	blood	early	nucleotide_transformer
1426	0.74230754	1.4877431	0.7454356	1.1664106	0.24386433	1.0	False	blood	early	nucleotide_transformer
733	0.7411791	1.4869138	0.7457347	1.165177	0.24436271	1.0	False	blood	early	nucleotide_transformer
4538	0.8056975	0.97159445	0.16589694	1.1559843	0.24816322	1.0	False	blood	early	nucleotide_transformer
2414	-0.66153395	0.9901581	1.651692	-1.1503192	0.2502935	1.0	False	blood	early	nucleotide_transformer
1733	-0.66172725	0.9904937	1.652221	-1.1502715	0.25031307	1.0	False	blood	early	nucleotide_transformer
732	-0.6609691	0.9907622	1.6517313	-1.1488116	0.25091457	1.0	False	blood	early	nucleotide_transformer
2066	-0.7336271	1.2384136	1.9720407	-1.1483842	0.2510969	1.0	False	blood	early	nucleotide_transformer
1847	-0.66053253	0.991273	1.6518055	-1.1476027	0.25141346	1.0	False	blood	early	nucleotide_transformer
4121	-0.66000324	0.99135154	1.6513548	-1.1466974	0.25178742	1.0	False	blood	early	nucleotide_transformer
583	-0.6600065	0.9913956	1.6514021	-1.1466571	0.25180405	1.0	False	blood	early	nucleotide_transformer
4285	-0.6595774	0.99259657	1.652174	-1.1447514	0.2525927	1.0	False	blood	early	nucleotide_transformer
2363	0.6552121	1.2409488	0.5857367	1.1290014	0.25930673	1.0	False	blood	early	nucleotide_transformer
4921	0.65496397	1.2409395	0.5859755	1.1285367	0.2595026	1.0	False	blood	early	nucleotide_transformer
607	0.65467227	1.2406626	0.5859903	1.1282583	0.25962	1.0	False	blood	early	nucleotide_transformer
4568	0.65449613	1.2406017	0.5861055	1.1279827	0.2597362	1.0	False	blood	early	nucleotide_transformer
2382	0.6539043	1.2394924	0.5855881	1.1279701	0.25974157	1.0	False	blood	early	nucleotide_transformer
2422	0.6539792	1.2398942	0.58591497	1.1277063	0.25985292	1.0	False	blood	early	nucleotide_transformer
301	0.65312666	1.238699	0.5855723	1.1272933	0.26002717	1.0	False	blood	early	nucleotide_transformer
5066	0.6537298	1.2399887	0.5862589	1.1271374	0.26009306	1.0	False	blood	early	nucleotide_transformer
2121	0.65307957	1.2387792	0.5856996	1.1271231	0.26009908	1.0	False	blood	early	nucleotide_transformer
1532	0.6528394	1.2384813	0.58564186	1.1269631	0.26016665	1.0	False	blood	early	nucleotide_transformer
246	0.652824	1.2387675	0.5859435	1.1266477	0.26029992	1.0	False	blood	early	nucleotide_transformer
1926	0.65245926	1.2382305	0.5857712	1.1264899	0.2603666	1.0	False	blood	early	nucleotide_transformer
234	0.6524499	1.2382828	0.5858329	1.1264204	0.26039594	1.0	False	blood	early	nucleotide_transformer
4311	-0.4652142	0.49481803	0.9600322	-1.1182877	0.26369855	1.0	False	blood	early	nucleotide_transformer
414	-0.46482363	0.49452302	0.95934665	-1.1180542	0.2637982	1.0	False	blood	early	nucleotide_transformer
2874	-0.4647629	0.49465802	0.9594209	-1.1176678	0.2639632	1.0	False	blood	early	nucleotide_transformer
2107	-0.4643508	0.49463043	0.9589812	-1.1168717	0.26430342	1.0	False	blood	early	nucleotide_transformer
2365	-0.46459156	0.49496007	0.95955163	-1.1167293	0.26436433	1.0	False	blood	early	nucleotide_transformer
4397	-0.46431735	0.4947506	0.95906794	-1.1165693	0.26443282	1.0	False	blood	early	nucleotide_transformer
2367	-0.46410927	0.49456128	0.95867056	-1.116506	0.26445988	1.0	False	blood	early	nucleotide_transformer
2478	-0.46450832	0.49503383	0.95954216	-1.1164148	0.2644989	1.0	False	blood	early	nucleotide_transformer
38	-0.46427	0.49478054	0.95905054	-1.1164135	0.2644994	1.0	False	blood	early	nucleotide_transformer
5008	-0.46429485	0.4948312	0.95912606	-1.1163664	0.26451954	1.0	False	blood	early	nucleotide_transformer
1753	-0.46411702	0.4946547	0.9587717	-1.1163452	0.2645286	1.0	False	blood	early	nucleotide_transformer
2966	-0.46410763	0.49466443	0.95877206	-1.1163068	0.264545	1.0	False	blood	early	nucleotide_transformer
3975	-0.46417922	0.49483377	0.959013	-1.1161246	0.26462302	1.0	False	blood	early	nucleotide_transformer
906	-0.46424213	0.4950768	0.95931894	-1.1157829	0.26476926	1.0	False	blood	early	nucleotide_transformer
4714	-0.46429533	0.49524194	0.95953727	-1.1155729	0.26485914	1.0	False	blood	early	nucleotide_transformer
4778	-0.4638979	0.49485424	0.95875216	-1.1155028	0.26488915	1.0	False	blood	early	nucleotide_transformer
3887	-0.33855957	0.2472372	0.5857968	-1.1149842	0.2650848	1.0	False	blood	early	nucleotide_transformer
3647	-0.4638708	0.49512622	0.958997	-1.1149241	0.26513705	1.0	False	blood	early	nucleotide_transformer
1590	-0.46392724	0.4952251	0.95915234	-1.1148477	0.26516977	1.0	False	blood	early	nucleotide_transformer
1010	-0.33840942	0.24722476	0.5856342	-1.1146324	0.26523557	1.0	False	blood	early	nucleotide_transformer
865	-0.4636017	0.494963	0.9585647	-1.114681	0.26524124	1.0	False	blood	early	nucleotide_transformer
1516	-0.46379694	0.4952058	0.95900273	-1.1146171	0.2652686	1.0	False	blood	early	nucleotide_transformer
3296	-0.46359664	0.4950019	0.95859855	-1.1145954	0.26527792	1.0	False	blood	early	nucleotide_transformer
1585	-0.46356675	0.494971	0.95853776	-1.1145933	0.26527888	1.0	False	blood	early	nucleotide_transformer
3619	-0.3383869	0.24724437	0.58563125	-1.1145022	0.26529142	1.0	False	blood	early	nucleotide_transformer
1369	-0.46370792	0.49516606	0.958874	-1.1145098	0.26531455	1.0	False	blood	early	nucleotide_transformer
1228	-0.4635983	0.49505073	0.95864904	-1.1145061	0.26531613	1.0	False	blood	early	nucleotide_transformer
2251	-0.4634249	0.49487266	0.95829755	-1.1144899	0.26532313	1.0	False	blood	early	nucleotide_transformer
1120	-0.33848816	0.24736531	0.58585346	-1.1143302	0.26536503	1.0	False	blood	early	nucleotide_transformer
4722	-0.46366063	0.4952059	0.95886654	-1.1143345	0.2653899	1.0	False	blood	early	nucleotide_transformer
89	-0.46380925	0.4953727	0.95918196	-1.1143192	0.26539633	1.0	False	blood	early	nucleotide_transformer
3517	-0.4635154	0.49506205	0.95857745	-1.1143129	0.26539907	1.0	False	blood	early	nucleotide_transformer
4011	-0.46368593	0.49525142	0.95893735	-1.1143001	0.26540455	1.0	False	blood	early	nucleotide_transformer
4053	-0.33832532	0.24727856	0.5856039	-1.1142126	0.2654155	1.0	False	blood	early	nucleotide_transformer
1189	-0.4636539	0.49524906	0.95890296	-1.1142384	0.265431	1.0	False	blood	early	nucleotide_transformer
1547	-0.46355817	0.49517336	0.95873153	-1.1141856	0.26545367	1.0	False	blood	early	nucleotide_transformer
3978	-0.4635971	0.49521694	0.958814	-1.1141813	0.2654555	1.0	False	blood	early	nucleotide_transformer
3693	-0.46366122	0.49535486	0.9590161	-1.1140496	0.265512	1.0	False	blood	early	nucleotide_transformer
3484	-0.46361622	0.4953328	0.958949	-1.1139977	0.26553425	1.0	False	blood	early	nucleotide_transformer
3629	-0.33839732	0.2474103	0.5858076	-1.1139259	0.26553863	1.0	False	blood	early	nucleotide_transformer
1463	-0.46353	0.49525124	0.95878124	-1.1139766	0.26554328	1.0	False	blood	early	nucleotide_transformer
5093	-0.4635149	0.49525294	0.95876783	-1.1139436	0.26555744	1.0	False	blood	early	nucleotide_transformer
2636	-0.33836347	0.24741225	0.58577573	-1.1138287	0.26558033	1.0	False	blood	early	nucleotide_transformer
1632	-0.463385	0.4951955	0.9585805	-1.1137857	0.26562512	1.0	False	blood	early	nucleotide_transformer
201	-0.46346322	0.49532416	0.9587874	-1.1136985	0.2656626	1.0	False	blood	early	nucleotide_transformer
71	-0.46343303	0.49531877	0.9587518	-1.1136477	0.2656844	1.0	False	blood	early	nucleotide_transformer
3148	-0.4632576	0.49538237	0.95864	-1.1131625	0.26589268	1.0	False	blood	early	nucleotide_transformer
2843	-0.3379292	0.24737798	0.5853072	-1.1128027	0.26602075	1.0	False	blood	early	nucleotide_transformer
1785	-0.33811432	0.24754311	0.5856574	-1.1126949	0.26606703	1.0	False	blood	early	nucleotide_transformer
511	-0.33759677	0.24722792	0.5848247	-1.1124624	0.266167	1.0	False	blood	early	nucleotide_transformer
509	-0.4631583	0.4956193	0.9587776	-1.1125013	0.26617667	1.0	False	blood	early	nucleotide_transformer
3173	-0.46313664	0.49562845	0.9587651	-1.1124388	0.26620352	1.0	False	blood	early	nucleotide_transformer
4494	-0.33758888	0.24731746	0.58490634	-1.1121172	0.2663153	1.0	False	blood	early	nucleotide_transformer
637	-0.3381449	0.24775289	0.5858978	-1.1120166	0.26635858	1.0	False	blood	early	nucleotide_transformer
4301	-0.33785033	0.24765939	0.5855097	-1.1115739	0.26654896	1.0	False	blood	early	nucleotide_transformer
1320	-0.33783492	0.24777916	0.5856141	-1.1110986	0.2667534	1.0	False	blood	early	nucleotide_transformer
4049	0.8119588	1.9832726	1.1713138	1.0976228	0.27275133	1.0	False	blood	early	nucleotide_transformer
2796	0.5653738	0.9911893	0.42581555	1.0944256	0.27417338	1.0	False	blood	early	nucleotide_transformer
4675	0.56489444	0.9903628	0.4254684	1.0944079	0.27418122	1.0	False	blood	early	nucleotide_transformer
347	0.56493783	0.990563	0.42562512	1.0942572	0.27424714	1.0	False	blood	early	nucleotide_transformer
1870	0.5650364	0.99080324	0.42576683	1.0941737	0.27428377	1.0	False	blood	early	nucleotide_transformer
4786	0.56474537	0.9904513	0.4257059	1.0939788	0.27436918	1.0	False	blood	early	nucleotide_transformer
3943	0.5647898	0.99073184	0.4259421	1.0937313	0.27447757	1.0	False	blood	early	nucleotide_transformer
2553	0.56457144	0.99034977	0.42577833	1.0937284	0.2744789	1.0	False	blood	early	nucleotide_transformer
4818	0.56458074	0.99041694	0.4258362	1.0936656	0.27450642	1.0	False	blood	early	nucleotide_transformer
3191	0.5642816	0.9899314	0.42564985	1.0936241	0.2745246	1.0	False	blood	early	nucleotide_transformer
4263	0.5644349	0.9902161	0.4257812	1.0935986	0.27453575	1.0	False	blood	early	nucleotide_transformer
2287	0.5644258	0.9902382	0.42581236	1.0935521	0.2745561	1.0	False	blood	early	nucleotide_transformer
2003	0.5651035	0.9914669	0.4263634	1.0935016	0.2745783	1.0	False	blood	early	nucleotide_transformer
105	0.5647826	0.9912366	0.42645404	1.0930902	0.27475864	1.0	False	blood	early	nucleotide_transformer
1233	0.5638089	0.98960775	0.42579883	1.0930028	0.27479696	1.0	False	blood	early	nucleotide_transformer
2508	0.5635862	0.9894014	0.42581522	1.0927749	0.27489692	1.0	False	blood	early	nucleotide_transformer
999	0.38961625	0.49603117	0.10641493	1.0870656	0.27744633	1.0	False	blood	early	nucleotide_transformer
2240	0.38917395	0.49548674	0.106312774	1.0870152	0.2774686	1.0	False	blood	early	nucleotide_transformer
2615	0.38950416	0.4959565	0.10645234	1.086893	0.27752256	1.0	False	blood	early	nucleotide_transformer
1846	0.38948452	0.4959452	0.106460676	1.086858	0.27753794	1.0	False	blood	early	nucleotide_transformer
2258	0.38920528	0.4956127	0.106407434	1.0867945	0.27756605	1.0	False	blood	early	nucleotide_transformer
1962	0.38797158	0.49451572	0.106544144	1.085588	0.27809906	1.0	False	blood	early	nucleotide_transformer
677	0.6880798	1.4866089	0.7985291	1.0782344	0.28131267	1.0	False	blood	early	nucleotide_transformer
3125	0.68826884	1.4871773	0.7989084	1.0781113	0.28136766	1.0	False	blood	early	nucleotide_transformer
1370	0.68724805	1.4855429	0.79829484	1.0776632	0.2815674	1.0	False	blood	early	nucleotide_transformer
4751	0.6875527	1.4863828	0.79883015	1.0775124	0.2816347	1.0	False	blood	early	nucleotide_transformer
2645	-0.5371074	0.7420754	1.2791828	-1.0732473	0.2834204	1.0	False	blood	early	nucleotide_transformer
4287	0.47684318	0.74275076	0.2659076	1.0734218	0.28349116	1.0	False	blood	early	nucleotide_transformer
1293	0.47670755	0.74275076	0.26604322	1.0730772	0.28364554	1.0	False	blood	early	nucleotide_transformer
2688	0.4767712	0.742886	0.2661148	1.0730153	0.28367332	1.0	False	blood	early	nucleotide_transformer
745	0.47637695	0.74232507	0.26594812	1.0729306	0.28371137	1.0	False	blood	early	nucleotide_transformer
834	0.4768664	0.74309903	0.26623264	1.0729111	0.28372005	1.0	False	blood	early	nucleotide_transformer
438	0.47688565	0.74313384	0.2662482	1.0729034	0.28372353	1.0	False	blood	early	nucleotide_transformer
3058	0.47632375	0.7422673	0.26594356	1.0728892	0.28372982	1.0	False	blood	early	nucleotide_transformer
3891	0.47679684	0.7430323	0.26623544	1.0728428	0.28375062	1.0	False	blood	early	nucleotide_transformer
4070	0.47613695	0.7420697	0.26593277	1.0727355	0.28379864	1.0	False	blood	early	nucleotide_transformer
1240	0.47615778	0.7422242	0.26606643	1.0725375	0.28388742	1.0	False	blood	early	nucleotide_transformer
2586	-0.5366632	0.7423005	1.2789637	-1.0721718	0.2839031	1.0	False	blood	early	nucleotide_transformer
2375	-0.53650343	0.7421597	1.2786632	-1.0720687	0.28394932	1.0	False	blood	early	nucleotide_transformer
3871	0.47612068	0.7422521	0.26613143	1.0723978	0.28395006	1.0	False	blood	early	nucleotide_transformer
158	0.4759429	0.7420246	0.2660817	1.0723162	0.28398675	1.0	False	blood	early	nucleotide_transformer
4	-0.53662866	0.74241	1.2790387	-1.0719708	0.2839933	1.0	False	blood	early	nucleotide_transformer
1318	0.47612032	0.74234056	0.26622024	1.0722531	0.284015	1.0	False	blood	early	nucleotide_transformer
2635	-0.5364938	0.74250317	1.278997	-1.071612	0.28415436	1.0	False	blood	early	nucleotide_transformer
4369	-0.5366023	0.74276215	1.2793645	-1.0714731	0.2842168	1.0	False	blood	early	nucleotide_transformer
3333	-0.5364944	0.7426511	1.2791455	-1.0714241	0.2842388	1.0	False	blood	early	nucleotide_transformer
1826	-0.5364012	0.74260885	1.27901	-1.0713137	0.28428832	1.0	False	blood	early	nucleotide_transformer
5041	-0.53641516	0.7427146	1.2791297	-1.071204	0.28433776	1.0	False	blood	early	nucleotide_transformer
2768	-0.5365457	0.74294263	1.2794883	-1.0711428	0.28436524	1.0	False	blood	early	nucleotide_transformer
4720	-0.536259	0.7425708	1.2788298	-1.0711098	0.28438002	1.0	False	blood	early	nucleotide_transformer
3010	-0.5363044	0.74265283	1.2789572	-1.0710852	0.28439116	1.0	False	blood	early	nucleotide_transformer
1042	-0.5362058	0.7425707	1.2787765	-1.0710157	0.28442246	1.0	False	blood	early	nucleotide_transformer
2909	-0.5361713	0.7429111	1.2790824	-1.0705208	0.28464487	1.0	False	blood	early	nucleotide_transformer
3601	-0.53603035	0.7427196	1.27875	-1.0705146	0.28464764	1.0	False	blood	early	nucleotide_transformer
1152	-0.5361565	0.7429063	1.2790627	-1.0704995	0.28465447	1.0	False	blood	early	nucleotide_transformer
3583	-0.5360364	0.7427788	1.2788152	-1.0704495	0.28467685	1.0	False	blood	early	nucleotide_transformer
1584	-0.5360739	0.74284923	1.2789232	-1.0704271	0.284687	1.0	False	blood	early	nucleotide_transformer
3086	-0.5360608	0.7429875	1.2790483	-1.0702255	0.28477773	1.0	False	blood	early	nucleotide_transformer
4305	-0.53604376	0.7431444	1.2791882	-1.0699961	0.2848809	1.0	False	blood	early	nucleotide_transformer
2425	-0.5361061	0.74323356	1.2793397	-1.0699931	0.28488225	1.0	False	blood	early	nucleotide_transformer
1810	-0.5358228	0.7428804	1.2787032	-1.069942	0.28490523	1.0	False	blood	early	nucleotide_transformer
1762	-0.53567606	0.74269277	1.2783688	-1.0699209	0.28491482	1.0	False	blood	early	nucleotide_transformer
2260	-0.53572595	0.7427702	1.2784961	-1.0699108	0.28491938	1.0	False	blood	early	nucleotide_transformer
3390	-0.5355434	0.74292773	1.2784711	-1.0693855	0.28515574	1.0	False	blood	early	nucleotide_transformer
4233	-0.6803839	1.2382255	1.9186094	-1.0687956	0.2854346	1.0	False	blood	early	nucleotide_transformer
3531	-0.6087769	0.9902605	1.5990374	-1.0628542	0.28811422	1.0	False	blood	early	nucleotide_transformer
2819	-0.60866505	0.9901375	1.5988026	-1.0627977	0.28813982	1.0	False	blood	early	nucleotide_transformer
122	-0.6086321	0.9901004	1.5987325	-1.0627815	0.2881472	1.0	False	blood	early	nucleotide_transformer
4756	-0.6087113	0.99036735	1.5990787	-1.0626477	0.2882079	1.0	False	blood	early	nucleotide_transformer
990	-0.6085337	0.99013907	1.5986727	-1.0625889	0.28823453	1.0	False	blood	early	nucleotide_transformer
1818	-0.6081546	0.9902802	1.5984348	-1.061854	0.288568	1.0	False	blood	early	nucleotide_transformer
3814	-0.6079683	0.9905494	1.5985177	-1.0613009	0.28881913	1.0	False	blood	early	nucleotide_transformer
4758	-0.60780877	0.9909956	1.5988044	-1.0606194	0.2891288	1.0	False	blood	early	nucleotide_transformer
1710	-0.60725147	0.99065393	1.5979054	-1.0600721	0.28937763	1.0	False	blood	early	nucleotide_transformer
123	-0.6073605	0.9911915	1.598552	-1.0597218	0.28953698	1.0	False	blood	early	nucleotide_transformer
3232	-0.60673875	0.9911806	1.5979193	-1.0587529	0.28997797	1.0	False	blood	early	nucleotide_transformer
4890	-0.60665184	0.9914126	1.5980644	-1.0583936	0.29014164	1.0	False	blood	early	nucleotide_transformer
2321	1.0516968	158.49408	157.44238	1.0585326	0.2901625	1.0	False	blood	early	nucleotide_transformer
5042	-0.60644966	0.9913718	1.5978215	-1.0581142	0.29026893	1.0	False	blood	early	nucleotide_transformer
3790	-0.6062422	0.9914675	1.5977097	-1.0576957	0.2904596	1.0	False	blood	early	nucleotide_transformer
4272	-0.60611963	0.99127746	1.5973971	-1.0576845	0.29046476	1.0	False	blood	early	nucleotide_transformer
4780	0.7230116	1.7343059	1.0112942	1.0453037	0.29624888	1.0	False	blood	early	nucleotide_transformer
3899	0.7187799	1.7317501	1.0129702	1.0403548	0.29853925	1.0	False	blood	early	nucleotide_transformer
793	0.6018165	1.2414299	0.63961345	1.0322322	0.30233458	1.0	False	blood	early	nucleotide_transformer
3799	0.60006464	1.2387464	0.63868177	1.0313869	0.30273032	1.0	False	blood	early	nucleotide_transformer
1352	0.6000479	1.2388322	0.63878435	1.0312779	0.30278137	1.0	False	blood	early	nucleotide_transformer
2256	0.6000185	1.2387744	0.6387559	1.0312752	0.30278262	1.0	False	blood	early	nucleotide_transformer
1955	0.5994084	1.2382847	0.6388763	1.0305715	0.30311236	1.0	False	blood	early	nucleotide_transformer
1482	0.59928066	1.2381618	0.63888115	1.0304466	0.30317092	1.0	False	blood	early	nucleotide_transformer
4513	0.5991667	1.2379857	0.63881904	1.0303918	0.30319667	1.0	False	blood	early	nucleotide_transformer
2381	0.5990531	1.2377517	0.63869864	1.03039	0.30319744	1.0	False	blood	early	nucleotide_transformer
3925	-0.053383965	0.0	0.053383965	-1.0000516	0.31738034	1.0	False	blood	early	nucleotide_transformer
3778	-0.053402953	0.0	0.053402953	-1.0000515	0.31738043	1.0	False	blood	early	nucleotide_transformer
471	-0.053384762	0.0	0.053384762	-1.0000515	0.31738043	1.0	False	blood	early	nucleotide_transformer
4524	-0.053366713	0.0	0.053366713	-1.0000514	0.3173805	1.0	False	blood	early	nucleotide_transformer
2610	-0.053338215	0.0	0.053338215	-1.0000514	0.3173805	1.0	False	blood	early	nucleotide_transformer
2596	-0.053324275	0.0	0.053324275	-1.0000513	0.31738055	1.0	False	blood	early	nucleotide_transformer
2039	-0.05331675	0.0	0.05331675	-1.0000513	0.31738055	1.0	False	blood	early	nucleotide_transformer
2595	-0.05335171	0.0	0.05335171	-1.0000513	0.31738055	1.0	False	blood	early	nucleotide_transformer
1023	-0.053323153	0.0	0.053323153	-1.0000513	0.31738055	1.0	False	blood	early	nucleotide_transformer
1134	-0.053278793	0.0	0.053278793	-1.0000511	0.31738058	1.0	False	blood	early	nucleotide_transformer
2792	-0.05331706	0.0	0.05331706	-1.0000511	0.31738058	1.0	False	blood	early	nucleotide_transformer
1890	-0.053292714	0.0	0.053292714	-1.0000511	0.31738058	1.0	False	blood	early	nucleotide_transformer
2374	-0.053293865	0.0	0.053293865	-1.0000511	0.31738058	1.0	False	blood	early	nucleotide_transformer
1656	-0.05330449	0.0	0.05330449	-1.0000511	0.31738058	1.0	False	blood	early	nucleotide_transformer
1247	-0.053284753	0.0	0.053284753	-1.0000511	0.31738058	1.0	False	blood	early	nucleotide_transformer
1868	-0.053284444	0.0	0.053284444	-1.000051	0.31738064	1.0	False	blood	early	nucleotide_transformer
903	-0.053264022	0.0	0.053264022	-1.000051	0.31738064	1.0	False	blood	early	nucleotide_transformer
492	-0.053268064	0.0	0.053268064	-1.000051	0.31738064	1.0	False	blood	early	nucleotide_transformer
1751	-0.05325407	0.0	0.05325407	-1.000051	0.31738064	1.0	False	blood	early	nucleotide_transformer
2128	-0.053304583	0.0	0.053304583	-1.000051	0.31738064	1.0	False	blood	early	nucleotide_transformer
1933	-0.05327431	0.0	0.05327431	-1.000051	0.31738064	1.0	False	blood	early	nucleotide_transformer
26	-0.05325453	0.0	0.05325453	-1.000051	0.31738064	1.0	False	blood	early	nucleotide_transformer
3498	-0.053272914	0.0	0.053272914	-1.000051	0.31738064	1.0	False	blood	early	nucleotide_transformer
294	-0.05327911	0.0	0.05327911	-1.000051	0.31738064	1.0	False	blood	early	nucleotide_transformer
3502	-0.053287916	0.0	0.053287916	-1.000051	0.31738064	1.0	False	blood	early	nucleotide_transformer
319	-0.053268876	0.0	0.053268876	-1.000051	0.31738064	1.0	False	blood	early	nucleotide_transformer
1953	-0.05327121	0.0	0.05327121	-1.000051	0.31738064	1.0	False	blood	early	nucleotide_transformer
1350	-0.053246453	0.0	0.053246453	-1.0000509	0.3173807	1.0	False	blood	early	nucleotide_transformer
1030	-0.053254165	0.0	0.053254165	-1.0000509	0.3173807	1.0	False	blood	early	nucleotide_transformer
656	-0.053252008	0.0	0.053252008	-1.0000509	0.3173807	1.0	False	blood	early	nucleotide_transformer
2447	-0.05325279	0.0	0.05325279	-1.0000509	0.3173807	1.0	False	blood	early	nucleotide_transformer
4189	-0.053232856	0.0	0.053232856	-1.0000509	0.3173807	1.0	False	blood	early	nucleotide_transformer
1991	-0.053231947	0.0	0.053231947	-1.0000509	0.3173807	1.0	False	blood	early	nucleotide_transformer
3758	-0.053246226	0.0	0.053246226	-1.0000509	0.3173807	1.0	False	blood	early	nucleotide_transformer
2028	-0.05320306	0.0	0.05320306	-1.0000508	0.3173808	1.0	False	blood	early	nucleotide_transformer
1576	-0.053220417	0.0	0.053220417	-1.0000508	0.3173808	1.0	False	blood	early	nucleotide_transformer
3951	-0.053200033	0.0	0.053200033	-1.0000508	0.3173808	1.0	False	blood	early	nucleotide_transformer
4387	-0.053212065	0.0	0.053212065	-1.0000508	0.3173808	1.0	False	blood	early	nucleotide_transformer
4569	-0.053216074	0.0	0.053216074	-1.0000508	0.3173808	1.0	False	blood	early	nucleotide_transformer
4226	-0.05321729	0.0	0.05321729	-1.0000508	0.3173808	1.0	False	blood	early	nucleotide_transformer
595	-0.053219847	0.0	0.053219847	-1.0000508	0.3173808	1.0	False	blood	early	nucleotide_transformer
1731	-0.05322235	0.0	0.05322235	-1.0000508	0.3173808	1.0	False	blood	early	nucleotide_transformer
98	-0.053217977	0.0	0.053217977	-1.0000508	0.3173808	1.0	False	blood	early	nucleotide_transformer
128	-0.05321379	0.0	0.05321379	-1.0000508	0.3173808	1.0	False	blood	early	nucleotide_transformer
2455	-0.053204793	0.0	0.053204793	-1.0000508	0.3173808	1.0	False	blood	early	nucleotide_transformer
4532	-0.053223606	0.0	0.053223606	-1.0000508	0.3173808	1.0	False	blood	early	nucleotide_transformer
3356	-0.053173892	0.0	0.053173892	-1.0000505	0.31738085	1.0	False	blood	early	nucleotide_transformer
589	-0.053191982	0.0	0.053191982	-1.0000507	0.31738085	1.0	False	blood	early	nucleotide_transformer
1949	-0.05320625	0.0	0.05320625	-1.0000507	0.31738085	1.0	False	blood	early	nucleotide_transformer
2838	-0.053158056	0.0	0.053158056	-1.0000505	0.31738085	1.0	False	blood	early	nucleotide_transformer
4186	-0.05315534	0.0	0.05315534	-1.0000505	0.31738085	1.0	False	blood	early	nucleotide_transformer
3065	-0.053175285	0.0	0.053175285	-1.0000505	0.31738085	1.0	False	blood	early	nucleotide_transformer
3196	-0.053196505	0.0	0.053196505	-1.0000507	0.31738085	1.0	False	blood	early	nucleotide_transformer
1067	-0.05316434	0.0	0.05316434	-1.0000505	0.31738085	1.0	False	blood	early	nucleotide_transformer
4933	-0.05320161	0.0	0.05320161	-1.0000507	0.31738085	1.0	False	blood	early	nucleotide_transformer
1186	-0.053127658	0.0	0.053127658	-1.0000505	0.31738085	1.0	False	blood	early	nucleotide_transformer
2399	-0.053210497	0.0	0.053210497	-1.0000507	0.31738085	1.0	False	blood	early	nucleotide_transformer
1058	-0.05315973	0.0	0.05315973	-1.0000505	0.31738085	1.0	False	blood	early	nucleotide_transformer
1828	-0.05321461	0.0	0.05321461	-1.0000507	0.31738085	1.0	False	blood	early	nucleotide_transformer
3248	-0.053187516	0.0	0.053187516	-1.0000507	0.31738085	1.0	False	blood	early	nucleotide_transformer
2698	-0.053174235	0.0	0.053174235	-1.0000507	0.31738085	1.0	False	blood	early	nucleotide_transformer
2567	-0.053198986	0.0	0.053198986	-1.0000507	0.31738085	1.0	False	blood	early	nucleotide_transformer
771	-0.053136297	0.0	0.053136297	-1.0000504	0.31738096	1.0	False	blood	early	nucleotide_transformer
4229	-0.053133506	0.0	0.053133506	-1.0000504	0.31738096	1.0	False	blood	early	nucleotide_transformer
5014	-0.05314933	0.0	0.05314933	-1.0000504	0.31738096	1.0	False	blood	early	nucleotide_transformer
2235	-0.053152103	0.0	0.053152103	-1.0000504	0.31738096	1.0	False	blood	early	nucleotide_transformer
5028	-0.053135514	0.0	0.053135514	-1.0000504	0.31738096	1.0	False	blood	early	nucleotide_transformer
2411	-0.053113636	0.0	0.053113636	-1.0000503	0.317381	1.0	False	blood	early	nucleotide_transformer
166	-0.053112697	0.0	0.053112697	-1.0000503	0.317381	1.0	False	blood	early	nucleotide_transformer
4405	-0.05317048	0.0	0.05317048	-1.0000345	0.31738865	1.0	False	blood	early	nucleotide_transformer
2588	-0.05318544	0.0	0.05318544	-1.0000345	0.31738865	1.0	False	blood	early	nucleotide_transformer
3812	-0.053170715	0.0	0.053170715	-1.0000345	0.31738865	1.0	False	blood	early	nucleotide_transformer
3966	-0.053212382	0.0	0.053212382	-1.0000345	0.31738865	1.0	False	blood	early	nucleotide_transformer
1201	-0.05315757	0.0	0.05315757	-1.0000343	0.3173887	1.0	False	blood	early	nucleotide_transformer
3246	-0.053205866	0.0	0.053205866	-1.0000343	0.3173887	1.0	False	blood	early	nucleotide_transformer
2074	-0.053144064	0.0	0.053144064	-1.0000343	0.3173887	1.0	False	blood	early	nucleotide_transformer
1511	-0.0531762	0.0	0.0531762	-1.0000343	0.3173887	1.0	False	blood	early	nucleotide_transformer
1517	-0.053188834	0.0	0.053188834	-1.0000343	0.3173887	1.0	False	blood	early	nucleotide_transformer
1718	-0.05314668	0.0	0.05314668	-1.0000343	0.3173887	1.0	False	blood	early	nucleotide_transformer
3675	-0.053147618	0.0	0.053147618	-1.0000343	0.3173887	1.0	False	blood	early	nucleotide_transformer
1618	-0.053193286	0.0	0.053193286	-1.0000343	0.3173887	1.0	False	blood	early	nucleotide_transformer
4646	-0.05318736	0.0	0.05318736	-1.0000343	0.3173887	1.0	False	blood	early	nucleotide_transformer
4230	-0.053169865	0.0	0.053169865	-1.0000343	0.3173887	1.0	False	blood	early	nucleotide_transformer
3774	-0.05315124	0.0	0.05315124	-1.0000343	0.3173887	1.0	False	blood	early	nucleotide_transformer
4730	-0.053177927	0.0	0.053177927	-1.0000343	0.3173887	1.0	False	blood	early	nucleotide_transformer
816	-0.053189266	0.0	0.053189266	-1.0000343	0.3173887	1.0	False	blood	early	nucleotide_transformer
4688	-0.05319007	0.0	0.05319007	-1.0000343	0.3173887	1.0	False	blood	early	nucleotide_transformer
4073	-0.053189762	0.0	0.053189762	-1.0000343	0.3173887	1.0	False	blood	early	nucleotide_transformer
2594	-0.05317823	0.0	0.05317823	-1.0000343	0.3173887	1.0	False	blood	early	nucleotide_transformer
1046	-0.053161718	0.0	0.053161718	-1.0000343	0.3173887	1.0	False	blood	early	nucleotide_transformer
1326	-0.053178154	0.0	0.053178154	-1.0000343	0.3173887	1.0	False	blood	early	nucleotide_transformer
2548	-0.053183805	0.0	0.053183805	-1.0000343	0.3173887	1.0	False	blood	early	nucleotide_transformer
2146	-0.053166736	0.0	0.053166736	-1.0000342	0.31738877	1.0	False	blood	early	nucleotide_transformer
4664	-0.053151242	0.0	0.053151242	-1.0000342	0.31738877	1.0	False	blood	early	nucleotide_transformer
2670	-0.053199958	0.0	0.053199958	-1.0000341	0.31738877	1.0	False	blood	early	nucleotide_transformer
2145	-0.05312855	0.0	0.05312855	-1.0000342	0.31738877	1.0	False	blood	early	nucleotide_transformer
2171	-0.053166628	0.0	0.053166628	-1.0000342	0.31738877	1.0	False	blood	early	nucleotide_transformer
4698	-0.053215712	0.0	0.053215712	-1.0000342	0.31738877	1.0	False	blood	early	nucleotide_transformer
3836	-0.053122148	0.0	0.053122148	-1.0000341	0.31738877	1.0	False	blood	early	nucleotide_transformer
4201	-0.0531385	0.0	0.0531385	-1.0000341	0.31738877	1.0	False	blood	early	nucleotide_transformer
2834	-0.053200293	0.0	0.053200293	-1.0000341	0.31738877	1.0	False	blood	early	nucleotide_transformer
3139	-0.053185202	0.0	0.053185202	-1.0000341	0.31738877	1.0	False	blood	early	nucleotide_transformer
1467	-0.05313331	0.0	0.05313331	-1.0000342	0.31738877	1.0	False	blood	early	nucleotide_transformer
3676	-0.0531507	0.0	0.0531507	-1.0000342	0.31738877	1.0	False	blood	early	nucleotide_transformer
3575	-0.053131934	0.0	0.053131934	-1.0000342	0.31738877	1.0	False	blood	early	nucleotide_transformer
3114	-0.053129006	0.0	0.053129006	-1.0000342	0.31738877	1.0	False	blood	early	nucleotide_transformer
3345	-0.05319782	0.0	0.05319782	-1.0000341	0.31738877	1.0	False	blood	early	nucleotide_transformer
4989	-0.05315702	0.0	0.05315702	-1.0000342	0.31738877	1.0	False	blood	early	nucleotide_transformer
3918	-0.05313485	0.0	0.05313485	-1.0000342	0.31738877	1.0	False	blood	early	nucleotide_transformer
359	-0.053197213	0.0	0.053197213	-1.0000341	0.31738877	1.0	False	blood	early	nucleotide_transformer
4299	-0.053119753	0.0	0.053119753	-1.0000342	0.31738877	1.0	False	blood	early	nucleotide_transformer
958	-0.053121068	0.0	0.053121068	-1.0000342	0.31738877	1.0	False	blood	early	nucleotide_transformer
3199	-0.05313326	0.0	0.05313326	-1.0000342	0.31738877	1.0	False	blood	early	nucleotide_transformer
109	-0.053168915	0.0	0.053168915	-1.0000342	0.31738877	1.0	False	blood	early	nucleotide_transformer
170	-0.053164165	0.0	0.053164165	-1.0000342	0.31738877	1.0	False	blood	early	nucleotide_transformer
1802	-0.053165957	0.0	0.053165957	-1.0000342	0.31738877	1.0	False	blood	early	nucleotide_transformer
3445	-0.053158376	0.0	0.053158376	-1.0000342	0.31738877	1.0	False	blood	early	nucleotide_transformer
3434	-0.053122215	0.0	0.053122215	-1.0000341	0.31738877	1.0	False	blood	early	nucleotide_transformer
4373	-0.053137407	0.0	0.053137407	-1.0000342	0.31738877	1.0	False	blood	early	nucleotide_transformer
1353	-0.053211555	0.0	0.053211555	-1.000034	0.3173889	1.0	False	blood	early	nucleotide_transformer
1451	-0.053147025	0.0	0.053147025	-1.000034	0.3173889	1.0	False	blood	early	nucleotide_transformer
538	-0.053128757	0.0	0.053128757	-1.000034	0.3173889	1.0	False	blood	early	nucleotide_transformer
99	-0.053112004	0.0	0.053112004	-1.0000339	0.31738895	1.0	False	blood	early	nucleotide_transformer
3349	-0.053152945	0.0	0.053152945	-1.000023	0.3173942	1.0	False	blood	early	nucleotide_transformer
3157	-0.053068276	0.0	0.053068276	-1.0000104	0.31740034	1.0	False	blood	early	nucleotide_transformer
4133	-0.05306582	0.0	0.05306582	-1.0000103	0.31740037	1.0	False	blood	early	nucleotide_transformer
3019	0.24803898	0.24803898	0.0	1.0000104	0.3177484	1.0	False	blood	early	nucleotide_transformer
2798	0.2479563	0.2479563	0.0	1.0000101	0.3177485	1.0	False	blood	early	nucleotide_transformer
3780	0.24795783	0.24795783	0.0	1.0000101	0.3177485	1.0	False	blood	early	nucleotide_transformer
4258	0.24790394	0.24790394	0.0	1.0000099	0.31774864	1.0	False	blood	early	nucleotide_transformer
855	0.24792221	0.24792221	0.0	1.0000099	0.31774864	1.0	False	blood	early	nucleotide_transformer
1645	0.24788834	0.24788834	0.0	1.0000098	0.3177487	1.0	False	blood	early	nucleotide_transformer
4616	0.2478739	0.2478739	0.0	1.0000097	0.31774876	1.0	False	blood	early	nucleotide_transformer
4032	0.24786243	0.24786243	0.0	1.0000097	0.31774876	1.0	False	blood	early	nucleotide_transformer
3436	0.24781287	0.24781287	0.0	1.0000094	0.3177489	1.0	False	blood	early	nucleotide_transformer
2805	0.2473908	0.2473908	0.0	1.0000069	0.31775007	1.0	False	blood	early	nucleotide_transformer
465	0.24736637	0.24736637	0.0	1.0000067	0.3177502	1.0	False	blood	early	nucleotide_transformer
674	0.24730963	0.24730963	0.0	1.0000066	0.3177503	1.0	False	blood	early	nucleotide_transformer
4739	0.24729168	0.24729168	0.0	1.0000063	0.31775036	1.0	False	blood	early	nucleotide_transformer
5080	0.24726954	0.24726954	0.0	1.0000062	0.31775042	1.0	False	blood	early	nucleotide_transformer
4068	0.24725607	0.24725607	0.0	1.0000062	0.31775042	1.0	False	blood	early	nucleotide_transformer
3890	0.24726215	0.24726215	0.0	1.0000056	0.31775072	1.0	False	blood	early	nucleotide_transformer
3132	0.24723883	0.24723883	0.0	1.0000027	0.31775215	1.0	False	blood	early	nucleotide_transformer
870	0.24720038	0.24720038	0.0	1.0000027	0.31775215	1.0	False	blood	early	nucleotide_transformer
2784	0.24807845	0.24807845	0.0	0.9999897	0.3177584	1.0	False	blood	early	nucleotide_transformer
2464	0.24807884	0.24807884	0.0	0.9999896	0.31775847	1.0	False	blood	early	nucleotide_transformer
3532	-0.41156644	0.49494278	0.9065092	-0.99732804	0.3188404	1.0	False	blood	early	nucleotide_transformer
2423	-0.41100615	0.4944669	0.90547305	-0.9969813	0.31900874	1.0	False	blood	early	nucleotide_transformer
4295	-0.4109463	0.49448866	0.90543497	-0.99681646	0.31908876	1.0	False	blood	early	nucleotide_transformer
4025	-0.41130856	0.49492672	0.9062353	-0.99681026	0.31909186	1.0	False	blood	early	nucleotide_transformer
2153	-0.41094747	0.49453875	0.9054862	-0.99672985	0.31913093	1.0	False	blood	early	nucleotide_transformer
1082	-0.4105477	0.49471387	0.9052616	-0.9955768	0.319691	1.0	False	blood	early	nucleotide_transformer
962	-0.41049957	0.4946884	0.90518796	-0.9955194	0.3197189	1.0	False	blood	early	nucleotide_transformer
4854	-0.4107115	0.49517688	0.9058884	-0.9951086	0.31991842	1.0	False	blood	early	nucleotide_transformer
4783	-0.4104591	0.49509788	0.905557	-0.99471664	0.3201091	1.0	False	blood	early	nucleotide_transformer
457	-0.4103231	0.49512544	0.90544856	-0.99438053	0.3202726	1.0	False	blood	early	nucleotide_transformer
4006	-0.41037637	0.49520332	0.9055797	-0.9943563	0.32028446	1.0	False	blood	early	nucleotide_transformer
1892	-0.4102822	0.49512678	0.905409	-0.99429166	0.32031572	1.0	False	blood	early	nucleotide_transformer
2613	-0.41027182	0.4951164	0.90538824	-0.99428785	0.3203176	1.0	False	blood	early	nucleotide_transformer
4409	-0.41032967	0.49530575	0.9056354	-0.9940792	0.32041928	1.0	False	blood	early	nucleotide_transformer
4484	-0.40980494	0.4952926	0.90509754	-0.9929913	0.32094905	1.0	False	blood	early	nucleotide_transformer
3033	-0.4101111	0.49567387	0.90578496	-0.99296814	0.32096028	1.0	False	blood	early	nucleotide_transformer
1033	-0.41009513	0.49566105	0.9057562	-0.99295664	0.32096592	1.0	False	blood	early	nucleotide_transformer
1905	-0.40978038	0.49531078	0.90509117	-0.99290717	0.32098997	1.0	False	blood	early	nucleotide_transformer
776	-0.40990826	0.49547502	0.9053833	-0.9928917	0.32099748	1.0	False	blood	early	nucleotide_transformer
1514	-0.4098235	0.4954107	0.9052342	-0.99282396	0.32103056	1.0	False	blood	early	nucleotide_transformer
3003	-0.40983394	0.49546543	0.90529937	-0.99275136	0.3210659	1.0	False	blood	early	nucleotide_transformer
1910	-0.40982872	0.49547386	0.9053026	-0.9927249	0.32107872	1.0	False	blood	early	nucleotide_transformer
2836	-0.40992016	0.49559587	0.905516	-0.99270403	0.3210889	1.0	False	blood	early	nucleotide_transformer
2195	0.63659173	1.4887036	0.8521119	0.9928483	0.32113373	1.0	False	blood	early	nucleotide_transformer
2763	0.63670254	1.4890742	0.8523717	0.9927674	0.32117307	1.0	False	blood	early	nucleotide_transformer
3981	-0.4096115	0.49533215	0.90494365	-0.99251276	0.32118216	1.0	False	blood	early	nucleotide_transformer
1935	-0.40942955	0.4954592	0.90488875	-0.9919059	0.32147807	1.0	False	blood	early	nucleotide_transformer
2458	-0.40933225	0.49544534	0.9047776	-0.99172425	0.32156658	1.0	False	blood	early	nucleotide_transformer
510	0.6353739	1.487276	0.85190207	0.9918276	0.3216308	1.0	False	blood	early	nucleotide_transformer
18	-0.4090911	0.49566606	0.90475714	-0.99082965	0.3220033	1.0	False	blood	early	nucleotide_transformer
2333	0.6346642	1.4867655	0.8521013	0.9909957	0.3220365	1.0	False	blood	early	nucleotide_transformer
1090	0.63469154	1.4868863	0.8521947	0.9909549	0.3220565	1.0	False	blood	early	nucleotide_transformer
2726	0.63453317	1.4871176	0.8525845	0.99051815	0.3222694	1.0	False	blood	early	nucleotide_transformer
4681	-0.40894806	0.49584436	0.9047924	-0.9902166	0.32230243	1.0	False	blood	early	nucleotide_transformer
3485	0.5122967	0.99122554	0.47892886	0.9864795	0.3242568	1.0	False	blood	early	nucleotide_transformer
5037	0.51188767	0.9905539	0.47866622	0.9863501	0.3243203	1.0	False	blood	early	nucleotide_transformer
4693	0.51206917	0.9909233	0.47885412	0.98633033	0.32432988	1.0	False	blood	early	nucleotide_transformer
289	0.51219577	0.9911837	0.47898793	0.9863117	0.32433903	1.0	False	blood	early	nucleotide_transformer
2686	0.5121459	0.9910932	0.4789473	0.9863079	0.32434085	1.0	False	blood	early	nucleotide_transformer
2021	0.51195085	0.99075246	0.47880158	0.9862661	0.3243615	1.0	False	blood	early	nucleotide_transformer
4348	0.5118698	0.99078673	0.47891697	0.98605734	0.3244638	1.0	False	blood	early	nucleotide_transformer
898	0.5118103	0.99075836	0.4789481	0.9859621	0.3245106	1.0	False	blood	early	nucleotide_transformer
3688	0.51166713	0.99069744	0.47903034	0.98572594	0.32462627	1.0	False	blood	early	nucleotide_transformer
4905	0.51191527	0.99139535	0.4794801	0.9854841	0.32474488	1.0	False	blood	early	nucleotide_transformer
560	0.51170814	0.9910518	0.47934365	0.9854263	0.32477328	1.0	False	blood	early	nucleotide_transformer
1765	0.5119089	0.9914895	0.4795806	0.9853657	0.324803	1.0	False	blood	early	nucleotide_transformer
1393	0.5119715	0.9916507	0.47967923	0.9853227	0.32482404	1.0	False	blood	early	nucleotide_transformer
2152	0.5108847	0.98995453	0.47906983	0.98488355	0.32503942	1.0	False	blood	early	nucleotide_transformer
2448	0.5110708	0.99032676	0.47925597	0.9848667	0.32504785	1.0	False	blood	early	nucleotide_transformer
297	0.61860657	174.67511	174.0565	0.97657406	0.32912707	1.0	False	blood	early	nucleotide_transformer
2120	-0.5555442	0.98979264	1.5453368	-0.9744589	0.33007655	1.0	False	blood	early	nucleotide_transformer
2223	-0.55581623	0.9903868	1.546203	-0.974355	0.33012813	1.0	False	blood	early	nucleotide_transformer
4762	-0.5554874	0.99020994	1.5456973	-0.9739945	0.33030707	1.0	False	blood	early	nucleotide_transformer
996	-0.55543077	0.9901247	1.5455555	-0.9739809	0.33031374	1.0	False	blood	early	nucleotide_transformer
4197	-0.5554135	0.99046445	1.5458779	-0.9736496	0.33047822	1.0	False	blood	early	nucleotide_transformer
2001	-0.5551162	0.990576	1.5456922	-0.97307515	0.33076343	1.0	False	blood	early	nucleotide_transformer
4202	-0.4840278	0.7420433	1.2260711	-0.97260576	0.33099014	1.0	False	blood	early	nucleotide_transformer
4683	-0.5547996	0.9906345	1.5454341	-0.97251797	0.33104038	1.0	False	blood	early	nucleotide_transformer
2783	-0.5548102	0.9908771	1.5456873	-0.9723182	0.33113983	1.0	False	blood	early	nucleotide_transformer
2443	-0.5548679	0.99098295	1.5458509	-0.9723165	0.33114046	1.0	False	blood	early	nucleotide_transformer
3754	-0.48356557	0.7418914	1.225457	-0.9719517	0.3313153	1.0	False	blood	early	nucleotide_transformer
2546	-0.55461395	0.99097073	1.5455847	-0.971922	0.33133695	1.0	False	blood	early	nucleotide_transformer
178	-0.5546716	0.99115986	1.5458314	-0.97184575	0.33137488	1.0	False	blood	early	nucleotide_transformer
4863	-0.48379046	0.74241954	1.22621	-0.97173816	0.33142155	1.0	False	blood	early	nucleotide_transformer
365	-0.55411243	0.9905603	1.5446727	-0.9714883	0.33155262	1.0	False	blood	early	nucleotide_transformer
1567	-0.48347944	0.7422268	1.2257062	-0.97140265	0.33158836	1.0	False	blood	early	nucleotide_transformer
1238	-0.5544071	0.99116874	1.5455759	-0.9714159	0.33158848	1.0	False	blood	early	nucleotide_transformer
764	-0.48362982	0.7426362	1.226266	-0.97119474	0.33169207	1.0	False	blood	early	nucleotide_transformer
3627	-0.5542347	0.9911298	1.5453645	-0.9711755	0.33170834	1.0	False	blood	early	nucleotide_transformer
280	-0.55397177	0.9909438	1.5449156	-0.97092074	0.33183494	1.0	False	blood	early	nucleotide_transformer
3771	-0.5539571	0.9909246	1.5448817	-0.97091544	0.33183753	1.0	False	blood	early	nucleotide_transformer
2115	-0.48334384	0.74246454	1.2258084	-0.97087973	0.3318488	1.0	False	blood	early	nucleotide_transformer
3341	-0.5539135	0.9912007	1.5451142	-0.97059697	0.33199638	1.0	False	blood	early	nucleotide_transformer
2746	-0.4831292	0.742415	1.2255442	-0.9705506	0.3320126	1.0	False	blood	early	nucleotide_transformer
1783	-0.48309684	0.7425455	1.2256423	-0.97033966	0.33211765	1.0	False	blood	early	nucleotide_transformer
2068	-0.48305672	0.74255115	1.2256079	-0.9702608	0.33215705	1.0	False	blood	early	nucleotide_transformer
1245	-0.48307556	0.74259466	1.2256702	-0.97024375	0.33216557	1.0	False	blood	early	nucleotide_transformer
1835	-0.5536021	0.9910524	1.5446545	-0.9702352	0.33217636	1.0	False	blood	early	nucleotide_transformer
364	-0.5536351	0.99123526	1.5448704	-0.97012234	0.33223253	1.0	False	blood	early	nucleotide_transformer
2424	-0.5535362	0.9912424	1.5447786	-0.9699584	0.33231437	1.0	False	blood	early	nucleotide_transformer
4622	-0.5534774	0.9912236	1.544701	-0.96988136	0.33235276	1.0	False	blood	early	nucleotide_transformer
1694	-0.55342275	0.99117	1.5445927	-0.9698429	0.33237192	1.0	False	blood	early	nucleotide_transformer
2137	-0.48298842	0.7428606	1.225849	-0.9697758	0.33239868	1.0	False	blood	early	nucleotide_transformer
1625	-0.55335635	0.9911521	1.5445085	-0.9697533	0.33241662	1.0	False	blood	early	nucleotide_transformer
3837	-0.55334437	0.991176	1.5445204	-0.96971136	0.33243757	1.0	False	blood	early	nucleotide_transformer
895	-0.48291993	0.74295247	1.2258724	-0.9695439	0.33251432	1.0	False	blood	early	nucleotide_transformer
2110	-0.48270524	0.742813	1.2255182	-0.96932137	0.33262524	1.0	False	blood	early	nucleotide_transformer
4951	-0.48278064	0.742956	1.2257366	-0.9692889	0.33264136	1.0	False	blood	early	nucleotide_transformer
4220	-0.4826783	0.74291074	1.225589	-0.96915734	0.332707	1.0	False	blood	early	nucleotide_transformer
1121	-0.48230046	0.7423343	1.2246348	-0.969151	0.33271024	1.0	False	blood	early	nucleotide_transformer
3927	-0.55329895	0.99183	1.545129	-0.9690568	0.33276394	1.0	False	blood	early	nucleotide_transformer
2668	-0.5531238	0.99165696	1.5447807	-0.96893233	0.33282578	1.0	False	blood	early	nucleotide_transformer
2950	-0.48243666	0.74291074	1.2253474	-0.968721	0.33292475	1.0	False	blood	early	nucleotide_transformer
1507	-0.55298555	0.99174964	1.5447352	-0.9686284	0.33297753	1.0	False	blood	early	nucleotide_transformer
2677	-0.48205447	0.742463	1.2245175	-0.9685567	0.33300662	1.0	False	blood	early	nucleotide_transformer
2853	-0.48206824	0.74268645	1.2247547	-0.9683204	0.33312455	1.0	False	blood	early	nucleotide_transformer
4022	-0.48202318	0.7429574	1.2249806	-0.9679224	0.3333232	1.0	False	blood	early	nucleotide_transformer
426	-0.48203933	0.74307597	1.2251153	-0.9678134	0.33337766	1.0	False	blood	early	nucleotide_transformer
485	0.6696025	1.7340274	1.0644249	0.965422	0.33466765	1.0	False	blood	early	nucleotide_transformer
616	0.66942286	1.7345551	1.0651323	0.9648311	0.33496335	1.0	False	blood	early	nucleotide_transformer
902	0.6691582	1.7341565	1.0649983	0.96465737	0.33505043	1.0	False	blood	early	nucleotide_transformer
5036	0.6690191	1.7341359	1.0651168	0.9644553	0.33515164	1.0	False	blood	early	nucleotide_transformer
3817	0.6689582	1.7340552	1.065097	0.96440876	0.33517483	1.0	False	blood	early	nucleotide_transformer
2469	0.6660805	1.7326326	1.0665522	0.96080416	0.33698288	1.0	False	blood	early	nucleotide_transformer
3262	-0.28497887	0.24721861	0.5321975	-0.95343065	0.34057796	1.0	False	blood	early	nucleotide_transformer
819	-0.28503412	0.2472754	0.53230953	-0.9534026	0.34059227	1.0	False	blood	early	nucleotide_transformer
417	-0.28500053	0.24733064	0.53233117	-0.9531324	0.34072915	1.0	False	blood	early	nucleotide_transformer
2053	-0.2850142	0.24736436	0.53237855	-0.9530618	0.34076485	1.0	False	blood	early	nucleotide_transformer
3510	-0.2848705	0.24725895	0.53212947	-0.95300263	0.34079492	1.0	False	blood	early	nucleotide_transformer
2501	-0.28478587	0.24730639	0.5320923	-0.95261437	0.34099165	1.0	False	blood	early	nucleotide_transformer
1923	-0.28482217	0.24741423	0.5322364	-0.9523703	0.34111524	1.0	False	blood	early	nucleotide_transformer
4391	-0.28473407	0.24734706	0.5320811	-0.95234245	0.34112948	1.0	False	blood	early	nucleotide_transformer
2600	-0.2850355	0.24768555	0.53272104	-0.9520947	0.34125492	1.0	False	blood	early	nucleotide_transformer
3611	-0.28469574	0.24740124	0.532097	-0.95206165	0.34127176	1.0	False	blood	early	nucleotide_transformer
2339	-0.28478235	0.2475829	0.53236526	-0.95171994	0.3414451	1.0	False	blood	early	nucleotide_transformer
1741	-0.2849487	0.24777324	0.53272194	-0.9515739	0.3415191	1.0	False	blood	early	nucleotide_transformer
2380	-0.284675	0.24757832	0.5322533	-0.95143616	0.341589	1.0	False	blood	early	nucleotide_transformer
441	-0.28464943	0.24763153	0.532281	-0.9511951	0.3417113	1.0	False	blood	early	nucleotide_transformer
3226	-0.28448638	0.24753156	0.53201795	-0.95106333	0.34177822	1.0	False	blood	early	nucleotide_transformer
1145	-0.28445187	0.24753234	0.5319842	-0.95096415	0.34182853	1.0	False	blood	early	nucleotide_transformer
2085	-0.28457654	0.24768198	0.5322585	-0.9508325	0.34189528	1.0	False	blood	early	nucleotide_transformer
4804	-0.28467667	0.24777919	0.53245586	-0.9507987	0.34191242	1.0	False	blood	early	nucleotide_transformer
4119	-0.28452307	0.2476509	0.532174	-0.95078206	0.34192085	1.0	False	blood	early	nucleotide_transformer
2320	-0.28451806	0.24774407	0.53226215	-0.9504721	0.34207833	1.0	False	blood	early	nucleotide_transformer
687	-0.2841373	0.24763595	0.53177327	-0.94975793	0.34244114	1.0	False	blood	early	nucleotide_transformer
4106	-0.28416836	0.24775796	0.53192633	-0.9494554	0.34259483	1.0	False	blood	early	nucleotide_transformer
2083	-0.28422862	0.24783306	0.5320617	-0.949384	0.34263107	1.0	False	blood	early	nucleotide_transformer
4726	-0.28415877	0.24779963	0.5319584	-0.9492961	0.3426758	1.0	False	blood	early	nucleotide_transformer
4465	-0.28405118	0.24773163	0.5317828	-0.9492137	0.34271762	1.0	False	blood	early	nucleotide_transformer
1952	0.42443153	0.7435355	0.319104	0.94776285	0.34360194	1.0	False	blood	early	nucleotide_transformer
2765	0.42398643	0.7432383	0.31925184	0.94708484	0.34394714	1.0	False	blood	early	nucleotide_transformer
3222	0.42386392	0.7430391	0.31917515	0.9470648	0.3439572	1.0	False	blood	early	nucleotide_transformer
2882	0.42386073	0.7430451	0.31918436	0.94704586	0.34396675	1.0	False	blood	early	nucleotide_transformer
1235	0.42353383	0.7428285	0.31929466	0.94653815	0.34422532	1.0	False	blood	early	nucleotide_transformer
4912	0.42342088	0.7426483	0.31922743	0.94651645	0.34423655	1.0	False	blood	early	nucleotide_transformer
1876	0.5485758	1.241291	0.6927152	0.937167	0.3490036	1.0	False	blood	early	nucleotide_transformer
3462	0.54688567	1.2387952	0.6919095	0.93607616	0.34956437	1.0	False	blood	early	nucleotide_transformer
4964	0.5468155	1.2386957	0.6918802	0.93602675	0.34958974	1.0	False	blood	early	nucleotide_transformer
3449	0.54632694	1.2383035	0.6919766	0.9354397	0.34989184	1.0	False	blood	early	nucleotide_transformer
4770	0.5462347	1.2381305	0.6918957	0.93541324	0.3499057	1.0	False	blood	early	nucleotide_transformer
5090	0.5462444	1.238378	0.69213367	0.93522525	0.3500024	1.0	False	blood	early	nucleotide_transformer
4564	0.5461045	1.238066	0.69196147	0.93522424	0.35000277	1.0	False	blood	early	nucleotide_transformer
2852	0.3362383	0.49563304	0.15939474	0.92876315	0.35337108	1.0	False	blood	early	nucleotide_transformer
4082	0.33621424	0.49560776	0.15939353	0.92874134	0.35338235	1.0	False	blood	early	nucleotide_transformer
3446	0.33618593	0.49559096	0.15940502	0.928688	0.35341	1.0	False	blood	early	nucleotide_transformer
424	0.33637536	0.4959121	0.15953676	0.9285983	0.35345635	1.0	False	blood	early	nucleotide_transformer
4980	0.33624798	0.49576503	0.15951703	0.9285109	0.35350168	1.0	False	blood	early	nucleotide_transformer
3193	0.33533806	0.49472117	0.15938313	0.9278793	0.35382882	1.0	False	blood	early	nucleotide_transformer
2029	0.33539158	0.49480376	0.15941216	0.92787194	0.3538325	1.0	False	blood	early	nucleotide_transformer
2556	0.33554435	0.49523118	0.15968685	0.9274379	0.3540576	1.0	False	blood	early	nucleotide_transformer
47	0.3355588	0.49528787	0.15972906	0.92736286	0.35409656	1.0	False	blood	early	nucleotide_transformer
3806	0.33517832	0.49478433	0.159606	0.92724186	0.35415927	1.0	False	blood	early	nucleotide_transformer
167	0.3351844	0.49488068	0.15969627	0.92705464	0.35425642	1.0	False	blood	early	nucleotide_transformer
4167	0.33501723	0.49467963	0.1596624	0.92695624	0.3543074	1.0	False	blood	early	nucleotide_transformer
4096	-0.57401	1.2378924	1.8119024	-0.90810955	0.3640573	1.0	False	blood	early	nucleotide_transformer
4531	-0.57387483	1.2385422	1.812417	-0.9074716	0.36439422	1.0	False	blood	early	nucleotide_transformer
3596	-0.57316756	1.2380284	1.811196	-0.9067879	0.3647557	1.0	False	blood	early	nucleotide_transformer
4671	0.582226	1.4874915	0.9052655	0.9056506	0.36543408	1.0	False	blood	early	nucleotide_transformer
3787	0.5815706	1.4868566	0.90528595	0.904968	0.36579534	1.0	False	blood	early	nucleotide_transformer
1419	0.5815732	1.4869275	0.9053543	0.90492606	0.3658174	1.0	False	blood	early	nucleotide_transformer
3353	0.5815735	1.4869612	0.90538776	0.9049047	0.3658287	1.0	False	blood	early	nucleotide_transformer
477	0.58002627	1.4851387	0.9051124	0.90350896	0.36656797	1.0	False	blood	early	nucleotide_transformer
2601	0.5799948	1.4853324	0.9053376	0.90332943	0.36666307	1.0	False	blood	early	nucleotide_transformer
2054	0.61697984	1.734736	1.1177561	0.8866586	0.37556466	1.0	False	blood	early	nucleotide_transformer
4109	0.6167972	1.7345953	1.1177981	0.8864544	0.37567458	1.0	False	blood	early	nucleotide_transformer
258	0.6163372	1.7345561	1.1182189	0.88576984	0.3760433	1.0	False	blood	early	nucleotide_transformer
907	0.6161722	1.7343615	1.1181893	0.88562185	0.3761228	1.0	False	blood	early	nucleotide_transformer
3876	0.61625516	1.734731	1.1184758	0.8855501	0.3761614	1.0	False	blood	early	nucleotide_transformer
293	0.61563134	1.7331066	1.1174753	0.88547814	0.3762002	1.0	False	blood	early	nucleotide_transformer
4735	0.6157942	1.733834	1.1180398	0.885328	0.37628114	1.0	False	blood	early	nucleotide_transformer
922	-0.5024128	0.9896836	1.4920964	-0.88511944	0.3763194	1.0	False	blood	early	nucleotide_transformer
4626	0.61558366	1.733694	1.1181103	0.8850822	0.37641355	1.0	False	blood	early	nucleotide_transformer
4615	-0.502302	0.99013036	1.4924324	-0.8845734	0.3766139	1.0	False	blood	early	nucleotide_transformer
388	-0.50225437	0.9904351	1.4926895	-0.8842465	0.37679017	1.0	False	blood	early	nucleotide_transformer
4262	-0.5021615	0.9904214	1.4925829	-0.8841077	0.3768651	1.0	False	blood	early	nucleotide_transformer
1510	-0.5019682	0.99037296	1.4923412	-0.88383436	0.37701264	1.0	False	blood	early	nucleotide_transformer
1135	-0.5019135	0.99034125	1.4922547	-0.8837717	0.37704656	1.0	False	blood	early	nucleotide_transformer
1461	-0.5018085	0.9903165	1.492125	-0.8836235	0.37712637	1.0	False	blood	early	nucleotide_transformer
841	-0.5018502	0.9904075	1.4922577	-0.88361514	0.37713096	1.0	False	blood	early	nucleotide_transformer
1080	-0.50182855	0.9903796	1.4922081	-0.8836032	0.37713745	1.0	False	blood	early	nucleotide_transformer
4855	-0.5017044	0.9901895	1.4918939	-0.8835586	0.37716147	1.0	False	blood	early	nucleotide_transformer
4535	-0.5017965	0.9905343	1.4923308	-0.8834254	0.3772334	1.0	False	blood	early	nucleotide_transformer
3111	-0.5017542	0.99047273	1.492227	-0.883407	0.37724313	1.0	False	blood	early	nucleotide_transformer
1378	-0.5016418	0.990699	1.4923408	-0.88304	0.37744147	1.0	False	blood	early	nucleotide_transformer
3826	-0.50145864	0.9904386	1.4918972	-0.8829582	0.37748566	1.0	False	blood	early	nucleotide_transformer
1336	-0.50142086	0.9905343	1.4919552	-0.8828191	0.37756056	1.0	False	blood	early	nucleotide_transformer
4774	-0.5014396	0.9906336	1.4920732	-0.8827686	0.37758818	1.0	False	blood	early	nucleotide_transformer
4518	-0.5014201	0.9906524	1.4920725	-0.8827214	0.37761363	1.0	False	blood	early	nucleotide_transformer
860	-0.50146055	0.9907379	1.4921985	-0.8827151	0.37761706	1.0	False	blood	early	nucleotide_transformer
4803	-0.501256	0.990337	1.491593	-0.8827131	0.37761813	1.0	False	blood	early	nucleotide_transformer
70	-0.50136316	0.9906062	1.4919693	-0.88266724	0.37764293	1.0	False	blood	early	nucleotide_transformer
852	-0.50127417	0.9904389	1.491713	-0.88265944	0.3776471	1.0	False	blood	early	nucleotide_transformer
1857	-0.5014022	0.990727	1.4921292	-0.8826308	0.37766263	1.0	False	blood	early	nucleotide_transformer
3994	-0.50143063	0.99080837	1.492239	-0.8826093	0.3776743	1.0	False	blood	early	nucleotide_transformer
2169	-0.5013034	0.99069875	1.4920021	-0.8824943	0.37773636	1.0	False	blood	early	nucleotide_transformer
4424	-0.5013271	0.99090296	1.49223	-0.88236505	0.37780622	1.0	False	blood	early	nucleotide_transformer
162	-0.50116104	0.99058086	1.4917419	-0.88236076	0.37780845	1.0	False	blood	early	nucleotide_transformer
5119	-0.50104046	0.99041533	1.4914558	-0.88230056	0.37784103	1.0	False	blood	early	nucleotide_transformer
946	-0.50089526	0.99070525	1.4916005	-0.88182884	0.37809613	1.0	False	blood	early	nucleotide_transformer
1540	-0.5008199	0.9906341	1.491454	-0.8817659	0.37813008	1.0	False	blood	early	nucleotide_transformer
4654	-0.5008141	0.9907923	1.4916064	-0.88162684	0.3782052	1.0	False	blood	early	nucleotide_transformer
2995	-0.5007513	0.9908574	1.4916087	-0.8814721	0.37828892	1.0	False	blood	early	nucleotide_transformer
3414	-0.500682	0.99075735	1.4914393	-0.881441	0.37830564	1.0	False	blood	early	nucleotide_transformer
5052	-0.5007803	0.9909646	1.4917449	-0.8814318	0.3783106	1.0	False	blood	early	nucleotide_transformer
4600	-0.50070524	0.99092484	1.4916301	-0.8813423	0.37835923	1.0	False	blood	early	nucleotide_transformer
3830	-0.5004015	0.99105024	1.4914517	-0.88074917	0.37867996	1.0	False	blood	early	nucleotide_transformer
880	-0.50032496	0.99106264	1.4913876	-0.88061565	0.37875232	1.0	False	blood	early	nucleotide_transformer
3307	-0.50022745	0.9910139	1.4912413	-0.8804972	0.37881646	1.0	False	blood	early	nucleotide_transformer
3710	-0.5002894	0.9911578	1.4914472	-0.8804807	0.3788254	1.0	False	blood	early	nucleotide_transformer
1206	-0.5000035	0.99138767	1.4913912	-0.87982965	0.37917784	1.0	False	blood	early	nucleotide_transformer
66	0.45995998	0.99263316	0.5326732	0.8799136	0.37921762	1.0	False	blood	early	nucleotide_transformer
4210	0.45948958	0.9916236	0.532134	0.8799043	0.37922287	1.0	False	blood	early	nucleotide_transformer
2511	0.4596337	0.9921016	0.5324679	0.8797444	0.37930948	1.0	False	blood	early	nucleotide_transformer
2801	0.45959896	0.992097	0.53249806	0.8796763	0.37934637	1.0	False	blood	early	nucleotide_transformer
4008	-0.49983722	0.9915169	1.4913541	-0.87945586	0.3793803	1.0	False	blood	early	nucleotide_transformer
3632	0.45966613	0.99236226	0.5326961	0.87956154	0.37940845	1.0	False	blood	early	nucleotide_transformer
5059	0.4590628	0.9910603	0.5319975	0.87956023	0.37940922	1.0	False	blood	early	nucleotide_transformer
4556	0.45908833	0.99115425	0.5320659	0.8795229	0.3794294	1.0	False	blood	early	nucleotide_transformer
3418	0.4592725	0.99170303	0.5324305	0.8793751	0.37950942	1.0	False	blood	early	nucleotide_transformer
1296	0.45916796	0.99148184	0.5323139	0.8793714	0.37951148	1.0	False	blood	early	nucleotide_transformer
3842	0.45891994	0.9909645	0.53204453	0.8793539	0.3795209	1.0	False	blood	early	nucleotide_transformer
871	0.45965683	0.99259156	0.5329347	0.8793202	0.37953916	1.0	False	blood	early	nucleotide_transformer
3433	0.45877832	0.9907243	0.531946	0.87928957	0.37955567	1.0	False	blood	early	nucleotide_transformer
199	0.45915717	0.9915747	0.53241754	0.8792595	0.37957203	1.0	False	blood	early	nucleotide_transformer
2935	0.45902866	0.99131256	0.5322839	0.8792412	0.37958196	1.0	False	blood	early	nucleotide_transformer
4077	0.45886266	0.9910785	0.53221583	0.8791247	0.379645	1.0	False	blood	early	nucleotide_transformer
1752	0.45891225	0.99120545	0.5322932	0.8791016	0.37965757	1.0	False	blood	early	nucleotide_transformer
4561	0.45862824	0.9907385	0.5321103	0.87896323	0.37973243	1.0	False	blood	early	nucleotide_transformer
4024	0.45866615	0.99083793	0.5321718	0.87894666	0.37974143	1.0	False	blood	early	nucleotide_transformer
2916	0.4584747	0.99078494	0.53231025	0.878597	0.37993082	1.0	False	blood	early	nucleotide_transformer
1899	0.4582882	0.99039686	0.53210866	0.87858313	0.37993845	1.0	False	blood	early	nucleotide_transformer
3277	0.45859683	0.9913288	0.53273195	0.87832737	0.38007703	1.0	False	blood	early	nucleotide_transformer
2159	0.4581946	0.9907247	0.53253007	0.87807053	0.38021624	1.0	False	blood	early	nucleotide_transformer
1956	0.45777345	0.98987466	0.5321012	0.8780162	0.38024575	1.0	False	blood	early	nucleotide_transformer
3617	0.45744777	0.9894464	0.53199863	0.8777491	0.38039047	1.0	False	blood	early	nucleotide_transformer
2290	-0.35817334	0.49461868	0.852792	-0.8757126	0.3813971	1.0	False	blood	early	nucleotide_transformer
3714	-0.3582115	0.49471393	0.8529254	-0.8756462	0.38143322	1.0	False	blood	early	nucleotide_transformer
450	-0.357853	0.49452066	0.85237366	-0.8751758	0.3816891	1.0	False	blood	early	nucleotide_transformer
3006	-0.35774577	0.49459827	0.85234404	-0.8748227	0.3818812	1.0	False	blood	early	nucleotide_transformer
2631	-0.35766593	0.49451533	0.85218126	-0.8747805	0.38190418	1.0	False	blood	early	nucleotide_transformer
5057	-0.3576683	0.49473682	0.85240513	-0.8744319	0.3820939	1.0	False	blood	early	nucleotide_transformer
1819	-0.3578373	0.49497983	0.8528171	-0.8744183	0.38210112	1.0	False	blood	early	nucleotide_transformer
3190	-0.35772783	0.49498904	0.85271686	-0.8741667	0.38223818	1.0	False	blood	early	nucleotide_transformer
4987	-0.3575815	0.49486065	0.85244215	-0.8740502	0.38230145	1.0	False	blood	early	nucleotide_transformer
869	-0.35775852	0.49512488	0.8528834	-0.8740202	0.38231775	1.0	False	blood	early	nucleotide_transformer
1487	-0.35743076	0.49471515	0.8521459	-0.8739553	0.3823532	1.0	False	blood	early	nucleotide_transformer
3008	-0.3572556	0.49452218	0.8517778	-0.87387747	0.38239565	1.0	False	blood	early	nucleotide_transformer
4799	-0.35759223	0.495004	0.8525962	-0.87384987	0.38241068	1.0	False	blood	early	nucleotide_transformer
3142	-0.3574925	0.49490964	0.85240215	-0.87378	0.38244858	1.0	False	blood	early	nucleotide_transformer
3175	-0.3573956	0.4949324	0.852328	-0.87353945	0.38257965	1.0	False	blood	early	nucleotide_transformer
645	-0.35722035	0.4946924	0.85191274	-0.8735344	0.38258237	1.0	False	blood	early	nucleotide_transformer
5010	-0.35713303	0.4946192	0.8517522	-0.8734596	0.38262314	1.0	False	blood	early	nucleotide_transformer
4999	-0.35714975	0.49465987	0.8518096	-0.8734323	0.38263798	1.0	False	blood	early	nucleotide_transformer
1173	-0.35728815	0.49486914	0.8521573	-0.8734049	0.38265288	1.0	False	blood	early	nucleotide_transformer
33	-0.35705706	0.49459788	0.85165495	-0.8733275	0.38269523	1.0	False	blood	early	nucleotide_transformer
4080	-0.35718447	0.49489468	0.85207915	-0.8731401	0.38279706	1.0	False	blood	early	nucleotide_transformer
4347	-0.35733128	0.4951225	0.85245377	-0.8730996	0.3828193	1.0	False	blood	early	nucleotide_transformer
4946	-0.35705695	0.49488476	0.8519417	-0.8728791	0.38293943	1.0	False	blood	early	nucleotide_transformer
4638	-0.35696444	0.49478123	0.85174567	-0.87284076	0.3829604	1.0	False	blood	early	nucleotide_transformer
2198	-0.3571598	0.49507976	0.85223955	-0.8727986	0.38298336	1.0	False	blood	early	nucleotide_transformer
3558	-0.3568312	0.49486	0.8516912	-0.8724282	0.38318512	1.0	False	blood	early	nucleotide_transformer
1893	-0.3568681	0.49491322	0.8517813	-0.8724252	0.38318655	1.0	False	blood	early	nucleotide_transformer
734	-0.35684648	0.49491253	0.851759	-0.8723791	0.38321188	1.0	False	blood	early	nucleotide_transformer
4811	-0.35686794	0.49500266	0.8518706	-0.87228566	0.38326284	1.0	False	blood	early	nucleotide_transformer
4917	-0.3566932	0.4948321	0.8515253	-0.8721722	0.38332483	1.0	False	blood	early	nucleotide_transformer
4274	-0.3570035	0.49532384	0.85232735	-0.87207705	0.3833767	1.0	False	blood	early	nucleotide_transformer
2980	-0.35669893	0.494941	0.8516399	-0.87201464	0.38341072	1.0	False	blood	early	nucleotide_transformer
1425	-0.3568711	0.4951943	0.8520654	-0.87199235	0.38342276	1.0	False	blood	early	nucleotide_transformer
4392	-0.35665792	0.49496633	0.85162425	-0.8718858	0.38348088	1.0	False	blood	early	nucleotide_transformer
1065	-0.3566744	0.49499115	0.85166556	-0.8718832	0.38348237	1.0	False	blood	early	nucleotide_transformer
1459	-0.35687098	0.49526563	0.8521366	-0.87188023	0.383484	1.0	False	blood	early	nucleotide_transformer
917	-0.35699615	0.49546197	0.8524581	-0.87184125	0.38350528	1.0	False	blood	early	nucleotide_transformer
3319	-0.3570927	0.49564174	0.85273445	-0.8717705	0.38354397	1.0	False	blood	early	nucleotide_transformer
1302	-0.35707444	0.49564207	0.8527165	-0.8717298	0.3835661	1.0	False	blood	early	nucleotide_transformer
3549	-0.35653585	0.49495173	0.8514876	-0.8716444	0.38361266	1.0	False	blood	early	nucleotide_transformer
248	-0.35657635	0.49536166	0.851938	-0.87109125	0.38391453	1.0	False	blood	early	nucleotide_transformer
3320	-0.35662812	0.49546242	0.85209054	-0.8710471	0.38393864	1.0	False	blood	early	nucleotide_transformer
3685	-0.3568374	0.495759	0.8525964	-0.8710329	0.38394627	1.0	False	blood	early	nucleotide_transformer
3895	-0.35631034	0.49508527	0.8513956	-0.8709457	0.38399404	1.0	False	blood	early	nucleotide_transformer
2871	-0.35634735	0.4951733	0.85152066	-0.8708886	0.38402516	1.0	False	blood	early	nucleotide_transformer
3427	-0.3562818	0.49515244	0.85143423	-0.8707789	0.38408494	1.0	False	blood	early	nucleotide_transformer
3987	-0.35642993	0.49544746	0.8518774	-0.87064016	0.38416067	1.0	False	blood	early	nucleotide_transformer
2376	-0.35637584	0.4954343	0.85181016	-0.8705442	0.3842132	1.0	False	blood	early	nucleotide_transformer
2912	-0.3562371	0.4955122	0.8517493	-0.8701214	0.38444412	1.0	False	blood	early	nucleotide_transformer
2626	-0.35611996	0.4954436	0.8515636	-0.86997384	0.3845246	1.0	False	blood	early	nucleotide_transformer
1410	-0.43057638	0.74226505	1.1728414	-0.8699114	0.38456708	1.0	False	blood	early	nucleotide_transformer
112	-0.35607633	0.49543753	0.85151386	-0.8698887	0.38457108	1.0	False	blood	early	nucleotide_transformer
1591	-0.4305935	0.74231815	1.1729116	-0.8698866	0.38458055	1.0	False	blood	early	nucleotide_transformer
4448	-0.35583088	0.49559978	0.85143065	-0.8691048	0.3849996	1.0	False	blood	early	nucleotide_transformer
3646	-0.35586813	0.4957436	0.85161173	-0.8689617	0.38507783	1.0	False	blood	early	nucleotide_transformer
551	-0.4300139	0.74218416	1.172198	-0.8689657	0.38508373	1.0	False	blood	early	nucleotide_transformer
820	-0.35582384	0.49570188	0.8515257	-0.8689306	0.38509506	1.0	False	blood	early	nucleotide_transformer
3198	-0.35580248	0.49569893	0.8515014	-0.8688892	0.3851176	1.0	False	blood	early	nucleotide_transformer
4884	-0.43025768	0.74270964	1.1729673	-0.86885566	0.38514394	1.0	False	blood	early	nucleotide_transformer
2272	-0.42998338	0.7424544	1.1724378	-0.8686228	0.38527164	1.0	False	blood	early	nucleotide_transformer
1292	-0.3557073	0.49578947	0.85149676	-0.8685408	0.38530806	1.0	False	blood	early	nucleotide_transformer
4404	-0.35575774	0.49595216	0.8517099	-0.8683985	0.38538593	1.0	False	blood	early	nucleotide_transformer
2616	-0.4298957	0.7425392	1.1724349	-0.86837226	0.38540846	1.0	False	blood	early	nucleotide_transformer
1922	-0.42994148	0.7426768	1.1726183	-0.8683109	0.385442	1.0	False	blood	early	nucleotide_transformer
702	-0.4293406	0.7422012	1.1715418	-0.8677129	0.3857692	1.0	False	blood	early	nucleotide_transformer
2855	-0.42962915	0.74299425	1.1726234	-0.8674019	0.3859396	1.0	False	blood	early	nucleotide_transformer
3134	-0.42896146	0.74232465	1.1712861	-0.8668867	0.3862217	1.0	False	blood	early	nucleotide_transformer
5038	-0.42919528	0.7429414	1.1721367	-0.86666185	0.38634494	1.0	False	blood	early	nucleotide_transformer
1593	-0.42888606	0.74271727	1.1716033	-0.86633253	0.38652536	1.0	False	blood	early	nucleotide_transformer
4911	-0.4289757	0.7430527	1.1720284	-0.86614215	0.38662973	1.0	False	blood	early	nucleotide_transformer
2607	-0.4293928	0.7438725	1.1732653	-0.8660367	0.38668755	1.0	False	blood	early	nucleotide_transformer
4187	-0.42886662	0.7434027	1.1722693	-0.86557347	0.38694143	1.0	False	blood	early	nucleotide_transformer
269	-0.42805755	0.74319327	1.1712508	-0.86431026	0.38763455	1.0	False	blood	early	nucleotide_transformer
1559	0.49563116	1.2418293	0.7461981	0.84291655	0.39956534	1.0	False	blood	early	nucleotide_transformer
5071	0.4938056	1.2389108	0.7451052	0.84170574	0.40024236	1.0	False	blood	early	nucleotide_transformer
5011	0.49367636	1.2386642	0.7449878	0.84164757	0.4002749	1.0	False	blood	early	nucleotide_transformer
4658	0.49316865	1.2381871	0.7450184	0.84106696	0.4005998	1.0	False	blood	early	nucleotide_transformer
1781	0.49258703	1.2376803	0.7450933	0.840368	0.40099102	1.0	False	blood	early	nucleotide_transformer
4806	-0.5206636	1.2384431	1.7591068	-0.82624376	0.40888193	1.0	False	blood	early	nucleotide_transformer
3339	-0.52046156	1.2380652	1.7585268	-0.82618135	0.4089173	1.0	False	blood	early	nucleotide_transformer
1506	-0.52017844	1.2385093	1.7586877	-0.8254883	0.40931037	1.0	False	blood	early	nucleotide_transformer
398	-0.519912	1.2379217	1.7578337	-0.82545745	0.40932798	1.0	False	blood	early	nucleotide_transformer
2219	-0.5194273	1.2393336	1.7587609	-0.82386494	0.41023198	1.0	False	blood	early	nucleotide_transformer
1639	0.37021255	0.74264944	0.37243688	0.82180643	0.4114798	1.0	False	blood	early	nucleotide_transformer
3519	0.37033436	0.74296045	0.3726261	0.82172596	0.4115256	1.0	False	blood	early	nucleotide_transformer
3171	0.37021586	0.74279475	0.3725789	0.82163906	0.41157493	1.0	False	blood	early	nucleotide_transformer
1518	0.37006626	0.7425067	0.37244043	0.82162297	0.4115841	1.0	False	blood	early	nucleotide_transformer
2720	0.36988726	0.74226505	0.37237778	0.8214793	0.41166583	1.0	False	blood	early	nucleotide_transformer
3815	0.36972168	0.74197817	0.3722565	0.8214238	0.41169736	1.0	False	blood	early	nucleotide_transformer
4773	0.3706799	0.7438969	0.37321702	0.8214227	0.411698	1.0	False	blood	early	nucleotide_transformer
3152	0.36987582	0.74228907	0.37241325	0.8214222	0.41169816	1.0	False	blood	early	nucleotide_transformer
4345	0.37068942	0.74395806	0.37326863	0.82137305	0.41172612	1.0	False	blood	early	nucleotide_transformer
1054	0.36970687	0.74207586	0.372369	0.8212694	0.4117853	1.0	False	blood	early	nucleotide_transformer
694	0.3698245	0.7428689	0.3730444	0.82059234	0.41217053	1.0	False	blood	early	nucleotide_transformer
2481	0.52886736	1.4872968	0.95842946	0.8199819	0.41250327	1.0	False	blood	early	nucleotide_transformer
3538	0.5287416	1.4870528	0.9583112	0.8199167	0.41254038	1.0	False	blood	early	nucleotide_transformer
1578	0.5285047	1.4870031	0.95849836	0.8195548	0.41274664	1.0	False	blood	early	nucleotide_transformer
1026	0.5283084	1.487025	0.95871663	0.8192171	0.4129391	1.0	False	blood	early	nucleotide_transformer
2172	0.52715665	1.485637	0.9584803	0.81812334	0.4135627	1.0	False	blood	early	nucleotide_transformer
4676	0.5266684	1.4846674	0.957999	0.8178872	0.41369748	1.0	False	blood	early	nucleotide_transformer
2931	0.5267755	1.4853016	0.95852613	0.8176922	0.41380864	1.0	False	blood	early	nucleotide_transformer
724	0.5264637	1.4847907	0.958327	0.81747556	0.41393238	1.0	False	blood	early	nucleotide_transformer
3439	0.5259715	1.4852377	0.95926625	0.8163978	0.41454783	1.0	False	blood	early	nucleotide_transformer
2803	0.5253602	1.4845352	0.959175	0.8157977	0.41489074	1.0	False	blood	early	nucleotide_transformer
804	0.5631951	1.7346413	1.1714462	0.8070424	0.41991082	1.0	False	blood	early	nucleotide_transformer
1881	0.56326294	1.7349129	1.1716499	0.80701137	0.41992858	1.0	False	blood	early	nucleotide_transformer
1522	0.56313765	1.7347149	1.1715772	0.8069191	0.41998196	1.0	False	blood	early	nucleotide_transformer
4627	0.5631176	1.7346995	1.1715819	0.80689615	0.41999507	1.0	False	blood	early	nucleotide_transformer
1542	0.5630832	1.7346256	1.1715424	0.80687994	0.42000437	1.0	False	blood	early	nucleotide_transformer
4190	0.5630554	1.7345744	1.171519	0.80686355	0.4200138	1.0	False	blood	early	nucleotide_transformer
1192	0.5625757	1.7332008	1.1706251	0.8068092	0.42004502	1.0	False	blood	early	nucleotide_transformer
1769	0.5629778	1.7344732	1.1714954	0.8067944	0.42005366	1.0	False	blood	early	nucleotide_transformer
4771	0.562899	1.7342542	1.1713552	0.80678165	0.42006093	1.0	False	blood	early	nucleotide_transformer
4168	0.5629951	1.7346053	1.1716102	0.806756	0.4200757	1.0	False	blood	early	nucleotide_transformer
4760	0.5627942	1.7343395	1.1715453	0.80658084	0.4201765	1.0	False	blood	early	nucleotide_transformer
5054	0.56254053	1.7338963	1.1713557	0.8064125	0.42027342	1.0	False	blood	early	nucleotide_transformer
2155	0.5625694	1.7341053	1.171536	0.80635405	0.4203071	1.0	False	blood	early	nucleotide_transformer
4267	0.5621667	1.7337478	1.1715811	0.8059166	0.42055926	1.0	False	blood	early	nucleotide_transformer
520	-0.44962537	0.9893744	1.4389998	-0.79572386	0.42639735	1.0	False	blood	early	nucleotide_transformer
245	-0.4493879	0.9895854	1.4389733	-0.7951781	0.42671472	1.0	False	blood	early	nucleotide_transformer
4887	-0.44958615	0.99044526	1.4400314	-0.7948648	0.42689684	1.0	False	blood	early	nucleotide_transformer
1341	-0.44928312	0.99006724	1.4393504	-0.794649	0.4270223	1.0	False	blood	early	nucleotide_transformer
1574	-0.4490049	0.99004805	1.4390529	-0.79420745	0.4272791	1.0	False	blood	early	nucleotide_transformer
3707	-0.4490975	0.9903754	1.4394729	-0.7941163	0.42733222	1.0	False	blood	early	nucleotide_transformer
2061	-0.44906646	0.99034494	1.4394114	-0.7940879	0.4273488	1.0	False	blood	early	nucleotide_transformer
163	-0.4488765	0.9904084	1.4392849	-0.7937295	0.42755738	1.0	False	blood	early	nucleotide_transformer
4709	-0.4486575	0.990255	1.4389125	-0.79348415	0.4277002	1.0	False	blood	early	nucleotide_transformer
203	-0.44850868	0.9902838	1.4387925	-0.7932203	0.42785376	1.0	False	blood	early	nucleotide_transformer
1407	-0.448461	0.990192	1.438653	-0.7932099	0.4278598	1.0	False	blood	early	nucleotide_transformer
1622	-0.4486313	0.99058676	1.439218	-0.793196	0.42786792	1.0	False	blood	early	nucleotide_transformer
4973	-0.44843817	0.99021006	1.4386482	-0.7931591	0.42788944	1.0	False	blood	early	nucleotide_transformer
3732	-0.44850087	0.99037206	1.4388729	-0.7931413	0.4278998	1.0	False	blood	early	nucleotide_transformer
3512	-0.4485433	0.9905971	1.4391404	-0.7930441	0.42795637	1.0	False	blood	early	nucleotide_transformer
4400	-0.44831014	0.9901353	1.4384454	-0.7930055	0.4279789	1.0	False	blood	early	nucleotide_transformer
3920	-0.44832915	0.9902366	1.4385657	-0.79295874	0.42800602	1.0	False	blood	early	nucleotide_transformer
1367	-0.44825643	0.9901394	1.4383959	-0.7929145	0.42803186	1.0	False	blood	early	nucleotide_transformer
3095	-0.44825166	0.99014825	1.4383999	-0.79290164	0.42803934	1.0	False	blood	early	nucleotide_transformer
1934	-0.4483168	0.9903723	1.4386891	-0.79284066	0.42807502	1.0	False	blood	early	nucleotide_transformer
1380	-0.44827527	0.9903504	1.4386257	-0.792789	0.42810512	1.0	False	blood	early	nucleotide_transformer
2911	-0.44816136	0.9901371	1.4382985	-0.79276186	0.4281208	1.0	False	blood	early	nucleotide_transformer
2891	-0.448219	0.9903224	1.4385414	-0.7927172	0.4281467	1.0	False	blood	early	nucleotide_transformer
2776	-0.44834554	0.99072814	1.4390737	-0.7926231	0.4282016	1.0	False	blood	early	nucleotide_transformer
3239	-0.4480821	0.99025714	1.4383392	-0.7925409	0.42824957	1.0	False	blood	early	nucleotide_transformer
2707	-0.4481389	0.99040407	1.438543	-0.7925256	0.42825848	1.0	False	blood	early	nucleotide_transformer
2666	-0.44806916	0.9909641	1.4390333	-0.79199636	0.4285667	1.0	False	blood	early	nucleotide_transformer
4560	-0.44798476	0.9912105	1.4391953	-0.7916747	0.4287544	1.0	False	blood	early	nucleotide_transformer
4601	-0.44760054	0.99076885	1.4383694	-0.79137367	0.42892978	1.0	False	blood	early	nucleotide_transformer
2821	-0.4472487	0.99092126	1.43817	-0.7906842	0.42933205	1.0	False	blood	early	nucleotide_transformer
1441	-0.44728732	0.9910712	1.4383585	-0.79063714	0.42935956	1.0	False	blood	early	nucleotide_transformer
1268	-0.44726592	0.99105984	1.4383258	-0.79061115	0.4293746	1.0	False	blood	early	nucleotide_transformer
2618	-0.44686544	0.99094605	1.4378115	-0.79003835	0.4297089	1.0	False	blood	early	nucleotide_transformer
3378	-0.4468748	0.99152225	1.438397	-0.789628	0.4299485	1.0	False	blood	early	nucleotide_transformer
2097	-0.23234224	0.24723521	0.47957745	-0.78952736	0.42998073	1.0	False	blood	early	nucleotide_transformer
2027	-0.44677812	0.9915747	1.4383528	-0.7894312	0.43006352	1.0	False	blood	early	nucleotide_transformer
1009	-0.4465983	0.9912249	1.4378232	-0.7893935	0.4300855	1.0	False	blood	early	nucleotide_transformer
4013	-0.44655406	0.9913788	1.4379328	-0.7892082	0.43019378	1.0	False	blood	early	nucleotide_transformer
1489	-0.23215182	0.24727239	0.4794242	-0.7888724	0.43036333	1.0	False	blood	early	nucleotide_transformer
4743	-0.23206884	0.2473267	0.47939554	-0.788482	0.43059164	1.0	False	blood	early	nucleotide_transformer
1912	-0.23206146	0.24736382	0.47942528	-0.7883583	0.43066382	1.0	False	blood	early	nucleotide_transformer
977	-0.23199643	0.24737786	0.4793743	-0.78813034	0.4307971	1.0	False	blood	early	nucleotide_transformer
1979	-0.23168872	0.247295	0.47898373	-0.78746116	0.43118846	1.0	False	blood	early	nucleotide_transformer
134	-0.23164351	0.24724917	0.47889268	-0.7874544	0.4311924	1.0	False	blood	early	nucleotide_transformer
4178	-0.23155823	0.2472085	0.47876674	-0.7873168	0.43127286	1.0	False	blood	early	nucleotide_transformer
2816	-0.23172747	0.24744149	0.47916895	-0.78717494	0.43135598	1.0	False	blood	early	nucleotide_transformer
3625	-0.23190981	0.24765268	0.4795625	-0.7871309	0.43138173	1.0	False	blood	early	nucleotide_transformer
1744	-0.23153323	0.2472817	0.47881493	-0.78704315	0.4314332	1.0	False	blood	early	nucleotide_transformer
1308	-0.23165502	0.24757753	0.47923255	-0.7865912	0.43169767	1.0	False	blood	early	nucleotide_transformer
524	-0.23120572	0.24725981	0.47846553	-0.7861493	0.43195632	1.0	False	blood	early	nucleotide_transformer
1924	-0.23156537	0.24769013	0.4792555	-0.7860234	0.43203014	1.0	False	blood	early	nucleotide_transformer
3904	-0.23114523	0.2472443	0.47838953	-0.786015	0.43203503	1.0	False	blood	early	nucleotide_transformer
2094	-0.23126745	0.24739778	0.47866523	-0.7859549	0.4320703	1.0	False	blood	early	nucleotide_transformer
1156	-0.23127483	0.2474546	0.47872943	-0.78582186	0.43214822	1.0	False	blood	early	nucleotide_transformer
3801	-0.23112318	0.24732706	0.47845024	-0.78572506	0.43220487	1.0	False	blood	early	nucleotide_transformer
3542	-0.23129012	0.24755569	0.4788458	-0.7855875	0.4322856	1.0	False	blood	early	nucleotide_transformer
4093	-0.23105545	0.24738403	0.47843948	-0.78537	0.432413	1.0	False	blood	early	nucleotide_transformer
2969	-0.23129128	0.24764939	0.47894067	-0.78533584	0.43243292	1.0	False	blood	early	nucleotide_transformer
2998	-0.2312873	0.24766365	0.47895095	-0.7852855	0.43246248	1.0	False	blood	early	nucleotide_transformer
540	-0.23139822	0.24784595	0.47924417	-0.7851123	0.43256402	1.0	False	blood	early	nucleotide_transformer
3702	-0.23119867	0.24766234	0.478861	-0.78503066	0.43261185	1.0	False	blood	early	nucleotide_transformer
3587	-0.23122637	0.24776028	0.47898665	-0.78484493	0.43272066	1.0	False	blood	early	nucleotide_transformer
3995	-0.2311439	0.24770318	0.4788471	-0.7847601	0.43277052	1.0	False	blood	early	nucleotide_transformer
3242	-0.23100328	0.24758336	0.47858664	-0.78467554	0.43282017	1.0	False	blood	early	nucleotide_transformer
34	0.4069687	0.9927162	0.5857475	0.77452844	0.438883	1.0	False	blood	early	nucleotide_transformer
4755	0.28324816	0.49575678	0.21250862	0.77394813	0.4392428	1.0	False	blood	early	nucleotide_transformer
4838	0.40671903	0.99291235	0.5861933	0.77385205	0.4392827	1.0	False	blood	early	nucleotide_transformer
2477	0.4060117	0.99127746	0.58526576	0.77377284	0.4393295	1.0	False	blood	early	nucleotide_transformer
3368	0.40629196	0.99196905	0.5856771	0.7737678	0.43933252	1.0	False	blood	early	nucleotide_transformer
3537	0.40659392	0.992766	0.5861721	0.773718	0.43936187	1.0	False	blood	early	nucleotide_transformer
4422	0.4059354	0.9911632	0.5852278	0.7737136	0.43936458	1.0	False	blood	early	nucleotide_transformer
1675	0.40664947	0.9929156	0.5862661	0.7737066	0.43936867	1.0	False	blood	early	nucleotide_transformer
526	0.40661323	0.9928411	0.5862279	0.773695	0.43937552	1.0	False	blood	early	nucleotide_transformer
4239	0.40596783	0.99129575	0.5853279	0.7736671	0.4393919	1.0	False	blood	early	nucleotide_transformer
2949	0.2833575	0.49610168	0.21274416	0.7736836	0.4393989	1.0	False	blood	early	nucleotide_transformer
3869	0.40653402	0.99270445	0.58617043	0.773646	0.43940452	1.0	False	blood	early	nucleotide_transformer
4361	0.40591717	0.9914209	0.58550376	0.7734566	0.43951634	1.0	False	blood	early	nucleotide_transformer
2566	0.40582794	0.991306	0.58547807	0.77337	0.43956766	1.0	False	blood	early	nucleotide_transformer
4130	0.4057737	0.9912281	0.5854544	0.77332526	0.43959415	1.0	False	blood	early	nucleotide_transformer
1498	0.40565962	0.9909987	0.58533907	0.77328515	0.43961766	1.0	False	blood	early	nucleotide_transformer
2850	0.40605175	0.9920214	0.5859696	0.7732262	0.4396527	1.0	False	blood	early	nucleotide_transformer
2329	0.40590435	0.9918339	0.5859296	0.7730852	0.43973592	1.0	False	blood	early	nucleotide_transformer
218	0.28277934	0.4954457	0.21266636	0.77306247	0.43976608	1.0	False	blood	early	nucleotide_transformer
4105	0.2827848	0.49547085	0.21268606	0.7730357	0.4397819	1.0	False	blood	early	nucleotide_transformer
5070	0.40568715	0.9915856	0.58589846	0.7728474	0.43987653	1.0	False	blood	early	nucleotide_transformer
3110	0.2824474	0.49498668	0.21253929	0.7728518	0.4398907	1.0	False	blood	early	nucleotide_transformer
2847	0.40563238	0.99151397	0.5858816	0.77279574	0.4399072	1.0	False	blood	early	nucleotide_transformer
4637	0.28258017	0.49527043	0.21269026	0.7727604	0.43994483	1.0	False	blood	early	nucleotide_transformer
4944	0.40549338	0.9912635	0.58577013	0.77272	0.43995187	1.0	False	blood	early	nucleotide_transformer
4052	0.282386	0.49499133	0.21260533	0.7726571	0.44000575	1.0	False	blood	early	nucleotide_transformer
2813	0.28233618	0.4949069	0.21257073	0.7726517	0.440009	1.0	False	blood	early	nucleotide_transformer
2002	0.28250694	0.4952243	0.21271737	0.7726176	0.44002923	1.0	False	blood	early	nucleotide_transformer
2968	0.2823423	0.49493945	0.21259713	0.772614	0.4400312	1.0	False	blood	early	nucleotide_transformer
3373	0.2823002	0.49489582	0.21259561	0.77256143	0.44006246	1.0	False	blood	early	nucleotide_transformer
2627	0.4050451	0.9904098	0.5853647	0.7725159	0.44007275	1.0	False	blood	early	nucleotide_transformer
548	0.28227824	0.49488175	0.21260351	0.772519	0.44008756	1.0	False	blood	early	nucleotide_transformer
4998	0.28243306	0.49519497	0.21276191	0.77244365	0.44013202	1.0	False	blood	early	nucleotide_transformer
2347	0.2821709	0.4947559	0.21258502	0.7724102	0.440152	1.0	False	blood	early	nucleotide_transformer
4565	0.40469396	0.98987305	0.5851791	0.772249	0.44023052	1.0	False	blood	early	nucleotide_transformer
2614	0.40515125	0.9910177	0.58586645	0.7722246	0.44024506	1.0	False	blood	early	nucleotide_transformer
1594	0.4045809	0.98965526	0.58507437	0.77220005	0.44025946	1.0	False	blood	early	nucleotide_transformer
605	0.28215566	0.49484476	0.2126891	0.7722102	0.44027022	1.0	False	blood	early	nucleotide_transformer
4983	0.2822151	0.4949587	0.21274361	0.77219236	0.4402807	1.0	False	blood	early	nucleotide_transformer
4113	0.4045607	0.9896776	0.5851169	0.77213985	0.440295	1.0	False	blood	early	nucleotide_transformer
3903	0.4045081	0.98958206	0.58507395	0.77211154	0.44031197	1.0	False	blood	early	nucleotide_transformer
3745	0.28214175	0.49489787	0.21275613	0.77207536	0.4403499	1.0	False	blood	early	nucleotide_transformer
515	0.28188962	0.4945545	0.21266486	0.7719024	0.4404524	1.0	False	blood	early	nucleotide_transformer
1480	0.28192726	0.49491027	0.21298301	0.77140206	0.44074833	1.0	False	blood	early	nucleotide_transformer
1468	0.28186423	0.49487585	0.21301162	0.77126986	0.44082674	1.0	False	blood	early	nucleotide_transformer
1968	0.19533226	0.24852051	0.05318825	0.76856995	0.44245234	1.0	False	blood	early	nucleotide_transformer
1024	0.19533274	0.24852428	0.053191535	0.76855856	0.4424591	1.0	False	blood	early	nucleotide_transformer
1013	0.19533522	0.24852969	0.053194467	0.7685507	0.44246385	1.0	False	blood	early	nucleotide_transformer
254	0.19527364	0.24845423	0.053180583	0.7685399	0.44247028	1.0	False	blood	early	nucleotide_transformer
3614	0.19531141	0.24850816	0.053196743	0.768519	0.44248268	1.0	False	blood	early	nucleotide_transformer
3415	0.19517753	0.24834168	0.05316416	0.76850444	0.44249123	1.0	False	blood	early	nucleotide_transformer
4700	0.19523713	0.24841763	0.053180493	0.7685044	0.44249126	1.0	False	blood	early	nucleotide_transformer
3108	0.19522189	0.24840064	0.053178757	0.76849556	0.44249657	1.0	False	blood	early	nucleotide_transformer
2622	0.19527292	0.24846628	0.053193368	0.76849335	0.44249788	1.0	False	blood	early	nucleotide_transformer
1358	0.19528653	0.24848567	0.053199142	0.7684861	0.4425021	1.0	False	blood	early	nucleotide_transformer
1712	0.19522515	0.24840826	0.053183105	0.7684833	0.44250378	1.0	False	blood	early	nucleotide_transformer
114	0.1952999	0.24850436	0.05320447	0.76848006	0.4425057	1.0	False	blood	early	nucleotide_transformer
1917	0.19523603	0.24842405	0.053188022	0.7684763	0.44250798	1.0	False	blood	early	nucleotide_transformer
3963	0.19527659	0.24847789	0.05320131	0.7684685	0.44251254	1.0	False	blood	early	nucleotide_transformer
198	0.19522446	0.24841624	0.053191785	0.76845145	0.44252267	1.0	False	blood	early	nucleotide_transformer
2404	0.19520676	0.24839444	0.053187676	0.76844877	0.44252434	1.0	False	blood	early	nucleotide_transformer
608	0.19522737	0.24842146	0.053194087	0.76844615	0.44252595	1.0	False	blood	early	nucleotide_transformer
1941	0.19520496	0.24839456	0.053189605	0.7684401	0.44252935	1.0	False	blood	early	nucleotide_transformer
4297	0.19518791	0.24837585	0.053187933	0.76842946	0.4425357	1.0	False	blood	early	nucleotide_transformer
1031	0.1952593	0.24847169	0.053212393	0.7684118	0.44254622	1.0	False	blood	early	nucleotide_transformer
1898	0.1952168	0.2484205	0.053203695	0.76840115	0.44255245	1.0	False	blood	early	nucleotide_transformer
3413	0.19513214	0.24831402	0.053181894	0.7683963	0.44255543	1.0	False	blood	early	nucleotide_transformer
1692	0.19470921	0.2479106	0.053201392	0.76792186	0.44283694	1.0	False	blood	early	nucleotide_transformer
1179	0.19417866	0.24724321	0.053064555	0.7678932	0.44285393	1.0	False	blood	early	nucleotide_transformer
231	0.19419646	0.24726726	0.0530708	0.7678883	0.44285682	1.0	False	blood	early	nucleotide_transformer
4245	0.19419667	0.24726862	0.053071946	0.76788443	0.44285917	1.0	False	blood	early	nucleotide_transformer
2175	0.19413814	0.24720122	0.05306308	0.7678585	0.44287455	1.0	False	blood	early	nucleotide_transformer
4718	0.19471458	0.24793968	0.053225107	0.76784194	0.44288424	1.0	False	blood	early	nucleotide_transformer
4541	0.1946128	0.24784112	0.053228315	0.7677301	0.44295064	1.0	False	blood	early	nucleotide_transformer
4580	0.19413488	0.24723467	0.053099796	0.76772034	0.44295654	1.0	False	blood	early	nucleotide_transformer
4754	0.19444208	0.24765268	0.053210605	0.76762456	0.4430134	1.0	False	blood	early	nucleotide_transformer
1220	0.19413516	0.24727447	0.053139314	0.7675808	0.44303942	1.0	False	blood	early	nucleotide_transformer
1720	0.1944009	0.24762149	0.05322058	0.7675481	0.44305867	1.0	False	blood	early	nucleotide_transformer
3668	0.19429794	0.24749126	0.053193316	0.76754534	0.44306028	1.0	False	blood	early	nucleotide_transformer
1755	0.19443358	0.24766794	0.053234354	0.7675308	0.44306895	1.0	False	blood	early	nucleotide_transformer
3573	0.19438532	0.24761355	0.053228237	0.7675052	0.44308412	1.0	False	blood	early	nucleotide_transformer
5068	0.19424787	0.24744955	0.053201675	0.76746583	0.44310755	1.0	False	blood	early	nucleotide_transformer
19	0.1941618	0.24736355	0.05320175	0.76738346	0.4431564	1.0	False	blood	early	nucleotide_transformer
4246	0.19422527	0.24745278	0.053227514	0.7673536	0.44317418	1.0	False	blood	early	nucleotide_transformer
5018	-0.37743443	0.742021	1.1194555	-0.76713854	0.44319242	1.0	False	blood	early	nucleotide_transformer
2849	-0.37738347	0.74223685	1.1196203	-0.7668387	0.44337052	1.0	False	blood	early	nucleotide_transformer
2190	-0.37721288	0.7423786	1.1195915	-0.7663868	0.44363925	1.0	False	blood	early	nucleotide_transformer
4970	-0.3772769	0.74267066	1.1199476	-0.7662294	0.44373274	1.0	False	blood	early	nucleotide_transformer
2662	-0.3771633	0.74251556	1.1196789	-0.7661647	0.4437714	1.0	False	blood	early	nucleotide_transformer
2881	-0.3771937	0.7428132	1.1200069	-0.7659392	0.4439055	1.0	False	blood	early	nucleotide_transformer
3997	-0.37715292	0.74278617	1.1199391	-0.7658891	0.44393533	1.0	False	blood	early	nucleotide_transformer
4116	-0.37666446	0.7419357	1.1186001	-0.7657825	0.44399866	1.0	False	blood	early	nucleotide_transformer
949	-0.37677097	0.74215794	1.1189289	-0.765771	0.4440055	1.0	False	blood	early	nucleotide_transformer
4609	-0.37689757	0.74249315	1.1193907	-0.7656898	0.44405377	1.0	False	blood	early	nucleotide_transformer
1852	-0.37681037	0.74238354	1.1191939	-0.7656305	0.44408903	1.0	False	blood	early	nucleotide_transformer
3859	-0.37675744	0.74229616	1.1190536	-0.7656142	0.44409883	1.0	False	blood	early	nucleotide_transformer
2392	-0.37687856	0.74277586	1.1196544	-0.7653875	0.44423375	1.0	False	blood	early	nucleotide_transformer
4643	-0.37679648	0.74264705	1.1194435	-0.7653562	0.4442524	1.0	False	blood	early	nucleotide_transformer
1616	-0.37685537	0.7428361	1.1196915	-0.7652872	0.44429332	1.0	False	blood	early	nucleotide_transformer
4181	-0.37682068	0.7427721	1.1195928	-0.76528317	0.44429576	1.0	False	blood	early	nucleotide_transformer
4650	-0.37675196	0.74271005	1.119462	-0.76521343	0.44433728	1.0	False	blood	early	nucleotide_transformer
4940	-0.37685627	0.74295	1.1198063	-0.7651812	0.44435638	1.0	False	blood	early	nucleotide_transformer
4176	-0.3764258	0.7421009	1.1185267	-0.76518077	0.4443567	1.0	False	blood	early	nucleotide_transformer
4574	-0.37643558	0.7421307	1.1185663	-0.76517093	0.44436243	1.0	False	blood	early	nucleotide_transformer
3789	-0.37684584	0.7429707	1.1198165	-0.7651422	0.44437966	1.0	False	blood	early	nucleotide_transformer
504	-0.37676734	0.7429181	1.1196854	-0.76504576	0.4444372	1.0	False	blood	early	nucleotide_transformer
4840	-0.37635243	0.7422012	1.1185536	-0.76494914	0.44449455	1.0	False	blood	early	nucleotide_transformer
427	-0.37656796	0.7428684	1.1194364	-0.7647206	0.4446307	1.0	False	blood	early	nucleotide_transformer
3305	-0.37667048	0.7430904	1.1197609	-0.7647028	0.44464123	1.0	False	blood	early	nucleotide_transformer
1985	-0.3764879	0.74282867	1.1193166	-0.7646088	0.44469723	1.0	False	blood	early	nucleotide_transformer
1142	-0.37630385	0.7424881	1.1187919	-0.76458794	0.4447097	1.0	False	blood	early	nucleotide_transformer
4546	-0.3764668	0.7429314	1.1193982	-0.7644729	0.4447781	1.0	False	blood	early	nucleotide_transformer
1624	-0.376302	0.74271154	1.1190135	-0.7643735	0.44483733	1.0	False	blood	early	nucleotide_transformer
2188	-0.37606305	0.74269515	1.1187582	-0.76394314	0.44509366	1.0	False	blood	early	nucleotide_transformer
2479	-0.37603718	0.7426937	1.1187309	-0.76389617	0.44512156	1.0	False	blood	early	nucleotide_transformer
4031	-0.3756191	0.74209017	1.1177093	-0.76368475	0.44524765	1.0	False	blood	early	nucleotide_transformer
3522	-0.37586677	0.74278724	1.118654	-0.7634906	0.44536328	1.0	False	blood	early	nucleotide_transformer
2867	-0.37580645	0.7428467	1.1186532	-0.76332104	0.44546428	1.0	False	blood	early	nucleotide_transformer
2747	-0.37581187	0.74285954	1.1186714	-0.7633194	0.4454653	1.0	False	blood	early	nucleotide_transformer
3496	-0.37566197	0.74286485	1.1185268	-0.7630352	0.4456349	1.0	False	blood	early	nucleotide_transformer
2350	-0.3752491	0.7428331	1.1180822	-0.76229286	0.44607735	1.0	False	blood	early	nucleotide_transformer
3456	-0.37492245	0.74303395	1.1179564	-0.7614962	0.44655293	1.0	False	blood	early	nucleotide_transformer
235	-0.37472636	0.743231	1.1179574	-0.76094455	0.44688213	1.0	False	blood	early	nucleotide_transformer
1524	-0.37453508	0.74328136	1.1178164	-0.7605419	0.44712254	1.0	False	blood	early	nucleotide_transformer
484	-0.30442983	0.4945557	0.79898554	-0.7508327	0.452936	1.0	False	blood	early	nucleotide_transformer
1373	-0.3044779	0.49469456	0.79917246	-0.75074893	0.45298633	1.0	False	blood	early	nucleotide_transformer
403	-0.30446908	0.49472263	0.7991917	-0.750691	0.45302123	1.0	False	blood	early	nucleotide_transformer
3331	-0.30436608	0.49462214	0.7989882	-0.7506	0.45307606	1.0	False	blood	early	nucleotide_transformer
3999	-0.30437654	0.49474484	0.7991214	-0.7504558	0.4531629	1.0	False	blood	early	nucleotide_transformer
4955	-0.3043618	0.4947463	0.7991081	-0.75042295	0.45318252	1.0	False	blood	early	nucleotide_transformer
4823	-0.30423	0.4946383	0.7988683	-0.75027525	0.4532715	1.0	False	blood	early	nucleotide_transformer
2008	-0.3041918	0.49476907	0.79896086	-0.75001127	0.4534304	1.0	False	blood	early	nucleotide_transformer
2045	-0.30431226	0.49503127	0.7993435	-0.7499229	0.45348373	1.0	False	blood	early	nucleotide_transformer
3124	-0.30419025	0.49483344	0.7990237	-0.74991995	0.45348546	1.0	False	blood	early	nucleotide_transformer
1854	-0.30402577	0.49459755	0.7986233	-0.7498779	0.45351082	1.0	False	blood	early	nucleotide_transformer
4752	-0.3040209	0.49463114	0.79865205	-0.7498186	0.45354655	1.0	False	blood	early	nucleotide_transformer
1187	-0.30404365	0.49467534	0.798719	-0.7498116	0.4535507	1.0	False	blood	early	nucleotide_transformer
3521	-0.3040293	0.49492002	0.7989493	-0.74944365	0.4537723	1.0	False	blood	early	nucleotide_transformer
4986	-0.30383512	0.49462065	0.7984558	-0.7494199	0.45378658	1.0	False	blood	early	nucleotide_transformer
2352	-0.30396873	0.49486685	0.7988356	-0.74938226	0.4538092	1.0	False	blood	early	nucleotide_transformer
883	-0.30377257	0.49459857	0.79837114	-0.7493107	0.4538524	1.0	False	blood	early	nucleotide_transformer
3651	-0.30395427	0.49494234	0.7988966	-0.74924725	0.4538906	1.0	False	blood	early	nucleotide_transformer
4441	-0.30396244	0.4949561	0.79891855	-0.74924606	0.45389143	1.0	False	blood	early	nucleotide_transformer
4954	-0.30384308	0.49477172	0.7986148	-0.749234	0.4538986	1.0	False	blood	early	nucleotide_transformer
4977	-0.30377758	0.4946646	0.7984422	-0.7492319	0.45389995	1.0	False	blood	early	nucleotide_transformer
1249	-0.30393067	0.49494132	0.798872	-0.749196	0.45392162	1.0	False	blood	early	nucleotide_transformer
4255	-0.30382016	0.4948056	0.79862577	-0.749134	0.45395893	1.0	False	blood	early	nucleotide_transformer
897	-0.30364746	0.4948641	0.79851156	-0.7486723	0.45423695	1.0	False	blood	early	nucleotide_transformer
3140	-0.30367446	0.494941	0.79861546	-0.7486256	0.45426515	1.0	False	blood	early	nucleotide_transformer
215	-0.30365968	0.49494088	0.79860055	-0.74859345	0.45428443	1.0	False	blood	early	nucleotide_transformer
283	-0.30370554	0.49501655	0.7987221	-0.74859244	0.45428506	1.0	False	blood	early	nucleotide_transformer
800	-0.30356488	0.49483588	0.79840076	-0.7485258	0.4543252	1.0	False	blood	early	nucleotide_transformer
4284	-0.3038215	0.49526823	0.7990897	-0.7485069	0.45433676	1.0	False	blood	early	nucleotide_transformer
2598	-0.30373842	0.49516696	0.7989054	-0.74845916	0.45436552	1.0	False	blood	early	nucleotide_transformer
1027	-0.3035084	0.49482697	0.7983354	-0.74841136	0.4543945	1.0	False	blood	early	nucleotide_transformer
2192	-0.30369467	0.4951355	0.79883015	-0.7484054	0.45439795	1.0	False	blood	early	nucleotide_transformer
3381	-0.30370158	0.49519062	0.7988922	-0.7483457	0.45443398	1.0	False	blood	early	nucleotide_transformer
87	-0.30356896	0.49502033	0.7985893	-0.7482827	0.45447195	1.0	False	blood	early	nucleotide_transformer
469	-0.30367878	0.49522677	0.79890555	-0.74824506	0.45449463	1.0	False	blood	early	nucleotide_transformer
4948	-0.3036983	0.4952696	0.7989679	-0.74823034	0.45450345	1.0	False	blood	early	nucleotide_transformer
4695	-0.30350107	0.49495226	0.79845333	-0.74822444	0.45450708	1.0	False	blood	early	nucleotide_transformer
3765	-0.3036732	0.49523914	0.79891235	-0.74821985	0.4545099	1.0	False	blood	early	nucleotide_transformer
766	-0.30368778	0.49527088	0.79895866	-0.7482057	0.45451832	1.0	False	blood	early	nucleotide_transformer
42	-0.30347785	0.49497113	0.798449	-0.74814767	0.4545534	1.0	False	blood	early	nucleotide_transformer
2562	-0.30357483	0.49515525	0.7987301	-0.7481151	0.45457292	1.0	False	blood	early	nucleotide_transformer
1319	-0.30356747	0.49531496	0.7988824	-0.7478778	0.45471606	1.0	False	blood	early	nucleotide_transformer
1946	0.4406287	1.2391993	0.7985706	0.74784225	0.45480427	1.0	False	blood	early	nucleotide_transformer
4539	0.44024622	1.2385122	0.79826593	0.7475944	0.45495388	1.0	False	blood	early	nucleotide_transformer
1903	0.44037068	1.2388952	0.7985245	0.74757445	0.45496577	1.0	False	blood	early	nucleotide_transformer
750	-0.3033869	0.4953433	0.7987302	-0.7474375	0.45498154	1.0	False	blood	early	nucleotide_transformer
981	-0.30297622	0.49506196	0.7980382	-0.74690723	0.45530158	1.0	False	blood	early	nucleotide_transformer
3526	-0.30307138	0.49534893	0.7984203	-0.7467279	0.45540988	1.0	False	blood	early	nucleotide_transformer
1808	-0.30301464	0.4953099	0.7983245	-0.7466553	0.45545357	1.0	False	blood	early	nucleotide_transformer
5049	-0.30302817	0.49536633	0.7983945	-0.74660814	0.45548213	1.0	False	blood	early	nucleotide_transformer
842	-0.3030598	0.4954358	0.7984956	-0.7465849	0.45549607	1.0	False	blood	early	nucleotide_transformer
2	-0.3030565	0.4954315	0.798488	-0.74658346	0.4554969	1.0	False	blood	early	nucleotide_transformer
389	-0.30313498	0.4955672	0.7987022	-0.74657243	0.4555035	1.0	False	blood	early	nucleotide_transformer
4684	-0.30300254	0.49551195	0.7985145	-0.74635416	0.4556353	1.0	False	blood	early	nucleotide_transformer
1396	0.4393146	1.2378832	0.7985686	0.7463115	0.4557277	1.0	False	blood	early	nucleotide_transformer
1273	-0.3028495	0.49548998	0.7983395	-0.7460434	0.45582306	1.0	False	blood	early	nucleotide_transformer
3621	-0.3026603	0.49549055	0.79815084	-0.74562204	0.45607737	1.0	False	blood	early	nucleotide_transformer
2156	-0.30266342	0.49561307	0.7982765	-0.74546176	0.45617425	1.0	False	blood	early	nucleotide_transformer
1029	-0.30238006	0.4959102	0.79829025	-0.7444294	0.45679826	1.0	False	blood	early	nucleotide_transformer
2880	-0.30231073	0.49586907	0.7981798	-0.7443309	0.45685777	1.0	False	blood	early	nucleotide_transformer
4331	-0.46735144	1.2383733	1.7057247	-0.7442834	0.4568993	1.0	False	blood	early	nucleotide_transformer
28	-0.4671898	1.2380931	1.7052829	-0.74419963	0.45694992	1.0	False	blood	early	nucleotide_transformer
2990	-0.4666263	1.2379164	1.7045426	-0.74345875	0.45739806	1.0	False	blood	early	nucleotide_transformer
5051	-0.46664715	1.238222	1.7048692	-0.74331635	0.45748428	1.0	False	blood	early	nucleotide_transformer
1586	-0.46589315	1.2387426	1.7046357	-0.7418993	0.458342	1.0	False	blood	early	nucleotide_transformer
4708	-0.46581852	1.2386991	1.7045176	-0.74181205	0.4583949	1.0	False	blood	early	nucleotide_transformer
1012	-0.46558416	1.238887	1.7044711	-0.741357	0.4586706	1.0	False	blood	early	nucleotide_transformer
4383	0.4757371	1.487412	1.0116749	0.7350891	0.4625261	1.0	False	blood	early	nucleotide_transformer
523	0.4756447	1.4872391	1.0115944	0.7350295	0.46256238	1.0	False	blood	early	nucleotide_transformer
2760	0.47561526	1.4873571	1.0117419	0.734918	0.4626304	1.0	False	blood	early	nucleotide_transformer
714	0.4750961	1.4866707	1.0115746	0.7344265	0.46292958	1.0	False	blood	early	nucleotide_transformer
3665	0.4733578	1.484779	1.0114212	0.7325694	0.4640609	1.0	False	blood	early	nucleotide_transformer
531	0.472512	1.4851729	1.0126609	0.7309756	0.46503308	1.0	False	blood	early	nucleotide_transformer
2859	0.47160113	1.4843845	1.0127834	0.72989285	0.4656943	1.0	False	blood	early	nucleotide_transformer
3278	0.5102476	1.7348909	1.2246433	0.72900003	0.46623817	1.0	False	blood	early	nucleotide_transformer
2270	0.5101769	1.734955	1.224778	0.72886556	0.46632025	1.0	False	blood	early	nucleotide_transformer
3324	0.51010895	1.734817	1.2247081	0.7288252	0.46634474	1.0	False	blood	early	nucleotide_transformer
3898	0.5100279	1.7347336	1.2247057	0.72873974	0.46639708	1.0	False	blood	early	nucleotide_transformer
2245	0.5099567	1.7345532	1.2245965	0.7287118	0.46641427	1.0	False	blood	early	nucleotide_transformer
4690	0.51000357	1.7347257	1.2247221	0.7287064	0.4664176	1.0	False	blood	early	nucleotide_transformer
976	0.50988376	1.7344694	1.2245857	0.7286385	0.46645913	1.0	False	blood	early	nucleotide_transformer
2593	0.5098132	1.7344369	1.2246237	0.7285465	0.4665154	1.0	False	blood	early	nucleotide_transformer
1084	0.5097064	1.7343127	1.2246063	0.7284399	0.46658054	1.0	False	blood	early	nucleotide_transformer
556	0.5097251	1.7344983	1.2247732	0.7283869	0.46661308	1.0	False	blood	early	nucleotide_transformer
4169	0.5096364	1.7343005	1.2246641	0.72833973	0.46664184	1.0	False	blood	early	nucleotide_transformer
1160	0.50941443	1.7338103	1.2243959	0.7282211	0.46671435	1.0	False	blood	early	nucleotide_transformer
1342	0.5089134	1.7329772	1.2240638	0.72783715	0.46694922	1.0	False	blood	early	nucleotide_transformer
2573	-0.39592916	0.9900275	1.3859566	-0.7033839	0.481997	1.0	False	blood	early	nucleotide_transformer
991	-0.39569736	0.98968875	1.3853861	-0.70322347	0.48209703	1.0	False	blood	early	nucleotide_transformer
648	-0.39589083	0.9902811	1.3861719	-0.70315033	0.48214272	1.0	False	blood	early	nucleotide_transformer
1442	-0.39567196	0.9904928	1.3861648	-0.70264876	0.4824551	1.0	False	blood	early	nucleotide_transformer
2014	-0.39565444	0.9905225	1.386177	-0.7025998	0.4824856	1.0	False	blood	early	nucleotide_transformer
2397	-0.39546782	0.99014837	1.3856162	-0.70253783	0.48252416	1.0	False	blood	early	nucleotide_transformer
4619	-0.39559084	0.9905017	1.3860925	-0.7025083	0.48254266	1.0	False	blood	early	nucleotide_transformer
4327	-0.39555365	0.99043065	1.3859843	-0.7024933	0.48255187	1.0	False	blood	early	nucleotide_transformer
3640	-0.39542025	0.9904862	1.3859065	-0.7022353	0.48271286	1.0	False	blood	early	nucleotide_transformer
93	-0.3952471	0.9902469	1.385494	-0.7021058	0.48279345	1.0	False	blood	early	nucleotide_transformer
1061	-0.39525384	0.99044794	1.3857018	-0.7019846	0.48286897	1.0	False	blood	early	nucleotide_transformer
1909	-0.39525348	0.9904985	1.385752	-0.7019506	0.48289016	1.0	False	blood	early	nucleotide_transformer
8	-0.3952874	0.99060094	1.3858883	-0.7019392	0.48289725	1.0	False	blood	early	nucleotide_transformer
2165	-0.39503026	0.99027836	1.3853086	-0.701725	0.48303077	1.0	False	blood	early	nucleotide_transformer
4551	-0.39493877	0.9903429	1.3852817	-0.7015304	0.48315215	1.0	False	blood	early	nucleotide_transformer
355	-0.39499503	0.9904949	1.38549	-0.7015237	0.48315632	1.0	False	blood	early	nucleotide_transformer
5039	-0.39478892	0.9901672	1.3849561	-0.70139843	0.48323447	1.0	False	blood	early	nucleotide_transformer
686	-0.39481932	0.99024886	1.3850682	-0.7013942	0.4832371	1.0	False	blood	early	nucleotide_transformer
2468	-0.39479375	0.99024177	1.3850355	-0.70135653	0.4832606	1.0	False	blood	early	nucleotide_transformer
4270	-0.39482605	0.9903773	1.3852034	-0.70132095	0.48328286	1.0	False	blood	early	nucleotide_transformer
59	-0.39474416	0.99018586	1.38493	-0.7013118	0.48328856	1.0	False	blood	early	nucleotide_transformer
260	-0.39477164	0.99036056	1.3851322	-0.70124173	0.48333216	1.0	False	blood	early	nucleotide_transformer
4719	-0.39478004	0.9906446	1.3854246	-0.7010684	0.48344034	1.0	False	blood	early	nucleotide_transformer
1648	-0.39481747	0.99073803	1.3855555	-0.7010684	0.48344034	1.0	False	blood	early	nucleotide_transformer
2648	-0.39475363	0.9906797	1.3854333	-0.7010008	0.4834825	1.0	False	blood	early	nucleotide_transformer
3172	-0.39462692	0.9905034	1.3851303	-0.70090723	0.48354092	1.0	False	blood	early	nucleotide_transformer
2953	-0.39469528	0.9906932	1.3853885	-0.70089495	0.48354855	1.0	False	blood	early	nucleotide_transformer
989	-0.3947655	0.9910333	1.3857988	-0.7007878	0.48361537	1.0	False	blood	early	nucleotide_transformer
2147	-0.39426458	0.9902972	1.3845618	-0.700442	0.4838312	1.0	False	blood	early	nucleotide_transformer
3208	-0.39427787	0.9905034	1.3847812	-0.7003284	0.48390207	1.0	False	blood	early	nucleotide_transformer
878	-0.39413792	0.99088377	1.3850217	-0.6998445	0.48420423	1.0	False	blood	early	nucleotide_transformer
969	-0.39417928	0.9913046	1.3854839	-0.6996347	0.48433515	1.0	False	blood	early	nucleotide_transformer
5023	0.3176919	0.74346703	0.42577514	0.69966483	0.48437345	1.0	False	blood	early	nucleotide_transformer
662	-0.39401335	0.9910094	1.3850228	-0.69955504	0.48438495	1.0	False	blood	early	nucleotide_transformer
2837	0.31745455	0.7429409	0.42548636	0.6996388	0.48438972	1.0	False	blood	early	nucleotide_transformer
3448	0.3176288	0.74359334	0.42596453	0.69938636	0.4845473	1.0	False	blood	early	nucleotide_transformer
468	0.31733412	0.74296576	0.42563164	0.699326	0.48458493	1.0	False	blood	early	nucleotide_transformer
3136	0.31740242	0.7431651	0.42576265	0.6992866	0.4846096	1.0	False	blood	early	nucleotide_transformer
1362	0.31730074	0.7429409	0.42564017	0.6992715	0.484619	1.0	False	blood	early	nucleotide_transformer
2109	0.31728998	0.7429536	0.42566362	0.69923306	0.48464298	1.0	False	blood	early	nucleotide_transformer
3786	-0.39391184	0.9913907	1.3853025	-0.6991344	0.48464745	1.0	False	blood	early	nucleotide_transformer
1138	0.3172744	0.74299604	0.42572165	0.699153	0.4846929	1.0	False	blood	early	nucleotide_transformer
5031	0.3173056	0.7430933	0.42578772	0.6991284	0.4847084	1.0	False	blood	early	nucleotide_transformer
4385	0.31718236	0.74285144	0.42566907	0.6990801	0.48473862	1.0	False	blood	early	nucleotide_transformer
4224	-0.39380813	0.9913664	1.3851745	-0.6989778	0.48474547	1.0	False	blood	early	nucleotide_transformer
4747	0.31771982	0.74415165	0.42643183	0.69903225	0.48476827	1.0	False	blood	early	nucleotide_transformer
2773	0.31718573	0.7429148	0.42572907	0.6990247	0.48477307	1.0	False	blood	early	nucleotide_transformer
5098	0.31724137	0.7430544	0.42581302	0.6990158	0.48477846	1.0	False	blood	early	nucleotide_transformer
3679	-0.39382714	0.9915412	1.3853683	-0.69889474	0.48479736	1.0	False	blood	early	nucleotide_transformer
2140	0.31763306	0.7440347	0.42640164	0.69894534	0.48482257	1.0	False	blood	early	nucleotide_transformer
543	0.31768224	0.7441574	0.42647514	0.69893676	0.48482788	1.0	False	blood	early	nucleotide_transformer
205	0.31756938	0.74390495	0.42633557	0.6989253	0.4848351	1.0	False	blood	early	nucleotide_transformer
3734	-0.39376116	0.9914794	1.3852406	-0.6988258	0.48484042	1.0	False	blood	early	nucleotide_transformer
3410	0.31757128	0.74392265	0.42635137	0.6989118	0.4848435	1.0	False	blood	early	nucleotide_transformer
663	0.31724814	0.74318963	0.4259415	0.69889474	0.48485428	1.0	False	blood	early	nucleotide_transformer
2034	-0.39367014	0.99131304	1.3849832	-0.6987839	0.48486668	1.0	False	blood	early	nucleotide_transformer
5035	0.31705797	0.74287397	0.425816	0.6987616	0.48493737	1.0	False	blood	early	nucleotide_transformer
945	-0.39357865	0.99131215	1.3848908	-0.6986333	0.48496065	1.0	False	blood	early	nucleotide_transformer
1503	-0.39357227	0.9913078	1.3848801	-0.69862556	0.48496544	1.0	False	blood	early	nucleotide_transformer
3322	-0.39366394	0.99159724	1.3852612	-0.6985871	0.48498967	1.0	False	blood	early	nucleotide_transformer
2456	0.31696683	0.7427609	0.42579406	0.69866055	0.4850005	1.0	False	blood	early	nucleotide_transformer
3924	-0.39352363	0.99129397	1.3848176	-0.69855386	0.48501033	1.0	False	blood	early	nucleotide_transformer
3211	-0.39345258	0.9911284	1.384581	-0.6985466	0.48501495	1.0	False	blood	early	nucleotide_transformer
3820	0.3167443	0.74228173	0.42553744	0.69861555	0.48502856	1.0	False	blood	early	nucleotide_transformer
3608	0.31693277	0.7427817	0.42584893	0.6985581	0.48506445	1.0	False	blood	early	nucleotide_transformer
3040	-0.39358056	0.99160635	1.3851869	-0.6984428	0.48507977	1.0	False	blood	early	nucleotide_transformer
2216	0.31683156	0.7425681	0.42573652	0.6985334	0.4850799	1.0	False	blood	early	nucleotide_transformer
4594	0.31699657	0.7430695	0.42607296	0.6984172	0.48515257	1.0	False	blood	early	nucleotide_transformer
3155	0.31678426	0.74260575	0.42582148	0.6983825	0.4851741	1.0	False	blood	early	nucleotide_transformer
1863	-0.3933711	0.9913089	1.38468	-0.69829106	0.48517457	1.0	False	blood	early	nucleotide_transformer
4438	0.31676656	0.7426057	0.42583913	0.6983403	0.48520058	1.0	False	blood	early	nucleotide_transformer
1288	-0.393278	0.991143	1.384421	-0.6982464	0.4852024	1.0	False	blood	early	nucleotide_transformer
658	0.31663492	0.74246746	0.42583254	0.69816655	0.48530915	1.0	False	blood	early	nucleotide_transformer
3649	0.31670853	0.7426561	0.42594758	0.6981509	0.48531887	1.0	False	blood	early	nucleotide_transformer
219	0.31657714	0.7423833	0.42580616	0.6981133	0.48534232	1.0	False	blood	early	nucleotide_transformer
46	0.31679592	0.7429361	0.42614016	0.6980737	0.48536718	1.0	False	blood	early	nucleotide_transformer
1680	0.31645015	0.74245775	0.4260076	0.6977354	0.48557848	1.0	False	blood	early	nucleotide_transformer
1450	0.3160404	0.74193645	0.42589605	0.6972858	0.4858596	1.0	False	blood	early	nucleotide_transformer
4702	0.35322684	0.9920246	0.63879776	0.66928846	0.50353044	1.0	False	blood	early	nucleotide_transformer
3703	0.3531587	0.9919106	0.63875186	0.6692324	0.5035662	1.0	False	blood	early	nucleotide_transformer
292	0.35315078	0.9923408	0.63919	0.6689062	0.50377417	1.0	False	blood	early	nucleotide_transformer
3572	0.35269135	0.9913194	0.63862807	0.66871023	0.5038991	1.0	False	blood	early	nucleotide_transformer
4879	0.3526985	0.99144167	0.63874316	0.6686374	0.5039455	1.0	False	blood	early	nucleotide_transformer
4596	0.35221642	0.9906818	0.6384654	0.66820973	0.5042182	1.0	False	blood	early	nucleotide_transformer
4958	0.35206872	0.99079484	0.6387261	0.6678299	0.5044604	1.0	False	blood	early	nucleotide_transformer
1221	0.35181212	0.99047506	0.63866293	0.66754043	0.5046451	1.0	False	blood	early	nucleotide_transformer
1003	0.35193354	0.9908345	0.63890094	0.66752756	0.5046534	1.0	False	blood	early	nucleotide_transformer
1125	0.35156447	0.9898519	0.6382874	0.66748935	0.5046778	1.0	False	blood	early	nucleotide_transformer
4104	0.35144293	0.9897657	0.6383228	0.6673049	0.50479555	1.0	False	blood	early	nucleotide_transformer
4319	0.35160124	0.9902373	0.63863605	0.6672833	0.50480926	1.0	False	blood	early	nucleotide_transformer
4904	0.35133594	0.9899709	0.638635	0.66694164	0.5050273	1.0	False	blood	early	nucleotide_transformer
2735	0.3512346	0.9901027	0.6388681	0.66664195	0.5052187	1.0	False	blood	early	nucleotide_transformer
3313	-0.4145205	1.2375649	1.6520854	-0.66284746	0.5076	1.0	False	blood	early	nucleotide_transformer
1921	-0.32382703	0.7423754	1.0662024	-0.6617676	0.5082863	1.0	False	blood	early	nucleotide_transformer
4276	-0.32358658	0.74186873	1.0654553	-0.6617309	0.50830984	1.0	False	blood	early	nucleotide_transformer
612	-0.41400874	1.2382768	1.6522856	-0.6617159	0.5083247	1.0	False	blood	early	nucleotide_transformer
600	-0.41390228	1.2379566	1.6518589	-0.6617155	0.508325	1.0	False	blood	early	nucleotide_transformer
4059	-0.32378823	0.74236816	1.0661564	-0.66170025	0.50832963	1.0	False	blood	early	nucleotide_transformer
5063	-0.32380337	0.74242085	1.0662242	-0.66168517	0.5083392	1.0	False	blood	early	nucleotide_transformer
3770	-0.32371724	0.7422763	1.0659935	-0.6616413	0.5083673	1.0	False	blood	early	nucleotide_transformer
4514	-0.32373893	0.74235475	1.0660937	-0.6616174	0.5083827	1.0	False	blood	early	nucleotide_transformer
2031	-0.32372892	0.7423606	1.0660895	-0.66159385	0.5083977	1.0	False	blood	early	nucleotide_transformer
1	-0.32373232	0.7424452	1.0661775	-0.6615303	0.5084385	1.0	False	blood	early	nucleotide_transformer
2434	-0.32362944	0.7422318	1.0658612	-0.66151136	0.5084507	1.0	False	blood	early	nucleotide_transformer
2313	-0.32372123	0.74247986	1.0662011	-0.66148067	0.5084703	1.0	False	blood	early	nucleotide_transformer
2433	-0.3237365	0.74252266	1.0662591	-0.6614743	0.50847435	1.0	False	blood	early	nucleotide_transformer
2513	-0.323604	0.7422221	1.065826	-0.661471	0.5084764	1.0	False	blood	early	nucleotide_transformer
2082	-0.3236878	0.742501	1.0661888	-0.6613997	0.50852215	1.0	False	blood	early	nucleotide_transformer
4543	-0.3235259	0.74219954	1.0657254	-0.66134167	0.5085594	1.0	False	blood	early	nucleotide_transformer
2528	-0.4135238	1.2375807	1.6511045	-0.6613342	0.5085695	1.0	False	blood	early	nucleotide_transformer
4834	-0.32337457	0.74193376	1.0653083	-0.66127354	0.5086031	1.0	False	blood	early	nucleotide_transformer
720	-0.4137187	1.2384193	1.652138	-0.6612057	0.50865185	1.0	False	blood	early	nucleotide_transformer
4268	-0.4136852	1.2385775	1.6522627	-0.66107583	0.5087351	1.0	False	blood	early	nucleotide_transformer
4009	-0.41371036	1.2388468	1.6525571	-0.6609778	0.50879794	1.0	False	blood	early	nucleotide_transformer
2619	-0.41369772	1.2389	1.6525977	-0.6609321	0.50882715	1.0	False	blood	early	nucleotide_transformer
2981	-0.32319838	0.7419806	1.065179	-0.6609009	0.5088419	1.0	False	blood	early	nucleotide_transformer
88	-0.41362774	1.2390478	1.6526755	-0.66074926	0.50894433	1.0	False	blood	early	nucleotide_transformer
2806	-0.32325196	0.74249256	1.0657445	-0.66057986	0.5090477	1.0	False	blood	early	nucleotide_transformer
3748	-0.41313756	1.2380073	1.6511449	-0.6605362	0.509081	1.0	False	blood	early	nucleotide_transformer
2354	-0.32336766	0.74288625	1.0662539	-0.66047406	0.50911576	1.0	False	blood	early	nucleotide_transformer
4043	-0.323254	0.7426443	1.0658983	-0.6604586	0.5091256	1.0	False	blood	early	nucleotide_transformer
788	-0.32333916	0.7430338	1.066373	-0.6602986	0.50922817	1.0	False	blood	early	nucleotide_transformer
1469	-0.32307822	0.74247044	1.0655487	-0.6602682	0.5092476	1.0	False	blood	early	nucleotide_transformer
4153	-0.32311004	0.7426649	1.0657749	-0.66016847	0.5093116	1.0	False	blood	early	nucleotide_transformer
1677	-0.41301548	1.2386727	1.6516882	-0.66001666	0.5094142	1.0	False	blood	early	nucleotide_transformer
2621	-0.41305184	1.2388926	1.6519444	-0.65996104	0.50945	1.0	False	blood	early	nucleotide_transformer
2785	-0.32294518	0.74261695	1.0655621	-0.65989494	0.509487	1.0	False	blood	early	nucleotide_transformer
207	-0.41314137	1.2393142	1.6524556	-0.6598815	0.5095009	1.0	False	blood	early	nucleotide_transformer
1351	-0.4130051	1.2390001	1.6520052	-0.65983665	0.50952977	1.0	False	blood	early	nucleotide_transformer
252	-0.4129107	1.2388666	1.6517773	-0.65976113	0.50957817	1.0	False	blood	early	nucleotide_transformer
2811	-0.32282227	0.74273723	1.0655595	-0.6595631	0.5097	1.0	False	blood	early	nucleotide_transformer
175	-0.4127934	1.2390015	1.6517949	-0.659517	0.50973487	1.0	False	blood	early	nucleotide_transformer
1104	-0.3227415	0.74288535	1.0656269	-0.65928686	0.50987726	1.0	False	blood	early	nucleotide_transformer
1452	-0.32271188	0.74293953	1.0656514	-0.65918607	0.5099418	1.0	False	blood	early	nucleotide_transformer
2387	-0.32234526	0.7427634	1.0651087	-0.6586359	0.5102951	1.0	False	blood	early	nucleotide_transformer
4217	-0.3223197	0.7429351	1.0652548	-0.6584447	0.510418	1.0	False	blood	early	nucleotide_transformer
3760	-0.32212186	0.74281025	1.0649321	-0.6581722	0.51059294	1.0	False	blood	early	nucleotide_transformer
2786	-0.3218724	0.7428965	1.0647689	-0.657628	0.5109425	1.0	False	blood	early	nucleotide_transformer
371	-0.3218572	0.7429286	1.0647858	-0.6575729	0.5109778	1.0	False	blood	early	nucleotide_transformer
138	-0.32175708	0.74285173	1.0646088	-0.6574467	0.5110589	1.0	False	blood	early	nucleotide_transformer
2252	-0.3218364	0.74309117	1.0649276	-0.65739965	0.5110892	1.0	False	blood	early	nucleotide_transformer
2431	-0.32176036	0.7429666	1.064727	-0.65735865	0.5111155	1.0	False	blood	early	nucleotide_transformer
716	-0.32176405	0.7429971	1.0647612	-0.65734005	0.5111275	1.0	False	blood	early	nucleotide_transformer
4687	-0.3214854	0.7432096	1.064695	-0.6566365	0.5115798	1.0	False	blood	early	nucleotide_transformer
3490	-0.32133752	0.74325913	1.0645967	-0.65631515	0.51178646	1.0	False	blood	early	nucleotide_transformer
631	0.3884223	1.2405636	0.8521413	0.65593415	0.51207703	1.0	False	blood	early	nucleotide_transformer
3304	0.3868708	1.2383399	0.8514691	0.6544017	0.51306283	1.0	False	blood	early	nucleotide_transformer
2807	0.38710338	1.2392312	0.85212785	0.6543186	0.5131163	1.0	False	blood	early	nucleotide_transformer
1231	0.38684195	1.238921	0.8520791	0.6540274	0.5133037	1.0	False	blood	early	nucleotide_transformer
2345	0.38674688	1.2386959	0.851949	0.6539824	0.5133328	1.0	False	blood	early	nucleotide_transformer
1887	0.38662428	1.2387916	0.8521673	0.65370977	0.5135083	1.0	False	blood	early	nucleotide_transformer
3444	0.38630408	1.2379543	0.8516502	0.6536043	0.5135762	1.0	False	blood	early	nucleotide_transformer
222	0.38618112	1.2377232	0.8515421	0.6535123	0.51363564	1.0	False	blood	early	nucleotide_transformer
882	0.3861124	1.2378132	0.85170084	0.6533396	0.5137468	1.0	False	blood	early	nucleotide_transformer
1339	0.3853895	1.2371143	0.8517248	0.6524333	0.5143308	1.0	False	blood	early	nucleotide_transformer
73	0.38557494	1.2377834	0.8522085	0.65239334	0.51435643	1.0	False	blood	early	nucleotide_transformer
4965	0.38530183	1.2369324	0.85163057	0.65237784	0.51436645	1.0	False	blood	early	nucleotide_transformer
406	0.38524473	1.2368602	0.8516154	0.6523157	0.51440656	1.0	False	blood	early	nucleotide_transformer
3720	0.4568305	1.7340032	1.2771727	0.6511733	0.51513964	1.0	False	blood	early	nucleotide_transformer
1508	0.4229288	1.4879707	1.0650419	0.6511046	0.5151855	1.0	False	blood	early	nucleotide_transformer
3229	0.4562992	1.7341722	1.277873	0.65031177	0.5156956	1.0	False	blood	early	nucleotide_transformer
4640	0.45600152	1.7332562	1.2772547	0.6502271	0.51575017	1.0	False	blood	early	nucleotide_transformer
741	0.42217457	1.4873052	1.0651306	0.6501881	0.5157768	1.0	False	blood	early	nucleotide_transformer
3127	0.4220419	1.4870661	1.0650243	0.65008265	0.5158449	1.0	False	blood	early	nucleotide_transformer
1535	0.4219966	1.4871795	1.0651829	0.64995754	0.5159257	1.0	False	blood	early	nucleotide_transformer
4696	0.42186022	1.4867414	1.0648812	0.6499362	0.5159394	1.0	False	blood	early	nucleotide_transformer
1767	0.42186987	1.4869664	1.0650965	0.6498493	0.5159955	1.0	False	blood	early	nucleotide_transformer
2715	0.42184794	1.4870023	1.0651543	0.6497974	0.5160291	1.0	False	blood	early	nucleotide_transformer
1137	0.42176056	1.4867437	1.0649831	0.64977354	0.51604456	1.0	False	blood	early	nucleotide_transformer
379	0.4216715	1.4864552	1.0647837	0.6497603	0.5160531	1.0	False	blood	early	nucleotide_transformer
3051	0.42180955	1.4870253	1.0652157	0.64972454	0.5160761	1.0	False	blood	early	nucleotide_transformer
3860	0.4216472	1.4865857	1.0649385	0.6496621	0.51611644	1.0	False	blood	early	nucleotide_transformer
1344	0.42154515	1.4864644	1.0649192	0.6495519	0.51618755	1.0	False	blood	early	nucleotide_transformer
4072	0.4212587	1.4854861	1.0642275	0.6495403	0.51619506	1.0	False	blood	early	nucleotide_transformer
2924	0.4214859	1.4864448	1.0649589	0.6494648	0.5162439	1.0	False	blood	early	nucleotide_transformer
2646	0.42081904	1.4858665	1.0650475	0.64864874	0.51677096	1.0	False	blood	early	nucleotide_transformer
1496	0.42046046	1.4855993	1.0651388	0.64819247	0.51706576	1.0	False	blood	early	nucleotide_transformer
4641	0.41910017	1.4854109	1.0663108	0.6460701	0.51843834	1.0	False	blood	early	nucleotide_transformer
3554	0.41910207	1.4854903	1.0663882	0.64603704	0.5184596	1.0	False	blood	early	nucleotide_transformer
894	0.4189012	1.4850175	1.0661163	0.6459276	0.51853055	1.0	False	blood	early	nucleotide_transformer
1553	0.41888273	1.4852797	1.066397	0.6457771	0.5186279	1.0	False	blood	early	nucleotide_transformer
1794	0.41866934	1.4848359	1.0661665	0.6456349	0.5187199	1.0	False	blood	early	nucleotide_transformer
4697	0.41869795	1.4849972	1.0662992	0.64560646	0.5187383	1.0	False	blood	early	nucleotide_transformer
3265	0.4188267	1.4854705	1.0666438	0.6455995	0.5187429	1.0	False	blood	early	nucleotide_transformer
3488	0.418674	1.4849701	1.0662961	0.6455798	0.5187557	1.0	False	blood	early	nucleotide_transformer
2736	0.4187472	1.4852929	1.0665457	0.6455511	0.5187742	1.0	False	blood	early	nucleotide_transformer
4452	-0.2514772	0.4944525	0.7459297	-0.62564886	0.53169763	1.0	False	blood	early	nucleotide_transformer
1259	-0.2514767	0.49465603	0.74613273	-0.6254112	0.5318535	1.0	False	blood	early	nucleotide_transformer
3700	-0.2512711	0.49465558	0.7459267	-0.6249433	0.53216034	1.0	False	blood	early	nucleotide_transformer
950	-0.25078565	0.49476856	0.7455542	-0.62370443	0.5329735	1.0	False	blood	early	nucleotide_transformer
4651	-0.25073716	0.4947358	0.74547297	-0.62363154	0.5330213	1.0	False	blood	early	nucleotide_transformer
1462	-0.25062817	0.4945227	0.74515086	-0.6236291	0.53302306	1.0	False	blood	early	nucleotide_transformer
226	-0.25069	0.4946538	0.7453438	-0.6236184	0.53303015	1.0	False	blood	early	nucleotide_transformer
3864	-0.2507537	0.4949308	0.7456845	-0.6234442	0.5331445	1.0	False	blood	early	nucleotide_transformer
582	-0.25064382	0.4947174	0.7453612	-0.62343985	0.53314734	1.0	False	blood	early	nucleotide_transformer
4439	-0.25054023	0.49479952	0.74533975	-0.62310815	0.5333652	1.0	False	blood	early	nucleotide_transformer
3882	-0.25053352	0.49480307	0.7453366	-0.62308925	0.5333776	1.0	False	blood	early	nucleotide_transformer
4485	0.23078042	0.49655592	0.2657755	0.62313306	0.5334069	1.0	False	blood	early	nucleotide_transformer
4495	-0.25055388	0.49488744	0.7454413	-0.6230377	0.5334115	1.0	False	blood	early	nucleotide_transformer
9	-0.2504986	0.49480832	0.7453069	-0.62300295	0.5334344	1.0	False	blood	early	nucleotide_transformer
63	-0.25052127	0.49501565	0.7455369	-0.6228161	0.53355706	1.0	False	blood	early	nucleotide_transformer
1230	-0.25053605	0.49508026	0.7456163	-0.62277484	0.5335842	1.0	False	blood	early	nucleotide_transformer
1602	-0.25050405	0.4950603	0.74556434	-0.6227247	0.53361714	1.0	False	blood	early	nucleotide_transformer
1131	-0.25037855	0.49490374	0.7452823	-0.62261915	0.5336864	1.0	False	blood	early	nucleotide_transformer
425	-0.25042745	0.49506786	0.7454953	-0.6225411	0.5337378	1.0	False	blood	early	nucleotide_transformer
1400	-0.2504697	0.49515244	0.74562216	-0.62253994	0.5337387	1.0	False	blood	early	nucleotide_transformer
2196	-0.25035328	0.4949507	0.745304	-0.62250745	0.53375983	1.0	False	blood	early	nucleotide_transformer
824	-0.25045133	0.4951548	0.7456061	-0.6224951	0.533768	1.0	False	blood	early	nucleotide_transformer
3857	-0.25042623	0.49511093	0.74553716	-0.6224886	0.53377235	1.0	False	blood	early	nucleotide_transformer
2547	-0.25041714	0.49515948	0.7455766	-0.6224109	0.5338233	1.0	False	blood	early	nucleotide_transformer
4238	-0.25034592	0.49512443	0.74547035	-0.6222889	0.53390354	1.0	False	blood	early	nucleotide_transformer
4590	-0.25034058	0.49515015	0.74549073	-0.62224704	0.533931	1.0	False	blood	early	nucleotide_transformer
2782	-0.25027552	0.49504635	0.74532187	-0.6222195	0.53394914	1.0	False	blood	early	nucleotide_transformer
973	-0.25013098	0.49491963	0.7450506	-0.62203515	0.5340703	1.0	False	blood	early	nucleotide_transformer
1304	-0.250305	0.4953676	0.7456726	-0.62191564	0.5341489	1.0	False	blood	early	nucleotide_transformer
1583	-0.2500215	0.49487874	0.7449002	-0.6218324	0.5342036	1.0	False	blood	early	nucleotide_transformer
119	-0.25004476	0.49493676	0.7449815	-0.6218189	0.5342123	1.0	False	blood	early	nucleotide_transformer
2131	0.22990283	0.4960739	0.26617107	0.62120795	0.5346716	1.0	False	blood	early	nucleotide_transformer
1457	0.2295092	0.49527654	0.26576734	0.6211349	0.5347198	1.0	False	blood	early	nucleotide_transformer
1111	0.22968516	0.49566594	0.26598078	0.6211227	0.5347278	1.0	False	blood	early	nucleotide_transformer
3783	-0.24985984	0.4954758	0.74533564	-0.62077564	0.5348986	1.0	False	blood	early	nucleotide_transformer
4341	0.22955626	0.49560437	0.2660481	0.62082624	0.5349227	1.0	False	blood	early	nucleotide_transformer
1364	-0.24977452	0.49534118	0.7451157	-0.62073505	0.5349252	1.0	False	blood	early	nucleotide_transformer
4618	-0.24975806	0.4953457	0.7451038	-0.6206927	0.5349531	1.0	False	blood	early	nucleotide_transformer
1148	0.22948211	0.49550706	0.26602495	0.6207403	0.5349792	1.0	False	blood	early	nucleotide_transformer
182	-0.24967596	0.4953409	0.7450169	-0.6205107	0.5350729	1.0	False	blood	early	nucleotide_transformer
2291	-0.24965364	0.49535012	0.74500376	-0.6204489	0.5351135	1.0	False	blood	early	nucleotide_transformer
4630	-0.2496497	0.49541354	0.74506325	-0.6203673	0.5351673	1.0	False	blood	early	nucleotide_transformer
345	-0.24958536	0.49546543	0.7450508	-0.62016094	0.53530294	1.0	False	blood	early	nucleotide_transformer
1734	0.22881079	0.49466652	0.26585573	0.6199089	0.535526	1.0	False	blood	early	nucleotide_transformer
1856	0.22876903	0.49459755	0.26582852	0.6198788	0.5355457	1.0	False	blood	early	nucleotide_transformer
2572	0.22879753	0.4946769	0.26587936	0.61985564	0.535561	1.0	False	blood	early	nucleotide_transformer
2394	-0.24938592	0.4955475	0.7449334	-0.6196115	0.5356647	1.0	False	blood	early	nucleotide_transformer
80	0.22870195	0.4946337	0.26593176	0.6196325	0.53570795	1.0	False	blood	early	nucleotide_transformer
1155	0.22870573	0.49464786	0.26594213	0.6196244	0.53571326	1.0	False	blood	early	nucleotide_transformer
1404	0.22868189	0.49460647	0.26592457	0.61961055	0.5357223	1.0	False	blood	early	nucleotide_transformer
3383	0.22878224	0.49486446	0.26608223	0.6195563	0.535758	1.0	False	blood	early	nucleotide_transformer
1329	0.22889388	0.49513862	0.26624474	0.61950946	0.5357888	1.0	False	blood	early	nucleotide_transformer
15	0.22876137	0.49505985	0.26629847	0.6192279	0.53597414	1.0	False	blood	early	nucleotide_transformer
4474	0.22874427	0.49503806	0.2662938	0.6192071	0.53598773	1.0	False	blood	early	nucleotide_transformer
4523	0.22846574	0.49459365	0.2661279	0.61899054	0.5361303	1.0	False	blood	early	nucleotide_transformer
4388	0.22834465	0.49442604	0.2660814	0.6188613	0.53621554	1.0	False	blood	early	nucleotide_transformer
4979	-0.17880258	0.24723867	0.42604125	-0.6178355	0.5368249	1.0	False	blood	early	nucleotide_transformer
914	-0.17876656	0.24731378	0.42608035	-0.6175589	0.53700715	1.0	False	blood	early	nucleotide_transformer
4251	-0.17855343	0.24725047	0.4258039	-0.6170445	0.53734624	1.0	False	blood	early	nucleotide_transformer
838	-0.17848863	0.24725495	0.42574358	-0.6168341	0.537485	1.0	False	blood	early	nucleotide_transformer
4841	-0.17853463	0.24740905	0.42594367	-0.6166355	0.537616	1.0	False	blood	early	nucleotide_transformer
2011	-0.17839004	0.24745904	0.42584908	-0.61608195	0.5379812	1.0	False	blood	early	nucleotide_transformer
2052	-0.17825054	0.24749918	0.42574972	-0.6155683	0.5383201	1.0	False	blood	early	nucleotide_transformer
3494	-0.17809065	0.24734639	0.42543703	-0.61541194	0.5384234	1.0	False	blood	early	nucleotide_transformer
1386	-0.17817743	0.24756749	0.42574492	-0.61519045	0.53856957	1.0	False	blood	early	nucleotide_transformer
4145	-0.17815433	0.24755876	0.4257131	-0.61513895	0.5386035	1.0	False	blood	early	nucleotide_transformer
2319	-0.1781532	0.24757792	0.42573112	-0.6150933	0.5386337	1.0	False	blood	early	nucleotide_transformer
1236	-0.17816727	0.24761455	0.42578182	-0.6150584	0.5386567	1.0	False	blood	early	nucleotide_transformer
5107	-0.1781408	0.24757765	0.42571846	-0.6150559	0.5386583	1.0	False	blood	early	nucleotide_transformer
4877	-0.17813365	0.24760462	0.42573828	-0.6149745	0.538712	1.0	False	blood	early	nucleotide_transformer
3406	-0.17811272	0.24758136	0.42569408	-0.614964	0.538719	1.0	False	blood	early	nucleotide_transformer
3581	-0.17808953	0.24759093	0.42568046	-0.6148722	0.5387797	1.0	False	blood	early	nucleotide_transformer
1481	-0.17805304	0.24754225	0.42559528	-0.61486894	0.5387818	1.0	False	blood	early	nucleotide_transformer
4192	-0.178132	0.24768165	0.42581365	-0.61480254	0.5388256	1.0	False	blood	early	nucleotide_transformer
2185	-0.178019	0.24763955	0.42565855	-0.61454636	0.53899485	1.0	False	blood	early	nucleotide_transformer
3000	-0.17790209	0.2475269	0.425429	-0.6144382	0.53906626	1.0	False	blood	early	nucleotide_transformer
444	-0.1779165	0.24770674	0.42562324	-0.6140868	0.5392983	1.0	False	blood	early	nucleotide_transformer
4442	-0.17791766	0.24771944	0.4256371	-0.6140621	0.53931475	1.0	False	blood	early	nucleotide_transformer
4488	-0.17785497	0.24771483	0.4255698	-0.6138804	0.53943473	1.0	False	blood	early	nucleotide_transformer
2695	-0.17764036	0.24796386	0.42560422	-0.6126794	0.5402286	1.0	False	blood	early	nucleotide_transformer
2851	-0.1776547	0.2479987	0.4256534	-0.6126438	0.5402522	1.0	False	blood	early	nucleotide_transformer
2405	-0.3432182	0.9895874	1.3328056	-0.61263126	0.54027617	1.0	False	blood	early	nucleotide_transformer
78	-0.3428945	0.98995405	1.3328485	-0.6118735	0.5407774	1.0	False	blood	early	nucleotide_transformer
4447	-0.34257507	0.98955095	1.332126	-0.61157054	0.5409778	1.0	False	blood	early	nucleotide_transformer
2273	-0.3425563	0.9897782	1.3323345	-0.6114068	0.541086	1.0	False	blood	early	nucleotide_transformer
3352	-0.34246534	0.98962706	1.3320924	-0.6113416	0.54112923	1.0	False	blood	early	nucleotide_transformer
2915	-0.34262925	0.9904477	1.333077	-0.6111406	0.5412621	1.0	False	blood	early	nucleotide_transformer
670	-0.3425727	0.9902886	1.3328613	-0.61113757	0.54126406	1.0	False	blood	early	nucleotide_transformer
144	-0.34263617	0.9904879	1.333124	-0.61112887	0.54126984	1.0	False	blood	early	nucleotide_transformer
2186	-0.34261543	0.9904303	1.3330457	-0.6111273	0.54127085	1.0	False	blood	early	nucleotide_transformer
472	-0.34233963	0.98982096	1.3321606	-0.61101747	0.5413437	1.0	False	blood	early	nucleotide_transformer
4558	-0.34256727	0.99052984	1.3330971	-0.6109887	0.5413626	1.0	False	blood	early	nucleotide_transformer
584	-0.34240228	0.9901411	1.3325434	-0.610937	0.5413968	1.0	False	blood	early	nucleotide_transformer
4788	-0.34245902	0.9904111	1.3328701	-0.6108754	0.54143757	1.0	False	blood	early	nucleotide_transformer
1906	-0.34238923	0.9902277	1.3326169	-0.6108643	0.541445	1.0	False	blood	early	nucleotide_transformer
2802	-0.34245992	0.9905062	1.3329661	-0.61082184	0.54147315	1.0	False	blood	early	nucleotide_transformer
130	-0.3422215	0.99001503	1.3322365	-0.61070603	0.5415498	1.0	False	blood	early	nucleotide_transformer
3028	-0.3421725	0.99020827	1.3323808	-0.6105112	0.5416787	1.0	False	blood	early	nucleotide_transformer
1116	-0.34197807	0.99021363	1.3321917	-0.6101809	0.54189736	1.0	False	blood	early	nucleotide_transformer
329	-0.34188306	0.9901085	1.3319916	-0.61008257	0.5419625	1.0	False	blood	early	nucleotide_transformer
2878	-0.34176773	0.99021095	1.3319787	-0.6098285	0.5421308	1.0	False	blood	early	nucleotide_transformer
4595	-0.34141743	0.989732	1.3311495	-0.60951746	0.54233676	1.0	False	blood	early	nucleotide_transformer
2918	-0.34143072	0.98980635	1.3312371	-0.60949683	0.5423505	1.0	False	blood	early	nucleotide_transformer
1218	-0.34151417	0.9904379	1.3319521	-0.609271	0.5425	1.0	False	blood	early	nucleotide_transformer
213	-0.34150106	0.9906333	1.3321344	-0.60913587	0.54258955	1.0	False	blood	early	nucleotide_transformer
2569	-0.34141123	0.99047005	1.3318813	-0.6090792	0.5426271	1.0	False	blood	early	nucleotide_transformer
2971	-0.3413142	0.99042225	1.3317364	-0.60894346	0.5427169	1.0	False	blood	early	nucleotide_transformer
2947	-0.34137994	0.9906942	1.3320742	-0.6088963	0.54274833	1.0	False	blood	early	nucleotide_transformer
4375	-0.34115404	0.99034506	1.3314991	-0.6087195	0.5428654	1.0	False	blood	early	nucleotide_transformer
4972	-0.34123164	0.99090475	1.3321364	-0.6085255	0.5429941	1.0	False	blood	early	nucleotide_transformer
3525	-0.34099716	0.99074835	1.3317455	-0.60822064	0.543196	1.0	False	blood	early	nucleotide_transformer
2489	-0.34088564	0.990533	1.3314186	-0.6081593	0.5432368	1.0	False	blood	early	nucleotide_transformer
3886	-0.34098268	0.9908172	1.3317999	-0.6081566	0.5432384	1.0	False	blood	early	nucleotide_transformer
4473	-0.3409037	0.99083525	1.331739	-0.608014	0.5433331	1.0	False	blood	early	nucleotide_transformer
4128	-0.34082603	0.9907104	1.3315364	-0.6079561	0.5433714	1.0	False	blood	early	nucleotide_transformer
2749	-0.34086072	0.9908887	1.3317494	-0.60791093	0.5434014	1.0	False	blood	early	nucleotide_transformer
4296	-0.34095258	0.99130255	1.3322551	-0.60782486	0.54345846	1.0	False	blood	early	nucleotide_transformer
3477	-0.34080654	0.99097604	1.3317826	-0.60776925	0.54349536	1.0	False	blood	early	nucleotide_transformer
802	-0.340712	0.99081737	1.3315294	-0.60770255	0.5435396	1.0	False	blood	early	nucleotide_transformer
282	-0.34043974	0.99095184	1.3313916	-0.607167	0.5438949	1.0	False	blood	early	nucleotide_transformer
1930	-0.34043992	0.9909967	1.3314366	-0.6071413	0.5439118	1.0	False	blood	early	nucleotide_transformer
4366	-0.34018075	0.9914429	1.3316237	-0.60644794	0.5443718	1.0	False	blood	early	nucleotide_transformer
726	-0.3399303	0.9911188	1.3310491	-0.6062135	0.5445275	1.0	False	blood	early	nucleotide_transformer
217	-0.36102283	1.2380004	1.5990232	-0.57917976	0.5626166	1.0	False	blood	early	nucleotide_transformer
4665	-0.36092556	1.2378403	1.5987659	-0.5791022	0.5626689	1.0	False	blood	early	nucleotide_transformer
3737	-0.36074758	1.2377062	1.5984538	-0.5788899	0.5628122	1.0	False	blood	early	nucleotide_transformer
2199	-0.36089313	1.2382495	1.5991427	-0.57887113	0.5628247	1.0	False	blood	early	nucleotide_transformer
3459	-0.3606031	1.237884	1.5984871	-0.5785907	0.563014	1.0	False	blood	early	nucleotide_transformer
189	-0.36057138	1.2380983	1.5986696	-0.57844716	0.5631109	1.0	False	blood	early	nucleotide_transformer
2200	0.2644966	0.74356407	0.47906747	0.57849836	0.5631124	1.0	False	blood	early	nucleotide_transformer
1440	-0.3607211	1.2387199	1.599441	-0.57840043	0.56314236	1.0	False	blood	early	nucleotide_transformer
4913	-0.36036718	1.2377224	1.5980896	-0.5783031	0.5632081	1.0	False	blood	early	nucleotide_transformer
1291	0.2642163	0.7429908	0.4787745	0.578322	0.5632313	1.0	False	blood	early	nucleotide_transformer
944	-0.36041677	1.2380224	1.5984392	-0.5782447	0.56324744	1.0	False	blood	early	nucleotide_transformer
5061	0.26450953	0.7439148	0.47940525	0.57823837	0.5632876	1.0	False	blood	early	nucleotide_transformer
4182	0.2645171	0.74394834	0.47943124	0.57822824	0.5632945	1.0	False	blood	early	nucleotide_transformer
839	-0.36036992	1.2381216	1.5984915	-0.5781295	0.5633251	1.0	False	blood	early	nucleotide_transformer
2344	-0.3604337	1.2388743	1.599308	-0.5778937	0.56348425	1.0	False	blood	early	nucleotide_transformer
4026	-0.36027277	1.2385097	1.5987824	-0.57780945	0.56354123	1.0	False	blood	early	nucleotide_transformer
290	0.26385596	0.74257123	0.47871527	0.57782984	0.5635634	1.0	False	blood	early	nucleotide_transformer
1990	0.26403147	0.7430721	0.47904062	0.57782435	0.5635669	1.0	False	blood	early	nucleotide_transformer
3491	-0.3602972	1.2390097	1.599307	-0.57762563	0.5636653	1.0	False	blood	early	nucleotide_transformer
65	-0.36000347	1.2381226	1.598126	-0.5775706	0.5637024	1.0	False	blood	early	nucleotide_transformer
1114	-0.3600142	1.2382301	1.5982443	-0.5775391	0.56372374	1.0	False	blood	early	nucleotide_transformer
3453	0.26366952	0.7424741	0.47880456	0.57747436	0.56380326	1.0	False	blood	early	nucleotide_transformer
3505	-0.3600793	1.2389402	1.5990195	-0.57732356	0.5638691	1.0	False	blood	early	nucleotide_transformer
1679	0.2636752	0.74267286	0.47899765	0.5773228	0.56390554	1.0	False	blood	early	nucleotide_transformer
2854	0.26344207	0.74227864	0.47883657	0.57710385	0.5640532	1.0	False	blood	early	nucleotide_transformer
5022	-0.35960996	1.2389518	1.5985618	-0.57660246	0.56435615	1.0	False	blood	early	nucleotide_transformer
3568	-0.35948002	1.2386845	1.5981646	-0.5765229	0.5644099	1.0	False	blood	early	nucleotide_transformer
3805	-0.35928547	1.2385247	1.5978101	-0.5762966	0.5645628	1.0	False	blood	early	nucleotide_transformer
2450	0.40280795	1.7341943	1.3313863	0.5724384	0.5671994	1.0	False	blood	early	nucleotide_transformer
4362	0.40079784	1.7334172	1.3326193	0.56972617	0.56903666	1.0	False	blood	early	nucleotide_transformer
344	0.30145097	0.9938908	0.69243985	0.5673558	0.57064956	1.0	False	blood	early	nucleotide_transformer
4819	0.30137193	0.99369663	0.6923247	0.5673152	0.5706772	1.0	False	blood	early	nucleotide_transformer
2263	0.36959267	1.4876372	1.1180445	0.56724554	0.5707209	1.0	False	blood	early	nucleotide_transformer
1208	0.30144787	0.9940719	0.69262403	0.56724083	0.5707277	1.0	False	blood	early	nucleotide_transformer
935	0.30058247	0.9926255	0.692043	0.56639093	0.5713047	1.0	False	blood	early	nucleotide_transformer
2886	0.3688866	1.487118	1.1182314	0.56631976	0.5713496	1.0	False	blood	early	nucleotide_transformer
2576	0.3687644	1.4869637	1.1181993	0.5661839	0.57144195	1.0	False	blood	early	nucleotide_transformer
2161	0.368796	1.487122	1.1183261	0.56617266	0.5714496	1.0	False	blood	early	nucleotide_transformer
3493	0.36873162	1.4869895	1.1182579	0.56612104	0.57148474	1.0	False	blood	early	nucleotide_transformer
599	0.36868036	1.4869055	1.1182251	0.5660724	0.57151777	1.0	False	blood	early	nucleotide_transformer
4173	0.3686483	1.4869457	1.1182975	0.56600505	0.5715634	1.0	False	blood	early	nucleotide_transformer
3187	0.3682599	1.4860517	1.1177918	0.5657365	0.5717459	1.0	False	blood	early	nucleotide_transformer
2454	0.36812234	1.4861187	1.1179963	0.5654888	0.57191414	1.0	False	blood	early	nucleotide_transformer
814	0.30053133	0.9939922	0.6934609	0.5654671	0.5719325	1.0	False	blood	early	nucleotide_transformer
2356	0.30050784	0.9939903	0.69348246	0.56542164	0.57196325	1.0	False	blood	early	nucleotide_transformer
3243	0.29963183	0.9914044	0.6917726	0.5652296	0.5720938	1.0	False	blood	early	nucleotide_transformer
4132	0.29924208	0.9910447	0.6918026	0.5646717	0.57247305	1.0	False	blood	early	nucleotide_transformer
307	0.36737478	1.4855118	1.118137	0.56453073	0.5725656	1.0	False	blood	early	nucleotide_transformer
3104	0.29924238	0.9912799	0.6920375	0.5645298	0.5725696	1.0	False	blood	early	nucleotide_transformer
1579	0.2989831	0.990467	0.6914839	0.564502	0.5725885	1.0	False	blood	early	nucleotide_transformer
3026	0.29919124	0.99118495	0.6919937	0.5644845	0.5726004	1.0	False	blood	early	nucleotide_transformer
2539	0.29925036	0.991387	0.69213665	0.5644815	0.5726024	1.0	False	blood	early	nucleotide_transformer
4992	0.2991147	0.9911027	0.691988	0.564383	0.57266945	1.0	False	blood	early	nucleotide_transformer
673	0.29918092	0.9913763	0.69219536	0.56434953	0.57269216	1.0	False	blood	early	nucleotide_transformer
5065	0.29891264	0.9905745	0.69166183	0.5642974	0.57272756	1.0	False	blood	early	nucleotide_transformer
4127	0.29910803	0.9912263	0.6921183	0.564294	0.57272995	1.0	False	blood	early	nucleotide_transformer
1668	0.2990114	0.99092865	0.69191724	0.56428146	0.57273835	1.0	False	blood	early	nucleotide_transformer
125	0.29891688	0.99061686	0.6917	0.56428033	0.5727391	1.0	False	blood	early	nucleotide_transformer
49	0.29899174	0.9910126	0.69202083	0.564192	0.57279927	1.0	False	blood	early	nucleotide_transformer
4552	0.36686432	1.4854647	1.1186004	0.56372875	0.5731109	1.0	False	blood	early	nucleotide_transformer
2421	0.36663878	1.4848784	1.1182396	0.56359917	0.5731991	1.0	False	blood	early	nucleotide_transformer
4797	0.2983963	0.99027765	0.69188136	0.5634452	0.5733072	1.0	False	blood	early	nucleotide_transformer
4223	0.29833317	0.9900857	0.69175255	0.5634379	0.57331204	1.0	False	blood	early	nucleotide_transformer
124	0.29844624	0.9905678	0.69212157	0.5633713	0.5733575	1.0	False	blood	early	nucleotide_transformer
4060	0.36645734	1.4848577	1.1184003	0.5633158	0.5733918	1.0	False	blood	early	nucleotide_transformer
4425	0.29804188	0.9902085	0.6921666	0.5627797	0.5737601	1.0	False	blood	early	nucleotide_transformer
4464	0.3341546	1.239061	0.9049064	0.5626798	0.57382613	1.0	False	blood	early	nucleotide_transformer
2230	0.33411413	1.2390413	0.9049272	0.5626177	0.57386845	1.0	False	blood	early	nucleotide_transformer
3178	0.29784542	0.98996973	0.6921243	0.5625343	0.5739273	1.0	False	blood	early	nucleotide_transformer
3635	0.36616063	1.4859415	1.1197809	0.56240755	0.57401	1.0	False	blood	early	nucleotide_transformer
3689	0.3337949	1.2384752	0.9046803	0.5623253	0.5740675	1.0	False	blood	early	nucleotide_transformer
126	0.36584294	1.4853764	1.1195334	0.56212306	0.5742037	1.0	False	blood	early	nucleotide_transformer
3579	0.3657279	1.4850599	1.119332	0.5620632	0.5742443	1.0	False	blood	early	nucleotide_transformer
4968	0.33349448	1.2379085	0.904414	0.5620644	0.5742451	1.0	False	blood	early	nucleotide_transformer
622	0.33369052	1.2387209	0.90503037	0.56202406	0.5742727	1.0	False	blood	early	nucleotide_transformer
822	0.33350658	1.2383852	0.9048786	0.5618576	0.57438594	1.0	False	blood	early	nucleotide_transformer
4360	0.3656963	1.4854692	1.1197729	0.5618509	0.57438904	1.0	False	blood	early	nucleotide_transformer
778	0.36570764	1.4855719	1.1198642	0.56182855	0.57440424	1.0	False	blood	early	nucleotide_transformer
3062	0.333602	1.2388202	0.9052182	0.5618204	0.57441133	1.0	False	blood	early	nucleotide_transformer
2925	0.3336017	1.2388303	0.9052286	0.561815	0.57441485	1.0	False	blood	early	nucleotide_transformer
372	0.33361775	1.2388967	0.905279	0.56181157	0.5744173	1.0	False	blood	early	nucleotide_transformer
4252	0.3333791	1.2380686	0.9046895	0.56178445	0.5744358	1.0	False	blood	early	nucleotide_transformer
1598	0.3333162	1.2380242	0.904708	0.561694	0.57449734	1.0	False	blood	early	nucleotide_transformer
4058	0.36549437	1.4851269	1.1196325	0.56166184	0.5745177	1.0	False	blood	early	nucleotide_transformer
3189	0.36540532	1.4850119	1.1196066	0.56156385	0.57458454	1.0	False	blood	early	nucleotide_transformer
304	0.36540186	1.4851056	1.1197038	0.5615215	0.5746134	1.0	False	blood	early	nucleotide_transformer
835	0.33342582	1.2387968	0.905371	0.5615195	0.5746162	1.0	False	blood	early	nucleotide_transformer
1443	0.36517346	1.4848601	1.1196866	0.5612519	0.574797	1.0	False	blood	early	nucleotide_transformer
241	0.3330043	1.237794	0.90478975	0.56125176	0.5747986	1.0	False	blood	early	nucleotide_transformer
4567	0.33266497	1.2377335	0.9050685	0.5606792	0.57518864	1.0	False	blood	early	nucleotide_transformer
4213	0.33253998	1.2375222	0.90498227	0.5605579	0.57527125	1.0	False	blood	early	nucleotide_transformer
428	0.3324231	1.2371302	0.9047071	0.560537	0.5752856	1.0	False	blood	early	nucleotide_transformer
721	0.3324269	1.2375811	0.9051542	0.5603301	0.5754266	1.0	False	blood	early	nucleotide_transformer
4506	0.33214837	1.2373564	0.90520805	0.55994356	0.57569003	1.0	False	blood	early	nucleotide_transformer
2628	0.33206052	1.237177	0.9051165	0.5598727	0.5757384	1.0	False	blood	early	nucleotide_transformer
3501	0.33184016	1.2369356	0.90509546	0.5595977	0.5759259	1.0	False	blood	early	nucleotide_transformer
585	0.3314811	1.2371864	0.90570533	0.5588432	0.5764405	1.0	False	blood	early	nucleotide_transformer
2328	0.330221	1.2361494	0.90592843	0.5571017	0.57762885	1.0	False	blood	early	nucleotide_transformer
4357	-0.27060848	0.7419968	1.0126053	-0.5565261	0.57798994	1.0	False	blood	early	nucleotide_transformer
1466	-0.27073032	0.7424446	1.0131749	-0.5564466	0.57804424	1.0	False	blood	early	nucleotide_transformer
4712	-0.27065372	0.74224305	1.0128968	-0.5564394	0.5780492	1.0	False	blood	early	nucleotide_transformer
1770	-0.27058965	0.74209315	1.0126828	-0.5564214	0.57806146	1.0	False	blood	early	nucleotide_transformer
2541	-0.27071178	0.74245393	1.0131657	-0.55640423	0.57807314	1.0	False	blood	early	nucleotide_transformer
278	-0.2705934	0.74229574	1.0128891	-0.55628616	0.57815385	1.0	False	blood	early	nucleotide_transformer
877	-0.27036476	0.7417393	1.012104	-0.55623573	0.57818836	1.0	False	blood	early	nucleotide_transformer
2790	-0.27054667	0.7423723	1.012919	-0.55614185	0.5782527	1.0	False	blood	early	nucleotide_transformer
3657	-0.27039212	0.74217623	1.0125684	-0.5559818	0.5783618	1.0	False	blood	early	nucleotide_transformer
3159	-0.27033693	0.7420623	1.0123992	-0.55595535	0.57837987	1.0	False	blood	early	nucleotide_transformer
3905	-0.27047879	0.7425111	1.0129899	-0.5559138	0.5784084	1.0	False	blood	early	nucleotide_transformer
2690	-0.27052832	0.7426585	1.0131868	-0.5559061	0.5784136	1.0	False	blood	early	nucleotide_transformer
680	-0.27017802	0.7424188	1.0125968	-0.555398	0.5787608	1.0	False	blood	early	nucleotide_transformer
1981	-0.2702436	0.7426776	1.0129212	-0.5553431	0.57879835	1.0	False	blood	early	nucleotide_transformer
1945	-0.27018315	0.74298376	1.0131669	-0.55501103	0.57902545	1.0	False	blood	early	nucleotide_transformer
4555	-0.2699384	0.7426718	1.0126102	-0.55475724	0.57919896	1.0	False	blood	early	nucleotide_transformer
2047	-0.26981628	0.7423837	1.0122	-0.5547237	0.5792219	1.0	False	blood	early	nucleotide_transformer
237	-0.26988703	0.7426091	1.0124961	-0.5547025	0.5792363	1.0	False	blood	early	nucleotide_transformer
3261	-0.2697969	0.74236304	1.01216	-0.55470043	0.57923776	1.0	False	blood	early	nucleotide_transformer
4533	-0.26961672	0.74208426	1.011701	-0.55454737	0.5793425	1.0	False	blood	early	nucleotide_transformer
4384	-0.2697422	0.7426093	1.0123515	-0.55442274	0.5794277	1.0	False	blood	early	nucleotide_transformer
1715	-0.26967025	0.7424555	1.0121257	-0.55439097	0.57944953	1.0	False	blood	early	nucleotide_transformer
3285	-0.26970017	0.7426733	1.0123734	-0.5542966	0.57951397	1.0	False	blood	early	nucleotide_transformer
1915	-0.26962936	0.74255764	1.012187	-0.55424076	0.5795523	1.0	False	blood	early	nucleotide_transformer
1746	-0.26951426	0.7423398	1.011854	-0.5541704	0.5796003	1.0	False	blood	early	nucleotide_transformer
4648	-0.2694574	0.7426222	1.0120796	-0.553863	0.5798107	1.0	False	blood	early	nucleotide_transformer
1239	-0.2695142	0.74285233	1.0123665	-0.5538114	0.57984596	1.0	False	blood	early	nucleotide_transformer
2858	-0.26936716	0.7424833	1.0118505	-0.5537855	0.57986367	1.0	False	blood	early	nucleotide_transformer
1305	-0.2692635	0.7426121	1.0118756	-0.55349505	0.5800625	1.0	False	blood	early	nucleotide_transformer
1494	-0.2692657	0.7426192	1.0118849	-0.55349433	0.580063	1.0	False	blood	early	nucleotide_transformer
3463	-0.2692154	0.74253935	1.0117548	-0.5534535	0.58009094	1.0	False	blood	early	nucleotide_transformer
3151	-0.26919794	0.7430047	1.0122026	-0.55309355	0.5803372	1.0	False	blood	early	nucleotide_transformer
3834	-0.2691058	0.7428173	1.0119231	-0.5530462	0.58036953	1.0	False	blood	early	nucleotide_transformer
2696	-0.2689199	0.74249905	1.0114189	-0.55291134	0.580462	1.0	False	blood	early	nucleotide_transformer
2977	-0.26915377	0.74318725	1.012341	-0.55288225	0.58048195	1.0	False	blood	early	nucleotide_transformer
4534	-0.26893002	0.74270636	1.0116364	-0.5527865	0.58054745	1.0	False	blood	early	nucleotide_transformer
3387	-0.2690351	0.7431958	1.0122309	-0.55264616	0.5806435	1.0	False	blood	early	nucleotide_transformer
4820	-0.26878905	0.74273336	1.0115224	-0.55249625	0.5807461	1.0	False	blood	early	nucleotide_transformer
2565	-0.2689289	0.74314845	1.0120773	-0.5524728	0.5807623	1.0	False	blood	early	nucleotide_transformer
4897	-0.2687661	0.74297184	1.011738	-0.5522813	0.5808932	1.0	False	blood	early	nucleotide_transformer
2204	-0.2687171	0.74287266	1.0115898	-0.55225897	0.5809086	1.0	False	blood	early	nucleotide_transformer
322	-0.26870328	0.7428892	1.0115925	-0.552221	0.58093464	1.0	False	blood	early	nucleotide_transformer
5109	-0.2686944	0.7428887	1.0115831	-0.55220395	0.58094627	1.0	False	blood	early	nucleotide_transformer
742	-0.26862568	0.742817	1.0114427	-0.5521213	0.5810028	1.0	False	blood	early	nucleotide_transformer
638	-0.26868242	0.7429921	1.0116745	-0.5521054	0.5810138	1.0	False	blood	early	nucleotide_transformer
37	-0.26862186	0.7431038	1.0117257	-0.55191267	0.5811458	1.0	False	blood	early	nucleotide_transformer
3452	-0.26824242	0.7429845	1.0112269	-0.5512637	0.5815903	1.0	False	blood	early	nucleotide_transformer
1211	-0.26810348	0.7431439	1.0112474	-0.55088377	0.5818506	1.0	False	blood	early	nucleotide_transformer
4416	0.14225769	0.24856685	0.10630915	0.54781336	0.58400816	1.0	False	blood	early	nucleotide_transformer
3153	0.14225468	0.2485928	0.10633812	0.54773694	0.5840605	1.0	False	blood	early	nucleotide_transformer
1384	0.14223978	0.24856907	0.10632929	0.54773116	0.5840645	1.0	False	blood	early	nucleotide_transformer
2787	0.14222068	0.24853608	0.106315404	0.5477302	0.5840651	1.0	False	blood	early	nucleotide_transformer
2368	0.14217776	0.24849005	0.1063123	0.54765904	0.584114	1.0	False	blood	early	nucleotide_transformer
1215	0.1422144	0.24855839	0.106343985	0.5476487	0.58412105	1.0	False	blood	early	nucleotide_transformer
4768	0.14218388	0.2485069	0.10632302	0.547644	0.5841244	1.0	False	blood	early	nucleotide_transformer
4221	0.1421865	0.24851434	0.106327854	0.54763705	0.5841291	1.0	False	blood	early	nucleotide_transformer
563	0.14220704	0.24856254	0.1063555	0.547607	0.5841497	1.0	False	blood	early	nucleotide_transformer
2225	0.14215392	0.24847819	0.10632427	0.5475859	0.5841642	1.0	False	blood	early	nucleotide_transformer
2550	0.1413382	0.24757391	0.106235705	0.54631156	0.58503914	1.0	False	blood	early	nucleotide_transformer
1088	0.1411806	0.24744286	0.10626225	0.54595286	0.5852853	1.0	False	blood	early	nucleotide_transformer
2905	0.14145741	0.24793953	0.10648212	0.5459281	0.5853024	1.0	False	blood	early	nucleotide_transformer
4520	0.14100698	0.24726681	0.10625984	0.54563934	0.5855007	1.0	False	blood	early	nucleotide_transformer
2731	0.14096558	0.24736622	0.106400646	0.5452159	0.58579165	1.0	False	blood	early	nucleotide_transformer
1376	0.14089388	0.24725682	0.10636295	0.5451755	0.5858194	1.0	False	blood	early	nucleotide_transformer
4816	0.14086929	0.24721657	0.10634727	0.5451684	0.5858243	1.0	False	blood	early	nucleotide_transformer
4135	0.14096084	0.24738531	0.10642446	0.5451488	0.5858378	1.0	False	blood	early	nucleotide_transformer
1485	0.14087312	0.24723978	0.106366664	0.545128	0.585852	1.0	False	blood	early	nucleotide_transformer
3075	0.14083776	0.24719472	0.10635697	0.5450862	0.5858809	1.0	False	blood	early	nucleotide_transformer
3977	0.1409063	0.24731886	0.10641256	0.54507697	0.5858872	1.0	False	blood	early	nucleotide_transformer
2531	0.14088926	0.24730738	0.10641812	0.54503185	0.5859182	1.0	False	blood	early	nucleotide_transformer
1108	-0.28983474	0.98972833	1.2795631	-0.5195954	0.6034765	1.0	False	blood	early	nucleotide_transformer
3712	-0.28965122	0.989855	1.2795062	-0.5192196	0.60373855	1.0	False	blood	early	nucleotide_transformer
1153	-0.28951037	0.98954356	1.2790539	-0.51913506	0.60379744	1.0	False	blood	early	nucleotide_transformer
3574	-0.28948557	0.98948956	1.2789751	-0.5191193	0.6038085	1.0	False	blood	early	nucleotide_transformer
573	-0.28952736	0.9896689	1.2791963	-0.51910174	0.6038207	1.0	False	blood	early	nucleotide_transformer
2934	-0.28950065	0.98963004	1.2791307	-0.5190756	0.6038388	1.0	False	blood	early	nucleotide_transformer
1976	-0.28949267	0.9896689	1.2791616	-0.5190426	0.6038618	1.0	False	blood	early	nucleotide_transformer
3	-0.28942657	0.9895859	1.2790124	-0.51897115	0.6039115	1.0	False	blood	early	nucleotide_transformer
2369	-0.28943425	0.98975915	1.2791934	-0.518898	0.6039627	1.0	False	blood	early	nucleotide_transformer
1429	-0.2893374	0.98958933	1.2789267	-0.51881707	0.604019	1.0	False	blood	early	nucleotide_transformer
1005	-0.28941017	0.98991996	1.2793301	-0.5187768	0.60404724	1.0	False	blood	early	nucleotide_transformer
1880	-0.2894318	0.9903914	1.2798232	-0.51857764	0.60418606	1.0	False	blood	early	nucleotide_transformer
1154	-0.28938264	0.9902492	1.2796319	-0.5185654	0.6041947	1.0	False	blood	early	nucleotide_transformer
5044	-0.2893017	0.99009436	1.279396	-0.5185048	0.60423684	1.0	False	blood	early	nucleotide_transformer
4122	-0.28926653	0.9902752	1.2795417	-0.51835465	0.6043415	1.0	False	blood	early	nucleotide_transformer
2503	-0.28912193	0.99040073	1.2795227	-0.5180458	0.6045568	1.0	False	blood	early	nucleotide_transformer
3004	-0.28889352	0.99004894	1.2789425	-0.5178327	0.6047056	1.0	False	blood	early	nucleotide_transformer
1543	-0.28878033	0.9904996	1.27928	-0.51741517	0.6049968	1.0	False	blood	early	nucleotide_transformer
4088	-0.28885102	0.9907781	1.2796291	-0.517397	0.60500956	1.0	False	blood	early	nucleotide_transformer
557	-0.28868204	0.9902069	1.278889	-0.5173926	0.6050127	1.0	False	blood	early	nucleotide_transformer
5024	-0.28866625	0.9901892	1.2788554	-0.51737446	0.6050253	1.0	False	blood	early	nucleotide_transformer
2574	-0.2885695	0.99009556	1.2786651	-0.5172562	0.6051077	1.0	False	blood	early	nucleotide_transformer
1536	-0.28847855	0.98979765	1.2782762	-0.5172486	0.605113	1.0	False	blood	early	nucleotide_transformer
2647	-0.28855687	0.99026304	1.2788199	-0.5171514	0.60518074	1.0	False	blood	early	nucleotide_transformer
159	-0.28844744	0.99002415	1.2784716	-0.51708347	0.6052282	1.0	False	blood	early	nucleotide_transformer
1873	-0.28836006	0.9899512	1.2783113	-0.51697046	0.60530704	1.0	False	blood	early	nucleotide_transformer
4141	-0.2882753	0.9901971	1.2784724	-0.516704	0.60549295	1.0	False	blood	early	nucleotide_transformer
1558	-0.28833258	0.9904034	1.278736	-0.5166996	0.6054961	1.0	False	blood	early	nucleotide_transformer
4849	-0.28822047	0.9901833	1.2784038	-0.5166178	0.60555327	1.0	False	blood	early	nucleotide_transformer
3909	-0.28826636	0.99034816	1.2786145	-0.5166138	0.60555595	1.0	False	blood	early	nucleotide_transformer
2814	-0.28833288	0.99066085	1.2789937	-0.51657295	0.6055845	1.0	False	blood	early	nucleotide_transformer
276	-0.28828478	0.990595	1.2788798	-0.5165232	0.60561925	1.0	False	blood	early	nucleotide_transformer
331	-0.28813267	0.99019575	1.2783284	-0.516461	0.60566264	1.0	False	blood	early	nucleotide_transformer
5053	-0.28814495	0.99024355	1.2783885	-0.51645875	0.6056642	1.0	False	blood	early	nucleotide_transformer
3082	-0.28813678	0.99036425	1.278501	-0.51638496	0.60571575	1.0	False	blood	early	nucleotide_transformer
2985	-0.28827792	0.990887	1.2791649	-0.5163665	0.60572857	1.0	False	blood	early	nucleotide_transformer
1920	-0.28811765	0.99034095	1.2784586	-0.51636386	0.6057305	1.0	False	blood	early	nucleotide_transformer
4737	-0.28822047	0.99085265	1.2790731	-0.51628584	0.605785	1.0	False	blood	early	nucleotide_transformer
4536	-0.28795004	0.9899446	1.2778946	-0.51627433	0.60579294	1.0	False	blood	early	nucleotide_transformer
4636	-0.28790832	0.9906217	1.27853	-0.51586825	0.60607654	1.0	False	blood	early	nucleotide_transformer
569	-0.28795183	0.9909096	1.2788614	-0.5157999	0.6061241	1.0	False	blood	early	nucleotide_transformer
2702	-0.28778315	0.99041057	1.2781937	-0.515759	0.60615283	1.0	False	blood	early	nucleotide_transformer
2048	-0.28783524	0.9906845	1.2785197	-0.5157123	0.6061854	1.0	False	blood	early	nucleotide_transformer
4271	-0.28775752	0.99066556	1.2784231	-0.51558965	0.60627097	1.0	False	blood	early	nucleotide_transformer
3227	-0.28778106	0.9907581	1.2785392	-0.5155835	0.6062753	1.0	False	blood	early	nucleotide_transformer
1085	-0.28773022	0.990641	1.2783712	-0.515555	0.6062952	1.0	False	blood	early	nucleotide_transformer
1418	-0.28778595	0.991144	1.27893	-0.5154012	0.6064025	1.0	False	blood	early	nucleotide_transformer
1966	-0.28761828	0.9908259	1.2784442	-0.51527256	0.6064924	1.0	False	blood	early	nucleotide_transformer
2835	-0.2876212	0.99098116	1.2786024	-0.51520103	0.60654235	1.0	False	blood	early	nucleotide_transformer
699	-0.28756714	0.9911573	1.2787244	-0.515022	0.6066674	1.0	False	blood	early	nucleotide_transformer
1190	-0.28759712	0.99126905	1.2788662	-0.51501673	0.6066711	1.0	False	blood	early	nucleotide_transformer
868	-0.28720695	0.9905332	1.2777401	-0.5147155	0.60688156	1.0	False	blood	early	nucleotide_transformer
1458	-0.2872151	0.99087226	1.2780874	-0.51456195	0.60698885	1.0	False	blood	early	nucleotide_transformer
905	-0.2871319	0.9907701	1.277902	-0.51447046	0.6070528	1.0	False	blood	early	nucleotide_transformer
249	-0.28713202	0.99085176	1.2779838	-0.5144309	0.60708046	1.0	False	blood	early	nucleotide_transformer
1665	-0.28714097	0.9913013	1.2784423	-0.51422316	0.60722554	1.0	False	blood	early	nucleotide_transformer
3015	-0.28691983	0.9906738	1.2775936	-0.5141577	0.6072714	1.0	False	blood	early	nucleotide_transformer
2884	-0.2868752	0.99082774	1.2777029	-0.51400554	0.6073777	1.0	False	blood	early	nucleotide_transformer
3933	-0.2868473	0.9907685	1.2776158	-0.513987	0.6073907	1.0	False	blood	early	nucleotide_transformer
4744	-0.28680933	0.9912653	1.2780746	-0.51367575	0.6076082	1.0	False	blood	early	nucleotide_transformer
1970	0.38211906	1.9808974	1.5987784	0.50682116	0.61242956	1.0	False	blood	early	nucleotide_transformer
1177	-0.19773188	0.49439123	0.6921231	-0.4964066	0.6197278	1.0	False	blood	early	nucleotide_transformer
221	-0.19771934	0.49459845	0.6923178	-0.49618188	0.61988616	1.0	False	blood	early	nucleotide_transformer
316	-0.19762939	0.49448407	0.69211346	-0.4960779	0.6199596	1.0	False	blood	early	nucleotide_transformer
632	-0.19760182	0.49447957	0.6920814	-0.49601746	0.62000215	1.0	False	blood	early	nucleotide_transformer
1654	-0.19771472	0.49480042	0.69251513	-0.49598214	0.6200271	1.0	False	blood	early	nucleotide_transformer
2281	-0.30801928	1.237797	1.5458163	-0.49598286	0.6200324	1.0	False	blood	early	nucleotide_transformer
947	0.3499576	1.7340544	1.3840969	0.49600476	0.62003726	1.0	False	blood	early	nucleotide_transformer
3536	-0.19761676	0.49466395	0.6922807	-0.49588042	0.6200989	1.0	False	blood	early	nucleotide_transformer
912	-0.1975865	0.49464056	0.69222707	-0.49583092	0.6201338	1.0	False	blood	early	nucleotide_transformer
3831	0.34986603	1.7341516	1.3842856	0.4958414	0.6201523	1.0	False	blood	early	nucleotide_transformer
4318	-0.30781496	1.2375858	1.5454007	-0.49574786	0.62019813	1.0	False	blood	early	nucleotide_transformer
2302	-0.19758952	0.49475896	0.6923485	-0.49572754	0.6202067	1.0	False	blood	early	nucleotide_transformer
4938	-0.19745547	0.49458987	0.69204533	-0.49557123	0.6203169	1.0	False	blood	early	nucleotide_transformer
809	-0.30774844	1.2381045	1.5458529	-0.49544683	0.62041056	1.0	False	blood	early	nucleotide_transformer
3736	-0.19742614	0.49471974	0.6921459	-0.49538112	0.6204511	1.0	False	blood	early	nucleotide_transformer
3557	-0.19742414	0.49475774	0.6921819	-0.49534276	0.62047803	1.0	False	blood	early	nucleotide_transformer
2336	-0.19735888	0.49467394	0.6920328	-0.49526617	0.6205322	1.0	False	blood	early	nucleotide_transformer
3393	-0.19741976	0.49482775	0.6922475	-0.4952651	0.620533	1.0	False	blood	early	nucleotide_transformer
2231	-0.19731674	0.49476358	0.6920803	-0.49508408	0.62066066	1.0	False	blood	early	nucleotide_transformer
2261	-0.30760825	1.2385587	1.5461669	-0.49505454	0.6206873	1.0	False	blood	early	nucleotide_transformer
4209	-0.19734088	0.49486735	0.69220823	-0.49504402	0.6206889	1.0	False	blood	early	nucleotide_transformer
1806	-0.30750656	1.2381868	1.5456934	-0.4950422	0.62069595	1.0	False	blood	early	nucleotide_transformer
261	-0.30759394	1.2385544	1.5461483	-0.4950369	0.6206997	1.0	False	blood	early	nucleotide_transformer
675	-0.19724447	0.4946444	0.69188887	-0.49502596	0.6207016	1.0	False	blood	early	nucleotide_transformer
377	-0.19736856	0.49496132	0.6923299	-0.49502066	0.62070554	1.0	False	blood	early	nucleotide_transformer
3777	-0.19723576	0.49464804	0.6918838	-0.495002	0.6207186	1.0	False	blood	early	nucleotide_transformer
2825	-0.30733538	1.2376119	1.5449473	-0.4949979	0.6207273	1.0	False	blood	early	nucleotide_transformer
4458	-0.19719785	0.49462533	0.6918232	-0.49493417	0.6207664	1.0	False	blood	early	nucleotide_transformer
2457	-0.30754316	1.2386022	1.5461453	-0.4949404	0.6207678	1.0	False	blood	early	nucleotide_transformer
3870	-0.1972849	0.4948527	0.6921376	-0.49492627	0.6207721	1.0	False	blood	early	nucleotide_transformer
1290	-0.19738114	0.4951222	0.69250333	-0.49489972	0.6207908	1.0	False	blood	early	nucleotide_transformer
2076	-0.30753744	1.2387565	1.546294	-0.49486968	0.6208177	1.0	False	blood	early	nucleotide_transformer
151	-0.30730414	1.2379166	1.5452207	-0.49483305	0.6208435	1.0	False	blood	early	nucleotide_transformer
251	-0.307271	1.237888	1.545159	-0.49479297	0.6208718	1.0	False	blood	early	nucleotide_transformer
3034	-0.1972098	0.49483523	0.69204503	-0.49476665	0.62088466	1.0	False	blood	early	nucleotide_transformer
2928	-0.3074001	1.2386482	1.5460483	-0.49470177	0.6209362	1.0	False	blood	early	nucleotide_transformer
2400	-0.19717926	0.4948426	0.69202185	-0.4946881	0.62094015	1.0	False	blood	early	nucleotide_transformer
5105	-0.19712615	0.49483752	0.6919637	-0.4945683	0.62102467	1.0	False	blood	early	nucleotide_transformer
327	-0.3072778	1.2388506	1.5461284	-0.49443617	0.62112355	1.0	False	blood	early	nucleotide_transformer
2459	-0.30727446	1.2388427	1.5461172	-0.49443418	0.6211251	1.0	False	blood	early	nucleotide_transformer
325	-0.30722058	1.238815	1.5460355	-0.4943617	0.62117624	1.0	False	blood	early	nucleotide_transformer
2892	-0.1969868	0.4947945	0.6917813	-0.49428135	0.62122726	1.0	False	blood	early	nucleotide_transformer
978	-0.19701129	0.494893	0.6919043	-0.49424675	0.62125164	1.0	False	blood	early	nucleotide_transformer
3664	0.34859037	1.7334161	1.3848257	0.49418417	0.62132156	1.0	False	blood	early	nucleotide_transformer
2682	-0.19702426	0.4951307	0.69215494	-0.4940554	0.62138677	1.0	False	blood	early	nucleotide_transformer
3956	-0.3070153	1.2387681	1.5457834	-0.49406278	0.6213873	1.0	False	blood	early	nucleotide_transformer
2507	-0.1969491	0.49495175	0.69190085	-0.49404645	0.621393	1.0	False	blood	early	nucleotide_transformer
2993	-0.3069359	1.238685	1.5456209	-0.49397188	0.6214514	1.0	False	blood	early	nucleotide_transformer
211	-0.3069272	1.2388386	1.5457658	-0.4938998	0.62150216	1.0	False	blood	early	nucleotide_transformer
1041	-0.19685864	0.4949121	0.69177073	-0.49387154	0.6215165	1.0	False	blood	early	nucleotide_transformer
774	-0.19688669	0.49501714	0.6919038	-0.49383962	0.6215391	1.0	False	blood	early	nucleotide_transformer
1977	-0.3068484	1.2390586	1.545907	-0.49369237	0.62164867	1.0	False	blood	early	nucleotide_transformer
1750	-0.1967867	0.495072	0.6918587	-0.49355426	0.62174046	1.0	False	blood	early	nucleotide_transformer
2396	-0.19675499	0.49501854	0.69177353	-0.49352965	0.62175786	1.0	False	blood	early	nucleotide_transformer
1068	-0.19675171	0.49511975	0.69187146	-0.49342656	0.6218308	1.0	False	blood	early	nucleotide_transformer
153	-0.306571	1.23873	1.545301	-0.49339187	0.621861	1.0	False	blood	early	nucleotide_transformer
2519	-0.306347	1.238028	1.5443751	-0.4933141	0.6219159	1.0	False	blood	early	nucleotide_transformer
955	-0.30647564	1.2385685	1.5450442	-0.49330634	0.6219213	1.0	False	blood	early	nucleotide_transformer
3289	-0.306319	1.2379729	1.5442919	-0.49329188	0.62193155	1.0	False	blood	early	nucleotide_transformer
4724	-0.30647516	1.2386816	1.5451567	-0.49326238	0.62195235	1.0	False	blood	early	nucleotide_transformer
4689	-0.19669604	0.49517387	0.6918699	-0.49324572	0.62195843	1.0	False	blood	early	nucleotide_transformer
1250	-0.30650687	1.2388967	1.5454036	-0.49322966	0.6219754	1.0	False	blood	early	nucleotide_transformer
539	-0.30629277	1.2384409	1.5447336	-0.49307308	0.62208605	1.0	False	blood	early	nucleotide_transformer
3089	-0.19662583	0.495215	0.6918408	-0.4930429	0.6221017	1.0	False	blood	early	nucleotide_transformer
3116	0.34781933	1.733388	1.3855686	0.493059	0.6221158	1.0	False	blood	early	nucleotide_transformer
3503	-0.19653729	0.49507752	0.6916148	-0.49296415	0.6221574	1.0	False	blood	early	nucleotide_transformer
2413	-0.30623484	1.2386357	1.5448705	-0.49290904	0.62220204	1.0	False	blood	early	nucleotide_transformer
4244	-0.19656396	0.49521303	0.691777	-0.49289966	0.6222028	1.0	False	blood	early	nucleotide_transformer
3750	-0.19657224	0.49529427	0.6918665	-0.49284366	0.62224245	1.0	False	blood	early	nucleotide_transformer
4399	-0.1965785	0.49541104	0.69198954	-0.4927501	0.6223086	1.0	False	blood	early	nucleotide_transformer
3001	-0.19651785	0.49535486	0.6918727	-0.49266014	0.62237227	1.0	False	blood	early	nucleotide_transformer
2717	-0.19641241	0.4951683	0.6915807	-0.49258637	0.6224243	1.0	False	blood	early	nucleotide_transformer
401	-0.19634959	0.49501994	0.69136953	-0.49257833	0.62243	1.0	False	blood	early	nucleotide_transformer
4655	-0.19650286	0.49544847	0.69195133	-0.49253792	0.6224585	1.0	False	blood	early	nucleotide_transformer
3936	-0.1963045	0.49542058	0.6917251	-0.49209917	0.6227685	1.0	False	blood	early	nucleotide_transformer
4411	-0.30556357	1.2383955	1.543959	-0.49196476	0.622869	1.0	False	blood	early	nucleotide_transformer
5092	0.34696376	1.7332047	1.386241	0.49185565	0.622966	1.0	False	blood	early	nucleotide_transformer
4553	-0.3050425	1.2390097	1.5440522	-0.4909282	0.62360185	1.0	False	blood	early	nucleotide_transformer
2605	0.31626546	1.4875916	1.1713262	0.48382357	0.6286536	1.0	False	blood	early	nucleotide_transformer
0	0.3157302	1.4870458	1.1713156	0.48315683	0.6291268	1.0	False	blood	early	nucleotide_transformer
376	0.31570232	1.4870359	1.1713336	0.4831159	0.62915576	1.0	False	blood	early	nucleotide_transformer
3321	0.31560946	1.4870075	1.171398	0.4829781	0.6292536	1.0	False	blood	early	nucleotide_transformer
4205	0.31558764	1.4869169	1.1713293	0.48297343	0.6292569	1.0	False	blood	early	nucleotide_transformer
3369	0.31552684	1.4869063	1.1713794	0.4828805	0.6293229	1.0	False	blood	early	nucleotide_transformer
1444	0.31492972	1.4863784	1.1714487	0.4821084	0.62987095	1.0	False	blood	early	nucleotide_transformer
1788	0.31492662	1.4865481	1.1716214	0.4820467	0.62991476	1.0	False	blood	early	nucleotide_transformer
4922	0.31459188	1.4861563	1.1715645	0.4816463	0.630199	1.0	False	blood	early	nucleotide_transformer
5085	0.3143705	1.4852061	1.1708356	0.48161536	0.6302209	1.0	False	blood	early	nucleotide_transformer
3017	0.3142463	1.4859827	1.1717364	0.48115462	0.63054824	1.0	False	blood	early	nucleotide_transformer
2417	0.31381798	1.4856732	1.1718552	0.48057678	0.6309587	1.0	False	blood	early	nucleotide_transformer
3662	-0.3259102	1.4862487	1.812159	-0.48046285	0.6310209	1.0	False	blood	early	nucleotide_transformer
3312	0.31368697	1.4854895	1.1718025	0.48043182	0.63106173	1.0	False	blood	early	nucleotide_transformer
1158	0.313581	1.4854046	1.1718236	0.48029187	0.63116103	1.0	False	blood	early	nucleotide_transformer
2978	0.31346023	1.4849951	1.1715349	0.48023698	0.63120013	1.0	False	blood	early	nucleotide_transformer
1449	0.3134582	1.4850756	1.1716174	0.48020688	0.63122135	1.0	False	blood	early	nucleotide_transformer
2467	0.31343567	1.4850954	1.1716597	0.4801645	0.6312516	1.0	False	blood	early	nucleotide_transformer
5006	0.31307817	1.4857702	1.1726921	0.47936818	0.6318176	1.0	False	blood	early	nucleotide_transformer
5064	0.31298757	1.4856502	1.1726626	0.4792641	0.63189155	1.0	False	blood	early	nucleotide_transformer
3844	0.31285858	1.4854004	1.1725419	0.47914413	0.63197684	1.0	False	blood	early	nucleotide_transformer
348	0.31293392	1.4859425	1.1730086	0.4790811	0.6320217	1.0	False	blood	early	nucleotide_transformer
3791	0.3126248	1.4849423	1.1723175	0.4789258	0.6321322	1.0	False	blood	early	nucleotide_transformer
1310	0.31258905	1.4853504	1.1727613	0.47873208	0.63226986	1.0	False	blood	early	nucleotide_transformer
3412	0.31261146	1.4854751	1.1728636	0.47872594	0.63227427	1.0	False	blood	early	nucleotide_transformer
2062	0.3125869	1.4854227	1.1728358	0.47870472	0.63228923	1.0	False	blood	early	nucleotide_transformer
594	0.31249988	1.4853894	1.1728895	0.47857744	0.63237983	1.0	False	blood	early	nucleotide_transformer
3437	0.31251085	1.4855856	1.1730747	0.47852972	0.6324138	1.0	False	blood	early	nucleotide_transformer
3628	0.31240547	1.4851688	1.1727633	0.478501	0.6324342	1.0	False	blood	early	nucleotide_transformer
3923	0.31237233	1.4852753	1.172903	0.47841296	0.6324969	1.0	False	blood	early	nucleotide_transformer
848	0.3123107	1.4852879	1.1729772	0.47831023	0.6325699	1.0	False	blood	early	nucleotide_transformer
3468	0.31222117	1.4852285	1.1730074	0.4781881	0.63265675	1.0	False	blood	early	nucleotide_transformer
220	0.3120675	1.4854008	1.1733333	0.47788605	0.63287157	1.0	False	blood	early	nucleotide_transformer
242	0.31194043	1.4851806	1.1732402	0.47775742	0.63296306	1.0	False	blood	early	nucleotide_transformer
3135	0.17653447	0.49541757	0.3188831	0.47280565	0.6364982	1.0	False	blood	early	nucleotide_transformer
4635	0.17653331	0.49550828	0.31897497	0.47271013	0.6365662	1.0	False	blood	early	nucleotide_transformer
4620	0.1765871	0.49569568	0.31910858	0.47267354	0.63659227	1.0	False	blood	early	nucleotide_transformer
2292	0.17657414	0.49567282	0.31909868	0.47265905	0.6366027	1.0	False	blood	early	nucleotide_transformer
3513	0.17670566	0.49606988	0.31936422	0.47263226	0.63662183	1.0	False	blood	early	nucleotide_transformer
3464	0.17670187	0.49607182	0.31936994	0.47261938	0.636631	1.0	False	blood	early	nucleotide_transformer
889	0.17660487	0.49582586	0.319221	0.47259212	0.6366503	1.0	False	blood	early	nucleotide_transformer
1073	0.17666546	0.49601588	0.31935042	0.47257227	0.63666445	1.0	False	blood	early	nucleotide_transformer
2604	0.17682871	0.49652624	0.31969753	0.47252002	0.6367019	1.0	False	blood	early	nucleotide_transformer
3258	0.17681313	0.4965547	0.31974158	0.47244683	0.63675404	1.0	False	blood	early	nucleotide_transformer
4219	0.1766988	0.49642637	0.31972757	0.47225073	0.63689387	1.0	False	blood	early	nucleotide_transformer
393	0.17660913	0.49634197	0.31973284	0.47208023	0.6370156	1.0	False	blood	early	nucleotide_transformer
983	0.17608368	0.4953356	0.31925192	0.47160062	0.6373577	1.0	False	blood	early	nucleotide_transformer
3046	0.1761187	0.49555767	0.31943896	0.47147545	0.6374471	1.0	False	blood	early	nucleotide_transformer
934	0.17601103	0.4953253	0.31931427	0.47140342	0.63749826	1.0	False	blood	early	nucleotide_transformer
2144	0.17586574	0.49500874	0.319143	0.4713112	0.6375641	1.0	False	blood	early	nucleotide_transformer
2073	0.17575774	0.4947133	0.31895557	0.47130144	0.6375711	1.0	False	blood	early	nucleotide_transformer
2141	0.1758492	0.49500144	0.31915224	0.4712704	0.63759327	1.0	False	blood	early	nucleotide_transformer
3276	0.17573825	0.49470925	0.318971	0.47124973	0.63760805	1.0	False	blood	early	nucleotide_transformer
3916	0.28071266	1.2386358	0.9579231	0.47098213	0.6377924	1.0	False	blood	early	nucleotide_transformer
3906	0.2808001	1.2390211	0.95822096	0.4709809	0.63779336	1.0	False	blood	early	nucleotide_transformer
27	0.2809019	1.2395722	0.95867026	0.470941	0.6378218	1.0	False	blood	early	nucleotide_transformer
4114	0.28077364	1.2390907	0.95831704	0.47090644	0.63784647	1.0	False	blood	early	nucleotide_transformer
3395	0.17571393	0.49501207	0.31929815	0.4708742	0.6378761	1.0	False	blood	early	nucleotide_transformer
1865	0.28076315	1.2393335	0.95857036	0.4707926	0.6379278	1.0	False	blood	early	nucleotide_transformer
918	0.28077155	1.2393723	0.9586007	0.47079244	0.6379279	1.0	False	blood	early	nucleotide_transformer
2815	0.28072935	1.2393415	0.95861214	0.4707305	0.637972	1.0	False	blood	early	nucleotide_transformer
1199	0.28060073	1.238865	0.9582643	0.4706966	0.63799626	1.0	False	blood	early	nucleotide_transformer
4382	0.28060168	1.2388915	0.9582898	0.47068706	0.6380031	1.0	False	blood	early	nucleotide_transformer
3682	0.17570662	0.49518514	0.3194785	0.47067574	0.6380177	1.0	False	blood	early	nucleotide_transformer
4160	0.28035086	1.2383667	0.95801586	0.47045654	0.6381676	1.0	False	blood	early	nucleotide_transformer
4469	0.28033143	1.238281	0.9579496	0.47045603	0.63816804	1.0	False	blood	early	nucleotide_transformer
4071	0.2802273	1.238255	0.9580277	0.47028416	0.6382907	1.0	False	blood	early	nucleotide_transformer
4642	0.2798956	1.2377163	0.9578207	0.4699174	0.63855255	1.0	False	blood	early	nucleotide_transformer
324	0.2795614	1.2378162	0.9582548	0.4692939	0.638998	1.0	False	blood	early	nucleotide_transformer
2737	0.27946663	1.2375561	0.9580895	0.46923056	0.63904315	1.0	False	blood	early	nucleotide_transformer
3849	0.27945775	1.2375728	0.95811504	0.4692081	0.6390592	1.0	False	blood	early	nucleotide_transformer
910	0.27927434	1.2375754	0.95830107	0.46888623	0.6392891	1.0	False	blood	early	nucleotide_transformer
1243	0.27925605	1.2376866	0.9584306	0.46881053	0.63934326	1.0	False	blood	early	nucleotide_transformer
3839	0.2788816	1.2372859	0.95840424	0.46831378	0.63969815	1.0	False	blood	early	nucleotide_transformer
4701	0.27881026	1.2369745	0.9581642	0.4683111	0.63970006	1.0	False	blood	early	nucleotide_transformer
805	0.27879107	1.2372607	0.9584696	0.46816525	0.6398043	1.0	False	blood	early	nucleotide_transformer
1942	0.27878463	1.237323	0.9585384	0.4681296	0.63982975	1.0	False	blood	early	nucleotide_transformer
1216	0.27867085	1.2372855	0.95861465	0.46794483	0.63996184	1.0	False	blood	early	nucleotide_transformer
4941	0.27848542	1.2374125	0.95892704	0.46757087	0.6402291	1.0	False	blood	early	nucleotide_transformer
2888	0.27776003	1.2366499	0.95888984	0.46660107	0.64092255	1.0	False	blood	early	nucleotide_transformer
3470	0.27777076	1.2367325	0.9589617	0.46658763	0.64093214	1.0	False	blood	early	nucleotide_transformer
2609	0.27768832	1.2366996	0.95901126	0.46645626	0.64102626	1.0	False	blood	early	nucleotide_transformer
3098	0.27768242	1.2367498	0.95906734	0.46642643	0.6410475	1.0	False	blood	early	nucleotide_transformer
3037	0.27776116	1.237287	0.9595259	0.46635348	0.6410997	1.0	False	blood	early	nucleotide_transformer
4012	0.27762914	1.2370527	0.95942354	0.46621454	0.64119893	1.0	False	blood	early	nucleotide_transformer
2540	0.27759236	1.2370726	0.9594802	0.46614248	0.6412506	1.0	False	blood	early	nucleotide_transformer
173	0.2463572	0.99136984	0.74501264	0.4624424	0.6439013	1.0	False	blood	early	nucleotide_transformer
1258	0.24636185	0.99165046	0.7452886	0.4623165	0.6439914	1.0	False	blood	early	nucleotide_transformer
4850	0.24629325	0.991429	0.7451357	0.4622898	0.6440106	1.0	False	blood	early	nucleotide_transformer
923	0.2463671	0.99182796	0.74546087	0.46223977	0.64404637	1.0	False	blood	early	nucleotide_transformer
2005	0.24616396	0.99147886	0.7453149	0.46201143	0.6442101	1.0	False	blood	early	nucleotide_transformer
2112	0.2461443	0.9916086	0.7454643	0.46190986	0.644283	1.0	False	blood	early	nucleotide_transformer
1401	0.246122	0.9916326	0.7455106	0.46185446	0.6443226	1.0	False	blood	early	nucleotide_transformer
2346	0.24599427	0.99121106	0.7452168	0.4618081	0.64435583	1.0	False	blood	early	nucleotide_transformer
4410	0.245821	0.9905508	0.7447298	0.4617921	0.6443673	1.0	False	blood	early	nucleotide_transformer
3165	0.245888	0.99096066	0.74507266	0.46172214	0.64441746	1.0	False	blood	early	nucleotide_transformer
4163	0.24585456	0.99090666	0.7450521	0.4616828	0.6444456	1.0	False	blood	early	nucleotide_transformer
2804	0.24530196	0.99026114	0.7449592	0.46091107	0.64499897	1.0	False	blood	early	nucleotide_transformer
3915	0.24530828	0.99033684	0.74502856	0.46088684	0.6450164	1.0	False	blood	early	nucleotide_transformer
2229	0.2453351	0.9905783	0.7452432	0.4608224	0.64506257	1.0	False	blood	early	nucleotide_transformer
846	0.24528551	0.9904868	0.7452013	0.4607692	0.6451008	1.0	False	blood	early	nucleotide_transformer
67	0.24501961	0.9900788	0.7450592	0.46044743	0.6453315	1.0	False	blood	early	nucleotide_transformer
4570	0.24513137	0.99054813	0.74541676	0.4604369	0.645339	1.0	False	blood	early	nucleotide_transformer
3027	0.24488539	0.9902326	0.7453472	0.46010622	0.6455763	1.0	False	blood	early	nucleotide_transformer
1724	0.24435753	0.98949146	0.74513394	0.45942983	0.64606154	1.0	False	blood	early	nucleotide_transformer
2504	0.24442464	0.98991436	0.7454897	0.4593567	0.64611405	1.0	False	blood	early	nucleotide_transformer
3275	0.2114709	0.74395627	0.53248537	0.45921054	0.6462208	1.0	False	blood	early	nucleotide_transformer
4729	0.24423432	0.9894572	0.74522287	0.4592056	0.64622253	1.0	False	blood	early	nucleotide_transformer
3990	0.21119112	0.7435903	0.5323992	0.45880777	0.64650995	1.0	False	blood	early	nucleotide_transformer
3141	0.2439363	0.98927635	0.74534005	0.458706	0.646581	1.0	False	blood	early	nucleotide_transformer
3567	0.21080905	0.7432367	0.53242767	0.45816603	0.6469706	1.0	False	blood	early	nucleotide_transformer
4298	0.24361217	0.9892489	0.7456367	0.458082	0.64702904	1.0	False	blood	early	nucleotide_transformer
790	0.21079314	0.7433432	0.53255004	0.45806068	0.6470463	1.0	False	blood	early	nucleotide_transformer
866	0.21077412	0.74336416	0.53259003	0.45800364	0.6470872	1.0	False	blood	early	nucleotide_transformer
2822	0.21044838	0.74221563	0.53176725	0.4580021	0.6470883	1.0	False	blood	early	nucleotide_transformer
4725	0.21072137	0.74325055	0.5325292	0.4579564	0.64712113	1.0	False	blood	early	nucleotide_transformer
5111	0.2104215	0.74269015	0.53226864	0.45763308	0.64735335	1.0	False	blood	early	nucleotide_transformer
464	0.21023637	0.74237823	0.53214186	0.45741117	0.6475127	1.0	False	blood	early	nucleotide_transformer
1539	0.21012503	0.7422547	0.53212965	0.45723605	0.6476384	1.0	False	blood	early	nucleotide_transformer
754	0.20976472	0.741997	0.5322323	0.45657718	0.64811176	1.0	False	blood	early	nucleotide_transformer
5016	-0.21794909	0.7423076	0.9602567	-0.45066127	0.65234494	1.0	False	blood	early	nucleotide_transformer
3326	-0.21785998	0.7420411	0.9599011	-0.45064235	0.6523585	1.0	False	blood	early	nucleotide_transformer
3179	-0.2176342	0.7421216	0.9597558	-0.45015198	0.652712	1.0	False	blood	early	nucleotide_transformer
2451	-0.21754014	0.74265003	0.9601902	-0.44966048	0.65306616	1.0	False	blood	early	nucleotide_transformer
4417	-0.2174831	0.7424951	0.9599782	-0.44964	0.653081	1.0	False	blood	early	nucleotide_transformer
4544	-0.21728736	0.7420466	0.95933396	-0.44951293	0.6531727	1.0	False	blood	early	nucleotide_transformer
1110	-0.21728557	0.7422232	0.9595088	-0.44940788	0.6532483	1.0	False	blood	early	nucleotide_transformer
2343	-0.21714664	0.74225354	0.9594002	-0.44911683	0.65345824	1.0	False	blood	early	nucleotide_transformer
823	-0.2168982	0.7418792	0.9587774	-0.44884363	0.65365523	1.0	False	blood	early	nucleotide_transformer
5077	-0.21697456	0.7423916	0.95936614	-0.44869947	0.6537592	1.0	False	blood	early	nucleotide_transformer
288	-0.21666801	0.7420709	0.9587389	-0.44828027	0.65406144	1.0	False	blood	early	nucleotide_transformer
1486	-0.21672577	0.7423313	0.9590571	-0.44824502	0.6540869	1.0	False	blood	early	nucleotide_transformer
1628	-0.21676987	0.74251235	0.9592822	-0.44822767	0.6540995	1.0	False	blood	early	nucleotide_transformer
4602	-0.2166658	0.74218416	0.95884997	-0.44821107	0.65411144	1.0	False	blood	early	nucleotide_transformer
610	-0.21673173	0.74252737	0.9592591	-0.44814402	0.6541598	1.0	False	blood	early	nucleotide_transformer
514	-0.21680337	0.7427752	0.9595786	-0.44814312	0.6541605	1.0	False	blood	early	nucleotide_transformer
964	-0.21666926	0.7423224	0.95899165	-0.44813895	0.65416354	1.0	False	blood	early	nucleotide_transformer
1730	-0.21668935	0.7425161	0.95920545	-0.44806713	0.65421534	1.0	False	blood	early	nucleotide_transformer
2778	-0.2166552	0.74241495	0.95907015	-0.44805828	0.6542217	1.0	False	blood	early	nucleotide_transformer
4433	-0.216618	0.74239546	0.95901346	-0.44799632	0.6542664	1.0	False	blood	early	nucleotide_transformer
264	-0.21676362	0.74294	0.9597036	-0.4479704	0.6542851	1.0	False	blood	early	nucleotide_transformer
2197	-0.2164846	0.74240935	0.95889395	-0.44772595	0.65446144	1.0	False	blood	early	nucleotide_transformer
4195	-0.21641445	0.7422685	0.95868295	-0.4476686	0.6545028	1.0	False	blood	early	nucleotide_transformer
4873	-0.21630007	0.7423602	0.95866024	-0.44739115	0.6547031	1.0	False	blood	early	nucleotide_transformer
3267	-0.21628553	0.7423858	0.95867133	-0.44734725	0.65473485	1.0	False	blood	early	nucleotide_transformer
1335	-0.21599	0.74281234	0.95880234	-0.4465218	0.6553306	1.0	False	blood	early	nucleotide_transformer
3606	-0.21600735	0.74300563	0.959013	-0.44644606	0.65538526	1.0	False	blood	early	nucleotide_transformer
5001	-0.2160371	0.74312603	0.9591631	-0.44643572	0.65539277	1.0	False	blood	early	nucleotide_transformer
3021	-0.21591884	0.7428143	0.95873314	-0.4463809	0.65543234	1.0	False	blood	early	nucleotide_transformer
1726	-0.21580684	0.74293184	0.9587387	-0.44609308	0.6556402	1.0	False	blood	early	nucleotide_transformer
2084	-0.21584076	0.74308884	0.9589296	-0.44607097	0.6556561	1.0	False	blood	early	nucleotide_transformer
120	-0.21568805	0.7427675	0.95845556	-0.44595435	0.6557402	1.0	False	blood	early	nucleotide_transformer
2989	-0.21574903	0.7430178	0.9587668	-0.44593075	0.6557572	1.0	False	blood	early	nucleotide_transformer
4172	-0.21568573	0.7431198	0.9588055	-0.44574845	0.6558889	1.0	False	blood	early	nucleotide_transformer
4149	-0.21543461	0.74290174	0.95833635	-0.44537944	0.65615547	1.0	False	blood	early	nucleotide_transformer
2463	-0.21507311	0.74292934	0.95800245	-0.4446518	0.6566811	1.0	False	blood	early	nucleotide_transformer
1664	-0.21489543	0.7427739	0.9576693	-0.44439092	0.6568697	1.0	False	blood	early	nucleotide_transformer
451	-0.21510631	0.7437419	0.95884824	-0.44425383	0.6569688	1.0	False	blood	early	nucleotide_transformer
4018	-0.21479458	0.7433022	0.9580968	-0.44389215	0.6572301	1.0	False	blood	early	nucleotide_transformer
4628	-0.21441144	0.74414563	0.95855707	-0.44265848	0.6581222	1.0	False	blood	early	nucleotide_transformer
1982	-0.12584144	0.24720901	0.37305045	-0.44230667	0.6583691	1.0	False	blood	early	nucleotide_transformer
3509	-0.12576337	0.24719782	0.3729612	-0.4420732	0.6585382	1.0	False	blood	early	nucleotide_transformer
4370	-0.12561554	0.24725506	0.3728706	-0.44150254	0.65895104	1.0	False	blood	early	nucleotide_transformer
2764	-0.12558654	0.24736944	0.37295598	-0.44122198	0.6591541	1.0	False	blood	early	nucleotide_transformer
1180	-0.12526083	0.2474196	0.37268043	-0.44009066	0.659973	1.0	False	blood	early	nucleotide_transformer
2496	-0.12505132	0.24726829	0.3723196	-0.4396621	0.6602833	1.0	False	blood	early	nucleotide_transformer
652	-0.12500449	0.24729072	0.3722952	-0.4394743	0.6604192	1.0	False	blood	early	nucleotide_transformer
1016	-0.12503552	0.24743909	0.3724746	-0.4393327	0.6605218	1.0	False	blood	early	nucleotide_transformer
572	-0.12502676	0.24747178	0.37249854	-0.43924972	0.660582	1.0	False	blood	early	nucleotide_transformer
2603	-0.12500279	0.24754755	0.37255034	-0.43904987	0.6607267	1.0	False	blood	early	nucleotide_transformer
1573	-0.12500545	0.24755856	0.37256402	-0.43904054	0.6607336	1.0	False	blood	early	nucleotide_transformer
1347	-0.12492737	0.24753985	0.37246722	-0.43881917	0.66089386	1.0	False	blood	early	nucleotide_transformer
1361	-0.12480198	0.24736471	0.3721667	-0.43869957	0.66098046	1.0	False	blood	early	nucleotide_transformer
2592	-0.12490608	0.24760504	0.37251112	-0.4386444	0.66102046	1.0	False	blood	early	nucleotide_transformer
3746	-0.12494458	0.2477249	0.3726695	-0.43857363	0.6610717	1.0	False	blood	early	nucleotide_transformer
1113	-0.12495202	0.24786547	0.3728175	-0.43836933	0.66121966	1.0	False	blood	early	nucleotide_transformer
4509	-0.12460001	0.24756528	0.3721653	-0.4377223	0.6616886	1.0	False	blood	early	nucleotide_transformer
1416	-0.12470581	0.24811338	0.3728192	-0.43716994	0.66208917	1.0	False	blood	early	nucleotide_transformer
3085	-0.124638304	0.24819095	0.37282926	-0.43682724	0.6623375	1.0	False	blood	early	nucleotide_transformer
929	-0.12439473	0.2477306	0.37212533	-0.43679214	0.662363	1.0	False	blood	early	nucleotide_transformer
748	-0.124620035	0.2482685	0.37288854	-0.43664333	0.662471	1.0	False	blood	early	nucleotide_transformer
1563	-0.23695296	0.98953956	1.2264925	-0.4267582	0.66966176	1.0	False	blood	early	nucleotide_transformer
2552	-0.23681933	0.9895409	1.2263602	-0.42652673	0.6698304	1.0	False	blood	early	nucleotide_transformer
136	-0.23679936	0.9894866	1.2262859	-0.42651498	0.6698389	1.0	False	blood	early	nucleotide_transformer
1861	-0.23655862	0.989855	1.2264136	-0.42594537	0.6702538	1.0	False	blood	early	nucleotide_transformer
1483	-0.23653668	0.9899526	1.2264893	-0.42586726	0.67031074	1.0	False	blood	early	nucleotide_transformer
3580	-0.23632151	0.98953027	1.2258518	-0.4256696	0.6704546	1.0	False	blood	early	nucleotide_transformer
1961	-0.23626047	0.98951834	1.2257788	-0.42556903	0.6705279	1.0	False	blood	early	nucleotide_transformer
4293	-0.23644203	0.9903031	1.2267451	-0.42555925	0.67053497	1.0	False	blood	early	nucleotide_transformer
3708	-0.23641258	0.99025255	1.2266651	-0.42552912	0.670557	1.0	False	blood	early	nucleotide_transformer
3185	-0.23636073	0.99004	1.2264007	-0.42552722	0.6705584	1.0	False	blood	early	nucleotide_transformer
794	-0.2363329	0.99015963	1.2264925	-0.42543003	0.6706292	1.0	False	blood	early	nucleotide_transformer
3872	-0.2363131	0.99026597	1.2265791	-0.4253507	0.6706871	1.0	False	blood	early	nucleotide_transformer
2194	-0.23625708	0.9902413	1.2264984	-0.42526498	0.6707495	1.0	False	blood	early	nucleotide_transformer
3088	-0.23570752	0.9900826	1.2257901	-0.42438146	0.67139333	1.0	False	blood	early	nucleotide_transformer
3128	-0.23558766	0.99013084	1.2257185	-0.42415434	0.671559	1.0	False	blood	early	nucleotide_transformer
4418	-0.23555732	0.99033177	1.2258891	-0.4240193	0.67165744	1.0	False	blood	early	nucleotide_transformer
268	-0.2353723	0.98962414	1.2249964	-0.42399034	0.6716784	1.0	False	blood	early	nucleotide_transformer
1314	-0.23536271	0.989705	1.2250677	-0.42394003	0.6717152	1.0	False	blood	early	nucleotide_transformer
2652	-0.23536223	0.9898588	1.225221	-0.42387635	0.6717616	1.0	False	blood	early	nucleotide_transformer
84	-0.2354089	0.99016845	1.2255774	-0.4238301	0.67179537	1.0	False	blood	early	nucleotide_transformer
4721	-0.23530209	0.98994625	1.2252483	-0.42373663	0.6718635	1.0	False	blood	early	nucleotide_transformer
285	-0.23534977	0.99020827	1.225558	-0.4237113	0.6718819	1.0	False	blood	early	nucleotide_transformer
4231	-0.23527765	0.98998666	1.2252643	-0.4236779	0.67190635	1.0	False	blood	early	nucleotide_transformer
3607	-0.23525858	0.9899938	1.2252524	-0.42364192	0.6719326	1.0	False	blood	early	nucleotide_transformer
2488	-0.23527473	0.9901411	1.2254158	-0.4236095	0.6719563	1.0	False	blood	early	nucleotide_transformer
2933	-0.23515898	0.99001247	1.2251714	-0.42346215	0.6720636	1.0	False	blood	early	nucleotide_transformer
932	-0.23529363	0.9905845	1.2258781	-0.42346054	0.6720648	1.0	False	blood	early	nucleotide_transformer
1066	-0.23514444	0.9901133	1.2252578	-0.42339566	0.67211205	1.0	False	blood	early	nucleotide_transformer
2498	-0.23510283	0.99005586	1.2251587	-0.42334715	0.6721475	1.0	False	blood	early	nucleotide_transformer
4444	-0.23509014	0.99000406	1.2250942	-0.42334655	0.6721479	1.0	False	blood	early	nucleotide_transformer
1006	-0.23501766	0.9900373	1.225055	-0.42320743	0.6722494	1.0	False	blood	early	nucleotide_transformer
1327	-0.23501772	0.990084	1.2251017	-0.4231885	0.67226315	1.0	False	blood	early	nucleotide_transformer
2710	-0.23502153	0.9901634	1.2251849	-0.42316264	0.67228204	1.0	False	blood	early	nucleotide_transformer
3811	-0.23505056	0.99030423	1.2253548	-0.423155	0.67228764	1.0	False	blood	early	nucleotide_transformer
3257	-0.23485875	0.9897289	1.2245877	-0.42305893	0.6723576	1.0	False	blood	early	nucleotide_transformer
3215	-0.23497051	0.99031156	1.2252821	-0.42301357	0.67239076	1.0	False	blood	early	nucleotide_transformer
2901	-0.23506784	0.9907713	1.2258391	-0.42299318	0.6724056	1.0	False	blood	early	nucleotide_transformer
3106	-0.23494047	0.99029106	1.2252315	-0.42297012	0.6724225	1.0	False	blood	early	nucleotide_transformer
3654	-0.23490351	0.99014324	1.2250468	-0.4229671	0.6724247	1.0	False	blood	early	nucleotide_transformer
4769	-0.23499829	0.99061006	1.2256083	-0.42294005	0.6724444	1.0	False	blood	early	nucleotide_transformer
1690	-0.23500454	0.99066174	1.2256663	-0.4229293	0.6724523	1.0	False	blood	early	nucleotide_transformer
2839	-0.23501128	0.9907494	1.2257607	-0.42290458	0.67247033	1.0	False	blood	early	nucleotide_transformer
619	-0.23492205	0.9905304	1.2254524	-0.4228407	0.6725168	1.0	False	blood	early	nucleotide_transformer
1197	-0.2348147	0.990127	1.2249417	-0.4228201	0.6725319	1.0	False	blood	early	nucleotide_transformer
2123	-0.23483455	0.9902121	1.2250466	-0.42281926	0.67253256	1.0	False	blood	early	nucleotide_transformer
1321	-0.23498899	0.9909206	1.2259096	-0.4227965	0.6725492	1.0	False	blood	early	nucleotide_transformer
2303	-0.23475105	0.99002284	1.2247739	-0.42275262	0.6725812	1.0	False	blood	early	nucleotide_transformer
4103	-0.23490155	0.99071264	1.2256142	-0.4227297	0.6725978	1.0	False	blood	early	nucleotide_transformer
4909	-0.23483872	0.990512	1.2253507	-0.422704	0.67261666	1.0	False	blood	early	nucleotide_transformer
1147	-0.23477578	0.9903934	1.2251692	-0.4226436	0.67266065	1.0	False	blood	early	nucleotide_transformer
1359	-0.23481512	0.9906002	1.2254153	-0.42262724	0.67267257	1.0	False	blood	early	nucleotide_transformer
633	-0.23475015	0.9904032	1.2251533	-0.42259532	0.6726958	1.0	False	blood	early	nucleotide_transformer
1395	-0.23477268	0.9905777	1.2253504	-0.4225631	0.67271936	1.0	False	blood	early	nucleotide_transformer
1513	-0.23476136	0.9905642	1.2253256	-0.42254907	0.6727295	1.0	False	blood	early	nucleotide_transformer
1505	-0.23464733	0.99013394	1.2247813	-0.42252803	0.67274487	1.0	False	blood	early	nucleotide_transformer
2554	-0.23471588	0.9904551	1.225171	-0.42251486	0.6727545	1.0	False	blood	early	nucleotide_transformer
216	-0.23460877	0.9900168	1.2246256	-0.42250896	0.67275876	1.0	False	blood	early	nucleotide_transformer
2415	-0.23459733	0.99009144	1.2246888	-0.42245883	0.6727954	1.0	False	blood	early	nucleotide_transformer
2010	-0.23462707	0.9902914	1.2249185	-0.42242837	0.6728176	1.0	False	blood	early	nucleotide_transformer
640	-0.23472673	0.9907554	1.2254821	-0.4224107	0.67283046	1.0	False	blood	early	nucleotide_transformer
1309	-0.23470092	0.99076796	1.2254689	-0.42236105	0.67286676	1.0	False	blood	early	nucleotide_transformer
3930	-0.23463082	0.99051535	1.2251462	-0.42234343	0.6728795	1.0	False	blood	early	nucleotide_transformer
2800	-0.23456788	0.99028814	1.224856	-0.42232707	0.6728915	1.0	False	blood	early	nucleotide_transformer
3103	-0.23460436	0.9907613	1.2253656	-0.4221966	0.67298675	1.0	False	blood	early	nucleotide_transformer
1894	-0.23442376	0.9903513	1.2247751	-0.42205107	0.67309296	1.0	False	blood	early	nucleotide_transformer
1764	-0.23453534	0.990906	1.2254413	-0.4220188	0.67311656	1.0	False	blood	early	nucleotide_transformer
3518	-0.23431695	0.99086595	1.2251829	-0.42165744	0.6733801	1.0	False	blood	early	nucleotide_transformer
2306	-0.23424536	0.9905737	1.2248191	-0.42165324	0.6733831	1.0	False	blood	early	nucleotide_transformer
2872	-0.2343213	0.9909453	1.2252666	-0.4216329	0.673398	1.0	False	blood	early	nucleotide_transformer
2078	-0.2343064	0.9909206	1.225227	-0.42161697	0.67340964	1.0	False	blood	early	nucleotide_transformer
1745	-0.23419762	0.99051523	1.2247128	-0.42159465	0.67342585	1.0	False	blood	early	nucleotide_transformer
2130	-0.23427778	0.9908909	1.2251687	-0.42158008	0.6734366	1.0	False	blood	early	nucleotide_transformer
5032	-0.23410314	0.9904476	1.2245507	-0.42145777	0.6735258	1.0	False	blood	early	nucleotide_transformer
2723	-0.23410547	0.9905678	1.2246733	-0.42141297	0.6735586	1.0	False	blood	early	nucleotide_transformer
5040	-0.23410577	0.9905806	1.2246864	-0.4214094	0.6735612	1.0	False	blood	early	nucleotide_transformer
2407	-0.23414737	0.99075824	1.2249056	-0.42140856	0.6735618	1.0	False	blood	early	nucleotide_transformer
1607	-0.23415166	0.99078935	1.224941	-0.42140317	0.6735656	1.0	False	blood	early	nucleotide_transformer
851	-0.23410797	0.99064934	1.2247573	-0.42138523	0.67357874	1.0	False	blood	early	nucleotide_transformer
2119	-0.23417914	0.990963	1.2251421	-0.42138016	0.67358243	1.0	False	blood	early	nucleotide_transformer
682	-0.23415023	0.9909083	1.2250586	-0.42135262	0.67360264	1.0	False	blood	early	nucleotide_transformer
5027	-0.23403633	0.9906683	1.2247046	-0.42125374	0.67367476	1.0	False	blood	early	nucleotide_transformer
1366	-0.23405766	0.99111176	1.2251694	-0.42110977	0.67377996	1.0	False	blood	early	nucleotide_transformer
3204	-0.23398471	0.9910265	1.2250112	-0.42101824	0.6738467	1.0	False	blood	early	nucleotide_transformer
956	-0.23387009	0.99063677	1.2245069	-0.4209791	0.67387515	1.0	False	blood	early	nucleotide_transformer
815	-0.23379421	0.9906318	1.224426	-0.42084992	0.67396957	1.0	False	blood	early	nucleotide_transformer
2991	-0.23383862	0.990915	1.2247536	-0.42081115	0.6739979	1.0	False	blood	early	nucleotide_transformer
3725	-0.2338202	0.99121237	1.2250326	-0.4206575	0.67411	1.0	False	blood	early	nucleotide_transformer
5034	-0.23361516	0.9905747	1.2241899	-0.42056355	0.67417854	1.0	False	blood	early	nucleotide_transformer
3011	-0.23372686	0.9910697	1.2247965	-0.42055532	0.6741846	1.0	False	blood	early	nucleotide_transformer
32	-0.23368847	0.99115527	1.2248437	-0.42045394	0.6742586	1.0	False	blood	early	nucleotide_transformer
2781	-0.23347992	0.9908264	1.2243063	-0.42022663	0.67442477	1.0	False	blood	early	nucleotide_transformer
4050	-0.23318201	0.99108964	1.2242717	-0.41960564	0.6748782	1.0	False	blood	early	nucleotide_transformer
2505	-0.23243701	0.9913906	1.2238276	-0.41819528	0.6759086	1.0	False	blood	early	nucleotide_transformer
692	0.29543102	1.7337463	1.4383153	0.41757905	0.67637384	1.0	False	blood	early	nucleotide_transformer
1151	0.29541814	1.7339097	1.4384916	0.41752008	0.676417	1.0	False	blood	early	nucleotide_transformer
4154	-0.254575	1.2380131	1.4925882	-0.41134787	0.6809206	1.0	False	blood	early	nucleotide_transformer
1773	-0.25451994	1.2378494	1.4923693	-0.4113144	0.68094516	1.0	False	blood	early	nucleotide_transformer
2036	-0.25450456	1.2378379	1.4923425	-0.4112939	0.6809603	1.0	False	blood	early	nucleotide_transformer
3209	-0.25446653	1.2376875	1.492154	-0.4112833	0.6809679	1.0	False	blood	early	nucleotide_transformer
3716	-0.25458574	1.2382807	1.4928664	-0.41127905	0.68097115	1.0	False	blood	early	nucleotide_transformer
3940	-0.2543912	1.2376865	1.4920777	-0.41116622	0.6810539	1.0	False	blood	early	nucleotide_transformer
1470	-0.25430918	1.2374951	1.4918042	-0.41109923	0.68110293	1.0	False	blood	early	nucleotide_transformer
2295	-0.2544917	1.2385098	1.4930015	-0.41105932	0.68113214	1.0	False	blood	early	nucleotide_transformer
1821	-0.25430954	1.2378974	1.4922069	-0.41097078	0.6811971	1.0	False	blood	early	nucleotide_transformer
1414	-0.25412536	1.2374306	1.4915559	-0.41083303	0.68129814	1.0	False	blood	early	nucleotide_transformer
174	-0.25438678	1.2388412	1.493228	-0.41079	0.68132955	1.0	False	blood	early	nucleotide_transformer
491	-0.2542081	1.2381777	1.4923857	-0.41072306	0.68137866	1.0	False	blood	early	nucleotide_transformer
3401	-0.2542287	1.2382821	1.4925108	-0.41072175	0.6813796	1.0	False	blood	early	nucleotide_transformer
3841	-0.2541653	1.2380583	1.4922236	-0.41069442	0.6813996	1.0	False	blood	early	nucleotide_transformer
4310	-0.25414598	1.2380614	1.4922074	-0.41066337	0.68142235	1.0	False	blood	early	nucleotide_transformer
3595	-0.25413656	1.2384146	1.4925512	-0.410536	0.6815159	1.0	False	blood	early	nucleotide_transformer
739	-0.25418806	1.2388097	1.4929978	-0.41049024	0.68154943	1.0	False	blood	early	nucleotide_transformer
4745	-0.2541076	1.238459	1.4925666	-0.41047662	0.6815593	1.0	False	blood	early	nucleotide_transformer
2894	-0.25411165	1.2385216	1.4926332	-0.41046318	0.6815691	1.0	False	blood	early	nucleotide_transformer
475	-0.25414276	1.2388566	1.4929993	-0.41040477	0.68161196	1.0	False	blood	early	nucleotide_transformer
1834	-0.25398958	1.2383435	1.492333	-0.4103294	0.6816674	1.0	False	blood	early	nucleotide_transformer
1805	-0.25400507	1.2387395	1.4927446	-0.41022733	0.68174213	1.0	False	blood	early	nucleotide_transformer
718	-0.2538799	1.2385293	1.4924092	-0.41009936	0.68183595	1.0	False	blood	early	nucleotide_transformer
152	-0.2536689	1.2377328	1.4914017	-0.41002452	0.6818908	1.0	False	blood	early	nucleotide_transformer
1473	-0.25380027	1.238716	1.4925163	-0.40991527	0.68197095	1.0	False	blood	early	nucleotide_transformer
837	-0.25369847	1.238296	1.4919945	-0.40989092	0.6819888	1.0	False	blood	early	nucleotide_transformer
3284	-0.25369155	1.2385602	1.4922518	-0.4097957	0.6820587	1.0	False	blood	early	nucleotide_transformer
4577	-0.2536657	1.2386988	1.4923645	-0.40971097	0.68212086	1.0	False	blood	early	nucleotide_transformer
2914	-0.25361788	1.2388145	1.4924324	-0.4095999	0.68220234	1.0	False	blood	early	nucleotide_transformer
4504	-0.25358212	1.2386535	1.4922357	-0.409595	0.68220586	1.0	False	blood	early	nucleotide_transformer
2143	-0.25359106	1.2390105	1.4926015	-0.4094959	0.6822785	1.0	False	blood	early	nucleotide_transformer
3419	-0.253433	1.2385572	1.4919902	-0.4093938	0.6823534	1.0	False	blood	early	nucleotide_transformer
4738	-0.2533635	1.2383544	1.4917179	-0.40934968	0.68238574	1.0	False	blood	early	nucleotide_transformer
4333	-0.25343704	1.238716	1.492153	-0.40934953	0.6823858	1.0	False	blood	early	nucleotide_transformer
349	-0.25332618	1.2385908	1.491917	-0.4092167	0.6824833	1.0	False	blood	early	nucleotide_transformer
2740	-0.25337505	1.238968	1.4923431	-0.4091726	0.6825157	1.0	False	blood	early	nucleotide_transformer
2660	-0.25338244	1.2390355	1.4924179	-0.40916067	0.68252426	1.0	False	blood	early	nucleotide_transformer
4802	-0.2532972	1.2387521	1.4920493	-0.40911996	0.68255424	1.0	False	blood	early	nucleotide_transformer
2555	-0.25311255	1.2380456	1.4911581	-0.40905705	0.68260044	1.0	False	blood	early	nucleotide_transformer
2331	-0.25320446	1.2386152	1.4918196	-0.40901902	0.6826283	1.0	False	blood	early	nucleotide_transformer
1706	-0.25309837	1.238325	1.4914234	-0.40894583	0.68268204	1.0	False	blood	early	nucleotide_transformer
4461	-0.2531103	1.2385342	1.4916445	-0.40889797	0.6827171	1.0	False	blood	early	nucleotide_transformer
3973	-0.25313544	1.2387489	1.4918844	-0.40886858	0.68273866	1.0	False	blood	early	nucleotide_transformer
3024	-0.25273383	1.2387726	1.4915065	-0.4082348	0.68320364	1.0	False	blood	early	nucleotide_transformer
4910	-0.25276315	1.2390801	1.4918432	-0.4081814	0.6832429	1.0	False	blood	early	nucleotide_transformer
1465	-0.2525382	1.2381678	1.490706	-0.40812224	0.68328625	1.0	False	blood	early	nucleotide_transformer
2620	-0.25238085	1.2382355	1.4906163	-0.4078551	0.68348247	1.0	False	blood	early	nucleotide_transformer
1999	-0.252478	1.2388672	1.4913452	-0.40780604	0.68351847	1.0	False	blood	early	nucleotide_transformer
2040	-0.27260268	1.4860984	1.7587011	-0.40313068	0.6869538	1.0	False	blood	early	nucleotide_transformer
3224	-0.2725892	1.4864639	1.7590531	-0.4030145	0.6870392	1.0	False	blood	early	nucleotide_transformer
1737	0.26237512	1.4869485	1.2245734	0.4002267	0.68910307	1.0	False	blood	early	nucleotide_transformer
1133	0.2611699	1.4853781	1.2242082	0.39876452	0.69017977	1.0	False	blood	early	nucleotide_transformer
3451	0.26095867	1.4856286	1.2246699	0.39836124	0.6904768	1.0	False	blood	early	nucleotide_transformer
2929	0.26085532	1.4854087	1.2245533	0.39826038	0.69055116	1.0	False	blood	early	nucleotide_transformer
4516	0.2609614	1.4860862	1.2251248	0.39823925	0.69056666	1.0	False	blood	early	nucleotide_transformer
4199	0.2608776	1.4856563	1.2247787	0.39822596	0.6905765	1.0	False	blood	early	nucleotide_transformer
690	0.26084793	1.4855816	1.2247337	0.39820138	0.6905946	1.0	False	blood	early	nucleotide_transformer
2485	0.26071608	1.4852836	1.2245675	0.3980755	0.6906874	1.0	False	blood	early	nucleotide_transformer
3317	0.26047552	1.4855925	1.225117	0.39761186	0.69102895	1.0	False	blood	early	nucleotide_transformer
4931	0.26009333	1.4859632	1.2258699	0.39690617	0.6915492	1.0	False	blood	early	nucleotide_transformer
2081	0.25975633	1.4854053	1.225649	0.39653018	0.69182616	1.0	False	blood	early	nucleotide_transformer
3763	0.25960767	1.4851484	1.2255408	0.3963667	0.6919468	1.0	False	blood	early	nucleotide_transformer
2988	0.25953126	1.4849916	1.2254603	0.3962894	0.6920038	1.0	False	blood	early	nucleotide_transformer
476	0.25949788	1.4856377	1.2261398	0.39605805	0.6921743	1.0	False	blood	early	nucleotide_transformer
5108	0.25938916	1.4852544	1.2258652	0.39599368	0.6922218	1.0	False	blood	early	nucleotide_transformer
705	0.25942755	1.4857976	1.2263701	0.39590338	0.6922885	1.0	False	blood	early	nucleotide_transformer
396	0.2594155	1.4858255	1.22641	0.39587685	0.69230807	1.0	False	blood	early	nucleotide_transformer
1315	0.25923085	1.4850761	1.2258452	0.395793	0.69236976	1.0	False	blood	early	nucleotide_transformer
928	0.25932825	1.4856328	1.2263045	0.39579228	0.69237036	1.0	False	blood	early	nucleotide_transformer
725	0.25898457	1.4850653	1.2260808	0.39540786	0.6926538	1.0	False	blood	early	nucleotide_transformer
576	0.25906205	1.4858019	1.2267399	0.39532682	0.6927136	1.0	False	blood	early	nucleotide_transformer
2460	0.25862217	1.4850358	1.2264136	0.39484486	0.69306916	1.0	False	blood	early	nucleotide_transformer
798	0.22817814	1.2394329	1.0112548	0.38112685	0.7032171	1.0	False	blood	early	nucleotide_transformer
2207	0.22806275	1.2394252	1.0113624	0.38093007	0.7033629	1.0	False	blood	early	nucleotide_transformer
4129	0.22806346	1.2394955	1.011432	0.38090917	0.70337844	1.0	False	blood	early	nucleotide_transformer
3495	0.22792697	1.2394154	1.0114884	0.3806989	0.7035344	1.0	False	blood	early	nucleotide_transformer
1387	0.22786129	1.239698	1.0118368	0.38049498	0.70368564	1.0	False	blood	early	nucleotide_transformer
696	0.22762609	1.2389431	1.011317	0.38033104	0.7038073	1.0	False	blood	early	nucleotide_transformer
1695	0.22761154	1.2392865	1.011675	0.38019443	0.7039087	1.0	False	blood	early	nucleotide_transformer
4445	0.22758758	1.2393012	1.0117136	0.38014856	0.7039427	1.0	False	blood	early	nucleotide_transformer
479	0.22750556	1.2390248	1.0115192	0.3800946	0.70398265	1.0	False	blood	early	nucleotide_transformer
2293	0.22749329	1.2390692	1.0115759	0.38005957	0.70400876	1.0	False	blood	early	nucleotide_transformer
145	0.227355	1.238617	1.0112619	0.37996557	0.7040785	1.0	False	blood	early	nucleotide_transformer
1980	0.22724974	1.2387892	1.0115395	0.3797294	0.7042538	1.0	False	blood	early	nucleotide_transformer
3314	0.22722363	1.2388375	1.0116138	0.37966904	0.7042985	1.0	False	blood	early	nucleotide_transformer
698	0.22710335	1.2383952	1.0112919	0.37960058	0.7043492	1.0	False	blood	early	nucleotide_transformer
4054	0.22708762	1.2383391	1.0112514	0.3795912	0.70435625	1.0	False	blood	early	nucleotide_transformer
493	0.2271421	1.2388523	1.0117102	0.37952322	0.7044066	1.0	False	blood	early	nucleotide_transformer
1307	0.22708154	1.2386452	1.0115637	0.3794842	0.7044355	1.0	False	blood	early	nucleotide_transformer
4975	0.22691548	1.2385168	1.0116013	0.37923837	0.70461804	1.0	False	blood	early	nucleotide_transformer
3328	0.22664559	1.2380087	1.0113631	0.37893295	0.7048448	1.0	False	blood	early	nucleotide_transformer
3070	0.22650898	1.2376692	1.0111603	0.37880394	0.70494056	1.0	False	blood	early	nucleotide_transformer
53	0.22633648	1.2380041	1.0116676	0.3783993	0.70524096	1.0	False	blood	early	nucleotide_transformer
1044	0.22610605	1.2376572	1.0115511	0.37811148	0.7054546	1.0	False	blood	early	nucleotide_transformer
4087	0.22616327	1.2379874	1.0118241	0.37810564	0.70545894	1.0	False	blood	early	nucleotide_transformer
4957	0.22618544	1.2381395	1.0119541	0.37809598	0.7054661	1.0	False	blood	early	nucleotide_transformer
5	0.2260673	1.2379831	1.0119158	0.3779412	0.70558107	1.0	False	blood	early	nucleotide_transformer
1883	0.22595441	1.2376385	1.0116841	0.37785468	0.70564526	1.0	False	blood	early	nucleotide_transformer
890	0.22591543	1.2376875	1.011772	0.3777719	0.7057067	1.0	False	blood	early	nucleotide_transformer
3480	0.22596526	1.2379751	1.0120099	0.3777674	0.7057101	1.0	False	blood	early	nucleotide_transformer
913	0.22575259	1.2372775	1.0115249	0.3776197	0.7058198	1.0	False	blood	early	nucleotide_transformer
4784	0.22577477	1.2375672	1.0117924	0.3775666	0.7058592	1.0	False	blood	early	nucleotide_transformer
4402	0.22569036	1.2373719	1.0116816	0.37748197	0.7059222	1.0	False	blood	early	nucleotide_transformer
4395	0.22569144	1.2374163	1.0117248	0.37746984	0.7059311	1.0	False	blood	early	nucleotide_transformer
1229	0.2249167	1.237391	1.0124743	0.37613896	0.70691967	1.0	False	blood	early	nucleotide_transformer
5004	0.22477782	1.2374176	1.0126398	0.37589067	0.7071043	1.0	False	blood	early	nucleotide_transformer
3840	0.22473705	1.2376064	1.0128694	0.3757615	0.70720017	1.0	False	blood	early	nucleotide_transformer
1529	0.22462964	1.2373589	1.0127293	0.37565324	0.70728064	1.0	False	blood	early	nucleotide_transformer
3273	0.22467971	1.2376986	1.0130188	0.37563372	0.7072952	1.0	False	blood	early	nucleotide_transformer
2366	0.2246468	1.2375536	1.0129068	0.37562203	0.7073039	1.0	False	blood	early	nucleotide_transformer
1276	0.22456503	1.237402	1.0128369	0.37552816	0.7073736	1.0	False	blood	early	nucleotide_transformer
2091	0.22453749	1.2373223	1.0127848	0.37550548	0.7073904	1.0	False	blood	early	nucleotide_transformer
3603	0.22449076	1.2372056	1.0127149	0.37546122	0.7074234	1.0	False	blood	early	nucleotide_transformer
4112	0.22443557	1.2369541	1.0125185	0.37544465	0.7074356	1.0	False	blood	early	nucleotide_transformer
4666	-0.14442852	0.4944217	0.6388502	-0.36582685	0.7145824	1.0	False	blood	early	nucleotide_transformer
2671	-0.14435282	0.4945859	0.6389387	-0.365529	0.71480465	1.0	False	blood	early	nucleotide_transformer
2777	-0.1443657	0.49463525	0.63900095	-0.36552557	0.7148072	1.0	False	blood	early	nucleotide_transformer
3405	-0.14432085	0.4945835	0.63890433	-0.36545396	0.71486056	1.0	False	blood	early	nucleotide_transformer
1617	-0.14430809	0.49481636	0.63912445	-0.36525962	0.71500564	1.0	False	blood	early	nucleotide_transformer
4256	-0.14427456	0.49474183	0.6390164	-0.36523107	0.7150269	1.0	False	blood	early	nucleotide_transformer
4995	-0.14428139	0.4948104	0.6390918	-0.3651995	0.71505046	1.0	False	blood	early	nucleotide_transformer
3170	-0.1441083	0.49456096	0.63866925	-0.36495772	0.71523094	1.0	False	blood	early	nucleotide_transformer
3873	-0.14408788	0.49451175	0.63859963	-0.36494297	0.7152419	1.0	False	blood	early	nucleotide_transformer
384	-0.14409485	0.49455425	0.6386491	-0.36493003	0.71525156	1.0	False	blood	early	nucleotide_transformer
2793	-0.1441609	0.49486813	0.639029	-0.36486888	0.7152972	1.0	False	blood	early	nucleotide_transformer
1564	-0.14409241	0.49483606	0.6389285	-0.36472645	0.7154035	1.0	False	blood	early	nucleotide_transformer
3539	-0.14402202	0.49467906	0.6387011	-0.3646673	0.7154477	1.0	False	blood	early	nucleotide_transformer
4083	-0.14402717	0.49479896	0.63882613	-0.36459583	0.715501	1.0	False	blood	early	nucleotide_transformer
936	-0.14395735	0.49492684	0.6388842	-0.36433828	0.7156933	1.0	False	blood	early	nucleotide_transformer
1663	-0.14378926	0.49531457	0.63910383	-0.36366206	0.716198	1.0	False	blood	early	nucleotide_transformer
1629	-0.14367893	0.49515435	0.6388333	-0.3635086	0.7163127	1.0	False	blood	early	nucleotide_transformer
2060	-0.1434905	0.4947561	0.6382466	-0.36333302	0.7164437	1.0	False	blood	early	nucleotide_transformer
2493	-0.14351234	0.49488994	0.6384023	-0.36329225	0.7164742	1.0	False	blood	early	nucleotide_transformer
857	-0.14349726	0.49494758	0.63844484	-0.36321577	0.7165312	1.0	False	blood	early	nucleotide_transformer
1446	-0.14351976	0.49530274	0.6388225	-0.36302194	0.7166761	1.0	False	blood	early	nucleotide_transformer
4829	-0.14344522	0.49523953	0.63868475	-0.36288604	0.7167775	1.0	False	blood	early	nucleotide_transformer
1478	-0.14339057	0.49516395	0.6385545	-0.36280698	0.7168366	1.0	False	blood	early	nucleotide_transformer
3516	-0.14333043	0.49515608	0.6384865	-0.36266768	0.7169405	1.0	False	blood	early	nucleotide_transformer
3384	-0.14334959	0.49529582	0.6386454	-0.36261672	0.7169786	1.0	False	blood	early	nucleotide_transformer
2050	-0.14334932	0.49530932	0.63865864	-0.3626067	0.7169861	1.0	False	blood	early	nucleotide_transformer
4814	-0.14330125	0.495174	0.63847524	-0.3625854	0.717002	1.0	False	blood	early	nucleotide_transformer
2624	-0.14332348	0.4953003	0.6386238	-0.3625509	0.7170278	1.0	False	blood	early	nucleotide_transformer
3130	-0.14321747	0.49494222	0.6381597	-0.36254552	0.71703184	1.0	False	blood	early	nucleotide_transformer
4036	-0.14328101	0.495257	0.638538	-0.36247894	0.71708155	1.0	False	blood	early	nucleotide_transformer
2056	-0.14320982	0.49525476	0.63846457	-0.36230898	0.7172085	1.0	False	blood	early	nucleotide_transformer
2136	-0.14324984	0.49553528	0.6387851	-0.36221084	0.71728176	1.0	False	blood	early	nucleotide_transformer
1202	0.19395578	0.99211264	0.79815686	0.36207083	0.71740156	1.0	False	blood	early	nucleotide_transformer
2642	-0.14309037	0.49542338	0.63851374	-0.36190468	0.7175105	1.0	False	blood	early	nucleotide_transformer
522	0.19379812	0.9920694	0.7982713	0.3617823	0.71761703	1.0	False	blood	early	nucleotide_transformer
3744	0.19354552	0.9923518	0.79880625	0.36118758	0.7180613	1.0	False	blood	early	nucleotide_transformer
3741	0.19343662	0.9921893	0.79875267	0.361038	0.7181731	1.0	False	blood	early	nucleotide_transformer
2506	0.19318491	0.9914244	0.79823947	0.36083925	0.7183217	1.0	False	blood	early	nucleotide_transformer
2111	0.19301009	0.9914397	0.7984296	0.36049533	0.71857864	1.0	False	blood	early	nucleotide_transformer
3425	0.19287205	0.9910758	0.79820377	0.36036584	0.71867543	1.0	False	blood	early	nucleotide_transformer
3851	0.1928944	0.9913906	0.7984962	0.36029	0.71873206	1.0	False	blood	early	nucleotide_transformer
4002	0.19282699	0.9912062	0.79837924	0.36022884	0.7187778	1.0	False	blood	early	nucleotide_transformer
2334	0.1925689	0.99097675	0.79840785	0.35981598	0.7190864	1.0	False	blood	early	nucleotide_transformer
3912	0.1925326	0.9909508	0.7984182	0.3597557	0.71913147	1.0	False	blood	early	nucleotide_transformer
4974	0.19232678	0.99051815	0.79819137	0.35951954	0.71930796	1.0	False	blood	early	nucleotide_transformer
108	0.19225305	0.9907549	0.79850185	0.35928768	0.71948135	1.0	False	blood	early	nucleotide_transformer
4099	0.19194955	0.9902221	0.79827255	0.35890022	0.719771	1.0	False	blood	early	nucleotide_transformer
61	0.1918953	0.9905205	0.7986252	0.35868406	0.71993273	1.0	False	blood	early	nucleotide_transformer
3113	0.19187093	0.9905091	0.79863816	0.35864103	0.7199649	1.0	False	blood	early	nucleotide_transformer
3069	0.19182318	0.99041605	0.79859287	0.35858342	0.7200079	1.0	False	blood	early	nucleotide_transformer
1743	0.19181556	0.99044806	0.7986325	0.35855585	0.7200285	1.0	False	blood	early	nucleotide_transformer
1323	0.19169223	0.990094	0.7984018	0.358452	0.72010624	1.0	False	blood	early	nucleotide_transformer
1657	0.19153559	0.9895803	0.7980447	0.35834107	0.7201892	1.0	False	blood	early	nucleotide_transformer
2279	0.19164348	0.9901431	0.79849964	0.3583396	0.72019035	1.0	False	blood	early	nucleotide_transformer
532	0.19107145	0.9897577	0.79868627	0.35737482	0.72091204	1.0	False	blood	early	nucleotide_transformer
4037	0.1907407	0.9892303	0.7984896	0.3569308	0.7212442	1.0	False	blood	early	nucleotide_transformer
5083	0.19050896	0.9892665	0.79875755	0.3564685	0.7215903	1.0	False	blood	early	nucleotide_transformer
1527	0.19047874	0.9894157	0.79893696	0.35635462	0.72167546	1.0	False	blood	early	nucleotide_transformer
2232	0.1904459	0.98987174	0.79942584	0.3561209	0.7218503	1.0	False	blood	early	nucleotide_transformer
4924	0.19030154	0.9894417	0.79914016	0.35600185	0.72193944	1.0	False	blood	early	nucleotide_transformer
2728	0.5219116	788.56604	788.0441	0.35228288	0.724744	1.0	False	blood	early	nucleotide_transformer
3099	-0.16442662	0.74228144	0.90670806	-0.3420776	0.7323761	1.0	False	blood	early	nucleotide_transformer
4164	0.15870768	0.7446948	0.58598715	0.3420573	0.73240465	1.0	False	blood	early	nucleotide_transformer
391	-0.16414857	0.7419689	0.9061175	-0.3416589	0.73269117	1.0	False	blood	early	nucleotide_transformer
3292	-0.1641593	0.7422235	0.9063828	-0.34156722	0.73276013	1.0	False	blood	early	nucleotide_transformer
1620	-0.16406971	0.7418644	0.9059341	-0.3415471	0.7327753	1.0	False	blood	early	nucleotide_transformer
1797	0.24236631	1.7341583	1.491792	0.34155253	0.73278177	1.0	False	blood	early	nucleotide_transformer
3336	-0.16406643	0.7421595	0.9062259	-0.34140956	0.7328788	1.0	False	blood	early	nucleotide_transformer
1181	-0.16391796	0.74188757	0.9058055	-0.34123275	0.73301184	1.0	False	blood	early	nucleotide_transformer
200	-0.1639517	0.7422288	0.9061805	-0.34114948	0.7330745	1.0	False	blood	early	nucleotide_transformer
1266	0.15806442	0.7435863	0.5855219	0.3411455	0.7330905	1.0	False	blood	early	nucleotide_transformer
3472	0.15779471	0.74316025	0.58536553	0.3407458	0.7333912	1.0	False	blood	early	nucleotide_transformer
3330	-0.16372728	0.74244684	0.9061741	-0.3406034	0.7334855	1.0	False	blood	early	nucleotide_transformer
2979	-0.16361308	0.7421504	0.9057635	-0.34050596	0.7335589	1.0	False	blood	early	nucleotide_transformer
4629	-0.16370326	0.7425733	0.9062766	-0.3405003	0.7335631	1.0	False	blood	early	nucleotide_transformer
4736	0.15762156	0.74331397	0.5856924	0.3402842	0.7337388	1.0	False	blood	early	nucleotide_transformer
3002	-0.1635837	0.7426189	0.9062026	-0.34024084	0.73375845	1.0	False	blood	early	nucleotide_transformer
3281	-0.16354746	0.74276114	0.9063086	-0.34010568	0.7338602	1.0	False	blood	early	nucleotide_transformer
2067	-0.16349721	0.7425685	0.9060657	-0.34008983	0.7338721	1.0	False	blood	early	nucleotide_transformer
12	-0.16340238	0.7422618	0.9056642	-0.34003553	0.73391306	1.0	False	blood	early	nucleotide_transformer
150	0.24113023	1.7334223	1.492292	0.33991432	0.7340147	1.0	False	blood	early	nucleotide_transformer
693	-0.16323781	0.7423806	0.9056184	-0.33965355	0.73420054	1.0	False	blood	early	nucleotide_transformer
3795	0.15719372	0.74266225	0.58546853	0.33963358	0.7342285	1.0	False	blood	early	nucleotide_transformer
2037	0.15706217	0.74205893	0.58499676	0.33962438	0.73423535	1.0	False	blood	early	nucleotide_transformer
1257	0.15711915	0.74239564	0.5852765	0.33959273	0.7342592	1.0	False	blood	early	nucleotide_transformer
1325	-0.162974	0.7419534	0.9049274	-0.3393129	0.734457	1.0	False	blood	early	nucleotide_transformer
2718	-0.16311449	0.7426892	0.9058037	-0.33927003	0.7344893	1.0	False	blood	early	nucleotide_transformer
636	0.15702099	0.7426677	0.5856467	0.33924368	0.73452204	1.0	False	blood	early	nucleotide_transformer
2236	-0.16290724	0.74240184	0.9053091	-0.33898214	0.7347062	1.0	False	blood	early	nucleotide_transformer
1210	0.15663123	0.7419278	0.5852966	0.33871838	0.7349175	1.0	False	blood	early	nucleotide_transformer
2283	0.24010193	1.732767	1.492665	0.3385605	0.73503405	1.0	False	blood	early	nucleotide_transformer
1606	-0.16262746	0.7425911	0.90521854	-0.3383386	0.7351909	1.0	False	blood	early	nucleotide_transformer
689	-0.16261101	0.7425508	0.9051618	-0.3383233	0.7352024	1.0	False	blood	early	nucleotide_transformer
3332	-0.16265392	0.7429038	0.90555775	-0.33825442	0.7352543	1.0	False	blood	early	nucleotide_transformer
2545	-0.1626144	0.7427512	0.9053656	-0.33824226	0.73526347	1.0	False	blood	early	nucleotide_transformer
554	-0.1626563	0.7430603	0.9057166	-0.33818907	0.7353035	1.0	False	blood	early	nucleotide_transformer
1707	-0.16256177	0.7428136	0.90537536	-0.33810923	0.7353637	1.0	False	blood	early	nucleotide_transformer
2208	-0.1625222	0.7426488	0.905171	-0.33810282	0.7353685	1.0	False	blood	early	nucleotide_transformer
3971	-0.16247755	0.7425074	0.90498495	-0.3380751	0.73538935	1.0	False	blood	early	nucleotide_transformer
1224	-0.1625635	0.74295884	0.90552235	-0.3380493	0.7354088	1.0	False	blood	early	nucleotide_transformer
262	-0.16251475	0.74279594	0.9053107	-0.3380233	0.7354283	1.0	False	blood	early	nucleotide_transformer
2215	-0.16256696	0.7430996	0.90566653	-0.33799464	0.7354499	1.0	False	blood	early	nucleotide_transformer
36	-0.16248953	0.7428531	0.90534264	-0.33794713	0.73548573	1.0	False	blood	early	nucleotide_transformer
3181	-0.16244566	0.7429232	0.90536886	-0.3378291	0.73557466	1.0	False	blood	early	nucleotide_transformer
4364	-0.16237962	0.7427265	0.9051061	-0.33778277	0.73560965	1.0	False	blood	early	nucleotide_transformer
2492	-0.16241646	0.7429413	0.9053578	-0.33776224	0.735625	1.0	False	blood	early	nucleotide_transformer
601	-0.16234481	0.74278057	0.9051254	-0.3376895	0.7356799	1.0	False	blood	early	nucleotide_transformer
744	-0.16236532	0.7428939	0.9052592	-0.33768043	0.73568666	1.0	False	blood	early	nucleotide_transformer
1565	-0.16227704	0.74258345	0.9048605	-0.33764005	0.73571706	1.0	False	blood	early	nucleotide_transformer
4847	-0.16233891	0.7428782	0.9052171	-0.3376344	0.7357214	1.0	False	blood	early	nucleotide_transformer
378	-0.16230553	0.74284345	0.905149	-0.33758277	0.73576033	1.0	False	blood	early	nucleotide_transformer
2420	-0.16233528	0.7430785	0.90541375	-0.33754003	0.7357925	1.0	False	blood	early	nucleotide_transformer
1919	-0.16228396	0.74289894	0.9051829	-0.3375158	0.73581076	1.0	False	blood	early	nucleotide_transformer
474	-0.16219062	0.7428339	0.9050245	-0.33735684	0.7359306	1.0	False	blood	early	nucleotide_transformer
1254	-0.16209716	0.7426701	0.9047673	-0.3372415	0.73601735	1.0	False	blood	early	nucleotide_transformer
1651	-0.16211873	0.74312514	0.9052439	-0.33708596	0.7361345	1.0	False	blood	early	nucleotide_transformer
227	-0.1620332	0.7430265	0.9050597	-0.33695748	0.7362314	1.0	False	blood	early	nucleotide_transformer
3063	-0.16201591	0.7430497	0.9050656	-0.3369129	0.736265	1.0	False	blood	early	nucleotide_transformer
4805	-0.16189641	0.74268454	0.90458095	-0.33683348	0.7363249	1.0	False	blood	early	nucleotide_transformer
1776	-0.16195285	0.7429683	0.9049212	-0.33682194	0.73633355	1.0	False	blood	early	nucleotide_transformer
3302	-0.16183525	0.74310267	0.9049379	-0.33652842	0.7365548	1.0	False	blood	early	nucleotide_transformer
4728	-0.16168237	0.7429044	0.9045868	-0.3363086	0.7367205	1.0	False	blood	early	nucleotide_transformer
2104	-0.16175032	0.74369013	0.90544045	-0.33610117	0.7368769	1.0	False	blood	early	nucleotide_transformer
642	-0.16163874	0.7432715	0.90491027	-0.33606154	0.7369067	1.0	False	blood	early	nucleotide_transformer
3300	-0.16157073	0.7433078	0.90487856	-0.33590978	0.7370212	1.0	False	blood	early	nucleotide_transformer
4242	0.08854143	0.2480114	0.15946996	0.33470353	0.73794824	1.0	False	blood	early	nucleotide_transformer
3327	0.08851746	0.2481933	0.15967584	0.33434123	0.7382215	1.0	False	blood	early	nucleotide_transformer
711	-0.16086477	0.7439479	0.9048127	-0.33421737	0.73829734	1.0	False	blood	early	nucleotide_transformer
1000	0.088439584	0.24807985	0.15964027	0.33419016	0.73833543	1.0	False	blood	early	nucleotide_transformer
3717	0.088455066	0.24813525	0.15968019	0.334173	0.73834836	1.0	False	blood	early	nucleotide_transformer
4095	0.08843809	0.24810627	0.15966818	0.3341462	0.7383686	1.0	False	blood	early	nucleotide_transformer
3350	0.0884316	0.24809323	0.15966164	0.33413875	0.7383742	1.0	False	blood	early	nucleotide_transformer
1673	0.0884088	0.24804668	0.15963788	0.33411363	0.7383932	1.0	False	blood	early	nucleotide_transformer
332	0.08843617	0.24813223	0.15969606	0.3341012	0.73840255	1.0	False	blood	early	nucleotide_transformer
416	0.08839688	0.24802704	0.15963016	0.33409992	0.7384035	1.0	False	blood	early	nucleotide_transformer
4503	0.08827153	0.24769986	0.15942833	0.33406305	0.7384314	1.0	False	blood	early	nucleotide_transformer
4763	0.08843009	0.24814194	0.15971185	0.33406276	0.73843163	1.0	False	blood	early	nucleotide_transformer
3112	0.0884321	0.24817595	0.15974385	0.3340221	0.7384622	1.0	False	blood	early	nucleotide_transformer
4321	0.088398576	0.24810955	0.15971097	0.3339822	0.7384923	1.0	False	blood	early	nucleotide_transformer
1454	-0.16072977	0.7440741	0.9048039	-0.3338925	0.7385425	1.0	False	blood	early	nucleotide_transformer
4313	-0.16058666	0.74404806	0.9046347	-0.33361757	0.7387498	1.0	False	blood	early	nucleotide_transformer
2289	0.08811657	0.2475774	0.15946083	0.3336139	0.73877007	1.0	False	blood	early	nucleotide_transformer
4386	-0.16056085	0.7440681	0.90462893	-0.3335573	0.73879534	1.0	False	blood	early	nucleotide_transformer
2049	0.08807707	0.24749745	0.15942039	0.3335691	0.73880386	1.0	False	blood	early	nucleotide_transformer
818	0.08805095	0.24747421	0.15942326	0.33349696	0.7388583	1.0	False	blood	early	nucleotide_transformer
1264	0.08801255	0.2474839	0.15947135	0.33332783	0.7389859	1.0	False	blood	early	nucleotide_transformer
4597	0.088041544	0.24761818	0.15957664	0.33325252	0.7390427	1.0	False	blood	early	nucleotide_transformer
4984	0.08792807	0.24731557	0.1593875	0.3332283	0.739061	1.0	False	blood	early	nucleotide_transformer
1760	0.088026434	0.2476093	0.15958287	0.33320424	0.7390791	1.0	False	blood	early	nucleotide_transformer
400	0.08794786	0.24739385	0.15944599	0.3331957	0.7390855	1.0	False	blood	early	nucleotide_transformer
2234	0.088018894	0.24763045	0.15961155	0.3331435	0.73912495	1.0	False	blood	early	nucleotide_transformer
392	0.08793664	0.24743493	0.15949829	0.33309135	0.7391643	1.0	False	blood	early	nucleotide_transformer
4420	0.087934405	0.2474816	0.1595472	0.33301562	0.7392214	1.0	False	blood	early	nucleotide_transformer
3012	0.08787912	0.2473279	0.15944877	0.3330124	0.7392239	1.0	False	blood	early	nucleotide_transformer
4423	0.08803129	0.24786466	0.15983337	0.33285803	0.7393403	1.0	False	blood	early	nucleotide_transformer
3530	0.087800846	0.24734394	0.1595431	0.3326718	0.73948085	1.0	False	blood	early	nucleotide_transformer
274	0.087764576	0.24729824	0.15953366	0.3325907	0.739542	1.0	False	blood	early	nucleotide_transformer
4475	0.087795764	0.24740294	0.15960717	0.33256787	0.73955923	1.0	False	blood	early	nucleotide_transformer
1287	0.087736934	0.24726903	0.1595321	0.3325207	0.73959494	1.0	False	blood	early	nucleotide_transformer
1554	0.087772414	0.24737075	0.15959834	0.33251846	0.7395966	1.0	False	blood	early	nucleotide_transformer
3467	0.087751955	0.24732047	0.15956852	0.3325089	0.73960376	1.0	False	blood	early	nucleotide_transformer
3555	0.087715864	0.24732034	0.15960447	0.33236212	0.73971456	1.0	False	blood	early	nucleotide_transformer
598	0.0876195	0.24723074	0.15961124	0.33210087	0.7399117	1.0	False	blood	early	nucleotide_transformer
3674	0.087584674	0.24724784	0.15966317	0.33193558	0.74003637	1.0	False	blood	early	nucleotide_transformer
2651	0.08760904	0.24740073	0.1597917	0.33181506	0.7401273	1.0	False	blood	early	nucleotide_transformer
1904	0.08761667	0.24743533	0.15981866	0.3317964	0.74014145	1.0	False	blood	early	nucleotide_transformer
980	-0.18342483	0.98988533	1.1733102	-0.33175927	0.74015284	1.0	False	blood	early	nucleotide_transformer
3803	-0.18335241	0.99016196	1.1735144	-0.33154237	0.7403166	1.0	False	blood	early	nucleotide_transformer
2958	-0.18326533	0.99001837	1.1732837	-0.331437	0.7403962	1.0	False	blood	early	nucleotide_transformer
2538	-0.18315536	0.98973674	1.1728921	-0.33133477	0.7404734	1.0	False	blood	early	nucleotide_transformer
2517	-0.18305868	0.9898235	1.1728822	-0.33113733	0.74062246	1.0	False	blood	early	nucleotide_transformer
2041	-0.18281198	0.98940945	1.1722214	-0.33083892	0.74084777	1.0	False	blood	early	nucleotide_transformer
1004	-0.18281788	0.99023145	1.1730493	-0.3305826	0.74104136	1.0	False	blood	early	nucleotide_transformer
578	-0.18281597	0.99023384	1.1730498	-0.3305785	0.7410445	1.0	False	blood	early	nucleotide_transformer
3794	-0.18233651	0.9901741	1.1725106	-0.3297591	0.74166346	1.0	False	blood	early	nucleotide_transformer
1699	-0.18222535	0.98964477	1.1718701	-0.32973483	0.74168175	1.0	False	blood	early	nucleotide_transformer
3253	-0.18214953	0.9894239	1.1715734	-0.3296732	0.74172837	1.0	False	blood	early	nucleotide_transformer
4669	-0.1821028	0.98957896	1.1716818	-0.32954144	0.74182785	1.0	False	blood	early	nucleotide_transformer
4996	-0.18213505	0.98985296	1.171988	-0.32950926	0.74185216	1.0	False	blood	early	nucleotide_transformer
4476	-0.18214947	0.990063	1.1722125	-0.32946703	0.74188405	1.0	False	blood	early	nucleotide_transformer
1842	-0.18211794	0.9899452	1.1720631	-0.32944974	0.7418971	1.0	False	blood	early	nucleotide_transformer
992	-0.1820479	0.9901065	1.1721544	-0.3292751	0.742029	1.0	False	blood	early	nucleotide_transformer
4657	-0.18200886	0.9900353	1.1720442	-0.3292297	0.7420632	1.0	False	blood	early	nucleotide_transformer
1207	-0.18205285	0.990806	1.1728588	-0.32905886	0.74219245	1.0	False	blood	early	nucleotide_transformer
948	-0.18189943	0.9902514	1.1721509	-0.32896823	0.7422608	1.0	False	blood	early	nucleotide_transformer
3386	-0.18196833	0.99063504	1.1726034	-0.3289663	0.74226236	1.0	False	blood	early	nucleotide_transformer
2465	-0.18188429	0.990438	1.1723223	-0.32888207	0.74232596	1.0	False	blood	early	nucleotide_transformer
440	-0.18177813	0.99009615	1.1718743	-0.32880586	0.7423836	1.0	False	blood	early	nucleotide_transformer
4512	-0.18177903	0.9901835	1.1719625	-0.32877934	0.7424036	1.0	False	blood	early	nucleotide_transformer
4481	-0.18191195	0.99093354	1.1728455	-0.32877144	0.7424095	1.0	False	blood	early	nucleotide_transformer
1996	-0.18172514	0.9899976	1.1717228	-0.32874477	0.7424298	1.0	False	blood	early	nucleotide_transformer
1464	-0.1817407	0.99012166	1.1718624	-0.3287321	0.7424394	1.0	False	blood	early	nucleotide_transformer
1499	-0.18156183	0.99009454	1.1716564	-0.3284273	0.7426696	1.0	False	blood	early	nucleotide_transformer
2730	-0.18150038	0.9903715	1.1718719	-0.32822978	0.74281895	1.0	False	blood	early	nucleotide_transformer
4653	-0.1813088	0.9898686	1.1711774	-0.32805607	0.7429502	1.0	False	blood	early	nucleotide_transformer
3342	-0.18143529	0.9908926	1.1723279	-0.32794967	0.74303067	1.0	False	blood	early	nucleotide_transformer
2105	-0.18132848	0.99042207	1.1717505	-0.3279133	0.74305826	1.0	False	blood	early	nucleotide_transformer
4508	-0.18126339	0.99008733	1.1713507	-0.3279072	0.7430628	1.0	False	blood	early	nucleotide_transformer
2877	-0.18140382	0.99085575	1.1722596	-0.32790628	0.74306357	1.0	False	blood	early	nucleotide_transformer
2520	-0.18127406	0.9903021	1.1715761	-0.32785633	0.7431013	1.0	False	blood	early	nucleotide_transformer
4215	-0.18128264	0.9903898	1.1716725	-0.32784337	0.7431111	1.0	False	blood	early	nucleotide_transformer
4603	-0.18122768	0.99050856	1.1717362	-0.3277092	0.74321246	1.0	False	blood	early	nucleotide_transformer
1761	-0.18117446	0.9902443	1.1714188	-0.3277003	0.74321926	1.0	False	blood	early	nucleotide_transformer
1557	-0.18116862	0.9902211	1.1713897	-0.32769638	0.7432222	1.0	False	blood	early	nucleotide_transformer
972	-0.18130183	0.99096525	1.1722671	-0.32769266	0.743225	1.0	False	blood	early	nucleotide_transformer
4624	-0.18119669	0.9904455	1.1716422	-0.3276751	0.7432383	1.0	False	blood	early	nucleotide_transformer
90	-0.18116885	0.9904359	1.1716048	-0.32762837	0.7432736	1.0	False	blood	early	nucleotide_transformer
4179	-0.18114734	0.99063337	1.1717807	-0.32752854	0.74334896	1.0	False	blood	early	nucleotide_transformer
567	-0.20181775	1.2373979	1.4392157	-0.32742506	0.7434277	1.0	False	blood	early	nucleotide_transformer
4893	-0.18101114	0.99042505	1.1714362	-0.3273555	0.74347985	1.0	False	blood	early	nucleotide_transformer
2866	-0.18103653	0.990629	1.1716655	-0.32733595	0.74349463	1.0	False	blood	early	nucleotide_transformer
634	0.123615235	0.49612746	0.37251222	0.32732314	0.743517	1.0	False	blood	early	nucleotide_transformer
4772	-0.1809929	0.99050516	1.1714981	-0.327299	0.7435226	1.0	False	blood	early	nucleotide_transformer
4412	-0.18103665	0.9907622	1.1717988	-0.32729307	0.7435271	1.0	False	blood	early	nucleotide_transformer
3515	0.12357375	0.49601263	0.37243888	0.32728726	0.74354416	1.0	False	blood	early	nucleotide_transformer
1650	0.123731405	0.4966629	0.3729315	0.32727566	0.74355286	1.0	False	blood	early	nucleotide_transformer
1969	-0.18098968	0.9906294	1.171619	-0.32725376	0.74355686	1.0	False	blood	early	nucleotide_transformer
4110	-0.20174837	1.2376542	1.4394026	-0.32725	0.7435602	1.0	False	blood	early	nucleotide_transformer
1994	0.123713195	0.49661627	0.37290308	0.32725736	0.74356675	1.0	False	blood	early	nucleotide_transformer
2444	0.123680085	0.4965819	0.37290183	0.3271894	0.74361813	1.0	False	blood	early	nucleotide_transformer
3718	0.12342623	0.4957068	0.37228057	0.32708913	0.7436938	1.0	False	blood	early	nucleotide_transformer
3818	-0.18091303	0.9908213	1.1717343	-0.32705766	0.74370503	1.0	False	blood	early	nucleotide_transformer
306	-0.18085045	0.9904919	1.1713424	-0.32705352	0.74370813	1.0	False	blood	early	nucleotide_transformer
3375	-0.20165515	1.2379729	1.439628	-0.32702127	0.74373305	1.0	False	blood	early	nucleotide_transformer
2125	-0.1808691	0.99073124	1.1716003	-0.32700947	0.74374145	1.0	False	blood	early	nucleotide_transformer
4791	0.12357411	0.49648005	0.37290594	0.32696623	0.7437869	1.0	False	blood	early	nucleotide_transformer
1989	-0.1808579	0.99089396	1.1717519	-0.326938	0.7437955	1.0	False	blood	early	nucleotide_transformer
4241	-0.18081564	0.9908232	1.1716388	-0.3268866	0.7438344	1.0	False	blood	early	nucleotide_transformer
3535	-0.2015748	1.2380604	1.4396352	-0.32687217	0.74384576	1.0	False	blood	early	nucleotide_transformer
3989	-0.18078631	0.990758	1.1715443	-0.32685584	0.7438576	1.0	False	blood	early	nucleotide_transformer
4406	-0.18083286	0.99102616	1.171859	-0.326852	0.7438605	1.0	False	blood	early	nucleotide_transformer
4028	-0.18076038	0.9907038	1.1714642	-0.3268276	0.743879	1.0	False	blood	early	nucleotide_transformer
2617	0.1233134	0.49562052	0.37230712	0.32683623	0.74388504	1.0	False	blood	early	nucleotide_transformer
4607	-0.20153058	1.2380116	1.4395422	-0.32681486	0.74388903	1.0	False	blood	early	nucleotide_transformer
286	-0.18076462	0.99082977	1.1715944	-0.32679498	0.7439037	1.0	False	blood	early	nucleotide_transformer
3344	-0.18076175	0.99089426	1.171656	-0.32676953	0.7439229	1.0	False	blood	early	nucleotide_transformer
4800	-0.18082762	0.9912846	1.1721122	-0.3267597	0.74393034	1.0	False	blood	early	nucleotide_transformer
1076	-0.1807211	0.990809	1.1715301	-0.3267255	0.74395627	1.0	False	blood	early	nucleotide_transformer
796	-0.18072653	0.99086	1.1715865	-0.32671866	0.74396145	1.0	False	blood	early	nucleotide_transformer
3483	-0.18070376	0.9908432	1.1715469	-0.32668433	0.74398726	1.0	False	blood	early	nucleotide_transformer
1615	-0.18065405	0.9906794	1.1713334	-0.3266494	0.7440137	1.0	False	blood	early	nucleotide_transformer
1704	-0.20142126	1.2380154	1.4394367	-0.3266416	0.74402004	1.0	False	blood	early	nucleotide_transformer
2906	-0.1806246	0.9906664	1.171291	-0.32660243	0.7440493	1.0	False	blood	early	nucleotide_transformer
4085	-0.2014122	1.2383755	1.4397877	-0.3265353	0.7441005	1.0	False	blood	early	nucleotide_transformer
4413	-0.20139015	1.2383156	1.4397057	-0.32651576	0.74411523	1.0	False	blood	early	nucleotide_transformer
4398	-0.18058515	0.99083805	1.1714232	-0.3264777	0.74414355	1.0	False	blood	early	nucleotide_transformer
2667	-0.2012322	1.2376924	1.4389246	-0.3264262	0.74418294	1.0	False	blood	early	nucleotide_transformer
100	-0.20120013	1.2376543	1.4388545	-0.32638577	0.74421346	1.0	False	blood	early	nucleotide_transformer
1804	-0.18046641	0.99063766	1.1711041	-0.3263341	0.74425215	1.0	False	blood	early	nucleotide_transformer
1800	-0.18042284	0.99083203	1.1712549	-0.3261953	0.7443571	1.0	False	blood	early	nucleotide_transformer
2809	-0.20103788	1.237519	1.4385569	-0.3261644	0.7443809	1.0	False	blood	early	nucleotide_transformer
5029	-0.20110404	1.2387657	1.4398698	-0.32595003	0.7445431	1.0	False	blood	early	nucleotide_transformer
1172	-0.20106876	1.2385705	1.4396392	-0.32594427	0.7445474	1.0	False	blood	early	nucleotide_transformer
2305	-0.18037564	0.9916586	1.1720343	-0.32584918	0.74461895	1.0	False	blood	early	nucleotide_transformer
206	-0.18033016	0.9914392	1.1717694	-0.32583922	0.7446264	1.0	False	blood	early	nucleotide_transformer
3919	-0.20095837	1.2385886	1.439547	-0.32576564	0.74468255	1.0	False	blood	early	nucleotide_transformer
4203	0.12279585	0.49517444	0.3723786	0.3257078	0.7447383	1.0	False	blood	early	nucleotide_transformer
499	-0.20094562	1.2388159	1.4397615	-0.32568753	0.7447416	1.0	False	blood	early	nucleotide_transformer
4340	-0.20083404	1.2383587	1.4391928	-0.32562828	0.74478644	1.0	False	blood	early	nucleotide_transformer
2023	-0.20077276	1.2385391	1.4393119	-0.32548583	0.74489415	1.0	False	blood	early	nucleotide_transformer
330	-0.2006849	1.2380456	1.4387305	-0.3254733	0.7449037	1.0	False	blood	early	nucleotide_transformer
142	-0.18003404	0.9909928	1.1710268	-0.32546344	0.74491066	1.0	False	blood	early	nucleotide_transformer
1619	-0.20068836	1.2383877	1.4390761	-0.32539114	0.7449659	1.0	False	blood	early	nucleotide_transformer
646	0.12262216	0.49502328	0.37240112	0.3253301	0.745024	1.0	False	blood	early	nucleotide_transformer
1299	-0.20062733	1.2383358	1.4389632	-0.32530817	0.7450287	1.0	False	blood	early	nucleotide_transformer
4446	-0.20069706	1.2387723	1.4394693	-0.32530698	0.7450295	1.0	False	blood	early	nucleotide_transformer
1064	-0.2007004	1.2388147	1.4395151	-0.3253015	0.7450337	1.0	False	blood	early	nucleotide_transformer
127	0.122594	0.49516627	0.37257227	0.32515284	0.7451581	1.0	False	blood	early	nucleotide_transformer
951	0.12258294	0.49522263	0.3726397	0.32508388	0.7452103	1.0	False	blood	early	nucleotide_transformer
2524	-0.2005645	1.2389294	1.4394939	-0.3250581	0.74521786	1.0	False	blood	early	nucleotide_transformer
4858	0.12251279	0.49501413	0.37250134	0.3250337	0.7452483	1.0	False	blood	early	nucleotide_transformer
831	-0.20045674	1.2385088	1.4389656	-0.32499528	0.74526536	1.0	False	blood	early	nucleotide_transformer
2388	0.122424126	0.49473056	0.37230644	0.32498196	0.74528736	1.0	False	blood	early	nucleotide_transformer
709	-0.20043647	1.2385653	1.4390018	-0.32494897	0.7453004	1.0	False	blood	early	nucleotide_transformer
3845	0.122384965	0.49460036	0.3722154	0.32496226	0.74530226	1.0	False	blood	early	nucleotide_transformer
1827	0.12249383	0.49510124	0.3726074	0.32491985	0.7453344	1.0	False	blood	early	nucleotide_transformer
527	-0.20033431	1.2382393	1.4385736	-0.3248709	0.7453594	1.0	False	blood	early	nucleotide_transformer
899	-0.20030165	1.2381791	1.4384807	-0.324835	0.7453866	1.0	False	blood	early	nucleotide_transformer
2378	-0.20032358	1.2384542	1.4387778	-0.32479945	0.74541354	1.0	False	blood	early	nucleotide_transformer
3458	-0.20031083	1.2384293	1.4387401	-0.32478565	0.74542403	1.0	False	blood	early	nucleotide_transformer
606	0.122360945	0.4947724	0.37241146	0.3247775	0.745442	1.0	False	blood	early	nucleotide_transformer
4283	-0.20028901	1.2385856	1.4388746	-0.32471132	0.74548024	1.0	False	blood	early	nucleotide_transformer
4322	-0.20023358	1.2386421	1.4388757	-0.3246092	0.7455574	1.0	False	blood	early	nucleotide_transformer
1411	0.12230736	0.49487337	0.372566	0.32455966	0.74560684	1.0	False	blood	early	nucleotide_transformer
4550	0.122454554	0.4954805	0.37302595	0.32455066	0.7456137	1.0	False	blood	early	nucleotide_transformer
2310	0.122294694	0.4948818	0.3725871	0.32451877	0.7456377	1.0	False	blood	early	nucleotide_transformer
2739	0.12242335	0.49540523	0.37298188	0.3245156	0.74564016	1.0	False	blood	early	nucleotide_transformer
4766	0.12223372	0.49475643	0.3725227	0.32443538	0.74570096	1.0	False	blood	early	nucleotide_transformer
1171	0.12216064	0.49453664	0.372376	0.32438335	0.7457403	1.0	False	blood	early	nucleotide_transformer
2124	-0.20005989	1.2386208	1.4386806	-0.3243412	0.74576026	1.0	False	blood	early	nucleotide_transformer
1550	-0.2000444	1.2386959	1.4387403	-0.3242978	0.7457932	1.0	False	blood	early	nucleotide_transformer
1455	0.1221863	0.49478355	0.37259725	0.3242852	0.7458145	1.0	False	blood	early	nucleotide_transformer
4372	0.12215185	0.49478546	0.3726336	0.32418832	0.7458878	1.0	False	blood	early	nucleotide_transformer
4798	-0.19994032	1.238565	1.4385053	-0.32416707	0.7458921	1.0	False	blood	early	nucleotide_transformer
1714	-0.19988906	1.2383542	1.4382433	-0.32413927	0.74591315	1.0	False	blood	early	nucleotide_transformer
3067	-0.17929423	0.9916421	1.1709363	-0.32396153	0.74604726	1.0	False	blood	early	nucleotide_transformer
4198	0.12204835	0.49482217	0.37277383	0.32387617	0.746124	1.0	False	blood	early	nucleotide_transformer
4865	-0.17919415	0.99159735	1.1707915	-0.32380036	0.7461692	1.0	False	blood	early	nucleotide_transformer
4936	-0.19970512	1.2385787	1.4382838	-0.3237928	0.7461754	1.0	False	blood	early	nucleotide_transformer
2678	0.121991485	0.49472386	0.37273237	0.32378566	0.7461926	1.0	False	blood	early	nucleotide_transformer
756	-0.19966006	1.2384984	1.4381585	-0.32374212	0.74621373	1.0	False	blood	early	nucleotide_transformer
3950	0.121878326	0.49469838	0.37282005	0.32348907	0.746417	1.0	False	blood	early	nucleotide_transformer
3823	-0.1995076	1.2387269	1.4382344	-0.3234434	0.7464398	1.0	False	blood	early	nucleotide_transformer
2955	-0.19938171	1.2384211	1.4378028	-0.32332268	0.7465312	1.0	False	blood	early	nucleotide_transformer
2683	-0.17893314	0.9919361	1.1708692	-0.32323644	0.7465959	1.0	False	blood	early	nucleotide_transformer
4118	-0.17875361	0.992175	1.1709286	-0.3228471	0.7468907	1.0	False	blood	early	nucleotide_transformer
792	0.21065056	1.4882401	1.2775896	0.32006416	0.7490075	1.0	False	blood	early	nucleotide_transformer
4757	0.21016014	1.4879615	1.2778014	0.3193622	0.7495395	1.0	False	blood	early	nucleotide_transformer
4919	0.20887613	1.486755	1.2778789	0.3176251	0.75085646	1.0	False	blood	early	nucleotide_transformer
3241	0.20795262	1.4856871	1.2777345	0.3164182	0.7517718	1.0	False	blood	early	nucleotide_transformer
795	0.20787704	1.4853879	1.2775109	0.3163664	0.7518109	1.0	False	blood	early	nucleotide_transformer
752	0.20777285	1.4855753	1.2778025	0.31616345	0.75196505	1.0	False	blood	early	nucleotide_transformer
2222	0.20766175	1.4855218	1.27786	0.31600145	0.75208795	1.0	False	blood	early	nucleotide_transformer
4211	0.20767951	1.4856973	1.2780178	0.31598946	0.752097	1.0	False	blood	early	nucleotide_transformer
799	0.20764828	1.4855355	1.2778872	0.31597736	0.7521062	1.0	False	blood	early	nucleotide_transformer
1345	0.20744157	1.4858236	1.2783821	0.31559083	0.7523995	1.0	False	blood	early	nucleotide_transformer
3041	0.20700169	1.4859481	1.2789464	0.3148781	0.7529403	1.0	False	blood	early	nucleotide_transformer
1092	0.20698667	1.4858949	1.2789083	0.3148662	0.75294936	1.0	False	blood	early	nucleotide_transformer
2697	0.2066747	1.4858459	1.2791712	0.31439033	0.7533106	1.0	False	blood	early	nucleotide_transformer
995	0.20632374	1.4851437	1.2788199	0.31399548	0.7536103	1.0	False	blood	early	nucleotide_transformer
1599	0.2063694	1.4856101	1.2792407	0.3139651	0.7536334	1.0	False	blood	early	nucleotide_transformer
2358	0.20630193	1.4857349	1.279433	0.3138329	0.7537338	1.0	False	blood	early	nucleotide_transformer
2512	0.20604217	1.485335	1.2792928	0.31351522	0.753975	1.0	False	blood	early	nucleotide_transformer
808	0.2059834	1.4856142	1.2796308	0.31336206	0.75409126	1.0	False	blood	early	nucleotide_transformer
1841	0.20580018	1.4851447	1.2793446	0.31317887	0.7542304	1.0	False	blood	early	nucleotide_transformer
596	0.20573711	1.4847356	1.2789985	0.31316888	0.75423795	1.0	False	blood	early	nucleotide_transformer
3546	0.20576835	1.4851156	1.2793473	0.31313536	0.7542635	1.0	False	blood	early	nucleotide_transformer
1630	0.20570815	1.4850229	1.2793148	0.3130616	0.7543195	1.0	False	blood	early	nucleotide_transformer
3527	0.17458272	1.2394365	1.0648538	0.2904615	0.7715423	1.0	False	blood	early	nucleotide_transformer
891	0.17444849	1.2391621	1.0647136	0.29029799	0.7716673	1.0	False	blood	early	nucleotide_transformer
5117	0.17436564	1.2391701	1.0648044	0.29015473	0.77177685	1.0	False	blood	early	nucleotide_transformer
3263	0.17434144	1.2391089	1.0647675	0.29012802	0.7717973	1.0	False	blood	early	nucleotide_transformer
4075	0.17435014	1.2393	1.0649499	0.29009733	0.7718207	1.0	False	blood	early	nucleotide_transformer
2154	0.17423844	1.2388595	1.0646211	0.29001325	0.77188504	1.0	False	blood	early	nucleotide_transformer
3420	0.1740638	1.2382699	1.0642061	0.2898568	0.77200466	1.0	False	blood	early	nucleotide_transformer
4146	0.17405105	1.2382638	1.0642128	0.28983617	0.7720204	1.0	False	blood	early	nucleotide_transformer
1555	0.17397273	1.2383828	1.0644101	0.2896739	0.77214456	1.0	False	blood	early	nucleotide_transformer
3591	0.17359662	1.238407	1.0648104	0.28902575	0.77264035	1.0	False	blood	early	nucleotide_transformer
1740	0.17314613	1.2379136	1.0647675	0.28837442	0.7731385	1.0	False	blood	early	nucleotide_transformer
3078	0.17309225	1.2381139	1.0650216	0.2882353	0.7732449	1.0	False	blood	early	nucleotide_transformer
4705	0.17307973	1.238159	1.0650792	0.28820324	0.7732695	1.0	False	blood	early	nucleotide_transformer
4548	0.17306948	1.2382243	1.0651548	0.28817028	0.77329475	1.0	False	blood	early	nucleotide_transformer
1019	0.17303252	1.2382617	1.0652292	0.28809768	0.77335024	1.0	False	blood	early	nucleotide_transformer
191	0.172984	1.2379184	1.0649344	0.28809685	0.7733508	1.0	False	blood	early	nucleotide_transformer
2300	0.17296612	1.2380506	1.0650845	0.28803498	0.7733983	1.0	False	blood	early	nucleotide_transformer
3652	0.1729126	1.2378359	1.0649233	0.28799424	0.77342945	1.0	False	blood	early	nucleotide_transformer
1174	0.17293656	1.2380261	1.0650896	0.28799033	0.7734324	1.0	False	blood	early	nucleotide_transformer
4587	0.17277682	1.2377762	1.0649993	0.28777713	0.7735956	1.0	False	blood	early	nucleotide_transformer
988	0.17273426	1.2379353	1.065201	0.28766638	0.7736802	1.0	False	blood	early	nucleotide_transformer
1169	0.17265904	1.2374185	1.0647595	0.28766072	0.77368456	1.0	False	blood	early	nucleotide_transformer
4633	0.17255127	1.2375253	1.0649741	0.28745127	0.77384496	1.0	False	blood	early	nucleotide_transformer
660	0.17241526	1.2379528	1.0655376	0.28711736	0.7741005	1.0	False	blood	early	nucleotide_transformer
2832	0.17219567	1.2378583	1.0656626	0.28676492	0.7743702	1.0	False	blood	early	nucleotide_transformer
2684	0.17220533	1.2379496	1.0657443	0.28675967	0.7743742	1.0	False	blood	early	nucleotide_transformer
4831	0.17192507	1.2375115	1.0655864	0.28638506	0.774661	1.0	False	blood	early	nucleotide_transformer
836	0.17195773	1.2378266	1.0658689	0.28636637	0.7746753	1.0	False	blood	early	nucleotide_transformer
1036	0.17174327	1.2376224	1.0658791	0.2860486	0.7749186	1.0	False	blood	early	nucleotide_transformer
494	0.17162395	1.2373333	1.0657094	0.28591287	0.77502245	1.0	False	blood	early	nucleotide_transformer
2032	0.17163587	1.2376995	1.0660636	0.28584695	0.77507293	1.0	False	blood	early	nucleotide_transformer
3942	0.17162108	1.2376652	1.0660441	0.28582987	0.7750861	1.0	False	blood	early	nucleotide_transformer
4208	0.17151415	1.2372606	1.0657464	0.28574243	0.775153	1.0	False	blood	early	nucleotide_transformer
4575	0.17154706	1.2376705	1.0661235	0.28570232	0.77518374	1.0	False	blood	early	nucleotide_transformer
1631	0.1715374	1.237628	1.0660906	0.28569573	0.7751887	1.0	False	blood	early	nucleotide_transformer
4950	0.17160451	1.2382107	1.0666062	0.2856726	0.77520645	1.0	False	blood	early	nucleotide_transformer
4304	0.17150176	1.2378054	1.0663036	0.28559285	0.77526754	1.0	False	blood	early	nucleotide_transformer
1139	0.17142284	1.2378125	1.0663897	0.28545657	0.77537185	1.0	False	blood	early	nucleotide_transformer
3497	0.17138934	1.2376733	1.066284	0.28543204	0.7753906	1.0	False	blood	early	nucleotide_transformer
4963	0.17108285	1.2376198	1.0665369	0.28492153	0.7757816	1.0	False	blood	early	nucleotide_transformer
4493	0.17088449	1.2371885	1.066304	0.28468397	0.77596354	1.0	False	blood	early	nucleotide_transformer
3615	0.17077935	1.2372187	1.0664394	0.2844974	0.7761064	1.0	False	blood	early	nucleotide_transformer
1330	0.17070377	1.2372177	1.0665139	0.28436866	0.77620506	1.0	False	blood	early	nucleotide_transformer
888	0.18750167	1.7336845	1.5461829	0.2635387	0.7922058	1.0	False	blood	early	nucleotide_transformer
1777	0.18708682	1.733183	1.5460962	0.26302248	0.7926035	1.0	False	blood	early	nucleotide_transformer
2151	0.1402539	0.99232745	0.85207355	0.26047367	0.79456884	1.0	False	blood	early	nucleotide_transformer
334	0.14025003	0.9924136	0.85216355	0.26044336	0.7945922	1.0	False	blood	early	nucleotide_transformer
3983	0.1401375	0.99226964	0.85213214	0.26026765	0.79472774	1.0	False	blood	early	nucleotide_transformer
1413	0.14010227	0.99218583	0.85208356	0.26022294	0.79476213	1.0	False	blood	early	nucleotide_transformer
228	0.14008999	0.99225444	0.85216445	0.26018125	0.7947942	1.0	False	blood	early	nucleotide_transformer
3730	0.13998121	0.99176127	0.85178006	0.26010615	0.7948522	1.0	False	blood	early	nucleotide_transformer
1778	0.13997853	0.99187744	0.8518989	0.26006994	0.7948801	1.0	False	blood	early	nucleotide_transformer
626	0.13988197	0.99131894	0.851437	0.2600359	0.7949064	1.0	False	blood	early	nucleotide_transformer
1896	0.13989902	0.9914725	0.85157347	0.2600274	0.79491293	1.0	False	blood	early	nucleotide_transformer
1592	0.13983572	0.9912771	0.8514414	0.25995877	0.79496586	1.0	False	blood	early	nucleotide_transformer
1265	0.13984913	0.99146867	0.85161954	0.25993338	0.7949854	1.0	False	blood	early	nucleotide_transformer
1161	0.13984019	0.9914286	0.8515884	0.25992703	0.7949903	1.0	False	blood	early	nucleotide_transformer
4515	0.1397934	0.9914757	0.8516823	0.25982523	0.7950688	1.0	False	blood	early	nucleotide_transformer
2315	0.13971162	0.99109286	0.85138124	0.25977236	0.79510957	1.0	False	blood	early	nucleotide_transformer
3961	0.13976139	0.9914919	0.8517305	0.2597599	0.7951192	1.0	False	blood	early	nucleotide_transformer
2004	0.13969737	0.9916682	0.85197085	0.25959033	0.7952499	1.0	False	blood	early	nucleotide_transformer
779	0.1396594	0.9914149	0.8517555	0.259586	0.7952532	1.0	False	blood	early	nucleotide_transformer
106	0.13951772	0.9911613	0.85164356	0.25938445	0.7954087	1.0	False	blood	early	nucleotide_transformer
4393	0.13937235	0.99112815	0.8517558	0.25911608	0.7956156	1.0	False	blood	early	nucleotide_transformer
592	0.13935912	0.991088	0.85172886	0.25910133	0.79562706	1.0	False	blood	early	nucleotide_transformer
4591	0.13934922	0.99109805	0.8517488	0.2590799	0.79564357	1.0	False	blood	early	nucleotide_transformer
533	0.13932133	0.990986	0.85166466	0.25905663	0.7956615	1.0	False	blood	early	nucleotide_transformer
2167	0.13919997	0.9904447	0.85124475	0.25897017	0.79572815	1.0	False	blood	early	nucleotide_transformer
1775	0.13930094	0.9912267	0.85192573	0.25895286	0.79574156	1.0	False	blood	early	nucleotide_transformer
2075	0.13927627	0.99106646	0.8517902	0.25894925	0.7957444	1.0	False	blood	early	nucleotide_transformer
2042	0.1391164	0.9904609	0.85134447	0.25880635	0.79585457	1.0	False	blood	early	nucleotide_transformer
3524	0.13911837	0.9905205	0.8514021	0.25879404	0.79586405	1.0	False	blood	early	nucleotide_transformer
299	0.13908958	0.9906971	0.8516075	0.2586917	0.7959431	1.0	False	blood	early	nucleotide_transformer
259	0.13906634	0.9909651	0.8518988	0.2585761	0.79603213	1.0	False	blood	early	nucleotide_transformer
2353	0.13894868	0.9906942	0.85174555	0.2584239	0.79614955	1.0	False	blood	early	nucleotide_transformer
581	-0.07219109	0.24719322	0.3193843	-0.2583669	0.79618436	1.0	False	blood	early	nucleotide_transformer
1801	0.13876843	0.99012816	0.8513597	0.25823274	0.7962971	1.0	False	blood	early	nucleotide_transformer
4015	0.13880163	0.9905594	0.85175776	0.25817946	0.7963381	1.0	False	blood	early	nucleotide_transformer
884	0.13872606	0.9904033	0.85167724	0.258077	0.7964172	1.0	False	blood	early	nucleotide_transformer
1422	0.13862908	0.99013126	0.8515022	0.25796607	0.7965028	1.0	False	blood	early	nucleotide_transformer
439	0.1386041	0.99043053	0.8518264	0.25783715	0.7966022	1.0	False	blood	early	nucleotide_transformer
5087	0.13842118	0.9897859	0.85136473	0.25766057	0.7967384	1.0	False	blood	early	nucleotide_transformer
4631	0.13848424	0.990257	0.8517728	0.25765467	0.79674304	1.0	False	blood	early	nucleotide_transformer
3594	-0.07201767	0.24735075	0.31936842	-0.25762063	0.7967601	1.0	False	blood	early	nucleotide_transformer
3023	0.1384564	0.9902269	0.8517705	0.2576096	0.79677784	1.0	False	blood	early	nucleotide_transformer
2259	-0.071966305	0.2474529	0.3194192	-0.2573444	0.7969732	1.0	False	blood	early	nucleotide_transformer
4822	0.1380521	0.98968047	0.85162836	0.2569844	0.79726017	1.0	False	blood	early	nucleotide_transformer
443	0.13811022	0.99015737	0.85204715	0.25696933	0.7972718	1.0	False	blood	early	nucleotide_transformer
3144	0.1381759	0.99070895	0.85253304	0.25694615	0.79728967	1.0	False	blood	early	nucleotide_transformer
2751	0.13802814	0.98977095	0.8517428	0.25691444	0.79731417	1.0	False	blood	early	nucleotide_transformer
115	0.13814145	0.99061954	0.8524781	0.25690445	0.7973218	1.0	False	blood	early	nucleotide_transformer
3268	0.1380313	0.9900436	0.8520123	0.2568489	0.7973647	1.0	False	blood	early	nucleotide_transformer
1203	0.13804644	0.9907605	0.85271406	0.2566857	0.79749066	1.0	False	blood	early	nucleotide_transformer
1867	0.1379475	0.9901732	0.8522257	0.25665396	0.79751515	1.0	False	blood	early	nucleotide_transformer
644	0.13800114	0.9905682	0.8525671	0.2566506	0.7975178	1.0	False	blood	early	nucleotide_transformer
3311	0.1379649	0.9903726	0.8524077	0.25663322	0.7975312	1.0	False	blood	early	nucleotide_transformer
558	0.1379795	0.99050206	0.85252255	0.25662687	0.79753613	1.0	False	blood	early	nucleotide_transformer
3624	0.13796926	0.9904804	0.85251117	0.256613	0.7975468	1.0	False	blood	early	nucleotide_transformer
3183	0.13781571	0.9900525	0.8522368	0.25643453	0.79768455	1.0	False	blood	early	nucleotide_transformer
1260	0.13774645	0.99003553	0.8522891	0.25630704	0.79778296	1.0	False	blood	early	nucleotide_transformer
267	0.13763666	0.99019486	0.8525582	0.25605437	0.79797786	1.0	False	blood	early	nucleotide_transformer
265	0.13761908	0.9901438	0.8525247	0.25603452	0.79799324	1.0	False	blood	early	nucleotide_transformer
1908	0.13761318	0.9901054	0.8524922	0.25603345	0.79799414	1.0	False	blood	early	nucleotide_transformer
2712	0.13752079	0.9899888	0.852468	0.25588802	0.7981063	1.0	False	blood	early	nucleotide_transformer
4571	-0.071637616	0.24787842	0.31951603	-0.25580916	0.7981582	1.0	False	blood	early	nucleotide_transformer
712	0.13743281	0.98974466	0.85231185	0.25578544	0.7981856	1.0	False	blood	early	nucleotide_transformer
2676	0.13741928	0.98966163	0.85224235	0.25578195	0.7981882	1.0	False	blood	early	nucleotide_transformer
1875	0.13742816	0.98998576	0.8525576	0.25571212	0.7982421	1.0	False	blood	early	nucleotide_transformer
4288	-0.07155226	0.24771492	0.31926718	-0.25567833	0.79825926	1.0	False	blood	early	nucleotide_transformer
4997	-0.07152781	0.24768683	0.31921464	-0.25562274	0.7983022	1.0	False	blood	early	nucleotide_transformer
2406	0.13737589	0.9899216	0.85254574	0.25562948	0.7983059	1.0	False	blood	early	nucleotide_transformer
710	-0.07147309	0.24764353	0.31911662	-0.25547913	0.79841304	1.0	False	blood	early	nucleotide_transformer
4606	0.13724244	0.9897329	0.8524905	0.25542465	0.79846394	1.0	False	blood	early	nucleotide_transformer
3007	0.13717514	0.98939675	0.8522216	0.25538597	0.79849386	1.0	False	blood	early	nucleotide_transformer
2585	-0.07147312	0.24796021	0.31943333	-0.25516897	0.79865247	1.0	False	blood	early	nucleotide_transformer
735	-0.07140504	0.24797954	0.31938457	-0.25491875	0.79884565	1.0	False	blood	early	nucleotide_transformer
4559	-0.07127027	0.2476853	0.31895557	-0.25474837	0.79897726	1.0	False	blood	early	nucleotide_transformer
1140	-0.16641736	1.4858586	1.6522759	-0.2476338	0.8044791	1.0	False	blood	early	nucleotide_transformer
723	-0.16630578	1.4858024	1.6521082	-0.24748005	0.80459803	1.0	False	blood	early	nucleotide_transformer
728	-0.16631556	1.4861884	1.652504	-0.24743132	0.8046357	1.0	False	blood	early	nucleotide_transformer
1241	-0.16601956	1.4864166	1.6524361	-0.2469619	0.8049989	1.0	False	blood	early	nucleotide_transformer
4808	-0.1655122	1.4866291	1.6521413	-0.24618746	0.80559814	1.0	False	blood	early	nucleotide_transformer
2122	-0.1654073	1.4861734	1.6515807	-0.24610844	0.80565923	1.0	False	blood	early	nucleotide_transformer
5060	-0.16509342	1.4864055	1.6514989	-0.24561265	0.8060429	1.0	False	blood	early	nucleotide_transformer
1809	-0.16504788	1.4870508	1.6520987	-0.24544215	0.8061748	1.0	False	blood	early	nucleotide_transformer
4234	-0.16450632	1.4866009	1.6511072	-0.24472445	0.80673045	1.0	False	blood	early	nucleotide_transformer
340	-0.16437948	1.4865308	1.6509103	-0.24455076	0.80686486	1.0	False	blood	early	nucleotide_transformer
1261	-0.14859188	1.2375854	1.3861773	-0.24192242	0.80889994	1.0	False	blood	early	nucleotide_transformer
1075	-0.14860678	1.2378653	1.3864721	-0.24189103	0.80892426	1.0	False	blood	early	nucleotide_transformer
602	-0.14859939	1.237811	1.3864104	-0.24189007	0.80892503	1.0	False	blood	early	nucleotide_transformer
1232	-0.14857817	1.2380669	1.3866451	-0.24180715	0.80898917	1.0	False	blood	early	nucleotide_transformer
2006	-0.14825654	1.2376916	1.3859482	-0.24136746	0.80932987	1.0	False	blood	early	nucleotide_transformer
3813	-0.14819181	1.2373861	1.3855779	-0.24132238	0.8093648	1.0	False	blood	early	nucleotide_transformer
5026	-0.14809453	1.2374731	1.3855677	-0.2411506	0.80949783	1.0	False	blood	early	nucleotide_transformer
1074	-0.14795852	1.2384132	1.3863717	-0.24075368	0.8098054	1.0	False	blood	early	nucleotide_transformer
1686	-0.14747572	1.2381228	1.3855985	-0.24004066	0.8103579	1.0	False	blood	early	nucleotide_transformer
2860	-0.14733326	1.2381897	1.385523	-0.23980092	0.8105437	1.0	False	blood	early	nucleotide_transformer
2724	-0.1472143	1.2384778	1.3856921	-0.2395566	0.81073314	1.0	False	blood	early	nucleotide_transformer
4826	-0.14719236	1.238951	1.3861433	-0.23943247	0.8108294	1.0	False	blood	early	nucleotide_transformer
3690	-0.1471082	1.2383537	1.3854619	-0.2394109	0.81084603	1.0	False	blood	early	nucleotide_transformer
2265	-0.14710784	1.2383915	1.3854994	-0.23940334	0.81085193	1.0	False	blood	early	nucleotide_transformer
467	-0.14708138	1.2383306	1.385412	-0.2393726	0.8108758	1.0	False	blood	early	nucleotide_transformer
813	-0.14708781	1.2385108	1.3855987	-0.23934895	0.8108941	1.0	False	blood	early	nucleotide_transformer
1141	-0.14703047	1.2386733	1.3857038	-0.2392267	0.81098884	1.0	False	blood	early	nucleotide_transformer
2829	-0.14698648	1.2387574	1.3857439	-0.23914075	0.8110554	1.0	False	blood	early	nucleotide_transformer
2692	-0.14682233	1.2384299	1.3852522	-0.23894095	0.8112103	1.0	False	blood	early	nucleotide_transformer
4261	-0.1465993	1.2388433	1.3854426	-0.23850752	0.8115464	1.0	False	blood	early	nucleotide_transformer
3184	-0.1465435	1.2385292	1.3850727	-0.23847763	0.8115696	1.0	False	blood	early	nucleotide_transformer
2018	-0.14647293	1.2382625	1.3847355	-0.23841538	0.81161773	1.0	False	blood	early	nucleotide_transformer
4830	-0.13013446	0.9895841	1.1197186	-0.23652627	0.81308234	1.0	False	blood	early	nucleotide_transformer
1162	-0.1301437	0.98998946	1.1201332	-0.23644836	0.81314284	1.0	False	blood	early	nucleotide_transformer
1491	0.15580022	1.4868243	1.331024	0.2361507	0.8133785	1.0	False	blood	early	nucleotide_transformer
2812	0.15576339	1.4870431	1.3312798	0.23605865	0.81344986	1.0	False	blood	early	nucleotide_transformer
2986	-0.12978941	0.9897401	1.1195295	-0.23587696	0.81358606	1.0	False	blood	early	nucleotide_transformer
2317	-0.12978113	0.9896952	1.1194763	-0.23587266	0.8135894	1.0	False	blood	early	nucleotide_transformer
4350	-0.1295445	0.9901749	1.1197194	-0.23534146	0.8140015	1.0	False	blood	early	nucleotide_transformer
767	-0.12936056	0.99070525	1.1200658	-0.23489037	0.81435156	1.0	False	blood	early	nucleotide_transformer
1007	-0.12903547	0.9893484	1.1183839	-0.23462813	0.814555	1.0	False	blood	early	nucleotide_transformer
4902	-0.12885594	0.98995364	1.1188096	-0.23416926	0.814911	1.0	False	blood	early	nucleotide_transformer
4971	-0.12881386	0.98973596	1.1185498	-0.23414454	0.81493026	1.0	False	blood	early	nucleotide_transformer
2355	-0.12880373	0.98979485	1.1185986	-0.23411301	0.8149547	1.0	False	blood	early	nucleotide_transformer
3643	-0.12888825	0.99062824	1.1195165	-0.23407097	0.81498736	1.0	False	blood	early	nucleotide_transformer
1493	-0.12878013	0.9900552	1.1188353	-0.23401114	0.8150338	1.0	False	blood	early	nucleotide_transformer
4078	-0.12874776	0.9898569	1.1186047	-0.2339993	0.815043	1.0	False	blood	early	nucleotide_transformer
2644	-0.12873632	0.99002784	1.1187642	-0.23393959	0.8150893	1.0	False	blood	early	nucleotide_transformer
2527	-0.12868601	0.9902105	1.1188965	-0.23380794	0.81519145	1.0	False	blood	early	nucleotide_transformer
2509	0.15419197	1.485944	1.3317521	0.2338081	0.8151959	1.0	False	blood	early	nucleotide_transformer
4051	-0.12869316	0.99039227	1.1190854	-0.23377867	0.81521416	1.0	False	blood	early	nucleotide_transformer
2266	-0.12874687	0.99087644	1.1196233	-0.23376256	0.8152266	1.0	False	blood	early	nucleotide_transformer
770	-0.12866408	0.99029833	1.1189624	-0.23374857	0.81523746	1.0	False	blood	early	nucleotide_transformer
214	-0.12866032	0.99031603	1.1189764	-0.23373784	0.81524587	1.0	False	blood	early	nucleotide_transformer
4138	-0.12860703	0.9901296	1.1187366	-0.23368654	0.81528574	1.0	False	blood	early	nucleotide_transformer
2571	-0.12853014	0.990252	1.1187822	-0.23352082	0.81541425	1.0	False	blood	early	nucleotide_transformer
1252	-0.12848973	0.99012315	1.1186129	-0.23347941	0.81544644	1.0	False	blood	early	nucleotide_transformer
3659	-0.12844867	0.9901101	1.1185588	-0.23340954	0.8155007	1.0	False	blood	early	nucleotide_transformer
568	-0.12846357	0.9902646	1.1187282	-0.23339981	0.8155082	1.0	False	blood	early	nucleotide_transformer
118	-0.12849647	0.9906257	1.1191221	-0.23337536	0.81552714	1.0	False	blood	early	nucleotide_transformer
2486	-0.12840587	0.9905507	1.1189566	-0.23323162	0.8156388	1.0	False	blood	early	nucleotide_transformer
3432	-0.12833136	0.9900159	1.1183473	-0.23322274	0.81564575	1.0	False	blood	early	nucleotide_transformer
429	-0.12833309	0.99043524	1.1187683	-0.23312931	0.8157181	1.0	False	blood	early	nucleotide_transformer
3084	-0.12834668	0.9907557	1.1191024	-0.2330797	0.8157567	1.0	False	blood	early	nucleotide_transformer
2178	0.15364182	1.4861895	1.3325477	0.23291957	0.81588554	1.0	False	blood	early	nucleotide_transformer
402	-0.12816554	0.9902298	1.1183953	-0.2328788	0.81591266	1.0	False	blood	early	nucleotide_transformer
23	-0.09104538	0.4945966	0.585642	-0.23265012	0.81608915	1.0	False	blood	early	nucleotide_transformer
4381	-0.128021	0.9903513	1.1183723	-0.23259436	0.81613356	1.0	False	blood	early	nucleotide_transformer
2377	-0.12806082	0.9907347	1.1187955	-0.2325771	0.81614685	1.0	False	blood	early	nucleotide_transformer
3885	-0.12800008	0.990392	1.1183921	-0.23254777	0.8161697	1.0	False	blood	early	nucleotide_transformer
2661	-0.12803245	0.9908484	1.1188809	-0.23250063	0.8162063	1.0	False	blood	early	nucleotide_transformer
736	-0.111009896	0.74205184	0.85306174	-0.23243867	0.81625396	1.0	False	blood	early	nucleotide_transformer
1277	-0.12790936	0.9905705	1.1184798	-0.23234588	0.8163264	1.0	False	blood	early	nucleotide_transformer
3366	-0.12793303	0.990803	1.118736	-0.2323345	0.81633526	1.0	False	blood	early	nucleotide_transformer
4338	-0.12788767	0.990483	1.1183707	-0.23232731	0.8163408	1.0	False	blood	early	nucleotide_transformer
1312	-0.12786394	0.99034137	1.1182053	-0.23231752	0.81634843	1.0	False	blood	early	nucleotide_transformer
3206	-0.12793529	0.9909494	1.1188847	-0.23230517	0.816358	1.0	False	blood	early	nucleotide_transformer
5009	-0.12787092	0.9904555	1.1183264	-0.23230386	0.81635904	1.0	False	blood	early	nucleotide_transformer
2896	-0.12788028	0.99053496	1.1184152	-0.23230234	0.8163602	1.0	False	blood	early	nucleotide_transformer
2025	-0.12792265	0.99088	1.1188027	-0.23229861	0.8163631	1.0	False	blood	early	nucleotide_transformer
4610	-0.12786448	0.99044037	1.1183048	-0.23229586	0.81636524	1.0	False	blood	early	nucleotide_transformer
4716	-0.12784135	0.9902812	1.1181226	-0.2322911	0.81636894	1.0	False	blood	early	nucleotide_transformer
3018	-0.1278224	0.9902688	1.1180912	-0.23226029	0.8163929	1.0	False	blood	early	nucleotide_transformer
1432	-0.1278348	0.9904102	1.118245	-0.23225003	0.81640077	1.0	False	blood	early	nucleotide_transformer
1117	-0.12786084	0.9906761	1.118537	-0.23223557	0.81641203	1.0	False	blood	early	nucleotide_transformer
1159	-0.12783498	0.99072737	1.1185623	-0.23217764	0.816457	1.0	False	blood	early	nucleotide_transformer
3553	-0.12785524	0.9909329	1.1187881	-0.2321668	0.81646544	1.0	False	blood	early	nucleotide_transformer
2919	-0.09080988	0.494493	0.5853029	-0.23211417	0.81650525	1.0	False	blood	early	nucleotide_transformer
4353	-0.12777728	0.9908425	1.1186198	-0.23204894	0.81655693	1.0	False	blood	early	nucleotide_transformer
1212	-0.12770247	0.99066174	1.1183642	-0.23195769	0.8166278	1.0	False	blood	early	nucleotide_transformer
2057	0.15292609	1.485358	1.3324319	0.23194693	0.8166406	1.0	False	blood	early	nucleotide_transformer
4084	-0.12768	0.9906904	1.1183704	-0.2319108	0.81666416	1.0	False	blood	early	nucleotide_transformer
1697	0.1529721	1.4860886	1.3331165	0.23190148	0.8166759	1.0	False	blood	early	nucleotide_transformer
1056	-0.12768638	0.9909166	1.118603	-0.23187062	0.8166954	1.0	False	blood	early	nucleotide_transformer
1814	0.15290809	1.4856685	1.3327605	0.23186913	0.81670105	1.0	False	blood	early	nucleotide_transformer
3673	-0.12764508	0.99066395	1.118309	-0.23185521	0.81670725	1.0	False	blood	early	nucleotide_transformer
3457	0.15281785	1.485028	1.3322102	0.23183222	0.8167297	1.0	False	blood	early	nucleotide_transformer
3164	-0.12760133	0.9905891	1.1181904	-0.23179439	0.81675464	1.0	False	blood	early	nucleotide_transformer
2453	-0.1275785	0.99048555	1.118064	-0.23177753	0.81676775	1.0	False	blood	early	nucleotide_transformer
3610	-0.12752932	0.9903036	1.1178329	-0.23173164	0.8168033	1.0	False	blood	early	nucleotide_transformer
719	-0.12754095	0.9906076	1.1181486	-0.2316831	0.81684107	1.0	False	blood	early	nucleotide_transformer
4108	-0.09061	0.49470344	0.58531344	-0.23152399	0.81696355	1.0	False	blood	early	nucleotide_transformer
4294	-0.11051607	0.74182665	0.8523427	-0.2315003	0.81698257	1.0	False	blood	early	nucleotide_transformer
4795	0.15264845	1.485725	1.3330766	0.2314593	0.81701934	1.0	False	blood	early	nucleotide_transformer
1059	0.15262377	1.4856128	1.332989	0.23143888	0.81703514	1.0	False	blood	early	nucleotide_transformer
2537	-0.12736136	0.99076384	1.1181252	-0.23132782	0.817117	1.0	False	blood	early	nucleotide_transformer
336	-0.11043191	0.7421321	0.85256404	-0.23123506	0.81718844	1.0	False	blood	early	nucleotide_transformer
4694	-0.090543985	0.49511462	0.5856586	-0.23117413	0.8172353	1.0	False	blood	early	nucleotide_transformer
807	-0.12726277	0.99073535	1.1179981	-0.23115942	0.8172477	1.0	False	blood	early	nucleotide_transformer
1735	-0.12722862	0.99085367	1.1180823	-0.23107179	0.8173157	1.0	False	blood	early	nucleotide_transformer
3592	-0.09047106	0.49506107	0.5855321	-0.23101859	0.81735605	1.0	False	blood	early	nucleotide_transformer
408	-0.09043154	0.49493518	0.5853667	-0.23097773	0.8173878	1.0	False	blood	early	nucleotide_transformer
4554	-0.09042019	0.49494737	0.58536756	-0.23094396	0.81741405	1.0	False	blood	early	nucleotide_transformer
3440	-0.090430886	0.4950991	0.58553	-0.23090144	0.81744707	1.0	False	blood	early	nucleotide_transformer
747	-0.12718081	0.9913362	1.118517	-0.23087655	0.81746733	1.0	False	blood	early	nucleotide_transformer
14	0.15225816	1.4855824	1.3333242	0.23087993	0.8174692	1.0	False	blood	early	nucleotide_transformer
1911	-0.090385735	0.49509877	0.5854845	-0.23078988	0.8175337	1.0	False	blood	early	nucleotide_transformer
2757	-0.09035772	0.4951598	0.5855175	-0.23069268	0.8176092	1.0	False	blood	early	nucleotide_transformer
4742	-0.09029549	0.49501342	0.5853089	-0.23060568	0.8176768	1.0	False	blood	early	nucleotide_transformer
4993	-0.090284735	0.49500605	0.5852908	-0.23058239	0.8176949	1.0	False	blood	early	nucleotide_transformer
52	-0.12693977	0.9914831	1.1184229	-0.23041546	0.8178255	1.0	False	blood	early	nucleotide_transformer
1083	-0.090241134	0.49515224	0.58539337	-0.23040791	0.8178304	1.0	False	blood	early	nucleotide_transformer
3684	-0.10999298	0.7421511	0.85214406	-0.23033452	0.817888	1.0	False	blood	early	nucleotide_transformer
4952	-0.09018242	0.49519497	0.5853774	-0.23024343	0.8179582	1.0	False	blood	early	nucleotide_transformer
370	-0.090096146	0.49484828	0.5849444	-0.23018658	0.8180022	1.0	False	blood	early	nucleotide_transformer
2795	-0.10987139	0.74273974	0.8526111	-0.22990814	0.8182192	1.0	False	blood	early	nucleotide_transformer
1122	-0.10973978	0.74199593	0.8517357	-0.22986433	0.8182533	1.0	False	blood	early	nucleotide_transformer
2649	-0.10971731	0.7420301	0.8517474	-0.22980827	0.81829673	1.0	False	blood	early	nucleotide_transformer
4352	-0.10982382	0.74276894	0.85259277	-0.22980233	0.8183014	1.0	False	blood	early	nucleotide_transformer
535	-0.1097936	0.7425971	0.8523907	-0.22979248	0.818309	1.0	False	blood	early	nucleotide_transformer
4016	-0.10977459	0.7426769	0.8524515	-0.22972961	0.8183578	1.0	False	blood	early	nucleotide_transformer
233	-0.08992982	0.49499524	0.58492506	-0.22970887	0.81837344	1.0	False	blood	early	nucleotide_transformer
4903	-0.10971826	0.7424263	0.85214454	-0.22969104	0.81838787	1.0	False	blood	early	nucleotide_transformer
629	-0.10972345	0.7426723	0.8523958	-0.22962667	0.8184379	1.0	False	blood	early	nucleotide_transformer
1907	-0.08991602	0.49518725	0.5851033	-0.22958761	0.81846756	1.0	False	blood	early	nucleotide_transformer
3294	-0.10969788	0.7426905	0.8523884	-0.22956906	0.8184826	1.0	False	blood	early	nucleotide_transformer
3038	-0.10959065	0.74198085	0.8515715	-0.22956443	0.81848615	1.0	False	blood	early	nucleotide_transformer
559	-0.10970181	0.7428968	0.8525986	-0.22951473	0.8185248	1.0	False	blood	early	nucleotide_transformer
1272	-0.10953766	0.7419453	0.851483	-0.22946702	0.8185619	1.0	False	blood	early	nucleotide_transformer
91	-0.10957569	0.74240714	0.85198283	-0.22940576	0.8186095	1.0	False	blood	early	nucleotide_transformer
3775	-0.109481394	0.74199027	0.85147166	-0.22933868	0.8186616	1.0	False	blood	early	nucleotide_transformer
24	-0.1094982	0.74224097	0.85173917	-0.22929774	0.81869334	1.0	False	blood	early	nucleotide_transformer
1659	-0.109515905	0.7424476	0.8519635	-0.22927183	0.81871355	1.0	False	blood	early	nucleotide_transformer
2470	-0.10949087	0.7429	0.8523909	-0.22908354	0.81885976	1.0	False	blood	early	nucleotide_transformer
4355	-0.109470546	0.74279606	0.8522666	-0.22907446	0.81886685	1.0	False	blood	early	nucleotide_transformer
2534	-0.10941559	0.7424262	0.8518418	-0.22907344	0.81886774	1.0	False	blood	early	nucleotide_transformer
43	-0.089707315	0.49575186	0.5854592	-0.22881937	0.81906456	1.0	False	blood	early	nucleotide_transformer
4282	-0.10929382	0.7426498	0.8519436	-0.22875798	0.81911284	1.0	False	blood	early	nucleotide_transformer
4617	-0.109320164	0.74299246	0.8523126	-0.22870874	0.819151	1.0	False	blood	early	nucleotide_transformer
3442	-0.12593722	0.991596	1.1175332	-0.22861014	0.81922805	1.0	False	blood	early	nucleotide_transformer
1965	-0.10912877	0.74251366	0.85164243	-0.22846186	0.81934285	1.0	False	blood	early	nucleotide_transformer
4269	-0.10909945	0.74261564	0.8517151	-0.22837147	0.8194132	1.0	False	blood	early	nucleotide_transformer
96	-0.10906434	0.74267626	0.8517406	-0.22828186	0.8194828	1.0	False	blood	early	nucleotide_transformer
2716	-0.12581801	0.9922254	1.1180434	-0.22825705	0.8195025	1.0	False	blood	early	nucleotide_transformer
3938	-0.1091091	0.74314845	0.85225755	-0.22823173	0.8195217	1.0	False	blood	early	nucleotide_transformer
2999	-0.109093904	0.74306166	0.85215557	-0.2282266	0.81952566	1.0	False	blood	early	nucleotide_transformer
3060	-0.12579167	0.9922221	1.1180137	-0.22821106	0.8195382	1.0	False	blood	early	nucleotide_transformer
3874	-0.1090557	0.742997	0.8520527	-0.22816801	0.81957126	1.0	False	blood	early	nucleotide_transformer
2899	-0.10894394	0.7428978	0.85184175	-0.22796968	0.8197254	1.0	False	blood	early	nucleotide_transformer
436	-0.10888976	0.74269456	0.8515843	-0.22792023	0.81976384	1.0	False	blood	early	nucleotide_transformer
1766	-0.10889226	0.7429258	0.8518181	-0.227856	0.8198137	1.0	False	blood	early	nucleotide_transformer
4450	-0.12556362	0.9920291	1.1175927	-0.22784954	0.81981915	1.0	False	blood	early	nucleotide_transformer
4123	-0.10879165	0.7423597	0.85115135	-0.22782	0.8198417	1.0	False	blood	early	nucleotide_transformer
4857	-0.10884094	0.74276036	0.8516013	-0.22780086	0.8198566	1.0	False	blood	early	nucleotide_transformer
155	-0.10879475	0.7426805	0.85147524	-0.22773059	0.81991124	1.0	False	blood	early	nucleotide_transformer
1649	-0.10879004	0.74290186	0.8516919	-0.22765476	0.8199702	1.0	False	blood	early	nucleotide_transformer
2092	-0.10877854	0.74286693	0.85164547	-0.22764158	0.8199803	1.0	False	blood	early	nucleotide_transformer
2625	-0.10877496	0.7429408	0.85171574	-0.22761239	0.82000303	1.0	False	blood	early	nucleotide_transformer
48	-0.108774364	0.7429557	0.85173005	-0.22760646	0.8200076	1.0	False	blood	early	nucleotide_transformer
3991	-0.10878426	0.7431198	0.85190403	-0.22757797	0.8200298	1.0	False	blood	early	nucleotide_transformer
3623	-0.1087721	0.7430419	0.851814	-0.22757642	0.820031	1.0	False	blood	early	nucleotide_transformer
4180	-0.10875207	0.7430259	0.851778	-0.2275399	0.8200594	1.0	False	blood	early	nucleotide_transformer
2386	-0.10863173	0.7428286	0.85146034	-0.22735341	0.82020444	1.0	False	blood	early	nucleotide_transformer
74	-0.10865271	0.7431414	0.8517941	-0.2273031	0.8202435	1.0	False	blood	early	nucleotide_transformer
3207	-0.12525016	0.99255604	1.1178062	-0.22717547	0.82034314	1.0	False	blood	early	nucleotide_transformer
1069	-0.10857105	0.74319935	0.8517704	-0.22711952	0.8203862	1.0	False	blood	early	nucleotide_transformer
879	-0.1084882	0.74305516	0.85154337	-0.22699335	0.8204843	1.0	False	blood	early	nucleotide_transformer
2788	-0.10750753	0.74395156	0.8514591	-0.22472748	0.82224613	1.0	False	blood	early	nucleotide_transformer
1281	-0.10745388	0.7438708	0.8513247	-0.22464177	0.8223128	1.0	False	blood	early	nucleotide_transformer
3877	-0.10742599	0.7439501	0.8513761	-0.22456157	0.8223751	1.0	False	blood	early	nucleotide_transformer
3879	0.10467219	0.74348664	0.63881445	0.22446921	0.8224524	1.0	False	blood	early	nucleotide_transformer
230	0.10429376	0.74260694	0.6383132	0.22391011	0.8228873	1.0	False	blood	early	nucleotide_transformer
375	0.104290485	0.7428298	0.6385393	0.2238337	0.82294667	1.0	False	blood	early	nucleotide_transformer
2658	0.104266584	0.7427661	0.6384995	0.22380105	0.8229722	1.0	False	blood	early	nucleotide_transformer
611	0.10429031	0.74296063	0.6386703	0.22379322	0.8229782	1.0	False	blood	early	nucleotide_transformer
1093	0.10416323	0.74277586	0.6386126	0.22357056	0.82315147	1.0	False	blood	early	nucleotide_transformer
4356	0.10412359	0.7426856	0.638562	0.22351128	0.82319754	1.0	False	blood	early	nucleotide_transformer
925	0.10397953	0.7429602	0.6389807	0.22310935	0.82351017	1.0	False	blood	early	nucleotide_transformer
5012	0.10385853	0.7424286	0.6385701	0.22300668	0.82359004	1.0	False	blood	early	nucleotide_transformer
2719	0.103698134	0.74200207	0.63830394	0.22278449	0.82376295	1.0	False	blood	early	nucleotide_transformer
4794	0.10368949	0.7420739	0.6383844	0.22274345	0.8237949	1.0	False	blood	early	nucleotide_transformer
2446	0.103683054	0.74247307	0.63879	0.22260684	0.8239012	1.0	False	blood	early	nucleotide_transformer
29	0.10369122	0.7427366	0.63904536	0.2225439	0.8239501	1.0	False	blood	early	nucleotide_transformer
470	0.10363388	0.7424634	0.6388295	0.22250158	0.8239831	1.0	False	blood	early	nucleotide_transformer
1972	0.10348147	0.74190134	0.63841987	0.2223382	0.82411015	1.0	False	blood	early	nucleotide_transformer
2133	0.1035521	0.7425037	0.6389516	0.22230902	0.82413286	1.0	False	blood	early	nucleotide_transformer
3096	0.103447676	0.7420075	0.6385598	0.2222312	0.8241935	1.0	False	blood	early	nucleotide_transformer
1105	0.1033718	0.74215525	0.63878345	0.22201893	0.82435864	1.0	False	blood	early	nucleotide_transformer
4306	0.10328972	0.74182594	0.6385362	0.22193886	0.82442087	1.0	False	blood	early	nucleotide_transformer
3644	0.12238145	1.2403687	1.1179873	0.20270517	0.8394189	1.0	False	blood	early	nucleotide_transformer
1081	0.12119973	1.2391355	1.1179358	0.20091666	0.84081656	1.0	False	blood	early	nucleotide_transformer
1964	0.12087488	1.238936	1.1180611	0.20040257	0.84121853	1.0	False	blood	early	nucleotide_transformer
588	0.12039578	1.2385144	1.1181186	0.19966334	0.84179634	1.0	False	blood	early	nucleotide_transformer
57	0.12032521	1.2379022	1.117577	0.19964437	0.8418112	1.0	False	blood	early	nucleotide_transformer
4436	0.12024832	1.2381814	1.117933	0.19946894	0.84194833	1.0	False	blood	early	nucleotide_transformer
2030	0.12022519	1.2381572	1.117932	0.19943388	0.8419757	1.0	False	blood	early	nucleotide_transformer
1849	0.120135546	1.2380593	1.1179237	0.19929838	0.84208167	1.0	False	blood	early	nucleotide_transformer
3282	0.120034695	1.2381791	1.1181444	0.19910873	0.84222996	1.0	False	blood	early	nucleotide_transformer
676	0.11991918	1.2378464	1.1179272	0.19896789	0.84234023	1.0	False	blood	early	nucleotide_transformer
591	0.119773746	1.2377114	1.1179377	0.19874465	0.8425147	1.0	False	blood	early	nucleotide_transformer
149	0.11974704	1.2379031	1.1181561	0.19866826	0.8425744	1.0	False	blood	early	nucleotide_transformer
873	0.11962664	1.2378114	1.1181848	0.19848005	0.8427216	1.0	False	blood	early	nucleotide_transformer
2132	0.11963296	1.2380795	1.1184466	0.19844705	0.84274745	1.0	False	blood	early	nucleotide_transformer
4243	0.1194973	1.2376083	1.118111	0.19829476	0.84286654	1.0	False	blood	early	nucleotide_transformer
3441	0.119488716	1.2377403	1.1182516	0.19825889	0.84289455	1.0	False	blood	early	nucleotide_transformer
1869	0.11947894	1.2379102	1.1184312	0.1982147	0.8429291	1.0	False	blood	early	nucleotide_transformer
3481	0.11944699	1.2376118	1.1181648	0.19820923	0.84293336	1.0	False	blood	early	nucleotide_transformer
3698	0.11944866	1.2376695	1.1182208	0.19820262	0.84293854	1.0	False	blood	early	nucleotide_transformer
1476	0.11941731	1.2377056	1.1182883	0.19814397	0.8429845	1.0	False	blood	early	nucleotide_transformer
3883	0.119372725	1.237729	1.1183562	0.19806486	0.84304637	1.0	False	blood	early	nucleotide_transformer
2693	0.11935854	1.2376748	1.1183163	0.19804972	0.84305817	1.0	False	blood	early	nucleotide_transformer
2007	0.119335055	1.2376854	1.1183504	0.19800833	0.84309053	1.0	False	blood	early	nucleotide_transformer
3939	0.11933613	1.2378142	1.1184781	0.19798926	0.8431055	1.0	False	blood	early	nucleotide_transformer
982	0.119267344	1.2374923	1.118225	0.19792537	0.8431554	1.0	False	blood	early	nucleotide_transformer
1316	0.11925399	1.2377318	1.1184778	0.197864	0.8432034	1.0	False	blood	early	nucleotide_transformer
386	0.11910534	1.2379419	1.1188365	0.19757903	0.8434263	1.0	False	blood	early	nucleotide_transformer
2526	0.11903739	1.238008	1.1189706	0.19745354	0.84352446	1.0	False	blood	early	nucleotide_transformer
2755	0.11897755	1.2381266	1.1191491	0.19733344	0.84361845	1.0	False	blood	early	nucleotide_transformer
4102	0.11890638	1.2378219	1.1189156	0.19726282	0.84367365	1.0	False	blood	early	nucleotide_transformer
4374	0.118849754	1.2378695	1.1190197	0.19715919	0.84375477	1.0	False	blood	early	nucleotide_transformer
2150	0.118878126	1.2384391	1.119561	0.19711529	0.843789	1.0	False	blood	early	nucleotide_transformer
830	0.11883736	1.2381496	1.1193123	0.1970934	0.84380615	1.0	False	blood	early	nucleotide_transformer
360	0.118781924	1.2380781	1.1192962	0.19701128	0.8438704	1.0	False	blood	early	nucleotide_transformer
2797	0.118723154	1.2377328	1.1190096	0.1969679	0.8439044	1.0	False	blood	early	nucleotide_transformer
3195	0.118804574	1.2389195	1.1201149	0.19691363	0.8439468	1.0	False	blood	early	nucleotide_transformer
445	0.1186192	1.2380525	1.1194333	0.19674084	0.84408194	1.0	False	blood	early	nucleotide_transformer
1832	0.11855459	1.2374393	1.1188847	0.19673084	0.8440898	1.0	False	blood	early	nucleotide_transformer
1398	0.118619084	1.2381408	1.1195217	0.19672647	0.8440932	1.0	False	blood	early	nucleotide_transformer
4057	0.118559	1.237666	1.119107	0.19670156	0.8441127	1.0	False	blood	early	nucleotide_transformer
5073	0.118545055	1.2381101	1.119565	0.19660662	0.84418696	1.0	False	blood	early	nucleotide_transformer
1838	0.11845517	1.2375252	1.11907	0.1965491	0.844232	1.0	False	blood	early	nucleotide_transformer
3094	0.11825001	1.2376928	1.1194428	0.196176	0.8445239	1.0	False	blood	early	nucleotide_transformer
4926	0.11797154	1.2369776	1.119006	0.19582084	0.8448017	1.0	False	blood	early	nucleotide_transformer
4932	0.117788434	1.2375183	1.1197299	0.19542511	0.8451114	1.0	False	blood	early	nucleotide_transformer
3658	0.11771786	1.2375841	1.1198663	0.19529536	0.845213	1.0	False	blood	early	nucleotide_transformer
3701	0.11772251	1.2376393	1.1199168	0.19529437	0.8452137	1.0	False	blood	early	nucleotide_transformer
2059	0.11758733	1.2370719	1.1194845	0.19515704	0.8453212	1.0	False	blood	early	nucleotide_transformer
4477	0.13390517	1.7330906	1.5991855	0.18775347	0.8511188	1.0	False	blood	early	nucleotide_transformer
3158	0.06956187	0.4951665	0.42560464	0.1827084	0.8550754	1.0	False	blood	early	nucleotide_transformer
1711	0.06954819	0.49509454	0.42554635	0.18269928	0.8550826	1.0	False	blood	early	nucleotide_transformer
986	0.06947118	0.4951409	0.42566973	0.18247434	0.855259	1.0	False	blood	early	nucleotide_transformer
667	0.06945038	0.49510893	0.42565855	0.18242998	0.85529387	1.0	False	blood	early	nucleotide_transformer
2750	0.069402486	0.49498937	0.42558688	0.1823471	0.8553588	1.0	False	blood	early	nucleotide_transformer
4527	0.06940213	0.4950229	0.42562076	0.1823334	0.85536957	1.0	False	blood	early	nucleotide_transformer
1038	0.06938574	0.49503416	0.42564842	0.18228507	0.8554074	1.0	False	blood	early	nucleotide_transformer
623	0.06936866	0.494939	0.42557034	0.18227492	0.8554154	1.0	False	blood	early	nucleotide_transformer
685	0.06936476	0.494915	0.42555025	0.18227345	0.8554166	1.0	False	blood	early	nucleotide_transformer
1954	0.06936154	0.49499428	0.42563275	0.18223473	0.85544693	1.0	False	blood	early	nucleotide_transformer
5079	0.06934896	0.4949342	0.42558524	0.18222359	0.85545576	1.0	False	blood	early	nucleotide_transformer
277	0.06934926	0.4950827	0.42573345	0.18216856	0.8554989	1.0	False	blood	early	nucleotide_transformer
507	0.06932077	0.49489942	0.42557865	0.18216048	0.8555052	1.0	False	blood	early	nucleotide_transformer
3071	0.06932899	0.4949811	0.42565212	0.1821522	0.8555117	1.0	False	blood	early	nucleotide_transformer
4035	0.06928283	0.49465173	0.4253689	0.18215153	0.85551226	1.0	False	blood	early	nucleotide_transformer
3561	0.069367945	0.49533588	0.42596793	0.18212262	0.85553503	1.0	False	blood	early	nucleotide_transformer
3146	0.06930047	0.4949651	0.42566463	0.18208137	0.8555673	1.0	False	blood	early	nucleotide_transformer
1702	0.06927666	0.49490708	0.42563042	0.18203889	0.85560066	1.0	False	blood	early	nucleotide_transformer
4842	0.06926414	0.4949607	0.42569655	0.18198498	0.85564286	1.0	False	blood	early	nucleotide_transformer
2044	0.06925309	0.49522686	0.42597377	0.18185452	0.85574526	1.0	False	blood	early	nucleotide_transformer
4029	0.06914443	0.49492225	0.42577782	0.18167692	0.85588455	1.0	False	blood	early	nucleotide_transformer
2440	0.069135964	0.49491712	0.42578116	0.18165606	0.85590094	1.0	False	blood	early	nucleotide_transformer
729	0.06912953	0.49498227	0.42585275	0.18161425	0.8559337	1.0	False	blood	early	nucleotide_transformer
2533	0.0690842	0.49484828	0.42576408	0.18154247	0.8559901	1.0	False	blood	early	nucleotide_transformer
2500	0.06906432	0.49478027	0.42571595	0.18151446	0.85601205	1.0	False	blood	early	nucleotide_transformer
3176	0.06907931	0.49492455	0.42584524	0.18150064	0.8560229	1.0	False	blood	early	nucleotide_transformer
3980	0.06900543	0.49488455	0.42587912	0.18131664	0.8561672	1.0	False	blood	early	nucleotide_transformer
2323	0.06895232	0.49465752	0.4257052	0.1812588	0.85621256	1.0	False	blood	early	nucleotide_transformer
3133	0.06888771	0.49470133	0.42581362	0.18106827	0.8563621	1.0	False	blood	early	nucleotide_transformer
4645	0.06890333	0.4948889	0.42598557	0.18104011	0.8563841	1.0	False	blood	early	nucleotide_transformer
4875	-0.11387837	1.4854809	1.5993593	-0.17000467	0.8650484	1.0	False	blood	early	nucleotide_transformer
2372	-0.11325252	1.4861426	1.5993952	-0.16900805	0.865832	1.0	False	blood	early	nucleotide_transformer
900	-0.113126755	1.4863368	1.5994636	-0.16880094	0.8659948	1.0	False	blood	early	nucleotide_transformer
3534	-0.1130538	1.4863377	1.5993915	-0.16869344	0.8660794	1.0	False	blood	early	nucleotide_transformer
2848	-0.11251736	1.4862331	1.5987505	-0.16791533	0.86669135	1.0	False	blood	early	nucleotide_transformer
4793	-0.112308145	1.4861826	1.5984907	-0.16761276	0.8669293	1.0	False	blood	early	nucleotide_transformer
154	-0.11187279	1.486822	1.5986948	-0.16690075	0.86748934	1.0	False	blood	early	nucleotide_transformer
356	0.08727449	0.99238056	0.90510607	0.16130471	0.87189543	1.0	False	blood	early	nucleotide_transformer
785	0.08702457	0.9922483	0.9052237	0.16085728	0.8722477	1.0	False	blood	early	nucleotide_transformer
4895	0.086870134	0.99154276	0.9046726	0.16068326	0.8723847	1.0	False	blood	early	nucleotide_transformer
2432	0.086777985	0.9916588	0.9048808	0.16049117	0.872536	1.0	False	blood	early	nucleotide_transformer
3856	0.086744666	0.99130154	0.9045569	0.16048706	0.8725392	1.0	False	blood	early	nucleotide_transformer
4608	0.08674884	0.99139214	0.9046433	0.16048004	0.87254477	1.0	False	blood	early	nucleotide_transformer
4685	0.08675259	0.9915951	0.9048425	0.1604539	0.8725653	1.0	False	blood	early	nucleotide_transformer
3382	0.08668721	0.9914959	0.9048087	0.16034731	0.8726493	1.0	False	blood	early	nucleotide_transformer
461	0.086642504	0.9912478	0.90460527	0.16030374	0.8726835	1.0	False	blood	early	nucleotide_transformer
2019	0.0865708	0.9914163	0.9048455	0.16014154	0.87281126	1.0	False	blood	early	nucleotide_transformer
1119	0.08655727	0.9915498	0.9049925	0.16009422	0.8728485	1.0	False	blood	early	nucleotide_transformer
3045	0.08655071	0.9916402	0.9050895	0.16006732	0.87286973	1.0	False	blood	early	nucleotide_transformer
3443	0.0864566	0.99137884	0.90492225	0.15993294	0.8729755	1.0	False	blood	early	nucleotide_transformer
2510	0.08643234	0.99135196	0.9049196	0.15989165	0.873008	1.0	False	blood	early	nucleotide_transformer
940	0.08637071	0.99113595	0.90476525	0.1598118	0.87307084	1.0	False	blood	early	nucleotide_transformer
3150	0.08636403	0.99148154	0.9051175	0.15974243	0.8731255	1.0	False	blood	early	nucleotide_transformer
534	0.08617699	0.9912199	0.9050429	0.15943357	0.8733688	1.0	False	blood	early	nucleotide_transformer
1095	0.08613253	0.9911363	0.9050038	0.15936406	0.8734235	1.0	False	blood	early	nucleotide_transformer
3846	0.086033404	0.99079025	0.90475684	0.15923408	0.8735259	1.0	False	blood	early	nucleotide_transformer
4346	0.08602685	0.9908338	0.904807	0.15921469	0.8735412	1.0	False	blood	early	nucleotide_transformer
2910	0.08595443	0.99066997	0.90471554	0.15910539	0.87362725	1.0	False	blood	early	nucleotide_transformer
1002	0.08589238	0.9904399	0.9045475	0.15902607	0.87368965	1.0	False	blood	early	nucleotide_transformer
3713	0.08587575	0.99088526	0.9050095	0.15892243	0.8737713	1.0	False	blood	early	nucleotide_transformer
338	0.085769534	0.9905645	0.904795	0.15877496	0.87388754	1.0	False	blood	early	nucleotide_transformer
4691	0.08553195	0.9902893	0.9047573	0.15837274	0.8742043	1.0	False	blood	early	nucleotide_transformer
3149	0.085439265	0.99024117	0.9048019	0.15820627	0.8743354	1.0	False	blood	early	nucleotide_transformer
2939	0.085407615	0.99038345	0.90497583	0.1581238	0.8744004	1.0	False	blood	early	nucleotide_transformer
4499	0.08539742	0.9904391	0.9050417	0.15809563	0.87442255	1.0	False	blood	early	nucleotide_transformer
3385	0.08542234	0.99077064	0.9053483	0.15808868	0.87442803	1.0	False	blood	early	nucleotide_transformer
3696	0.085380316	0.990284	0.9049037	0.15808848	0.87442815	1.0	False	blood	early	nucleotide_transformer
4801	0.08533776	0.99025136	0.9049136	0.15801376	0.874487	1.0	False	blood	early	nucleotide_transformer
35	0.08532834	0.99030614	0.9049778	0.15798713	0.874508	1.0	False	blood	early	nucleotide_transformer
3697	0.085342586	0.99053544	0.90519285	0.15797698	0.87451595	1.0	False	blood	early	nucleotide_transformer
466	0.0851779	0.9902697	0.9050918	0.1577101	0.8747263	1.0	False	blood	early	nucleotide_transformer
3283	0.085170746	0.9904185	0.90524775	0.15767278	0.8747557	1.0	False	blood	early	nucleotide_transformer
1653	0.0851292	0.99002373	0.90489453	0.1576593	0.87476623	1.0	False	blood	early	nucleotide_transformer
318	0.08510858	0.99007505	0.9049665	0.15761182	0.87480366	1.0	False	blood	early	nucleotide_transformer
437	0.085104585	0.9900313	0.9049267	0.15761133	0.8748041	1.0	False	blood	early	nucleotide_transformer
1798	0.08492291	0.9900143	0.9050914	0.15727247	0.875071	1.0	False	blood	early	nucleotide_transformer
1938	0.084884524	0.990478	0.90559345	0.15712555	0.87518674	1.0	False	blood	early	nucleotide_transformer
3605	0.08481121	0.9899753	0.90516406	0.1570691	0.8752312	1.0	False	blood	early	nucleotide_transformer
1313	0.084777474	0.9898019	0.9050244	0.15703353	0.8752592	1.0	False	blood	early	nucleotide_transformer
580	0.084560335	0.9897003	0.90514	0.156641	0.87556857	1.0	False	blood	early	nucleotide_transformer
2580	0.08457631	0.9899503	0.905374	0.15663134	0.87557614	1.0	False	blood	early	nucleotide_transformer
647	0.084169745	0.9897202	0.9055505	0.15590332	0.87614965	1.0	False	blood	early	nucleotide_transformer
4174	-0.09539914	1.2375919	1.332991	-0.1558921	0.8761564	1.0	False	blood	early	nucleotide_transformer
4928	-0.09533346	1.2374792	1.3328127	-0.15580012	0.8762289	1.0	False	blood	early	nucleotide_transformer
2182	0.08397609	0.9894696	0.9054935	0.15557921	0.8764052	1.0	False	blood	early	nucleotide_transformer
887	-0.09506631	1.2377946	1.332861	-0.15533045	0.876599	1.0	False	blood	early	nucleotide_transformer
2643	-0.094922066	1.2378457	1.3327677	-0.1550916	0.8767873	1.0	False	blood	early	nucleotide_transformer
3066	-0.09480846	1.2375963	1.3324047	-0.15493916	0.8769074	1.0	False	blood	early	nucleotide_transformer
1885	-0.09479058	1.2374712	1.3322618	-0.15492573	0.87691796	1.0	False	blood	early	nucleotide_transformer
4289	-0.094831586	1.2384042	1.3332357	-0.15487683	0.8769565	1.0	False	blood	early	nucleotide_transformer
2868	-0.094781876	1.2384707	1.3332525	-0.15478855	0.8770261	1.0	False	blood	early	nucleotide_transformer
2173	-0.09467518	1.2376853	1.3323605	-0.15471336	0.8770854	1.0	False	blood	early	nucleotide_transformer
4572	-0.09464157	1.237574	1.3322155	-0.15467282	0.8771174	1.0	False	blood	early	nucleotide_transformer
707	-0.09451711	1.2375425	1.3320596	-0.15447597	0.8772724	1.0	False	blood	early	nucleotide_transformer
250	-0.09444618	1.2373468	1.331793	-0.1543855	0.8773438	1.0	False	blood	early	nucleotide_transformer
1597	-0.0944854	1.2382354	1.3327208	-0.15433966	0.87737995	1.0	False	blood	early	nucleotide_transformer
3200	0.102062464	1.4863232	1.3842608	0.15425105	0.8774516	1.0	False	blood	early	nucleotide_transformer
4680	0.08317286	0.98898655	0.9058137	0.15414482	0.8775355	1.0	False	blood	early	nucleotide_transformer
1738	0.10174537	1.4855489	1.3838035	0.15384766	0.87776953	1.0	False	blood	early	nucleotide_transformer
1185	-0.09417987	1.2384799	1.3326597	-0.15381743	0.8777915	1.0	False	blood	early	nucleotide_transformer
4056	-0.09412241	1.2379076	1.33203	-0.15379474	0.8778094	1.0	False	blood	early	nucleotide_transformer
2987	-0.094094515	1.2378664	1.3319609	-0.15375479	0.8778409	1.0	False	blood	early	nucleotide_transformer
2341	0.101637125	1.4860606	1.3844235	0.1536279	0.87794286	1.0	False	blood	early	nucleotide_transformer
1184	-0.09401226	1.2379926	1.3320049	-0.15360676	0.8779577	1.0	False	blood	early	nucleotide_transformer
4821	0.10159874	1.4857557	1.384157	0.15360098	0.8779641	1.0	False	blood	early	nucleotide_transformer
2941	-0.09399545	1.2380656	1.332061	-0.15357071	0.8779861	1.0	False	blood	early	nucleotide_transformer
418	-0.09396613	1.2381234	1.3320895	-0.1535164	0.87802887	1.0	False	blood	early	nucleotide_transformer
4042	-0.09373176	1.238244	1.3319758	-0.1531238	0.87833834	1.0	False	blood	early	nucleotide_transformer
1519	0.10125303	1.4860172	1.3847642	0.15304478	0.8784025	1.0	False	blood	early	nucleotide_transformer
3131	0.10122168	1.4861488	1.3849272	0.15298308	0.8784511	1.0	False	blood	early	nucleotide_transformer
4048	-0.09343314	1.2388217	1.3322549	-0.15257229	0.8787732	1.0	False	blood	early	nucleotide_transformer
116	-0.093379736	1.238129	1.3315088	-0.15257046	0.8787746	1.0	False	blood	early	nucleotide_transformer
1823	-0.0933826	1.2384772	1.3318598	-0.15253249	0.87880456	1.0	False	blood	early	nucleotide_transformer
1729	-0.09341371	1.2390559	1.3324696	-0.1525119	0.8788207	1.0	False	blood	early	nucleotide_transformer
2559	0.10086775	1.4854932	1.3846254	0.15251029	0.8788239	1.0	False	blood	early	nucleotide_transformer
775	-0.09337723	1.2391247	1.3325019	-0.1524448	0.8788737	1.0	False	blood	early	nucleotide_transformer
4166	-0.09330845	1.2384313	1.3317398	-0.15241851	0.8788944	1.0	False	blood	early	nucleotide_transformer
132	-0.09324777	1.2385823	1.33183	-0.15230244	0.87898594	1.0	False	blood	early	nucleotide_transformer
4874	0.100697994	1.4856133	1.3849154	0.15223733	0.87903905	1.0	False	blood	early	nucleotide_transformer
4290	-0.09322822	1.2390532	1.3322815	-0.15221332	0.87905616	1.0	False	blood	early	nucleotide_transformer
2201	0.1006732	1.4865003	1.3858271	0.15210776	0.8791413	1.0	False	blood	early	nucleotide_transformer
502	0.100571156	1.4857694	1.3851982	0.15202723	0.8792047	1.0	False	blood	early	nucleotide_transformer
2164	-0.09287667	1.2388546	1.3317313	-0.15167136	0.8794835	1.0	False	blood	early	nucleotide_transformer
2608	0.10026753	1.4853728	1.3851053	0.15160407	0.8795383	1.0	False	blood	early	nucleotide_transformer
4151	0.100244045	1.4859442	1.3857001	0.15150878	0.87961346	1.0	False	blood	early	nucleotide_transformer
3861	-0.0926522	1.2381846	1.3308368	-0.15139064	0.87970495	1.0	False	blood	early	nucleotide_transformer
864	-0.092435	1.2384443	1.3308793	-0.15100904	0.8800058	1.0	False	blood	early	nucleotide_transformer
2761	-0.092344284	1.2394226	1.3317668	-0.15074395	0.8802148	1.0	False	blood	early	nucleotide_transformer
2932	-0.09217656	1.2394344	1.3316109	-0.1504725	0.88042885	1.0	False	blood	early	nucleotide_transformer
3776	0.09913623	1.4849842	1.3858479	0.14991286	0.8808721	1.0	False	blood	early	nucleotide_transformer
812	0.09885228	1.4851878	1.3863355	0.149457	0.8812316	1.0	False	blood	early	nucleotide_transformer
160	0.09873819	1.485079	1.3863409	0.14929353	0.8813605	1.0	False	blood	early	nucleotide_transformer
1603	-0.076886415	0.98964167	1.0665281	-0.14038612	0.8883894	1.0	False	blood	early	nucleotide_transformer
2445	-0.07655001	0.9892509	1.0658009	-0.13983425	0.88882524	1.0	False	blood	early	nucleotide_transformer
2304	-0.07621753	0.9902134	1.0664309	-0.13910119	0.88940436	1.0	False	blood	early	nucleotide_transformer
3329	-0.075781465	0.98963284	1.0654143	-0.13839646	0.8899611	1.0	False	blood	early	nucleotide_transformer
3825	-0.07575184	0.9892848	1.0650367	-0.13839099	0.8899654	1.0	False	blood	early	nucleotide_transformer
3240	-0.07579529	0.9898945	1.0656898	-0.13838525	0.8899699	1.0	False	blood	early	nucleotide_transformer
3914	-0.07579374	0.9899498	1.0657436	-0.13837515	0.88997793	1.0	False	blood	early	nucleotide_transformer
373	-0.07577193	0.98967767	1.0654496	-0.13837321	0.8899795	1.0	False	blood	early	nucleotide_transformer
2945	-0.075724065	0.9897886	1.0655127	-0.13827176	0.8900596	1.0	False	blood	early	nucleotide_transformer
688	-0.07575101	0.9905285	1.0662795	-0.13821812	0.89010197	1.0	False	blood	early	nucleotide_transformer
1438	-0.07566041	0.9894909	1.0651513	-0.13819782	0.890118	1.0	False	blood	early	nucleotide_transformer
303	-0.07565665	0.9898119	1.0654685	-0.1381471	0.8901581	1.0	False	blood	early	nucleotide_transformer
1217	-0.07565385	0.9897873	1.0654411	-0.13814512	0.89015967	1.0	False	blood	early	nucleotide_transformer
777	-0.07568395	0.99030423	1.0659882	-0.13812794	0.8901732	1.0	False	blood	early	nucleotide_transformer
1526	-0.07563639	0.98988914	1.0655255	-0.13809998	0.8901953	1.0	False	blood	early	nucleotide_transformer
2117	-0.07560986	0.98987216	1.065482	-0.13805453	0.8902312	1.0	False	blood	early	nucleotide_transformer
2126	-0.07556832	0.9897077	1.065276	-0.13800187	0.89027274	1.0	False	blood	early	nucleotide_transformer
975	-0.07559633	0.990276	1.0658723	-0.13797435	0.89029455	1.0	False	blood	early	nucleotide_transformer
2694	-0.07555294	0.99019635	1.0657493	-0.13790707	0.89034766	1.0	False	blood	early	nucleotide_transformer
1144	-0.0755344	0.99023336	1.0657678	-0.13786864	0.890378	1.0	False	blood	early	nucleotide_transformer
133	-0.07546264	0.98977846	1.0652411	-0.13780189	0.8904308	1.0	False	blood	early	nucleotide_transformer
4440	-0.07549083	0.9903234	1.0658143	-0.13777754	0.8904501	1.0	False	blood	early	nucleotide_transformer
3631	-0.075460255	0.99034303	1.0658033	-0.1377198	0.8904957	1.0	False	blood	early	nucleotide_transformer
2840	-0.075426936	0.9901912	1.0656182	-0.13768078	0.8905266	1.0	False	blood	early	nucleotide_transformer
3097	-0.07537538	0.99048656	1.0658619	-0.13754733	0.89063203	1.0	False	blood	early	nucleotide_transformer
1324	-0.07533568	0.99019474	1.0655304	-0.13751566	0.89065707	1.0	False	blood	early	nucleotide_transformer
1248	-0.07522124	0.9899437	1.0651649	-0.13734424	0.8907924	1.0	False	blood	early	nucleotide_transformer
963	-0.075178444	0.9900046	1.065183	-0.13725887	0.8908599	1.0	False	blood	early	nucleotide_transformer
2578	-0.07506275	0.9899411	1.0650039	-0.13705906	0.89101774	1.0	False	blood	early	nucleotide_transformer
4456	-0.07509178	0.9903576	1.0654494	-0.13705452	0.8910214	1.0	False	blood	early	nucleotide_transformer
1209	-0.07506788	0.99034953	1.0654174	-0.13701245	0.8910546	1.0	False	blood	early	nucleotide_transformer
508	-0.07502735	0.99034035	1.0653677	-0.13694069	0.8911113	1.0	False	blood	early	nucleotide_transformer
2729	-0.074964166	0.9900899	1.065054	-0.13686119	0.8911741	1.0	False	blood	early	nucleotide_transformer
2863	-0.0749802	0.99044627	1.0654265	-0.13684158	0.89118963	1.0	False	blood	early	nucleotide_transformer
478	-0.07496601	0.9903994	1.0653654	-0.13682221	0.89120495	1.0	False	blood	early	nucleotide_transformer
1226	-0.07485545	0.99085176	1.0657072	-0.13656156	0.8914109	1.0	False	blood	early	nucleotide_transformer
649	-0.07481015	0.9902556	1.0650657	-0.13656117	0.8914112	1.0	False	blood	early	nucleotide_transformer
3259	-0.07479173	0.99007267	1.0648644	-0.13655274	0.8914179	1.0	False	blood	early	nucleotide_transformer
4124	-0.07480502	0.9904039	1.0652089	-0.13653181	0.8914344	1.0	False	blood	early	nucleotide_transformer
4232	-0.0747661	0.99019665	1.0649627	-0.1364898	0.8914676	1.0	False	blood	early	nucleotide_transformer
1223	-0.07473689	0.99009603	1.0648329	-0.13645071	0.89149845	1.0	False	blood	early	nucleotide_transformer
2529	-0.074736774	0.99051756	1.0652543	-0.13639343	0.89154375	1.0	False	blood	early	nucleotide_transformer
2942	-0.07461214	0.99030066	1.0649128	-0.13619822	0.891698	1.0	False	blood	early	nucleotide_transformer
4279	-0.07462007	0.9904917	1.0651118	-0.1361867	0.8917072	1.0	False	blood	early	nucleotide_transformer
1684	-0.07457286	0.9902924	1.0648652	-0.13612852	0.89175314	1.0	False	blood	early	nucleotide_transformer
2870	-0.07455355	0.9903316	1.0648851	-0.13608849	0.8917847	1.0	False	blood	early	nucleotide_transformer
256	-0.07456148	0.99063385	1.0651953	-0.13606189	0.8918058	1.0	False	blood	early	nucleotide_transformer
738	-0.07454759	0.9904794	1.065027	-0.1360578	0.8918091	1.0	False	blood	early	nucleotide_transformer
1099	-0.07455486	0.9906886	1.0652435	-0.1360424	0.8918212	1.0	False	blood	early	nucleotide_transformer
380	-0.07451266	0.990261	1.0647737	-0.1360243	0.8918355	1.0	False	blood	early	nucleotide_transformer
2956	-0.07454091	0.9907302	1.0652711	-0.1360116	0.8918456	1.0	False	blood	early	nucleotide_transformer
17	-0.07450217	0.990333	1.0648352	-0.13599573	0.8918581	1.0	False	blood	early	nucleotide_transformer
810	-0.07450479	0.9904948	1.0649996	-0.1359786	0.89187163	1.0	False	blood	early	nucleotide_transformer
432	-0.0744831	0.99048847	1.0649716	-0.13594046	0.8919018	1.0	False	blood	early	nucleotide_transformer
2206	-0.07447946	0.9906126	1.0650921	-0.13591711	0.8919202	1.0	False	blood	early	nucleotide_transformer
4815	-0.07445192	0.99027944	1.0647314	-0.1359122	0.89192414	1.0	False	blood	early	nucleotide_transformer
516	-0.074465394	0.9904717	1.0649371	-0.1359108	0.89192516	1.0	False	blood	early	nucleotide_transformer
395	-0.07443887	0.9905942	1.0650331	-0.1358464	0.8919761	1.0	False	blood	early	nucleotide_transformer
1687	-0.07443076	0.9906314	1.0650622	-0.1358269	0.8919915	1.0	False	blood	early	nucleotide_transformer
4673	-0.07435554	0.9903694	1.0647249	-0.13572659	0.8920708	1.0	False	blood	early	nucleotide_transformer
3309	-0.074388206	0.9908492	1.0652374	-0.13572055	0.89207554	1.0	False	blood	early	nucleotide_transformer
547	-0.07435006	0.9904234	1.0647734	-0.13570946	0.8920843	1.0	False	blood	early	nucleotide_transformer
4426	-0.074323535	0.9904853	1.0648088	-0.13565335	0.8921287	1.0	False	blood	early	nucleotide_transformer
783	-0.07426357	0.990782	1.0650456	-0.13550538	0.89224565	1.0	False	blood	early	nucleotide_transformer
3005	-0.07422048	0.9903156	1.0645361	-0.13549031	0.8922576	1.0	False	blood	early	nucleotide_transformer
102	-0.074214816	0.99061966	1.0648345	-0.13543941	0.8922978	1.0	False	blood	early	nucleotide_transformer
3121	-0.073942244	0.99068314	1.0646254	-0.1349396	0.8926928	1.0	False	blood	early	nucleotide_transformer
4880	-0.073878765	0.9909406	1.0648193	-0.13479082	0.8928104	1.0	False	blood	early	nucleotide_transformer
1434	-0.07384157	0.9909195	1.064761	-0.13472655	0.8928612	1.0	False	blood	early	nucleotide_transformer
1860	-0.07345861	0.99088067	1.0643393	-0.13404219	0.89340216	1.0	False	blood	early	nucleotide_transformer
2937	-0.0734756	0.9912157	1.0646913	-0.13402787	0.89341354	1.0	False	blood	early	nucleotide_transformer
1371	-0.07329458	0.9920909	1.0653855	-0.13358572	0.89376307	1.0	False	blood	early	nucleotide_transformer
1541	-0.07283759	0.99190986	1.0647475	-0.13278744	0.8943941	1.0	False	blood	early	nucleotide_transformer
4193	-0.20135498	840.3371	840.53845	-0.13267961	0.89448893	1.0	False	blood	early	nucleotide_transformer
2322	-0.07254338	0.99237716	1.0649205	-0.13219658	0.89486134	1.0	False	blood	early	nucleotide_transformer
2364	-0.07207078	0.99227935	1.0643501	-0.13135886	0.8955237	1.0	False	blood	early	nucleotide_transformer
2762	0.035410225	0.24824853	0.2128383	0.13111262	0.89572084	1.0	False	blood	early	nucleotide_transformer
3847	-0.07195634	0.9926593	1.0646156	-0.13110343	0.8957257	1.0	False	blood	early	nucleotide_transformer
2623	0.035315424	0.24817508	0.21285966	0.13079223	0.8959742	1.0	False	blood	early	nucleotide_transformer
1118	0.034961954	0.24762641	0.21266446	0.12974524	0.89680225	1.0	False	blood	early	nucleotide_transformer
4354	0.034918487	0.24743153	0.21251304	0.12968437	0.8968504	1.0	False	blood	early	nucleotide_transformer
5021	0.034929797	0.24752222	0.21259242	0.12967879	0.8968549	1.0	False	blood	early	nucleotide_transformer
3867	0.034848124	0.24738564	0.21253751	0.12944101	0.8970429	1.0	False	blood	early	nucleotide_transformer
3824	0.0348455	0.24744171	0.21259621	0.12940097	0.8970746	1.0	False	blood	early	nucleotide_transformer
1043	0.03481649	0.24738263	0.21256614	0.12932262	0.8971365	1.0	False	blood	early	nucleotide_transformer
1886	0.034773484	0.24756365	0.21279016	0.12906152	0.89734304	1.0	False	blood	early	nucleotide_transformer
2361	0.03473422	0.24737069	0.21263647	0.12901519	0.8973797	1.0	False	blood	early	nucleotide_transformer
4707	0.034623414	0.24734202	0.2127186	0.12860864	0.89770126	1.0	False	blood	early	nucleotide_transformer
3118	0.034611136	0.24739312	0.21278198	0.12853469	0.8977598	1.0	False	blood	early	nucleotide_transformer
2113	0.034482017	0.24736924	0.21288723	0.12805547	0.8981389	1.0	False	blood	early	nucleotide_transformer
3548	0.034429595	0.24729437	0.21286477	0.12789555	0.89826536	1.0	False	blood	early	nucleotide_transformer
25	0.034242094	0.24738207	0.21313998	0.12713535	0.8988668	1.0	False	blood	early	nucleotide_transformer
546	-0.05711615	0.7425102	0.79962635	-0.12027952	0.9042912	1.0	False	blood	early	nucleotide_transformer
4537	-0.056898832	0.74195886	0.7988577	-0.11991568	0.9045793	1.0	False	blood	early	nucleotide_transformer
4468	-0.0568133	0.74203306	0.79884636	-0.119726025	0.90472955	1.0	False	blood	early	nucleotide_transformer
2254	-0.056755066	0.7419607	0.7987158	-0.1196164	0.9048164	1.0	False	blood	early	nucleotide_transformer
3346	-0.056779444	0.7423318	0.79911125	-0.11960824	0.90482277	1.0	False	blood	early	nucleotide_transformer
893	-0.056724727	0.7422875	0.79901224	-0.119501576	0.9049073	1.0	False	blood	early	nucleotide_transformer
4158	-0.056678772	0.74193966	0.79861844	-0.11946106	0.90493935	1.0	False	blood	early	nucleotide_transformer
4443	-0.056719005	0.74250233	0.79922134	-0.119455524	0.9049437	1.0	False	blood	early	nucleotide_transformer
315	-0.056690454	0.74275756	0.799448	-0.119355775	0.90502274	1.0	False	blood	early	nucleotide_transformer
787	-0.05667007	0.74270207	0.79937214	-0.1193222	0.9050493	1.0	False	blood	early	nucleotide_transformer
4094	-0.056592464	0.74242127	0.79901373	-0.119205445	0.9051418	1.0	False	blood	early	nucleotide_transformer
2951	-0.056554437	0.7420459	0.7986003	-0.11918566	0.90515745	1.0	False	blood	early	nucleotide_transformer
5116	-0.056599617	0.7426475	0.79924715	-0.11918447	0.9051584	1.0	False	blood	early	nucleotide_transformer
143	-0.05646789	0.74202734	0.79849523	-0.11900868	0.90529764	1.0	False	blood	early	nucleotide_transformer
3411	-0.056485593	0.7424486	0.7989342	-0.11897897	0.9053212	1.0	False	blood	early	nucleotide_transformer
2384	-0.05647075	0.74232227	0.798793	-0.11896804	0.9053298	1.0	False	blood	early	nucleotide_transformer
3584	-0.05644995	0.742438	0.79888797	-0.118906945	0.9053782	1.0	False	blood	early	nucleotide_transformer
56	-0.056426346	0.7423063	0.79873264	-0.11887827	0.90540093	1.0	False	blood	early	nucleotide_transformer
97	-0.056446135	0.7425932	0.79903936	-0.118874215	0.90540415	1.0	False	blood	early	nucleotide_transformer
101	-0.056381404	0.74244475	0.79882616	-0.11876342	0.9054919	1.0	False	blood	early	nucleotide_transformer
3902	-0.05636555	0.74257654	0.7989421	-0.11870934	0.90553474	1.0	False	blood	early	nucleotide_transformer
3335	-0.056328356	0.7422606	0.79858893	-0.11868175	0.90555656	1.0	False	blood	early	nucleotide_transformer
1523	-0.056322634	0.7422764	0.798599	-0.11866737	0.90556794	1.0	False	blood	early	nucleotide_transformer
496	-0.0563308	0.7425701	0.7989009	-0.11863814	0.9055911	1.0	False	blood	early	nucleotide_transformer
3288	-0.0563246	0.7426886	0.7990132	-0.11860655	0.9056161	1.0	False	blood	early	nucleotide_transformer
4511	-0.056277394	0.7427825	0.79905987	-0.11849373	0.9057055	1.0	False	blood	early	nucleotide_transformer
5104	-0.056181073	0.7422054	0.79838645	-0.11838437	0.9057921	1.0	False	blood	early	nucleotide_transformer
94	-0.05620992	0.74293214	0.79914206	-0.11832996	0.90583515	1.0	False	blood	early	nucleotide_transformer
4317	-0.05611384	0.7421492	0.798263	-0.11825336	0.9058959	1.0	False	blood	early	nucleotide_transformer
1270	-0.056163788	0.7430051	0.7991689	-0.118222676	0.90592015	1.0	False	blood	early	nucleotide_transformer
3604	-0.05609578	0.7422919	0.7983877	-0.11819329	0.9059435	1.0	False	blood	early	nucleotide_transformer
3167	-0.05610758	0.7431344	0.79924196	-0.11808562	0.90602875	1.0	False	blood	early	nucleotide_transformer
225	-0.055969656	0.7424291	0.79839873	-0.11790961	0.90616816	1.0	False	blood	early	nucleotide_transformer
3731	-0.055927694	0.74229383	0.7982215	-0.1178435	0.9062205	1.0	False	blood	early	nucleotide_transformer
1297	-0.055715024	0.74214274	0.79785776	-0.11742482	0.90655226	1.0	False	blood	early	nucleotide_transformer
1303	-0.0557155	0.74251586	0.79823136	-0.11736763	0.9065975	1.0	False	blood	early	nucleotide_transformer
1521	-0.055719495	0.74265784	0.79837734	-0.11735381	0.9066085	1.0	False	blood	early	nucleotide_transformer
3960	-0.055678606	0.74296224	0.79864085	-0.11722128	0.9067135	1.0	False	blood	early	nucleotide_transformer
4978	-0.055609763	0.74261934	0.7982291	-0.117131844	0.9067843	1.0	False	blood	early	nucleotide_transformer
4496	-0.055622518	0.74301195	0.79863447	-0.117096975	0.90681195	1.0	False	blood	early	nucleotide_transformer
4040	-0.055496335	0.74269295	0.7981893	-0.116884574	0.9069802	1.0	False	blood	early	nucleotide_transformer
3880	0.08353686	1.7344718	1.6509349	0.11675351	0.90708524	1.0	False	blood	early	nucleotide_transformer
3274	-0.055328608	0.7430787	0.7984073	-0.11647612	0.9073038	1.0	False	blood	early	nucleotide_transformer
79	-0.055246234	0.7432476	0.79849386	-0.11627905	0.9074599	1.0	False	blood	early	nucleotide_transformer
4376	-0.055161655	0.74372315	0.7988848	-0.11602941	0.9076576	1.0	False	blood	early	nucleotide_transformer
1157	-0.05510807	0.74302936	0.7981374	-0.11602534	0.9076609	1.0	False	blood	early	nucleotide_transformer
1660	-0.054931045	0.7432919	0.79822296	-0.11561742	0.90798414	1.0	False	blood	early	nucleotide_transformer
1435	-0.05487138	0.7435644	0.7984358	-0.115451045	0.908116	1.0	False	blood	early	nucleotide_transformer
3808	0.08161509	1.7336948	1.6520797	0.1140964	0.9091905	1.0	False	blood	early	nucleotide_transformer
1112	0.06833589	1.2392824	1.1709465	0.11284363	0.9101834	1.0	False	blood	early	nucleotide_transformer
4249	0.068315506	1.2395499	1.1712344	0.11278512	0.9102298	1.0	False	blood	early	nucleotide_transformer
1488	0.068173885	1.2393315	1.1711576	0.11256908	0.910401	1.0	False	blood	early	nucleotide_transformer
4851	0.06741929	1.2386272	1.1712079	0.11137511	0.9113473	1.0	False	blood	early	nucleotide_transformer
394	0.067297935	1.2379999	1.170702	0.11122957	0.9114627	1.0	False	blood	early	nucleotide_transformer
927	0.06711185	1.2381684	1.1710565	0.11090404	0.9117208	1.0	False	blood	early	nucleotide_transformer
1732	0.066987276	1.2382989	1.1713116	0.110684186	0.9118951	1.0	False	blood	early	nucleotide_transformer
3957	0.06680119	1.2380555	1.1712543	0.110395685	0.9121238	1.0	False	blood	early	nucleotide_transformer
4500	0.051794827	0.7436401	0.6918453	0.11034993	0.9121602	1.0	False	blood	early	nucleotide_transformer
3219	0.06673241	1.2382611	1.1715287	0.11026226	0.9122296	1.0	False	blood	early	nucleotide_transformer
357	0.06672859	1.2382178	1.1714892	0.110260114	0.91223127	1.0	False	blood	early	nucleotide_transformer
4732	0.06670797	1.237888	1.17118	0.110255115	0.9122353	1.0	False	blood	early	nucleotide_transformer
4542	0.066702485	1.2379473	1.1712449	0.110240676	0.9122467	1.0	False	blood	early	nucleotide_transformer
4578	0.06668973	1.2378695	1.1711798	0.110226326	0.9122581	1.0	False	blood	early	nucleotide_transformer
2833	0.06668818	1.2380105	1.1713223	0.11021117	0.9122701	1.0	False	blood	early	nucleotide_transformer
1759	0.06665838	1.2378755	1.1712171	0.1101735	0.9123	1.0	False	blood	early	nucleotide_transformer
4316	0.06661856	1.2379725	1.1713539	0.11009841	0.91235954	1.0	False	blood	early	nucleotide_transformer
3426	0.0665952	1.2376075	1.1710123	0.11009212	0.9123645	1.0	False	blood	early	nucleotide_transformer
44	0.06658542	1.237899	1.1713135	0.11004966	0.91239816	1.0	False	blood	early	nucleotide_transformer
553	0.06655204	1.2377508	1.1711987	0.11000734	0.9124318	1.0	False	blood	early	nucleotide_transformer
1647	0.06645882	1.2384826	1.1720238	0.10978619	0.912607	1.0	False	blood	early	nucleotide_transformer
1913	0.066388845	1.2378372	1.1714483	0.10972723	0.91265374	1.0	False	blood	early	nucleotide_transformer
247	0.066381216	1.2377508	1.1713696	0.10972227	0.91265774	1.0	False	blood	early	nucleotide_transformer
172	0.06639087	1.238025	1.1716341	0.10971379	0.9126644	1.0	False	blood	early	nucleotide_transformer
997	0.066381335	1.2383257	1.1719444	0.10967099	0.9126983	1.0	False	blood	early	nucleotide_transformer
3533	0.06633842	1.2376307	1.1712923	0.10966156	0.91270584	1.0	False	blood	early	nucleotide_transformer
275	0.06622827	1.2378466	1.1716183	0.109458454	0.91286683	1.0	False	blood	early	nucleotide_transformer
2301	0.05124837	0.7426767	0.6914283	0.10931543	0.91298044	1.0	False	blood	early	nucleotide_transformer
62	0.06613076	1.2377251	1.1715944	0.10930658	0.91298723	1.0	False	blood	early	nucleotide_transformer
2428	0.05123633	0.7429839	0.69174755	0.109243475	0.9130375	1.0	False	blood	early	nucleotide_transformer
2418	0.06602025	1.2379197	1.1718994	0.10910481	0.9131472	1.0	False	blood	early	nucleotide_transformer
4038	0.06602037	1.2382668	1.1722465	0.109074175	0.9131716	1.0	False	blood	early	nucleotide_transformer
4741	0.06600034	1.2381269	1.1721265	0.109053284	0.9131881	1.0	False	blood	early	nucleotide_transformer
3360	0.06597471	1.2382634	1.1722887	0.10899836	0.9132317	1.0	False	blood	early	nucleotide_transformer
1661	0.051084578	0.7426962	0.69161165	0.10895873	0.91326326	1.0	False	blood	early	nucleotide_transformer
1150	0.06589413	1.2380253	1.1721312	0.10888508	0.9133215	1.0	False	blood	early	nucleotide_transformer
1423	0.051033497	0.7429059	0.6918724	0.1088173	0.9133753	1.0	False	blood	early	nucleotide_transformer
3109	0.050986588	0.74270916	0.6917226	0.108745314	0.9134325	1.0	False	blood	early	nucleotide_transformer
2017	0.06577563	1.2381428	1.1723672	0.10867706	0.91348636	1.0	False	blood	early	nucleotide_transformer
1079	0.05095476	0.7431037	0.6921489	0.108618125	0.91353333	1.0	False	blood	early	nucleotide_transformer
3020	0.06574464	1.2383497	1.172605	0.108607106	0.91354185	1.0	False	blood	early	nucleotide_transformer
2491	0.050935447	0.74295396	0.6920185	0.1085985	0.9135488	1.0	False	blood	early	nucleotide_transformer
2268	0.06564987	1.2375835	1.1719337	0.108516686	0.9136136	1.0	False	blood	early	nucleotide_transformer
751	0.05081904	0.74254197	0.6917229	0.10840823	0.9136997	1.0	False	blood	early	nucleotide_transformer
4487	0.065580845	1.238277	1.1726961	0.10834035	0.9137534	1.0	False	blood	early	nucleotide_transformer
4061	0.06555092	1.2382134	1.1726625	0.10829613	0.91378844	1.0	False	blood	early	nucleotide_transformer
1415	0.06548047	1.2382944	1.1728139	0.108171485	0.9138873	1.0	False	blood	early	nucleotide_transformer
3917	0.0654273	1.237824	1.1723967	0.10812429	0.9139247	1.0	False	blood	early	nucleotide_transformer
1900	0.05069959	0.7427796	0.69208	0.10811542	0.91393185	1.0	False	blood	early	nucleotide_transformer
3504	0.06539309	1.2377524	1.1723593	0.10807348	0.913965	1.0	False	blood	early	nucleotide_transformer
1796	0.065359	1.2380149	1.1726559	0.10799353	0.9140284	1.0	False	blood	early	nucleotide_transformer
1843	0.06539643	1.238793	1.1733966	0.10798761	0.91403306	1.0	False	blood	early	nucleotide_transformer
3392	0.06523025	1.2378638	1.1726335	0.107792	0.9141882	1.0	False	blood	early	nucleotide_transformer
430	0.05050236	0.742099	0.6915966	0.10778935	0.9141905	1.0	False	blood	early	nucleotide_transformer
397	0.050492942	0.74203354	0.6915406	0.10777861	0.914199	1.0	False	blood	early	nucleotide_transformer
3217	0.06522572	1.2380555	1.1728297	0.10776763	0.9142075	1.0	False	blood	early	nucleotide_transformer
3400	0.06518042	1.2377362	1.1725558	0.10772001	0.9142453	1.0	False	blood	early	nucleotide_transformer
722	0.050454378	0.7419343	0.6914799	0.107709825	0.91425353	1.0	False	blood	early	nucleotide_transformer
1742	0.050450683	0.7422233	0.69177264	0.10765948	0.91429347	1.0	False	blood	early	nucleotide_transformer
4218	0.050412655	0.74205905	0.6916464	0.10760141	0.9143395	1.0	False	blood	early	nucleotide_transformer
4378	0.050432086	0.74264854	0.69221646	0.10755716	0.9143746	1.0	False	blood	early	nucleotide_transformer
1402	0.050393105	0.74209553	0.6917024	0.10755383	0.9143772	1.0	False	blood	early	nucleotide_transformer
1780	0.05037397	0.74221784	0.69184387	0.10749458	0.9144242	1.0	False	blood	early	nucleotide_transformer
1763	0.05031264	0.74209654	0.6917839	0.107379854	0.9145152	1.0	False	blood	early	nucleotide_transformer
419	-0.07741153	1.7338998	1.8113114	-0.107348576	0.914539	1.0	False	blood	early	nucleotide_transformer
2138	0.05032611	0.7425913	0.6922652	0.10733667	0.91454947	1.0	False	blood	early	nucleotide_transformer
2673	0.064884305	1.2377523	1.172868	0.107224844	0.9146379	1.0	False	blood	early	nucleotide_transformer
2898	0.050240517	0.7421321	0.6918916	0.10721885	0.9146429	1.0	False	blood	early	nucleotide_transformer
2224	0.064566135	1.2375746	1.1730084	0.10670954	0.91504663	1.0	False	blood	early	nucleotide_transformer
1477	0.049918592	0.7422108	0.6922922	0.1065122	0.9152033	1.0	False	blood	early	nucleotide_transformer
4723	0.049881995	0.74185747	0.6919755	0.106484376	0.9152253	1.0	False	blood	early	nucleotide_transformer
1889	0.06442964	1.2377677	1.173338	0.10646517	0.91524047	1.0	False	blood	early	nucleotide_transformer
2426	0.06433451	1.2368149	1.1724803	0.10638886	0.91530097	1.0	False	blood	early	nucleotide_transformer
933	0.06431508	1.2376792	1.1733642	0.10628176	0.9153859	1.0	False	blood	early	nucleotide_transformer
713	0.049788177	0.74200314	0.69221497	0.10626061	0.9154029	1.0	False	blood	early	nucleotide_transformer
421	0.049735963	0.74211574	0.6923798	0.10613158	0.9155052	1.0	False	blood	early	nucleotide_transformer
204	-0.03827083	0.49440372	0.53267455	-0.09872657	0.9213795	1.0	False	blood	early	nucleotide_transformer
2612	-0.037570477	0.49484056	0.53241104	-0.096859455	0.9228617	1.0	False	blood	early	nucleotide_transformer
1357	-0.0375278	0.4947136	0.5322414	-0.096775346	0.92292845	1.0	False	blood	early	nucleotide_transformer
2908	-0.037466913	0.49501744	0.53248435	-0.096562035	0.9230978	1.0	False	blood	early	nucleotide_transformer
266	-0.037400126	0.49489987	0.5323	-0.096414745	0.92321473	1.0	False	blood	early	nucleotide_transformer
2314	-0.03727454	0.4950421	0.5323166	-0.09606819	0.9234899	1.0	False	blood	early	nucleotide_transformer
2754	-0.037238926	0.4947228	0.53196174	-0.09603846	0.9235135	1.0	False	blood	early	nucleotide_transformer
700	-0.03722346	0.49513388	0.53235734	-0.09592025	0.9236074	1.0	False	blood	early	nucleotide_transformer
2475	-0.03720233	0.49502537	0.5322277	-0.09588773	0.9236332	1.0	False	blood	early	nucleotide_transformer
177	-0.037183225	0.49506932	0.53225255	-0.09583074	0.9236784	1.0	False	blood	early	nucleotide_transformer
1667	-0.03717622	0.49503395	0.5322102	-0.0958195	0.92368734	1.0	False	blood	early	nucleotide_transformer
3213	-0.03717497	0.49521104	0.532386	-0.09578222	0.92371696	1.0	False	blood	early	nucleotide_transformer
1051	-0.037068427	0.4948694	0.53193784	-0.09557661	0.92388016	1.0	False	blood	early	nucleotide_transformer
960	-0.037029147	0.4951923	0.53222144	-0.09541499	0.92400855	1.0	False	blood	early	nucleotide_transformer
3523	-0.036966175	0.49485442	0.5318206	-0.095319204	0.9240846	1.0	False	blood	early	nucleotide_transformer
2497	-0.036946177	0.49473864	0.5316848	-0.09529032	0.9241075	1.0	False	blood	early	nucleotide_transformer
2650	-0.036525756	0.4959043	0.53243005	-0.09400145	0.925131	1.0	False	blood	early	nucleotide_transformer
3293	-0.0364981	0.49557707	0.53207517	-0.093992285	0.9251383	1.0	False	blood	early	nucleotide_transformer
1601	-0.060562372	1.4853581	1.5459205	-0.090700105	0.9277533	1.0	False	blood	early	nucleotide_transformer
4526	-0.060285926	1.4857651	1.546051	-0.09026429	0.9280995	1.0	False	blood	early	nucleotide_transformer
701	-0.060189366	1.4857695	1.5459589	-0.09012047	0.9282137	1.0	False	blood	early	nucleotide_transformer
2351	-0.060182214	1.4856489	1.5458311	-0.09011704	0.92821646	1.0	False	blood	early	nucleotide_transformer
901	-0.0600909	1.4853646	1.5454555	-0.089998685	0.9283105	1.0	False	blood	early	nucleotide_transformer
2532	-0.06011057	1.4860924	1.546203	-0.08998353	0.92832255	1.0	False	blood	early	nucleotide_transformer
1251	-0.060064077	1.4861449	1.546209	-0.08991124	0.92837995	1.0	False	blood	early	nucleotide_transformer
4486	-0.06003368	1.4855707	1.5456043	-0.08990124	0.92838794	1.0	False	blood	early	nucleotide_transformer
4389	-0.059696794	1.4861232	1.54582	-0.089367025	0.9288123	1.0	False	blood	early	nucleotide_transformer
1974	-0.05952704	1.4859456	1.5454726	-0.08912523	0.92900443	1.0	False	blood	early	nucleotide_transformer
422	-0.05947137	1.4860605	1.5455319	-0.08903565	0.9290756	1.0	False	blood	early	nucleotide_transformer
4530	-0.059460163	1.4859377	1.5453979	-0.08902622	0.9290831	1.0	False	blood	early	nucleotide_transformer
1306	-0.059384942	1.4860213	1.5454062	-0.08890946	0.92917585	1.0	False	blood	early	nucleotide_transformer
4871	-0.059245348	1.4861069	1.5453522	-0.088696875	0.9293447	1.0	False	blood	early	nucleotide_transformer
3287	-0.058796525	1.4868507	1.5456473	-0.08798593	0.9299096	1.0	False	blood	early	nucleotide_transformer
1771	0.048914194	1.4870697	1.4381555	0.07365615	0.9413026	1.0	False	blood	early	nucleotide_transformer
1596	0.048518658	1.4860053	1.4374866	0.07310982	0.9417372	1.0	False	blood	early	nucleotide_transformer
3214	0.04831493	1.486238	1.4379231	0.07278961	0.9419919	1.0	False	blood	early	nucleotide_transformer
5110	0.048210144	1.4860601	1.43785	0.072639525	0.9421114	1.0	False	blood	early	nucleotide_transformer
4332	0.048213243	1.4862694	1.4380561	0.0726339	0.9421158	1.0	False	blood	early	nucleotide_transformer
2738	0.048202157	1.4860704	1.4378682	0.072626926	0.9421213	1.0	False	blood	early	nucleotide_transformer
4390	0.048072577	1.4861145	1.4380419	0.072428405	0.9422792	1.0	False	blood	early	nucleotide_transformer
2700	0.047944546	1.4858598	1.4379152	0.072246894	0.9424237	1.0	False	blood	early	nucleotide_transformer
1109	0.04762256	1.486325	1.4387025	0.07173632	0.94282985	1.0	False	blood	early	nucleotide_transformer
2063	0.047396302	1.4867332	1.4393369	0.07137388	0.9431182	1.0	False	blood	early	nucleotide_transformer
3340	0.046796322	1.4855057	1.4387094	0.07052407	0.9437943	1.0	False	blood	early	nucleotide_transformer
3752	0.046770096	1.4862963	1.4395262	0.070446365	0.9438562	1.0	False	blood	early	nucleotide_transformer
481	0.046757817	1.4861712	1.4394134	0.0704338	0.94386613	1.0	False	blood	early	nucleotide_transformer
1149	0.046657562	1.4862523	1.4395947	0.07027809	0.94399005	1.0	False	blood	early	nucleotide_transformer
4472	-0.019140765	0.24719514	0.2663359	-0.06976682	0.94439626	1.0	False	blood	early	nucleotide_transformer
187	0.046289086	1.4854257	1.4391366	0.06975915	0.94440293	1.0	False	blood	early	nucleotide_transformer
486	0.046173215	1.4859153	1.4397421	0.069560386	0.9445611	1.0	False	blood	early	nucleotide_transformer
789	-0.041905284	1.2379463	1.2798516	-0.06871645	0.9452323	1.0	False	blood	early	nucleotide_transformer
2395	-0.04189694	1.2382851	1.280182	-0.06868419	0.94525796	1.0	False	blood	early	nucleotide_transformer
4159	-0.018791407	0.24741602	0.26620743	-0.06845003	0.94544417	1.0	False	blood	early	nucleotide_transformer
2338	-0.041712046	1.2376125	1.2793245	-0.068419814	0.9454684	1.0	False	blood	early	nucleotide_transformer
2629	-0.018758312	0.24732958	0.2660879	-0.06835462	0.9455201	1.0	False	blood	early	nucleotide_transformer
4679	-0.041652083	1.2378862	1.2795383	-0.06830697	0.9455582	1.0	False	blood	early	nucleotide_transformer
3571	-0.018733367	0.24727316	0.26600653	-0.06828038	0.9455791	1.0	False	blood	early	nucleotide_transformer
4155	-0.041618824	1.2373986	1.2790174	-0.06827944	0.94558007	1.0	False	blood	early	nucleotide_transformer
4414	-0.041502357	1.2370468	1.2785492	-0.06810868	0.945716	1.0	False	blood	early	nucleotide_transformer
1008	-0.041452408	1.2375885	1.2790409	-0.0679977	0.9458043	1.0	False	blood	early	nucleotide_transformer
1902	-0.04145646	1.2382295	1.279686	-0.06796934	0.9458269	1.0	False	blood	early	nucleotide_transformer
1242	-0.018589303	0.24739142	0.26598072	-0.06773012	0.946017	1.0	False	blood	early	nucleotide_transformer
1022	-0.018552884	0.2473103	0.26586318	-0.06762102	0.9461039	1.0	False	blood	early	nucleotide_transformer
3059	-0.04107213	1.2381935	1.2792656	-0.06734486	0.9463239	1.0	False	blood	early	nucleotide_transformer
2706	-0.018433899	0.2474195	0.2658534	-0.067163736	0.94646776	1.0	False	blood	early	nucleotide_transformer
4824	-0.040905476	1.2381152	1.2790207	-0.06707739	0.94653666	1.0	False	blood	early	nucleotide_transformer
3727	-0.018414631	0.24762039	0.26603502	-0.06704076	0.9465656	1.0	False	blood	early	nucleotide_transformer
2327	-0.040878773	1.2380712	1.27895	-0.06703623	0.94656944	1.0	False	blood	early	nucleotide_transformer
4505	-0.04086244	1.23771	1.2785724	-0.06702898	0.9465753	1.0	False	blood	early	nucleotide_transformer
4935	-0.040746808	1.238381	1.2791278	-0.06680446	0.9467539	1.0	False	blood	early	nucleotide_transformer
3576	-0.040708065	1.2381246	1.2788327	-0.06675505	0.94679326	1.0	False	blood	early	nucleotide_transformer
3992	-0.04070115	1.2382079	1.2789091	-0.06673935	0.9468057	1.0	False	blood	early	nucleotide_transformer
2249	-0.040691257	1.2381673	1.2788585	-0.06672537	0.94681686	1.0	False	blood	early	nucleotide_transformer
3855	-0.040602207	1.237745	1.2783473	-0.06660269	0.9469145	1.0	False	blood	early	nucleotide_transformer
2242	-0.040477514	1.2376422	1.2781197	-0.06640478	0.94707197	1.0	False	blood	early	nucleotide_transformer
3391	-0.040418625	1.2388804	1.279299	-0.066243015	0.9472008	1.0	False	blood	early	nucleotide_transformer
1348	-0.018187746	0.24758072	0.26576847	-0.066235796	0.9472063	1.0	False	blood	early	nucleotide_transformer
76	-0.018141106	0.24781252	0.26595363	-0.06600714	0.9473883	1.0	False	blood	early	nucleotide_transformer
4326	-0.0402416	1.2389334	1.279175	-0.06595173	0.9474326	1.0	False	blood	early	nucleotide_transformer
782	-0.040198445	1.2384071	1.2786056	-0.06590909	0.94746655	1.0	False	blood	early	nucleotide_transformer
1722	-0.040207505	1.2388453	1.2790529	-0.0659008	0.94747317	1.0	False	blood	early	nucleotide_transformer
2582	-0.04016018	1.2383513	1.2785115	-0.065849654	0.9475138	1.0	False	blood	early	nucleotide_transformer
4343	-0.040127993	1.2387096	1.2788376	-0.0657783	0.9475706	1.0	False	blood	early	nucleotide_transformer
505	-0.04001212	1.2387012	1.2787133	-0.06558988	0.9477206	1.0	False	blood	early	nucleotide_transformer
4170	-0.039689183	1.2376992	1.2773883	-0.06511587	0.9480979	1.0	False	blood	early	nucleotide_transformer
920	-0.039595604	1.237847	1.2774426	-0.06495546	0.94822556	1.0	False	blood	early	nucleotide_transformer
181	-0.039535046	1.2382263	1.2777613	-0.06483694	0.9483199	1.0	False	blood	early	nucleotide_transformer
1412	-0.039528012	1.2380873	1.2776153	-0.06483275	0.94832325	1.0	False	blood	early	nucleotide_transformer
3729	-0.03952241	1.2382605	1.2777829	-0.06481452	0.9483378	1.0	False	blood	early	nucleotide_transformer
1948	-0.03915775	1.238606	1.2777637	-0.064202145	0.9488252	1.0	False	blood	early	nucleotide_transformer
4143	-0.039105535	1.2381923	1.2772979	-0.06413823	0.948876	1.0	False	blood	early	nucleotide_transformer
255	0.034145236	0.9925486	0.95840335	0.06279997	0.9499417	1.0	False	blood	early	nucleotide_transformer
2277	0.034007907	0.9919473	0.9579394	0.06258397	0.95011365	1.0	False	blood	early	nucleotide_transformer
1874	-0.038030386	1.2395838	1.2776142	-0.06231458	0.95032775	1.0	False	blood	early	nucleotide_transformer
2087	0.03385669	0.9917985	0.95794183	0.062313363	0.95032907	1.0	False	blood	early	nucleotide_transformer
263	0.03374356	0.9917705	0.95802695	0.062105644	0.95049447	1.0	False	blood	early	nucleotide_transformer
3687	0.033734977	0.9917675	0.95803255	0.062089942	0.950507	1.0	False	blood	early	nucleotide_transformer
1285	-0.037861943	1.2391133	1.2769753	-0.06206341	0.9505277	1.0	False	blood	early	nucleotide_transformer
2727	0.033711195	0.99181604	0.95810485	0.06204287	0.9505444	1.0	False	blood	early	nucleotide_transformer
2827	0.033628404	0.99170536	0.95807695	0.061896496	0.95066094	1.0	False	blood	early	nucleotide_transformer
2820	0.03349197	0.9914749	0.95798296	0.061658334	0.9508505	1.0	False	blood	early	nucleotide_transformer
2742	0.033436596	0.9914507	0.95801413	0.061557204	0.9509311	1.0	False	blood	early	nucleotide_transformer
590	0.03340727	0.99133545	0.9579282	0.06151014	0.9509685	1.0	False	blood	early	nucleotide_transformer
555	0.03339702	0.99161464	0.9582176	0.061473757	0.9509975	1.0	False	blood	early	nucleotide_transformer
4796	0.033361256	0.9918149	0.95845366	0.061395027	0.9510602	1.0	False	blood	early	nucleotide_transformer
1392	0.033333182	0.9910053	0.9576721	0.06139353	0.95106137	1.0	False	blood	early	nucleotide_transformer
2721	0.03331834	0.99150777	0.9581894	0.061334655	0.9511082	1.0	False	blood	early	nucleotide_transformer
668	0.03328806	0.9912463	0.9579582	0.061294857	0.95113987	1.0	False	blood	early	nucleotide_transformer
3858	0.033282757	0.9910998	0.957817	0.06129426	0.9511404	1.0	False	blood	early	nucleotide_transformer
3900	0.033287942	0.99129766	0.9580097	0.061291423	0.9511426	1.0	False	blood	early	nucleotide_transformer
339	0.0332582	0.9914128	0.9581546	0.06122918	0.9511922	1.0	False	blood	early	nucleotide_transformer
3559	0.03321612	0.99098766	0.95777154	0.06117774	0.95123315	1.0	False	blood	early	nucleotide_transformer
4463	0.033082843	0.991289	0.9582062	0.06091212	0.9514446	1.0	False	blood	early	nucleotide_transformer
2756	0.032998502	0.99153006	0.95853156	0.060741033	0.9515809	1.0	False	blood	early	nucleotide_transformer
335	0.032971382	0.99081886	0.9578475	0.060734745	0.9515858	1.0	False	blood	early	nucleotide_transformer
2817	0.03295964	0.9909966	0.95803696	0.06070205	0.9516119	1.0	False	blood	early	nucleotide_transformer
2312	0.03295833	0.99101454	0.9580562	0.060698565	0.9516147	1.0	False	blood	early	nucleotide_transformer
4740	0.03289759	0.99088275	0.95798516	0.06059407	0.9516978	1.0	False	blood	early	nucleotide_transformer
3850	0.032544732	0.9906757	0.95813096	0.059952985	0.9522082	1.0	False	blood	early	nucleotide_transformer
979	0.032401264	0.99052167	0.9581204	0.059696294	0.9524126	1.0	False	blood	early	nucleotide_transformer
4961	0.032310247	0.990608	0.9582977	0.059522495	0.952551	1.0	False	blood	early	nucleotide_transformer
1612	0.032164037	0.9905131	0.95834905	0.059257384	0.9527621	1.0	False	blood	early	nucleotide_transformer
313	0.03206128	0.9901833	0.958122	0.059086975	0.9528978	1.0	False	blood	early	nucleotide_transformer
3935	0.03197491	0.9904294	0.9584545	0.05891194	0.95303714	1.0	False	blood	early	nucleotide_transformer
2543	0.03197062	0.9903736	0.958403	0.058907337	0.95304084	1.0	False	blood	early	nucleotide_transformer
2205	0.0319466	0.99031496	0.95836836	0.058866292	0.9530735	1.0	False	blood	early	nucleotide_transformer
941	0.03182119	0.99009544	0.95827425	0.058646996	0.95324814	1.0	False	blood	early	nucleotide_transformer
137	0.03177178	0.9904863	0.95871454	0.058532204	0.9533395	1.0	False	blood	early	nucleotide_transformer
4585	0.03175944	0.99021584	0.9584564	0.058525443	0.9533449	1.0	False	blood	early	nucleotide_transformer
957	0.031744897	0.9902011	0.9584562	0.05849937	0.9533656	1.0	False	blood	early	nucleotide_transformer
3297	0.03169149	0.9903166	0.95862514	0.058393557	0.9534499	1.0	False	blood	early	nucleotide_transformer
2174	0.031684816	0.9904194	0.9587346	0.058375075	0.9534647	1.0	False	blood	early	nucleotide_transformer
2873	0.031622767	0.9898608	0.958238	0.058293153	0.9535299	1.0	False	blood	early	nucleotide_transformer
2982	0.031614304	0.9900162	0.9584019	0.058268286	0.9535497	1.0	False	blood	early	nucleotide_transformer
3454	0.031567454	0.9899915	0.95842403	0.058183055	0.9536175	1.0	False	blood	early	nucleotide_transformer
1301	0.031392097	0.9905003	0.9591082	0.0578279	0.95390034	1.0	False	blood	early	nucleotide_transformer
525	0.031276166	0.99032724	0.9590511	0.05762337	0.95406324	1.0	False	blood	early	nucleotide_transformer
1011	0.031071305	0.9897407	0.9586694	0.057277862	0.9543383	1.0	False	blood	early	nucleotide_transformer
4454	0.031009436	0.9897465	0.9587371	0.057162885	0.9544299	1.0	False	blood	early	nucleotide_transformer
64	0.03097856	0.98990875	0.9589302	0.057096217	0.954483	1.0	False	blood	early	nucleotide_transformer
930	0.03070718	0.989992	0.95928484	0.05658861	0.9548872	1.0	False	blood	early	nucleotide_transformer
2390	0.030610085	0.9893521	0.958742	0.056445345	0.9550013	1.0	False	blood	early	nucleotide_transformer
4528	0.030558169	0.9897796	0.9592214	0.056324676	0.95509744	1.0	False	blood	early	nucleotide_transformer
1866	0.03054595	0.98977274	0.9592268	0.056302413	0.95511514	1.0	False	blood	early	nucleotide_transformer
3105	0.030501008	0.98976976	0.95926875	0.056219168	0.9551814	1.0	False	blood	early	nucleotide_transformer
3188	0.030474901	0.9894102	0.9589353	0.056191403	0.95520353	1.0	False	blood	early	nucleotide_transformer
3298	0.030471802	0.98971564	0.95924383	0.056168243	0.95522195	1.0	False	blood	early	nucleotide_transformer
5062	0.030451	0.98920584	0.95875484	0.056158707	0.9552296	1.0	False	blood	early	nucleotide_transformer
1018	0.030418813	0.98911077	0.95869195	0.056104485	0.95527273	1.0	False	blood	early	nucleotide_transformer
4482	0.030420065	0.9896422	0.95922214	0.056076575	0.95529497	1.0	False	blood	early	nucleotide_transformer
2630	0.030397415	0.98928493	0.9588875	0.056054913	0.95531225	1.0	False	blood	early	nucleotide_transformer
1705	0.030189574	0.98941493	0.95922536	0.05566221	0.955625	1.0	False	blood	early	nucleotide_transformer
3634	-0.023747504	0.9896336	1.0133811	-0.04356307	0.9652635	1.0	False	blood	early	nucleotide_transformer
817	0.01676169	0.49608716	0.47932547	0.043529578	0.96529037	1.0	False	blood	early	nucleotide_transformer
4678	-0.023456097	0.9900515	1.0135076	-0.043012545	0.9657022	1.0	False	blood	early	nucleotide_transformer
4828	0.016503215	0.49529395	0.47879073	0.042923253	0.9657736	1.0	False	blood	early	nucleotide_transformer
1420	0.016451359	0.4951534	0.47870204	0.042799916	0.9658718	1.0	False	blood	early	nucleotide_transformer
579	0.016389132	0.4950772	0.47868806	0.04264378	0.9659963	1.0	False	blood	early	nucleotide_transformer
618	0.016343355	0.4950497	0.47870633	0.042526342	0.96608984	1.0	False	blood	early	nucleotide_transformer
1844	0.016314447	0.49505052	0.47873607	0.04245058	0.9661502	1.0	False	blood	early	nucleotide_transformer
517	0.01611948	0.4947088	0.47858933	0.041969344	0.9665337	1.0	False	blood	early	nucleotide_transformer
5048	0.016116321	0.4947051	0.4785888	0.04196139	0.96654004	1.0	False	blood	early	nucleotide_transformer
3407	-0.022868514	0.98963594	1.0125045	-0.041957054	0.9665433	1.0	False	blood	early	nucleotide_transformer
4861	-0.02264595	0.98955274	1.0121987	-0.041553732	0.96686476	1.0	False	blood	early	nucleotide_transformer
2502	0.015927315	0.49470368	0.47877637	0.041466657	0.9669344	1.0	False	blood	early	nucleotide_transformer
4152	0.015930027	0.4949527	0.47902268	0.041452818	0.96694535	1.0	False	blood	early	nucleotide_transformer
3602	-0.022572935	0.98970336	1.0122763	-0.041414075	0.96697605	1.0	False	blood	early	nucleotide_transformer
431	0.015856206	0.49492303	0.47906682	0.041262083	0.96709734	1.0	False	blood	early	nucleotide_transformer
5114	0.015844852	0.49472058	0.47887573	0.041249316	0.96710753	1.0	False	blood	early	nucleotide_transformer
1552	0.029525638	1.7337939	1.7042682	0.04116765	0.96717256	1.0	False	blood	early	nucleotide_transformer
3403	-0.022206306	0.99019396	1.0124003	-0.04072387	0.9675261	1.0	False	blood	early	nucleotide_transformer
1166	-0.022176981	0.989926	1.012103	-0.0406813	0.96756005	1.0	False	blood	early	nucleotide_transformer
1246	0.015604138	0.4948625	0.47925836	0.040607397	0.9676191	1.0	False	blood	early	nucleotide_transformer
5113	0.0155879855	0.49490428	0.4793163	0.040561687	0.96765554	1.0	False	blood	early	nucleotide_transformer
2267	-0.022117555	0.9903453	1.0124629	-0.040555596	0.9676602	1.0	False	blood	early	nucleotide_transformer
5089	-0.02211243	0.99013966	1.0122521	-0.040554654	0.96766096	1.0	False	blood	early	nucleotide_transformer
1427	-0.022099793	0.9897837	1.0118835	-0.04054603	0.9676678	1.0	False	blood	early	nucleotide_transformer
2830	-0.02209729	0.9897273	1.0118246	-0.040543765	0.96766967	1.0	False	blood	early	nucleotide_transformer
3338	-0.02207297	0.9900072	1.0120802	-0.040487934	0.9677142	1.0	False	blood	early	nucleotide_transformer
4883	0.015527785	0.49483645	0.47930866	0.04040973	0.96777666	1.0	False	blood	early	nucleotide_transformer
2844	-0.022002935	0.98939514	1.0113981	-0.040384904	0.9677963	1.0	False	blood	early	nucleotide_transformer
3471	-0.02196908	0.98993134	1.0119004	-0.04030119	0.967863	1.0	False	blood	early	nucleotide_transformer
1545	-0.021975994	0.99052	1.012496	-0.040290024	0.9678719	1.0	False	blood	early	nucleotide_transformer
3438	-0.021834016	0.99067867	1.0125127	-0.040024385	0.9680836	1.0	False	blood	early	nucleotide_transformer
2482	-0.02181238	0.99014086	1.0119532	-0.0400064	0.9680979	1.0	False	blood	early	nucleotide_transformer
346	-0.02178806	0.99020535	1.0119934	-0.03995936	0.9681354	1.0	False	blood	early	nucleotide_transformer
1403	-0.021766245	0.99002975	1.011796	-0.039926585	0.9681616	1.0	False	blood	early	nucleotide_transformer
4759	-0.021773994	0.99063593	1.0124099	-0.039916467	0.96816957	1.0	False	blood	early	nucleotide_transformer
1501	-0.021757424	0.99051744	1.0122749	-0.03989094	0.96818995	1.0	False	blood	early	nucleotide_transformer
58	-0.021707237	0.9904048	1.012112	-0.03980375	0.96825945	1.0	False	blood	early	nucleotide_transformer
2808	-0.02163446	0.99022436	1.0118588	-0.039677996	0.9683597	1.0	False	blood	early	nucleotide_transformer
695	-0.02155906	0.989909	1.011468	-0.039552864	0.9684594	1.0	False	blood	early	nucleotide_transformer
2474	-0.021418571	0.99099135	1.0124099	-0.039253306	0.9686982	1.0	False	blood	early	nucleotide_transformer
363	-0.021339655	0.99036515	1.0117048	-0.039133817	0.9687934	1.0	False	blood	early	nucleotide_transformer
75	-0.02133429	0.9904611	1.0117954	-0.039120268	0.9688042	1.0	False	blood	early	nucleotide_transformer
3739	-0.021289408	0.9901112	1.0114006	-0.039052088	0.96885854	1.0	False	blood	early	nucleotide_transformer
462	-0.021280766	0.9904667	1.0117475	-0.039022263	0.9688823	1.0	False	blood	early	nucleotide_transformer
1196	-0.021233559	0.9902692	1.0115027	-0.038943842	0.9689448	1.0	False	blood	early	nucleotide_transformer
3032	-0.021016777	0.99055654	1.0115733	-0.038536645	0.96926934	1.0	False	blood	early	nucleotide_transformer
1502	-0.020928323	0.9902616	1.0111899	-0.038386382	0.96938914	1.0	False	blood	early	nucleotide_transformer
4067	-0.020837188	0.99018896	1.0110261	-0.038222536	0.96951973	1.0	False	blood	early	nucleotide_transformer
671	-0.020771086	0.9907672	1.0115383	-0.038079612	0.96963364	1.0	False	blood	early	nucleotide_transformer
3231	-0.020746648	0.9903087	1.0110554	-0.038052414	0.96965533	1.0	False	blood	early	nucleotide_transformer
1749	-0.020620465	0.99111855	1.011739	-0.037791107	0.9698636	1.0	False	blood	early	nucleotide_transformer
405	-0.020492196	0.99111176	1.011604	-0.03755723	0.97005004	1.0	False	blood	early	nucleotide_transformer
1544	-0.020150721	0.99127454	1.0114253	-0.036927503	0.97055197	1.0	False	blood	early	nucleotide_transformer
2959	-0.020123899	0.990936	1.0110599	-0.036891114	0.970581	1.0	False	blood	early	nucleotide_transformer
3838	-0.020093262	0.9914505	1.0115438	-0.03681609	0.9706408	1.0	False	blood	early	nucleotide_transformer
1055	-0.019962251	0.9917782	1.0117404	-0.03656477	0.9708411	1.0	False	blood	early	nucleotide_transformer
2203	-0.019903302	0.99159956	1.0115029	-0.03646384	0.9709216	1.0	False	blood	early	nucleotide_transformer
1644	-0.019725442	0.9918976	1.011623	-0.036128286	0.971189	1.0	False	blood	early	nucleotide_transformer
651	-0.01964277	0.99133366	1.0109764	-0.03599777	0.9712931	1.0	False	blood	early	nucleotide_transformer
1609	-0.019638896	0.9916675	1.0113064	-0.035978604	0.97130835	1.0	False	blood	early	nucleotide_transformer
529	-0.019601226	0.9920099	1.0116111	-0.035897534	0.97137296	1.0	False	blood	early	nucleotide_transformer
2634	-0.019402385	0.9920566	1.011459	-0.03553296	0.9716636	1.0	False	blood	early	nucleotide_transformer
921	0.016658306	1.2410209	1.2243626	0.027371874	0.97817004	1.0	False	blood	early	nucleotide_transformer
603	0.01510179	1.2395334	1.2244316	0.024838544	0.98019	1.0	False	blood	early	nucleotide_transformer
826	0.014098406	1.2386032	1.2245048	0.023202414	0.98149467	1.0	False	blood	early	nucleotide_transformer
1641	0.013926029	1.2383205	1.2243944	0.022923404	0.9817171	1.0	False	blood	early	nucleotide_transformer
4019	0.013837934	1.2391366	1.2252986	0.022762934	0.9818451	1.0	False	blood	early	nucleotide_transformer
4074	0.0138139725	1.2381471	1.2243332	0.022741789	0.98186195	1.0	False	blood	early	nucleotide_transformer
1340	0.013792396	1.2379332	1.2241408	0.022710102	0.9818872	1.0	False	blood	early	nucleotide_transformer
1719	0.013651371	1.2379684	1.2243171	0.022476805	0.98207325	1.0	False	blood	early	nucleotide_transformer
495	0.013601303	1.2381486	1.2245473	0.022390982	0.9821417	1.0	False	blood	early	nucleotide_transformer
743	0.013571024	1.2382903	1.2247193	0.022338454	0.9821836	1.0	False	blood	early	nucleotide_transformer
653	0.013471484	1.2379856	1.2245141	0.02217976	0.9823101	1.0	False	blood	early	nucleotide_transformer
4929	0.013449073	1.2381324	1.2246833	0.022140177	0.98234165	1.0	False	blood	early	nucleotide_transformer
1284	0.013320327	1.2378224	1.2245021	0.021933319	0.98250663	1.0	False	blood	early	nucleotide_transformer
2383	0.013123393	1.2382681	1.2251447	0.021600641	0.98277193	1.0	False	blood	early	nucleotide_transformer
1575	0.013029695	1.2380166	1.2249869	0.021450495	0.9828917	1.0	False	blood	early	nucleotide_transformer
3655	0.012937665	1.2381071	1.2251694	0.021297153	0.9830139	1.0	False	blood	early	nucleotide_transformer
4492	0.012848139	1.2385241	1.225676	0.021142406	0.98313737	1.0	False	blood	early	nucleotide_transformer
2324	0.012839913	1.2384075	1.2255676	0.021130817	0.9831466	1.0	False	blood	early	nucleotide_transformer
2577	0.012820721	1.2381344	1.2253137	0.021103842	0.9831681	1.0	False	blood	early	nucleotide_transformer
2184	0.012824297	1.2386024	1.2257781	0.021101767	0.9831698	1.0	False	blood	early	nucleotide_transformer
5055	0.012718558	1.2377732	1.2250546	0.020941468	0.9832976	1.0	False	blood	early	nucleotide_transformer
83	0.012654543	1.239036	1.2263814	0.020814544	0.9833988	1.0	False	blood	early	nucleotide_transformer
4291	0.012607932	1.2379458	1.2253379	0.020756096	0.9834454	1.0	False	blood	early	nucleotide_transformer
3315	0.0125768185	1.2378205	1.2252437	0.02070689	0.9834847	1.0	False	blood	early	nucleotide_transformer
4427	0.012556434	1.238548	1.2259916	0.020661127	0.98352116	1.0	False	blood	early	nucleotide_transformer
4892	0.012525797	1.2383935	1.2258677	0.020613182	0.98355937	1.0	False	blood	early	nucleotide_transformer
3821	0.012359738	1.2378051	1.2254454	0.020349106	0.98377	1.0	False	blood	early	nucleotide_transformer
1747	0.01235199	1.237963	1.225611	0.020333722	0.9837823	1.0	False	blood	early	nucleotide_transformer
2681	0.012315989	1.2380773	1.2257613	0.02027249	0.9838311	1.0	False	blood	early	nucleotide_transformer
1623	0.012275815	1.238893	1.2266172	0.020192938	0.9838945	1.0	False	blood	early	nucleotide_transformer
1472	0.012158871	1.238077	1.2259182	0.020013435	0.9840377	1.0	False	blood	early	nucleotide_transformer
4985	0.012075305	1.2374656	1.2253903	0.019885441	0.9841397	1.0	False	blood	early	nucleotide_transformer
5003	0.012058258	1.2378472	1.225789	0.019851182	0.98416704	1.0	False	blood	early	nucleotide_transformer
772	0.012035966	1.2380666	1.2260306	0.019810937	0.9841991	1.0	False	blood	early	nucleotide_transformer
2669	0.012026787	1.2380064	1.2259796	0.019796783	0.98421043	1.0	False	blood	early	nucleotide_transformer
3351	0.011953831	1.2373581	1.2254043	0.019686759	0.98429817	1.0	False	blood	early	nucleotide_transformer
2713	0.01193881	1.2374479	1.225509	0.019660575	0.9843191	1.0	False	blood	early	nucleotide_transformer
2212	0.011780143	1.2380949	1.2263148	0.019388728	0.9845358	1.0	False	blood	early	nucleotide_transformer
3946	0.011706948	1.2370526	1.2253456	0.019284254	0.9846192	1.0	False	blood	early	nucleotide_transformer
3074	0.011416793	1.2376384	1.2262216	0.018796647	0.98500806	1.0	False	blood	early	nucleotide_transformer
1723	0.0108937025	1.2374278	1.2265341	0.01793711	0.9856935	1.0	False	blood	early	nucleotide_transformer
4248	-0.007178068	1.4854819	1.4926599	-0.010782963	0.9913993	1.0	False	blood	early	nucleotide_transformer
3715	-0.0071161985	1.4856994	1.4928156	-0.010688502	0.9914746	1.0	False	blood	early	nucleotide_transformer
3379	-0.0069372654	1.485853	1.4927902	-0.010418898	0.9916897	1.0	False	blood	early	nucleotide_transformer
4277	-0.006893158	1.485348	1.4922411	-0.010356245	0.99173963	1.0	False	blood	early	nucleotide_transformer
2944	-0.0067590475	1.4854392	1.4921982	-0.010154296	0.9919007	1.0	False	blood	early	nucleotide_transformer
3694	-0.00658381	1.4861429	1.4927267	-0.009886538	0.99211425	1.0	False	blood	early	nucleotide_transformer
2307	-0.0064427853	1.4863696	1.4928124	-0.009673453	0.99228424	1.0	False	blood	early	nucleotide_transformer
635	-0.003540635	0.7419719	0.74551255	-0.00750894	0.9940107	1.0	False	blood	early	nucleotide_transformer
2166	-0.0035244823	0.74219596	0.74572045	-0.007472464	0.9940398	1.0	False	blood	early	nucleotide_transformer
3399	-0.0033572316	0.7422781	0.74563533	-0.0071173627	0.994323	1.0	False	blood	early	nucleotide_transformer
449	-0.0032606125	0.742546	0.74580663	-0.006910202	0.99448824	1.0	False	blood	early	nucleotide_transformer
5025	-0.003238678	0.7423801	0.74561876	-0.0068652807	0.99452406	1.0	False	blood	early	nucleotide_transformer
1512	-0.0031957626	0.74204826	0.745244	-0.0067773983	0.99459416	1.0	False	blood	early	nucleotide_transformer
2016	-0.0031545758	0.7421391	0.7452937	-0.0066893	0.99466443	1.0	False	blood	early	nucleotide_transformer
4157	-0.0031172633	0.7423945	0.7455118	-0.00660797	0.99472934	1.0	False	blood	early	nucleotide_transformer
1646	-0.003106594	0.74223876	0.74534535	-0.006586748	0.9947462	1.0	False	blood	early	nucleotide_transformer
3039	-0.0030869246	0.74247074	0.74555767	-0.0065430356	0.9947811	1.0	False	blood	early	nucleotide_transformer
2525	-0.00308007	0.74251634	0.7455964	-0.006528119	0.994793	1.0	False	blood	early	nucleotide_transformer
3908	-0.0030500889	0.7421519	0.745202	-0.006467783	0.9948411	1.0	False	blood	early	nucleotide_transformer
3145	-0.003042996	0.74243456	0.74547756	-0.006450306	0.99485505	1.0	False	blood	early	nucleotide_transformer
146	-0.004258752	1.4869603	1.491219	-0.0063933665	0.99490047	1.0	False	blood	early	nucleotide_transformer
4776	-0.0029811263	0.74217945	0.7451606	-0.006321416	0.99495786	1.0	False	blood	early	nucleotide_transformer
3308	-0.0028310418	0.74201363	0.7448447	-0.0060047163	0.9952104	1.0	False	blood	early	nucleotide_transformer
2241	-0.0027719736	0.74193925	0.7447112	-0.005880133	0.99530977	1.0	False	blood	early	nucleotide_transformer
1671	-0.0037981272	1.4868962	1.4906943	-0.005702442	0.9954515	1.0	False	blood	early	nucleotide_transformer
4498	-0.00264889	0.7422552	0.7449041	-0.0056167888	0.9955199	1.0	False	blood	early	nucleotide_transformer
368	-0.002628386	0.74208313	0.7447115	-0.005574656	0.99555343	1.0	False	blood	early	nucleotide_transformer
1642	-0.002622068	0.74264914	0.7452712	-0.0055570095	0.99556756	1.0	False	blood	early	nucleotide_transformer
2992	-0.0025827289	0.74273133	0.74531406	-0.005473089	0.9956345	1.0	False	blood	early	nucleotide_transformer
4706	-0.0025547743	0.7422933	0.7448481	-0.005417068	0.99567914	1.0	False	blood	early	nucleotide_transformer
1439	-0.0025398135	0.74210215	0.74464196	-0.0053867754	0.99570334	1.0	False	blood	early	nucleotide_transformer
3590	-0.002522707	0.74285764	0.74538034	-0.0053450502	0.9957366	1.0	False	blood	early	nucleotide_transformer
3053	-0.0025125146	0.74242604	0.74493855	-0.005326566	0.9957513	1.0	False	blood	early	nucleotide_transformer
1275	-0.0022743344	0.74272853	0.74500287	-0.0048199343	0.99615544	1.0	False	blood	early	nucleotide_transformer
757	-0.002227664	0.74261516	0.7448428	-0.004721797	0.9962337	1.0	False	blood	early	nucleotide_transformer
4254	-0.00222373	0.7427202	0.7449439	-0.0047127977	0.9962409	1.0	False	blood	early	nucleotide_transformer
2890	-0.0020543933	0.7433021	0.7453565	-0.004350697	0.99652976	1.0	False	blood	early	nucleotide_transformer
4843	-0.0020099282	0.74290746	0.7449174	-0.004258824	0.996603	1.0	False	blood	early	nucleotide_transformer
3269	-0.0020035505	0.74325925	0.7452628	-0.0042433166	0.9966154	1.0	False	blood	early	nucleotide_transformer
3192	-0.001977861	0.7428319	0.74480975	-0.0041913316	0.99665684	1.0	False	blood	early	nucleotide_transformer
284	-0.0019561052	0.74320054	0.74515665	-0.0041432017	0.9966952	1.0	False	blood	early	nucleotide_transformer
2862	-0.0011883378	0.7438416	0.7450299	-0.002515282	0.9979937	1.0	False	blood	early	nucleotide_transformer
369	-0.0011565089	0.74382854	0.74498504	-0.0024479732	0.9980474	1.0	False	blood	early	nucleotide_transformer
7	0.0	0.0	0.0				False	blood	early	nucleotide_transformer
20	0.0	0.0	0.0				False	blood	early	nucleotide_transformer
31	0.0	0.0	0.0				False	blood	early	nucleotide_transformer
39	0.0	0.0	0.0				False	blood	early	nucleotide_transformer
50	0.0	0.0	0.0				False	blood	early	nucleotide_transformer
68	0.0	0.0	0.0				False	blood	early	nucleotide_transformer
72	0.0	0.0	0.0				False	blood	early	nucleotide_transformer
86	0.0	0.0	0.0				False	blood	early	nucleotide_transformer
92	0.0	0.0	0.0				False	blood	early	nucleotide_transformer
95	0.0	0.0	0.0				False	blood	early	nucleotide_transformer
107	0.0	0.0	0.0				False	blood	early	nucleotide_transformer
111	0.0	0.0	0.0				False	blood	early	nucleotide_transformer
121	0.0	0.0	0.0				False	blood	early	nucleotide_transformer
139	0.0	0.0	0.0				False	blood	early	nucleotide_transformer
140	0.0	0.0	0.0				False	blood	early	nucleotide_transformer
161	0.0	0.0	0.0				False	blood	early	nucleotide_transformer
168	0.0	0.0	0.0				False	blood	early	nucleotide_transformer
183	0.0	0.0	0.0				False	blood	early	nucleotide_transformer
195	0.0	0.0	0.0				False	blood	early	nucleotide_transformer
196	0.0	0.0	0.0				False	blood	early	nucleotide_transformer
209	0.0	0.0	0.0				False	blood	early	nucleotide_transformer
272	0.0	0.0	0.0				False	blood	early	nucleotide_transformer
291	0.0	0.0	0.0				False	blood	early	nucleotide_transformer
321	0.0	0.0	0.0				False	blood	early	nucleotide_transformer
342	0.0	0.0	0.0				False	blood	early	nucleotide_transformer
350	0.0	0.0	0.0				False	blood	early	nucleotide_transformer
353	0.0	0.0	0.0				False	blood	early	nucleotide_transformer
358	0.0	0.0	0.0				False	blood	early	nucleotide_transformer
361	0.0	0.0	0.0				False	blood	early	nucleotide_transformer
387	0.0	0.0	0.0				False	blood	early	nucleotide_transformer
399	0.0	0.0	0.0				False	blood	early	nucleotide_transformer
415	0.0	0.0	0.0				False	blood	early	nucleotide_transformer
423	0.0	0.0	0.0				False	blood	early	nucleotide_transformer
433	0.0	0.0	0.0				False	blood	early	nucleotide_transformer
434	0.0	0.0	0.0				False	blood	early	nucleotide_transformer
435	0.0	0.0	0.0				False	blood	early	nucleotide_transformer
442	0.0	0.0	0.0				False	blood	early	nucleotide_transformer
446	0.0	0.0	0.0				False	blood	early	nucleotide_transformer
483	0.0	0.0	0.0				False	blood	early	nucleotide_transformer
490	0.0	0.0	0.0				False	blood	early	nucleotide_transformer
512	0.0	0.0	0.0				False	blood	early	nucleotide_transformer
549	0.0	0.0	0.0				False	blood	early	nucleotide_transformer
571	0.0	0.0	0.0				False	blood	early	nucleotide_transformer
574	0.0	0.0	0.0				False	blood	early	nucleotide_transformer
575	0.0	0.0	0.0				False	blood	early	nucleotide_transformer
586	0.0	0.0	0.0				False	blood	early	nucleotide_transformer
587	0.0	0.0	0.0				False	blood	early	nucleotide_transformer
613	0.0	0.0	0.0				False	blood	early	nucleotide_transformer
630	0.0	0.0	0.0				False	blood	early	nucleotide_transformer
639	0.0	0.0	0.0				False	blood	early	nucleotide_transformer
643	0.0	0.0	0.0				False	blood	early	nucleotide_transformer
659	0.0	0.0	0.0				False	blood	early	nucleotide_transformer
661	0.0	0.0	0.0				False	blood	early	nucleotide_transformer
665	0.0	0.0	0.0				False	blood	early	nucleotide_transformer
679	0.0	0.0	0.0				False	blood	early	nucleotide_transformer
706	0.0	0.0	0.0				False	blood	early	nucleotide_transformer
715	0.0	0.0	0.0				False	blood	early	nucleotide_transformer
740	0.0	0.0	0.0				False	blood	early	nucleotide_transformer
760	0.0	0.0	0.0				False	blood	early	nucleotide_transformer
761	0.0	0.0	0.0				False	blood	early	nucleotide_transformer
773	0.0	0.0	0.0				False	blood	early	nucleotide_transformer
784	0.0	0.0	0.0				False	blood	early	nucleotide_transformer
801	0.0	0.0	0.0				False	blood	early	nucleotide_transformer
803	0.0	0.0	0.0				False	blood	early	nucleotide_transformer
811	0.0	0.0	0.0				False	blood	early	nucleotide_transformer
821	0.0	0.0	0.0				False	blood	early	nucleotide_transformer
828	0.0	0.0	0.0				False	blood	early	nucleotide_transformer
840	0.0	0.0	0.0				False	blood	early	nucleotide_transformer
843	0.0	0.0	0.0				False	blood	early	nucleotide_transformer
861	0.0	0.0	0.0				False	blood	early	nucleotide_transformer
862	0.0	0.0	0.0				False	blood	early	nucleotide_transformer
874	0.0	0.0	0.0				False	blood	early	nucleotide_transformer
885	0.0	0.0	0.0				False	blood	early	nucleotide_transformer
892	0.0	0.0	0.0				False	blood	early	nucleotide_transformer
909	0.0	0.0	0.0				False	blood	early	nucleotide_transformer
911	0.0	0.0	0.0				False	blood	early	nucleotide_transformer
915	0.0	0.0	0.0				False	blood	early	nucleotide_transformer
916	0.0	0.0	0.0				False	blood	early	nucleotide_transformer
938	0.0	0.0	0.0				False	blood	early	nucleotide_transformer
939	0.0	0.0	0.0				False	blood	early	nucleotide_transformer
942	0.0	0.0	0.0				False	blood	early	nucleotide_transformer
943	0.0	0.0	0.0				False	blood	early	nucleotide_transformer
952	0.0	0.0	0.0				False	blood	early	nucleotide_transformer
953	0.0	0.0	0.0				False	blood	early	nucleotide_transformer
961	0.0	0.0	0.0				False	blood	early	nucleotide_transformer
974	0.0	0.0	0.0				False	blood	early	nucleotide_transformer
984	0.0	0.0	0.0				False	blood	early	nucleotide_transformer
987	0.0	0.0	0.0				False	blood	early	nucleotide_transformer
993	0.0	0.0	0.0				False	blood	early	nucleotide_transformer
1015	0.0	0.0	0.0				False	blood	early	nucleotide_transformer
1020	0.0	0.0	0.0				False	blood	early	nucleotide_transformer
1037	0.0	0.0	0.0				False	blood	early	nucleotide_transformer
1047	0.0	0.0	0.0				False	blood	early	nucleotide_transformer
1053	0.0	0.0	0.0				False	blood	early	nucleotide_transformer
1057	0.0	0.0	0.0				False	blood	early	nucleotide_transformer
1078	0.0	0.0	0.0				False	blood	early	nucleotide_transformer
1089	0.0	0.0	0.0				False	blood	early	nucleotide_transformer
1094	0.0	0.0	0.0				False	blood	early	nucleotide_transformer
1096	0.0	0.0	0.0				False	blood	early	nucleotide_transformer
1102	0.0	0.0	0.0				False	blood	early	nucleotide_transformer
1107	0.0	0.0	0.0				False	blood	early	nucleotide_transformer
1115	0.0	0.0	0.0				False	blood	early	nucleotide_transformer
1127	0.0	0.0	0.0				False	blood	early	nucleotide_transformer
1129	0.0	0.0	0.0				False	blood	early	nucleotide_transformer
1130	0.0	0.0	0.0				False	blood	early	nucleotide_transformer
1146	0.0	0.0	0.0				False	blood	early	nucleotide_transformer
1163	0.0	0.0	0.0				False	blood	early	nucleotide_transformer
1168	0.0	0.0	0.0				False	blood	early	nucleotide_transformer
1170	0.0	0.0	0.0				False	blood	early	nucleotide_transformer
1175	0.0	0.0	0.0				False	blood	early	nucleotide_transformer
1183	0.0	0.0	0.0				False	blood	early	nucleotide_transformer
1191	0.0	0.0	0.0				False	blood	early	nucleotide_transformer
1213	0.0	0.0	0.0				False	blood	early	nucleotide_transformer
1222	0.0	0.0	0.0				False	blood	early	nucleotide_transformer
1225	0.0	0.0	0.0				False	blood	early	nucleotide_transformer
1255	0.0	0.0	0.0				False	blood	early	nucleotide_transformer
1262	0.0	0.0	0.0				False	blood	early	nucleotide_transformer
1271	0.0	0.0	0.0				False	blood	early	nucleotide_transformer
1280	0.0	0.0	0.0				False	blood	early	nucleotide_transformer
1286	0.0	0.0	0.0				False	blood	early	nucleotide_transformer
1295	0.0	0.0	0.0				False	blood	early	nucleotide_transformer
1311	0.0	0.0	0.0				False	blood	early	nucleotide_transformer
1337	0.0	0.0	0.0				False	blood	early	nucleotide_transformer
1343	0.0	0.0	0.0				False	blood	early	nucleotide_transformer
1349	0.0	0.0	0.0				False	blood	early	nucleotide_transformer
1372	0.0	0.0	0.0				False	blood	early	nucleotide_transformer
1375	0.0	0.0	0.0				False	blood	early	nucleotide_transformer
1377	0.0	0.0	0.0				False	blood	early	nucleotide_transformer
1382	0.0	0.0	0.0				False	blood	early	nucleotide_transformer
1390	0.0	0.0	0.0				False	blood	early	nucleotide_transformer
1406	0.0	0.0	0.0				False	blood	early	nucleotide_transformer
1409	0.0	0.0	0.0				False	blood	early	nucleotide_transformer
1417	0.0	0.0	0.0				False	blood	early	nucleotide_transformer
1428	0.0	0.0	0.0				False	blood	early	nucleotide_transformer
1433	0.0	0.0	0.0				False	blood	early	nucleotide_transformer
1447	0.0	0.0	0.0				False	blood	early	nucleotide_transformer
1456	0.0	0.0	0.0				False	blood	early	nucleotide_transformer
1460	0.0	0.0	0.0				False	blood	early	nucleotide_transformer
1474	0.0	0.0	0.0				False	blood	early	nucleotide_transformer
1528	0.0	0.0	0.0				False	blood	early	nucleotide_transformer
1530	0.0	0.0	0.0				False	blood	early	nucleotide_transformer
1560	0.0	0.0	0.0				False	blood	early	nucleotide_transformer
1566	0.0	0.0	0.0				False	blood	early	nucleotide_transformer
1568	0.0	0.0	0.0				False	blood	early	nucleotide_transformer
1569	0.0	0.0	0.0				False	blood	early	nucleotide_transformer
1570	0.0	0.0	0.0				False	blood	early	nucleotide_transformer
1571	0.0	0.0	0.0				False	blood	early	nucleotide_transformer
1581	0.0	0.0	0.0				False	blood	early	nucleotide_transformer
1604	0.0	0.0	0.0				False	blood	early	nucleotide_transformer
1608	0.0	0.0	0.0				False	blood	early	nucleotide_transformer
1610	0.0	0.0	0.0				False	blood	early	nucleotide_transformer
1611	0.0	0.0	0.0				False	blood	early	nucleotide_transformer
1613	0.0	0.0	0.0				False	blood	early	nucleotide_transformer
1614	0.0	0.0	0.0				False	blood	early	nucleotide_transformer
1636	0.0	0.0	0.0				False	blood	early	nucleotide_transformer
1637	0.0	0.0	0.0				False	blood	early	nucleotide_transformer
1640	0.0	0.0	0.0				False	blood	early	nucleotide_transformer
1643	0.0	0.0	0.0				False	blood	early	nucleotide_transformer
1655	0.0	0.0	0.0				False	blood	early	nucleotide_transformer
1666	0.0	0.0	0.0				False	blood	early	nucleotide_transformer
1689	0.0	0.0	0.0				False	blood	early	nucleotide_transformer
1700	0.0	0.0	0.0				False	blood	early	nucleotide_transformer
1701	0.0	0.0	0.0				False	blood	early	nucleotide_transformer
1703	0.0	0.0	0.0				False	blood	early	nucleotide_transformer
1713	0.0	0.0	0.0				False	blood	early	nucleotide_transformer
1716	0.0	0.0	0.0				False	blood	early	nucleotide_transformer
1756	0.0	0.0	0.0				False	blood	early	nucleotide_transformer
1758	0.0	0.0	0.0				False	blood	early	nucleotide_transformer
1774	0.0	0.0	0.0				False	blood	early	nucleotide_transformer
1791	0.0	0.0	0.0				False	blood	early	nucleotide_transformer
1792	0.0	0.0	0.0				False	blood	early	nucleotide_transformer
1793	0.0	0.0	0.0				False	blood	early	nucleotide_transformer
1807	0.0	0.0	0.0				False	blood	early	nucleotide_transformer
1811	0.0	0.0	0.0				False	blood	early	nucleotide_transformer
1812	0.0	0.0	0.0				False	blood	early	nucleotide_transformer
1816	0.0	0.0	0.0				False	blood	early	nucleotide_transformer
1824	0.0	0.0	0.0				False	blood	early	nucleotide_transformer
1825	0.0	0.0	0.0				False	blood	early	nucleotide_transformer
1831	0.0	0.0	0.0				False	blood	early	nucleotide_transformer
1839	0.0	0.0	0.0				False	blood	early	nucleotide_transformer
1840	0.0	0.0	0.0				False	blood	early	nucleotide_transformer
1851	0.0	0.0	0.0				False	blood	early	nucleotide_transformer
1853	0.0	0.0	0.0				False	blood	early	nucleotide_transformer
1895	0.0	0.0	0.0				False	blood	early	nucleotide_transformer
1918	0.0	0.0	0.0				False	blood	early	nucleotide_transformer
1929	0.0	0.0	0.0				False	blood	early	nucleotide_transformer
1931	0.0	0.0	0.0				False	blood	early	nucleotide_transformer
1937	0.0	0.0	0.0				False	blood	early	nucleotide_transformer
1944	0.0	0.0	0.0				False	blood	early	nucleotide_transformer
1951	0.0	0.0	0.0				False	blood	early	nucleotide_transformer
1978	0.0	0.0	0.0				False	blood	early	nucleotide_transformer
1988	0.0	0.0	0.0				False	blood	early	nucleotide_transformer
1992	0.0	0.0	0.0				False	blood	early	nucleotide_transformer
2009	0.0	0.0	0.0				False	blood	early	nucleotide_transformer
2024	0.0	0.0	0.0				False	blood	early	nucleotide_transformer
2046	0.0	0.0	0.0				False	blood	early	nucleotide_transformer
2071	0.0	0.0	0.0				False	blood	early	nucleotide_transformer
2072	0.0	0.0	0.0				False	blood	early	nucleotide_transformer
2089	0.0	0.0	0.0				False	blood	early	nucleotide_transformer
2090	0.0	0.0	0.0				False	blood	early	nucleotide_transformer
2096	0.0	0.0	0.0				False	blood	early	nucleotide_transformer
2102	0.0	0.0	0.0				False	blood	early	nucleotide_transformer
2108	0.0	0.0	0.0				False	blood	early	nucleotide_transformer
2114	0.0	0.0	0.0				False	blood	early	nucleotide_transformer
2135	0.0	0.0	0.0				False	blood	early	nucleotide_transformer
2149	0.0	0.0	0.0				False	blood	early	nucleotide_transformer
2162	0.0	0.0	0.0				False	blood	early	nucleotide_transformer
2168	0.0	0.0	0.0				False	blood	early	nucleotide_transformer
2170	0.0	0.0	0.0				False	blood	early	nucleotide_transformer
2176	0.0	0.0	0.0				False	blood	early	nucleotide_transformer
2177	0.0	0.0	0.0				False	blood	early	nucleotide_transformer
2191	0.0	0.0	0.0				False	blood	early	nucleotide_transformer
2217	0.0	0.0	0.0				False	blood	early	nucleotide_transformer
2218	0.0	0.0	0.0				False	blood	early	nucleotide_transformer
2226	0.0	0.0	0.0				False	blood	early	nucleotide_transformer
2237	0.0	0.0	0.0				False	blood	early	nucleotide_transformer
2238	0.0	0.0	0.0				False	blood	early	nucleotide_transformer
2243	0.0	0.0	0.0				False	blood	early	nucleotide_transformer
2246	0.0	0.0	0.0				False	blood	early	nucleotide_transformer
2247	0.0	0.0	0.0				False	blood	early	nucleotide_transformer
2250	0.0	0.0	0.0				False	blood	early	nucleotide_transformer
2255	0.0	0.0	0.0				False	blood	early	nucleotide_transformer
2257	0.0	0.0	0.0				False	blood	early	nucleotide_transformer
2271	0.0	0.0	0.0				False	blood	early	nucleotide_transformer
2275	0.0	0.0	0.0				False	blood	early	nucleotide_transformer
2278	0.0	0.0	0.0				False	blood	early	nucleotide_transformer
2280	0.0	0.0	0.0				False	blood	early	nucleotide_transformer
2282	0.0	0.0	0.0				False	blood	early	nucleotide_transformer
2288	0.0	0.0	0.0				False	blood	early	nucleotide_transformer
2296	0.0	0.0	0.0				False	blood	early	nucleotide_transformer
2299	0.0	0.0	0.0				False	blood	early	nucleotide_transformer
2308	0.0	0.0	0.0				False	blood	early	nucleotide_transformer
2309	0.0	0.0	0.0				False	blood	early	nucleotide_transformer
2316	0.0	0.0	0.0				False	blood	early	nucleotide_transformer
2318	0.0	0.0	0.0				False	blood	early	nucleotide_transformer
2325	0.0	0.0	0.0				False	blood	early	nucleotide_transformer
2326	0.0	0.0	0.0				False	blood	early	nucleotide_transformer
2335	0.0	0.0	0.0				False	blood	early	nucleotide_transformer
2337	0.0	0.0	0.0				False	blood	early	nucleotide_transformer
2348	0.0	0.0	0.0				False	blood	early	nucleotide_transformer
2349	0.0	0.0	0.0				False	blood	early	nucleotide_transformer
2360	0.0	0.0	0.0				False	blood	early	nucleotide_transformer
2362	0.0	0.0	0.0				False	blood	early	nucleotide_transformer
2370	0.0	0.0	0.0				False	blood	early	nucleotide_transformer
2385	0.0	0.0	0.0				False	blood	early	nucleotide_transformer
2389	0.0	0.0	0.0				False	blood	early	nucleotide_transformer
2391	0.0	0.0	0.0				False	blood	early	nucleotide_transformer
2408	0.0	0.0	0.0				False	blood	early	nucleotide_transformer
2409	0.0	0.0	0.0				False	blood	early	nucleotide_transformer
2416	0.0	0.0	0.0				False	blood	early	nucleotide_transformer
2429	0.0	0.0	0.0				False	blood	early	nucleotide_transformer
2437	0.0	0.0	0.0				False	blood	early	nucleotide_transformer
2439	0.0	0.0	0.0				False	blood	early	nucleotide_transformer
2442	0.0	0.0	0.0				False	blood	early	nucleotide_transformer
2449	0.0	0.0	0.0				False	blood	early	nucleotide_transformer
2483	0.0	0.0	0.0				False	blood	early	nucleotide_transformer
2484	0.0	0.0	0.0				False	blood	early	nucleotide_transformer
2487	0.0	0.0	0.0				False	blood	early	nucleotide_transformer
2494	0.0	0.0	0.0				False	blood	early	nucleotide_transformer
2516	0.0	0.0	0.0				False	blood	early	nucleotide_transformer
2522	0.0	0.0	0.0				False	blood	early	nucleotide_transformer
2523	0.0	0.0	0.0				False	blood	early	nucleotide_transformer
2536	0.0	0.0	0.0				False	blood	early	nucleotide_transformer
2542	0.0	0.0	0.0				False	blood	early	nucleotide_transformer
2549	0.0	0.0	0.0				False	blood	early	nucleotide_transformer
2551	0.0	0.0	0.0				False	blood	early	nucleotide_transformer
2557	0.0	0.0	0.0				False	blood	early	nucleotide_transformer
2561	0.0	0.0	0.0				False	blood	early	nucleotide_transformer
2564	0.0	0.0	0.0				False	blood	early	nucleotide_transformer
2570	0.0	0.0	0.0				False	blood	early	nucleotide_transformer
2583	0.0	0.0	0.0				False	blood	early	nucleotide_transformer
2584	0.0	0.0	0.0				False	blood	early	nucleotide_transformer
2589	0.0	0.0	0.0				False	blood	early	nucleotide_transformer
2597	0.0	0.0	0.0				False	blood	early	nucleotide_transformer
2611	0.0	0.0	0.0				False	blood	early	nucleotide_transformer
2632	0.0	0.0	0.0				False	blood	early	nucleotide_transformer
2639	0.0	0.0	0.0				False	blood	early	nucleotide_transformer
2653	0.0	0.0	0.0				False	blood	early	nucleotide_transformer
2663	0.0	0.0	0.0				False	blood	early	nucleotide_transformer
2675	0.0	0.0	0.0				False	blood	early	nucleotide_transformer
2680	0.0	0.0	0.0				False	blood	early	nucleotide_transformer
2691	0.0	0.0	0.0				False	blood	early	nucleotide_transformer
2704	0.0	0.0	0.0				False	blood	early	nucleotide_transformer
2708	0.0	0.0	0.0				False	blood	early	nucleotide_transformer
2711	0.0	0.0	0.0				False	blood	early	nucleotide_transformer
2732	0.0	0.0	0.0				False	blood	early	nucleotide_transformer
2734	0.0	0.0	0.0				False	blood	early	nucleotide_transformer
2743	0.0	0.0	0.0				False	blood	early	nucleotide_transformer
2744	0.0	0.0	0.0				False	blood	early	nucleotide_transformer
2758	0.0	0.0	0.0				False	blood	early	nucleotide_transformer
2759	0.0	0.0	0.0				False	blood	early	nucleotide_transformer
2766	0.0	0.0	0.0				False	blood	early	nucleotide_transformer
2770	0.0	0.0	0.0				False	blood	early	nucleotide_transformer
2771	0.0	0.0	0.0				False	blood	early	nucleotide_transformer
2774	0.0	0.0	0.0				False	blood	early	nucleotide_transformer
2799	0.0	0.0	0.0				False	blood	early	nucleotide_transformer
2828	0.0	0.0	0.0				False	blood	early	nucleotide_transformer
2845	0.0	0.0	0.0				False	blood	early	nucleotide_transformer
2856	0.0	0.0	0.0				False	blood	early	nucleotide_transformer
2875	0.0	0.0	0.0				False	blood	early	nucleotide_transformer
2876	0.0	0.0	0.0				False	blood	early	nucleotide_transformer
2879	0.0	0.0	0.0				False	blood	early	nucleotide_transformer
2895	0.0	0.0	0.0				False	blood	early	nucleotide_transformer
2900	0.0	0.0	0.0				False	blood	early	nucleotide_transformer
2903	0.0	0.0	0.0				False	blood	early	nucleotide_transformer
2907	0.0	0.0	0.0				False	blood	early	nucleotide_transformer
2930	0.0	0.0	0.0				False	blood	early	nucleotide_transformer
2943	0.0	0.0	0.0				False	blood	early	nucleotide_transformer
2960	0.0	0.0	0.0				False	blood	early	nucleotide_transformer
2963	0.0	0.0	0.0				False	blood	early	nucleotide_transformer
2970	0.0	0.0	0.0				False	blood	early	nucleotide_transformer
2973	0.0	0.0	0.0				False	blood	early	nucleotide_transformer
2994	0.0	0.0	0.0				False	blood	early	nucleotide_transformer
2997	0.0	0.0	0.0				False	blood	early	nucleotide_transformer
3013	0.0	0.0	0.0				False	blood	early	nucleotide_transformer
3025	0.0	0.0	0.0				False	blood	early	nucleotide_transformer
3035	0.0	0.0	0.0				False	blood	early	nucleotide_transformer
3043	0.0	0.0	0.0				False	blood	early	nucleotide_transformer
3054	0.0	0.0	0.0				False	blood	early	nucleotide_transformer
3055	0.0	0.0	0.0				False	blood	early	nucleotide_transformer
3068	0.0	0.0	0.0				False	blood	early	nucleotide_transformer
3072	0.0	0.0	0.0				False	blood	early	nucleotide_transformer
3073	0.0	0.0	0.0				False	blood	early	nucleotide_transformer
3077	0.0	0.0	0.0				False	blood	early	nucleotide_transformer
3079	0.0	0.0	0.0				False	blood	early	nucleotide_transformer
3080	0.0	0.0	0.0				False	blood	early	nucleotide_transformer
3092	0.0	0.0	0.0				False	blood	early	nucleotide_transformer
3093	0.0	0.0	0.0				False	blood	early	nucleotide_transformer
3101	0.0	0.0	0.0				False	blood	early	nucleotide_transformer
3138	0.0	0.0	0.0				False	blood	early	nucleotide_transformer
3143	0.0	0.0	0.0				False	blood	early	nucleotide_transformer
3147	0.0	0.0	0.0				False	blood	early	nucleotide_transformer
3169	0.0	0.0	0.0				False	blood	early	nucleotide_transformer
3182	0.0	0.0	0.0				False	blood	early	nucleotide_transformer
3194	0.0	0.0	0.0				False	blood	early	nucleotide_transformer
3203	0.0	0.0	0.0				False	blood	early	nucleotide_transformer
3223	0.0	0.0	0.0				False	blood	early	nucleotide_transformer
3228	0.0	0.0	0.0				False	blood	early	nucleotide_transformer
3238	0.0	0.0	0.0				False	blood	early	nucleotide_transformer
3244	0.0	0.0	0.0				False	blood	early	nucleotide_transformer
3247	0.0	0.0	0.0				False	blood	early	nucleotide_transformer
3249	0.0	0.0	0.0				False	blood	early	nucleotide_transformer
3264	0.0	0.0	0.0				False	blood	early	nucleotide_transformer
3279	0.0	0.0	0.0				False	blood	early	nucleotide_transformer
3280	0.0	0.0	0.0				False	blood	early	nucleotide_transformer
3291	0.0	0.0	0.0				False	blood	early	nucleotide_transformer
3299	0.0	0.0	0.0				False	blood	early	nucleotide_transformer
3343	0.0	0.0	0.0				False	blood	early	nucleotide_transformer
3367	0.0	0.0	0.0				False	blood	early	nucleotide_transformer
3374	0.0	0.0	0.0				False	blood	early	nucleotide_transformer
3388	0.0	0.0	0.0				False	blood	early	nucleotide_transformer
3394	0.0	0.0	0.0				False	blood	early	nucleotide_transformer
3417	0.0	0.0	0.0				False	blood	early	nucleotide_transformer
3422	0.0	0.0	0.0				False	blood	early	nucleotide_transformer
3430	0.0	0.0	0.0				False	blood	early	nucleotide_transformer
3431	0.0	0.0	0.0				False	blood	early	nucleotide_transformer
3435	0.0	0.0	0.0				False	blood	early	nucleotide_transformer
3455	0.0	0.0	0.0				False	blood	early	nucleotide_transformer
3461	0.0	0.0	0.0				False	blood	early	nucleotide_transformer
3469	0.0	0.0	0.0				False	blood	early	nucleotide_transformer
3475	0.0	0.0	0.0				False	blood	early	nucleotide_transformer
3476	0.0	0.0	0.0				False	blood	early	nucleotide_transformer
3482	0.0	0.0	0.0				False	blood	early	nucleotide_transformer
3486	0.0	0.0	0.0				False	blood	early	nucleotide_transformer
3489	0.0	0.0	0.0				False	blood	early	nucleotide_transformer
3492	0.0	0.0	0.0				False	blood	early	nucleotide_transformer
3499	0.0	0.0	0.0				False	blood	early	nucleotide_transformer
3500	0.0	0.0	0.0				False	blood	early	nucleotide_transformer
3511	0.0	0.0	0.0				False	blood	early	nucleotide_transformer
3529	0.0	0.0	0.0				False	blood	early	nucleotide_transformer
3543	0.0	0.0	0.0				False	blood	early	nucleotide_transformer
3552	0.0	0.0	0.0				False	blood	early	nucleotide_transformer
3563	0.0	0.0	0.0				False	blood	early	nucleotide_transformer
3566	0.0	0.0	0.0				False	blood	early	nucleotide_transformer
3599	0.0	0.0	0.0				False	blood	early	nucleotide_transformer
3600	0.0	0.0	0.0				False	blood	early	nucleotide_transformer
3612	0.0	0.0	0.0				False	blood	early	nucleotide_transformer
3622	0.0	0.0	0.0				False	blood	early	nucleotide_transformer
3626	0.0	0.0	0.0				False	blood	early	nucleotide_transformer
3630	0.0	0.0	0.0				False	blood	early	nucleotide_transformer
3645	0.0	0.0	0.0				False	blood	early	nucleotide_transformer
3653	0.0	0.0	0.0				False	blood	early	nucleotide_transformer
3663	0.0	0.0	0.0				False	blood	early	nucleotide_transformer
3667	0.0	0.0	0.0				False	blood	early	nucleotide_transformer
3669	0.0	0.0	0.0				False	blood	early	nucleotide_transformer
3677	0.0	0.0	0.0				False	blood	early	nucleotide_transformer
3678	0.0	0.0	0.0				False	blood	early	nucleotide_transformer
3691	0.0	0.0	0.0				False	blood	early	nucleotide_transformer
3699	0.0	0.0	0.0				False	blood	early	nucleotide_transformer
3705	0.0	0.0	0.0				False	blood	early	nucleotide_transformer
3706	0.0	0.0	0.0				False	blood	early	nucleotide_transformer
3709	0.0	0.0	0.0				False	blood	early	nucleotide_transformer
3726	0.0	0.0	0.0				False	blood	early	nucleotide_transformer
3733	0.0	0.0	0.0				False	blood	early	nucleotide_transformer
3740	0.0	0.0	0.0				False	blood	early	nucleotide_transformer
3747	0.0	0.0	0.0				False	blood	early	nucleotide_transformer
3755	0.0	0.0	0.0				False	blood	early	nucleotide_transformer
3766	0.0	0.0	0.0				False	blood	early	nucleotide_transformer
3767	0.0	0.0	0.0				False	blood	early	nucleotide_transformer
3785	0.0	0.0	0.0				False	blood	early	nucleotide_transformer
3788	0.0	0.0	0.0				False	blood	early	nucleotide_transformer
3796	0.0	0.0	0.0				False	blood	early	nucleotide_transformer
3798	0.0	0.0	0.0				False	blood	early	nucleotide_transformer
3802	0.0	0.0	0.0				False	blood	early	nucleotide_transformer
3807	0.0	0.0	0.0				False	blood	early	nucleotide_transformer
3827	0.0	0.0	0.0				False	blood	early	nucleotide_transformer
3828	0.0	0.0	0.0				False	blood	early	nucleotide_transformer
3833	0.0	0.0	0.0				False	blood	early	nucleotide_transformer
3848	0.0	0.0	0.0				False	blood	early	nucleotide_transformer
3863	0.0	0.0	0.0				False	blood	early	nucleotide_transformer
3884	0.0	0.0	0.0				False	blood	early	nucleotide_transformer
3888	0.0	0.0	0.0				False	blood	early	nucleotide_transformer
3889	0.0	0.0	0.0				False	blood	early	nucleotide_transformer
3897	0.0	0.0	0.0				False	blood	early	nucleotide_transformer
3913	0.0	0.0	0.0				False	blood	early	nucleotide_transformer
3926	0.0	0.0	0.0				False	blood	early	nucleotide_transformer
3947	0.0	0.0	0.0				False	blood	early	nucleotide_transformer
3949	0.0	0.0	0.0				False	blood	early	nucleotide_transformer
3953	0.0	0.0	0.0				False	blood	early	nucleotide_transformer
3959	0.0	0.0	0.0				False	blood	early	nucleotide_transformer
3970	0.0	0.0	0.0				False	blood	early	nucleotide_transformer
3976	0.0	0.0	0.0				False	blood	early	nucleotide_transformer
3984	0.0	0.0	0.0				False	blood	early	nucleotide_transformer
4000	0.0	0.0	0.0				False	blood	early	nucleotide_transformer
4007	0.0	0.0	0.0				False	blood	early	nucleotide_transformer
4017	0.0	0.0	0.0				False	blood	early	nucleotide_transformer
4030	0.0	0.0	0.0				False	blood	early	nucleotide_transformer
4033	0.0	0.0	0.0				False	blood	early	nucleotide_transformer
4039	0.0	0.0	0.0				False	blood	early	nucleotide_transformer
4041	0.0	0.0	0.0				False	blood	early	nucleotide_transformer
4047	0.0	0.0	0.0				False	blood	early	nucleotide_transformer
4055	0.0	0.0	0.0				False	blood	early	nucleotide_transformer
4069	0.0	0.0	0.0				False	blood	early	nucleotide_transformer
4076	0.0	0.0	0.0				False	blood	early	nucleotide_transformer
4089	0.0	0.0	0.0				False	blood	early	nucleotide_transformer
4091	0.0	0.0	0.0				False	blood	early	nucleotide_transformer
4092	0.0	0.0	0.0				False	blood	early	nucleotide_transformer
4131	0.0	0.0	0.0				False	blood	early	nucleotide_transformer
4144	0.0	0.0	0.0				False	blood	early	nucleotide_transformer
4150	0.0	0.0	0.0				False	blood	early	nucleotide_transformer
4162	0.0	0.0	0.0				False	blood	early	nucleotide_transformer
4183	0.0	0.0	0.0				False	blood	early	nucleotide_transformer
4184	0.0	0.0	0.0				False	blood	early	nucleotide_transformer
4188	0.0	0.0	0.0				False	blood	early	nucleotide_transformer
4196	0.0	0.0	0.0				False	blood	early	nucleotide_transformer
4200	0.0	0.0	0.0				False	blood	early	nucleotide_transformer
4204	0.0	0.0	0.0				False	blood	early	nucleotide_transformer
4207	0.0	0.0	0.0				False	blood	early	nucleotide_transformer
4212	0.0	0.0	0.0				False	blood	early	nucleotide_transformer
4222	0.0	0.0	0.0				False	blood	early	nucleotide_transformer
4227	0.0	0.0	0.0				False	blood	early	nucleotide_transformer
4235	0.0	0.0	0.0				False	blood	early	nucleotide_transformer
4237	0.0	0.0	0.0				False	blood	early	nucleotide_transformer
4247	0.0	0.0	0.0				False	blood	early	nucleotide_transformer
4265	0.0	0.0	0.0				False	blood	early	nucleotide_transformer
4273	0.0	0.0	0.0				False	blood	early	nucleotide_transformer
4275	0.0	0.0	0.0				False	blood	early	nucleotide_transformer
4302	0.0	0.0	0.0				False	blood	early	nucleotide_transformer
4303	0.0	0.0	0.0				False	blood	early	nucleotide_transformer
4307	0.0	0.0	0.0				False	blood	early	nucleotide_transformer
4312	0.0	0.0	0.0				False	blood	early	nucleotide_transformer
4323	0.0	0.0	0.0				False	blood	early	nucleotide_transformer
4330	0.0	0.0	0.0				False	blood	early	nucleotide_transformer
4335	0.0	0.0	0.0				False	blood	early	nucleotide_transformer
4337	0.0	0.0	0.0				False	blood	early	nucleotide_transformer
4377	0.0	0.0	0.0				False	blood	early	nucleotide_transformer
4379	0.0	0.0	0.0				False	blood	early	nucleotide_transformer
4380	0.0	0.0	0.0				False	blood	early	nucleotide_transformer
4408	0.0	0.0	0.0				False	blood	early	nucleotide_transformer
4415	0.0	0.0	0.0				False	blood	early	nucleotide_transformer
4429	0.0	0.0	0.0				False	blood	early	nucleotide_transformer
4434	0.0	0.0	0.0				False	blood	early	nucleotide_transformer
4435	0.0	0.0	0.0				False	blood	early	nucleotide_transformer
4437	0.0	0.0	0.0				False	blood	early	nucleotide_transformer
4470	0.0	0.0	0.0				False	blood	early	nucleotide_transformer
4478	0.0	0.0	0.0				False	blood	early	nucleotide_transformer
4480	0.0	0.0	0.0				False	blood	early	nucleotide_transformer
4490	0.0	0.0	0.0				False	blood	early	nucleotide_transformer
4497	0.0	0.0	0.0				False	blood	early	nucleotide_transformer
4501	0.0	0.0	0.0				False	blood	early	nucleotide_transformer
4510	0.0	0.0	0.0				False	blood	early	nucleotide_transformer
4547	0.0	0.0	0.0				False	blood	early	nucleotide_transformer
4549	0.0	0.0	0.0				False	blood	early	nucleotide_transformer
4583	0.0	0.0	0.0				False	blood	early	nucleotide_transformer
4584	0.0	0.0	0.0				False	blood	early	nucleotide_transformer
4586	0.0	0.0	0.0				False	blood	early	nucleotide_transformer
4592	0.0	0.0	0.0				False	blood	early	nucleotide_transformer
4611	0.0	0.0	0.0				False	blood	early	nucleotide_transformer
4632	0.0	0.0	0.0				False	blood	early	nucleotide_transformer
4667	0.0	0.0	0.0				False	blood	early	nucleotide_transformer
4699	0.0	0.0	0.0				False	blood	early	nucleotide_transformer
4713	0.0	0.0	0.0				False	blood	early	nucleotide_transformer
4717	0.0	0.0	0.0				False	blood	early	nucleotide_transformer
4727	0.0	0.0	0.0				False	blood	early	nucleotide_transformer
4746	0.0	0.0	0.0				False	blood	early	nucleotide_transformer
4753	0.0	0.0	0.0				False	blood	early	nucleotide_transformer
4782	0.0	0.0	0.0				False	blood	early	nucleotide_transformer
4792	0.0	0.0	0.0				False	blood	early	nucleotide_transformer
4809	0.0	0.0	0.0				False	blood	early	nucleotide_transformer
4810	0.0	0.0	0.0				False	blood	early	nucleotide_transformer
4812	0.0	0.0	0.0				False	blood	early	nucleotide_transformer
4813	0.0	0.0	0.0				False	blood	early	nucleotide_transformer
4817	0.0	0.0	0.0				False	blood	early	nucleotide_transformer
4827	0.0	0.0	0.0				False	blood	early	nucleotide_transformer
4832	0.0	0.0	0.0				False	blood	early	nucleotide_transformer
4837	0.0	0.0	0.0				False	blood	early	nucleotide_transformer
4853	0.0	0.0	0.0				False	blood	early	nucleotide_transformer
4856	0.0	0.0	0.0				False	blood	early	nucleotide_transformer
4860	0.0	0.0	0.0				False	blood	early	nucleotide_transformer
4862	0.0	0.0	0.0				False	blood	early	nucleotide_transformer
4864	0.0	0.0	0.0				False	blood	early	nucleotide_transformer
4876	0.0	0.0	0.0				False	blood	early	nucleotide_transformer
4882	0.0	0.0	0.0				False	blood	early	nucleotide_transformer
4885	0.0	0.0	0.0				False	blood	early	nucleotide_transformer
4889	0.0	0.0	0.0				False	blood	early	nucleotide_transformer
4896	0.0	0.0	0.0				False	blood	early	nucleotide_transformer
4898	0.0	0.0	0.0				False	blood	early	nucleotide_transformer
4899	0.0	0.0	0.0				False	blood	early	nucleotide_transformer
4915	0.0	0.0	0.0				False	blood	early	nucleotide_transformer
4918	0.0	0.0	0.0				False	blood	early	nucleotide_transformer
4923	0.0	0.0	0.0				False	blood	early	nucleotide_transformer
4956	0.0	0.0	0.0				False	blood	early	nucleotide_transformer
4962	0.0	0.0	0.0				False	blood	early	nucleotide_transformer
4966	0.0	0.0	0.0				False	blood	early	nucleotide_transformer
4967	0.0	0.0	0.0				False	blood	early	nucleotide_transformer
4982	0.0	0.0	0.0				False	blood	early	nucleotide_transformer
4988	0.0	0.0	0.0				False	blood	early	nucleotide_transformer
4991	0.0	0.0	0.0				False	blood	early	nucleotide_transformer
4994	0.0	0.0	0.0				False	blood	early	nucleotide_transformer
5000	0.0	0.0	0.0				False	blood	early	nucleotide_transformer
5005	0.0	0.0	0.0				False	blood	early	nucleotide_transformer
5019	0.0	0.0	0.0				False	blood	early	nucleotide_transformer
5043	0.0	0.0	0.0				False	blood	early	nucleotide_transformer
5045	0.0	0.0	0.0				False	blood	early	nucleotide_transformer
5050	0.0	0.0	0.0				False	blood	early	nucleotide_transformer
5069	0.0	0.0	0.0				False	blood	early	nucleotide_transformer
5081	0.0	0.0	0.0				False	blood	early	nucleotide_transformer
5084	0.0	0.0	0.0				False	blood	early	nucleotide_transformer
5091	0.0	0.0	0.0				False	blood	early	nucleotide_transformer
5101	0.0	0.0	0.0				False	blood	early	nucleotide_transformer
5115	0.0	0.0	0.0				False	blood	early	nucleotide_transformer
