feature_id	cds	vitro_mean	vivo_mean	t_stat	pval	pval_bonf	significant	pair	layer	model
2268	45.690796	118.83252	73.14172	10.142393	9.750135e-23	4.992069e-19	True	blood	mid	nucleotide_transformer
2932	17.52893	819.82996	802.301	9.073554	1.1322646e-18	5.7971947e-15	True	blood	mid	nucleotide_transformer
3498	46.46557	78.298	31.832426	9.072615	1.4077036e-18	7.207442e-15	True	blood	mid	nucleotide_transformer
3380	16.718567	836.60645	819.8879	8.961177	2.7919163e-18	1.4294611e-14	True	blood	mid	nucleotide_transformer
4841	52.960686	91.038925	38.07824	8.85489	8.170001e-18	4.1830404e-14	True	blood	mid	nucleotide_transformer
3831	49.587585	115.98772	66.40013	8.784463	1.2529683e-17	6.415198e-14	True	blood	mid	nucleotide_transformer
3321	32.506058	62.20144	29.69538	8.782261	1.2871685e-17	6.5903026e-14	True	blood	mid	nucleotide_transformer
4601	17.687439	932.5866	914.8992	8.720551	1.9105819e-17	9.7821795e-14	True	blood	mid	nucleotide_transformer
1353	37.825333	59.104767	21.279434	8.730447	2.2496973e-17	1.151845e-13	True	blood	mid	nucleotide_transformer
3909	50.079254	159.21791	109.13866	8.632966	3.8793345e-17	1.9862192e-13	True	blood	mid	nucleotide_transformer
2524	43.890877	77.38287	33.491997	8.393077	3.0128528e-16	1.5425806e-12	True	blood	mid	nucleotide_transformer
221	24.019732	34.300045	10.2803135	8.366421	3.8672777e-16	1.9800461e-12	True	blood	mid	nucleotide_transformer
891	16.836731	943.9363	927.09955	8.327559	4.1329313e-16	2.1160608e-12	True	blood	mid	nucleotide_transformer
3366	38.093803	54.733715	16.639914	8.352584	4.430956e-16	2.2686495e-12	True	blood	mid	nucleotide_transformer
2408	22.576294	758.6478	736.07153	8.228522	9.43199e-16	4.829179e-12	True	blood	mid	nucleotide_transformer
2572	28.042442	59.86067	31.818226	7.856055	1.5160946e-14	7.7624046e-11	True	blood	mid	nucleotide_transformer
4173	22.95494	36.493835	13.538895	7.832161	1.9795441e-14	1.0135266e-10	True	blood	mid	nucleotide_transformer
242	43.368446	92.72372	49.35527	7.823885	2.0240779e-14	1.0363279e-10	True	blood	mid	nucleotide_transformer
2635	26.50278	60.33927	33.83649	7.663268	6.007881e-14	3.076035e-10	True	blood	mid	nucleotide_transformer
42	26.615467	62.520397	35.90493	7.6417437	6.957845e-14	3.5624168e-10	True	blood	mid	nucleotide_transformer
340	40.344746	79.5684	39.22365	7.5272126	1.7200256e-13	8.806531e-10	True	blood	mid	nucleotide_transformer
3008	25.662952	58.126823	32.46387	7.4810257	2.2083632e-13	1.130682e-09	True	blood	mid	nucleotide_transformer
4175	26.564674	64.865036	38.30036	7.4715986	2.3269787e-13	1.1914131e-09	True	blood	mid	nucleotide_transformer
1785	22.82373	38.243008	15.419278	7.460465	2.769601e-13	1.4180357e-09	True	blood	mid	nucleotide_transformer
2379	27.043873	86.50715	59.463276	7.1025186	2.8745047e-12	1.4717464e-08	True	blood	mid	nucleotide_transformer
2994	26.130386	78.34984	52.21945	7.05192	4.052175e-12	2.0747136e-08	True	blood	mid	nucleotide_transformer
2813	25.093033	32.808422	7.7153897	7.0776677	4.1184534e-12	2.1086482e-08	True	blood	mid	nucleotide_transformer
421	23.31095	51.63044	28.31949	6.9527507	8.279525e-12	4.2391164e-08	True	blood	mid	nucleotide_transformer
2205	25.17313	73.34076	48.16763	6.9370475	8.798277e-12	4.504718e-08	True	blood	mid	nucleotide_transformer
3263	21.434845	45.65556	24.220715	6.9425077	8.850318e-12	4.5313627e-08	True	blood	mid	nucleotide_transformer
317	42.23443	123.0957	80.861275	6.932871	9.391602e-12	4.8085003e-08	True	blood	mid	nucleotide_transformer
2236	24.706146	72.83895	48.132805	6.807441	2.0671858e-11	1.05839916e-07	True	blood	mid	nucleotide_transformer
2997	26.325676	84.76602	58.440346	6.806004	2.0787453e-11	1.0643176e-07	True	blood	mid	nucleotide_transformer
1338	15.982282	23.551231	7.5689497	6.6143556	7.998245e-11	4.0951016e-07	True	blood	mid	nucleotide_transformer
517	22.690067	56.587296	33.89723	6.543095	1.15655825e-10	5.9215785e-07	True	blood	mid	nucleotide_transformer
3250	19.689518	37.629078	17.93956	6.509522	1.4794663e-10	7.5748676e-07	True	blood	mid	nucleotide_transformer
3792	20.573824	49.721313	29.14749	6.4704933	1.8188694e-10	9.312611e-07	True	blood	mid	nucleotide_transformer
1498	-16.81318	18.103975	34.917156	-6.421949	2.0793435e-10	1.0646239e-06	True	blood	mid	nucleotide_transformer
4786	24.345661	87.95932	63.61366	6.3741755	3.2111006e-10	1.6440835e-06	True	blood	mid	nucleotide_transformer
1177	18.653658	35.566765	16.913107	6.3048563	5.243119e-10	2.684477e-06	True	blood	mid	nucleotide_transformer
1160	18.74005	42.761063	24.021013	6.2816	5.865902e-10	3.003342e-06	True	blood	mid	nucleotide_transformer
1303	21.948586	67.054855	45.10627	5.967528	3.7657104e-09	1.9280436e-05	True	blood	mid	nucleotide_transformer
384	16.107313	34.94954	18.842226	5.7875066	1.0831483e-08	5.5457196e-05	True	blood	mid	nucleotide_transformer
4326	19.33435	58.7642	39.429848	5.7184186	1.565634e-08	8.016046e-05	True	blood	mid	nucleotide_transformer
3424	26.850807	105.73521	78.8844	5.355582	1.1288245e-07	0.0005779581	True	blood	mid	nucleotide_transformer
4745	11.112065	13.053762	1.9416969	5.326286	1.4377628e-07	0.00073613453	True	blood	mid	nucleotide_transformer
1840	12.687627	15.197083	2.5094566	5.309025	1.572229e-07	0.0008049812	True	blood	mid	nucleotide_transformer
2874	9.004719	11.425561	2.4208426	5.2390847	2.2414778e-07	0.0011476367	True	blood	mid	nucleotide_transformer
4214	-15.214233	81.32599	96.54022	-4.9989944	7.1938655e-07	0.0036832592	True	blood	mid	nucleotide_transformer
2629	-14.919609	81.56311	96.48272	-4.905733	1.1440171e-06	0.0058573675	True	blood	mid	nucleotide_transformer
875	-14.781639	81.53822	96.31986	-4.860767	1.426763e-06	0.0073050265	True	blood	mid	nucleotide_transformer
3628	10.018223	11.4661	1.4478767	4.8437862	1.6425493e-06	0.008409852	True	blood	mid	nucleotide_transformer
1705	-14.672943	81.56571	96.238655	-4.8227854	1.7171296e-06	0.008791704	True	blood	mid	nucleotide_transformer
72	9.83736	11.278194	1.4408344	4.8264775	1.785373e-06	0.00914111	True	blood	mid	nucleotide_transformer
2085	7.5871916	9.871193	2.2840014	4.7779346	2.228239e-06	0.011408584	True	blood	mid	nucleotide_transformer
1057	-14.388245	80.96997	95.358215	-4.7057405	3.014164e-06	0.015432519	True	blood	mid	nucleotide_transformer
707	8.663036	13.409312	4.746276	4.7023497	3.159662e-06	0.016177468	True	blood	mid	nucleotide_transformer
472	-14.178902	79.62271	93.80161	-4.621749	4.4787116e-06	0.022931004	True	blood	mid	nucleotide_transformer
1767	-14.164604	79.3855	93.5501	-4.6125264	4.675864e-06	0.023940425	True	blood	mid	nucleotide_transformer
2023	-14.101227	79.85185	93.95308	-4.6008697	4.938419e-06	0.025284704	True	blood	mid	nucleotide_transformer
688	-14.096428	79.13302	93.22945	-4.586507	5.2789646e-06	0.0270283	True	blood	mid	nucleotide_transformer
2453	-14.06974	79.33995	93.40969	-4.5836463	5.350057e-06	0.027392292	True	blood	mid	nucleotide_transformer
3269	-13.959602	79.37632	93.33592	-4.545206	6.39367e-06	0.03273559	True	blood	mid	nucleotide_transformer
5026	-13.936348	79.88702	93.823364	-4.5442905	6.42197e-06	0.032880485	True	blood	mid	nucleotide_transformer
161	-13.927391	79.62375	93.55114	-4.538287	6.6016833e-06	0.033800617	True	blood	mid	nucleotide_transformer
4851	8.726446	10.190489	1.4640428	4.523282	7.3999536e-06	0.037887763	True	blood	mid	nucleotide_transformer
4107	-13.741325	80.12558	93.866905	-4.484104	8.466573e-06	0.043348853	True	blood	mid	nucleotide_transformer
1431	-13.6957245	79.11289	92.80862	-4.455093	9.6583135e-06	0.049450565	True	blood	mid	nucleotide_transformer
2049	13.407438	43.268307	29.860868	4.417478	1.1498513e-05	0.058872387	False	blood	mid	nucleotide_transformer
1963	-13.353165	79.3516	92.704765	-4.345975	1.5767517e-05	0.080729686	False	blood	mid	nucleotide_transformer
922	-13.177422	81.589386	94.76681	-4.32186	1.7557704e-05	0.08989544	False	blood	mid	nucleotide_transformer
499	7.6726837	8.641736	0.9690524	4.2490206	2.5092631e-05	0.12847427	False	blood	mid	nucleotide_transformer
4640	-12.715698	80.97065	93.68635	-4.1663227	3.4544548e-05	0.17686808	False	blood	mid	nucleotide_transformer
3136	6.4372263	9.5081625	3.070936	4.112526	4.437703e-05	0.22721039	False	blood	mid	nucleotide_transformer
3889	-12.384285	83.951294	96.33558	-4.1059413	4.4703313e-05	0.22888096	False	blood	mid	nucleotide_transformer
2847	7.2203317	7.991728	0.77139634	4.112595	4.4946686e-05	0.23012704	False	blood	mid	nucleotide_transformer
686	-12.258812	84.45525	96.714066	-4.072479	5.1480045e-05	0.26357782	False	blood	mid	nucleotide_transformer
2901	-12.199661	83.445175	95.64484	-4.0354095	6.010146e-05	0.30771947	False	blood	mid	nucleotide_transformer
4585	-12.148018	84.46059	96.608604	-4.034894	6.0244736e-05	0.30845305	False	blood	mid	nucleotide_transformer
4707	-11.973679	84.96744	96.94112	-3.9847672	7.416164e-05	0.37970757	False	blood	mid	nucleotide_transformer
2710	-11.972107	84.24141	96.21352	-3.9697323	7.888325e-05	0.40388224	False	blood	mid	nucleotide_transformer
1703	-11.928398	84.22101	96.14941	-3.9559	8.3488005e-05	0.42745858	False	blood	mid	nucleotide_transformer
695	-11.913376	83.96253	95.87591	-3.9469268	8.660625e-05	0.443424	False	blood	mid	nucleotide_transformer
1661	-11.951416	81.936264	93.88768	-3.9283772	9.337398e-05	0.4780748	False	blood	mid	nucleotide_transformer
4280	-11.769127	85.29978	97.06891	-3.9157896	9.834267e-05	0.50351447	False	blood	mid	nucleotide_transformer
534	-11.687187	85.203606	96.89079	-3.8929849	0.00010786032	0.55224484	False	blood	mid	nucleotide_transformer
2068	-11.635536	85.19667	96.83221	-3.875824	0.00011558867	0.591814	False	blood	mid	nucleotide_transformer
3162	-11.606537	85.71151	97.31805	-3.8745785	0.000116181334	0.59484845	False	blood	mid	nucleotide_transformer
3230	-11.656357	84.71699	96.373344	-3.8730185	0.00011688999	0.59847677	False	blood	mid	nucleotide_transformer
3943	-11.674805	84.21479	95.889595	-3.870734	0.00011795836	0.6039468	False	blood	mid	nucleotide_transformer
4259	-11.559608	85.69099	97.250595	-3.8595731	0.00012339886	0.63180214	False	blood	mid	nucleotide_transformer
821	-11.625465	84.19589	95.82136	-3.854994	0.00012565004	0.6433282	False	blood	mid	nucleotide_transformer
1424	-11.545387	85.45161	96.996994	-3.8496478	0.00012839794	0.65739745	False	blood	mid	nucleotide_transformer
3684	-11.56662	84.95448	96.5211	-3.847734	0.00012937318	0.66239065	False	blood	mid	nucleotide_transformer
4661	-11.500595	84.69202	96.19261	-3.8216312	0.00014356094	0.735032	False	blood	mid	nucleotide_transformer
2194	-11.512245	84.2305	95.742744	-3.8154054	0.00014714636	0.75338936	False	blood	mid	nucleotide_transformer
2132	-11.443871	85.4598	96.90367	-3.8148699	0.00014748973	0.7551474	False	blood	mid	nucleotide_transformer
3894	-11.466095	84.95229	96.41839	-3.8138347	0.00014808425	0.75819135	False	blood	mid	nucleotide_transformer
271	-11.45285	84.687416	96.14027	-3.8056915	0.00015293757	0.7830404	False	blood	mid	nucleotide_transformer
3652	-11.395317	85.43702	96.83234	-3.799447	0.00015678669	0.80274785	False	blood	mid	nucleotide_transformer
837	-11.546036	82.257774	93.80381	-3.793792	0.00016024147	0.82043636	False	blood	mid	nucleotide_transformer
3149	10.64295	35.777485	25.134535	3.7606578	0.00018305755	0.93725467	False	blood	mid	nucleotide_transformer
131	-11.179527	85.44293	96.62246	-3.7262325	0.00020897329	1.0	False	blood	mid	nucleotide_transformer
1731	-11.051575	84.951805	96.00338	-3.6739938	0.00025575177	1.0	False	blood	mid	nucleotide_transformer
479	-10.867157	86.54166	97.40881	-3.6334474	0.00029874154	1.0	False	blood	mid	nucleotide_transformer
47	-10.734268	87.19667	97.93094	-3.6064916	0.0003309726	1.0	False	blood	mid	nucleotide_transformer
1470	11.584507	53.74912	42.16461	3.5880334	0.0003546634	1.0	False	blood	mid	nucleotide_transformer
4825	-12.511921	61.880215	74.392136	-3.4875228	0.00051391847	1.0	False	blood	mid	nucleotide_transformer
2794	12.996986	30.059343	17.062357	3.4682052	0.0005575601	1.0	False	blood	mid	nucleotide_transformer
1940	-10.241028	86.407486	96.64851	-3.4267397	0.0006440849	1.0	False	blood	mid	nucleotide_transformer
1240	-10.180428	81.04558	91.226006	-3.3232849	0.0009321788	1.0	False	blood	mid	nucleotide_transformer
614	-10.167236	81.09157	91.258804	-3.3171504	0.0009525936	1.0	False	blood	mid	nucleotide_transformer
2336	-9.921104	81.055695	90.9768	-3.2373476	0.0012586833	1.0	False	blood	mid	nucleotide_transformer
5082	-9.818588	81.043915	90.8625	-3.2040048	0.0014117075	1.0	False	blood	mid	nucleotide_transformer
1950	3.02225	3.5430958	0.52084583	3.1788335	0.001557465	1.0	False	blood	mid	nucleotide_transformer
838	-9.698456	81.53272	91.23118	-3.1703212	0.0015836487	1.0	False	blood	mid	nucleotide_transformer
1426	-9.66069	81.04946	90.71015	-3.151772	0.0016863076	1.0	False	blood	mid	nucleotide_transformer
2389	-9.49292	81.509254	91.002174	-3.1033404	0.0019841595	1.0	False	blood	mid	nucleotide_transformer
666	-9.330574	82.274	91.604576	-3.0575073	0.0023099158	1.0	False	blood	mid	nucleotide_transformer
4615	-9.318161	81.01174	90.3299	-3.0402162	0.0024448393	1.0	False	blood	mid	nucleotide_transformer
5060	-9.315651	80.99721	90.31286	-3.039958	0.0024469115	1.0	False	blood	mid	nucleotide_transformer
966	-8.980629	82.26881	91.249435	-2.941829	0.0033616088	1.0	False	blood	mid	nucleotide_transformer
4528	-8.84922	83.64925	92.49847	-2.908626	0.0037359672	1.0	False	blood	mid	nucleotide_transformer
1886	-8.636757	83.49534	92.132095	-2.842647	0.004593655	1.0	False	blood	mid	nucleotide_transformer
2076	7.782112	36.342525	28.560413	2.7143424	0.006794002	1.0	False	blood	mid	nucleotide_transformer
931	3.4703693	5.436912	1.9665428	2.5868676	0.009904807	1.0	False	blood	mid	nucleotide_transformer
322	-7.33387	87.665085	94.998955	-2.4302583	0.015318598	1.0	False	blood	mid	nucleotide_transformer
3038	5.744856	13.414655	7.669799	2.3878496	0.017224148	1.0	False	blood	mid	nucleotide_transformer
1202	-7.2891655	45.307728	52.596893	-2.2899907	0.022276735	1.0	False	blood	mid	nucleotide_transformer
2949	1.0162147	1.0162147	0.0	1.7181915	0.086328596	1.0	False	blood	mid	nucleotide_transformer
4783	3.0152204	3.5733774	0.5581569	1.5242542	0.1279949	1.0	False	blood	mid	nucleotide_transformer
950	-4.8134384	67.42577	72.23921	-1.5107505	0.13125476	1.0	False	blood	mid	nucleotide_transformer
3703	4.153881	35.27312	31.11924	1.4635705	0.14372195	1.0	False	blood	mid	nucleotide_transformer
3935	0.5165802	0.5165802	0.0	1.4124131	0.15839806	1.0	False	blood	mid	nucleotide_transformer
2942	2.5775042	11.5135145	8.93601	1.3290392	0.18425791	1.0	False	blood	mid	nucleotide_transformer
4371	2.824373	3.2580612	0.43368825	1.3044573	0.19260047	1.0	False	blood	mid	nucleotide_transformer
4293	0.24301064	0.24301064	0.0	1.0000045	0.31775123	1.0	False	blood	mid	nucleotide_transformer
2560	-0.8736572	649.3219	650.19556	-0.60925484	0.54254913	1.0	False	blood	mid	nucleotide_transformer
225	0.6034584	48.84619	48.242733	0.1977579	0.8432853	1.0	False	blood	mid	nucleotide_transformer
0	0.0	0.0	0.0				False	blood	mid	nucleotide_transformer
1	0.0	0.0	0.0				False	blood	mid	nucleotide_transformer
2	0.0	0.0	0.0				False	blood	mid	nucleotide_transformer
3	0.0	0.0	0.0				False	blood	mid	nucleotide_transformer
4	0.0	0.0	0.0				False	blood	mid	nucleotide_transformer
5	0.0	0.0	0.0				False	blood	mid	nucleotide_transformer
6	0.0	0.0	0.0				False	blood	mid	nucleotide_transformer
7	0.0	0.0	0.0				False	blood	mid	nucleotide_transformer
8	0.0	0.0	0.0				False	blood	mid	nucleotide_transformer
9	0.0	0.0	0.0				False	blood	mid	nucleotide_transformer
10	0.0	0.0	0.0				False	blood	mid	nucleotide_transformer
11	0.0	0.0	0.0				False	blood	mid	nucleotide_transformer
12	0.0	0.0	0.0				False	blood	mid	nucleotide_transformer
13	0.0	0.0	0.0				False	blood	mid	nucleotide_transformer
14	0.0	0.0	0.0				False	blood	mid	nucleotide_transformer
15	0.0	0.0	0.0				False	blood	mid	nucleotide_transformer
16	0.0	0.0	0.0				False	blood	mid	nucleotide_transformer
17	0.0	0.0	0.0				False	blood	mid	nucleotide_transformer
18	0.0	0.0	0.0				False	blood	mid	nucleotide_transformer
19	0.0	0.0	0.0				False	blood	mid	nucleotide_transformer
20	0.0	0.0	0.0				False	blood	mid	nucleotide_transformer
21	0.0	0.0	0.0				False	blood	mid	nucleotide_transformer
22	0.0	0.0	0.0				False	blood	mid	nucleotide_transformer
23	0.0	0.0	0.0				False	blood	mid	nucleotide_transformer
24	0.0	0.0	0.0				False	blood	mid	nucleotide_transformer
25	0.0	0.0	0.0				False	blood	mid	nucleotide_transformer
26	0.0	0.0	0.0				False	blood	mid	nucleotide_transformer
27	0.0	0.0	0.0				False	blood	mid	nucleotide_transformer
28	0.0	0.0	0.0				False	blood	mid	nucleotide_transformer
29	0.0	0.0	0.0				False	blood	mid	nucleotide_transformer
30	0.0	0.0	0.0				False	blood	mid	nucleotide_transformer
31	0.0	0.0	0.0				False	blood	mid	nucleotide_transformer
32	0.0	0.0	0.0				False	blood	mid	nucleotide_transformer
33	0.0	0.0	0.0				False	blood	mid	nucleotide_transformer
34	0.0	0.0	0.0				False	blood	mid	nucleotide_transformer
35	0.0	0.0	0.0				False	blood	mid	nucleotide_transformer
36	0.0	0.0	0.0				False	blood	mid	nucleotide_transformer
37	0.0	0.0	0.0				False	blood	mid	nucleotide_transformer
38	0.0	0.0	0.0				False	blood	mid	nucleotide_transformer
39	0.0	0.0	0.0				False	blood	mid	nucleotide_transformer
40	0.0	0.0	0.0				False	blood	mid	nucleotide_transformer
41	0.0	0.0	0.0				False	blood	mid	nucleotide_transformer
43	0.0	0.0	0.0				False	blood	mid	nucleotide_transformer
44	0.0	0.0	0.0				False	blood	mid	nucleotide_transformer
45	0.0	0.0	0.0				False	blood	mid	nucleotide_transformer
46	0.0	0.0	0.0				False	blood	mid	nucleotide_transformer
48	0.0	0.0	0.0				False	blood	mid	nucleotide_transformer
49	0.0	0.0	0.0				False	blood	mid	nucleotide_transformer
50	0.0	0.0	0.0				False	blood	mid	nucleotide_transformer
51	0.0	0.0	0.0				False	blood	mid	nucleotide_transformer
52	0.0	0.0	0.0				False	blood	mid	nucleotide_transformer
53	0.0	0.0	0.0				False	blood	mid	nucleotide_transformer
54	0.0	0.0	0.0				False	blood	mid	nucleotide_transformer
55	0.0	0.0	0.0				False	blood	mid	nucleotide_transformer
56	0.0	0.0	0.0				False	blood	mid	nucleotide_transformer
57	0.0	0.0	0.0				False	blood	mid	nucleotide_transformer
58	0.0	0.0	0.0				False	blood	mid	nucleotide_transformer
59	0.0	0.0	0.0				False	blood	mid	nucleotide_transformer
60	0.0	0.0	0.0				False	blood	mid	nucleotide_transformer
61	0.0	0.0	0.0				False	blood	mid	nucleotide_transformer
62	0.0	0.0	0.0				False	blood	mid	nucleotide_transformer
63	0.0	0.0	0.0				False	blood	mid	nucleotide_transformer
64	0.0	0.0	0.0				False	blood	mid	nucleotide_transformer
65	0.0	0.0	0.0				False	blood	mid	nucleotide_transformer
66	0.0	0.0	0.0				False	blood	mid	nucleotide_transformer
67	0.0	0.0	0.0				False	blood	mid	nucleotide_transformer
68	0.0	0.0	0.0				False	blood	mid	nucleotide_transformer
69	0.0	0.0	0.0				False	blood	mid	nucleotide_transformer
70	0.0	0.0	0.0				False	blood	mid	nucleotide_transformer
71	0.0	0.0	0.0				False	blood	mid	nucleotide_transformer
73	0.0	0.0	0.0				False	blood	mid	nucleotide_transformer
74	0.0	0.0	0.0				False	blood	mid	nucleotide_transformer
75	0.0	0.0	0.0				False	blood	mid	nucleotide_transformer
76	0.0	0.0	0.0				False	blood	mid	nucleotide_transformer
77	0.0	0.0	0.0				False	blood	mid	nucleotide_transformer
78	0.0	0.0	0.0				False	blood	mid	nucleotide_transformer
79	0.0	0.0	0.0				False	blood	mid	nucleotide_transformer
80	0.0	0.0	0.0				False	blood	mid	nucleotide_transformer
81	0.0	0.0	0.0				False	blood	mid	nucleotide_transformer
82	0.0	0.0	0.0				False	blood	mid	nucleotide_transformer
83	0.0	0.0	0.0				False	blood	mid	nucleotide_transformer
84	0.0	0.0	0.0				False	blood	mid	nucleotide_transformer
85	0.0	0.0	0.0				False	blood	mid	nucleotide_transformer
86	0.0	0.0	0.0				False	blood	mid	nucleotide_transformer
87	0.0	0.0	0.0				False	blood	mid	nucleotide_transformer
88	0.0	0.0	0.0				False	blood	mid	nucleotide_transformer
89	0.0	0.0	0.0				False	blood	mid	nucleotide_transformer
90	0.0	0.0	0.0				False	blood	mid	nucleotide_transformer
91	0.0	0.0	0.0				False	blood	mid	nucleotide_transformer
92	0.0	0.0	0.0				False	blood	mid	nucleotide_transformer
93	0.0	0.0	0.0				False	blood	mid	nucleotide_transformer
94	0.0	0.0	0.0				False	blood	mid	nucleotide_transformer
95	0.0	0.0	0.0				False	blood	mid	nucleotide_transformer
96	0.0	0.0	0.0				False	blood	mid	nucleotide_transformer
97	0.0	0.0	0.0				False	blood	mid	nucleotide_transformer
98	0.0	0.0	0.0				False	blood	mid	nucleotide_transformer
99	0.0	0.0	0.0				False	blood	mid	nucleotide_transformer
100	0.0	0.0	0.0				False	blood	mid	nucleotide_transformer
101	0.0	0.0	0.0				False	blood	mid	nucleotide_transformer
102	0.0	0.0	0.0				False	blood	mid	nucleotide_transformer
103	0.0	0.0	0.0				False	blood	mid	nucleotide_transformer
104	0.0	0.0	0.0				False	blood	mid	nucleotide_transformer
105	0.0	0.0	0.0				False	blood	mid	nucleotide_transformer
106	0.0	0.0	0.0				False	blood	mid	nucleotide_transformer
107	0.0	0.0	0.0				False	blood	mid	nucleotide_transformer
108	0.0	0.0	0.0				False	blood	mid	nucleotide_transformer
109	0.0	0.0	0.0				False	blood	mid	nucleotide_transformer
110	0.0	0.0	0.0				False	blood	mid	nucleotide_transformer
111	0.0	0.0	0.0				False	blood	mid	nucleotide_transformer
112	0.0	0.0	0.0				False	blood	mid	nucleotide_transformer
113	0.0	0.0	0.0				False	blood	mid	nucleotide_transformer
114	0.0	0.0	0.0				False	blood	mid	nucleotide_transformer
115	0.0	0.0	0.0				False	blood	mid	nucleotide_transformer
116	0.0	0.0	0.0				False	blood	mid	nucleotide_transformer
117	0.0	0.0	0.0				False	blood	mid	nucleotide_transformer
118	0.0	0.0	0.0				False	blood	mid	nucleotide_transformer
119	0.0	0.0	0.0				False	blood	mid	nucleotide_transformer
120	0.0	0.0	0.0				False	blood	mid	nucleotide_transformer
121	0.0	0.0	0.0				False	blood	mid	nucleotide_transformer
122	0.0	0.0	0.0				False	blood	mid	nucleotide_transformer
123	0.0	0.0	0.0				False	blood	mid	nucleotide_transformer
124	0.0	0.0	0.0				False	blood	mid	nucleotide_transformer
125	0.0	0.0	0.0				False	blood	mid	nucleotide_transformer
126	0.0	0.0	0.0				False	blood	mid	nucleotide_transformer
127	0.0	0.0	0.0				False	blood	mid	nucleotide_transformer
128	0.0	0.0	0.0				False	blood	mid	nucleotide_transformer
129	0.0	0.0	0.0				False	blood	mid	nucleotide_transformer
130	0.0	0.0	0.0				False	blood	mid	nucleotide_transformer
132	0.0	0.0	0.0				False	blood	mid	nucleotide_transformer
133	0.0	0.0	0.0				False	blood	mid	nucleotide_transformer
134	0.0	0.0	0.0				False	blood	mid	nucleotide_transformer
135	0.0	0.0	0.0				False	blood	mid	nucleotide_transformer
136	0.0	0.0	0.0				False	blood	mid	nucleotide_transformer
137	0.0	0.0	0.0				False	blood	mid	nucleotide_transformer
138	0.0	0.0	0.0				False	blood	mid	nucleotide_transformer
139	0.0	0.0	0.0				False	blood	mid	nucleotide_transformer
140	0.0	0.0	0.0				False	blood	mid	nucleotide_transformer
141	0.0	0.0	0.0				False	blood	mid	nucleotide_transformer
142	0.0	0.0	0.0				False	blood	mid	nucleotide_transformer
143	0.0	0.0	0.0				False	blood	mid	nucleotide_transformer
144	0.0	0.0	0.0				False	blood	mid	nucleotide_transformer
145	0.0	0.0	0.0				False	blood	mid	nucleotide_transformer
146	0.0	0.0	0.0				False	blood	mid	nucleotide_transformer
147	0.0	0.0	0.0				False	blood	mid	nucleotide_transformer
148	0.0	0.0	0.0				False	blood	mid	nucleotide_transformer
149	0.0	0.0	0.0				False	blood	mid	nucleotide_transformer
150	0.0	0.0	0.0				False	blood	mid	nucleotide_transformer
151	0.0	0.0	0.0				False	blood	mid	nucleotide_transformer
152	0.0	0.0	0.0				False	blood	mid	nucleotide_transformer
153	0.0	0.0	0.0				False	blood	mid	nucleotide_transformer
154	0.0	0.0	0.0				False	blood	mid	nucleotide_transformer
155	0.0	0.0	0.0				False	blood	mid	nucleotide_transformer
156	0.0	0.0	0.0				False	blood	mid	nucleotide_transformer
157	0.0	0.0	0.0				False	blood	mid	nucleotide_transformer
158	0.0	0.0	0.0				False	blood	mid	nucleotide_transformer
159	0.0	0.0	0.0				False	blood	mid	nucleotide_transformer
160	0.0	0.0	0.0				False	blood	mid	nucleotide_transformer
162	0.0	0.0	0.0				False	blood	mid	nucleotide_transformer
163	0.0	0.0	0.0				False	blood	mid	nucleotide_transformer
164	0.0	0.0	0.0				False	blood	mid	nucleotide_transformer
165	0.0	0.0	0.0				False	blood	mid	nucleotide_transformer
166	0.0	0.0	0.0				False	blood	mid	nucleotide_transformer
167	0.0	0.0	0.0				False	blood	mid	nucleotide_transformer
168	0.0	0.0	0.0				False	blood	mid	nucleotide_transformer
169	0.0	0.0	0.0				False	blood	mid	nucleotide_transformer
170	0.0	0.0	0.0				False	blood	mid	nucleotide_transformer
171	0.0	0.0	0.0				False	blood	mid	nucleotide_transformer
172	0.0	0.0	0.0				False	blood	mid	nucleotide_transformer
173	0.0	0.0	0.0				False	blood	mid	nucleotide_transformer
174	0.0	0.0	0.0				False	blood	mid	nucleotide_transformer
175	0.0	0.0	0.0				False	blood	mid	nucleotide_transformer
176	0.0	0.0	0.0				False	blood	mid	nucleotide_transformer
177	0.0	0.0	0.0				False	blood	mid	nucleotide_transformer
178	0.0	0.0	0.0				False	blood	mid	nucleotide_transformer
179	0.0	0.0	0.0				False	blood	mid	nucleotide_transformer
180	0.0	0.0	0.0				False	blood	mid	nucleotide_transformer
181	0.0	0.0	0.0				False	blood	mid	nucleotide_transformer
182	0.0	0.0	0.0				False	blood	mid	nucleotide_transformer
183	0.0	0.0	0.0				False	blood	mid	nucleotide_transformer
184	0.0	0.0	0.0				False	blood	mid	nucleotide_transformer
185	0.0	0.0	0.0				False	blood	mid	nucleotide_transformer
186	0.0	0.0	0.0				False	blood	mid	nucleotide_transformer
187	0.0	0.0	0.0				False	blood	mid	nucleotide_transformer
188	0.0	0.0	0.0				False	blood	mid	nucleotide_transformer
189	0.0	0.0	0.0				False	blood	mid	nucleotide_transformer
190	0.0	0.0	0.0				False	blood	mid	nucleotide_transformer
191	0.0	0.0	0.0				False	blood	mid	nucleotide_transformer
192	0.0	0.0	0.0				False	blood	mid	nucleotide_transformer
193	0.0	0.0	0.0				False	blood	mid	nucleotide_transformer
194	0.0	0.0	0.0				False	blood	mid	nucleotide_transformer
195	0.0	0.0	0.0				False	blood	mid	nucleotide_transformer
196	0.0	0.0	0.0				False	blood	mid	nucleotide_transformer
197	0.0	0.0	0.0				False	blood	mid	nucleotide_transformer
198	0.0	0.0	0.0				False	blood	mid	nucleotide_transformer
199	0.0	0.0	0.0				False	blood	mid	nucleotide_transformer
200	0.0	0.0	0.0				False	blood	mid	nucleotide_transformer
201	0.0	0.0	0.0				False	blood	mid	nucleotide_transformer
202	0.0	0.0	0.0				False	blood	mid	nucleotide_transformer
203	0.0	0.0	0.0				False	blood	mid	nucleotide_transformer
204	0.0	0.0	0.0				False	blood	mid	nucleotide_transformer
205	0.0	0.0	0.0				False	blood	mid	nucleotide_transformer
206	0.0	0.0	0.0				False	blood	mid	nucleotide_transformer
207	0.0	0.0	0.0				False	blood	mid	nucleotide_transformer
208	0.0	0.0	0.0				False	blood	mid	nucleotide_transformer
209	0.0	0.0	0.0				False	blood	mid	nucleotide_transformer
210	0.0	0.0	0.0				False	blood	mid	nucleotide_transformer
211	0.0	0.0	0.0				False	blood	mid	nucleotide_transformer
212	0.0	0.0	0.0				False	blood	mid	nucleotide_transformer
213	0.0	0.0	0.0				False	blood	mid	nucleotide_transformer
214	0.0	0.0	0.0				False	blood	mid	nucleotide_transformer
215	0.0	0.0	0.0				False	blood	mid	nucleotide_transformer
216	0.0	0.0	0.0				False	blood	mid	nucleotide_transformer
217	0.0	0.0	0.0				False	blood	mid	nucleotide_transformer
218	0.0	0.0	0.0				False	blood	mid	nucleotide_transformer
219	0.0	0.0	0.0				False	blood	mid	nucleotide_transformer
220	0.0	0.0	0.0				False	blood	mid	nucleotide_transformer
222	0.0	0.0	0.0				False	blood	mid	nucleotide_transformer
223	0.0	0.0	0.0				False	blood	mid	nucleotide_transformer
224	0.0	0.0	0.0				False	blood	mid	nucleotide_transformer
226	0.0	0.0	0.0				False	blood	mid	nucleotide_transformer
227	0.0	0.0	0.0				False	blood	mid	nucleotide_transformer
228	0.0	0.0	0.0				False	blood	mid	nucleotide_transformer
229	0.0	0.0	0.0				False	blood	mid	nucleotide_transformer
230	0.0	0.0	0.0				False	blood	mid	nucleotide_transformer
231	0.0	0.0	0.0				False	blood	mid	nucleotide_transformer
232	0.0	0.0	0.0				False	blood	mid	nucleotide_transformer
233	0.0	0.0	0.0				False	blood	mid	nucleotide_transformer
234	0.0	0.0	0.0				False	blood	mid	nucleotide_transformer
235	0.0	0.0	0.0				False	blood	mid	nucleotide_transformer
236	0.0	0.0	0.0				False	blood	mid	nucleotide_transformer
237	0.0	0.0	0.0				False	blood	mid	nucleotide_transformer
238	0.0	0.0	0.0				False	blood	mid	nucleotide_transformer
239	0.0	0.0	0.0				False	blood	mid	nucleotide_transformer
240	0.0	0.0	0.0				False	blood	mid	nucleotide_transformer
241	0.0	0.0	0.0				False	blood	mid	nucleotide_transformer
243	0.0	0.0	0.0				False	blood	mid	nucleotide_transformer
244	0.0	0.0	0.0				False	blood	mid	nucleotide_transformer
245	0.0	0.0	0.0				False	blood	mid	nucleotide_transformer
246	0.0	0.0	0.0				False	blood	mid	nucleotide_transformer
247	0.0	0.0	0.0				False	blood	mid	nucleotide_transformer
248	0.0	0.0	0.0				False	blood	mid	nucleotide_transformer
249	0.0	0.0	0.0				False	blood	mid	nucleotide_transformer
250	0.0	0.0	0.0				False	blood	mid	nucleotide_transformer
251	0.0	0.0	0.0				False	blood	mid	nucleotide_transformer
252	0.0	0.0	0.0				False	blood	mid	nucleotide_transformer
253	0.0	0.0	0.0				False	blood	mid	nucleotide_transformer
254	0.0	0.0	0.0				False	blood	mid	nucleotide_transformer
255	0.0	0.0	0.0				False	blood	mid	nucleotide_transformer
256	0.0	0.0	0.0				False	blood	mid	nucleotide_transformer
257	0.0	0.0	0.0				False	blood	mid	nucleotide_transformer
258	0.0	0.0	0.0				False	blood	mid	nucleotide_transformer
259	0.0	0.0	0.0				False	blood	mid	nucleotide_transformer
260	0.0	0.0	0.0				False	blood	mid	nucleotide_transformer
261	0.0	0.0	0.0				False	blood	mid	nucleotide_transformer
262	0.0	0.0	0.0				False	blood	mid	nucleotide_transformer
263	0.0	0.0	0.0				False	blood	mid	nucleotide_transformer
264	0.0	0.0	0.0				False	blood	mid	nucleotide_transformer
265	0.0	0.0	0.0				False	blood	mid	nucleotide_transformer
266	0.0	0.0	0.0				False	blood	mid	nucleotide_transformer
267	0.0	0.0	0.0				False	blood	mid	nucleotide_transformer
268	0.0	0.0	0.0				False	blood	mid	nucleotide_transformer
269	0.0	0.0	0.0				False	blood	mid	nucleotide_transformer
270	0.0	0.0	0.0				False	blood	mid	nucleotide_transformer
272	0.0	0.0	0.0				False	blood	mid	nucleotide_transformer
273	0.0	0.0	0.0				False	blood	mid	nucleotide_transformer
274	0.0	0.0	0.0				False	blood	mid	nucleotide_transformer
275	0.0	0.0	0.0				False	blood	mid	nucleotide_transformer
276	0.0	0.0	0.0				False	blood	mid	nucleotide_transformer
277	0.0	0.0	0.0				False	blood	mid	nucleotide_transformer
278	0.0	0.0	0.0				False	blood	mid	nucleotide_transformer
279	0.0	0.0	0.0				False	blood	mid	nucleotide_transformer
280	0.0	0.0	0.0				False	blood	mid	nucleotide_transformer
281	0.0	0.0	0.0				False	blood	mid	nucleotide_transformer
282	0.0	0.0	0.0				False	blood	mid	nucleotide_transformer
283	0.0	0.0	0.0				False	blood	mid	nucleotide_transformer
284	0.0	0.0	0.0				False	blood	mid	nucleotide_transformer
285	0.0	0.0	0.0				False	blood	mid	nucleotide_transformer
286	0.0	0.0	0.0				False	blood	mid	nucleotide_transformer
287	0.0	0.0	0.0				False	blood	mid	nucleotide_transformer
288	0.0	0.0	0.0				False	blood	mid	nucleotide_transformer
289	0.0	0.0	0.0				False	blood	mid	nucleotide_transformer
290	0.0	0.0	0.0				False	blood	mid	nucleotide_transformer
291	0.0	0.0	0.0				False	blood	mid	nucleotide_transformer
292	0.0	0.0	0.0				False	blood	mid	nucleotide_transformer
293	0.0	0.0	0.0				False	blood	mid	nucleotide_transformer
294	0.0	0.0	0.0				False	blood	mid	nucleotide_transformer
295	0.0	0.0	0.0				False	blood	mid	nucleotide_transformer
296	0.0	0.0	0.0				False	blood	mid	nucleotide_transformer
297	0.0	0.0	0.0				False	blood	mid	nucleotide_transformer
298	0.0	0.0	0.0				False	blood	mid	nucleotide_transformer
299	0.0	0.0	0.0				False	blood	mid	nucleotide_transformer
300	0.0	0.0	0.0				False	blood	mid	nucleotide_transformer
301	0.0	0.0	0.0				False	blood	mid	nucleotide_transformer
302	0.0	0.0	0.0				False	blood	mid	nucleotide_transformer
303	0.0	0.0	0.0				False	blood	mid	nucleotide_transformer
304	0.0	0.0	0.0				False	blood	mid	nucleotide_transformer
305	0.0	0.0	0.0				False	blood	mid	nucleotide_transformer
306	0.0	0.0	0.0				False	blood	mid	nucleotide_transformer
307	0.0	0.0	0.0				False	blood	mid	nucleotide_transformer
308	0.0	0.0	0.0				False	blood	mid	nucleotide_transformer
309	0.0	0.0	0.0				False	blood	mid	nucleotide_transformer
310	0.0	0.0	0.0				False	blood	mid	nucleotide_transformer
311	0.0	0.0	0.0				False	blood	mid	nucleotide_transformer
312	0.0	0.0	0.0				False	blood	mid	nucleotide_transformer
313	0.0	0.0	0.0				False	blood	mid	nucleotide_transformer
314	0.0	0.0	0.0				False	blood	mid	nucleotide_transformer
315	0.0	0.0	0.0				False	blood	mid	nucleotide_transformer
316	0.0	0.0	0.0				False	blood	mid	nucleotide_transformer
318	0.0	0.0	0.0				False	blood	mid	nucleotide_transformer
319	0.0	0.0	0.0				False	blood	mid	nucleotide_transformer
320	0.0	0.0	0.0				False	blood	mid	nucleotide_transformer
321	0.0	0.0	0.0				False	blood	mid	nucleotide_transformer
323	0.0	0.0	0.0				False	blood	mid	nucleotide_transformer
324	0.0	0.0	0.0				False	blood	mid	nucleotide_transformer
325	0.0	0.0	0.0				False	blood	mid	nucleotide_transformer
326	0.0	0.0	0.0				False	blood	mid	nucleotide_transformer
327	0.0	0.0	0.0				False	blood	mid	nucleotide_transformer
328	0.0	0.0	0.0				False	blood	mid	nucleotide_transformer
329	0.0	0.0	0.0				False	blood	mid	nucleotide_transformer
330	0.0	0.0	0.0				False	blood	mid	nucleotide_transformer
331	0.0	0.0	0.0				False	blood	mid	nucleotide_transformer
332	0.0	0.0	0.0				False	blood	mid	nucleotide_transformer
333	0.0	0.0	0.0				False	blood	mid	nucleotide_transformer
334	0.0	0.0	0.0				False	blood	mid	nucleotide_transformer
335	0.0	0.0	0.0				False	blood	mid	nucleotide_transformer
336	0.0	0.0	0.0				False	blood	mid	nucleotide_transformer
337	0.0	0.0	0.0				False	blood	mid	nucleotide_transformer
338	0.0	0.0	0.0				False	blood	mid	nucleotide_transformer
339	0.0	0.0	0.0				False	blood	mid	nucleotide_transformer
341	0.0	0.0	0.0				False	blood	mid	nucleotide_transformer
342	0.0	0.0	0.0				False	blood	mid	nucleotide_transformer
343	0.0	0.0	0.0				False	blood	mid	nucleotide_transformer
344	0.0	0.0	0.0				False	blood	mid	nucleotide_transformer
345	0.0	0.0	0.0				False	blood	mid	nucleotide_transformer
346	0.0	0.0	0.0				False	blood	mid	nucleotide_transformer
347	0.0	0.0	0.0				False	blood	mid	nucleotide_transformer
348	0.0	0.0	0.0				False	blood	mid	nucleotide_transformer
349	0.0	0.0	0.0				False	blood	mid	nucleotide_transformer
350	0.0	0.0	0.0				False	blood	mid	nucleotide_transformer
351	0.0	0.0	0.0				False	blood	mid	nucleotide_transformer
352	0.0	0.0	0.0				False	blood	mid	nucleotide_transformer
353	0.0	0.0	0.0				False	blood	mid	nucleotide_transformer
354	0.0	0.0	0.0				False	blood	mid	nucleotide_transformer
355	0.0	0.0	0.0				False	blood	mid	nucleotide_transformer
356	0.0	0.0	0.0				False	blood	mid	nucleotide_transformer
357	0.0	0.0	0.0				False	blood	mid	nucleotide_transformer
358	0.0	0.0	0.0				False	blood	mid	nucleotide_transformer
359	0.0	0.0	0.0				False	blood	mid	nucleotide_transformer
360	0.0	0.0	0.0				False	blood	mid	nucleotide_transformer
361	0.0	0.0	0.0				False	blood	mid	nucleotide_transformer
362	0.0	0.0	0.0				False	blood	mid	nucleotide_transformer
363	0.0	0.0	0.0				False	blood	mid	nucleotide_transformer
364	0.0	0.0	0.0				False	blood	mid	nucleotide_transformer
365	0.0	0.0	0.0				False	blood	mid	nucleotide_transformer
366	0.0	0.0	0.0				False	blood	mid	nucleotide_transformer
367	0.0	0.0	0.0				False	blood	mid	nucleotide_transformer
368	0.0	0.0	0.0				False	blood	mid	nucleotide_transformer
369	0.0	0.0	0.0				False	blood	mid	nucleotide_transformer
370	0.0	0.0	0.0				False	blood	mid	nucleotide_transformer
371	0.0	0.0	0.0				False	blood	mid	nucleotide_transformer
372	0.0	0.0	0.0				False	blood	mid	nucleotide_transformer
373	0.0	0.0	0.0				False	blood	mid	nucleotide_transformer
374	0.0	0.0	0.0				False	blood	mid	nucleotide_transformer
375	0.0	0.0	0.0				False	blood	mid	nucleotide_transformer
376	0.0	0.0	0.0				False	blood	mid	nucleotide_transformer
377	0.0	0.0	0.0				False	blood	mid	nucleotide_transformer
378	0.0	0.0	0.0				False	blood	mid	nucleotide_transformer
379	0.0	0.0	0.0				False	blood	mid	nucleotide_transformer
380	0.0	0.0	0.0				False	blood	mid	nucleotide_transformer
381	0.0	0.0	0.0				False	blood	mid	nucleotide_transformer
382	0.0	0.0	0.0				False	blood	mid	nucleotide_transformer
383	0.0	0.0	0.0				False	blood	mid	nucleotide_transformer
385	0.0	0.0	0.0				False	blood	mid	nucleotide_transformer
386	0.0	0.0	0.0				False	blood	mid	nucleotide_transformer
387	0.0	0.0	0.0				False	blood	mid	nucleotide_transformer
388	0.0	0.0	0.0				False	blood	mid	nucleotide_transformer
389	0.0	0.0	0.0				False	blood	mid	nucleotide_transformer
390	0.0	0.0	0.0				False	blood	mid	nucleotide_transformer
391	0.0	0.0	0.0				False	blood	mid	nucleotide_transformer
392	0.0	0.0	0.0				False	blood	mid	nucleotide_transformer
393	0.0	0.0	0.0				False	blood	mid	nucleotide_transformer
394	0.0	0.0	0.0				False	blood	mid	nucleotide_transformer
395	0.0	0.0	0.0				False	blood	mid	nucleotide_transformer
396	0.0	0.0	0.0				False	blood	mid	nucleotide_transformer
397	0.0	0.0	0.0				False	blood	mid	nucleotide_transformer
398	0.0	0.0	0.0				False	blood	mid	nucleotide_transformer
399	0.0	0.0	0.0				False	blood	mid	nucleotide_transformer
400	0.0	0.0	0.0				False	blood	mid	nucleotide_transformer
401	0.0	0.0	0.0				False	blood	mid	nucleotide_transformer
402	0.0	0.0	0.0				False	blood	mid	nucleotide_transformer
403	0.0	0.0	0.0				False	blood	mid	nucleotide_transformer
404	0.0	0.0	0.0				False	blood	mid	nucleotide_transformer
405	0.0	0.0	0.0				False	blood	mid	nucleotide_transformer
406	0.0	0.0	0.0				False	blood	mid	nucleotide_transformer
407	0.0	0.0	0.0				False	blood	mid	nucleotide_transformer
408	0.0	0.0	0.0				False	blood	mid	nucleotide_transformer
409	0.0	0.0	0.0				False	blood	mid	nucleotide_transformer
410	0.0	0.0	0.0				False	blood	mid	nucleotide_transformer
411	0.0	0.0	0.0				False	blood	mid	nucleotide_transformer
412	0.0	0.0	0.0				False	blood	mid	nucleotide_transformer
413	0.0	0.0	0.0				False	blood	mid	nucleotide_transformer
414	0.0	0.0	0.0				False	blood	mid	nucleotide_transformer
415	0.0	0.0	0.0				False	blood	mid	nucleotide_transformer
416	0.0	0.0	0.0				False	blood	mid	nucleotide_transformer
417	0.0	0.0	0.0				False	blood	mid	nucleotide_transformer
418	0.0	0.0	0.0				False	blood	mid	nucleotide_transformer
419	0.0	0.0	0.0				False	blood	mid	nucleotide_transformer
420	0.0	0.0	0.0				False	blood	mid	nucleotide_transformer
422	0.0	0.0	0.0				False	blood	mid	nucleotide_transformer
423	0.0	0.0	0.0				False	blood	mid	nucleotide_transformer
424	0.0	0.0	0.0				False	blood	mid	nucleotide_transformer
425	0.0	0.0	0.0				False	blood	mid	nucleotide_transformer
426	0.0	0.0	0.0				False	blood	mid	nucleotide_transformer
427	0.0	0.0	0.0				False	blood	mid	nucleotide_transformer
428	0.0	0.0	0.0				False	blood	mid	nucleotide_transformer
429	0.0	0.0	0.0				False	blood	mid	nucleotide_transformer
430	0.0	0.0	0.0				False	blood	mid	nucleotide_transformer
431	0.0	0.0	0.0				False	blood	mid	nucleotide_transformer
432	0.0	0.0	0.0				False	blood	mid	nucleotide_transformer
433	0.0	0.0	0.0				False	blood	mid	nucleotide_transformer
434	0.0	0.0	0.0				False	blood	mid	nucleotide_transformer
435	0.0	0.0	0.0				False	blood	mid	nucleotide_transformer
436	0.0	0.0	0.0				False	blood	mid	nucleotide_transformer
437	0.0	0.0	0.0				False	blood	mid	nucleotide_transformer
438	0.0	0.0	0.0				False	blood	mid	nucleotide_transformer
439	0.0	0.0	0.0				False	blood	mid	nucleotide_transformer
440	0.0	0.0	0.0				False	blood	mid	nucleotide_transformer
441	0.0	0.0	0.0				False	blood	mid	nucleotide_transformer
442	0.0	0.0	0.0				False	blood	mid	nucleotide_transformer
443	0.0	0.0	0.0				False	blood	mid	nucleotide_transformer
444	0.0	0.0	0.0				False	blood	mid	nucleotide_transformer
445	0.0	0.0	0.0				False	blood	mid	nucleotide_transformer
446	0.0	0.0	0.0				False	blood	mid	nucleotide_transformer
447	0.0	0.0	0.0				False	blood	mid	nucleotide_transformer
448	0.0	0.0	0.0				False	blood	mid	nucleotide_transformer
449	0.0	0.0	0.0				False	blood	mid	nucleotide_transformer
450	0.0	0.0	0.0				False	blood	mid	nucleotide_transformer
451	0.0	0.0	0.0				False	blood	mid	nucleotide_transformer
452	0.0	0.0	0.0				False	blood	mid	nucleotide_transformer
453	0.0	0.0	0.0				False	blood	mid	nucleotide_transformer
454	0.0	0.0	0.0				False	blood	mid	nucleotide_transformer
455	0.0	0.0	0.0				False	blood	mid	nucleotide_transformer
456	0.0	0.0	0.0				False	blood	mid	nucleotide_transformer
457	0.0	0.0	0.0				False	blood	mid	nucleotide_transformer
458	0.0	0.0	0.0				False	blood	mid	nucleotide_transformer
459	0.0	0.0	0.0				False	blood	mid	nucleotide_transformer
460	0.0	0.0	0.0				False	blood	mid	nucleotide_transformer
461	0.0	0.0	0.0				False	blood	mid	nucleotide_transformer
462	0.0	0.0	0.0				False	blood	mid	nucleotide_transformer
463	0.0	0.0	0.0				False	blood	mid	nucleotide_transformer
464	0.0	0.0	0.0				False	blood	mid	nucleotide_transformer
465	0.0	0.0	0.0				False	blood	mid	nucleotide_transformer
466	0.0	0.0	0.0				False	blood	mid	nucleotide_transformer
467	0.0	0.0	0.0				False	blood	mid	nucleotide_transformer
468	0.0	0.0	0.0				False	blood	mid	nucleotide_transformer
469	0.0	0.0	0.0				False	blood	mid	nucleotide_transformer
470	0.0	0.0	0.0				False	blood	mid	nucleotide_transformer
471	0.0	0.0	0.0				False	blood	mid	nucleotide_transformer
473	0.0	0.0	0.0				False	blood	mid	nucleotide_transformer
474	0.0	0.0	0.0				False	blood	mid	nucleotide_transformer
475	0.0	0.0	0.0				False	blood	mid	nucleotide_transformer
476	0.0	0.0	0.0				False	blood	mid	nucleotide_transformer
477	0.0	0.0	0.0				False	blood	mid	nucleotide_transformer
478	0.0	0.0	0.0				False	blood	mid	nucleotide_transformer
480	0.0	0.0	0.0				False	blood	mid	nucleotide_transformer
481	0.0	0.0	0.0				False	blood	mid	nucleotide_transformer
482	0.0	0.0	0.0				False	blood	mid	nucleotide_transformer
483	0.0	0.0	0.0				False	blood	mid	nucleotide_transformer
484	0.0	0.0	0.0				False	blood	mid	nucleotide_transformer
485	0.0	0.0	0.0				False	blood	mid	nucleotide_transformer
486	0.0	0.0	0.0				False	blood	mid	nucleotide_transformer
487	0.0	0.0	0.0				False	blood	mid	nucleotide_transformer
488	0.0	0.0	0.0				False	blood	mid	nucleotide_transformer
489	0.0	0.0	0.0				False	blood	mid	nucleotide_transformer
490	0.0	0.0	0.0				False	blood	mid	nucleotide_transformer
491	0.0	0.0	0.0				False	blood	mid	nucleotide_transformer
492	0.0	0.0	0.0				False	blood	mid	nucleotide_transformer
493	0.0	0.0	0.0				False	blood	mid	nucleotide_transformer
494	0.0	0.0	0.0				False	blood	mid	nucleotide_transformer
495	0.0	0.0	0.0				False	blood	mid	nucleotide_transformer
496	0.0	0.0	0.0				False	blood	mid	nucleotide_transformer
497	0.0	0.0	0.0				False	blood	mid	nucleotide_transformer
498	0.0	0.0	0.0				False	blood	mid	nucleotide_transformer
500	0.0	0.0	0.0				False	blood	mid	nucleotide_transformer
501	0.0	0.0	0.0				False	blood	mid	nucleotide_transformer
502	0.0	0.0	0.0				False	blood	mid	nucleotide_transformer
503	0.0	0.0	0.0				False	blood	mid	nucleotide_transformer
504	0.0	0.0	0.0				False	blood	mid	nucleotide_transformer
505	0.0	0.0	0.0				False	blood	mid	nucleotide_transformer
506	0.0	0.0	0.0				False	blood	mid	nucleotide_transformer
507	0.0	0.0	0.0				False	blood	mid	nucleotide_transformer
508	0.0	0.0	0.0				False	blood	mid	nucleotide_transformer
509	0.0	0.0	0.0				False	blood	mid	nucleotide_transformer
510	0.0	0.0	0.0				False	blood	mid	nucleotide_transformer
511	0.0	0.0	0.0				False	blood	mid	nucleotide_transformer
512	0.0	0.0	0.0				False	blood	mid	nucleotide_transformer
513	0.0	0.0	0.0				False	blood	mid	nucleotide_transformer
514	0.0	0.0	0.0				False	blood	mid	nucleotide_transformer
515	0.0	0.0	0.0				False	blood	mid	nucleotide_transformer
516	0.0	0.0	0.0				False	blood	mid	nucleotide_transformer
518	0.0	0.0	0.0				False	blood	mid	nucleotide_transformer
519	0.0	0.0	0.0				False	blood	mid	nucleotide_transformer
520	0.0	0.0	0.0				False	blood	mid	nucleotide_transformer
521	0.0	0.0	0.0				False	blood	mid	nucleotide_transformer
522	0.0	0.0	0.0				False	blood	mid	nucleotide_transformer
523	0.0	0.0	0.0				False	blood	mid	nucleotide_transformer
524	0.0	0.0	0.0				False	blood	mid	nucleotide_transformer
525	0.0	0.0	0.0				False	blood	mid	nucleotide_transformer
526	0.0	0.0	0.0				False	blood	mid	nucleotide_transformer
527	0.0	0.0	0.0				False	blood	mid	nucleotide_transformer
528	0.0	0.0	0.0				False	blood	mid	nucleotide_transformer
529	0.0	0.0	0.0				False	blood	mid	nucleotide_transformer
530	0.0	0.0	0.0				False	blood	mid	nucleotide_transformer
531	0.0	0.0	0.0				False	blood	mid	nucleotide_transformer
532	0.0	0.0	0.0				False	blood	mid	nucleotide_transformer
533	0.0	0.0	0.0				False	blood	mid	nucleotide_transformer
535	0.0	0.0	0.0				False	blood	mid	nucleotide_transformer
536	0.0	0.0	0.0				False	blood	mid	nucleotide_transformer
537	0.0	0.0	0.0				False	blood	mid	nucleotide_transformer
538	0.0	0.0	0.0				False	blood	mid	nucleotide_transformer
539	0.0	0.0	0.0				False	blood	mid	nucleotide_transformer
540	0.0	0.0	0.0				False	blood	mid	nucleotide_transformer
541	0.0	0.0	0.0				False	blood	mid	nucleotide_transformer
542	0.0	0.0	0.0				False	blood	mid	nucleotide_transformer
543	0.0	0.0	0.0				False	blood	mid	nucleotide_transformer
544	0.0	0.0	0.0				False	blood	mid	nucleotide_transformer
545	0.0	0.0	0.0				False	blood	mid	nucleotide_transformer
546	0.0	0.0	0.0				False	blood	mid	nucleotide_transformer
547	0.0	0.0	0.0				False	blood	mid	nucleotide_transformer
548	0.0	0.0	0.0				False	blood	mid	nucleotide_transformer
549	0.0	0.0	0.0				False	blood	mid	nucleotide_transformer
550	0.0	0.0	0.0				False	blood	mid	nucleotide_transformer
551	0.0	0.0	0.0				False	blood	mid	nucleotide_transformer
552	0.0	0.0	0.0				False	blood	mid	nucleotide_transformer
553	0.0	0.0	0.0				False	blood	mid	nucleotide_transformer
554	0.0	0.0	0.0				False	blood	mid	nucleotide_transformer
555	0.0	0.0	0.0				False	blood	mid	nucleotide_transformer
556	0.0	0.0	0.0				False	blood	mid	nucleotide_transformer
557	0.0	0.0	0.0				False	blood	mid	nucleotide_transformer
558	0.0	0.0	0.0				False	blood	mid	nucleotide_transformer
559	0.0	0.0	0.0				False	blood	mid	nucleotide_transformer
560	0.0	0.0	0.0				False	blood	mid	nucleotide_transformer
561	0.0	0.0	0.0				False	blood	mid	nucleotide_transformer
562	0.0	0.0	0.0				False	blood	mid	nucleotide_transformer
563	0.0	0.0	0.0				False	blood	mid	nucleotide_transformer
564	0.0	0.0	0.0				False	blood	mid	nucleotide_transformer
565	0.0	0.0	0.0				False	blood	mid	nucleotide_transformer
566	0.0	0.0	0.0				False	blood	mid	nucleotide_transformer
567	0.0	0.0	0.0				False	blood	mid	nucleotide_transformer
568	0.0	0.0	0.0				False	blood	mid	nucleotide_transformer
569	0.0	0.0	0.0				False	blood	mid	nucleotide_transformer
570	0.0	0.0	0.0				False	blood	mid	nucleotide_transformer
571	0.0	0.0	0.0				False	blood	mid	nucleotide_transformer
572	0.0	0.0	0.0				False	blood	mid	nucleotide_transformer
573	0.0	0.0	0.0				False	blood	mid	nucleotide_transformer
574	0.0	0.0	0.0				False	blood	mid	nucleotide_transformer
575	0.0	0.0	0.0				False	blood	mid	nucleotide_transformer
576	0.0	0.0	0.0				False	blood	mid	nucleotide_transformer
577	0.0	0.0	0.0				False	blood	mid	nucleotide_transformer
578	0.0	0.0	0.0				False	blood	mid	nucleotide_transformer
579	0.0	0.0	0.0				False	blood	mid	nucleotide_transformer
580	0.0	0.0	0.0				False	blood	mid	nucleotide_transformer
581	0.0	0.0	0.0				False	blood	mid	nucleotide_transformer
582	0.0	0.0	0.0				False	blood	mid	nucleotide_transformer
583	0.0	0.0	0.0				False	blood	mid	nucleotide_transformer
584	0.0	0.0	0.0				False	blood	mid	nucleotide_transformer
585	0.0	0.0	0.0				False	blood	mid	nucleotide_transformer
586	0.0	0.0	0.0				False	blood	mid	nucleotide_transformer
587	0.0	0.0	0.0				False	blood	mid	nucleotide_transformer
588	0.0	0.0	0.0				False	blood	mid	nucleotide_transformer
589	0.0	0.0	0.0				False	blood	mid	nucleotide_transformer
590	0.0	0.0	0.0				False	blood	mid	nucleotide_transformer
591	0.0	0.0	0.0				False	blood	mid	nucleotide_transformer
592	0.0	0.0	0.0				False	blood	mid	nucleotide_transformer
593	0.0	0.0	0.0				False	blood	mid	nucleotide_transformer
594	0.0	0.0	0.0				False	blood	mid	nucleotide_transformer
595	0.0	0.0	0.0				False	blood	mid	nucleotide_transformer
596	0.0	0.0	0.0				False	blood	mid	nucleotide_transformer
597	0.0	0.0	0.0				False	blood	mid	nucleotide_transformer
598	0.0	0.0	0.0				False	blood	mid	nucleotide_transformer
599	0.0	0.0	0.0				False	blood	mid	nucleotide_transformer
600	0.0	0.0	0.0				False	blood	mid	nucleotide_transformer
601	0.0	0.0	0.0				False	blood	mid	nucleotide_transformer
602	0.0	0.0	0.0				False	blood	mid	nucleotide_transformer
603	0.0	0.0	0.0				False	blood	mid	nucleotide_transformer
604	0.0	0.0	0.0				False	blood	mid	nucleotide_transformer
605	0.0	0.0	0.0				False	blood	mid	nucleotide_transformer
606	0.0	0.0	0.0				False	blood	mid	nucleotide_transformer
607	0.0	0.0	0.0				False	blood	mid	nucleotide_transformer
608	0.0	0.0	0.0				False	blood	mid	nucleotide_transformer
609	0.0	0.0	0.0				False	blood	mid	nucleotide_transformer
610	0.0	0.0	0.0				False	blood	mid	nucleotide_transformer
611	0.0	0.0	0.0				False	blood	mid	nucleotide_transformer
612	0.0	0.0	0.0				False	blood	mid	nucleotide_transformer
613	0.0	0.0	0.0				False	blood	mid	nucleotide_transformer
615	0.0	0.0	0.0				False	blood	mid	nucleotide_transformer
616	0.0	0.0	0.0				False	blood	mid	nucleotide_transformer
617	0.0	0.0	0.0				False	blood	mid	nucleotide_transformer
618	0.0	0.0	0.0				False	blood	mid	nucleotide_transformer
619	0.0	0.0	0.0				False	blood	mid	nucleotide_transformer
620	0.0	0.0	0.0				False	blood	mid	nucleotide_transformer
621	0.0	0.0	0.0				False	blood	mid	nucleotide_transformer
622	0.0	0.0	0.0				False	blood	mid	nucleotide_transformer
623	0.0	0.0	0.0				False	blood	mid	nucleotide_transformer
624	0.0	0.0	0.0				False	blood	mid	nucleotide_transformer
625	0.0	0.0	0.0				False	blood	mid	nucleotide_transformer
626	0.0	0.0	0.0				False	blood	mid	nucleotide_transformer
627	0.0	0.0	0.0				False	blood	mid	nucleotide_transformer
628	0.0	0.0	0.0				False	blood	mid	nucleotide_transformer
629	0.0	0.0	0.0				False	blood	mid	nucleotide_transformer
630	0.0	0.0	0.0				False	blood	mid	nucleotide_transformer
631	0.0	0.0	0.0				False	blood	mid	nucleotide_transformer
632	0.0	0.0	0.0				False	blood	mid	nucleotide_transformer
633	0.0	0.0	0.0				False	blood	mid	nucleotide_transformer
634	0.0	0.0	0.0				False	blood	mid	nucleotide_transformer
635	0.0	0.0	0.0				False	blood	mid	nucleotide_transformer
636	0.0	0.0	0.0				False	blood	mid	nucleotide_transformer
637	0.0	0.0	0.0				False	blood	mid	nucleotide_transformer
638	0.0	0.0	0.0				False	blood	mid	nucleotide_transformer
639	0.0	0.0	0.0				False	blood	mid	nucleotide_transformer
640	0.0	0.0	0.0				False	blood	mid	nucleotide_transformer
641	0.0	0.0	0.0				False	blood	mid	nucleotide_transformer
642	0.0	0.0	0.0				False	blood	mid	nucleotide_transformer
643	0.0	0.0	0.0				False	blood	mid	nucleotide_transformer
644	0.0	0.0	0.0				False	blood	mid	nucleotide_transformer
645	0.0	0.0	0.0				False	blood	mid	nucleotide_transformer
646	0.0	0.0	0.0				False	blood	mid	nucleotide_transformer
647	0.0	0.0	0.0				False	blood	mid	nucleotide_transformer
648	0.0	0.0	0.0				False	blood	mid	nucleotide_transformer
649	0.0	0.0	0.0				False	blood	mid	nucleotide_transformer
650	0.0	0.0	0.0				False	blood	mid	nucleotide_transformer
651	0.0	0.0	0.0				False	blood	mid	nucleotide_transformer
652	0.0	0.0	0.0				False	blood	mid	nucleotide_transformer
653	0.0	0.0	0.0				False	blood	mid	nucleotide_transformer
654	0.0	0.0	0.0				False	blood	mid	nucleotide_transformer
655	0.0	0.0	0.0				False	blood	mid	nucleotide_transformer
656	0.0	0.0	0.0				False	blood	mid	nucleotide_transformer
657	0.0	0.0	0.0				False	blood	mid	nucleotide_transformer
658	0.0	0.0	0.0				False	blood	mid	nucleotide_transformer
659	0.0	0.0	0.0				False	blood	mid	nucleotide_transformer
660	0.0	0.0	0.0				False	blood	mid	nucleotide_transformer
661	0.0	0.0	0.0				False	blood	mid	nucleotide_transformer
662	0.0	0.0	0.0				False	blood	mid	nucleotide_transformer
663	0.0	0.0	0.0				False	blood	mid	nucleotide_transformer
664	0.0	0.0	0.0				False	blood	mid	nucleotide_transformer
665	0.0	0.0	0.0				False	blood	mid	nucleotide_transformer
667	0.0	0.0	0.0				False	blood	mid	nucleotide_transformer
668	0.0	0.0	0.0				False	blood	mid	nucleotide_transformer
669	0.0	0.0	0.0				False	blood	mid	nucleotide_transformer
670	0.0	0.0	0.0				False	blood	mid	nucleotide_transformer
671	0.0	0.0	0.0				False	blood	mid	nucleotide_transformer
672	0.0	0.0	0.0				False	blood	mid	nucleotide_transformer
673	0.0	0.0	0.0				False	blood	mid	nucleotide_transformer
674	0.0	0.0	0.0				False	blood	mid	nucleotide_transformer
675	0.0	0.0	0.0				False	blood	mid	nucleotide_transformer
676	0.0	0.0	0.0				False	blood	mid	nucleotide_transformer
677	0.0	0.0	0.0				False	blood	mid	nucleotide_transformer
678	0.0	0.0	0.0				False	blood	mid	nucleotide_transformer
679	0.0	0.0	0.0				False	blood	mid	nucleotide_transformer
680	0.0	0.0	0.0				False	blood	mid	nucleotide_transformer
681	0.0	0.0	0.0				False	blood	mid	nucleotide_transformer
682	0.0	0.0	0.0				False	blood	mid	nucleotide_transformer
683	0.0	0.0	0.0				False	blood	mid	nucleotide_transformer
684	0.0	0.0	0.0				False	blood	mid	nucleotide_transformer
685	0.0	0.0	0.0				False	blood	mid	nucleotide_transformer
687	0.0	0.0	0.0				False	blood	mid	nucleotide_transformer
689	0.0	0.0	0.0				False	blood	mid	nucleotide_transformer
690	0.0	0.0	0.0				False	blood	mid	nucleotide_transformer
691	0.0	0.0	0.0				False	blood	mid	nucleotide_transformer
692	0.0	0.0	0.0				False	blood	mid	nucleotide_transformer
693	0.0	0.0	0.0				False	blood	mid	nucleotide_transformer
694	0.0	0.0	0.0				False	blood	mid	nucleotide_transformer
696	0.0	0.0	0.0				False	blood	mid	nucleotide_transformer
697	0.0	0.0	0.0				False	blood	mid	nucleotide_transformer
698	0.0	0.0	0.0				False	blood	mid	nucleotide_transformer
699	0.0	0.0	0.0				False	blood	mid	nucleotide_transformer
700	0.0	0.0	0.0				False	blood	mid	nucleotide_transformer
701	0.0	0.0	0.0				False	blood	mid	nucleotide_transformer
702	0.0	0.0	0.0				False	blood	mid	nucleotide_transformer
703	0.0	0.0	0.0				False	blood	mid	nucleotide_transformer
704	0.0	0.0	0.0				False	blood	mid	nucleotide_transformer
705	0.0	0.0	0.0				False	blood	mid	nucleotide_transformer
706	0.0	0.0	0.0				False	blood	mid	nucleotide_transformer
708	0.0	0.0	0.0				False	blood	mid	nucleotide_transformer
709	0.0	0.0	0.0				False	blood	mid	nucleotide_transformer
710	0.0	0.0	0.0				False	blood	mid	nucleotide_transformer
711	0.0	0.0	0.0				False	blood	mid	nucleotide_transformer
712	0.0	0.0	0.0				False	blood	mid	nucleotide_transformer
713	0.0	0.0	0.0				False	blood	mid	nucleotide_transformer
714	0.0	0.0	0.0				False	blood	mid	nucleotide_transformer
715	0.0	0.0	0.0				False	blood	mid	nucleotide_transformer
716	0.0	0.0	0.0				False	blood	mid	nucleotide_transformer
717	0.0	0.0	0.0				False	blood	mid	nucleotide_transformer
718	0.0	0.0	0.0				False	blood	mid	nucleotide_transformer
719	0.0	0.0	0.0				False	blood	mid	nucleotide_transformer
720	0.0	0.0	0.0				False	blood	mid	nucleotide_transformer
721	0.0	0.0	0.0				False	blood	mid	nucleotide_transformer
722	0.0	0.0	0.0				False	blood	mid	nucleotide_transformer
723	0.0	0.0	0.0				False	blood	mid	nucleotide_transformer
724	0.0	0.0	0.0				False	blood	mid	nucleotide_transformer
725	0.0	0.0	0.0				False	blood	mid	nucleotide_transformer
726	0.0	0.0	0.0				False	blood	mid	nucleotide_transformer
727	0.0	0.0	0.0				False	blood	mid	nucleotide_transformer
728	0.0	0.0	0.0				False	blood	mid	nucleotide_transformer
729	0.0	0.0	0.0				False	blood	mid	nucleotide_transformer
730	0.0	0.0	0.0				False	blood	mid	nucleotide_transformer
731	0.0	0.0	0.0				False	blood	mid	nucleotide_transformer
732	0.0	0.0	0.0				False	blood	mid	nucleotide_transformer
733	0.0	0.0	0.0				False	blood	mid	nucleotide_transformer
734	0.0	0.0	0.0				False	blood	mid	nucleotide_transformer
735	0.0	0.0	0.0				False	blood	mid	nucleotide_transformer
736	0.0	0.0	0.0				False	blood	mid	nucleotide_transformer
737	0.0	0.0	0.0				False	blood	mid	nucleotide_transformer
738	0.0	0.0	0.0				False	blood	mid	nucleotide_transformer
739	0.0	0.0	0.0				False	blood	mid	nucleotide_transformer
740	0.0	0.0	0.0				False	blood	mid	nucleotide_transformer
741	0.0	0.0	0.0				False	blood	mid	nucleotide_transformer
742	0.0	0.0	0.0				False	blood	mid	nucleotide_transformer
743	0.0	0.0	0.0				False	blood	mid	nucleotide_transformer
744	0.0	0.0	0.0				False	blood	mid	nucleotide_transformer
745	0.0	0.0	0.0				False	blood	mid	nucleotide_transformer
746	0.0	0.0	0.0				False	blood	mid	nucleotide_transformer
747	0.0	0.0	0.0				False	blood	mid	nucleotide_transformer
748	0.0	0.0	0.0				False	blood	mid	nucleotide_transformer
749	0.0	0.0	0.0				False	blood	mid	nucleotide_transformer
750	0.0	0.0	0.0				False	blood	mid	nucleotide_transformer
751	0.0	0.0	0.0				False	blood	mid	nucleotide_transformer
752	0.0	0.0	0.0				False	blood	mid	nucleotide_transformer
753	0.0	0.0	0.0				False	blood	mid	nucleotide_transformer
754	0.0	0.0	0.0				False	blood	mid	nucleotide_transformer
755	0.0	0.0	0.0				False	blood	mid	nucleotide_transformer
756	0.0	0.0	0.0				False	blood	mid	nucleotide_transformer
757	0.0	0.0	0.0				False	blood	mid	nucleotide_transformer
758	0.0	0.0	0.0				False	blood	mid	nucleotide_transformer
759	0.0	0.0	0.0				False	blood	mid	nucleotide_transformer
760	0.0	0.0	0.0				False	blood	mid	nucleotide_transformer
761	0.0	0.0	0.0				False	blood	mid	nucleotide_transformer
762	0.0	0.0	0.0				False	blood	mid	nucleotide_transformer
763	0.0	0.0	0.0				False	blood	mid	nucleotide_transformer
764	0.0	0.0	0.0				False	blood	mid	nucleotide_transformer
765	0.0	0.0	0.0				False	blood	mid	nucleotide_transformer
766	0.0	0.0	0.0				False	blood	mid	nucleotide_transformer
767	0.0	0.0	0.0				False	blood	mid	nucleotide_transformer
768	0.0	0.0	0.0				False	blood	mid	nucleotide_transformer
769	0.0	0.0	0.0				False	blood	mid	nucleotide_transformer
770	0.0	0.0	0.0				False	blood	mid	nucleotide_transformer
771	0.0	0.0	0.0				False	blood	mid	nucleotide_transformer
772	0.0	0.0	0.0				False	blood	mid	nucleotide_transformer
773	0.0	0.0	0.0				False	blood	mid	nucleotide_transformer
774	0.0	0.0	0.0				False	blood	mid	nucleotide_transformer
775	0.0	0.0	0.0				False	blood	mid	nucleotide_transformer
776	0.0	0.0	0.0				False	blood	mid	nucleotide_transformer
777	0.0	0.0	0.0				False	blood	mid	nucleotide_transformer
778	0.0	0.0	0.0				False	blood	mid	nucleotide_transformer
779	0.0	0.0	0.0				False	blood	mid	nucleotide_transformer
780	0.0	0.0	0.0				False	blood	mid	nucleotide_transformer
781	0.0	0.0	0.0				False	blood	mid	nucleotide_transformer
782	0.0	0.0	0.0				False	blood	mid	nucleotide_transformer
783	0.0	0.0	0.0				False	blood	mid	nucleotide_transformer
784	0.0	0.0	0.0				False	blood	mid	nucleotide_transformer
785	0.0	0.0	0.0				False	blood	mid	nucleotide_transformer
786	0.0	0.0	0.0				False	blood	mid	nucleotide_transformer
787	0.0	0.0	0.0				False	blood	mid	nucleotide_transformer
788	0.0	0.0	0.0				False	blood	mid	nucleotide_transformer
789	0.0	0.0	0.0				False	blood	mid	nucleotide_transformer
790	0.0	0.0	0.0				False	blood	mid	nucleotide_transformer
791	0.0	0.0	0.0				False	blood	mid	nucleotide_transformer
792	0.0	0.0	0.0				False	blood	mid	nucleotide_transformer
793	0.0	0.0	0.0				False	blood	mid	nucleotide_transformer
794	0.0	0.0	0.0				False	blood	mid	nucleotide_transformer
795	0.0	0.0	0.0				False	blood	mid	nucleotide_transformer
796	0.0	0.0	0.0				False	blood	mid	nucleotide_transformer
797	0.0	0.0	0.0				False	blood	mid	nucleotide_transformer
798	0.0	0.0	0.0				False	blood	mid	nucleotide_transformer
799	0.0	0.0	0.0				False	blood	mid	nucleotide_transformer
800	0.0	0.0	0.0				False	blood	mid	nucleotide_transformer
801	0.0	0.0	0.0				False	blood	mid	nucleotide_transformer
802	0.0	0.0	0.0				False	blood	mid	nucleotide_transformer
803	0.0	0.0	0.0				False	blood	mid	nucleotide_transformer
804	0.0	0.0	0.0				False	blood	mid	nucleotide_transformer
805	0.0	0.0	0.0				False	blood	mid	nucleotide_transformer
806	0.0	0.0	0.0				False	blood	mid	nucleotide_transformer
807	0.0	0.0	0.0				False	blood	mid	nucleotide_transformer
808	0.0	0.0	0.0				False	blood	mid	nucleotide_transformer
809	0.0	0.0	0.0				False	blood	mid	nucleotide_transformer
810	0.0	0.0	0.0				False	blood	mid	nucleotide_transformer
811	0.0	0.0	0.0				False	blood	mid	nucleotide_transformer
812	0.0	0.0	0.0				False	blood	mid	nucleotide_transformer
813	0.0	0.0	0.0				False	blood	mid	nucleotide_transformer
814	0.0	0.0	0.0				False	blood	mid	nucleotide_transformer
815	0.0	0.0	0.0				False	blood	mid	nucleotide_transformer
816	0.0	0.0	0.0				False	blood	mid	nucleotide_transformer
817	0.0	0.0	0.0				False	blood	mid	nucleotide_transformer
818	0.0	0.0	0.0				False	blood	mid	nucleotide_transformer
819	0.0	0.0	0.0				False	blood	mid	nucleotide_transformer
820	0.0	0.0	0.0				False	blood	mid	nucleotide_transformer
822	0.0	0.0	0.0				False	blood	mid	nucleotide_transformer
823	0.0	0.0	0.0				False	blood	mid	nucleotide_transformer
824	0.0	0.0	0.0				False	blood	mid	nucleotide_transformer
825	0.0	0.0	0.0				False	blood	mid	nucleotide_transformer
826	0.0	0.0	0.0				False	blood	mid	nucleotide_transformer
827	0.0	0.0	0.0				False	blood	mid	nucleotide_transformer
828	0.0	0.0	0.0				False	blood	mid	nucleotide_transformer
829	0.0	0.0	0.0				False	blood	mid	nucleotide_transformer
830	0.0	0.0	0.0				False	blood	mid	nucleotide_transformer
831	0.0	0.0	0.0				False	blood	mid	nucleotide_transformer
832	0.0	0.0	0.0				False	blood	mid	nucleotide_transformer
833	0.0	0.0	0.0				False	blood	mid	nucleotide_transformer
834	0.0	0.0	0.0				False	blood	mid	nucleotide_transformer
835	0.0	0.0	0.0				False	blood	mid	nucleotide_transformer
836	0.0	0.0	0.0				False	blood	mid	nucleotide_transformer
839	0.0	0.0	0.0				False	blood	mid	nucleotide_transformer
840	0.0	0.0	0.0				False	blood	mid	nucleotide_transformer
841	0.0	0.0	0.0				False	blood	mid	nucleotide_transformer
842	0.0	0.0	0.0				False	blood	mid	nucleotide_transformer
843	0.0	0.0	0.0				False	blood	mid	nucleotide_transformer
844	0.0	0.0	0.0				False	blood	mid	nucleotide_transformer
845	0.0	0.0	0.0				False	blood	mid	nucleotide_transformer
846	0.0	0.0	0.0				False	blood	mid	nucleotide_transformer
847	0.0	0.0	0.0				False	blood	mid	nucleotide_transformer
848	0.0	0.0	0.0				False	blood	mid	nucleotide_transformer
849	0.0	0.0	0.0				False	blood	mid	nucleotide_transformer
850	0.0	0.0	0.0				False	blood	mid	nucleotide_transformer
851	0.0	0.0	0.0				False	blood	mid	nucleotide_transformer
852	0.0	0.0	0.0				False	blood	mid	nucleotide_transformer
853	0.0	0.0	0.0				False	blood	mid	nucleotide_transformer
854	0.0	0.0	0.0				False	blood	mid	nucleotide_transformer
855	0.0	0.0	0.0				False	blood	mid	nucleotide_transformer
856	0.0	0.0	0.0				False	blood	mid	nucleotide_transformer
857	0.0	0.0	0.0				False	blood	mid	nucleotide_transformer
858	0.0	0.0	0.0				False	blood	mid	nucleotide_transformer
859	0.0	0.0	0.0				False	blood	mid	nucleotide_transformer
860	0.0	0.0	0.0				False	blood	mid	nucleotide_transformer
861	0.0	0.0	0.0				False	blood	mid	nucleotide_transformer
862	0.0	0.0	0.0				False	blood	mid	nucleotide_transformer
863	0.0	0.0	0.0				False	blood	mid	nucleotide_transformer
864	0.0	0.0	0.0				False	blood	mid	nucleotide_transformer
865	0.0	0.0	0.0				False	blood	mid	nucleotide_transformer
866	0.0	0.0	0.0				False	blood	mid	nucleotide_transformer
867	0.0	0.0	0.0				False	blood	mid	nucleotide_transformer
868	0.0	0.0	0.0				False	blood	mid	nucleotide_transformer
869	0.0	0.0	0.0				False	blood	mid	nucleotide_transformer
870	0.0	0.0	0.0				False	blood	mid	nucleotide_transformer
871	0.0	0.0	0.0				False	blood	mid	nucleotide_transformer
872	0.0	0.0	0.0				False	blood	mid	nucleotide_transformer
873	0.0	0.0	0.0				False	blood	mid	nucleotide_transformer
874	0.0	0.0	0.0				False	blood	mid	nucleotide_transformer
876	0.0	0.0	0.0				False	blood	mid	nucleotide_transformer
877	0.0	0.0	0.0				False	blood	mid	nucleotide_transformer
878	0.0	0.0	0.0				False	blood	mid	nucleotide_transformer
879	0.0	0.0	0.0				False	blood	mid	nucleotide_transformer
880	0.0	0.0	0.0				False	blood	mid	nucleotide_transformer
881	0.0	0.0	0.0				False	blood	mid	nucleotide_transformer
882	0.0	0.0	0.0				False	blood	mid	nucleotide_transformer
883	0.0	0.0	0.0				False	blood	mid	nucleotide_transformer
884	0.0	0.0	0.0				False	blood	mid	nucleotide_transformer
885	0.0	0.0	0.0				False	blood	mid	nucleotide_transformer
886	0.0	0.0	0.0				False	blood	mid	nucleotide_transformer
887	0.0	0.0	0.0				False	blood	mid	nucleotide_transformer
888	0.0	0.0	0.0				False	blood	mid	nucleotide_transformer
889	0.0	0.0	0.0				False	blood	mid	nucleotide_transformer
890	0.0	0.0	0.0				False	blood	mid	nucleotide_transformer
892	0.0	0.0	0.0				False	blood	mid	nucleotide_transformer
893	0.0	0.0	0.0				False	blood	mid	nucleotide_transformer
894	0.0	0.0	0.0				False	blood	mid	nucleotide_transformer
895	0.0	0.0	0.0				False	blood	mid	nucleotide_transformer
896	0.0	0.0	0.0				False	blood	mid	nucleotide_transformer
897	0.0	0.0	0.0				False	blood	mid	nucleotide_transformer
898	0.0	0.0	0.0				False	blood	mid	nucleotide_transformer
899	0.0	0.0	0.0				False	blood	mid	nucleotide_transformer
900	0.0	0.0	0.0				False	blood	mid	nucleotide_transformer
901	0.0	0.0	0.0				False	blood	mid	nucleotide_transformer
902	0.0	0.0	0.0				False	blood	mid	nucleotide_transformer
903	0.0	0.0	0.0				False	blood	mid	nucleotide_transformer
904	0.0	0.0	0.0				False	blood	mid	nucleotide_transformer
905	0.0	0.0	0.0				False	blood	mid	nucleotide_transformer
906	0.0	0.0	0.0				False	blood	mid	nucleotide_transformer
907	0.0	0.0	0.0				False	blood	mid	nucleotide_transformer
908	0.0	0.0	0.0				False	blood	mid	nucleotide_transformer
909	0.0	0.0	0.0				False	blood	mid	nucleotide_transformer
910	0.0	0.0	0.0				False	blood	mid	nucleotide_transformer
911	0.0	0.0	0.0				False	blood	mid	nucleotide_transformer
912	0.0	0.0	0.0				False	blood	mid	nucleotide_transformer
913	0.0	0.0	0.0				False	blood	mid	nucleotide_transformer
914	0.0	0.0	0.0				False	blood	mid	nucleotide_transformer
915	0.0	0.0	0.0				False	blood	mid	nucleotide_transformer
916	0.0	0.0	0.0				False	blood	mid	nucleotide_transformer
917	0.0	0.0	0.0				False	blood	mid	nucleotide_transformer
918	0.0	0.0	0.0				False	blood	mid	nucleotide_transformer
919	0.0	0.0	0.0				False	blood	mid	nucleotide_transformer
920	0.0	0.0	0.0				False	blood	mid	nucleotide_transformer
921	0.0	0.0	0.0				False	blood	mid	nucleotide_transformer
923	0.0	0.0	0.0				False	blood	mid	nucleotide_transformer
924	0.0	0.0	0.0				False	blood	mid	nucleotide_transformer
925	0.0	0.0	0.0				False	blood	mid	nucleotide_transformer
926	0.0	0.0	0.0				False	blood	mid	nucleotide_transformer
927	0.0	0.0	0.0				False	blood	mid	nucleotide_transformer
928	0.0	0.0	0.0				False	blood	mid	nucleotide_transformer
929	0.0	0.0	0.0				False	blood	mid	nucleotide_transformer
930	0.0	0.0	0.0				False	blood	mid	nucleotide_transformer
932	0.0	0.0	0.0				False	blood	mid	nucleotide_transformer
933	0.0	0.0	0.0				False	blood	mid	nucleotide_transformer
934	0.0	0.0	0.0				False	blood	mid	nucleotide_transformer
935	0.0	0.0	0.0				False	blood	mid	nucleotide_transformer
936	0.0	0.0	0.0				False	blood	mid	nucleotide_transformer
937	0.0	0.0	0.0				False	blood	mid	nucleotide_transformer
938	0.0	0.0	0.0				False	blood	mid	nucleotide_transformer
939	0.0	0.0	0.0				False	blood	mid	nucleotide_transformer
940	0.0	0.0	0.0				False	blood	mid	nucleotide_transformer
941	0.0	0.0	0.0				False	blood	mid	nucleotide_transformer
942	0.0	0.0	0.0				False	blood	mid	nucleotide_transformer
943	0.0	0.0	0.0				False	blood	mid	nucleotide_transformer
944	0.0	0.0	0.0				False	blood	mid	nucleotide_transformer
945	0.0	0.0	0.0				False	blood	mid	nucleotide_transformer
946	0.0	0.0	0.0				False	blood	mid	nucleotide_transformer
947	0.0	0.0	0.0				False	blood	mid	nucleotide_transformer
948	0.0	0.0	0.0				False	blood	mid	nucleotide_transformer
949	0.0	0.0	0.0				False	blood	mid	nucleotide_transformer
951	0.0	0.0	0.0				False	blood	mid	nucleotide_transformer
952	0.0	0.0	0.0				False	blood	mid	nucleotide_transformer
953	0.0	0.0	0.0				False	blood	mid	nucleotide_transformer
954	0.0	0.0	0.0				False	blood	mid	nucleotide_transformer
955	0.0	0.0	0.0				False	blood	mid	nucleotide_transformer
956	0.0	0.0	0.0				False	blood	mid	nucleotide_transformer
957	0.0	0.0	0.0				False	blood	mid	nucleotide_transformer
958	0.0	0.0	0.0				False	blood	mid	nucleotide_transformer
959	0.0	0.0	0.0				False	blood	mid	nucleotide_transformer
960	0.0	0.0	0.0				False	blood	mid	nucleotide_transformer
961	0.0	0.0	0.0				False	blood	mid	nucleotide_transformer
962	0.0	0.0	0.0				False	blood	mid	nucleotide_transformer
963	0.0	0.0	0.0				False	blood	mid	nucleotide_transformer
964	0.0	0.0	0.0				False	blood	mid	nucleotide_transformer
965	0.0	0.0	0.0				False	blood	mid	nucleotide_transformer
967	0.0	0.0	0.0				False	blood	mid	nucleotide_transformer
968	0.0	0.0	0.0				False	blood	mid	nucleotide_transformer
969	0.0	0.0	0.0				False	blood	mid	nucleotide_transformer
970	0.0	0.0	0.0				False	blood	mid	nucleotide_transformer
971	0.0	0.0	0.0				False	blood	mid	nucleotide_transformer
972	0.0	0.0	0.0				False	blood	mid	nucleotide_transformer
973	0.0	0.0	0.0				False	blood	mid	nucleotide_transformer
974	0.0	0.0	0.0				False	blood	mid	nucleotide_transformer
975	0.0	0.0	0.0				False	blood	mid	nucleotide_transformer
976	0.0	0.0	0.0				False	blood	mid	nucleotide_transformer
977	0.0	0.0	0.0				False	blood	mid	nucleotide_transformer
978	0.0	0.0	0.0				False	blood	mid	nucleotide_transformer
979	0.0	0.0	0.0				False	blood	mid	nucleotide_transformer
980	0.0	0.0	0.0				False	blood	mid	nucleotide_transformer
981	0.0	0.0	0.0				False	blood	mid	nucleotide_transformer
982	0.0	0.0	0.0				False	blood	mid	nucleotide_transformer
983	0.0	0.0	0.0				False	blood	mid	nucleotide_transformer
984	0.0	0.0	0.0				False	blood	mid	nucleotide_transformer
985	0.0	0.0	0.0				False	blood	mid	nucleotide_transformer
986	0.0	0.0	0.0				False	blood	mid	nucleotide_transformer
987	0.0	0.0	0.0				False	blood	mid	nucleotide_transformer
988	0.0	0.0	0.0				False	blood	mid	nucleotide_transformer
989	0.0	0.0	0.0				False	blood	mid	nucleotide_transformer
990	0.0	0.0	0.0				False	blood	mid	nucleotide_transformer
991	0.0	0.0	0.0				False	blood	mid	nucleotide_transformer
992	0.0	0.0	0.0				False	blood	mid	nucleotide_transformer
993	0.0	0.0	0.0				False	blood	mid	nucleotide_transformer
994	0.0	0.0	0.0				False	blood	mid	nucleotide_transformer
995	0.0	0.0	0.0				False	blood	mid	nucleotide_transformer
996	0.0	0.0	0.0				False	blood	mid	nucleotide_transformer
997	0.0	0.0	0.0				False	blood	mid	nucleotide_transformer
998	0.0	0.0	0.0				False	blood	mid	nucleotide_transformer
999	0.0	0.0	0.0				False	blood	mid	nucleotide_transformer
1000	0.0	0.0	0.0				False	blood	mid	nucleotide_transformer
1001	0.0	0.0	0.0				False	blood	mid	nucleotide_transformer
1002	0.0	0.0	0.0				False	blood	mid	nucleotide_transformer
1003	0.0	0.0	0.0				False	blood	mid	nucleotide_transformer
1004	0.0	0.0	0.0				False	blood	mid	nucleotide_transformer
1005	0.0	0.0	0.0				False	blood	mid	nucleotide_transformer
1006	0.0	0.0	0.0				False	blood	mid	nucleotide_transformer
1007	0.0	0.0	0.0				False	blood	mid	nucleotide_transformer
1008	0.0	0.0	0.0				False	blood	mid	nucleotide_transformer
1009	0.0	0.0	0.0				False	blood	mid	nucleotide_transformer
1010	0.0	0.0	0.0				False	blood	mid	nucleotide_transformer
1011	0.0	0.0	0.0				False	blood	mid	nucleotide_transformer
1012	0.0	0.0	0.0				False	blood	mid	nucleotide_transformer
1013	0.0	0.0	0.0				False	blood	mid	nucleotide_transformer
1014	0.0	0.0	0.0				False	blood	mid	nucleotide_transformer
1015	0.0	0.0	0.0				False	blood	mid	nucleotide_transformer
1016	0.0	0.0	0.0				False	blood	mid	nucleotide_transformer
1017	0.0	0.0	0.0				False	blood	mid	nucleotide_transformer
1018	0.0	0.0	0.0				False	blood	mid	nucleotide_transformer
1019	0.0	0.0	0.0				False	blood	mid	nucleotide_transformer
1020	0.0	0.0	0.0				False	blood	mid	nucleotide_transformer
1021	0.0	0.0	0.0				False	blood	mid	nucleotide_transformer
1022	0.0	0.0	0.0				False	blood	mid	nucleotide_transformer
1023	0.0	0.0	0.0				False	blood	mid	nucleotide_transformer
1024	0.0	0.0	0.0				False	blood	mid	nucleotide_transformer
1025	0.0	0.0	0.0				False	blood	mid	nucleotide_transformer
1026	0.0	0.0	0.0				False	blood	mid	nucleotide_transformer
1027	0.0	0.0	0.0				False	blood	mid	nucleotide_transformer
1028	0.0	0.0	0.0				False	blood	mid	nucleotide_transformer
1029	0.0	0.0	0.0				False	blood	mid	nucleotide_transformer
1030	0.0	0.0	0.0				False	blood	mid	nucleotide_transformer
1031	0.0	0.0	0.0				False	blood	mid	nucleotide_transformer
1032	0.0	0.0	0.0				False	blood	mid	nucleotide_transformer
1033	0.0	0.0	0.0				False	blood	mid	nucleotide_transformer
1034	0.0	0.0	0.0				False	blood	mid	nucleotide_transformer
1035	0.0	0.0	0.0				False	blood	mid	nucleotide_transformer
1036	0.0	0.0	0.0				False	blood	mid	nucleotide_transformer
1037	0.0	0.0	0.0				False	blood	mid	nucleotide_transformer
1038	0.0	0.0	0.0				False	blood	mid	nucleotide_transformer
1039	0.0	0.0	0.0				False	blood	mid	nucleotide_transformer
1040	0.0	0.0	0.0				False	blood	mid	nucleotide_transformer
1041	0.0	0.0	0.0				False	blood	mid	nucleotide_transformer
1042	0.0	0.0	0.0				False	blood	mid	nucleotide_transformer
1043	0.0	0.0	0.0				False	blood	mid	nucleotide_transformer
1044	0.0	0.0	0.0				False	blood	mid	nucleotide_transformer
1045	0.0	0.0	0.0				False	blood	mid	nucleotide_transformer
1046	0.0	0.0	0.0				False	blood	mid	nucleotide_transformer
1047	0.0	0.0	0.0				False	blood	mid	nucleotide_transformer
1048	0.0	0.0	0.0				False	blood	mid	nucleotide_transformer
1049	0.0	0.0	0.0				False	blood	mid	nucleotide_transformer
1050	0.0	0.0	0.0				False	blood	mid	nucleotide_transformer
1051	0.0	0.0	0.0				False	blood	mid	nucleotide_transformer
1052	0.0	0.0	0.0				False	blood	mid	nucleotide_transformer
1053	0.0	0.0	0.0				False	blood	mid	nucleotide_transformer
1054	0.0	0.0	0.0				False	blood	mid	nucleotide_transformer
1055	0.0	0.0	0.0				False	blood	mid	nucleotide_transformer
1056	0.0	0.0	0.0				False	blood	mid	nucleotide_transformer
1058	0.0	0.0	0.0				False	blood	mid	nucleotide_transformer
1059	0.0	0.0	0.0				False	blood	mid	nucleotide_transformer
1060	0.0	0.0	0.0				False	blood	mid	nucleotide_transformer
1061	0.0	0.0	0.0				False	blood	mid	nucleotide_transformer
1062	0.0	0.0	0.0				False	blood	mid	nucleotide_transformer
1063	0.0	0.0	0.0				False	blood	mid	nucleotide_transformer
1064	0.0	0.0	0.0				False	blood	mid	nucleotide_transformer
1065	0.0	0.0	0.0				False	blood	mid	nucleotide_transformer
1066	0.0	0.0	0.0				False	blood	mid	nucleotide_transformer
1067	0.0	0.0	0.0				False	blood	mid	nucleotide_transformer
1068	0.0	0.0	0.0				False	blood	mid	nucleotide_transformer
1069	0.0	0.0	0.0				False	blood	mid	nucleotide_transformer
1070	0.0	0.0	0.0				False	blood	mid	nucleotide_transformer
1071	0.0	0.0	0.0				False	blood	mid	nucleotide_transformer
1072	0.0	0.0	0.0				False	blood	mid	nucleotide_transformer
1073	0.0	0.0	0.0				False	blood	mid	nucleotide_transformer
1074	0.0	0.0	0.0				False	blood	mid	nucleotide_transformer
1075	0.0	0.0	0.0				False	blood	mid	nucleotide_transformer
1076	0.0	0.0	0.0				False	blood	mid	nucleotide_transformer
1077	0.0	0.0	0.0				False	blood	mid	nucleotide_transformer
1078	0.0	0.0	0.0				False	blood	mid	nucleotide_transformer
1079	0.0	0.0	0.0				False	blood	mid	nucleotide_transformer
1080	0.0	0.0	0.0				False	blood	mid	nucleotide_transformer
1081	0.0	0.0	0.0				False	blood	mid	nucleotide_transformer
1082	0.0	0.0	0.0				False	blood	mid	nucleotide_transformer
1083	0.0	0.0	0.0				False	blood	mid	nucleotide_transformer
1084	0.0	0.0	0.0				False	blood	mid	nucleotide_transformer
1085	0.0	0.0	0.0				False	blood	mid	nucleotide_transformer
1086	0.0	0.0	0.0				False	blood	mid	nucleotide_transformer
1087	0.0	0.0	0.0				False	blood	mid	nucleotide_transformer
1088	0.0	0.0	0.0				False	blood	mid	nucleotide_transformer
1089	0.0	0.0	0.0				False	blood	mid	nucleotide_transformer
1090	0.0	0.0	0.0				False	blood	mid	nucleotide_transformer
1091	0.0	0.0	0.0				False	blood	mid	nucleotide_transformer
1092	0.0	0.0	0.0				False	blood	mid	nucleotide_transformer
1093	0.0	0.0	0.0				False	blood	mid	nucleotide_transformer
1094	0.0	0.0	0.0				False	blood	mid	nucleotide_transformer
1095	0.0	0.0	0.0				False	blood	mid	nucleotide_transformer
1096	0.0	0.0	0.0				False	blood	mid	nucleotide_transformer
1097	0.0	0.0	0.0				False	blood	mid	nucleotide_transformer
1098	0.0	0.0	0.0				False	blood	mid	nucleotide_transformer
1099	0.0	0.0	0.0				False	blood	mid	nucleotide_transformer
1100	0.0	0.0	0.0				False	blood	mid	nucleotide_transformer
1101	0.0	0.0	0.0				False	blood	mid	nucleotide_transformer
1102	0.0	0.0	0.0				False	blood	mid	nucleotide_transformer
1103	0.0	0.0	0.0				False	blood	mid	nucleotide_transformer
1104	0.0	0.0	0.0				False	blood	mid	nucleotide_transformer
1105	0.0	0.0	0.0				False	blood	mid	nucleotide_transformer
1106	0.0	0.0	0.0				False	blood	mid	nucleotide_transformer
1107	0.0	0.0	0.0				False	blood	mid	nucleotide_transformer
1108	0.0	0.0	0.0				False	blood	mid	nucleotide_transformer
1109	0.0	0.0	0.0				False	blood	mid	nucleotide_transformer
1110	0.0	0.0	0.0				False	blood	mid	nucleotide_transformer
1111	0.0	0.0	0.0				False	blood	mid	nucleotide_transformer
1112	0.0	0.0	0.0				False	blood	mid	nucleotide_transformer
1113	0.0	0.0	0.0				False	blood	mid	nucleotide_transformer
1114	0.0	0.0	0.0				False	blood	mid	nucleotide_transformer
1115	0.0	0.0	0.0				False	blood	mid	nucleotide_transformer
1116	0.0	0.0	0.0				False	blood	mid	nucleotide_transformer
1117	0.0	0.0	0.0				False	blood	mid	nucleotide_transformer
1118	0.0	0.0	0.0				False	blood	mid	nucleotide_transformer
1119	0.0	0.0	0.0				False	blood	mid	nucleotide_transformer
1120	0.0	0.0	0.0				False	blood	mid	nucleotide_transformer
1121	0.0	0.0	0.0				False	blood	mid	nucleotide_transformer
1122	0.0	0.0	0.0				False	blood	mid	nucleotide_transformer
1123	0.0	0.0	0.0				False	blood	mid	nucleotide_transformer
1124	0.0	0.0	0.0				False	blood	mid	nucleotide_transformer
1125	0.0	0.0	0.0				False	blood	mid	nucleotide_transformer
1126	0.0	0.0	0.0				False	blood	mid	nucleotide_transformer
1127	0.0	0.0	0.0				False	blood	mid	nucleotide_transformer
1128	0.0	0.0	0.0				False	blood	mid	nucleotide_transformer
1129	0.0	0.0	0.0				False	blood	mid	nucleotide_transformer
1130	0.0	0.0	0.0				False	blood	mid	nucleotide_transformer
1131	0.0	0.0	0.0				False	blood	mid	nucleotide_transformer
1132	0.0	0.0	0.0				False	blood	mid	nucleotide_transformer
1133	0.0	0.0	0.0				False	blood	mid	nucleotide_transformer
1134	0.0	0.0	0.0				False	blood	mid	nucleotide_transformer
1135	0.0	0.0	0.0				False	blood	mid	nucleotide_transformer
1136	0.0	0.0	0.0				False	blood	mid	nucleotide_transformer
1137	0.0	0.0	0.0				False	blood	mid	nucleotide_transformer
1138	0.0	0.0	0.0				False	blood	mid	nucleotide_transformer
1139	0.0	0.0	0.0				False	blood	mid	nucleotide_transformer
1140	0.0	0.0	0.0				False	blood	mid	nucleotide_transformer
1141	0.0	0.0	0.0				False	blood	mid	nucleotide_transformer
1142	0.0	0.0	0.0				False	blood	mid	nucleotide_transformer
1143	0.0	0.0	0.0				False	blood	mid	nucleotide_transformer
1144	0.0	0.0	0.0				False	blood	mid	nucleotide_transformer
1145	0.0	0.0	0.0				False	blood	mid	nucleotide_transformer
1146	0.0	0.0	0.0				False	blood	mid	nucleotide_transformer
1147	0.0	0.0	0.0				False	blood	mid	nucleotide_transformer
1148	0.0	0.0	0.0				False	blood	mid	nucleotide_transformer
1149	0.0	0.0	0.0				False	blood	mid	nucleotide_transformer
1150	0.0	0.0	0.0				False	blood	mid	nucleotide_transformer
1151	0.0	0.0	0.0				False	blood	mid	nucleotide_transformer
1152	0.0	0.0	0.0				False	blood	mid	nucleotide_transformer
1153	0.0	0.0	0.0				False	blood	mid	nucleotide_transformer
1154	0.0	0.0	0.0				False	blood	mid	nucleotide_transformer
1155	0.0	0.0	0.0				False	blood	mid	nucleotide_transformer
1156	0.0	0.0	0.0				False	blood	mid	nucleotide_transformer
1157	0.0	0.0	0.0				False	blood	mid	nucleotide_transformer
1158	0.0	0.0	0.0				False	blood	mid	nucleotide_transformer
1159	0.0	0.0	0.0				False	blood	mid	nucleotide_transformer
1161	0.0	0.0	0.0				False	blood	mid	nucleotide_transformer
1162	0.0	0.0	0.0				False	blood	mid	nucleotide_transformer
1163	0.0	0.0	0.0				False	blood	mid	nucleotide_transformer
1164	0.0	0.0	0.0				False	blood	mid	nucleotide_transformer
1165	0.0	0.0	0.0				False	blood	mid	nucleotide_transformer
1166	0.0	0.0	0.0				False	blood	mid	nucleotide_transformer
1167	0.0	0.0	0.0				False	blood	mid	nucleotide_transformer
1168	0.0	0.0	0.0				False	blood	mid	nucleotide_transformer
1169	0.0	0.0	0.0				False	blood	mid	nucleotide_transformer
1170	0.0	0.0	0.0				False	blood	mid	nucleotide_transformer
1171	0.0	0.0	0.0				False	blood	mid	nucleotide_transformer
1172	0.0	0.0	0.0				False	blood	mid	nucleotide_transformer
1173	0.0	0.0	0.0				False	blood	mid	nucleotide_transformer
1174	0.0	0.0	0.0				False	blood	mid	nucleotide_transformer
1175	0.0	0.0	0.0				False	blood	mid	nucleotide_transformer
1176	0.0	0.0	0.0				False	blood	mid	nucleotide_transformer
1178	0.0	0.0	0.0				False	blood	mid	nucleotide_transformer
1179	0.0	0.0	0.0				False	blood	mid	nucleotide_transformer
1180	0.0	0.0	0.0				False	blood	mid	nucleotide_transformer
1181	0.0	0.0	0.0				False	blood	mid	nucleotide_transformer
1182	0.0	0.0	0.0				False	blood	mid	nucleotide_transformer
1183	0.0	0.0	0.0				False	blood	mid	nucleotide_transformer
1184	0.0	0.0	0.0				False	blood	mid	nucleotide_transformer
1185	0.0	0.0	0.0				False	blood	mid	nucleotide_transformer
1186	0.0	0.0	0.0				False	blood	mid	nucleotide_transformer
1187	0.0	0.0	0.0				False	blood	mid	nucleotide_transformer
1188	0.0	0.0	0.0				False	blood	mid	nucleotide_transformer
1189	0.0	0.0	0.0				False	blood	mid	nucleotide_transformer
1190	0.0	0.0	0.0				False	blood	mid	nucleotide_transformer
1191	0.0	0.0	0.0				False	blood	mid	nucleotide_transformer
1192	0.0	0.0	0.0				False	blood	mid	nucleotide_transformer
1193	0.0	0.0	0.0				False	blood	mid	nucleotide_transformer
1194	0.0	0.0	0.0				False	blood	mid	nucleotide_transformer
1195	0.0	0.0	0.0				False	blood	mid	nucleotide_transformer
1196	0.0	0.0	0.0				False	blood	mid	nucleotide_transformer
1197	0.0	0.0	0.0				False	blood	mid	nucleotide_transformer
1198	0.0	0.0	0.0				False	blood	mid	nucleotide_transformer
1199	0.0	0.0	0.0				False	blood	mid	nucleotide_transformer
1200	0.0	0.0	0.0				False	blood	mid	nucleotide_transformer
1201	0.0	0.0	0.0				False	blood	mid	nucleotide_transformer
1203	0.0	0.0	0.0				False	blood	mid	nucleotide_transformer
1204	0.0	0.0	0.0				False	blood	mid	nucleotide_transformer
1205	0.0	0.0	0.0				False	blood	mid	nucleotide_transformer
1206	0.0	0.0	0.0				False	blood	mid	nucleotide_transformer
1207	0.0	0.0	0.0				False	blood	mid	nucleotide_transformer
1208	0.0	0.0	0.0				False	blood	mid	nucleotide_transformer
1209	0.0	0.0	0.0				False	blood	mid	nucleotide_transformer
1210	0.0	0.0	0.0				False	blood	mid	nucleotide_transformer
1211	0.0	0.0	0.0				False	blood	mid	nucleotide_transformer
1212	0.0	0.0	0.0				False	blood	mid	nucleotide_transformer
1213	0.0	0.0	0.0				False	blood	mid	nucleotide_transformer
1214	0.0	0.0	0.0				False	blood	mid	nucleotide_transformer
1215	0.0	0.0	0.0				False	blood	mid	nucleotide_transformer
1216	0.0	0.0	0.0				False	blood	mid	nucleotide_transformer
1217	0.0	0.0	0.0				False	blood	mid	nucleotide_transformer
1218	0.0	0.0	0.0				False	blood	mid	nucleotide_transformer
1219	0.0	0.0	0.0				False	blood	mid	nucleotide_transformer
1220	0.0	0.0	0.0				False	blood	mid	nucleotide_transformer
1221	0.0	0.0	0.0				False	blood	mid	nucleotide_transformer
1222	0.0	0.0	0.0				False	blood	mid	nucleotide_transformer
1223	0.0	0.0	0.0				False	blood	mid	nucleotide_transformer
1224	0.0	0.0	0.0				False	blood	mid	nucleotide_transformer
1225	0.0	0.0	0.0				False	blood	mid	nucleotide_transformer
1226	0.0	0.0	0.0				False	blood	mid	nucleotide_transformer
1227	0.0	0.0	0.0				False	blood	mid	nucleotide_transformer
1228	0.0	0.0	0.0				False	blood	mid	nucleotide_transformer
1229	0.0	0.0	0.0				False	blood	mid	nucleotide_transformer
1230	0.0	0.0	0.0				False	blood	mid	nucleotide_transformer
1231	0.0	0.0	0.0				False	blood	mid	nucleotide_transformer
1232	0.0	0.0	0.0				False	blood	mid	nucleotide_transformer
1233	0.0	0.0	0.0				False	blood	mid	nucleotide_transformer
1234	0.0	0.0	0.0				False	blood	mid	nucleotide_transformer
1235	0.0	0.0	0.0				False	blood	mid	nucleotide_transformer
1236	0.0	0.0	0.0				False	blood	mid	nucleotide_transformer
1237	0.0	0.0	0.0				False	blood	mid	nucleotide_transformer
1238	0.0	0.0	0.0				False	blood	mid	nucleotide_transformer
1239	0.0	0.0	0.0				False	blood	mid	nucleotide_transformer
1241	0.0	0.0	0.0				False	blood	mid	nucleotide_transformer
1242	0.0	0.0	0.0				False	blood	mid	nucleotide_transformer
1243	0.0	0.0	0.0				False	blood	mid	nucleotide_transformer
1244	0.0	0.0	0.0				False	blood	mid	nucleotide_transformer
1245	0.0	0.0	0.0				False	blood	mid	nucleotide_transformer
1246	0.0	0.0	0.0				False	blood	mid	nucleotide_transformer
1247	0.0	0.0	0.0				False	blood	mid	nucleotide_transformer
1248	0.0	0.0	0.0				False	blood	mid	nucleotide_transformer
1249	0.0	0.0	0.0				False	blood	mid	nucleotide_transformer
1250	0.0	0.0	0.0				False	blood	mid	nucleotide_transformer
1251	0.0	0.0	0.0				False	blood	mid	nucleotide_transformer
1252	0.0	0.0	0.0				False	blood	mid	nucleotide_transformer
1253	0.0	0.0	0.0				False	blood	mid	nucleotide_transformer
1254	0.0	0.0	0.0				False	blood	mid	nucleotide_transformer
1255	0.0	0.0	0.0				False	blood	mid	nucleotide_transformer
1256	0.0	0.0	0.0				False	blood	mid	nucleotide_transformer
1257	0.0	0.0	0.0				False	blood	mid	nucleotide_transformer
1258	0.0	0.0	0.0				False	blood	mid	nucleotide_transformer
1259	0.0	0.0	0.0				False	blood	mid	nucleotide_transformer
1260	0.0	0.0	0.0				False	blood	mid	nucleotide_transformer
1261	0.0	0.0	0.0				False	blood	mid	nucleotide_transformer
1262	0.0	0.0	0.0				False	blood	mid	nucleotide_transformer
1263	0.0	0.0	0.0				False	blood	mid	nucleotide_transformer
1264	0.0	0.0	0.0				False	blood	mid	nucleotide_transformer
1265	0.0	0.0	0.0				False	blood	mid	nucleotide_transformer
1266	0.0	0.0	0.0				False	blood	mid	nucleotide_transformer
1267	0.0	0.0	0.0				False	blood	mid	nucleotide_transformer
1268	0.0	0.0	0.0				False	blood	mid	nucleotide_transformer
1269	0.0	0.0	0.0				False	blood	mid	nucleotide_transformer
1270	0.0	0.0	0.0				False	blood	mid	nucleotide_transformer
1271	0.0	0.0	0.0				False	blood	mid	nucleotide_transformer
1272	0.0	0.0	0.0				False	blood	mid	nucleotide_transformer
1273	0.0	0.0	0.0				False	blood	mid	nucleotide_transformer
1274	0.0	0.0	0.0				False	blood	mid	nucleotide_transformer
1275	0.0	0.0	0.0				False	blood	mid	nucleotide_transformer
1276	0.0	0.0	0.0				False	blood	mid	nucleotide_transformer
1277	0.0	0.0	0.0				False	blood	mid	nucleotide_transformer
1278	0.0	0.0	0.0				False	blood	mid	nucleotide_transformer
1279	0.0	0.0	0.0				False	blood	mid	nucleotide_transformer
1280	0.0	0.0	0.0				False	blood	mid	nucleotide_transformer
1281	0.0	0.0	0.0				False	blood	mid	nucleotide_transformer
1282	0.0	0.0	0.0				False	blood	mid	nucleotide_transformer
1283	0.0	0.0	0.0				False	blood	mid	nucleotide_transformer
1284	0.0	0.0	0.0				False	blood	mid	nucleotide_transformer
1285	0.0	0.0	0.0				False	blood	mid	nucleotide_transformer
1286	0.0	0.0	0.0				False	blood	mid	nucleotide_transformer
1287	0.0	0.0	0.0				False	blood	mid	nucleotide_transformer
1288	0.0	0.0	0.0				False	blood	mid	nucleotide_transformer
1289	0.0	0.0	0.0				False	blood	mid	nucleotide_transformer
1290	0.0	0.0	0.0				False	blood	mid	nucleotide_transformer
1291	0.0	0.0	0.0				False	blood	mid	nucleotide_transformer
1292	0.0	0.0	0.0				False	blood	mid	nucleotide_transformer
1293	0.0	0.0	0.0				False	blood	mid	nucleotide_transformer
1294	0.0	0.0	0.0				False	blood	mid	nucleotide_transformer
1295	0.0	0.0	0.0				False	blood	mid	nucleotide_transformer
1296	0.0	0.0	0.0				False	blood	mid	nucleotide_transformer
1297	0.0	0.0	0.0				False	blood	mid	nucleotide_transformer
1298	0.0	0.0	0.0				False	blood	mid	nucleotide_transformer
1299	0.0	0.0	0.0				False	blood	mid	nucleotide_transformer
1300	0.0	0.0	0.0				False	blood	mid	nucleotide_transformer
1301	0.0	0.0	0.0				False	blood	mid	nucleotide_transformer
1302	0.0	0.0	0.0				False	blood	mid	nucleotide_transformer
1304	0.0	0.0	0.0				False	blood	mid	nucleotide_transformer
1305	0.0	0.0	0.0				False	blood	mid	nucleotide_transformer
1306	0.0	0.0	0.0				False	blood	mid	nucleotide_transformer
1307	0.0	0.0	0.0				False	blood	mid	nucleotide_transformer
1308	0.0	0.0	0.0				False	blood	mid	nucleotide_transformer
1309	0.0	0.0	0.0				False	blood	mid	nucleotide_transformer
1310	0.0	0.0	0.0				False	blood	mid	nucleotide_transformer
1311	0.0	0.0	0.0				False	blood	mid	nucleotide_transformer
1312	0.0	0.0	0.0				False	blood	mid	nucleotide_transformer
1313	0.0	0.0	0.0				False	blood	mid	nucleotide_transformer
1314	0.0	0.0	0.0				False	blood	mid	nucleotide_transformer
1315	0.0	0.0	0.0				False	blood	mid	nucleotide_transformer
1316	0.0	0.0	0.0				False	blood	mid	nucleotide_transformer
1317	0.0	0.0	0.0				False	blood	mid	nucleotide_transformer
1318	0.0	0.0	0.0				False	blood	mid	nucleotide_transformer
1319	0.0	0.0	0.0				False	blood	mid	nucleotide_transformer
1320	0.0	0.0	0.0				False	blood	mid	nucleotide_transformer
1321	0.0	0.0	0.0				False	blood	mid	nucleotide_transformer
1322	0.0	0.0	0.0				False	blood	mid	nucleotide_transformer
1323	0.0	0.0	0.0				False	blood	mid	nucleotide_transformer
1324	0.0	0.0	0.0				False	blood	mid	nucleotide_transformer
1325	0.0	0.0	0.0				False	blood	mid	nucleotide_transformer
1326	0.0	0.0	0.0				False	blood	mid	nucleotide_transformer
1327	0.0	0.0	0.0				False	blood	mid	nucleotide_transformer
1328	0.0	0.0	0.0				False	blood	mid	nucleotide_transformer
1329	0.0	0.0	0.0				False	blood	mid	nucleotide_transformer
1330	0.0	0.0	0.0				False	blood	mid	nucleotide_transformer
1331	0.0	0.0	0.0				False	blood	mid	nucleotide_transformer
1332	0.0	0.0	0.0				False	blood	mid	nucleotide_transformer
1333	0.0	0.0	0.0				False	blood	mid	nucleotide_transformer
1334	0.0	0.0	0.0				False	blood	mid	nucleotide_transformer
1335	0.0	0.0	0.0				False	blood	mid	nucleotide_transformer
1336	0.0	0.0	0.0				False	blood	mid	nucleotide_transformer
1337	0.0	0.0	0.0				False	blood	mid	nucleotide_transformer
1339	0.0	0.0	0.0				False	blood	mid	nucleotide_transformer
1340	0.0	0.0	0.0				False	blood	mid	nucleotide_transformer
1341	0.0	0.0	0.0				False	blood	mid	nucleotide_transformer
1342	0.0	0.0	0.0				False	blood	mid	nucleotide_transformer
1343	0.0	0.0	0.0				False	blood	mid	nucleotide_transformer
1344	0.0	0.0	0.0				False	blood	mid	nucleotide_transformer
1345	0.0	0.0	0.0				False	blood	mid	nucleotide_transformer
1346	0.0	0.0	0.0				False	blood	mid	nucleotide_transformer
1347	0.0	0.0	0.0				False	blood	mid	nucleotide_transformer
1348	0.0	0.0	0.0				False	blood	mid	nucleotide_transformer
1349	0.0	0.0	0.0				False	blood	mid	nucleotide_transformer
1350	0.0	0.0	0.0				False	blood	mid	nucleotide_transformer
1351	0.0	0.0	0.0				False	blood	mid	nucleotide_transformer
1352	0.0	0.0	0.0				False	blood	mid	nucleotide_transformer
1354	0.0	0.0	0.0				False	blood	mid	nucleotide_transformer
1355	0.0	0.0	0.0				False	blood	mid	nucleotide_transformer
1356	0.0	0.0	0.0				False	blood	mid	nucleotide_transformer
1357	0.0	0.0	0.0				False	blood	mid	nucleotide_transformer
1358	0.0	0.0	0.0				False	blood	mid	nucleotide_transformer
1359	0.0	0.0	0.0				False	blood	mid	nucleotide_transformer
1360	0.0	0.0	0.0				False	blood	mid	nucleotide_transformer
1361	0.0	0.0	0.0				False	blood	mid	nucleotide_transformer
1362	0.0	0.0	0.0				False	blood	mid	nucleotide_transformer
1363	0.0	0.0	0.0				False	blood	mid	nucleotide_transformer
1364	0.0	0.0	0.0				False	blood	mid	nucleotide_transformer
1365	0.0	0.0	0.0				False	blood	mid	nucleotide_transformer
1366	0.0	0.0	0.0				False	blood	mid	nucleotide_transformer
1367	0.0	0.0	0.0				False	blood	mid	nucleotide_transformer
1368	0.0	0.0	0.0				False	blood	mid	nucleotide_transformer
1369	0.0	0.0	0.0				False	blood	mid	nucleotide_transformer
1370	0.0	0.0	0.0				False	blood	mid	nucleotide_transformer
1371	0.0	0.0	0.0				False	blood	mid	nucleotide_transformer
1372	0.0	0.0	0.0				False	blood	mid	nucleotide_transformer
1373	0.0	0.0	0.0				False	blood	mid	nucleotide_transformer
1374	0.0	0.0	0.0				False	blood	mid	nucleotide_transformer
1375	0.0	0.0	0.0				False	blood	mid	nucleotide_transformer
1376	0.0	0.0	0.0				False	blood	mid	nucleotide_transformer
1377	0.0	0.0	0.0				False	blood	mid	nucleotide_transformer
1378	0.0	0.0	0.0				False	blood	mid	nucleotide_transformer
1379	0.0	0.0	0.0				False	blood	mid	nucleotide_transformer
1380	0.0	0.0	0.0				False	blood	mid	nucleotide_transformer
1381	0.0	0.0	0.0				False	blood	mid	nucleotide_transformer
1382	0.0	0.0	0.0				False	blood	mid	nucleotide_transformer
1383	0.0	0.0	0.0				False	blood	mid	nucleotide_transformer
1384	0.0	0.0	0.0				False	blood	mid	nucleotide_transformer
1385	0.0	0.0	0.0				False	blood	mid	nucleotide_transformer
1386	0.0	0.0	0.0				False	blood	mid	nucleotide_transformer
1387	0.0	0.0	0.0				False	blood	mid	nucleotide_transformer
1388	0.0	0.0	0.0				False	blood	mid	nucleotide_transformer
1389	0.0	0.0	0.0				False	blood	mid	nucleotide_transformer
1390	0.0	0.0	0.0				False	blood	mid	nucleotide_transformer
1391	0.0	0.0	0.0				False	blood	mid	nucleotide_transformer
1392	0.0	0.0	0.0				False	blood	mid	nucleotide_transformer
1393	0.0	0.0	0.0				False	blood	mid	nucleotide_transformer
1394	0.0	0.0	0.0				False	blood	mid	nucleotide_transformer
1395	0.0	0.0	0.0				False	blood	mid	nucleotide_transformer
1396	0.0	0.0	0.0				False	blood	mid	nucleotide_transformer
1397	0.0	0.0	0.0				False	blood	mid	nucleotide_transformer
1398	0.0	0.0	0.0				False	blood	mid	nucleotide_transformer
1399	0.0	0.0	0.0				False	blood	mid	nucleotide_transformer
1400	0.0	0.0	0.0				False	blood	mid	nucleotide_transformer
1401	0.0	0.0	0.0				False	blood	mid	nucleotide_transformer
1402	0.0	0.0	0.0				False	blood	mid	nucleotide_transformer
1403	0.0	0.0	0.0				False	blood	mid	nucleotide_transformer
1404	0.0	0.0	0.0				False	blood	mid	nucleotide_transformer
1405	0.0	0.0	0.0				False	blood	mid	nucleotide_transformer
1406	0.0	0.0	0.0				False	blood	mid	nucleotide_transformer
1407	0.0	0.0	0.0				False	blood	mid	nucleotide_transformer
1408	0.0	0.0	0.0				False	blood	mid	nucleotide_transformer
1409	0.0	0.0	0.0				False	blood	mid	nucleotide_transformer
1410	0.0	0.0	0.0				False	blood	mid	nucleotide_transformer
1411	0.0	0.0	0.0				False	blood	mid	nucleotide_transformer
1412	0.0	0.0	0.0				False	blood	mid	nucleotide_transformer
1413	0.0	0.0	0.0				False	blood	mid	nucleotide_transformer
1414	0.0	0.0	0.0				False	blood	mid	nucleotide_transformer
1415	0.0	0.0	0.0				False	blood	mid	nucleotide_transformer
1416	0.0	0.0	0.0				False	blood	mid	nucleotide_transformer
1417	0.0	0.0	0.0				False	blood	mid	nucleotide_transformer
1418	0.0	0.0	0.0				False	blood	mid	nucleotide_transformer
1419	0.0	0.0	0.0				False	blood	mid	nucleotide_transformer
1420	0.0	0.0	0.0				False	blood	mid	nucleotide_transformer
1421	0.0	0.0	0.0				False	blood	mid	nucleotide_transformer
1422	0.0	0.0	0.0				False	blood	mid	nucleotide_transformer
1423	0.0	0.0	0.0				False	blood	mid	nucleotide_transformer
1425	0.0	0.0	0.0				False	blood	mid	nucleotide_transformer
1427	0.0	0.0	0.0				False	blood	mid	nucleotide_transformer
1428	0.0	0.0	0.0				False	blood	mid	nucleotide_transformer
1429	0.0	0.0	0.0				False	blood	mid	nucleotide_transformer
1430	0.0	0.0	0.0				False	blood	mid	nucleotide_transformer
1432	0.0	0.0	0.0				False	blood	mid	nucleotide_transformer
1433	0.0	0.0	0.0				False	blood	mid	nucleotide_transformer
1434	0.0	0.0	0.0				False	blood	mid	nucleotide_transformer
1435	0.0	0.0	0.0				False	blood	mid	nucleotide_transformer
1436	0.0	0.0	0.0				False	blood	mid	nucleotide_transformer
1437	0.0	0.0	0.0				False	blood	mid	nucleotide_transformer
1438	0.0	0.0	0.0				False	blood	mid	nucleotide_transformer
1439	0.0	0.0	0.0				False	blood	mid	nucleotide_transformer
1440	0.0	0.0	0.0				False	blood	mid	nucleotide_transformer
1441	0.0	0.0	0.0				False	blood	mid	nucleotide_transformer
1442	0.0	0.0	0.0				False	blood	mid	nucleotide_transformer
1443	0.0	0.0	0.0				False	blood	mid	nucleotide_transformer
1444	0.0	0.0	0.0				False	blood	mid	nucleotide_transformer
1445	0.0	0.0	0.0				False	blood	mid	nucleotide_transformer
1446	0.0	0.0	0.0				False	blood	mid	nucleotide_transformer
1447	0.0	0.0	0.0				False	blood	mid	nucleotide_transformer
1448	0.0	0.0	0.0				False	blood	mid	nucleotide_transformer
1449	0.0	0.0	0.0				False	blood	mid	nucleotide_transformer
1450	0.0	0.0	0.0				False	blood	mid	nucleotide_transformer
1451	0.0	0.0	0.0				False	blood	mid	nucleotide_transformer
1452	0.0	0.0	0.0				False	blood	mid	nucleotide_transformer
1453	0.0	0.0	0.0				False	blood	mid	nucleotide_transformer
1454	0.0	0.0	0.0				False	blood	mid	nucleotide_transformer
1455	0.0	0.0	0.0				False	blood	mid	nucleotide_transformer
1456	0.0	0.0	0.0				False	blood	mid	nucleotide_transformer
1457	0.0	0.0	0.0				False	blood	mid	nucleotide_transformer
1458	0.0	0.0	0.0				False	blood	mid	nucleotide_transformer
1459	0.0	0.0	0.0				False	blood	mid	nucleotide_transformer
1460	0.0	0.0	0.0				False	blood	mid	nucleotide_transformer
1461	0.0	0.0	0.0				False	blood	mid	nucleotide_transformer
1462	0.0	0.0	0.0				False	blood	mid	nucleotide_transformer
1463	0.0	0.0	0.0				False	blood	mid	nucleotide_transformer
1464	0.0	0.0	0.0				False	blood	mid	nucleotide_transformer
1465	0.0	0.0	0.0				False	blood	mid	nucleotide_transformer
1466	0.0	0.0	0.0				False	blood	mid	nucleotide_transformer
1467	0.0	0.0	0.0				False	blood	mid	nucleotide_transformer
1468	0.0	0.0	0.0				False	blood	mid	nucleotide_transformer
1469	0.0	0.0	0.0				False	blood	mid	nucleotide_transformer
1471	0.0	0.0	0.0				False	blood	mid	nucleotide_transformer
1472	0.0	0.0	0.0				False	blood	mid	nucleotide_transformer
1473	0.0	0.0	0.0				False	blood	mid	nucleotide_transformer
1474	0.0	0.0	0.0				False	blood	mid	nucleotide_transformer
1475	0.0	0.0	0.0				False	blood	mid	nucleotide_transformer
1476	0.0	0.0	0.0				False	blood	mid	nucleotide_transformer
1477	0.0	0.0	0.0				False	blood	mid	nucleotide_transformer
1478	0.0	0.0	0.0				False	blood	mid	nucleotide_transformer
1479	0.0	0.0	0.0				False	blood	mid	nucleotide_transformer
1480	0.0	0.0	0.0				False	blood	mid	nucleotide_transformer
1481	0.0	0.0	0.0				False	blood	mid	nucleotide_transformer
1482	0.0	0.0	0.0				False	blood	mid	nucleotide_transformer
1483	0.0	0.0	0.0				False	blood	mid	nucleotide_transformer
1484	0.0	0.0	0.0				False	blood	mid	nucleotide_transformer
1485	0.0	0.0	0.0				False	blood	mid	nucleotide_transformer
1486	0.0	0.0	0.0				False	blood	mid	nucleotide_transformer
1487	0.0	0.0	0.0				False	blood	mid	nucleotide_transformer
1488	0.0	0.0	0.0				False	blood	mid	nucleotide_transformer
1489	0.0	0.0	0.0				False	blood	mid	nucleotide_transformer
1490	0.0	0.0	0.0				False	blood	mid	nucleotide_transformer
1491	0.0	0.0	0.0				False	blood	mid	nucleotide_transformer
1492	0.0	0.0	0.0				False	blood	mid	nucleotide_transformer
1493	0.0	0.0	0.0				False	blood	mid	nucleotide_transformer
1494	0.0	0.0	0.0				False	blood	mid	nucleotide_transformer
1495	0.0	0.0	0.0				False	blood	mid	nucleotide_transformer
1496	0.0	0.0	0.0				False	blood	mid	nucleotide_transformer
1497	0.0	0.0	0.0				False	blood	mid	nucleotide_transformer
1499	0.0	0.0	0.0				False	blood	mid	nucleotide_transformer
1500	0.0	0.0	0.0				False	blood	mid	nucleotide_transformer
1501	0.0	0.0	0.0				False	blood	mid	nucleotide_transformer
1502	0.0	0.0	0.0				False	blood	mid	nucleotide_transformer
1503	0.0	0.0	0.0				False	blood	mid	nucleotide_transformer
1504	0.0	0.0	0.0				False	blood	mid	nucleotide_transformer
1505	0.0	0.0	0.0				False	blood	mid	nucleotide_transformer
1506	0.0	0.0	0.0				False	blood	mid	nucleotide_transformer
1507	0.0	0.0	0.0				False	blood	mid	nucleotide_transformer
1508	0.0	0.0	0.0				False	blood	mid	nucleotide_transformer
1509	0.0	0.0	0.0				False	blood	mid	nucleotide_transformer
1510	0.0	0.0	0.0				False	blood	mid	nucleotide_transformer
1511	0.0	0.0	0.0				False	blood	mid	nucleotide_transformer
1512	0.0	0.0	0.0				False	blood	mid	nucleotide_transformer
1513	0.0	0.0	0.0				False	blood	mid	nucleotide_transformer
1514	0.0	0.0	0.0				False	blood	mid	nucleotide_transformer
1515	0.0	0.0	0.0				False	blood	mid	nucleotide_transformer
1516	0.0	0.0	0.0				False	blood	mid	nucleotide_transformer
1517	0.0	0.0	0.0				False	blood	mid	nucleotide_transformer
1518	0.0	0.0	0.0				False	blood	mid	nucleotide_transformer
1519	0.0	0.0	0.0				False	blood	mid	nucleotide_transformer
1520	0.0	0.0	0.0				False	blood	mid	nucleotide_transformer
1521	0.0	0.0	0.0				False	blood	mid	nucleotide_transformer
1522	0.0	0.0	0.0				False	blood	mid	nucleotide_transformer
1523	0.0	0.0	0.0				False	blood	mid	nucleotide_transformer
1524	0.0	0.0	0.0				False	blood	mid	nucleotide_transformer
1525	0.0	0.0	0.0				False	blood	mid	nucleotide_transformer
1526	0.0	0.0	0.0				False	blood	mid	nucleotide_transformer
1527	0.0	0.0	0.0				False	blood	mid	nucleotide_transformer
1528	0.0	0.0	0.0				False	blood	mid	nucleotide_transformer
1529	0.0	0.0	0.0				False	blood	mid	nucleotide_transformer
1530	0.0	0.0	0.0				False	blood	mid	nucleotide_transformer
1531	0.0	0.0	0.0				False	blood	mid	nucleotide_transformer
1532	0.0	0.0	0.0				False	blood	mid	nucleotide_transformer
1533	0.0	0.0	0.0				False	blood	mid	nucleotide_transformer
1534	0.0	0.0	0.0				False	blood	mid	nucleotide_transformer
1535	0.0	0.0	0.0				False	blood	mid	nucleotide_transformer
1536	0.0	0.0	0.0				False	blood	mid	nucleotide_transformer
1537	0.0	0.0	0.0				False	blood	mid	nucleotide_transformer
1538	0.0	0.0	0.0				False	blood	mid	nucleotide_transformer
1539	0.0	0.0	0.0				False	blood	mid	nucleotide_transformer
1540	0.0	0.0	0.0				False	blood	mid	nucleotide_transformer
1541	0.0	0.0	0.0				False	blood	mid	nucleotide_transformer
1542	0.0	0.0	0.0				False	blood	mid	nucleotide_transformer
1543	0.0	0.0	0.0				False	blood	mid	nucleotide_transformer
1544	0.0	0.0	0.0				False	blood	mid	nucleotide_transformer
1545	0.0	0.0	0.0				False	blood	mid	nucleotide_transformer
1546	0.0	0.0	0.0				False	blood	mid	nucleotide_transformer
1547	0.0	0.0	0.0				False	blood	mid	nucleotide_transformer
1548	0.0	0.0	0.0				False	blood	mid	nucleotide_transformer
1549	0.0	0.0	0.0				False	blood	mid	nucleotide_transformer
1550	0.0	0.0	0.0				False	blood	mid	nucleotide_transformer
1551	0.0	0.0	0.0				False	blood	mid	nucleotide_transformer
1552	0.0	0.0	0.0				False	blood	mid	nucleotide_transformer
1553	0.0	0.0	0.0				False	blood	mid	nucleotide_transformer
1554	0.0	0.0	0.0				False	blood	mid	nucleotide_transformer
1555	0.0	0.0	0.0				False	blood	mid	nucleotide_transformer
1556	0.0	0.0	0.0				False	blood	mid	nucleotide_transformer
1557	0.0	0.0	0.0				False	blood	mid	nucleotide_transformer
1558	0.0	0.0	0.0				False	blood	mid	nucleotide_transformer
1559	0.0	0.0	0.0				False	blood	mid	nucleotide_transformer
1560	0.0	0.0	0.0				False	blood	mid	nucleotide_transformer
1561	0.0	0.0	0.0				False	blood	mid	nucleotide_transformer
1562	0.0	0.0	0.0				False	blood	mid	nucleotide_transformer
1563	0.0	0.0	0.0				False	blood	mid	nucleotide_transformer
1564	0.0	0.0	0.0				False	blood	mid	nucleotide_transformer
1565	0.0	0.0	0.0				False	blood	mid	nucleotide_transformer
1566	0.0	0.0	0.0				False	blood	mid	nucleotide_transformer
1567	0.0	0.0	0.0				False	blood	mid	nucleotide_transformer
1568	0.0	0.0	0.0				False	blood	mid	nucleotide_transformer
1569	0.0	0.0	0.0				False	blood	mid	nucleotide_transformer
1570	0.0	0.0	0.0				False	blood	mid	nucleotide_transformer
1571	0.0	0.0	0.0				False	blood	mid	nucleotide_transformer
1572	0.0	0.0	0.0				False	blood	mid	nucleotide_transformer
1573	0.0	0.0	0.0				False	blood	mid	nucleotide_transformer
1574	0.0	0.0	0.0				False	blood	mid	nucleotide_transformer
1575	0.0	0.0	0.0				False	blood	mid	nucleotide_transformer
1576	0.0	0.0	0.0				False	blood	mid	nucleotide_transformer
1577	0.0	0.0	0.0				False	blood	mid	nucleotide_transformer
1578	0.0	0.0	0.0				False	blood	mid	nucleotide_transformer
1579	0.0	0.0	0.0				False	blood	mid	nucleotide_transformer
1580	0.0	0.0	0.0				False	blood	mid	nucleotide_transformer
1581	0.0	0.0	0.0				False	blood	mid	nucleotide_transformer
1582	0.0	0.0	0.0				False	blood	mid	nucleotide_transformer
1583	0.0	0.0	0.0				False	blood	mid	nucleotide_transformer
1584	0.0	0.0	0.0				False	blood	mid	nucleotide_transformer
1585	0.0	0.0	0.0				False	blood	mid	nucleotide_transformer
1586	0.0	0.0	0.0				False	blood	mid	nucleotide_transformer
1587	0.0	0.0	0.0				False	blood	mid	nucleotide_transformer
1588	0.0	0.0	0.0				False	blood	mid	nucleotide_transformer
1589	0.0	0.0	0.0				False	blood	mid	nucleotide_transformer
1590	0.0	0.0	0.0				False	blood	mid	nucleotide_transformer
1591	0.0	0.0	0.0				False	blood	mid	nucleotide_transformer
1592	0.0	0.0	0.0				False	blood	mid	nucleotide_transformer
1593	0.0	0.0	0.0				False	blood	mid	nucleotide_transformer
1594	0.0	0.0	0.0				False	blood	mid	nucleotide_transformer
1595	0.0	0.0	0.0				False	blood	mid	nucleotide_transformer
1596	0.0	0.0	0.0				False	blood	mid	nucleotide_transformer
1597	0.0	0.0	0.0				False	blood	mid	nucleotide_transformer
1598	0.0	0.0	0.0				False	blood	mid	nucleotide_transformer
1599	0.0	0.0	0.0				False	blood	mid	nucleotide_transformer
1600	0.0	0.0	0.0				False	blood	mid	nucleotide_transformer
1601	0.0	0.0	0.0				False	blood	mid	nucleotide_transformer
1602	0.0	0.0	0.0				False	blood	mid	nucleotide_transformer
1603	0.0	0.0	0.0				False	blood	mid	nucleotide_transformer
1604	0.0	0.0	0.0				False	blood	mid	nucleotide_transformer
1605	0.0	0.0	0.0				False	blood	mid	nucleotide_transformer
1606	0.0	0.0	0.0				False	blood	mid	nucleotide_transformer
1607	0.0	0.0	0.0				False	blood	mid	nucleotide_transformer
1608	0.0	0.0	0.0				False	blood	mid	nucleotide_transformer
1609	0.0	0.0	0.0				False	blood	mid	nucleotide_transformer
1610	0.0	0.0	0.0				False	blood	mid	nucleotide_transformer
1611	0.0	0.0	0.0				False	blood	mid	nucleotide_transformer
1612	0.0	0.0	0.0				False	blood	mid	nucleotide_transformer
1613	0.0	0.0	0.0				False	blood	mid	nucleotide_transformer
1614	0.0	0.0	0.0				False	blood	mid	nucleotide_transformer
1615	0.0	0.0	0.0				False	blood	mid	nucleotide_transformer
1616	0.0	0.0	0.0				False	blood	mid	nucleotide_transformer
1617	0.0	0.0	0.0				False	blood	mid	nucleotide_transformer
1618	0.0	0.0	0.0				False	blood	mid	nucleotide_transformer
1619	0.0	0.0	0.0				False	blood	mid	nucleotide_transformer
1620	0.0	0.0	0.0				False	blood	mid	nucleotide_transformer
1621	0.0	0.0	0.0				False	blood	mid	nucleotide_transformer
1622	0.0	0.0	0.0				False	blood	mid	nucleotide_transformer
1623	0.0	0.0	0.0				False	blood	mid	nucleotide_transformer
1624	0.0	0.0	0.0				False	blood	mid	nucleotide_transformer
1625	0.0	0.0	0.0				False	blood	mid	nucleotide_transformer
1626	0.0	0.0	0.0				False	blood	mid	nucleotide_transformer
1627	0.0	0.0	0.0				False	blood	mid	nucleotide_transformer
1628	0.0	0.0	0.0				False	blood	mid	nucleotide_transformer
1629	0.0	0.0	0.0				False	blood	mid	nucleotide_transformer
1630	0.0	0.0	0.0				False	blood	mid	nucleotide_transformer
1631	0.0	0.0	0.0				False	blood	mid	nucleotide_transformer
1632	0.0	0.0	0.0				False	blood	mid	nucleotide_transformer
1633	0.0	0.0	0.0				False	blood	mid	nucleotide_transformer
1634	0.0	0.0	0.0				False	blood	mid	nucleotide_transformer
1635	0.0	0.0	0.0				False	blood	mid	nucleotide_transformer
1636	0.0	0.0	0.0				False	blood	mid	nucleotide_transformer
1637	0.0	0.0	0.0				False	blood	mid	nucleotide_transformer
1638	0.0	0.0	0.0				False	blood	mid	nucleotide_transformer
1639	0.0	0.0	0.0				False	blood	mid	nucleotide_transformer
1640	0.0	0.0	0.0				False	blood	mid	nucleotide_transformer
1641	0.0	0.0	0.0				False	blood	mid	nucleotide_transformer
1642	0.0	0.0	0.0				False	blood	mid	nucleotide_transformer
1643	0.0	0.0	0.0				False	blood	mid	nucleotide_transformer
1644	0.0	0.0	0.0				False	blood	mid	nucleotide_transformer
1645	0.0	0.0	0.0				False	blood	mid	nucleotide_transformer
1646	0.0	0.0	0.0				False	blood	mid	nucleotide_transformer
1647	0.0	0.0	0.0				False	blood	mid	nucleotide_transformer
1648	0.0	0.0	0.0				False	blood	mid	nucleotide_transformer
1649	0.0	0.0	0.0				False	blood	mid	nucleotide_transformer
1650	0.0	0.0	0.0				False	blood	mid	nucleotide_transformer
1651	0.0	0.0	0.0				False	blood	mid	nucleotide_transformer
1652	0.0	0.0	0.0				False	blood	mid	nucleotide_transformer
1653	0.0	0.0	0.0				False	blood	mid	nucleotide_transformer
1654	0.0	0.0	0.0				False	blood	mid	nucleotide_transformer
1655	0.0	0.0	0.0				False	blood	mid	nucleotide_transformer
1656	0.0	0.0	0.0				False	blood	mid	nucleotide_transformer
1657	0.0	0.0	0.0				False	blood	mid	nucleotide_transformer
1658	0.0	0.0	0.0				False	blood	mid	nucleotide_transformer
1659	0.0	0.0	0.0				False	blood	mid	nucleotide_transformer
1660	0.0	0.0	0.0				False	blood	mid	nucleotide_transformer
1662	0.0	0.0	0.0				False	blood	mid	nucleotide_transformer
1663	0.0	0.0	0.0				False	blood	mid	nucleotide_transformer
1664	0.0	0.0	0.0				False	blood	mid	nucleotide_transformer
1665	0.0	0.0	0.0				False	blood	mid	nucleotide_transformer
1666	0.0	0.0	0.0				False	blood	mid	nucleotide_transformer
1667	0.0	0.0	0.0				False	blood	mid	nucleotide_transformer
1668	0.0	0.0	0.0				False	blood	mid	nucleotide_transformer
1669	0.0	0.0	0.0				False	blood	mid	nucleotide_transformer
1670	0.0	0.0	0.0				False	blood	mid	nucleotide_transformer
1671	0.0	0.0	0.0				False	blood	mid	nucleotide_transformer
1672	0.0	0.0	0.0				False	blood	mid	nucleotide_transformer
1673	0.0	0.0	0.0				False	blood	mid	nucleotide_transformer
1674	0.0	0.0	0.0				False	blood	mid	nucleotide_transformer
1675	0.0	0.0	0.0				False	blood	mid	nucleotide_transformer
1676	0.0	0.0	0.0				False	blood	mid	nucleotide_transformer
1677	0.0	0.0	0.0				False	blood	mid	nucleotide_transformer
1678	0.0	0.0	0.0				False	blood	mid	nucleotide_transformer
1679	0.0	0.0	0.0				False	blood	mid	nucleotide_transformer
1680	0.0	0.0	0.0				False	blood	mid	nucleotide_transformer
1681	0.0	0.0	0.0				False	blood	mid	nucleotide_transformer
1682	0.0	0.0	0.0				False	blood	mid	nucleotide_transformer
1683	0.0	0.0	0.0				False	blood	mid	nucleotide_transformer
1684	0.0	0.0	0.0				False	blood	mid	nucleotide_transformer
1685	0.0	0.0	0.0				False	blood	mid	nucleotide_transformer
1686	0.0	0.0	0.0				False	blood	mid	nucleotide_transformer
1687	0.0	0.0	0.0				False	blood	mid	nucleotide_transformer
1688	0.0	0.0	0.0				False	blood	mid	nucleotide_transformer
1689	0.0	0.0	0.0				False	blood	mid	nucleotide_transformer
1690	0.0	0.0	0.0				False	blood	mid	nucleotide_transformer
1691	0.0	0.0	0.0				False	blood	mid	nucleotide_transformer
1692	0.0	0.0	0.0				False	blood	mid	nucleotide_transformer
1693	0.0	0.0	0.0				False	blood	mid	nucleotide_transformer
1694	0.0	0.0	0.0				False	blood	mid	nucleotide_transformer
1695	0.0	0.0	0.0				False	blood	mid	nucleotide_transformer
1696	0.0	0.0	0.0				False	blood	mid	nucleotide_transformer
1697	0.0	0.0	0.0				False	blood	mid	nucleotide_transformer
1698	0.0	0.0	0.0				False	blood	mid	nucleotide_transformer
1699	0.0	0.0	0.0				False	blood	mid	nucleotide_transformer
1700	0.0	0.0	0.0				False	blood	mid	nucleotide_transformer
1701	0.0	0.0	0.0				False	blood	mid	nucleotide_transformer
1702	0.0	0.0	0.0				False	blood	mid	nucleotide_transformer
1704	0.0	0.0	0.0				False	blood	mid	nucleotide_transformer
1706	0.0	0.0	0.0				False	blood	mid	nucleotide_transformer
1707	0.0	0.0	0.0				False	blood	mid	nucleotide_transformer
1708	0.0	0.0	0.0				False	blood	mid	nucleotide_transformer
1709	0.0	0.0	0.0				False	blood	mid	nucleotide_transformer
1710	0.0	0.0	0.0				False	blood	mid	nucleotide_transformer
1711	0.0	0.0	0.0				False	blood	mid	nucleotide_transformer
1712	0.0	0.0	0.0				False	blood	mid	nucleotide_transformer
1713	0.0	0.0	0.0				False	blood	mid	nucleotide_transformer
1714	0.0	0.0	0.0				False	blood	mid	nucleotide_transformer
1715	0.0	0.0	0.0				False	blood	mid	nucleotide_transformer
1716	0.0	0.0	0.0				False	blood	mid	nucleotide_transformer
1717	0.0	0.0	0.0				False	blood	mid	nucleotide_transformer
1718	0.0	0.0	0.0				False	blood	mid	nucleotide_transformer
1719	0.0	0.0	0.0				False	blood	mid	nucleotide_transformer
1720	0.0	0.0	0.0				False	blood	mid	nucleotide_transformer
1721	0.0	0.0	0.0				False	blood	mid	nucleotide_transformer
1722	0.0	0.0	0.0				False	blood	mid	nucleotide_transformer
1723	0.0	0.0	0.0				False	blood	mid	nucleotide_transformer
1724	0.0	0.0	0.0				False	blood	mid	nucleotide_transformer
1725	0.0	0.0	0.0				False	blood	mid	nucleotide_transformer
1726	0.0	0.0	0.0				False	blood	mid	nucleotide_transformer
1727	0.0	0.0	0.0				False	blood	mid	nucleotide_transformer
1728	0.0	0.0	0.0				False	blood	mid	nucleotide_transformer
1729	0.0	0.0	0.0				False	blood	mid	nucleotide_transformer
1730	0.0	0.0	0.0				False	blood	mid	nucleotide_transformer
1732	0.0	0.0	0.0				False	blood	mid	nucleotide_transformer
1733	0.0	0.0	0.0				False	blood	mid	nucleotide_transformer
1734	0.0	0.0	0.0				False	blood	mid	nucleotide_transformer
1735	0.0	0.0	0.0				False	blood	mid	nucleotide_transformer
1736	0.0	0.0	0.0				False	blood	mid	nucleotide_transformer
1737	0.0	0.0	0.0				False	blood	mid	nucleotide_transformer
1738	0.0	0.0	0.0				False	blood	mid	nucleotide_transformer
1739	0.0	0.0	0.0				False	blood	mid	nucleotide_transformer
1740	0.0	0.0	0.0				False	blood	mid	nucleotide_transformer
1741	0.0	0.0	0.0				False	blood	mid	nucleotide_transformer
1742	0.0	0.0	0.0				False	blood	mid	nucleotide_transformer
1743	0.0	0.0	0.0				False	blood	mid	nucleotide_transformer
1744	0.0	0.0	0.0				False	blood	mid	nucleotide_transformer
1745	0.0	0.0	0.0				False	blood	mid	nucleotide_transformer
1746	0.0	0.0	0.0				False	blood	mid	nucleotide_transformer
1747	0.0	0.0	0.0				False	blood	mid	nucleotide_transformer
1748	0.0	0.0	0.0				False	blood	mid	nucleotide_transformer
1749	0.0	0.0	0.0				False	blood	mid	nucleotide_transformer
1750	0.0	0.0	0.0				False	blood	mid	nucleotide_transformer
1751	0.0	0.0	0.0				False	blood	mid	nucleotide_transformer
1752	0.0	0.0	0.0				False	blood	mid	nucleotide_transformer
1753	0.0	0.0	0.0				False	blood	mid	nucleotide_transformer
1754	0.0	0.0	0.0				False	blood	mid	nucleotide_transformer
1755	0.0	0.0	0.0				False	blood	mid	nucleotide_transformer
1756	0.0	0.0	0.0				False	blood	mid	nucleotide_transformer
1757	0.0	0.0	0.0				False	blood	mid	nucleotide_transformer
1758	0.0	0.0	0.0				False	blood	mid	nucleotide_transformer
1759	0.0	0.0	0.0				False	blood	mid	nucleotide_transformer
1760	0.0	0.0	0.0				False	blood	mid	nucleotide_transformer
1761	0.0	0.0	0.0				False	blood	mid	nucleotide_transformer
1762	0.0	0.0	0.0				False	blood	mid	nucleotide_transformer
1763	0.0	0.0	0.0				False	blood	mid	nucleotide_transformer
1764	0.0	0.0	0.0				False	blood	mid	nucleotide_transformer
1765	0.0	0.0	0.0				False	blood	mid	nucleotide_transformer
1766	0.0	0.0	0.0				False	blood	mid	nucleotide_transformer
1768	0.0	0.0	0.0				False	blood	mid	nucleotide_transformer
1769	0.0	0.0	0.0				False	blood	mid	nucleotide_transformer
1770	0.0	0.0	0.0				False	blood	mid	nucleotide_transformer
1771	0.0	0.0	0.0				False	blood	mid	nucleotide_transformer
1772	0.0	0.0	0.0				False	blood	mid	nucleotide_transformer
1773	0.0	0.0	0.0				False	blood	mid	nucleotide_transformer
1774	0.0	0.0	0.0				False	blood	mid	nucleotide_transformer
1775	0.0	0.0	0.0				False	blood	mid	nucleotide_transformer
1776	0.0	0.0	0.0				False	blood	mid	nucleotide_transformer
1777	0.0	0.0	0.0				False	blood	mid	nucleotide_transformer
1778	0.0	0.0	0.0				False	blood	mid	nucleotide_transformer
1779	0.0	0.0	0.0				False	blood	mid	nucleotide_transformer
1780	0.0	0.0	0.0				False	blood	mid	nucleotide_transformer
1781	0.0	0.0	0.0				False	blood	mid	nucleotide_transformer
1782	0.0	0.0	0.0				False	blood	mid	nucleotide_transformer
1783	0.0	0.0	0.0				False	blood	mid	nucleotide_transformer
1784	0.0	0.0	0.0				False	blood	mid	nucleotide_transformer
1786	0.0	0.0	0.0				False	blood	mid	nucleotide_transformer
1787	0.0	0.0	0.0				False	blood	mid	nucleotide_transformer
1788	0.0	0.0	0.0				False	blood	mid	nucleotide_transformer
1789	0.0	0.0	0.0				False	blood	mid	nucleotide_transformer
1790	0.0	0.0	0.0				False	blood	mid	nucleotide_transformer
1791	0.0	0.0	0.0				False	blood	mid	nucleotide_transformer
1792	0.0	0.0	0.0				False	blood	mid	nucleotide_transformer
1793	0.0	0.0	0.0				False	blood	mid	nucleotide_transformer
1794	0.0	0.0	0.0				False	blood	mid	nucleotide_transformer
1795	0.0	0.0	0.0				False	blood	mid	nucleotide_transformer
1796	0.0	0.0	0.0				False	blood	mid	nucleotide_transformer
1797	0.0	0.0	0.0				False	blood	mid	nucleotide_transformer
1798	0.0	0.0	0.0				False	blood	mid	nucleotide_transformer
1799	0.0	0.0	0.0				False	blood	mid	nucleotide_transformer
1800	0.0	0.0	0.0				False	blood	mid	nucleotide_transformer
1801	0.0	0.0	0.0				False	blood	mid	nucleotide_transformer
1802	0.0	0.0	0.0				False	blood	mid	nucleotide_transformer
1803	0.0	0.0	0.0				False	blood	mid	nucleotide_transformer
1804	0.0	0.0	0.0				False	blood	mid	nucleotide_transformer
1805	0.0	0.0	0.0				False	blood	mid	nucleotide_transformer
1806	0.0	0.0	0.0				False	blood	mid	nucleotide_transformer
1807	0.0	0.0	0.0				False	blood	mid	nucleotide_transformer
1808	0.0	0.0	0.0				False	blood	mid	nucleotide_transformer
1809	0.0	0.0	0.0				False	blood	mid	nucleotide_transformer
1810	0.0	0.0	0.0				False	blood	mid	nucleotide_transformer
1811	0.0	0.0	0.0				False	blood	mid	nucleotide_transformer
1812	0.0	0.0	0.0				False	blood	mid	nucleotide_transformer
1813	0.0	0.0	0.0				False	blood	mid	nucleotide_transformer
1814	0.0	0.0	0.0				False	blood	mid	nucleotide_transformer
1815	0.0	0.0	0.0				False	blood	mid	nucleotide_transformer
1816	0.0	0.0	0.0				False	blood	mid	nucleotide_transformer
1817	0.0	0.0	0.0				False	blood	mid	nucleotide_transformer
1818	0.0	0.0	0.0				False	blood	mid	nucleotide_transformer
1819	0.0	0.0	0.0				False	blood	mid	nucleotide_transformer
1820	0.0	0.0	0.0				False	blood	mid	nucleotide_transformer
1821	0.0	0.0	0.0				False	blood	mid	nucleotide_transformer
1822	0.0	0.0	0.0				False	blood	mid	nucleotide_transformer
1823	0.0	0.0	0.0				False	blood	mid	nucleotide_transformer
1824	0.0	0.0	0.0				False	blood	mid	nucleotide_transformer
1825	0.0	0.0	0.0				False	blood	mid	nucleotide_transformer
1826	0.0	0.0	0.0				False	blood	mid	nucleotide_transformer
1827	0.0	0.0	0.0				False	blood	mid	nucleotide_transformer
1828	0.0	0.0	0.0				False	blood	mid	nucleotide_transformer
1829	0.0	0.0	0.0				False	blood	mid	nucleotide_transformer
1830	0.0	0.0	0.0				False	blood	mid	nucleotide_transformer
1831	0.0	0.0	0.0				False	blood	mid	nucleotide_transformer
1832	0.0	0.0	0.0				False	blood	mid	nucleotide_transformer
1833	0.0	0.0	0.0				False	blood	mid	nucleotide_transformer
1834	0.0	0.0	0.0				False	blood	mid	nucleotide_transformer
1835	0.0	0.0	0.0				False	blood	mid	nucleotide_transformer
1836	0.0	0.0	0.0				False	blood	mid	nucleotide_transformer
1837	0.0	0.0	0.0				False	blood	mid	nucleotide_transformer
1838	0.0	0.0	0.0				False	blood	mid	nucleotide_transformer
1839	0.0	0.0	0.0				False	blood	mid	nucleotide_transformer
1841	0.0	0.0	0.0				False	blood	mid	nucleotide_transformer
1842	0.0	0.0	0.0				False	blood	mid	nucleotide_transformer
1843	0.0	0.0	0.0				False	blood	mid	nucleotide_transformer
1844	0.0	0.0	0.0				False	blood	mid	nucleotide_transformer
1845	0.0	0.0	0.0				False	blood	mid	nucleotide_transformer
1846	0.0	0.0	0.0				False	blood	mid	nucleotide_transformer
1847	0.0	0.0	0.0				False	blood	mid	nucleotide_transformer
1848	0.0	0.0	0.0				False	blood	mid	nucleotide_transformer
1849	0.0	0.0	0.0				False	blood	mid	nucleotide_transformer
1850	0.0	0.0	0.0				False	blood	mid	nucleotide_transformer
1851	0.0	0.0	0.0				False	blood	mid	nucleotide_transformer
1852	0.0	0.0	0.0				False	blood	mid	nucleotide_transformer
1853	0.0	0.0	0.0				False	blood	mid	nucleotide_transformer
1854	0.0	0.0	0.0				False	blood	mid	nucleotide_transformer
1855	0.0	0.0	0.0				False	blood	mid	nucleotide_transformer
1856	0.0	0.0	0.0				False	blood	mid	nucleotide_transformer
1857	0.0	0.0	0.0				False	blood	mid	nucleotide_transformer
1858	0.0	0.0	0.0				False	blood	mid	nucleotide_transformer
1859	0.0	0.0	0.0				False	blood	mid	nucleotide_transformer
1860	0.0	0.0	0.0				False	blood	mid	nucleotide_transformer
1861	0.0	0.0	0.0				False	blood	mid	nucleotide_transformer
1862	0.0	0.0	0.0				False	blood	mid	nucleotide_transformer
1863	0.0	0.0	0.0				False	blood	mid	nucleotide_transformer
1864	0.0	0.0	0.0				False	blood	mid	nucleotide_transformer
1865	0.0	0.0	0.0				False	blood	mid	nucleotide_transformer
1866	0.0	0.0	0.0				False	blood	mid	nucleotide_transformer
1867	0.0	0.0	0.0				False	blood	mid	nucleotide_transformer
1868	0.0	0.0	0.0				False	blood	mid	nucleotide_transformer
1869	0.0	0.0	0.0				False	blood	mid	nucleotide_transformer
1870	0.0	0.0	0.0				False	blood	mid	nucleotide_transformer
1871	0.0	0.0	0.0				False	blood	mid	nucleotide_transformer
1872	0.0	0.0	0.0				False	blood	mid	nucleotide_transformer
1873	0.0	0.0	0.0				False	blood	mid	nucleotide_transformer
1874	0.0	0.0	0.0				False	blood	mid	nucleotide_transformer
1875	0.0	0.0	0.0				False	blood	mid	nucleotide_transformer
1876	0.0	0.0	0.0				False	blood	mid	nucleotide_transformer
1877	0.0	0.0	0.0				False	blood	mid	nucleotide_transformer
1878	0.0	0.0	0.0				False	blood	mid	nucleotide_transformer
1879	0.0	0.0	0.0				False	blood	mid	nucleotide_transformer
1880	0.0	0.0	0.0				False	blood	mid	nucleotide_transformer
1881	0.0	0.0	0.0				False	blood	mid	nucleotide_transformer
1882	0.0	0.0	0.0				False	blood	mid	nucleotide_transformer
1883	0.0	0.0	0.0				False	blood	mid	nucleotide_transformer
1884	0.0	0.0	0.0				False	blood	mid	nucleotide_transformer
1885	0.0	0.0	0.0				False	blood	mid	nucleotide_transformer
1887	0.0	0.0	0.0				False	blood	mid	nucleotide_transformer
1888	0.0	0.0	0.0				False	blood	mid	nucleotide_transformer
1889	0.0	0.0	0.0				False	blood	mid	nucleotide_transformer
1890	0.0	0.0	0.0				False	blood	mid	nucleotide_transformer
1891	0.0	0.0	0.0				False	blood	mid	nucleotide_transformer
1892	0.0	0.0	0.0				False	blood	mid	nucleotide_transformer
1893	0.0	0.0	0.0				False	blood	mid	nucleotide_transformer
1894	0.0	0.0	0.0				False	blood	mid	nucleotide_transformer
1895	0.0	0.0	0.0				False	blood	mid	nucleotide_transformer
1896	0.0	0.0	0.0				False	blood	mid	nucleotide_transformer
1897	0.0	0.0	0.0				False	blood	mid	nucleotide_transformer
1898	0.0	0.0	0.0				False	blood	mid	nucleotide_transformer
1899	0.0	0.0	0.0				False	blood	mid	nucleotide_transformer
1900	0.0	0.0	0.0				False	blood	mid	nucleotide_transformer
1901	0.0	0.0	0.0				False	blood	mid	nucleotide_transformer
1902	0.0	0.0	0.0				False	blood	mid	nucleotide_transformer
1903	0.0	0.0	0.0				False	blood	mid	nucleotide_transformer
1904	0.0	0.0	0.0				False	blood	mid	nucleotide_transformer
1905	0.0	0.0	0.0				False	blood	mid	nucleotide_transformer
1906	0.0	0.0	0.0				False	blood	mid	nucleotide_transformer
1907	0.0	0.0	0.0				False	blood	mid	nucleotide_transformer
1908	0.0	0.0	0.0				False	blood	mid	nucleotide_transformer
1909	0.0	0.0	0.0				False	blood	mid	nucleotide_transformer
1910	0.0	0.0	0.0				False	blood	mid	nucleotide_transformer
1911	0.0	0.0	0.0				False	blood	mid	nucleotide_transformer
1912	0.0	0.0	0.0				False	blood	mid	nucleotide_transformer
1913	0.0	0.0	0.0				False	blood	mid	nucleotide_transformer
1914	0.0	0.0	0.0				False	blood	mid	nucleotide_transformer
1915	0.0	0.0	0.0				False	blood	mid	nucleotide_transformer
1916	0.0	0.0	0.0				False	blood	mid	nucleotide_transformer
1917	0.0	0.0	0.0				False	blood	mid	nucleotide_transformer
1918	0.0	0.0	0.0				False	blood	mid	nucleotide_transformer
1919	0.0	0.0	0.0				False	blood	mid	nucleotide_transformer
1920	0.0	0.0	0.0				False	blood	mid	nucleotide_transformer
1921	0.0	0.0	0.0				False	blood	mid	nucleotide_transformer
1922	0.0	0.0	0.0				False	blood	mid	nucleotide_transformer
1923	0.0	0.0	0.0				False	blood	mid	nucleotide_transformer
1924	0.0	0.0	0.0				False	blood	mid	nucleotide_transformer
1925	0.0	0.0	0.0				False	blood	mid	nucleotide_transformer
1926	0.0	0.0	0.0				False	blood	mid	nucleotide_transformer
1927	0.0	0.0	0.0				False	blood	mid	nucleotide_transformer
1928	0.0	0.0	0.0				False	blood	mid	nucleotide_transformer
1929	0.0	0.0	0.0				False	blood	mid	nucleotide_transformer
1930	0.0	0.0	0.0				False	blood	mid	nucleotide_transformer
1931	0.0	0.0	0.0				False	blood	mid	nucleotide_transformer
1932	0.0	0.0	0.0				False	blood	mid	nucleotide_transformer
1933	0.0	0.0	0.0				False	blood	mid	nucleotide_transformer
1934	0.0	0.0	0.0				False	blood	mid	nucleotide_transformer
1935	0.0	0.0	0.0				False	blood	mid	nucleotide_transformer
1936	0.0	0.0	0.0				False	blood	mid	nucleotide_transformer
1937	0.0	0.0	0.0				False	blood	mid	nucleotide_transformer
1938	0.0	0.0	0.0				False	blood	mid	nucleotide_transformer
1939	0.0	0.0	0.0				False	blood	mid	nucleotide_transformer
1941	0.0	0.0	0.0				False	blood	mid	nucleotide_transformer
1942	0.0	0.0	0.0				False	blood	mid	nucleotide_transformer
1943	0.0	0.0	0.0				False	blood	mid	nucleotide_transformer
1944	0.0	0.0	0.0				False	blood	mid	nucleotide_transformer
1945	0.0	0.0	0.0				False	blood	mid	nucleotide_transformer
1946	0.0	0.0	0.0				False	blood	mid	nucleotide_transformer
1947	0.0	0.0	0.0				False	blood	mid	nucleotide_transformer
1948	0.0	0.0	0.0				False	blood	mid	nucleotide_transformer
1949	0.0	0.0	0.0				False	blood	mid	nucleotide_transformer
1951	0.0	0.0	0.0				False	blood	mid	nucleotide_transformer
1952	0.0	0.0	0.0				False	blood	mid	nucleotide_transformer
1953	0.0	0.0	0.0				False	blood	mid	nucleotide_transformer
1954	0.0	0.0	0.0				False	blood	mid	nucleotide_transformer
1955	0.0	0.0	0.0				False	blood	mid	nucleotide_transformer
1956	0.0	0.0	0.0				False	blood	mid	nucleotide_transformer
1957	0.0	0.0	0.0				False	blood	mid	nucleotide_transformer
1958	0.0	0.0	0.0				False	blood	mid	nucleotide_transformer
1959	0.0	0.0	0.0				False	blood	mid	nucleotide_transformer
1960	0.0	0.0	0.0				False	blood	mid	nucleotide_transformer
1961	0.0	0.0	0.0				False	blood	mid	nucleotide_transformer
1962	0.0	0.0	0.0				False	blood	mid	nucleotide_transformer
1964	0.0	0.0	0.0				False	blood	mid	nucleotide_transformer
1965	0.0	0.0	0.0				False	blood	mid	nucleotide_transformer
1966	0.0	0.0	0.0				False	blood	mid	nucleotide_transformer
1967	0.0	0.0	0.0				False	blood	mid	nucleotide_transformer
1968	0.0	0.0	0.0				False	blood	mid	nucleotide_transformer
1969	0.0	0.0	0.0				False	blood	mid	nucleotide_transformer
1970	0.0	0.0	0.0				False	blood	mid	nucleotide_transformer
1971	0.0	0.0	0.0				False	blood	mid	nucleotide_transformer
1972	0.0	0.0	0.0				False	blood	mid	nucleotide_transformer
1973	0.0	0.0	0.0				False	blood	mid	nucleotide_transformer
1974	0.0	0.0	0.0				False	blood	mid	nucleotide_transformer
1975	0.0	0.0	0.0				False	blood	mid	nucleotide_transformer
1976	0.0	0.0	0.0				False	blood	mid	nucleotide_transformer
1977	0.0	0.0	0.0				False	blood	mid	nucleotide_transformer
1978	0.0	0.0	0.0				False	blood	mid	nucleotide_transformer
1979	0.0	0.0	0.0				False	blood	mid	nucleotide_transformer
1980	0.0	0.0	0.0				False	blood	mid	nucleotide_transformer
1981	0.0	0.0	0.0				False	blood	mid	nucleotide_transformer
1982	0.0	0.0	0.0				False	blood	mid	nucleotide_transformer
1983	0.0	0.0	0.0				False	blood	mid	nucleotide_transformer
1984	0.0	0.0	0.0				False	blood	mid	nucleotide_transformer
1985	0.0	0.0	0.0				False	blood	mid	nucleotide_transformer
1986	0.0	0.0	0.0				False	blood	mid	nucleotide_transformer
1987	0.0	0.0	0.0				False	blood	mid	nucleotide_transformer
1988	0.0	0.0	0.0				False	blood	mid	nucleotide_transformer
1989	0.0	0.0	0.0				False	blood	mid	nucleotide_transformer
1990	0.0	0.0	0.0				False	blood	mid	nucleotide_transformer
1991	0.0	0.0	0.0				False	blood	mid	nucleotide_transformer
1992	0.0	0.0	0.0				False	blood	mid	nucleotide_transformer
1993	0.0	0.0	0.0				False	blood	mid	nucleotide_transformer
1994	0.0	0.0	0.0				False	blood	mid	nucleotide_transformer
1995	0.0	0.0	0.0				False	blood	mid	nucleotide_transformer
1996	0.0	0.0	0.0				False	blood	mid	nucleotide_transformer
1997	0.0	0.0	0.0				False	blood	mid	nucleotide_transformer
1998	0.0	0.0	0.0				False	blood	mid	nucleotide_transformer
1999	0.0	0.0	0.0				False	blood	mid	nucleotide_transformer
2000	0.0	0.0	0.0				False	blood	mid	nucleotide_transformer
2001	0.0	0.0	0.0				False	blood	mid	nucleotide_transformer
2002	0.0	0.0	0.0				False	blood	mid	nucleotide_transformer
2003	0.0	0.0	0.0				False	blood	mid	nucleotide_transformer
2004	0.0	0.0	0.0				False	blood	mid	nucleotide_transformer
2005	0.0	0.0	0.0				False	blood	mid	nucleotide_transformer
2006	0.0	0.0	0.0				False	blood	mid	nucleotide_transformer
2007	0.0	0.0	0.0				False	blood	mid	nucleotide_transformer
2008	0.0	0.0	0.0				False	blood	mid	nucleotide_transformer
2009	0.0	0.0	0.0				False	blood	mid	nucleotide_transformer
2010	0.0	0.0	0.0				False	blood	mid	nucleotide_transformer
2011	0.0	0.0	0.0				False	blood	mid	nucleotide_transformer
2012	0.0	0.0	0.0				False	blood	mid	nucleotide_transformer
2013	0.0	0.0	0.0				False	blood	mid	nucleotide_transformer
2014	0.0	0.0	0.0				False	blood	mid	nucleotide_transformer
2015	0.0	0.0	0.0				False	blood	mid	nucleotide_transformer
2016	0.0	0.0	0.0				False	blood	mid	nucleotide_transformer
2017	0.0	0.0	0.0				False	blood	mid	nucleotide_transformer
2018	0.0	0.0	0.0				False	blood	mid	nucleotide_transformer
2019	0.0	0.0	0.0				False	blood	mid	nucleotide_transformer
2020	0.0	0.0	0.0				False	blood	mid	nucleotide_transformer
2021	0.0	0.0	0.0				False	blood	mid	nucleotide_transformer
2022	0.0	0.0	0.0				False	blood	mid	nucleotide_transformer
2024	0.0	0.0	0.0				False	blood	mid	nucleotide_transformer
2025	0.0	0.0	0.0				False	blood	mid	nucleotide_transformer
2026	0.0	0.0	0.0				False	blood	mid	nucleotide_transformer
2027	0.0	0.0	0.0				False	blood	mid	nucleotide_transformer
2028	0.0	0.0	0.0				False	blood	mid	nucleotide_transformer
2029	0.0	0.0	0.0				False	blood	mid	nucleotide_transformer
2030	0.0	0.0	0.0				False	blood	mid	nucleotide_transformer
2031	0.0	0.0	0.0				False	blood	mid	nucleotide_transformer
2032	0.0	0.0	0.0				False	blood	mid	nucleotide_transformer
2033	0.0	0.0	0.0				False	blood	mid	nucleotide_transformer
2034	0.0	0.0	0.0				False	blood	mid	nucleotide_transformer
2035	0.0	0.0	0.0				False	blood	mid	nucleotide_transformer
2036	0.0	0.0	0.0				False	blood	mid	nucleotide_transformer
2037	0.0	0.0	0.0				False	blood	mid	nucleotide_transformer
2038	0.0	0.0	0.0				False	blood	mid	nucleotide_transformer
2039	0.0	0.0	0.0				False	blood	mid	nucleotide_transformer
2040	0.0	0.0	0.0				False	blood	mid	nucleotide_transformer
2041	0.0	0.0	0.0				False	blood	mid	nucleotide_transformer
2042	0.0	0.0	0.0				False	blood	mid	nucleotide_transformer
2043	0.0	0.0	0.0				False	blood	mid	nucleotide_transformer
2044	0.0	0.0	0.0				False	blood	mid	nucleotide_transformer
2045	0.0	0.0	0.0				False	blood	mid	nucleotide_transformer
2046	0.0	0.0	0.0				False	blood	mid	nucleotide_transformer
2047	0.0	0.0	0.0				False	blood	mid	nucleotide_transformer
2048	0.0	0.0	0.0				False	blood	mid	nucleotide_transformer
2050	0.0	0.0	0.0				False	blood	mid	nucleotide_transformer
2051	0.0	0.0	0.0				False	blood	mid	nucleotide_transformer
2052	0.0	0.0	0.0				False	blood	mid	nucleotide_transformer
2053	0.0	0.0	0.0				False	blood	mid	nucleotide_transformer
2054	0.0	0.0	0.0				False	blood	mid	nucleotide_transformer
2055	0.0	0.0	0.0				False	blood	mid	nucleotide_transformer
2056	0.0	0.0	0.0				False	blood	mid	nucleotide_transformer
2057	0.0	0.0	0.0				False	blood	mid	nucleotide_transformer
2058	0.0	0.0	0.0				False	blood	mid	nucleotide_transformer
2059	0.0	0.0	0.0				False	blood	mid	nucleotide_transformer
2060	0.0	0.0	0.0				False	blood	mid	nucleotide_transformer
2061	0.0	0.0	0.0				False	blood	mid	nucleotide_transformer
2062	0.0	0.0	0.0				False	blood	mid	nucleotide_transformer
2063	0.0	0.0	0.0				False	blood	mid	nucleotide_transformer
2064	0.0	0.0	0.0				False	blood	mid	nucleotide_transformer
2065	0.0	0.0	0.0				False	blood	mid	nucleotide_transformer
2066	0.0	0.0	0.0				False	blood	mid	nucleotide_transformer
2067	0.0	0.0	0.0				False	blood	mid	nucleotide_transformer
2069	0.0	0.0	0.0				False	blood	mid	nucleotide_transformer
2070	0.0	0.0	0.0				False	blood	mid	nucleotide_transformer
2071	0.0	0.0	0.0				False	blood	mid	nucleotide_transformer
2072	0.0	0.0	0.0				False	blood	mid	nucleotide_transformer
2073	0.0	0.0	0.0				False	blood	mid	nucleotide_transformer
2074	0.0	0.0	0.0				False	blood	mid	nucleotide_transformer
2075	0.0	0.0	0.0				False	blood	mid	nucleotide_transformer
2077	0.0	0.0	0.0				False	blood	mid	nucleotide_transformer
2078	0.0	0.0	0.0				False	blood	mid	nucleotide_transformer
2079	0.0	0.0	0.0				False	blood	mid	nucleotide_transformer
2080	0.0	0.0	0.0				False	blood	mid	nucleotide_transformer
2081	0.0	0.0	0.0				False	blood	mid	nucleotide_transformer
2082	0.0	0.0	0.0				False	blood	mid	nucleotide_transformer
2083	0.0	0.0	0.0				False	blood	mid	nucleotide_transformer
2084	0.0	0.0	0.0				False	blood	mid	nucleotide_transformer
2086	0.0	0.0	0.0				False	blood	mid	nucleotide_transformer
2087	0.0	0.0	0.0				False	blood	mid	nucleotide_transformer
2088	0.0	0.0	0.0				False	blood	mid	nucleotide_transformer
2089	0.0	0.0	0.0				False	blood	mid	nucleotide_transformer
2090	0.0	0.0	0.0				False	blood	mid	nucleotide_transformer
2091	0.0	0.0	0.0				False	blood	mid	nucleotide_transformer
2092	0.0	0.0	0.0				False	blood	mid	nucleotide_transformer
2093	0.0	0.0	0.0				False	blood	mid	nucleotide_transformer
2094	0.0	0.0	0.0				False	blood	mid	nucleotide_transformer
2095	0.0	0.0	0.0				False	blood	mid	nucleotide_transformer
2096	0.0	0.0	0.0				False	blood	mid	nucleotide_transformer
2097	0.0	0.0	0.0				False	blood	mid	nucleotide_transformer
2098	0.0	0.0	0.0				False	blood	mid	nucleotide_transformer
2099	0.0	0.0	0.0				False	blood	mid	nucleotide_transformer
2100	0.0	0.0	0.0				False	blood	mid	nucleotide_transformer
2101	0.0	0.0	0.0				False	blood	mid	nucleotide_transformer
2102	0.0	0.0	0.0				False	blood	mid	nucleotide_transformer
2103	0.0	0.0	0.0				False	blood	mid	nucleotide_transformer
2104	0.0	0.0	0.0				False	blood	mid	nucleotide_transformer
2105	0.0	0.0	0.0				False	blood	mid	nucleotide_transformer
2106	0.0	0.0	0.0				False	blood	mid	nucleotide_transformer
2107	0.0	0.0	0.0				False	blood	mid	nucleotide_transformer
2108	0.0	0.0	0.0				False	blood	mid	nucleotide_transformer
2109	0.0	0.0	0.0				False	blood	mid	nucleotide_transformer
2110	0.0	0.0	0.0				False	blood	mid	nucleotide_transformer
2111	0.0	0.0	0.0				False	blood	mid	nucleotide_transformer
2112	0.0	0.0	0.0				False	blood	mid	nucleotide_transformer
2113	0.0	0.0	0.0				False	blood	mid	nucleotide_transformer
2114	0.0	0.0	0.0				False	blood	mid	nucleotide_transformer
2115	0.0	0.0	0.0				False	blood	mid	nucleotide_transformer
2116	0.0	0.0	0.0				False	blood	mid	nucleotide_transformer
2117	0.0	0.0	0.0				False	blood	mid	nucleotide_transformer
2118	0.0	0.0	0.0				False	blood	mid	nucleotide_transformer
2119	0.0	0.0	0.0				False	blood	mid	nucleotide_transformer
2120	0.0	0.0	0.0				False	blood	mid	nucleotide_transformer
2121	0.0	0.0	0.0				False	blood	mid	nucleotide_transformer
2122	0.0	0.0	0.0				False	blood	mid	nucleotide_transformer
2123	0.0	0.0	0.0				False	blood	mid	nucleotide_transformer
2124	0.0	0.0	0.0				False	blood	mid	nucleotide_transformer
2125	0.0	0.0	0.0				False	blood	mid	nucleotide_transformer
2126	0.0	0.0	0.0				False	blood	mid	nucleotide_transformer
2127	0.0	0.0	0.0				False	blood	mid	nucleotide_transformer
2128	0.0	0.0	0.0				False	blood	mid	nucleotide_transformer
2129	0.0	0.0	0.0				False	blood	mid	nucleotide_transformer
2130	0.0	0.0	0.0				False	blood	mid	nucleotide_transformer
2131	0.0	0.0	0.0				False	blood	mid	nucleotide_transformer
2133	0.0	0.0	0.0				False	blood	mid	nucleotide_transformer
2134	0.0	0.0	0.0				False	blood	mid	nucleotide_transformer
2135	0.0	0.0	0.0				False	blood	mid	nucleotide_transformer
2136	0.0	0.0	0.0				False	blood	mid	nucleotide_transformer
2137	0.0	0.0	0.0				False	blood	mid	nucleotide_transformer
2138	0.0	0.0	0.0				False	blood	mid	nucleotide_transformer
2139	0.0	0.0	0.0				False	blood	mid	nucleotide_transformer
2140	0.0	0.0	0.0				False	blood	mid	nucleotide_transformer
2141	0.0	0.0	0.0				False	blood	mid	nucleotide_transformer
2142	0.0	0.0	0.0				False	blood	mid	nucleotide_transformer
2143	0.0	0.0	0.0				False	blood	mid	nucleotide_transformer
2144	0.0	0.0	0.0				False	blood	mid	nucleotide_transformer
2145	0.0	0.0	0.0				False	blood	mid	nucleotide_transformer
2146	0.0	0.0	0.0				False	blood	mid	nucleotide_transformer
2147	0.0	0.0	0.0				False	blood	mid	nucleotide_transformer
2148	0.0	0.0	0.0				False	blood	mid	nucleotide_transformer
2149	0.0	0.0	0.0				False	blood	mid	nucleotide_transformer
2150	0.0	0.0	0.0				False	blood	mid	nucleotide_transformer
2151	0.0	0.0	0.0				False	blood	mid	nucleotide_transformer
2152	0.0	0.0	0.0				False	blood	mid	nucleotide_transformer
2153	0.0	0.0	0.0				False	blood	mid	nucleotide_transformer
2154	0.0	0.0	0.0				False	blood	mid	nucleotide_transformer
2155	0.0	0.0	0.0				False	blood	mid	nucleotide_transformer
2156	0.0	0.0	0.0				False	blood	mid	nucleotide_transformer
2157	0.0	0.0	0.0				False	blood	mid	nucleotide_transformer
2158	0.0	0.0	0.0				False	blood	mid	nucleotide_transformer
2159	0.0	0.0	0.0				False	blood	mid	nucleotide_transformer
2160	0.0	0.0	0.0				False	blood	mid	nucleotide_transformer
2161	0.0	0.0	0.0				False	blood	mid	nucleotide_transformer
2162	0.0	0.0	0.0				False	blood	mid	nucleotide_transformer
2163	0.0	0.0	0.0				False	blood	mid	nucleotide_transformer
2164	0.0	0.0	0.0				False	blood	mid	nucleotide_transformer
2165	0.0	0.0	0.0				False	blood	mid	nucleotide_transformer
2166	0.0	0.0	0.0				False	blood	mid	nucleotide_transformer
2167	0.0	0.0	0.0				False	blood	mid	nucleotide_transformer
2168	0.0	0.0	0.0				False	blood	mid	nucleotide_transformer
2169	0.0	0.0	0.0				False	blood	mid	nucleotide_transformer
2170	0.0	0.0	0.0				False	blood	mid	nucleotide_transformer
2171	0.0	0.0	0.0				False	blood	mid	nucleotide_transformer
2172	0.0	0.0	0.0				False	blood	mid	nucleotide_transformer
2173	0.0	0.0	0.0				False	blood	mid	nucleotide_transformer
2174	0.0	0.0	0.0				False	blood	mid	nucleotide_transformer
2175	0.0	0.0	0.0				False	blood	mid	nucleotide_transformer
2176	0.0	0.0	0.0				False	blood	mid	nucleotide_transformer
2177	0.0	0.0	0.0				False	blood	mid	nucleotide_transformer
2178	0.0	0.0	0.0				False	blood	mid	nucleotide_transformer
2179	0.0	0.0	0.0				False	blood	mid	nucleotide_transformer
2180	0.0	0.0	0.0				False	blood	mid	nucleotide_transformer
2181	0.0	0.0	0.0				False	blood	mid	nucleotide_transformer
2182	0.0	0.0	0.0				False	blood	mid	nucleotide_transformer
2183	0.0	0.0	0.0				False	blood	mid	nucleotide_transformer
2184	0.0	0.0	0.0				False	blood	mid	nucleotide_transformer
2185	0.0	0.0	0.0				False	blood	mid	nucleotide_transformer
2186	0.0	0.0	0.0				False	blood	mid	nucleotide_transformer
2187	0.0	0.0	0.0				False	blood	mid	nucleotide_transformer
2188	0.0	0.0	0.0				False	blood	mid	nucleotide_transformer
2189	0.0	0.0	0.0				False	blood	mid	nucleotide_transformer
2190	0.0	0.0	0.0				False	blood	mid	nucleotide_transformer
2191	0.0	0.0	0.0				False	blood	mid	nucleotide_transformer
2192	0.0	0.0	0.0				False	blood	mid	nucleotide_transformer
2193	0.0	0.0	0.0				False	blood	mid	nucleotide_transformer
2195	0.0	0.0	0.0				False	blood	mid	nucleotide_transformer
2196	0.0	0.0	0.0				False	blood	mid	nucleotide_transformer
2197	0.0	0.0	0.0				False	blood	mid	nucleotide_transformer
2198	0.0	0.0	0.0				False	blood	mid	nucleotide_transformer
2199	0.0	0.0	0.0				False	blood	mid	nucleotide_transformer
2200	0.0	0.0	0.0				False	blood	mid	nucleotide_transformer
2201	0.0	0.0	0.0				False	blood	mid	nucleotide_transformer
2202	0.0	0.0	0.0				False	blood	mid	nucleotide_transformer
2203	0.0	0.0	0.0				False	blood	mid	nucleotide_transformer
2204	0.0	0.0	0.0				False	blood	mid	nucleotide_transformer
2206	0.0	0.0	0.0				False	blood	mid	nucleotide_transformer
2207	0.0	0.0	0.0				False	blood	mid	nucleotide_transformer
2208	0.0	0.0	0.0				False	blood	mid	nucleotide_transformer
2209	0.0	0.0	0.0				False	blood	mid	nucleotide_transformer
2210	0.0	0.0	0.0				False	blood	mid	nucleotide_transformer
2211	0.0	0.0	0.0				False	blood	mid	nucleotide_transformer
2212	0.0	0.0	0.0				False	blood	mid	nucleotide_transformer
2213	0.0	0.0	0.0				False	blood	mid	nucleotide_transformer
2214	0.0	0.0	0.0				False	blood	mid	nucleotide_transformer
2215	0.0	0.0	0.0				False	blood	mid	nucleotide_transformer
2216	0.0	0.0	0.0				False	blood	mid	nucleotide_transformer
2217	0.0	0.0	0.0				False	blood	mid	nucleotide_transformer
2218	0.0	0.0	0.0				False	blood	mid	nucleotide_transformer
2219	0.0	0.0	0.0				False	blood	mid	nucleotide_transformer
2220	0.0	0.0	0.0				False	blood	mid	nucleotide_transformer
2221	0.0	0.0	0.0				False	blood	mid	nucleotide_transformer
2222	0.0	0.0	0.0				False	blood	mid	nucleotide_transformer
2223	0.0	0.0	0.0				False	blood	mid	nucleotide_transformer
2224	0.0	0.0	0.0				False	blood	mid	nucleotide_transformer
2225	0.0	0.0	0.0				False	blood	mid	nucleotide_transformer
2226	0.0	0.0	0.0				False	blood	mid	nucleotide_transformer
2227	0.0	0.0	0.0				False	blood	mid	nucleotide_transformer
2228	0.0	0.0	0.0				False	blood	mid	nucleotide_transformer
2229	0.0	0.0	0.0				False	blood	mid	nucleotide_transformer
2230	0.0	0.0	0.0				False	blood	mid	nucleotide_transformer
2231	0.0	0.0	0.0				False	blood	mid	nucleotide_transformer
2232	0.0	0.0	0.0				False	blood	mid	nucleotide_transformer
2233	0.0	0.0	0.0				False	blood	mid	nucleotide_transformer
2234	0.0	0.0	0.0				False	blood	mid	nucleotide_transformer
2235	0.0	0.0	0.0				False	blood	mid	nucleotide_transformer
2237	0.0	0.0	0.0				False	blood	mid	nucleotide_transformer
2238	0.0	0.0	0.0				False	blood	mid	nucleotide_transformer
2239	0.0	0.0	0.0				False	blood	mid	nucleotide_transformer
2240	0.0	0.0	0.0				False	blood	mid	nucleotide_transformer
2241	0.0	0.0	0.0				False	blood	mid	nucleotide_transformer
2242	0.0	0.0	0.0				False	blood	mid	nucleotide_transformer
2243	0.0	0.0	0.0				False	blood	mid	nucleotide_transformer
2244	0.0	0.0	0.0				False	blood	mid	nucleotide_transformer
2245	0.0	0.0	0.0				False	blood	mid	nucleotide_transformer
2246	0.0	0.0	0.0				False	blood	mid	nucleotide_transformer
2247	0.0	0.0	0.0				False	blood	mid	nucleotide_transformer
2248	0.0	0.0	0.0				False	blood	mid	nucleotide_transformer
2249	0.0	0.0	0.0				False	blood	mid	nucleotide_transformer
2250	0.0	0.0	0.0				False	blood	mid	nucleotide_transformer
2251	0.0	0.0	0.0				False	blood	mid	nucleotide_transformer
2252	0.0	0.0	0.0				False	blood	mid	nucleotide_transformer
2253	0.0	0.0	0.0				False	blood	mid	nucleotide_transformer
2254	0.0	0.0	0.0				False	blood	mid	nucleotide_transformer
2255	0.0	0.0	0.0				False	blood	mid	nucleotide_transformer
2256	0.0	0.0	0.0				False	blood	mid	nucleotide_transformer
2257	0.0	0.0	0.0				False	blood	mid	nucleotide_transformer
2258	0.0	0.0	0.0				False	blood	mid	nucleotide_transformer
2259	0.0	0.0	0.0				False	blood	mid	nucleotide_transformer
2260	0.0	0.0	0.0				False	blood	mid	nucleotide_transformer
2261	0.0	0.0	0.0				False	blood	mid	nucleotide_transformer
2262	0.0	0.0	0.0				False	blood	mid	nucleotide_transformer
2263	0.0	0.0	0.0				False	blood	mid	nucleotide_transformer
2264	0.0	0.0	0.0				False	blood	mid	nucleotide_transformer
2265	0.0	0.0	0.0				False	blood	mid	nucleotide_transformer
2266	0.0	0.0	0.0				False	blood	mid	nucleotide_transformer
2267	0.0	0.0	0.0				False	blood	mid	nucleotide_transformer
2269	0.0	0.0	0.0				False	blood	mid	nucleotide_transformer
2270	0.0	0.0	0.0				False	blood	mid	nucleotide_transformer
2271	0.0	0.0	0.0				False	blood	mid	nucleotide_transformer
2272	0.0	0.0	0.0				False	blood	mid	nucleotide_transformer
2273	0.0	0.0	0.0				False	blood	mid	nucleotide_transformer
2274	0.0	0.0	0.0				False	blood	mid	nucleotide_transformer
2275	0.0	0.0	0.0				False	blood	mid	nucleotide_transformer
2276	0.0	0.0	0.0				False	blood	mid	nucleotide_transformer
2277	0.0	0.0	0.0				False	blood	mid	nucleotide_transformer
2278	0.0	0.0	0.0				False	blood	mid	nucleotide_transformer
2279	0.0	0.0	0.0				False	blood	mid	nucleotide_transformer
2280	0.0	0.0	0.0				False	blood	mid	nucleotide_transformer
2281	0.0	0.0	0.0				False	blood	mid	nucleotide_transformer
2282	0.0	0.0	0.0				False	blood	mid	nucleotide_transformer
2283	0.0	0.0	0.0				False	blood	mid	nucleotide_transformer
2284	0.0	0.0	0.0				False	blood	mid	nucleotide_transformer
2285	0.0	0.0	0.0				False	blood	mid	nucleotide_transformer
2286	0.0	0.0	0.0				False	blood	mid	nucleotide_transformer
2287	0.0	0.0	0.0				False	blood	mid	nucleotide_transformer
2288	0.0	0.0	0.0				False	blood	mid	nucleotide_transformer
2289	0.0	0.0	0.0				False	blood	mid	nucleotide_transformer
2290	0.0	0.0	0.0				False	blood	mid	nucleotide_transformer
2291	0.0	0.0	0.0				False	blood	mid	nucleotide_transformer
2292	0.0	0.0	0.0				False	blood	mid	nucleotide_transformer
2293	0.0	0.0	0.0				False	blood	mid	nucleotide_transformer
2294	0.0	0.0	0.0				False	blood	mid	nucleotide_transformer
2295	0.0	0.0	0.0				False	blood	mid	nucleotide_transformer
2296	0.0	0.0	0.0				False	blood	mid	nucleotide_transformer
2297	0.0	0.0	0.0				False	blood	mid	nucleotide_transformer
2298	0.0	0.0	0.0				False	blood	mid	nucleotide_transformer
2299	0.0	0.0	0.0				False	blood	mid	nucleotide_transformer
2300	0.0	0.0	0.0				False	blood	mid	nucleotide_transformer
2301	0.0	0.0	0.0				False	blood	mid	nucleotide_transformer
2302	0.0	0.0	0.0				False	blood	mid	nucleotide_transformer
2303	0.0	0.0	0.0				False	blood	mid	nucleotide_transformer
2304	0.0	0.0	0.0				False	blood	mid	nucleotide_transformer
2305	0.0	0.0	0.0				False	blood	mid	nucleotide_transformer
2306	0.0	0.0	0.0				False	blood	mid	nucleotide_transformer
2307	0.0	0.0	0.0				False	blood	mid	nucleotide_transformer
2308	0.0	0.0	0.0				False	blood	mid	nucleotide_transformer
2309	0.0	0.0	0.0				False	blood	mid	nucleotide_transformer
2310	0.0	0.0	0.0				False	blood	mid	nucleotide_transformer
2311	0.0	0.0	0.0				False	blood	mid	nucleotide_transformer
2312	0.0	0.0	0.0				False	blood	mid	nucleotide_transformer
2313	0.0	0.0	0.0				False	blood	mid	nucleotide_transformer
2314	0.0	0.0	0.0				False	blood	mid	nucleotide_transformer
2315	0.0	0.0	0.0				False	blood	mid	nucleotide_transformer
2316	0.0	0.0	0.0				False	blood	mid	nucleotide_transformer
2317	0.0	0.0	0.0				False	blood	mid	nucleotide_transformer
2318	0.0	0.0	0.0				False	blood	mid	nucleotide_transformer
2319	0.0	0.0	0.0				False	blood	mid	nucleotide_transformer
2320	0.0	0.0	0.0				False	blood	mid	nucleotide_transformer
2321	0.0	0.0	0.0				False	blood	mid	nucleotide_transformer
2322	0.0	0.0	0.0				False	blood	mid	nucleotide_transformer
2323	0.0	0.0	0.0				False	blood	mid	nucleotide_transformer
2324	0.0	0.0	0.0				False	blood	mid	nucleotide_transformer
2325	0.0	0.0	0.0				False	blood	mid	nucleotide_transformer
2326	0.0	0.0	0.0				False	blood	mid	nucleotide_transformer
2327	0.0	0.0	0.0				False	blood	mid	nucleotide_transformer
2328	0.0	0.0	0.0				False	blood	mid	nucleotide_transformer
2329	0.0	0.0	0.0				False	blood	mid	nucleotide_transformer
2330	0.0	0.0	0.0				False	blood	mid	nucleotide_transformer
2331	0.0	0.0	0.0				False	blood	mid	nucleotide_transformer
2332	0.0	0.0	0.0				False	blood	mid	nucleotide_transformer
2333	0.0	0.0	0.0				False	blood	mid	nucleotide_transformer
2334	0.0	0.0	0.0				False	blood	mid	nucleotide_transformer
2335	0.0	0.0	0.0				False	blood	mid	nucleotide_transformer
2337	0.0	0.0	0.0				False	blood	mid	nucleotide_transformer
2338	0.0	0.0	0.0				False	blood	mid	nucleotide_transformer
2339	0.0	0.0	0.0				False	blood	mid	nucleotide_transformer
2340	0.0	0.0	0.0				False	blood	mid	nucleotide_transformer
2341	0.0	0.0	0.0				False	blood	mid	nucleotide_transformer
2342	0.0	0.0	0.0				False	blood	mid	nucleotide_transformer
2343	0.0	0.0	0.0				False	blood	mid	nucleotide_transformer
2344	0.0	0.0	0.0				False	blood	mid	nucleotide_transformer
2345	0.0	0.0	0.0				False	blood	mid	nucleotide_transformer
2346	0.0	0.0	0.0				False	blood	mid	nucleotide_transformer
2347	0.0	0.0	0.0				False	blood	mid	nucleotide_transformer
2348	0.0	0.0	0.0				False	blood	mid	nucleotide_transformer
2349	0.0	0.0	0.0				False	blood	mid	nucleotide_transformer
2350	0.0	0.0	0.0				False	blood	mid	nucleotide_transformer
2351	0.0	0.0	0.0				False	blood	mid	nucleotide_transformer
2352	0.0	0.0	0.0				False	blood	mid	nucleotide_transformer
2353	0.0	0.0	0.0				False	blood	mid	nucleotide_transformer
2354	0.0	0.0	0.0				False	blood	mid	nucleotide_transformer
2355	0.0	0.0	0.0				False	blood	mid	nucleotide_transformer
2356	0.0	0.0	0.0				False	blood	mid	nucleotide_transformer
2357	0.0	0.0	0.0				False	blood	mid	nucleotide_transformer
2358	0.0	0.0	0.0				False	blood	mid	nucleotide_transformer
2359	0.0	0.0	0.0				False	blood	mid	nucleotide_transformer
2360	0.0	0.0	0.0				False	blood	mid	nucleotide_transformer
2361	0.0	0.0	0.0				False	blood	mid	nucleotide_transformer
2362	0.0	0.0	0.0				False	blood	mid	nucleotide_transformer
2363	0.0	0.0	0.0				False	blood	mid	nucleotide_transformer
2364	0.0	0.0	0.0				False	blood	mid	nucleotide_transformer
2365	0.0	0.0	0.0				False	blood	mid	nucleotide_transformer
2366	0.0	0.0	0.0				False	blood	mid	nucleotide_transformer
2367	0.0	0.0	0.0				False	blood	mid	nucleotide_transformer
2368	0.0	0.0	0.0				False	blood	mid	nucleotide_transformer
2369	0.0	0.0	0.0				False	blood	mid	nucleotide_transformer
2370	0.0	0.0	0.0				False	blood	mid	nucleotide_transformer
2371	0.0	0.0	0.0				False	blood	mid	nucleotide_transformer
2372	0.0	0.0	0.0				False	blood	mid	nucleotide_transformer
2373	0.0	0.0	0.0				False	blood	mid	nucleotide_transformer
2374	0.0	0.0	0.0				False	blood	mid	nucleotide_transformer
2375	0.0	0.0	0.0				False	blood	mid	nucleotide_transformer
2376	0.0	0.0	0.0				False	blood	mid	nucleotide_transformer
2377	0.0	0.0	0.0				False	blood	mid	nucleotide_transformer
2378	0.0	0.0	0.0				False	blood	mid	nucleotide_transformer
2380	0.0	0.0	0.0				False	blood	mid	nucleotide_transformer
2381	0.0	0.0	0.0				False	blood	mid	nucleotide_transformer
2382	0.0	0.0	0.0				False	blood	mid	nucleotide_transformer
2383	0.0	0.0	0.0				False	blood	mid	nucleotide_transformer
2384	0.0	0.0	0.0				False	blood	mid	nucleotide_transformer
2385	0.0	0.0	0.0				False	blood	mid	nucleotide_transformer
2386	0.0	0.0	0.0				False	blood	mid	nucleotide_transformer
2387	0.0	0.0	0.0				False	blood	mid	nucleotide_transformer
2388	0.0	0.0	0.0				False	blood	mid	nucleotide_transformer
2390	0.0	0.0	0.0				False	blood	mid	nucleotide_transformer
2391	0.0	0.0	0.0				False	blood	mid	nucleotide_transformer
2392	0.0	0.0	0.0				False	blood	mid	nucleotide_transformer
2393	0.0	0.0	0.0				False	blood	mid	nucleotide_transformer
2394	0.0	0.0	0.0				False	blood	mid	nucleotide_transformer
2395	0.0	0.0	0.0				False	blood	mid	nucleotide_transformer
2396	0.0	0.0	0.0				False	blood	mid	nucleotide_transformer
2397	0.0	0.0	0.0				False	blood	mid	nucleotide_transformer
2398	0.0	0.0	0.0				False	blood	mid	nucleotide_transformer
2399	0.0	0.0	0.0				False	blood	mid	nucleotide_transformer
2400	0.0	0.0	0.0				False	blood	mid	nucleotide_transformer
2401	0.0	0.0	0.0				False	blood	mid	nucleotide_transformer
2402	0.0	0.0	0.0				False	blood	mid	nucleotide_transformer
2403	0.0	0.0	0.0				False	blood	mid	nucleotide_transformer
2404	0.0	0.0	0.0				False	blood	mid	nucleotide_transformer
2405	0.0	0.0	0.0				False	blood	mid	nucleotide_transformer
2406	0.0	0.0	0.0				False	blood	mid	nucleotide_transformer
2407	0.0	0.0	0.0				False	blood	mid	nucleotide_transformer
2409	0.0	0.0	0.0				False	blood	mid	nucleotide_transformer
2410	0.0	0.0	0.0				False	blood	mid	nucleotide_transformer
2411	0.0	0.0	0.0				False	blood	mid	nucleotide_transformer
2412	0.0	0.0	0.0				False	blood	mid	nucleotide_transformer
2413	0.0	0.0	0.0				False	blood	mid	nucleotide_transformer
2414	0.0	0.0	0.0				False	blood	mid	nucleotide_transformer
2415	0.0	0.0	0.0				False	blood	mid	nucleotide_transformer
2416	0.0	0.0	0.0				False	blood	mid	nucleotide_transformer
2417	0.0	0.0	0.0				False	blood	mid	nucleotide_transformer
2418	0.0	0.0	0.0				False	blood	mid	nucleotide_transformer
2419	0.0	0.0	0.0				False	blood	mid	nucleotide_transformer
2420	0.0	0.0	0.0				False	blood	mid	nucleotide_transformer
2421	0.0	0.0	0.0				False	blood	mid	nucleotide_transformer
2422	0.0	0.0	0.0				False	blood	mid	nucleotide_transformer
2423	0.0	0.0	0.0				False	blood	mid	nucleotide_transformer
2424	0.0	0.0	0.0				False	blood	mid	nucleotide_transformer
2425	0.0	0.0	0.0				False	blood	mid	nucleotide_transformer
2426	0.0	0.0	0.0				False	blood	mid	nucleotide_transformer
2427	0.0	0.0	0.0				False	blood	mid	nucleotide_transformer
2428	0.0	0.0	0.0				False	blood	mid	nucleotide_transformer
2429	0.0	0.0	0.0				False	blood	mid	nucleotide_transformer
2430	0.0	0.0	0.0				False	blood	mid	nucleotide_transformer
2431	0.0	0.0	0.0				False	blood	mid	nucleotide_transformer
2432	0.0	0.0	0.0				False	blood	mid	nucleotide_transformer
2433	0.0	0.0	0.0				False	blood	mid	nucleotide_transformer
2434	0.0	0.0	0.0				False	blood	mid	nucleotide_transformer
2435	0.0	0.0	0.0				False	blood	mid	nucleotide_transformer
2436	0.0	0.0	0.0				False	blood	mid	nucleotide_transformer
2437	0.0	0.0	0.0				False	blood	mid	nucleotide_transformer
2438	0.0	0.0	0.0				False	blood	mid	nucleotide_transformer
2439	0.0	0.0	0.0				False	blood	mid	nucleotide_transformer
2440	0.0	0.0	0.0				False	blood	mid	nucleotide_transformer
2441	0.0	0.0	0.0				False	blood	mid	nucleotide_transformer
2442	0.0	0.0	0.0				False	blood	mid	nucleotide_transformer
2443	0.0	0.0	0.0				False	blood	mid	nucleotide_transformer
2444	0.0	0.0	0.0				False	blood	mid	nucleotide_transformer
2445	0.0	0.0	0.0				False	blood	mid	nucleotide_transformer
2446	0.0	0.0	0.0				False	blood	mid	nucleotide_transformer
2447	0.0	0.0	0.0				False	blood	mid	nucleotide_transformer
2448	0.0	0.0	0.0				False	blood	mid	nucleotide_transformer
2449	0.0	0.0	0.0				False	blood	mid	nucleotide_transformer
2450	0.0	0.0	0.0				False	blood	mid	nucleotide_transformer
2451	0.0	0.0	0.0				False	blood	mid	nucleotide_transformer
2452	0.0	0.0	0.0				False	blood	mid	nucleotide_transformer
2454	0.0	0.0	0.0				False	blood	mid	nucleotide_transformer
2455	0.0	0.0	0.0				False	blood	mid	nucleotide_transformer
2456	0.0	0.0	0.0				False	blood	mid	nucleotide_transformer
2457	0.0	0.0	0.0				False	blood	mid	nucleotide_transformer
2458	0.0	0.0	0.0				False	blood	mid	nucleotide_transformer
2459	0.0	0.0	0.0				False	blood	mid	nucleotide_transformer
2460	0.0	0.0	0.0				False	blood	mid	nucleotide_transformer
2461	0.0	0.0	0.0				False	blood	mid	nucleotide_transformer
2462	0.0	0.0	0.0				False	blood	mid	nucleotide_transformer
2463	0.0	0.0	0.0				False	blood	mid	nucleotide_transformer
2464	0.0	0.0	0.0				False	blood	mid	nucleotide_transformer
2465	0.0	0.0	0.0				False	blood	mid	nucleotide_transformer
2466	0.0	0.0	0.0				False	blood	mid	nucleotide_transformer
2467	0.0	0.0	0.0				False	blood	mid	nucleotide_transformer
2468	0.0	0.0	0.0				False	blood	mid	nucleotide_transformer
2469	0.0	0.0	0.0				False	blood	mid	nucleotide_transformer
2470	0.0	0.0	0.0				False	blood	mid	nucleotide_transformer
2471	0.0	0.0	0.0				False	blood	mid	nucleotide_transformer
2472	0.0	0.0	0.0				False	blood	mid	nucleotide_transformer
2473	0.0	0.0	0.0				False	blood	mid	nucleotide_transformer
2474	0.0	0.0	0.0				False	blood	mid	nucleotide_transformer
2475	0.0	0.0	0.0				False	blood	mid	nucleotide_transformer
2476	0.0	0.0	0.0				False	blood	mid	nucleotide_transformer
2477	0.0	0.0	0.0				False	blood	mid	nucleotide_transformer
2478	0.0	0.0	0.0				False	blood	mid	nucleotide_transformer
2479	0.0	0.0	0.0				False	blood	mid	nucleotide_transformer
2480	0.0	0.0	0.0				False	blood	mid	nucleotide_transformer
2481	0.0	0.0	0.0				False	blood	mid	nucleotide_transformer
2482	0.0	0.0	0.0				False	blood	mid	nucleotide_transformer
2483	0.0	0.0	0.0				False	blood	mid	nucleotide_transformer
2484	0.0	0.0	0.0				False	blood	mid	nucleotide_transformer
2485	0.0	0.0	0.0				False	blood	mid	nucleotide_transformer
2486	0.0	0.0	0.0				False	blood	mid	nucleotide_transformer
2487	0.0	0.0	0.0				False	blood	mid	nucleotide_transformer
2488	0.0	0.0	0.0				False	blood	mid	nucleotide_transformer
2489	0.0	0.0	0.0				False	blood	mid	nucleotide_transformer
2490	0.0	0.0	0.0				False	blood	mid	nucleotide_transformer
2491	0.0	0.0	0.0				False	blood	mid	nucleotide_transformer
2492	0.0	0.0	0.0				False	blood	mid	nucleotide_transformer
2493	0.0	0.0	0.0				False	blood	mid	nucleotide_transformer
2494	0.0	0.0	0.0				False	blood	mid	nucleotide_transformer
2495	0.0	0.0	0.0				False	blood	mid	nucleotide_transformer
2496	0.0	0.0	0.0				False	blood	mid	nucleotide_transformer
2497	0.0	0.0	0.0				False	blood	mid	nucleotide_transformer
2498	0.0	0.0	0.0				False	blood	mid	nucleotide_transformer
2499	0.0	0.0	0.0				False	blood	mid	nucleotide_transformer
2500	0.0	0.0	0.0				False	blood	mid	nucleotide_transformer
2501	0.0	0.0	0.0				False	blood	mid	nucleotide_transformer
2502	0.0	0.0	0.0				False	blood	mid	nucleotide_transformer
2503	0.0	0.0	0.0				False	blood	mid	nucleotide_transformer
2504	0.0	0.0	0.0				False	blood	mid	nucleotide_transformer
2505	0.0	0.0	0.0				False	blood	mid	nucleotide_transformer
2506	0.0	0.0	0.0				False	blood	mid	nucleotide_transformer
2507	0.0	0.0	0.0				False	blood	mid	nucleotide_transformer
2508	0.0	0.0	0.0				False	blood	mid	nucleotide_transformer
2509	0.0	0.0	0.0				False	blood	mid	nucleotide_transformer
2510	0.0	0.0	0.0				False	blood	mid	nucleotide_transformer
2511	0.0	0.0	0.0				False	blood	mid	nucleotide_transformer
2512	0.0	0.0	0.0				False	blood	mid	nucleotide_transformer
2513	0.0	0.0	0.0				False	blood	mid	nucleotide_transformer
2514	0.0	0.0	0.0				False	blood	mid	nucleotide_transformer
2515	0.0	0.0	0.0				False	blood	mid	nucleotide_transformer
2516	0.0	0.0	0.0				False	blood	mid	nucleotide_transformer
2517	0.0	0.0	0.0				False	blood	mid	nucleotide_transformer
2518	0.0	0.0	0.0				False	blood	mid	nucleotide_transformer
2519	0.0	0.0	0.0				False	blood	mid	nucleotide_transformer
2520	0.0	0.0	0.0				False	blood	mid	nucleotide_transformer
2521	0.0	0.0	0.0				False	blood	mid	nucleotide_transformer
2522	0.0	0.0	0.0				False	blood	mid	nucleotide_transformer
2523	0.0	0.0	0.0				False	blood	mid	nucleotide_transformer
2525	0.0	0.0	0.0				False	blood	mid	nucleotide_transformer
2526	0.0	0.0	0.0				False	blood	mid	nucleotide_transformer
2527	0.0	0.0	0.0				False	blood	mid	nucleotide_transformer
2528	0.0	0.0	0.0				False	blood	mid	nucleotide_transformer
2529	0.0	0.0	0.0				False	blood	mid	nucleotide_transformer
2530	0.0	0.0	0.0				False	blood	mid	nucleotide_transformer
2531	0.0	0.0	0.0				False	blood	mid	nucleotide_transformer
2532	0.0	0.0	0.0				False	blood	mid	nucleotide_transformer
2533	0.0	0.0	0.0				False	blood	mid	nucleotide_transformer
2534	0.0	0.0	0.0				False	blood	mid	nucleotide_transformer
2535	0.0	0.0	0.0				False	blood	mid	nucleotide_transformer
2536	0.0	0.0	0.0				False	blood	mid	nucleotide_transformer
2537	0.0	0.0	0.0				False	blood	mid	nucleotide_transformer
2538	0.0	0.0	0.0				False	blood	mid	nucleotide_transformer
2539	0.0	0.0	0.0				False	blood	mid	nucleotide_transformer
2540	0.0	0.0	0.0				False	blood	mid	nucleotide_transformer
2541	0.0	0.0	0.0				False	blood	mid	nucleotide_transformer
2542	0.0	0.0	0.0				False	blood	mid	nucleotide_transformer
2543	0.0	0.0	0.0				False	blood	mid	nucleotide_transformer
2544	0.0	0.0	0.0				False	blood	mid	nucleotide_transformer
2545	0.0	0.0	0.0				False	blood	mid	nucleotide_transformer
2546	0.0	0.0	0.0				False	blood	mid	nucleotide_transformer
2547	0.0	0.0	0.0				False	blood	mid	nucleotide_transformer
2548	0.0	0.0	0.0				False	blood	mid	nucleotide_transformer
2549	0.0	0.0	0.0				False	blood	mid	nucleotide_transformer
2550	0.0	0.0	0.0				False	blood	mid	nucleotide_transformer
2551	0.0	0.0	0.0				False	blood	mid	nucleotide_transformer
2552	0.0	0.0	0.0				False	blood	mid	nucleotide_transformer
2553	0.0	0.0	0.0				False	blood	mid	nucleotide_transformer
2554	0.0	0.0	0.0				False	blood	mid	nucleotide_transformer
2555	0.0	0.0	0.0				False	blood	mid	nucleotide_transformer
2556	0.0	0.0	0.0				False	blood	mid	nucleotide_transformer
2557	0.0	0.0	0.0				False	blood	mid	nucleotide_transformer
2558	0.0	0.0	0.0				False	blood	mid	nucleotide_transformer
2559	0.0	0.0	0.0				False	blood	mid	nucleotide_transformer
2561	0.0	0.0	0.0				False	blood	mid	nucleotide_transformer
2562	0.0	0.0	0.0				False	blood	mid	nucleotide_transformer
2563	0.0	0.0	0.0				False	blood	mid	nucleotide_transformer
2564	0.0	0.0	0.0				False	blood	mid	nucleotide_transformer
2565	0.0	0.0	0.0				False	blood	mid	nucleotide_transformer
2566	0.0	0.0	0.0				False	blood	mid	nucleotide_transformer
2567	0.0	0.0	0.0				False	blood	mid	nucleotide_transformer
2568	0.0	0.0	0.0				False	blood	mid	nucleotide_transformer
2569	0.0	0.0	0.0				False	blood	mid	nucleotide_transformer
2570	0.0	0.0	0.0				False	blood	mid	nucleotide_transformer
2571	0.0	0.0	0.0				False	blood	mid	nucleotide_transformer
2573	0.0	0.0	0.0				False	blood	mid	nucleotide_transformer
2574	0.0	0.0	0.0				False	blood	mid	nucleotide_transformer
2575	0.0	0.0	0.0				False	blood	mid	nucleotide_transformer
2576	0.0	0.0	0.0				False	blood	mid	nucleotide_transformer
2577	0.0	0.0	0.0				False	blood	mid	nucleotide_transformer
2578	0.0	0.0	0.0				False	blood	mid	nucleotide_transformer
2579	0.0	0.0	0.0				False	blood	mid	nucleotide_transformer
2580	0.0	0.0	0.0				False	blood	mid	nucleotide_transformer
2581	0.0	0.0	0.0				False	blood	mid	nucleotide_transformer
2582	0.0	0.0	0.0				False	blood	mid	nucleotide_transformer
2583	0.0	0.0	0.0				False	blood	mid	nucleotide_transformer
2584	0.0	0.0	0.0				False	blood	mid	nucleotide_transformer
2585	0.0	0.0	0.0				False	blood	mid	nucleotide_transformer
2586	0.0	0.0	0.0				False	blood	mid	nucleotide_transformer
2587	0.0	0.0	0.0				False	blood	mid	nucleotide_transformer
2588	0.0	0.0	0.0				False	blood	mid	nucleotide_transformer
2589	0.0	0.0	0.0				False	blood	mid	nucleotide_transformer
2590	0.0	0.0	0.0				False	blood	mid	nucleotide_transformer
2591	0.0	0.0	0.0				False	blood	mid	nucleotide_transformer
2592	0.0	0.0	0.0				False	blood	mid	nucleotide_transformer
2593	0.0	0.0	0.0				False	blood	mid	nucleotide_transformer
2594	0.0	0.0	0.0				False	blood	mid	nucleotide_transformer
2595	0.0	0.0	0.0				False	blood	mid	nucleotide_transformer
2596	0.0	0.0	0.0				False	blood	mid	nucleotide_transformer
2597	0.0	0.0	0.0				False	blood	mid	nucleotide_transformer
2598	0.0	0.0	0.0				False	blood	mid	nucleotide_transformer
2599	0.0	0.0	0.0				False	blood	mid	nucleotide_transformer
2600	0.0	0.0	0.0				False	blood	mid	nucleotide_transformer
2601	0.0	0.0	0.0				False	blood	mid	nucleotide_transformer
2602	0.0	0.0	0.0				False	blood	mid	nucleotide_transformer
2603	0.0	0.0	0.0				False	blood	mid	nucleotide_transformer
2604	0.0	0.0	0.0				False	blood	mid	nucleotide_transformer
2605	0.0	0.0	0.0				False	blood	mid	nucleotide_transformer
2606	0.0	0.0	0.0				False	blood	mid	nucleotide_transformer
2607	0.0	0.0	0.0				False	blood	mid	nucleotide_transformer
2608	0.0	0.0	0.0				False	blood	mid	nucleotide_transformer
2609	0.0	0.0	0.0				False	blood	mid	nucleotide_transformer
2610	0.0	0.0	0.0				False	blood	mid	nucleotide_transformer
2611	0.0	0.0	0.0				False	blood	mid	nucleotide_transformer
2612	0.0	0.0	0.0				False	blood	mid	nucleotide_transformer
2613	0.0	0.0	0.0				False	blood	mid	nucleotide_transformer
2614	0.0	0.0	0.0				False	blood	mid	nucleotide_transformer
2615	0.0	0.0	0.0				False	blood	mid	nucleotide_transformer
2616	0.0	0.0	0.0				False	blood	mid	nucleotide_transformer
2617	0.0	0.0	0.0				False	blood	mid	nucleotide_transformer
2618	0.0	0.0	0.0				False	blood	mid	nucleotide_transformer
2619	0.0	0.0	0.0				False	blood	mid	nucleotide_transformer
2620	0.0	0.0	0.0				False	blood	mid	nucleotide_transformer
2621	0.0	0.0	0.0				False	blood	mid	nucleotide_transformer
2622	0.0	0.0	0.0				False	blood	mid	nucleotide_transformer
2623	0.0	0.0	0.0				False	blood	mid	nucleotide_transformer
2624	0.0	0.0	0.0				False	blood	mid	nucleotide_transformer
2625	0.0	0.0	0.0				False	blood	mid	nucleotide_transformer
2626	0.0	0.0	0.0				False	blood	mid	nucleotide_transformer
2627	0.0	0.0	0.0				False	blood	mid	nucleotide_transformer
2628	0.0	0.0	0.0				False	blood	mid	nucleotide_transformer
2630	0.0	0.0	0.0				False	blood	mid	nucleotide_transformer
2631	0.0	0.0	0.0				False	blood	mid	nucleotide_transformer
2632	0.0	0.0	0.0				False	blood	mid	nucleotide_transformer
2633	0.0	0.0	0.0				False	blood	mid	nucleotide_transformer
2634	0.0	0.0	0.0				False	blood	mid	nucleotide_transformer
2636	0.0	0.0	0.0				False	blood	mid	nucleotide_transformer
2637	0.0	0.0	0.0				False	blood	mid	nucleotide_transformer
2638	0.0	0.0	0.0				False	blood	mid	nucleotide_transformer
2639	0.0	0.0	0.0				False	blood	mid	nucleotide_transformer
2640	0.0	0.0	0.0				False	blood	mid	nucleotide_transformer
2641	0.0	0.0	0.0				False	blood	mid	nucleotide_transformer
2642	0.0	0.0	0.0				False	blood	mid	nucleotide_transformer
2643	0.0	0.0	0.0				False	blood	mid	nucleotide_transformer
2644	0.0	0.0	0.0				False	blood	mid	nucleotide_transformer
2645	0.0	0.0	0.0				False	blood	mid	nucleotide_transformer
2646	0.0	0.0	0.0				False	blood	mid	nucleotide_transformer
2647	0.0	0.0	0.0				False	blood	mid	nucleotide_transformer
2648	0.0	0.0	0.0				False	blood	mid	nucleotide_transformer
2649	0.0	0.0	0.0				False	blood	mid	nucleotide_transformer
2650	0.0	0.0	0.0				False	blood	mid	nucleotide_transformer
2651	0.0	0.0	0.0				False	blood	mid	nucleotide_transformer
2652	0.0	0.0	0.0				False	blood	mid	nucleotide_transformer
2653	0.0	0.0	0.0				False	blood	mid	nucleotide_transformer
2654	0.0	0.0	0.0				False	blood	mid	nucleotide_transformer
2655	0.0	0.0	0.0				False	blood	mid	nucleotide_transformer
2656	0.0	0.0	0.0				False	blood	mid	nucleotide_transformer
2657	0.0	0.0	0.0				False	blood	mid	nucleotide_transformer
2658	0.0	0.0	0.0				False	blood	mid	nucleotide_transformer
2659	0.0	0.0	0.0				False	blood	mid	nucleotide_transformer
2660	0.0	0.0	0.0				False	blood	mid	nucleotide_transformer
2661	0.0	0.0	0.0				False	blood	mid	nucleotide_transformer
2662	0.0	0.0	0.0				False	blood	mid	nucleotide_transformer
2663	0.0	0.0	0.0				False	blood	mid	nucleotide_transformer
2664	0.0	0.0	0.0				False	blood	mid	nucleotide_transformer
2665	0.0	0.0	0.0				False	blood	mid	nucleotide_transformer
2666	0.0	0.0	0.0				False	blood	mid	nucleotide_transformer
2667	0.0	0.0	0.0				False	blood	mid	nucleotide_transformer
2668	0.0	0.0	0.0				False	blood	mid	nucleotide_transformer
2669	0.0	0.0	0.0				False	blood	mid	nucleotide_transformer
2670	0.0	0.0	0.0				False	blood	mid	nucleotide_transformer
2671	0.0	0.0	0.0				False	blood	mid	nucleotide_transformer
2672	0.0	0.0	0.0				False	blood	mid	nucleotide_transformer
2673	0.0	0.0	0.0				False	blood	mid	nucleotide_transformer
2674	0.0	0.0	0.0				False	blood	mid	nucleotide_transformer
2675	0.0	0.0	0.0				False	blood	mid	nucleotide_transformer
2676	0.0	0.0	0.0				False	blood	mid	nucleotide_transformer
2677	0.0	0.0	0.0				False	blood	mid	nucleotide_transformer
2678	0.0	0.0	0.0				False	blood	mid	nucleotide_transformer
2679	0.0	0.0	0.0				False	blood	mid	nucleotide_transformer
2680	0.0	0.0	0.0				False	blood	mid	nucleotide_transformer
2681	0.0	0.0	0.0				False	blood	mid	nucleotide_transformer
2682	0.0	0.0	0.0				False	blood	mid	nucleotide_transformer
2683	0.0	0.0	0.0				False	blood	mid	nucleotide_transformer
2684	0.0	0.0	0.0				False	blood	mid	nucleotide_transformer
2685	0.0	0.0	0.0				False	blood	mid	nucleotide_transformer
2686	0.0	0.0	0.0				False	blood	mid	nucleotide_transformer
2687	0.0	0.0	0.0				False	blood	mid	nucleotide_transformer
2688	0.0	0.0	0.0				False	blood	mid	nucleotide_transformer
2689	0.0	0.0	0.0				False	blood	mid	nucleotide_transformer
2690	0.0	0.0	0.0				False	blood	mid	nucleotide_transformer
2691	0.0	0.0	0.0				False	blood	mid	nucleotide_transformer
2692	0.0	0.0	0.0				False	blood	mid	nucleotide_transformer
2693	0.0	0.0	0.0				False	blood	mid	nucleotide_transformer
2694	0.0	0.0	0.0				False	blood	mid	nucleotide_transformer
2695	0.0	0.0	0.0				False	blood	mid	nucleotide_transformer
2696	0.0	0.0	0.0				False	blood	mid	nucleotide_transformer
2697	0.0	0.0	0.0				False	blood	mid	nucleotide_transformer
2698	0.0	0.0	0.0				False	blood	mid	nucleotide_transformer
2699	0.0	0.0	0.0				False	blood	mid	nucleotide_transformer
2700	0.0	0.0	0.0				False	blood	mid	nucleotide_transformer
2701	0.0	0.0	0.0				False	blood	mid	nucleotide_transformer
2702	0.0	0.0	0.0				False	blood	mid	nucleotide_transformer
2703	0.0	0.0	0.0				False	blood	mid	nucleotide_transformer
2704	0.0	0.0	0.0				False	blood	mid	nucleotide_transformer
2705	0.0	0.0	0.0				False	blood	mid	nucleotide_transformer
2706	0.0	0.0	0.0				False	blood	mid	nucleotide_transformer
2707	0.0	0.0	0.0				False	blood	mid	nucleotide_transformer
2708	0.0	0.0	0.0				False	blood	mid	nucleotide_transformer
2709	0.0	0.0	0.0				False	blood	mid	nucleotide_transformer
2711	0.0	0.0	0.0				False	blood	mid	nucleotide_transformer
2712	0.0	0.0	0.0				False	blood	mid	nucleotide_transformer
2713	0.0	0.0	0.0				False	blood	mid	nucleotide_transformer
2714	0.0	0.0	0.0				False	blood	mid	nucleotide_transformer
2715	0.0	0.0	0.0				False	blood	mid	nucleotide_transformer
2716	0.0	0.0	0.0				False	blood	mid	nucleotide_transformer
2717	0.0	0.0	0.0				False	blood	mid	nucleotide_transformer
2718	0.0	0.0	0.0				False	blood	mid	nucleotide_transformer
2719	0.0	0.0	0.0				False	blood	mid	nucleotide_transformer
2720	0.0	0.0	0.0				False	blood	mid	nucleotide_transformer
2721	0.0	0.0	0.0				False	blood	mid	nucleotide_transformer
2722	0.0	0.0	0.0				False	blood	mid	nucleotide_transformer
2723	0.0	0.0	0.0				False	blood	mid	nucleotide_transformer
2724	0.0	0.0	0.0				False	blood	mid	nucleotide_transformer
2725	0.0	0.0	0.0				False	blood	mid	nucleotide_transformer
2726	0.0	0.0	0.0				False	blood	mid	nucleotide_transformer
2727	0.0	0.0	0.0				False	blood	mid	nucleotide_transformer
2728	0.0	0.0	0.0				False	blood	mid	nucleotide_transformer
2729	0.0	0.0	0.0				False	blood	mid	nucleotide_transformer
2730	0.0	0.0	0.0				False	blood	mid	nucleotide_transformer
2731	0.0	0.0	0.0				False	blood	mid	nucleotide_transformer
2732	0.0	0.0	0.0				False	blood	mid	nucleotide_transformer
2733	0.0	0.0	0.0				False	blood	mid	nucleotide_transformer
2734	0.0	0.0	0.0				False	blood	mid	nucleotide_transformer
2735	0.0	0.0	0.0				False	blood	mid	nucleotide_transformer
2736	0.0	0.0	0.0				False	blood	mid	nucleotide_transformer
2737	0.0	0.0	0.0				False	blood	mid	nucleotide_transformer
2738	0.0	0.0	0.0				False	blood	mid	nucleotide_transformer
2739	0.0	0.0	0.0				False	blood	mid	nucleotide_transformer
2740	0.0	0.0	0.0				False	blood	mid	nucleotide_transformer
2741	0.0	0.0	0.0				False	blood	mid	nucleotide_transformer
2742	0.0	0.0	0.0				False	blood	mid	nucleotide_transformer
2743	0.0	0.0	0.0				False	blood	mid	nucleotide_transformer
2744	0.0	0.0	0.0				False	blood	mid	nucleotide_transformer
2745	0.0	0.0	0.0				False	blood	mid	nucleotide_transformer
2746	0.0	0.0	0.0				False	blood	mid	nucleotide_transformer
2747	0.0	0.0	0.0				False	blood	mid	nucleotide_transformer
2748	0.0	0.0	0.0				False	blood	mid	nucleotide_transformer
2749	0.0	0.0	0.0				False	blood	mid	nucleotide_transformer
2750	0.0	0.0	0.0				False	blood	mid	nucleotide_transformer
2751	0.0	0.0	0.0				False	blood	mid	nucleotide_transformer
2752	0.0	0.0	0.0				False	blood	mid	nucleotide_transformer
2753	0.0	0.0	0.0				False	blood	mid	nucleotide_transformer
2754	0.0	0.0	0.0				False	blood	mid	nucleotide_transformer
2755	0.0	0.0	0.0				False	blood	mid	nucleotide_transformer
2756	0.0	0.0	0.0				False	blood	mid	nucleotide_transformer
2757	0.0	0.0	0.0				False	blood	mid	nucleotide_transformer
2758	0.0	0.0	0.0				False	blood	mid	nucleotide_transformer
2759	0.0	0.0	0.0				False	blood	mid	nucleotide_transformer
2760	0.0	0.0	0.0				False	blood	mid	nucleotide_transformer
2761	0.0	0.0	0.0				False	blood	mid	nucleotide_transformer
2762	0.0	0.0	0.0				False	blood	mid	nucleotide_transformer
2763	0.0	0.0	0.0				False	blood	mid	nucleotide_transformer
2764	0.0	0.0	0.0				False	blood	mid	nucleotide_transformer
2765	0.0	0.0	0.0				False	blood	mid	nucleotide_transformer
2766	0.0	0.0	0.0				False	blood	mid	nucleotide_transformer
2767	0.0	0.0	0.0				False	blood	mid	nucleotide_transformer
2768	0.0	0.0	0.0				False	blood	mid	nucleotide_transformer
2769	0.0	0.0	0.0				False	blood	mid	nucleotide_transformer
2770	0.0	0.0	0.0				False	blood	mid	nucleotide_transformer
2771	0.0	0.0	0.0				False	blood	mid	nucleotide_transformer
2772	0.0	0.0	0.0				False	blood	mid	nucleotide_transformer
2773	0.0	0.0	0.0				False	blood	mid	nucleotide_transformer
2774	0.0	0.0	0.0				False	blood	mid	nucleotide_transformer
2775	0.0	0.0	0.0				False	blood	mid	nucleotide_transformer
2776	0.0	0.0	0.0				False	blood	mid	nucleotide_transformer
2777	0.0	0.0	0.0				False	blood	mid	nucleotide_transformer
2778	0.0	0.0	0.0				False	blood	mid	nucleotide_transformer
2779	0.0	0.0	0.0				False	blood	mid	nucleotide_transformer
2780	0.0	0.0	0.0				False	blood	mid	nucleotide_transformer
2781	0.0	0.0	0.0				False	blood	mid	nucleotide_transformer
2782	0.0	0.0	0.0				False	blood	mid	nucleotide_transformer
2783	0.0	0.0	0.0				False	blood	mid	nucleotide_transformer
2784	0.0	0.0	0.0				False	blood	mid	nucleotide_transformer
2785	0.0	0.0	0.0				False	blood	mid	nucleotide_transformer
2786	0.0	0.0	0.0				False	blood	mid	nucleotide_transformer
2787	0.0	0.0	0.0				False	blood	mid	nucleotide_transformer
2788	0.0	0.0	0.0				False	blood	mid	nucleotide_transformer
2789	0.0	0.0	0.0				False	blood	mid	nucleotide_transformer
2790	0.0	0.0	0.0				False	blood	mid	nucleotide_transformer
2791	0.0	0.0	0.0				False	blood	mid	nucleotide_transformer
2792	0.0	0.0	0.0				False	blood	mid	nucleotide_transformer
2793	0.0	0.0	0.0				False	blood	mid	nucleotide_transformer
2795	0.0	0.0	0.0				False	blood	mid	nucleotide_transformer
2796	0.0	0.0	0.0				False	blood	mid	nucleotide_transformer
2797	0.0	0.0	0.0				False	blood	mid	nucleotide_transformer
2798	0.0	0.0	0.0				False	blood	mid	nucleotide_transformer
2799	0.0	0.0	0.0				False	blood	mid	nucleotide_transformer
2800	0.0	0.0	0.0				False	blood	mid	nucleotide_transformer
2801	0.0	0.0	0.0				False	blood	mid	nucleotide_transformer
2802	0.0	0.0	0.0				False	blood	mid	nucleotide_transformer
2803	0.0	0.0	0.0				False	blood	mid	nucleotide_transformer
2804	0.0	0.0	0.0				False	blood	mid	nucleotide_transformer
2805	0.0	0.0	0.0				False	blood	mid	nucleotide_transformer
2806	0.0	0.0	0.0				False	blood	mid	nucleotide_transformer
2807	0.0	0.0	0.0				False	blood	mid	nucleotide_transformer
2808	0.0	0.0	0.0				False	blood	mid	nucleotide_transformer
2809	0.0	0.0	0.0				False	blood	mid	nucleotide_transformer
2810	0.0	0.0	0.0				False	blood	mid	nucleotide_transformer
2811	0.0	0.0	0.0				False	blood	mid	nucleotide_transformer
2812	0.0	0.0	0.0				False	blood	mid	nucleotide_transformer
2814	0.0	0.0	0.0				False	blood	mid	nucleotide_transformer
2815	0.0	0.0	0.0				False	blood	mid	nucleotide_transformer
2816	0.0	0.0	0.0				False	blood	mid	nucleotide_transformer
2817	0.0	0.0	0.0				False	blood	mid	nucleotide_transformer
2818	0.0	0.0	0.0				False	blood	mid	nucleotide_transformer
2819	0.0	0.0	0.0				False	blood	mid	nucleotide_transformer
2820	0.0	0.0	0.0				False	blood	mid	nucleotide_transformer
2821	0.0	0.0	0.0				False	blood	mid	nucleotide_transformer
2822	0.0	0.0	0.0				False	blood	mid	nucleotide_transformer
2823	0.0	0.0	0.0				False	blood	mid	nucleotide_transformer
2824	0.0	0.0	0.0				False	blood	mid	nucleotide_transformer
2825	0.0	0.0	0.0				False	blood	mid	nucleotide_transformer
2826	0.0	0.0	0.0				False	blood	mid	nucleotide_transformer
2827	0.0	0.0	0.0				False	blood	mid	nucleotide_transformer
2828	0.0	0.0	0.0				False	blood	mid	nucleotide_transformer
2829	0.0	0.0	0.0				False	blood	mid	nucleotide_transformer
2830	0.0	0.0	0.0				False	blood	mid	nucleotide_transformer
2831	0.0	0.0	0.0				False	blood	mid	nucleotide_transformer
2832	0.0	0.0	0.0				False	blood	mid	nucleotide_transformer
2833	0.0	0.0	0.0				False	blood	mid	nucleotide_transformer
2834	0.0	0.0	0.0				False	blood	mid	nucleotide_transformer
2835	0.0	0.0	0.0				False	blood	mid	nucleotide_transformer
2836	0.0	0.0	0.0				False	blood	mid	nucleotide_transformer
2837	0.0	0.0	0.0				False	blood	mid	nucleotide_transformer
2838	0.0	0.0	0.0				False	blood	mid	nucleotide_transformer
2839	0.0	0.0	0.0				False	blood	mid	nucleotide_transformer
2840	0.0	0.0	0.0				False	blood	mid	nucleotide_transformer
2841	0.0	0.0	0.0				False	blood	mid	nucleotide_transformer
2842	0.0	0.0	0.0				False	blood	mid	nucleotide_transformer
2843	0.0	0.0	0.0				False	blood	mid	nucleotide_transformer
2844	0.0	0.0	0.0				False	blood	mid	nucleotide_transformer
2845	0.0	0.0	0.0				False	blood	mid	nucleotide_transformer
2846	0.0	0.0	0.0				False	blood	mid	nucleotide_transformer
2848	0.0	0.0	0.0				False	blood	mid	nucleotide_transformer
2849	0.0	0.0	0.0				False	blood	mid	nucleotide_transformer
2850	0.0	0.0	0.0				False	blood	mid	nucleotide_transformer
2851	0.0	0.0	0.0				False	blood	mid	nucleotide_transformer
2852	0.0	0.0	0.0				False	blood	mid	nucleotide_transformer
2853	0.0	0.0	0.0				False	blood	mid	nucleotide_transformer
2854	0.0	0.0	0.0				False	blood	mid	nucleotide_transformer
2855	0.0	0.0	0.0				False	blood	mid	nucleotide_transformer
2856	0.0	0.0	0.0				False	blood	mid	nucleotide_transformer
2857	0.0	0.0	0.0				False	blood	mid	nucleotide_transformer
2858	0.0	0.0	0.0				False	blood	mid	nucleotide_transformer
2859	0.0	0.0	0.0				False	blood	mid	nucleotide_transformer
2860	0.0	0.0	0.0				False	blood	mid	nucleotide_transformer
2861	0.0	0.0	0.0				False	blood	mid	nucleotide_transformer
2862	0.0	0.0	0.0				False	blood	mid	nucleotide_transformer
2863	0.0	0.0	0.0				False	blood	mid	nucleotide_transformer
2864	0.0	0.0	0.0				False	blood	mid	nucleotide_transformer
2865	0.0	0.0	0.0				False	blood	mid	nucleotide_transformer
2866	0.0	0.0	0.0				False	blood	mid	nucleotide_transformer
2867	0.0	0.0	0.0				False	blood	mid	nucleotide_transformer
2868	0.0	0.0	0.0				False	blood	mid	nucleotide_transformer
2869	0.0	0.0	0.0				False	blood	mid	nucleotide_transformer
2870	0.0	0.0	0.0				False	blood	mid	nucleotide_transformer
2871	0.0	0.0	0.0				False	blood	mid	nucleotide_transformer
2872	0.0	0.0	0.0				False	blood	mid	nucleotide_transformer
2873	0.0	0.0	0.0				False	blood	mid	nucleotide_transformer
2875	0.0	0.0	0.0				False	blood	mid	nucleotide_transformer
2876	0.0	0.0	0.0				False	blood	mid	nucleotide_transformer
2877	0.0	0.0	0.0				False	blood	mid	nucleotide_transformer
2878	0.0	0.0	0.0				False	blood	mid	nucleotide_transformer
2879	0.0	0.0	0.0				False	blood	mid	nucleotide_transformer
2880	0.0	0.0	0.0				False	blood	mid	nucleotide_transformer
2881	0.0	0.0	0.0				False	blood	mid	nucleotide_transformer
2882	0.0	0.0	0.0				False	blood	mid	nucleotide_transformer
2883	0.0	0.0	0.0				False	blood	mid	nucleotide_transformer
2884	0.0	0.0	0.0				False	blood	mid	nucleotide_transformer
2885	0.0	0.0	0.0				False	blood	mid	nucleotide_transformer
2886	0.0	0.0	0.0				False	blood	mid	nucleotide_transformer
2887	0.0	0.0	0.0				False	blood	mid	nucleotide_transformer
2888	0.0	0.0	0.0				False	blood	mid	nucleotide_transformer
2889	0.0	0.0	0.0				False	blood	mid	nucleotide_transformer
2890	0.0	0.0	0.0				False	blood	mid	nucleotide_transformer
2891	0.0	0.0	0.0				False	blood	mid	nucleotide_transformer
2892	0.0	0.0	0.0				False	blood	mid	nucleotide_transformer
2893	0.0	0.0	0.0				False	blood	mid	nucleotide_transformer
2894	0.0	0.0	0.0				False	blood	mid	nucleotide_transformer
2895	0.0	0.0	0.0				False	blood	mid	nucleotide_transformer
2896	0.0	0.0	0.0				False	blood	mid	nucleotide_transformer
2897	0.0	0.0	0.0				False	blood	mid	nucleotide_transformer
2898	0.0	0.0	0.0				False	blood	mid	nucleotide_transformer
2899	0.0	0.0	0.0				False	blood	mid	nucleotide_transformer
2900	0.0	0.0	0.0				False	blood	mid	nucleotide_transformer
2902	0.0	0.0	0.0				False	blood	mid	nucleotide_transformer
2903	0.0	0.0	0.0				False	blood	mid	nucleotide_transformer
2904	0.0	0.0	0.0				False	blood	mid	nucleotide_transformer
2905	0.0	0.0	0.0				False	blood	mid	nucleotide_transformer
2906	0.0	0.0	0.0				False	blood	mid	nucleotide_transformer
2907	0.0	0.0	0.0				False	blood	mid	nucleotide_transformer
2908	0.0	0.0	0.0				False	blood	mid	nucleotide_transformer
2909	0.0	0.0	0.0				False	blood	mid	nucleotide_transformer
2910	0.0	0.0	0.0				False	blood	mid	nucleotide_transformer
2911	0.0	0.0	0.0				False	blood	mid	nucleotide_transformer
2912	0.0	0.0	0.0				False	blood	mid	nucleotide_transformer
2913	0.0	0.0	0.0				False	blood	mid	nucleotide_transformer
2914	0.0	0.0	0.0				False	blood	mid	nucleotide_transformer
2915	0.0	0.0	0.0				False	blood	mid	nucleotide_transformer
2916	0.0	0.0	0.0				False	blood	mid	nucleotide_transformer
2917	0.0	0.0	0.0				False	blood	mid	nucleotide_transformer
2918	0.0	0.0	0.0				False	blood	mid	nucleotide_transformer
2919	0.0	0.0	0.0				False	blood	mid	nucleotide_transformer
2920	0.0	0.0	0.0				False	blood	mid	nucleotide_transformer
2921	0.0	0.0	0.0				False	blood	mid	nucleotide_transformer
2922	0.0	0.0	0.0				False	blood	mid	nucleotide_transformer
2923	0.0	0.0	0.0				False	blood	mid	nucleotide_transformer
2924	0.0	0.0	0.0				False	blood	mid	nucleotide_transformer
2925	0.0	0.0	0.0				False	blood	mid	nucleotide_transformer
2926	0.0	0.0	0.0				False	blood	mid	nucleotide_transformer
2927	0.0	0.0	0.0				False	blood	mid	nucleotide_transformer
2928	0.0	0.0	0.0				False	blood	mid	nucleotide_transformer
2929	0.0	0.0	0.0				False	blood	mid	nucleotide_transformer
2930	0.0	0.0	0.0				False	blood	mid	nucleotide_transformer
2931	0.0	0.0	0.0				False	blood	mid	nucleotide_transformer
2933	0.0	0.0	0.0				False	blood	mid	nucleotide_transformer
2934	0.0	0.0	0.0				False	blood	mid	nucleotide_transformer
2935	0.0	0.0	0.0				False	blood	mid	nucleotide_transformer
2936	0.0	0.0	0.0				False	blood	mid	nucleotide_transformer
2937	0.0	0.0	0.0				False	blood	mid	nucleotide_transformer
2938	0.0	0.0	0.0				False	blood	mid	nucleotide_transformer
2939	0.0	0.0	0.0				False	blood	mid	nucleotide_transformer
2940	0.0	0.0	0.0				False	blood	mid	nucleotide_transformer
2941	0.0	0.0	0.0				False	blood	mid	nucleotide_transformer
2943	0.0	0.0	0.0				False	blood	mid	nucleotide_transformer
2944	0.0	0.0	0.0				False	blood	mid	nucleotide_transformer
2945	0.0	0.0	0.0				False	blood	mid	nucleotide_transformer
2946	0.0	0.0	0.0				False	blood	mid	nucleotide_transformer
2947	0.0	0.0	0.0				False	blood	mid	nucleotide_transformer
2948	0.0	0.0	0.0				False	blood	mid	nucleotide_transformer
2950	0.0	0.0	0.0				False	blood	mid	nucleotide_transformer
2951	0.0	0.0	0.0				False	blood	mid	nucleotide_transformer
2952	0.0	0.0	0.0				False	blood	mid	nucleotide_transformer
2953	0.0	0.0	0.0				False	blood	mid	nucleotide_transformer
2954	0.0	0.0	0.0				False	blood	mid	nucleotide_transformer
2955	0.0	0.0	0.0				False	blood	mid	nucleotide_transformer
2956	0.0	0.0	0.0				False	blood	mid	nucleotide_transformer
2957	0.0	0.0	0.0				False	blood	mid	nucleotide_transformer
2958	0.0	0.0	0.0				False	blood	mid	nucleotide_transformer
2959	0.0	0.0	0.0				False	blood	mid	nucleotide_transformer
2960	0.0	0.0	0.0				False	blood	mid	nucleotide_transformer
2961	0.0	0.0	0.0				False	blood	mid	nucleotide_transformer
2962	0.0	0.0	0.0				False	blood	mid	nucleotide_transformer
2963	0.0	0.0	0.0				False	blood	mid	nucleotide_transformer
2964	0.0	0.0	0.0				False	blood	mid	nucleotide_transformer
2965	0.0	0.0	0.0				False	blood	mid	nucleotide_transformer
2966	0.0	0.0	0.0				False	blood	mid	nucleotide_transformer
2967	0.0	0.0	0.0				False	blood	mid	nucleotide_transformer
2968	0.0	0.0	0.0				False	blood	mid	nucleotide_transformer
2969	0.0	0.0	0.0				False	blood	mid	nucleotide_transformer
2970	0.0	0.0	0.0				False	blood	mid	nucleotide_transformer
2971	0.0	0.0	0.0				False	blood	mid	nucleotide_transformer
2972	0.0	0.0	0.0				False	blood	mid	nucleotide_transformer
2973	0.0	0.0	0.0				False	blood	mid	nucleotide_transformer
2974	0.0	0.0	0.0				False	blood	mid	nucleotide_transformer
2975	0.0	0.0	0.0				False	blood	mid	nucleotide_transformer
2976	0.0	0.0	0.0				False	blood	mid	nucleotide_transformer
2977	0.0	0.0	0.0				False	blood	mid	nucleotide_transformer
2978	0.0	0.0	0.0				False	blood	mid	nucleotide_transformer
2979	0.0	0.0	0.0				False	blood	mid	nucleotide_transformer
2980	0.0	0.0	0.0				False	blood	mid	nucleotide_transformer
2981	0.0	0.0	0.0				False	blood	mid	nucleotide_transformer
2982	0.0	0.0	0.0				False	blood	mid	nucleotide_transformer
2983	0.0	0.0	0.0				False	blood	mid	nucleotide_transformer
2984	0.0	0.0	0.0				False	blood	mid	nucleotide_transformer
2985	0.0	0.0	0.0				False	blood	mid	nucleotide_transformer
2986	0.0	0.0	0.0				False	blood	mid	nucleotide_transformer
2987	0.0	0.0	0.0				False	blood	mid	nucleotide_transformer
2988	0.0	0.0	0.0				False	blood	mid	nucleotide_transformer
2989	0.0	0.0	0.0				False	blood	mid	nucleotide_transformer
2990	0.0	0.0	0.0				False	blood	mid	nucleotide_transformer
2991	0.0	0.0	0.0				False	blood	mid	nucleotide_transformer
2992	0.0	0.0	0.0				False	blood	mid	nucleotide_transformer
2993	0.0	0.0	0.0				False	blood	mid	nucleotide_transformer
2995	0.0	0.0	0.0				False	blood	mid	nucleotide_transformer
2996	0.0	0.0	0.0				False	blood	mid	nucleotide_transformer
2998	0.0	0.0	0.0				False	blood	mid	nucleotide_transformer
2999	0.0	0.0	0.0				False	blood	mid	nucleotide_transformer
3000	0.0	0.0	0.0				False	blood	mid	nucleotide_transformer
3001	0.0	0.0	0.0				False	blood	mid	nucleotide_transformer
3002	0.0	0.0	0.0				False	blood	mid	nucleotide_transformer
3003	0.0	0.0	0.0				False	blood	mid	nucleotide_transformer
3004	0.0	0.0	0.0				False	blood	mid	nucleotide_transformer
3005	0.0	0.0	0.0				False	blood	mid	nucleotide_transformer
3006	0.0	0.0	0.0				False	blood	mid	nucleotide_transformer
3007	0.0	0.0	0.0				False	blood	mid	nucleotide_transformer
3009	0.0	0.0	0.0				False	blood	mid	nucleotide_transformer
3010	0.0	0.0	0.0				False	blood	mid	nucleotide_transformer
3011	0.0	0.0	0.0				False	blood	mid	nucleotide_transformer
3012	0.0	0.0	0.0				False	blood	mid	nucleotide_transformer
3013	0.0	0.0	0.0				False	blood	mid	nucleotide_transformer
3014	0.0	0.0	0.0				False	blood	mid	nucleotide_transformer
3015	0.0	0.0	0.0				False	blood	mid	nucleotide_transformer
3016	0.0	0.0	0.0				False	blood	mid	nucleotide_transformer
3017	0.0	0.0	0.0				False	blood	mid	nucleotide_transformer
3018	0.0	0.0	0.0				False	blood	mid	nucleotide_transformer
3019	0.0	0.0	0.0				False	blood	mid	nucleotide_transformer
3020	0.0	0.0	0.0				False	blood	mid	nucleotide_transformer
3021	0.0	0.0	0.0				False	blood	mid	nucleotide_transformer
3022	0.0	0.0	0.0				False	blood	mid	nucleotide_transformer
3023	0.0	0.0	0.0				False	blood	mid	nucleotide_transformer
3024	0.0	0.0	0.0				False	blood	mid	nucleotide_transformer
3025	0.0	0.0	0.0				False	blood	mid	nucleotide_transformer
3026	0.0	0.0	0.0				False	blood	mid	nucleotide_transformer
3027	0.0	0.0	0.0				False	blood	mid	nucleotide_transformer
3028	0.0	0.0	0.0				False	blood	mid	nucleotide_transformer
3029	0.0	0.0	0.0				False	blood	mid	nucleotide_transformer
3030	0.0	0.0	0.0				False	blood	mid	nucleotide_transformer
3031	0.0	0.0	0.0				False	blood	mid	nucleotide_transformer
3032	0.0	0.0	0.0				False	blood	mid	nucleotide_transformer
3033	0.0	0.0	0.0				False	blood	mid	nucleotide_transformer
3034	0.0	0.0	0.0				False	blood	mid	nucleotide_transformer
3035	0.0	0.0	0.0				False	blood	mid	nucleotide_transformer
3036	0.0	0.0	0.0				False	blood	mid	nucleotide_transformer
3037	0.0	0.0	0.0				False	blood	mid	nucleotide_transformer
3039	0.0	0.0	0.0				False	blood	mid	nucleotide_transformer
3040	0.0	0.0	0.0				False	blood	mid	nucleotide_transformer
3041	0.0	0.0	0.0				False	blood	mid	nucleotide_transformer
3042	0.0	0.0	0.0				False	blood	mid	nucleotide_transformer
3043	0.0	0.0	0.0				False	blood	mid	nucleotide_transformer
3044	0.0	0.0	0.0				False	blood	mid	nucleotide_transformer
3045	0.0	0.0	0.0				False	blood	mid	nucleotide_transformer
3046	0.0	0.0	0.0				False	blood	mid	nucleotide_transformer
3047	0.0	0.0	0.0				False	blood	mid	nucleotide_transformer
3048	0.0	0.0	0.0				False	blood	mid	nucleotide_transformer
3049	0.0	0.0	0.0				False	blood	mid	nucleotide_transformer
3050	0.0	0.0	0.0				False	blood	mid	nucleotide_transformer
3051	0.0	0.0	0.0				False	blood	mid	nucleotide_transformer
3052	0.0	0.0	0.0				False	blood	mid	nucleotide_transformer
3053	0.0	0.0	0.0				False	blood	mid	nucleotide_transformer
3054	0.0	0.0	0.0				False	blood	mid	nucleotide_transformer
3055	0.0	0.0	0.0				False	blood	mid	nucleotide_transformer
3056	0.0	0.0	0.0				False	blood	mid	nucleotide_transformer
3057	0.0	0.0	0.0				False	blood	mid	nucleotide_transformer
3058	0.0	0.0	0.0				False	blood	mid	nucleotide_transformer
3059	0.0	0.0	0.0				False	blood	mid	nucleotide_transformer
3060	0.0	0.0	0.0				False	blood	mid	nucleotide_transformer
3061	0.0	0.0	0.0				False	blood	mid	nucleotide_transformer
3062	0.0	0.0	0.0				False	blood	mid	nucleotide_transformer
3063	0.0	0.0	0.0				False	blood	mid	nucleotide_transformer
3064	0.0	0.0	0.0				False	blood	mid	nucleotide_transformer
3065	0.0	0.0	0.0				False	blood	mid	nucleotide_transformer
3066	0.0	0.0	0.0				False	blood	mid	nucleotide_transformer
3067	0.0	0.0	0.0				False	blood	mid	nucleotide_transformer
3068	0.0	0.0	0.0				False	blood	mid	nucleotide_transformer
3069	0.0	0.0	0.0				False	blood	mid	nucleotide_transformer
3070	0.0	0.0	0.0				False	blood	mid	nucleotide_transformer
3071	0.0	0.0	0.0				False	blood	mid	nucleotide_transformer
3072	0.0	0.0	0.0				False	blood	mid	nucleotide_transformer
3073	0.0	0.0	0.0				False	blood	mid	nucleotide_transformer
3074	0.0	0.0	0.0				False	blood	mid	nucleotide_transformer
3075	0.0	0.0	0.0				False	blood	mid	nucleotide_transformer
3076	0.0	0.0	0.0				False	blood	mid	nucleotide_transformer
3077	0.0	0.0	0.0				False	blood	mid	nucleotide_transformer
3078	0.0	0.0	0.0				False	blood	mid	nucleotide_transformer
3079	0.0	0.0	0.0				False	blood	mid	nucleotide_transformer
3080	0.0	0.0	0.0				False	blood	mid	nucleotide_transformer
3081	0.0	0.0	0.0				False	blood	mid	nucleotide_transformer
3082	0.0	0.0	0.0				False	blood	mid	nucleotide_transformer
3083	0.0	0.0	0.0				False	blood	mid	nucleotide_transformer
3084	0.0	0.0	0.0				False	blood	mid	nucleotide_transformer
3085	0.0	0.0	0.0				False	blood	mid	nucleotide_transformer
3086	0.0	0.0	0.0				False	blood	mid	nucleotide_transformer
3087	0.0	0.0	0.0				False	blood	mid	nucleotide_transformer
3088	0.0	0.0	0.0				False	blood	mid	nucleotide_transformer
3089	0.0	0.0	0.0				False	blood	mid	nucleotide_transformer
3090	0.0	0.0	0.0				False	blood	mid	nucleotide_transformer
3091	0.0	0.0	0.0				False	blood	mid	nucleotide_transformer
3092	0.0	0.0	0.0				False	blood	mid	nucleotide_transformer
3093	0.0	0.0	0.0				False	blood	mid	nucleotide_transformer
3094	0.0	0.0	0.0				False	blood	mid	nucleotide_transformer
3095	0.0	0.0	0.0				False	blood	mid	nucleotide_transformer
3096	0.0	0.0	0.0				False	blood	mid	nucleotide_transformer
3097	0.0	0.0	0.0				False	blood	mid	nucleotide_transformer
3098	0.0	0.0	0.0				False	blood	mid	nucleotide_transformer
3099	0.0	0.0	0.0				False	blood	mid	nucleotide_transformer
3100	0.0	0.0	0.0				False	blood	mid	nucleotide_transformer
3101	0.0	0.0	0.0				False	blood	mid	nucleotide_transformer
3102	0.0	0.0	0.0				False	blood	mid	nucleotide_transformer
3103	0.0	0.0	0.0				False	blood	mid	nucleotide_transformer
3104	0.0	0.0	0.0				False	blood	mid	nucleotide_transformer
3105	0.0	0.0	0.0				False	blood	mid	nucleotide_transformer
3106	0.0	0.0	0.0				False	blood	mid	nucleotide_transformer
3107	0.0	0.0	0.0				False	blood	mid	nucleotide_transformer
3108	0.0	0.0	0.0				False	blood	mid	nucleotide_transformer
3109	0.0	0.0	0.0				False	blood	mid	nucleotide_transformer
3110	0.0	0.0	0.0				False	blood	mid	nucleotide_transformer
3111	0.0	0.0	0.0				False	blood	mid	nucleotide_transformer
3112	0.0	0.0	0.0				False	blood	mid	nucleotide_transformer
3113	0.0	0.0	0.0				False	blood	mid	nucleotide_transformer
3114	0.0	0.0	0.0				False	blood	mid	nucleotide_transformer
3115	0.0	0.0	0.0				False	blood	mid	nucleotide_transformer
3116	0.0	0.0	0.0				False	blood	mid	nucleotide_transformer
3117	0.0	0.0	0.0				False	blood	mid	nucleotide_transformer
3118	0.0	0.0	0.0				False	blood	mid	nucleotide_transformer
3119	0.0	0.0	0.0				False	blood	mid	nucleotide_transformer
3120	0.0	0.0	0.0				False	blood	mid	nucleotide_transformer
3121	0.0	0.0	0.0				False	blood	mid	nucleotide_transformer
3122	0.0	0.0	0.0				False	blood	mid	nucleotide_transformer
3123	0.0	0.0	0.0				False	blood	mid	nucleotide_transformer
3124	0.0	0.0	0.0				False	blood	mid	nucleotide_transformer
3125	0.0	0.0	0.0				False	blood	mid	nucleotide_transformer
3126	0.0	0.0	0.0				False	blood	mid	nucleotide_transformer
3127	0.0	0.0	0.0				False	blood	mid	nucleotide_transformer
3128	0.0	0.0	0.0				False	blood	mid	nucleotide_transformer
3129	0.0	0.0	0.0				False	blood	mid	nucleotide_transformer
3130	0.0	0.0	0.0				False	blood	mid	nucleotide_transformer
3131	0.0	0.0	0.0				False	blood	mid	nucleotide_transformer
3132	0.0	0.0	0.0				False	blood	mid	nucleotide_transformer
3133	0.0	0.0	0.0				False	blood	mid	nucleotide_transformer
3134	0.0	0.0	0.0				False	blood	mid	nucleotide_transformer
3135	0.0	0.0	0.0				False	blood	mid	nucleotide_transformer
3137	0.0	0.0	0.0				False	blood	mid	nucleotide_transformer
3138	0.0	0.0	0.0				False	blood	mid	nucleotide_transformer
3139	0.0	0.0	0.0				False	blood	mid	nucleotide_transformer
3140	0.0	0.0	0.0				False	blood	mid	nucleotide_transformer
3141	0.0	0.0	0.0				False	blood	mid	nucleotide_transformer
3142	0.0	0.0	0.0				False	blood	mid	nucleotide_transformer
3143	0.0	0.0	0.0				False	blood	mid	nucleotide_transformer
3144	0.0	0.0	0.0				False	blood	mid	nucleotide_transformer
3145	0.0	0.0	0.0				False	blood	mid	nucleotide_transformer
3146	0.0	0.0	0.0				False	blood	mid	nucleotide_transformer
3147	0.0	0.0	0.0				False	blood	mid	nucleotide_transformer
3148	0.0	0.0	0.0				False	blood	mid	nucleotide_transformer
3150	0.0	0.0	0.0				False	blood	mid	nucleotide_transformer
3151	0.0	0.0	0.0				False	blood	mid	nucleotide_transformer
3152	0.0	0.0	0.0				False	blood	mid	nucleotide_transformer
3153	0.0	0.0	0.0				False	blood	mid	nucleotide_transformer
3154	0.0	0.0	0.0				False	blood	mid	nucleotide_transformer
3155	0.0	0.0	0.0				False	blood	mid	nucleotide_transformer
3156	0.0	0.0	0.0				False	blood	mid	nucleotide_transformer
3157	0.0	0.0	0.0				False	blood	mid	nucleotide_transformer
3158	0.0	0.0	0.0				False	blood	mid	nucleotide_transformer
3159	0.0	0.0	0.0				False	blood	mid	nucleotide_transformer
3160	0.0	0.0	0.0				False	blood	mid	nucleotide_transformer
3161	0.0	0.0	0.0				False	blood	mid	nucleotide_transformer
3163	0.0	0.0	0.0				False	blood	mid	nucleotide_transformer
3164	0.0	0.0	0.0				False	blood	mid	nucleotide_transformer
3165	0.0	0.0	0.0				False	blood	mid	nucleotide_transformer
3166	0.0	0.0	0.0				False	blood	mid	nucleotide_transformer
3167	0.0	0.0	0.0				False	blood	mid	nucleotide_transformer
3168	0.0	0.0	0.0				False	blood	mid	nucleotide_transformer
3169	0.0	0.0	0.0				False	blood	mid	nucleotide_transformer
3170	0.0	0.0	0.0				False	blood	mid	nucleotide_transformer
3171	0.0	0.0	0.0				False	blood	mid	nucleotide_transformer
3172	0.0	0.0	0.0				False	blood	mid	nucleotide_transformer
3173	0.0	0.0	0.0				False	blood	mid	nucleotide_transformer
3174	0.0	0.0	0.0				False	blood	mid	nucleotide_transformer
3175	0.0	0.0	0.0				False	blood	mid	nucleotide_transformer
3176	0.0	0.0	0.0				False	blood	mid	nucleotide_transformer
3177	0.0	0.0	0.0				False	blood	mid	nucleotide_transformer
3178	0.0	0.0	0.0				False	blood	mid	nucleotide_transformer
3179	0.0	0.0	0.0				False	blood	mid	nucleotide_transformer
3180	0.0	0.0	0.0				False	blood	mid	nucleotide_transformer
3181	0.0	0.0	0.0				False	blood	mid	nucleotide_transformer
3182	0.0	0.0	0.0				False	blood	mid	nucleotide_transformer
3183	0.0	0.0	0.0				False	blood	mid	nucleotide_transformer
3184	0.0	0.0	0.0				False	blood	mid	nucleotide_transformer
3185	0.0	0.0	0.0				False	blood	mid	nucleotide_transformer
3186	0.0	0.0	0.0				False	blood	mid	nucleotide_transformer
3187	0.0	0.0	0.0				False	blood	mid	nucleotide_transformer
3188	0.0	0.0	0.0				False	blood	mid	nucleotide_transformer
3189	0.0	0.0	0.0				False	blood	mid	nucleotide_transformer
3190	0.0	0.0	0.0				False	blood	mid	nucleotide_transformer
3191	0.0	0.0	0.0				False	blood	mid	nucleotide_transformer
3192	0.0	0.0	0.0				False	blood	mid	nucleotide_transformer
3193	0.0	0.0	0.0				False	blood	mid	nucleotide_transformer
3194	0.0	0.0	0.0				False	blood	mid	nucleotide_transformer
3195	0.0	0.0	0.0				False	blood	mid	nucleotide_transformer
3196	0.0	0.0	0.0				False	blood	mid	nucleotide_transformer
3197	0.0	0.0	0.0				False	blood	mid	nucleotide_transformer
3198	0.0	0.0	0.0				False	blood	mid	nucleotide_transformer
3199	0.0	0.0	0.0				False	blood	mid	nucleotide_transformer
3200	0.0	0.0	0.0				False	blood	mid	nucleotide_transformer
3201	0.0	0.0	0.0				False	blood	mid	nucleotide_transformer
3202	0.0	0.0	0.0				False	blood	mid	nucleotide_transformer
3203	0.0	0.0	0.0				False	blood	mid	nucleotide_transformer
3204	0.0	0.0	0.0				False	blood	mid	nucleotide_transformer
3205	0.0	0.0	0.0				False	blood	mid	nucleotide_transformer
3206	0.0	0.0	0.0				False	blood	mid	nucleotide_transformer
3207	0.0	0.0	0.0				False	blood	mid	nucleotide_transformer
3208	0.0	0.0	0.0				False	blood	mid	nucleotide_transformer
3209	0.0	0.0	0.0				False	blood	mid	nucleotide_transformer
3210	0.0	0.0	0.0				False	blood	mid	nucleotide_transformer
3211	0.0	0.0	0.0				False	blood	mid	nucleotide_transformer
3212	0.0	0.0	0.0				False	blood	mid	nucleotide_transformer
3213	0.0	0.0	0.0				False	blood	mid	nucleotide_transformer
3214	0.0	0.0	0.0				False	blood	mid	nucleotide_transformer
3215	0.0	0.0	0.0				False	blood	mid	nucleotide_transformer
3216	0.0	0.0	0.0				False	blood	mid	nucleotide_transformer
3217	0.0	0.0	0.0				False	blood	mid	nucleotide_transformer
3218	0.0	0.0	0.0				False	blood	mid	nucleotide_transformer
3219	0.0	0.0	0.0				False	blood	mid	nucleotide_transformer
3220	0.0	0.0	0.0				False	blood	mid	nucleotide_transformer
3221	0.0	0.0	0.0				False	blood	mid	nucleotide_transformer
3222	0.0	0.0	0.0				False	blood	mid	nucleotide_transformer
3223	0.0	0.0	0.0				False	blood	mid	nucleotide_transformer
3224	0.0	0.0	0.0				False	blood	mid	nucleotide_transformer
3225	0.0	0.0	0.0				False	blood	mid	nucleotide_transformer
3226	0.0	0.0	0.0				False	blood	mid	nucleotide_transformer
3227	0.0	0.0	0.0				False	blood	mid	nucleotide_transformer
3228	0.0	0.0	0.0				False	blood	mid	nucleotide_transformer
3229	0.0	0.0	0.0				False	blood	mid	nucleotide_transformer
3231	0.0	0.0	0.0				False	blood	mid	nucleotide_transformer
3232	0.0	0.0	0.0				False	blood	mid	nucleotide_transformer
3233	0.0	0.0	0.0				False	blood	mid	nucleotide_transformer
3234	0.0	0.0	0.0				False	blood	mid	nucleotide_transformer
3235	0.0	0.0	0.0				False	blood	mid	nucleotide_transformer
3236	0.0	0.0	0.0				False	blood	mid	nucleotide_transformer
3237	0.0	0.0	0.0				False	blood	mid	nucleotide_transformer
3238	0.0	0.0	0.0				False	blood	mid	nucleotide_transformer
3239	0.0	0.0	0.0				False	blood	mid	nucleotide_transformer
3240	0.0	0.0	0.0				False	blood	mid	nucleotide_transformer
3241	0.0	0.0	0.0				False	blood	mid	nucleotide_transformer
3242	0.0	0.0	0.0				False	blood	mid	nucleotide_transformer
3243	0.0	0.0	0.0				False	blood	mid	nucleotide_transformer
3244	0.0	0.0	0.0				False	blood	mid	nucleotide_transformer
3245	0.0	0.0	0.0				False	blood	mid	nucleotide_transformer
3246	0.0	0.0	0.0				False	blood	mid	nucleotide_transformer
3247	0.0	0.0	0.0				False	blood	mid	nucleotide_transformer
3248	0.0	0.0	0.0				False	blood	mid	nucleotide_transformer
3249	0.0	0.0	0.0				False	blood	mid	nucleotide_transformer
3251	0.0	0.0	0.0				False	blood	mid	nucleotide_transformer
3252	0.0	0.0	0.0				False	blood	mid	nucleotide_transformer
3253	0.0	0.0	0.0				False	blood	mid	nucleotide_transformer
3254	0.0	0.0	0.0				False	blood	mid	nucleotide_transformer
3255	0.0	0.0	0.0				False	blood	mid	nucleotide_transformer
3256	0.0	0.0	0.0				False	blood	mid	nucleotide_transformer
3257	0.0	0.0	0.0				False	blood	mid	nucleotide_transformer
3258	0.0	0.0	0.0				False	blood	mid	nucleotide_transformer
3259	0.0	0.0	0.0				False	blood	mid	nucleotide_transformer
3260	0.0	0.0	0.0				False	blood	mid	nucleotide_transformer
3261	0.0	0.0	0.0				False	blood	mid	nucleotide_transformer
3262	0.0	0.0	0.0				False	blood	mid	nucleotide_transformer
3264	0.0	0.0	0.0				False	blood	mid	nucleotide_transformer
3265	0.0	0.0	0.0				False	blood	mid	nucleotide_transformer
3266	0.0	0.0	0.0				False	blood	mid	nucleotide_transformer
3267	0.0	0.0	0.0				False	blood	mid	nucleotide_transformer
3268	0.0	0.0	0.0				False	blood	mid	nucleotide_transformer
3270	0.0	0.0	0.0				False	blood	mid	nucleotide_transformer
3271	0.0	0.0	0.0				False	blood	mid	nucleotide_transformer
3272	0.0	0.0	0.0				False	blood	mid	nucleotide_transformer
3273	0.0	0.0	0.0				False	blood	mid	nucleotide_transformer
3274	0.0	0.0	0.0				False	blood	mid	nucleotide_transformer
3275	0.0	0.0	0.0				False	blood	mid	nucleotide_transformer
3276	0.0	0.0	0.0				False	blood	mid	nucleotide_transformer
3277	0.0	0.0	0.0				False	blood	mid	nucleotide_transformer
3278	0.0	0.0	0.0				False	blood	mid	nucleotide_transformer
3279	0.0	0.0	0.0				False	blood	mid	nucleotide_transformer
3280	0.0	0.0	0.0				False	blood	mid	nucleotide_transformer
3281	0.0	0.0	0.0				False	blood	mid	nucleotide_transformer
3282	0.0	0.0	0.0				False	blood	mid	nucleotide_transformer
3283	0.0	0.0	0.0				False	blood	mid	nucleotide_transformer
3284	0.0	0.0	0.0				False	blood	mid	nucleotide_transformer
3285	0.0	0.0	0.0				False	blood	mid	nucleotide_transformer
3286	0.0	0.0	0.0				False	blood	mid	nucleotide_transformer
3287	0.0	0.0	0.0				False	blood	mid	nucleotide_transformer
3288	0.0	0.0	0.0				False	blood	mid	nucleotide_transformer
3289	0.0	0.0	0.0				False	blood	mid	nucleotide_transformer
3290	0.0	0.0	0.0				False	blood	mid	nucleotide_transformer
3291	0.0	0.0	0.0				False	blood	mid	nucleotide_transformer
3292	0.0	0.0	0.0				False	blood	mid	nucleotide_transformer
3293	0.0	0.0	0.0				False	blood	mid	nucleotide_transformer
3294	0.0	0.0	0.0				False	blood	mid	nucleotide_transformer
3295	0.0	0.0	0.0				False	blood	mid	nucleotide_transformer
3296	0.0	0.0	0.0				False	blood	mid	nucleotide_transformer
3297	0.0	0.0	0.0				False	blood	mid	nucleotide_transformer
3298	0.0	0.0	0.0				False	blood	mid	nucleotide_transformer
3299	0.0	0.0	0.0				False	blood	mid	nucleotide_transformer
3300	0.0	0.0	0.0				False	blood	mid	nucleotide_transformer
3301	0.0	0.0	0.0				False	blood	mid	nucleotide_transformer
3302	0.0	0.0	0.0				False	blood	mid	nucleotide_transformer
3303	0.0	0.0	0.0				False	blood	mid	nucleotide_transformer
3304	0.0	0.0	0.0				False	blood	mid	nucleotide_transformer
3305	0.0	0.0	0.0				False	blood	mid	nucleotide_transformer
3306	0.0	0.0	0.0				False	blood	mid	nucleotide_transformer
3307	0.0	0.0	0.0				False	blood	mid	nucleotide_transformer
3308	0.0	0.0	0.0				False	blood	mid	nucleotide_transformer
3309	0.0	0.0	0.0				False	blood	mid	nucleotide_transformer
3310	0.0	0.0	0.0				False	blood	mid	nucleotide_transformer
3311	0.0	0.0	0.0				False	blood	mid	nucleotide_transformer
3312	0.0	0.0	0.0				False	blood	mid	nucleotide_transformer
3313	0.0	0.0	0.0				False	blood	mid	nucleotide_transformer
3314	0.0	0.0	0.0				False	blood	mid	nucleotide_transformer
3315	0.0	0.0	0.0				False	blood	mid	nucleotide_transformer
3316	0.0	0.0	0.0				False	blood	mid	nucleotide_transformer
3317	0.0	0.0	0.0				False	blood	mid	nucleotide_transformer
3318	0.0	0.0	0.0				False	blood	mid	nucleotide_transformer
3319	0.0	0.0	0.0				False	blood	mid	nucleotide_transformer
3320	0.0	0.0	0.0				False	blood	mid	nucleotide_transformer
3322	0.0	0.0	0.0				False	blood	mid	nucleotide_transformer
3323	0.0	0.0	0.0				False	blood	mid	nucleotide_transformer
3324	0.0	0.0	0.0				False	blood	mid	nucleotide_transformer
3325	0.0	0.0	0.0				False	blood	mid	nucleotide_transformer
3326	0.0	0.0	0.0				False	blood	mid	nucleotide_transformer
3327	0.0	0.0	0.0				False	blood	mid	nucleotide_transformer
3328	0.0	0.0	0.0				False	blood	mid	nucleotide_transformer
3329	0.0	0.0	0.0				False	blood	mid	nucleotide_transformer
3330	0.0	0.0	0.0				False	blood	mid	nucleotide_transformer
3331	0.0	0.0	0.0				False	blood	mid	nucleotide_transformer
3332	0.0	0.0	0.0				False	blood	mid	nucleotide_transformer
3333	0.0	0.0	0.0				False	blood	mid	nucleotide_transformer
3334	0.0	0.0	0.0				False	blood	mid	nucleotide_transformer
3335	0.0	0.0	0.0				False	blood	mid	nucleotide_transformer
3336	0.0	0.0	0.0				False	blood	mid	nucleotide_transformer
3337	0.0	0.0	0.0				False	blood	mid	nucleotide_transformer
3338	0.0	0.0	0.0				False	blood	mid	nucleotide_transformer
3339	0.0	0.0	0.0				False	blood	mid	nucleotide_transformer
3340	0.0	0.0	0.0				False	blood	mid	nucleotide_transformer
3341	0.0	0.0	0.0				False	blood	mid	nucleotide_transformer
3342	0.0	0.0	0.0				False	blood	mid	nucleotide_transformer
3343	0.0	0.0	0.0				False	blood	mid	nucleotide_transformer
3344	0.0	0.0	0.0				False	blood	mid	nucleotide_transformer
3345	0.0	0.0	0.0				False	blood	mid	nucleotide_transformer
3346	0.0	0.0	0.0				False	blood	mid	nucleotide_transformer
3347	0.0	0.0	0.0				False	blood	mid	nucleotide_transformer
3348	0.0	0.0	0.0				False	blood	mid	nucleotide_transformer
3349	0.0	0.0	0.0				False	blood	mid	nucleotide_transformer
3350	0.0	0.0	0.0				False	blood	mid	nucleotide_transformer
3351	0.0	0.0	0.0				False	blood	mid	nucleotide_transformer
3352	0.0	0.0	0.0				False	blood	mid	nucleotide_transformer
3353	0.0	0.0	0.0				False	blood	mid	nucleotide_transformer
3354	0.0	0.0	0.0				False	blood	mid	nucleotide_transformer
3355	0.0	0.0	0.0				False	blood	mid	nucleotide_transformer
3356	0.0	0.0	0.0				False	blood	mid	nucleotide_transformer
3357	0.0	0.0	0.0				False	blood	mid	nucleotide_transformer
3358	0.0	0.0	0.0				False	blood	mid	nucleotide_transformer
3359	0.0	0.0	0.0				False	blood	mid	nucleotide_transformer
3360	0.0	0.0	0.0				False	blood	mid	nucleotide_transformer
3361	0.0	0.0	0.0				False	blood	mid	nucleotide_transformer
3362	0.0	0.0	0.0				False	blood	mid	nucleotide_transformer
3363	0.0	0.0	0.0				False	blood	mid	nucleotide_transformer
3364	0.0	0.0	0.0				False	blood	mid	nucleotide_transformer
3365	0.0	0.0	0.0				False	blood	mid	nucleotide_transformer
3367	0.0	0.0	0.0				False	blood	mid	nucleotide_transformer
3368	0.0	0.0	0.0				False	blood	mid	nucleotide_transformer
3369	0.0	0.0	0.0				False	blood	mid	nucleotide_transformer
3370	0.0	0.0	0.0				False	blood	mid	nucleotide_transformer
3371	0.0	0.0	0.0				False	blood	mid	nucleotide_transformer
3372	0.0	0.0	0.0				False	blood	mid	nucleotide_transformer
3373	0.0	0.0	0.0				False	blood	mid	nucleotide_transformer
3374	0.0	0.0	0.0				False	blood	mid	nucleotide_transformer
3375	0.0	0.0	0.0				False	blood	mid	nucleotide_transformer
3376	0.0	0.0	0.0				False	blood	mid	nucleotide_transformer
3377	0.0	0.0	0.0				False	blood	mid	nucleotide_transformer
3378	0.0	0.0	0.0				False	blood	mid	nucleotide_transformer
3379	0.0	0.0	0.0				False	blood	mid	nucleotide_transformer
3381	0.0	0.0	0.0				False	blood	mid	nucleotide_transformer
3382	0.0	0.0	0.0				False	blood	mid	nucleotide_transformer
3383	0.0	0.0	0.0				False	blood	mid	nucleotide_transformer
3384	0.0	0.0	0.0				False	blood	mid	nucleotide_transformer
3385	0.0	0.0	0.0				False	blood	mid	nucleotide_transformer
3386	0.0	0.0	0.0				False	blood	mid	nucleotide_transformer
3387	0.0	0.0	0.0				False	blood	mid	nucleotide_transformer
3388	0.0	0.0	0.0				False	blood	mid	nucleotide_transformer
3389	0.0	0.0	0.0				False	blood	mid	nucleotide_transformer
3390	0.0	0.0	0.0				False	blood	mid	nucleotide_transformer
3391	0.0	0.0	0.0				False	blood	mid	nucleotide_transformer
3392	0.0	0.0	0.0				False	blood	mid	nucleotide_transformer
3393	0.0	0.0	0.0				False	blood	mid	nucleotide_transformer
3394	0.0	0.0	0.0				False	blood	mid	nucleotide_transformer
3395	0.0	0.0	0.0				False	blood	mid	nucleotide_transformer
3396	0.0	0.0	0.0				False	blood	mid	nucleotide_transformer
3397	0.0	0.0	0.0				False	blood	mid	nucleotide_transformer
3398	0.0	0.0	0.0				False	blood	mid	nucleotide_transformer
3399	0.0	0.0	0.0				False	blood	mid	nucleotide_transformer
3400	0.0	0.0	0.0				False	blood	mid	nucleotide_transformer
3401	0.0	0.0	0.0				False	blood	mid	nucleotide_transformer
3402	0.0	0.0	0.0				False	blood	mid	nucleotide_transformer
3403	0.0	0.0	0.0				False	blood	mid	nucleotide_transformer
3404	0.0	0.0	0.0				False	blood	mid	nucleotide_transformer
3405	0.0	0.0	0.0				False	blood	mid	nucleotide_transformer
3406	0.0	0.0	0.0				False	blood	mid	nucleotide_transformer
3407	0.0	0.0	0.0				False	blood	mid	nucleotide_transformer
3408	0.0	0.0	0.0				False	blood	mid	nucleotide_transformer
3409	0.0	0.0	0.0				False	blood	mid	nucleotide_transformer
3410	0.0	0.0	0.0				False	blood	mid	nucleotide_transformer
3411	0.0	0.0	0.0				False	blood	mid	nucleotide_transformer
3412	0.0	0.0	0.0				False	blood	mid	nucleotide_transformer
3413	0.0	0.0	0.0				False	blood	mid	nucleotide_transformer
3414	0.0	0.0	0.0				False	blood	mid	nucleotide_transformer
3415	0.0	0.0	0.0				False	blood	mid	nucleotide_transformer
3416	0.0	0.0	0.0				False	blood	mid	nucleotide_transformer
3417	0.0	0.0	0.0				False	blood	mid	nucleotide_transformer
3418	0.0	0.0	0.0				False	blood	mid	nucleotide_transformer
3419	0.0	0.0	0.0				False	blood	mid	nucleotide_transformer
3420	0.0	0.0	0.0				False	blood	mid	nucleotide_transformer
3421	0.0	0.0	0.0				False	blood	mid	nucleotide_transformer
3422	0.0	0.0	0.0				False	blood	mid	nucleotide_transformer
3423	0.0	0.0	0.0				False	blood	mid	nucleotide_transformer
3425	0.0	0.0	0.0				False	blood	mid	nucleotide_transformer
3426	0.0	0.0	0.0				False	blood	mid	nucleotide_transformer
3427	0.0	0.0	0.0				False	blood	mid	nucleotide_transformer
3428	0.0	0.0	0.0				False	blood	mid	nucleotide_transformer
3429	0.0	0.0	0.0				False	blood	mid	nucleotide_transformer
3430	0.0	0.0	0.0				False	blood	mid	nucleotide_transformer
3431	0.0	0.0	0.0				False	blood	mid	nucleotide_transformer
3432	0.0	0.0	0.0				False	blood	mid	nucleotide_transformer
3433	0.0	0.0	0.0				False	blood	mid	nucleotide_transformer
3434	0.0	0.0	0.0				False	blood	mid	nucleotide_transformer
3435	0.0	0.0	0.0				False	blood	mid	nucleotide_transformer
3436	0.0	0.0	0.0				False	blood	mid	nucleotide_transformer
3437	0.0	0.0	0.0				False	blood	mid	nucleotide_transformer
3438	0.0	0.0	0.0				False	blood	mid	nucleotide_transformer
3439	0.0	0.0	0.0				False	blood	mid	nucleotide_transformer
3440	0.0	0.0	0.0				False	blood	mid	nucleotide_transformer
3441	0.0	0.0	0.0				False	blood	mid	nucleotide_transformer
3442	0.0	0.0	0.0				False	blood	mid	nucleotide_transformer
3443	0.0	0.0	0.0				False	blood	mid	nucleotide_transformer
3444	0.0	0.0	0.0				False	blood	mid	nucleotide_transformer
3445	0.0	0.0	0.0				False	blood	mid	nucleotide_transformer
3446	0.0	0.0	0.0				False	blood	mid	nucleotide_transformer
3447	0.0	0.0	0.0				False	blood	mid	nucleotide_transformer
3448	0.0	0.0	0.0				False	blood	mid	nucleotide_transformer
3449	0.0	0.0	0.0				False	blood	mid	nucleotide_transformer
3450	0.0	0.0	0.0				False	blood	mid	nucleotide_transformer
3451	0.0	0.0	0.0				False	blood	mid	nucleotide_transformer
3452	0.0	0.0	0.0				False	blood	mid	nucleotide_transformer
3453	0.0	0.0	0.0				False	blood	mid	nucleotide_transformer
3454	0.0	0.0	0.0				False	blood	mid	nucleotide_transformer
3455	0.0	0.0	0.0				False	blood	mid	nucleotide_transformer
3456	0.0	0.0	0.0				False	blood	mid	nucleotide_transformer
3457	0.0	0.0	0.0				False	blood	mid	nucleotide_transformer
3458	0.0	0.0	0.0				False	blood	mid	nucleotide_transformer
3459	0.0	0.0	0.0				False	blood	mid	nucleotide_transformer
3460	0.0	0.0	0.0				False	blood	mid	nucleotide_transformer
3461	0.0	0.0	0.0				False	blood	mid	nucleotide_transformer
3462	0.0	0.0	0.0				False	blood	mid	nucleotide_transformer
3463	0.0	0.0	0.0				False	blood	mid	nucleotide_transformer
3464	0.0	0.0	0.0				False	blood	mid	nucleotide_transformer
3465	0.0	0.0	0.0				False	blood	mid	nucleotide_transformer
3466	0.0	0.0	0.0				False	blood	mid	nucleotide_transformer
3467	0.0	0.0	0.0				False	blood	mid	nucleotide_transformer
3468	0.0	0.0	0.0				False	blood	mid	nucleotide_transformer
3469	0.0	0.0	0.0				False	blood	mid	nucleotide_transformer
3470	0.0	0.0	0.0				False	blood	mid	nucleotide_transformer
3471	0.0	0.0	0.0				False	blood	mid	nucleotide_transformer
3472	0.0	0.0	0.0				False	blood	mid	nucleotide_transformer
3473	0.0	0.0	0.0				False	blood	mid	nucleotide_transformer
3474	0.0	0.0	0.0				False	blood	mid	nucleotide_transformer
3475	0.0	0.0	0.0				False	blood	mid	nucleotide_transformer
3476	0.0	0.0	0.0				False	blood	mid	nucleotide_transformer
3477	0.0	0.0	0.0				False	blood	mid	nucleotide_transformer
3478	0.0	0.0	0.0				False	blood	mid	nucleotide_transformer
3479	0.0	0.0	0.0				False	blood	mid	nucleotide_transformer
3480	0.0	0.0	0.0				False	blood	mid	nucleotide_transformer
3481	0.0	0.0	0.0				False	blood	mid	nucleotide_transformer
3482	0.0	0.0	0.0				False	blood	mid	nucleotide_transformer
3483	0.0	0.0	0.0				False	blood	mid	nucleotide_transformer
3484	0.0	0.0	0.0				False	blood	mid	nucleotide_transformer
3485	0.0	0.0	0.0				False	blood	mid	nucleotide_transformer
3486	0.0	0.0	0.0				False	blood	mid	nucleotide_transformer
3487	0.0	0.0	0.0				False	blood	mid	nucleotide_transformer
3488	0.0	0.0	0.0				False	blood	mid	nucleotide_transformer
3489	0.0	0.0	0.0				False	blood	mid	nucleotide_transformer
3490	0.0	0.0	0.0				False	blood	mid	nucleotide_transformer
3491	0.0	0.0	0.0				False	blood	mid	nucleotide_transformer
3492	0.0	0.0	0.0				False	blood	mid	nucleotide_transformer
3493	0.0	0.0	0.0				False	blood	mid	nucleotide_transformer
3494	0.0	0.0	0.0				False	blood	mid	nucleotide_transformer
3495	0.0	0.0	0.0				False	blood	mid	nucleotide_transformer
3496	0.0	0.0	0.0				False	blood	mid	nucleotide_transformer
3497	0.0	0.0	0.0				False	blood	mid	nucleotide_transformer
3499	0.0	0.0	0.0				False	blood	mid	nucleotide_transformer
3500	0.0	0.0	0.0				False	blood	mid	nucleotide_transformer
3501	0.0	0.0	0.0				False	blood	mid	nucleotide_transformer
3502	0.0	0.0	0.0				False	blood	mid	nucleotide_transformer
3503	0.0	0.0	0.0				False	blood	mid	nucleotide_transformer
3504	0.0	0.0	0.0				False	blood	mid	nucleotide_transformer
3505	0.0	0.0	0.0				False	blood	mid	nucleotide_transformer
3506	0.0	0.0	0.0				False	blood	mid	nucleotide_transformer
3507	0.0	0.0	0.0				False	blood	mid	nucleotide_transformer
3508	0.0	0.0	0.0				False	blood	mid	nucleotide_transformer
3509	0.0	0.0	0.0				False	blood	mid	nucleotide_transformer
3510	0.0	0.0	0.0				False	blood	mid	nucleotide_transformer
3511	0.0	0.0	0.0				False	blood	mid	nucleotide_transformer
3512	0.0	0.0	0.0				False	blood	mid	nucleotide_transformer
3513	0.0	0.0	0.0				False	blood	mid	nucleotide_transformer
3514	0.0	0.0	0.0				False	blood	mid	nucleotide_transformer
3515	0.0	0.0	0.0				False	blood	mid	nucleotide_transformer
3516	0.0	0.0	0.0				False	blood	mid	nucleotide_transformer
3517	0.0	0.0	0.0				False	blood	mid	nucleotide_transformer
3518	0.0	0.0	0.0				False	blood	mid	nucleotide_transformer
3519	0.0	0.0	0.0				False	blood	mid	nucleotide_transformer
3520	0.0	0.0	0.0				False	blood	mid	nucleotide_transformer
3521	0.0	0.0	0.0				False	blood	mid	nucleotide_transformer
3522	0.0	0.0	0.0				False	blood	mid	nucleotide_transformer
3523	0.0	0.0	0.0				False	blood	mid	nucleotide_transformer
3524	0.0	0.0	0.0				False	blood	mid	nucleotide_transformer
3525	0.0	0.0	0.0				False	blood	mid	nucleotide_transformer
3526	0.0	0.0	0.0				False	blood	mid	nucleotide_transformer
3527	0.0	0.0	0.0				False	blood	mid	nucleotide_transformer
3528	0.0	0.0	0.0				False	blood	mid	nucleotide_transformer
3529	0.0	0.0	0.0				False	blood	mid	nucleotide_transformer
3530	0.0	0.0	0.0				False	blood	mid	nucleotide_transformer
3531	0.0	0.0	0.0				False	blood	mid	nucleotide_transformer
3532	0.0	0.0	0.0				False	blood	mid	nucleotide_transformer
3533	0.0	0.0	0.0				False	blood	mid	nucleotide_transformer
3534	0.0	0.0	0.0				False	blood	mid	nucleotide_transformer
3535	0.0	0.0	0.0				False	blood	mid	nucleotide_transformer
3536	0.0	0.0	0.0				False	blood	mid	nucleotide_transformer
3537	0.0	0.0	0.0				False	blood	mid	nucleotide_transformer
3538	0.0	0.0	0.0				False	blood	mid	nucleotide_transformer
3539	0.0	0.0	0.0				False	blood	mid	nucleotide_transformer
3540	0.0	0.0	0.0				False	blood	mid	nucleotide_transformer
3541	0.0	0.0	0.0				False	blood	mid	nucleotide_transformer
3542	0.0	0.0	0.0				False	blood	mid	nucleotide_transformer
3543	0.0	0.0	0.0				False	blood	mid	nucleotide_transformer
3544	0.0	0.0	0.0				False	blood	mid	nucleotide_transformer
3545	0.0	0.0	0.0				False	blood	mid	nucleotide_transformer
3546	0.0	0.0	0.0				False	blood	mid	nucleotide_transformer
3547	0.0	0.0	0.0				False	blood	mid	nucleotide_transformer
3548	0.0	0.0	0.0				False	blood	mid	nucleotide_transformer
3549	0.0	0.0	0.0				False	blood	mid	nucleotide_transformer
3550	0.0	0.0	0.0				False	blood	mid	nucleotide_transformer
3551	0.0	0.0	0.0				False	blood	mid	nucleotide_transformer
3552	0.0	0.0	0.0				False	blood	mid	nucleotide_transformer
3553	0.0	0.0	0.0				False	blood	mid	nucleotide_transformer
3554	0.0	0.0	0.0				False	blood	mid	nucleotide_transformer
3555	0.0	0.0	0.0				False	blood	mid	nucleotide_transformer
3556	0.0	0.0	0.0				False	blood	mid	nucleotide_transformer
3557	0.0	0.0	0.0				False	blood	mid	nucleotide_transformer
3558	0.0	0.0	0.0				False	blood	mid	nucleotide_transformer
3559	0.0	0.0	0.0				False	blood	mid	nucleotide_transformer
3560	0.0	0.0	0.0				False	blood	mid	nucleotide_transformer
3561	0.0	0.0	0.0				False	blood	mid	nucleotide_transformer
3562	0.0	0.0	0.0				False	blood	mid	nucleotide_transformer
3563	0.0	0.0	0.0				False	blood	mid	nucleotide_transformer
3564	0.0	0.0	0.0				False	blood	mid	nucleotide_transformer
3565	0.0	0.0	0.0				False	blood	mid	nucleotide_transformer
3566	0.0	0.0	0.0				False	blood	mid	nucleotide_transformer
3567	0.0	0.0	0.0				False	blood	mid	nucleotide_transformer
3568	0.0	0.0	0.0				False	blood	mid	nucleotide_transformer
3569	0.0	0.0	0.0				False	blood	mid	nucleotide_transformer
3570	0.0	0.0	0.0				False	blood	mid	nucleotide_transformer
3571	0.0	0.0	0.0				False	blood	mid	nucleotide_transformer
3572	0.0	0.0	0.0				False	blood	mid	nucleotide_transformer
3573	0.0	0.0	0.0				False	blood	mid	nucleotide_transformer
3574	0.0	0.0	0.0				False	blood	mid	nucleotide_transformer
3575	0.0	0.0	0.0				False	blood	mid	nucleotide_transformer
3576	0.0	0.0	0.0				False	blood	mid	nucleotide_transformer
3577	0.0	0.0	0.0				False	blood	mid	nucleotide_transformer
3578	0.0	0.0	0.0				False	blood	mid	nucleotide_transformer
3579	0.0	0.0	0.0				False	blood	mid	nucleotide_transformer
3580	0.0	0.0	0.0				False	blood	mid	nucleotide_transformer
3581	0.0	0.0	0.0				False	blood	mid	nucleotide_transformer
3582	0.0	0.0	0.0				False	blood	mid	nucleotide_transformer
3583	0.0	0.0	0.0				False	blood	mid	nucleotide_transformer
3584	0.0	0.0	0.0				False	blood	mid	nucleotide_transformer
3585	0.0	0.0	0.0				False	blood	mid	nucleotide_transformer
3586	0.0	0.0	0.0				False	blood	mid	nucleotide_transformer
3587	0.0	0.0	0.0				False	blood	mid	nucleotide_transformer
3588	0.0	0.0	0.0				False	blood	mid	nucleotide_transformer
3589	0.0	0.0	0.0				False	blood	mid	nucleotide_transformer
3590	0.0	0.0	0.0				False	blood	mid	nucleotide_transformer
3591	0.0	0.0	0.0				False	blood	mid	nucleotide_transformer
3592	0.0	0.0	0.0				False	blood	mid	nucleotide_transformer
3593	0.0	0.0	0.0				False	blood	mid	nucleotide_transformer
3594	0.0	0.0	0.0				False	blood	mid	nucleotide_transformer
3595	0.0	0.0	0.0				False	blood	mid	nucleotide_transformer
3596	0.0	0.0	0.0				False	blood	mid	nucleotide_transformer
3597	0.0	0.0	0.0				False	blood	mid	nucleotide_transformer
3598	0.0	0.0	0.0				False	blood	mid	nucleotide_transformer
3599	0.0	0.0	0.0				False	blood	mid	nucleotide_transformer
3600	0.0	0.0	0.0				False	blood	mid	nucleotide_transformer
3601	0.0	0.0	0.0				False	blood	mid	nucleotide_transformer
3602	0.0	0.0	0.0				False	blood	mid	nucleotide_transformer
3603	0.0	0.0	0.0				False	blood	mid	nucleotide_transformer
3604	0.0	0.0	0.0				False	blood	mid	nucleotide_transformer
3605	0.0	0.0	0.0				False	blood	mid	nucleotide_transformer
3606	0.0	0.0	0.0				False	blood	mid	nucleotide_transformer
3607	0.0	0.0	0.0				False	blood	mid	nucleotide_transformer
3608	0.0	0.0	0.0				False	blood	mid	nucleotide_transformer
3609	0.0	0.0	0.0				False	blood	mid	nucleotide_transformer
3610	0.0	0.0	0.0				False	blood	mid	nucleotide_transformer
3611	0.0	0.0	0.0				False	blood	mid	nucleotide_transformer
3612	0.0	0.0	0.0				False	blood	mid	nucleotide_transformer
3613	0.0	0.0	0.0				False	blood	mid	nucleotide_transformer
3614	0.0	0.0	0.0				False	blood	mid	nucleotide_transformer
3615	0.0	0.0	0.0				False	blood	mid	nucleotide_transformer
3616	0.0	0.0	0.0				False	blood	mid	nucleotide_transformer
3617	0.0	0.0	0.0				False	blood	mid	nucleotide_transformer
3618	0.0	0.0	0.0				False	blood	mid	nucleotide_transformer
3619	0.0	0.0	0.0				False	blood	mid	nucleotide_transformer
3620	0.0	0.0	0.0				False	blood	mid	nucleotide_transformer
3621	0.0	0.0	0.0				False	blood	mid	nucleotide_transformer
3622	0.0	0.0	0.0				False	blood	mid	nucleotide_transformer
3623	0.0	0.0	0.0				False	blood	mid	nucleotide_transformer
3624	0.0	0.0	0.0				False	blood	mid	nucleotide_transformer
3625	0.0	0.0	0.0				False	blood	mid	nucleotide_transformer
3626	0.0	0.0	0.0				False	blood	mid	nucleotide_transformer
3627	0.0	0.0	0.0				False	blood	mid	nucleotide_transformer
3629	0.0	0.0	0.0				False	blood	mid	nucleotide_transformer
3630	0.0	0.0	0.0				False	blood	mid	nucleotide_transformer
3631	0.0	0.0	0.0				False	blood	mid	nucleotide_transformer
3632	0.0	0.0	0.0				False	blood	mid	nucleotide_transformer
3633	0.0	0.0	0.0				False	blood	mid	nucleotide_transformer
3634	0.0	0.0	0.0				False	blood	mid	nucleotide_transformer
3635	0.0	0.0	0.0				False	blood	mid	nucleotide_transformer
3636	0.0	0.0	0.0				False	blood	mid	nucleotide_transformer
3637	0.0	0.0	0.0				False	blood	mid	nucleotide_transformer
3638	0.0	0.0	0.0				False	blood	mid	nucleotide_transformer
3639	0.0	0.0	0.0				False	blood	mid	nucleotide_transformer
3640	0.0	0.0	0.0				False	blood	mid	nucleotide_transformer
3641	0.0	0.0	0.0				False	blood	mid	nucleotide_transformer
3642	0.0	0.0	0.0				False	blood	mid	nucleotide_transformer
3643	0.0	0.0	0.0				False	blood	mid	nucleotide_transformer
3644	0.0	0.0	0.0				False	blood	mid	nucleotide_transformer
3645	0.0	0.0	0.0				False	blood	mid	nucleotide_transformer
3646	0.0	0.0	0.0				False	blood	mid	nucleotide_transformer
3647	0.0	0.0	0.0				False	blood	mid	nucleotide_transformer
3648	0.0	0.0	0.0				False	blood	mid	nucleotide_transformer
3649	0.0	0.0	0.0				False	blood	mid	nucleotide_transformer
3650	0.0	0.0	0.0				False	blood	mid	nucleotide_transformer
3651	0.0	0.0	0.0				False	blood	mid	nucleotide_transformer
3653	0.0	0.0	0.0				False	blood	mid	nucleotide_transformer
3654	0.0	0.0	0.0				False	blood	mid	nucleotide_transformer
3655	0.0	0.0	0.0				False	blood	mid	nucleotide_transformer
3656	0.0	0.0	0.0				False	blood	mid	nucleotide_transformer
3657	0.0	0.0	0.0				False	blood	mid	nucleotide_transformer
3658	0.0	0.0	0.0				False	blood	mid	nucleotide_transformer
3659	0.0	0.0	0.0				False	blood	mid	nucleotide_transformer
3660	0.0	0.0	0.0				False	blood	mid	nucleotide_transformer
3661	0.0	0.0	0.0				False	blood	mid	nucleotide_transformer
3662	0.0	0.0	0.0				False	blood	mid	nucleotide_transformer
3663	0.0	0.0	0.0				False	blood	mid	nucleotide_transformer
3664	0.0	0.0	0.0				False	blood	mid	nucleotide_transformer
3665	0.0	0.0	0.0				False	blood	mid	nucleotide_transformer
3666	0.0	0.0	0.0				False	blood	mid	nucleotide_transformer
3667	0.0	0.0	0.0				False	blood	mid	nucleotide_transformer
3668	0.0	0.0	0.0				False	blood	mid	nucleotide_transformer
3669	0.0	0.0	0.0				False	blood	mid	nucleotide_transformer
3670	0.0	0.0	0.0				False	blood	mid	nucleotide_transformer
3671	0.0	0.0	0.0				False	blood	mid	nucleotide_transformer
3672	0.0	0.0	0.0				False	blood	mid	nucleotide_transformer
3673	0.0	0.0	0.0				False	blood	mid	nucleotide_transformer
3674	0.0	0.0	0.0				False	blood	mid	nucleotide_transformer
3675	0.0	0.0	0.0				False	blood	mid	nucleotide_transformer
3676	0.0	0.0	0.0				False	blood	mid	nucleotide_transformer
3677	0.0	0.0	0.0				False	blood	mid	nucleotide_transformer
3678	0.0	0.0	0.0				False	blood	mid	nucleotide_transformer
3679	0.0	0.0	0.0				False	blood	mid	nucleotide_transformer
3680	0.0	0.0	0.0				False	blood	mid	nucleotide_transformer
3681	0.0	0.0	0.0				False	blood	mid	nucleotide_transformer
3682	0.0	0.0	0.0				False	blood	mid	nucleotide_transformer
3683	0.0	0.0	0.0				False	blood	mid	nucleotide_transformer
3685	0.0	0.0	0.0				False	blood	mid	nucleotide_transformer
3686	0.0	0.0	0.0				False	blood	mid	nucleotide_transformer
3687	0.0	0.0	0.0				False	blood	mid	nucleotide_transformer
3688	0.0	0.0	0.0				False	blood	mid	nucleotide_transformer
3689	0.0	0.0	0.0				False	blood	mid	nucleotide_transformer
3690	0.0	0.0	0.0				False	blood	mid	nucleotide_transformer
3691	0.0	0.0	0.0				False	blood	mid	nucleotide_transformer
3692	0.0	0.0	0.0				False	blood	mid	nucleotide_transformer
3693	0.0	0.0	0.0				False	blood	mid	nucleotide_transformer
3694	0.0	0.0	0.0				False	blood	mid	nucleotide_transformer
3695	0.0	0.0	0.0				False	blood	mid	nucleotide_transformer
3696	0.0	0.0	0.0				False	blood	mid	nucleotide_transformer
3697	0.0	0.0	0.0				False	blood	mid	nucleotide_transformer
3698	0.0	0.0	0.0				False	blood	mid	nucleotide_transformer
3699	0.0	0.0	0.0				False	blood	mid	nucleotide_transformer
3700	0.0	0.0	0.0				False	blood	mid	nucleotide_transformer
3701	0.0	0.0	0.0				False	blood	mid	nucleotide_transformer
3702	0.0	0.0	0.0				False	blood	mid	nucleotide_transformer
3704	0.0	0.0	0.0				False	blood	mid	nucleotide_transformer
3705	0.0	0.0	0.0				False	blood	mid	nucleotide_transformer
3706	0.0	0.0	0.0				False	blood	mid	nucleotide_transformer
3707	0.0	0.0	0.0				False	blood	mid	nucleotide_transformer
3708	0.0	0.0	0.0				False	blood	mid	nucleotide_transformer
3709	0.0	0.0	0.0				False	blood	mid	nucleotide_transformer
3710	0.0	0.0	0.0				False	blood	mid	nucleotide_transformer
3711	0.0	0.0	0.0				False	blood	mid	nucleotide_transformer
3712	0.0	0.0	0.0				False	blood	mid	nucleotide_transformer
3713	0.0	0.0	0.0				False	blood	mid	nucleotide_transformer
3714	0.0	0.0	0.0				False	blood	mid	nucleotide_transformer
3715	0.0	0.0	0.0				False	blood	mid	nucleotide_transformer
3716	0.0	0.0	0.0				False	blood	mid	nucleotide_transformer
3717	0.0	0.0	0.0				False	blood	mid	nucleotide_transformer
3718	0.0	0.0	0.0				False	blood	mid	nucleotide_transformer
3719	0.0	0.0	0.0				False	blood	mid	nucleotide_transformer
3720	0.0	0.0	0.0				False	blood	mid	nucleotide_transformer
3721	0.0	0.0	0.0				False	blood	mid	nucleotide_transformer
3722	0.0	0.0	0.0				False	blood	mid	nucleotide_transformer
3723	0.0	0.0	0.0				False	blood	mid	nucleotide_transformer
3724	0.0	0.0	0.0				False	blood	mid	nucleotide_transformer
3725	0.0	0.0	0.0				False	blood	mid	nucleotide_transformer
3726	0.0	0.0	0.0				False	blood	mid	nucleotide_transformer
3727	0.0	0.0	0.0				False	blood	mid	nucleotide_transformer
3728	0.0	0.0	0.0				False	blood	mid	nucleotide_transformer
3729	0.0	0.0	0.0				False	blood	mid	nucleotide_transformer
3730	0.0	0.0	0.0				False	blood	mid	nucleotide_transformer
3731	0.0	0.0	0.0				False	blood	mid	nucleotide_transformer
3732	0.0	0.0	0.0				False	blood	mid	nucleotide_transformer
3733	0.0	0.0	0.0				False	blood	mid	nucleotide_transformer
3734	0.0	0.0	0.0				False	blood	mid	nucleotide_transformer
3735	0.0	0.0	0.0				False	blood	mid	nucleotide_transformer
3736	0.0	0.0	0.0				False	blood	mid	nucleotide_transformer
3737	0.0	0.0	0.0				False	blood	mid	nucleotide_transformer
3738	0.0	0.0	0.0				False	blood	mid	nucleotide_transformer
3739	0.0	0.0	0.0				False	blood	mid	nucleotide_transformer
3740	0.0	0.0	0.0				False	blood	mid	nucleotide_transformer
3741	0.0	0.0	0.0				False	blood	mid	nucleotide_transformer
3742	0.0	0.0	0.0				False	blood	mid	nucleotide_transformer
3743	0.0	0.0	0.0				False	blood	mid	nucleotide_transformer
3744	0.0	0.0	0.0				False	blood	mid	nucleotide_transformer
3745	0.0	0.0	0.0				False	blood	mid	nucleotide_transformer
3746	0.0	0.0	0.0				False	blood	mid	nucleotide_transformer
3747	0.0	0.0	0.0				False	blood	mid	nucleotide_transformer
3748	0.0	0.0	0.0				False	blood	mid	nucleotide_transformer
3749	0.0	0.0	0.0				False	blood	mid	nucleotide_transformer
3750	0.0	0.0	0.0				False	blood	mid	nucleotide_transformer
3751	0.0	0.0	0.0				False	blood	mid	nucleotide_transformer
3752	0.0	0.0	0.0				False	blood	mid	nucleotide_transformer
3753	0.0	0.0	0.0				False	blood	mid	nucleotide_transformer
3754	0.0	0.0	0.0				False	blood	mid	nucleotide_transformer
3755	0.0	0.0	0.0				False	blood	mid	nucleotide_transformer
3756	0.0	0.0	0.0				False	blood	mid	nucleotide_transformer
3757	0.0	0.0	0.0				False	blood	mid	nucleotide_transformer
3758	0.0	0.0	0.0				False	blood	mid	nucleotide_transformer
3759	0.0	0.0	0.0				False	blood	mid	nucleotide_transformer
3760	0.0	0.0	0.0				False	blood	mid	nucleotide_transformer
3761	0.0	0.0	0.0				False	blood	mid	nucleotide_transformer
3762	0.0	0.0	0.0				False	blood	mid	nucleotide_transformer
3763	0.0	0.0	0.0				False	blood	mid	nucleotide_transformer
3764	0.0	0.0	0.0				False	blood	mid	nucleotide_transformer
3765	0.0	0.0	0.0				False	blood	mid	nucleotide_transformer
3766	0.0	0.0	0.0				False	blood	mid	nucleotide_transformer
3767	0.0	0.0	0.0				False	blood	mid	nucleotide_transformer
3768	0.0	0.0	0.0				False	blood	mid	nucleotide_transformer
3769	0.0	0.0	0.0				False	blood	mid	nucleotide_transformer
3770	0.0	0.0	0.0				False	blood	mid	nucleotide_transformer
3771	0.0	0.0	0.0				False	blood	mid	nucleotide_transformer
3772	0.0	0.0	0.0				False	blood	mid	nucleotide_transformer
3773	0.0	0.0	0.0				False	blood	mid	nucleotide_transformer
3774	0.0	0.0	0.0				False	blood	mid	nucleotide_transformer
3775	0.0	0.0	0.0				False	blood	mid	nucleotide_transformer
3776	0.0	0.0	0.0				False	blood	mid	nucleotide_transformer
3777	0.0	0.0	0.0				False	blood	mid	nucleotide_transformer
3778	0.0	0.0	0.0				False	blood	mid	nucleotide_transformer
3779	0.0	0.0	0.0				False	blood	mid	nucleotide_transformer
3780	0.0	0.0	0.0				False	blood	mid	nucleotide_transformer
3781	0.0	0.0	0.0				False	blood	mid	nucleotide_transformer
3782	0.0	0.0	0.0				False	blood	mid	nucleotide_transformer
3783	0.0	0.0	0.0				False	blood	mid	nucleotide_transformer
3784	0.0	0.0	0.0				False	blood	mid	nucleotide_transformer
3785	0.0	0.0	0.0				False	blood	mid	nucleotide_transformer
3786	0.0	0.0	0.0				False	blood	mid	nucleotide_transformer
3787	0.0	0.0	0.0				False	blood	mid	nucleotide_transformer
3788	0.0	0.0	0.0				False	blood	mid	nucleotide_transformer
3789	0.0	0.0	0.0				False	blood	mid	nucleotide_transformer
3790	0.0	0.0	0.0				False	blood	mid	nucleotide_transformer
3791	0.0	0.0	0.0				False	blood	mid	nucleotide_transformer
3793	0.0	0.0	0.0				False	blood	mid	nucleotide_transformer
3794	0.0	0.0	0.0				False	blood	mid	nucleotide_transformer
3795	0.0	0.0	0.0				False	blood	mid	nucleotide_transformer
3796	0.0	0.0	0.0				False	blood	mid	nucleotide_transformer
3797	0.0	0.0	0.0				False	blood	mid	nucleotide_transformer
3798	0.0	0.0	0.0				False	blood	mid	nucleotide_transformer
3799	0.0	0.0	0.0				False	blood	mid	nucleotide_transformer
3800	0.0	0.0	0.0				False	blood	mid	nucleotide_transformer
3801	0.0	0.0	0.0				False	blood	mid	nucleotide_transformer
3802	0.0	0.0	0.0				False	blood	mid	nucleotide_transformer
3803	0.0	0.0	0.0				False	blood	mid	nucleotide_transformer
3804	0.0	0.0	0.0				False	blood	mid	nucleotide_transformer
3805	0.0	0.0	0.0				False	blood	mid	nucleotide_transformer
3806	0.0	0.0	0.0				False	blood	mid	nucleotide_transformer
3807	0.0	0.0	0.0				False	blood	mid	nucleotide_transformer
3808	0.0	0.0	0.0				False	blood	mid	nucleotide_transformer
3809	0.0	0.0	0.0				False	blood	mid	nucleotide_transformer
3810	0.0	0.0	0.0				False	blood	mid	nucleotide_transformer
3811	0.0	0.0	0.0				False	blood	mid	nucleotide_transformer
3812	0.0	0.0	0.0				False	blood	mid	nucleotide_transformer
3813	0.0	0.0	0.0				False	blood	mid	nucleotide_transformer
3814	0.0	0.0	0.0				False	blood	mid	nucleotide_transformer
3815	0.0	0.0	0.0				False	blood	mid	nucleotide_transformer
3816	0.0	0.0	0.0				False	blood	mid	nucleotide_transformer
3817	0.0	0.0	0.0				False	blood	mid	nucleotide_transformer
3818	0.0	0.0	0.0				False	blood	mid	nucleotide_transformer
3819	0.0	0.0	0.0				False	blood	mid	nucleotide_transformer
3820	0.0	0.0	0.0				False	blood	mid	nucleotide_transformer
3821	0.0	0.0	0.0				False	blood	mid	nucleotide_transformer
3822	0.0	0.0	0.0				False	blood	mid	nucleotide_transformer
3823	0.0	0.0	0.0				False	blood	mid	nucleotide_transformer
3824	0.0	0.0	0.0				False	blood	mid	nucleotide_transformer
3825	0.0	0.0	0.0				False	blood	mid	nucleotide_transformer
3826	0.0	0.0	0.0				False	blood	mid	nucleotide_transformer
3827	0.0	0.0	0.0				False	blood	mid	nucleotide_transformer
3828	0.0	0.0	0.0				False	blood	mid	nucleotide_transformer
3829	0.0	0.0	0.0				False	blood	mid	nucleotide_transformer
3830	0.0	0.0	0.0				False	blood	mid	nucleotide_transformer
3832	0.0	0.0	0.0				False	blood	mid	nucleotide_transformer
3833	0.0	0.0	0.0				False	blood	mid	nucleotide_transformer
3834	0.0	0.0	0.0				False	blood	mid	nucleotide_transformer
3835	0.0	0.0	0.0				False	blood	mid	nucleotide_transformer
3836	0.0	0.0	0.0				False	blood	mid	nucleotide_transformer
3837	0.0	0.0	0.0				False	blood	mid	nucleotide_transformer
3838	0.0	0.0	0.0				False	blood	mid	nucleotide_transformer
3839	0.0	0.0	0.0				False	blood	mid	nucleotide_transformer
3840	0.0	0.0	0.0				False	blood	mid	nucleotide_transformer
3841	0.0	0.0	0.0				False	blood	mid	nucleotide_transformer
3842	0.0	0.0	0.0				False	blood	mid	nucleotide_transformer
3843	0.0	0.0	0.0				False	blood	mid	nucleotide_transformer
3844	0.0	0.0	0.0				False	blood	mid	nucleotide_transformer
3845	0.0	0.0	0.0				False	blood	mid	nucleotide_transformer
3846	0.0	0.0	0.0				False	blood	mid	nucleotide_transformer
3847	0.0	0.0	0.0				False	blood	mid	nucleotide_transformer
3848	0.0	0.0	0.0				False	blood	mid	nucleotide_transformer
3849	0.0	0.0	0.0				False	blood	mid	nucleotide_transformer
3850	0.0	0.0	0.0				False	blood	mid	nucleotide_transformer
3851	0.0	0.0	0.0				False	blood	mid	nucleotide_transformer
3852	0.0	0.0	0.0				False	blood	mid	nucleotide_transformer
3853	0.0	0.0	0.0				False	blood	mid	nucleotide_transformer
3854	0.0	0.0	0.0				False	blood	mid	nucleotide_transformer
3855	0.0	0.0	0.0				False	blood	mid	nucleotide_transformer
3856	0.0	0.0	0.0				False	blood	mid	nucleotide_transformer
3857	0.0	0.0	0.0				False	blood	mid	nucleotide_transformer
3858	0.0	0.0	0.0				False	blood	mid	nucleotide_transformer
3859	0.0	0.0	0.0				False	blood	mid	nucleotide_transformer
3860	0.0	0.0	0.0				False	blood	mid	nucleotide_transformer
3861	0.0	0.0	0.0				False	blood	mid	nucleotide_transformer
3862	0.0	0.0	0.0				False	blood	mid	nucleotide_transformer
3863	0.0	0.0	0.0				False	blood	mid	nucleotide_transformer
3864	0.0	0.0	0.0				False	blood	mid	nucleotide_transformer
3865	0.0	0.0	0.0				False	blood	mid	nucleotide_transformer
3866	0.0	0.0	0.0				False	blood	mid	nucleotide_transformer
3867	0.0	0.0	0.0				False	blood	mid	nucleotide_transformer
3868	0.0	0.0	0.0				False	blood	mid	nucleotide_transformer
3869	0.0	0.0	0.0				False	blood	mid	nucleotide_transformer
3870	0.0	0.0	0.0				False	blood	mid	nucleotide_transformer
3871	0.0	0.0	0.0				False	blood	mid	nucleotide_transformer
3872	0.0	0.0	0.0				False	blood	mid	nucleotide_transformer
3873	0.0	0.0	0.0				False	blood	mid	nucleotide_transformer
3874	0.0	0.0	0.0				False	blood	mid	nucleotide_transformer
3875	0.0	0.0	0.0				False	blood	mid	nucleotide_transformer
3876	0.0	0.0	0.0				False	blood	mid	nucleotide_transformer
3877	0.0	0.0	0.0				False	blood	mid	nucleotide_transformer
3878	0.0	0.0	0.0				False	blood	mid	nucleotide_transformer
3879	0.0	0.0	0.0				False	blood	mid	nucleotide_transformer
3880	0.0	0.0	0.0				False	blood	mid	nucleotide_transformer
3881	0.0	0.0	0.0				False	blood	mid	nucleotide_transformer
3882	0.0	0.0	0.0				False	blood	mid	nucleotide_transformer
3883	0.0	0.0	0.0				False	blood	mid	nucleotide_transformer
3884	0.0	0.0	0.0				False	blood	mid	nucleotide_transformer
3885	0.0	0.0	0.0				False	blood	mid	nucleotide_transformer
3886	0.0	0.0	0.0				False	blood	mid	nucleotide_transformer
3887	0.0	0.0	0.0				False	blood	mid	nucleotide_transformer
3888	0.0	0.0	0.0				False	blood	mid	nucleotide_transformer
3890	0.0	0.0	0.0				False	blood	mid	nucleotide_transformer
3891	0.0	0.0	0.0				False	blood	mid	nucleotide_transformer
3892	0.0	0.0	0.0				False	blood	mid	nucleotide_transformer
3893	0.0	0.0	0.0				False	blood	mid	nucleotide_transformer
3895	0.0	0.0	0.0				False	blood	mid	nucleotide_transformer
3896	0.0	0.0	0.0				False	blood	mid	nucleotide_transformer
3897	0.0	0.0	0.0				False	blood	mid	nucleotide_transformer
3898	0.0	0.0	0.0				False	blood	mid	nucleotide_transformer
3899	0.0	0.0	0.0				False	blood	mid	nucleotide_transformer
3900	0.0	0.0	0.0				False	blood	mid	nucleotide_transformer
3901	0.0	0.0	0.0				False	blood	mid	nucleotide_transformer
3902	0.0	0.0	0.0				False	blood	mid	nucleotide_transformer
3903	0.0	0.0	0.0				False	blood	mid	nucleotide_transformer
3904	0.0	0.0	0.0				False	blood	mid	nucleotide_transformer
3905	0.0	0.0	0.0				False	blood	mid	nucleotide_transformer
3906	0.0	0.0	0.0				False	blood	mid	nucleotide_transformer
3907	0.0	0.0	0.0				False	blood	mid	nucleotide_transformer
3908	0.0	0.0	0.0				False	blood	mid	nucleotide_transformer
3910	0.0	0.0	0.0				False	blood	mid	nucleotide_transformer
3911	0.0	0.0	0.0				False	blood	mid	nucleotide_transformer
3912	0.0	0.0	0.0				False	blood	mid	nucleotide_transformer
3913	0.0	0.0	0.0				False	blood	mid	nucleotide_transformer
3914	0.0	0.0	0.0				False	blood	mid	nucleotide_transformer
3915	0.0	0.0	0.0				False	blood	mid	nucleotide_transformer
3916	0.0	0.0	0.0				False	blood	mid	nucleotide_transformer
3917	0.0	0.0	0.0				False	blood	mid	nucleotide_transformer
3918	0.0	0.0	0.0				False	blood	mid	nucleotide_transformer
3919	0.0	0.0	0.0				False	blood	mid	nucleotide_transformer
3920	0.0	0.0	0.0				False	blood	mid	nucleotide_transformer
3921	0.0	0.0	0.0				False	blood	mid	nucleotide_transformer
3922	0.0	0.0	0.0				False	blood	mid	nucleotide_transformer
3923	0.0	0.0	0.0				False	blood	mid	nucleotide_transformer
3924	0.0	0.0	0.0				False	blood	mid	nucleotide_transformer
3925	0.0	0.0	0.0				False	blood	mid	nucleotide_transformer
3926	0.0	0.0	0.0				False	blood	mid	nucleotide_transformer
3927	0.0	0.0	0.0				False	blood	mid	nucleotide_transformer
3928	0.0	0.0	0.0				False	blood	mid	nucleotide_transformer
3929	0.0	0.0	0.0				False	blood	mid	nucleotide_transformer
3930	0.0	0.0	0.0				False	blood	mid	nucleotide_transformer
3931	0.0	0.0	0.0				False	blood	mid	nucleotide_transformer
3932	0.0	0.0	0.0				False	blood	mid	nucleotide_transformer
3933	0.0	0.0	0.0				False	blood	mid	nucleotide_transformer
3934	0.0	0.0	0.0				False	blood	mid	nucleotide_transformer
3936	0.0	0.0	0.0				False	blood	mid	nucleotide_transformer
3937	0.0	0.0	0.0				False	blood	mid	nucleotide_transformer
3938	0.0	0.0	0.0				False	blood	mid	nucleotide_transformer
3939	0.0	0.0	0.0				False	blood	mid	nucleotide_transformer
3940	0.0	0.0	0.0				False	blood	mid	nucleotide_transformer
3941	0.0	0.0	0.0				False	blood	mid	nucleotide_transformer
3942	0.0	0.0	0.0				False	blood	mid	nucleotide_transformer
3944	0.0	0.0	0.0				False	blood	mid	nucleotide_transformer
3945	0.0	0.0	0.0				False	blood	mid	nucleotide_transformer
3946	0.0	0.0	0.0				False	blood	mid	nucleotide_transformer
3947	0.0	0.0	0.0				False	blood	mid	nucleotide_transformer
3948	0.0	0.0	0.0				False	blood	mid	nucleotide_transformer
3949	0.0	0.0	0.0				False	blood	mid	nucleotide_transformer
3950	0.0	0.0	0.0				False	blood	mid	nucleotide_transformer
3951	0.0	0.0	0.0				False	blood	mid	nucleotide_transformer
3952	0.0	0.0	0.0				False	blood	mid	nucleotide_transformer
3953	0.0	0.0	0.0				False	blood	mid	nucleotide_transformer
3954	0.0	0.0	0.0				False	blood	mid	nucleotide_transformer
3955	0.0	0.0	0.0				False	blood	mid	nucleotide_transformer
3956	0.0	0.0	0.0				False	blood	mid	nucleotide_transformer
3957	0.0	0.0	0.0				False	blood	mid	nucleotide_transformer
3958	0.0	0.0	0.0				False	blood	mid	nucleotide_transformer
3959	0.0	0.0	0.0				False	blood	mid	nucleotide_transformer
3960	0.0	0.0	0.0				False	blood	mid	nucleotide_transformer
3961	0.0	0.0	0.0				False	blood	mid	nucleotide_transformer
3962	0.0	0.0	0.0				False	blood	mid	nucleotide_transformer
3963	0.0	0.0	0.0				False	blood	mid	nucleotide_transformer
3964	0.0	0.0	0.0				False	blood	mid	nucleotide_transformer
3965	0.0	0.0	0.0				False	blood	mid	nucleotide_transformer
3966	0.0	0.0	0.0				False	blood	mid	nucleotide_transformer
3967	0.0	0.0	0.0				False	blood	mid	nucleotide_transformer
3968	0.0	0.0	0.0				False	blood	mid	nucleotide_transformer
3969	0.0	0.0	0.0				False	blood	mid	nucleotide_transformer
3970	0.0	0.0	0.0				False	blood	mid	nucleotide_transformer
3971	0.0	0.0	0.0				False	blood	mid	nucleotide_transformer
3972	0.0	0.0	0.0				False	blood	mid	nucleotide_transformer
3973	0.0	0.0	0.0				False	blood	mid	nucleotide_transformer
3974	0.0	0.0	0.0				False	blood	mid	nucleotide_transformer
3975	0.0	0.0	0.0				False	blood	mid	nucleotide_transformer
3976	0.0	0.0	0.0				False	blood	mid	nucleotide_transformer
3977	0.0	0.0	0.0				False	blood	mid	nucleotide_transformer
3978	0.0	0.0	0.0				False	blood	mid	nucleotide_transformer
3979	0.0	0.0	0.0				False	blood	mid	nucleotide_transformer
3980	0.0	0.0	0.0				False	blood	mid	nucleotide_transformer
3981	0.0	0.0	0.0				False	blood	mid	nucleotide_transformer
3982	0.0	0.0	0.0				False	blood	mid	nucleotide_transformer
3983	0.0	0.0	0.0				False	blood	mid	nucleotide_transformer
3984	0.0	0.0	0.0				False	blood	mid	nucleotide_transformer
3985	0.0	0.0	0.0				False	blood	mid	nucleotide_transformer
3986	0.0	0.0	0.0				False	blood	mid	nucleotide_transformer
3987	0.0	0.0	0.0				False	blood	mid	nucleotide_transformer
3988	0.0	0.0	0.0				False	blood	mid	nucleotide_transformer
3989	0.0	0.0	0.0				False	blood	mid	nucleotide_transformer
3990	0.0	0.0	0.0				False	blood	mid	nucleotide_transformer
3991	0.0	0.0	0.0				False	blood	mid	nucleotide_transformer
3992	0.0	0.0	0.0				False	blood	mid	nucleotide_transformer
3993	0.0	0.0	0.0				False	blood	mid	nucleotide_transformer
3994	0.0	0.0	0.0				False	blood	mid	nucleotide_transformer
3995	0.0	0.0	0.0				False	blood	mid	nucleotide_transformer
3996	0.0	0.0	0.0				False	blood	mid	nucleotide_transformer
3997	0.0	0.0	0.0				False	blood	mid	nucleotide_transformer
3998	0.0	0.0	0.0				False	blood	mid	nucleotide_transformer
3999	0.0	0.0	0.0				False	blood	mid	nucleotide_transformer
4000	0.0	0.0	0.0				False	blood	mid	nucleotide_transformer
4001	0.0	0.0	0.0				False	blood	mid	nucleotide_transformer
4002	0.0	0.0	0.0				False	blood	mid	nucleotide_transformer
4003	0.0	0.0	0.0				False	blood	mid	nucleotide_transformer
4004	0.0	0.0	0.0				False	blood	mid	nucleotide_transformer
4005	0.0	0.0	0.0				False	blood	mid	nucleotide_transformer
4006	0.0	0.0	0.0				False	blood	mid	nucleotide_transformer
4007	0.0	0.0	0.0				False	blood	mid	nucleotide_transformer
4008	0.0	0.0	0.0				False	blood	mid	nucleotide_transformer
4009	0.0	0.0	0.0				False	blood	mid	nucleotide_transformer
4010	0.0	0.0	0.0				False	blood	mid	nucleotide_transformer
4011	0.0	0.0	0.0				False	blood	mid	nucleotide_transformer
4012	0.0	0.0	0.0				False	blood	mid	nucleotide_transformer
4013	0.0	0.0	0.0				False	blood	mid	nucleotide_transformer
4014	0.0	0.0	0.0				False	blood	mid	nucleotide_transformer
4015	0.0	0.0	0.0				False	blood	mid	nucleotide_transformer
4016	0.0	0.0	0.0				False	blood	mid	nucleotide_transformer
4017	0.0	0.0	0.0				False	blood	mid	nucleotide_transformer
4018	0.0	0.0	0.0				False	blood	mid	nucleotide_transformer
4019	0.0	0.0	0.0				False	blood	mid	nucleotide_transformer
4020	0.0	0.0	0.0				False	blood	mid	nucleotide_transformer
4021	0.0	0.0	0.0				False	blood	mid	nucleotide_transformer
4022	0.0	0.0	0.0				False	blood	mid	nucleotide_transformer
4023	0.0	0.0	0.0				False	blood	mid	nucleotide_transformer
4024	0.0	0.0	0.0				False	blood	mid	nucleotide_transformer
4025	0.0	0.0	0.0				False	blood	mid	nucleotide_transformer
4026	0.0	0.0	0.0				False	blood	mid	nucleotide_transformer
4027	0.0	0.0	0.0				False	blood	mid	nucleotide_transformer
4028	0.0	0.0	0.0				False	blood	mid	nucleotide_transformer
4029	0.0	0.0	0.0				False	blood	mid	nucleotide_transformer
4030	0.0	0.0	0.0				False	blood	mid	nucleotide_transformer
4031	0.0	0.0	0.0				False	blood	mid	nucleotide_transformer
4032	0.0	0.0	0.0				False	blood	mid	nucleotide_transformer
4033	0.0	0.0	0.0				False	blood	mid	nucleotide_transformer
4034	0.0	0.0	0.0				False	blood	mid	nucleotide_transformer
4035	0.0	0.0	0.0				False	blood	mid	nucleotide_transformer
4036	0.0	0.0	0.0				False	blood	mid	nucleotide_transformer
4037	0.0	0.0	0.0				False	blood	mid	nucleotide_transformer
4038	0.0	0.0	0.0				False	blood	mid	nucleotide_transformer
4039	0.0	0.0	0.0				False	blood	mid	nucleotide_transformer
4040	0.0	0.0	0.0				False	blood	mid	nucleotide_transformer
4041	0.0	0.0	0.0				False	blood	mid	nucleotide_transformer
4042	0.0	0.0	0.0				False	blood	mid	nucleotide_transformer
4043	0.0	0.0	0.0				False	blood	mid	nucleotide_transformer
4044	0.0	0.0	0.0				False	blood	mid	nucleotide_transformer
4045	0.0	0.0	0.0				False	blood	mid	nucleotide_transformer
4046	0.0	0.0	0.0				False	blood	mid	nucleotide_transformer
4047	0.0	0.0	0.0				False	blood	mid	nucleotide_transformer
4048	0.0	0.0	0.0				False	blood	mid	nucleotide_transformer
4049	0.0	0.0	0.0				False	blood	mid	nucleotide_transformer
4050	0.0	0.0	0.0				False	blood	mid	nucleotide_transformer
4051	0.0	0.0	0.0				False	blood	mid	nucleotide_transformer
4052	0.0	0.0	0.0				False	blood	mid	nucleotide_transformer
4053	0.0	0.0	0.0				False	blood	mid	nucleotide_transformer
4054	0.0	0.0	0.0				False	blood	mid	nucleotide_transformer
4055	0.0	0.0	0.0				False	blood	mid	nucleotide_transformer
4056	0.0	0.0	0.0				False	blood	mid	nucleotide_transformer
4057	0.0	0.0	0.0				False	blood	mid	nucleotide_transformer
4058	0.0	0.0	0.0				False	blood	mid	nucleotide_transformer
4059	0.0	0.0	0.0				False	blood	mid	nucleotide_transformer
4060	0.0	0.0	0.0				False	blood	mid	nucleotide_transformer
4061	0.0	0.0	0.0				False	blood	mid	nucleotide_transformer
4062	0.0	0.0	0.0				False	blood	mid	nucleotide_transformer
4063	0.0	0.0	0.0				False	blood	mid	nucleotide_transformer
4064	0.0	0.0	0.0				False	blood	mid	nucleotide_transformer
4065	0.0	0.0	0.0				False	blood	mid	nucleotide_transformer
4066	0.0	0.0	0.0				False	blood	mid	nucleotide_transformer
4067	0.0	0.0	0.0				False	blood	mid	nucleotide_transformer
4068	0.0	0.0	0.0				False	blood	mid	nucleotide_transformer
4069	0.0	0.0	0.0				False	blood	mid	nucleotide_transformer
4070	0.0	0.0	0.0				False	blood	mid	nucleotide_transformer
4071	0.0	0.0	0.0				False	blood	mid	nucleotide_transformer
4072	0.0	0.0	0.0				False	blood	mid	nucleotide_transformer
4073	0.0	0.0	0.0				False	blood	mid	nucleotide_transformer
4074	0.0	0.0	0.0				False	blood	mid	nucleotide_transformer
4075	0.0	0.0	0.0				False	blood	mid	nucleotide_transformer
4076	0.0	0.0	0.0				False	blood	mid	nucleotide_transformer
4077	0.0	0.0	0.0				False	blood	mid	nucleotide_transformer
4078	0.0	0.0	0.0				False	blood	mid	nucleotide_transformer
4079	0.0	0.0	0.0				False	blood	mid	nucleotide_transformer
4080	0.0	0.0	0.0				False	blood	mid	nucleotide_transformer
4081	0.0	0.0	0.0				False	blood	mid	nucleotide_transformer
4082	0.0	0.0	0.0				False	blood	mid	nucleotide_transformer
4083	0.0	0.0	0.0				False	blood	mid	nucleotide_transformer
4084	0.0	0.0	0.0				False	blood	mid	nucleotide_transformer
4085	0.0	0.0	0.0				False	blood	mid	nucleotide_transformer
4086	0.0	0.0	0.0				False	blood	mid	nucleotide_transformer
4087	0.0	0.0	0.0				False	blood	mid	nucleotide_transformer
4088	0.0	0.0	0.0				False	blood	mid	nucleotide_transformer
4089	0.0	0.0	0.0				False	blood	mid	nucleotide_transformer
4090	0.0	0.0	0.0				False	blood	mid	nucleotide_transformer
4091	0.0	0.0	0.0				False	blood	mid	nucleotide_transformer
4092	0.0	0.0	0.0				False	blood	mid	nucleotide_transformer
4093	0.0	0.0	0.0				False	blood	mid	nucleotide_transformer
4094	0.0	0.0	0.0				False	blood	mid	nucleotide_transformer
4095	0.0	0.0	0.0				False	blood	mid	nucleotide_transformer
4096	0.0	0.0	0.0				False	blood	mid	nucleotide_transformer
4097	0.0	0.0	0.0				False	blood	mid	nucleotide_transformer
4098	0.0	0.0	0.0				False	blood	mid	nucleotide_transformer
4099	0.0	0.0	0.0				False	blood	mid	nucleotide_transformer
4100	0.0	0.0	0.0				False	blood	mid	nucleotide_transformer
4101	0.0	0.0	0.0				False	blood	mid	nucleotide_transformer
4102	0.0	0.0	0.0				False	blood	mid	nucleotide_transformer
4103	0.0	0.0	0.0				False	blood	mid	nucleotide_transformer
4104	0.0	0.0	0.0				False	blood	mid	nucleotide_transformer
4105	0.0	0.0	0.0				False	blood	mid	nucleotide_transformer
4106	0.0	0.0	0.0				False	blood	mid	nucleotide_transformer
4108	0.0	0.0	0.0				False	blood	mid	nucleotide_transformer
4109	0.0	0.0	0.0				False	blood	mid	nucleotide_transformer
4110	0.0	0.0	0.0				False	blood	mid	nucleotide_transformer
4111	0.0	0.0	0.0				False	blood	mid	nucleotide_transformer
4112	0.0	0.0	0.0				False	blood	mid	nucleotide_transformer
4113	0.0	0.0	0.0				False	blood	mid	nucleotide_transformer
4114	0.0	0.0	0.0				False	blood	mid	nucleotide_transformer
4115	0.0	0.0	0.0				False	blood	mid	nucleotide_transformer
4116	0.0	0.0	0.0				False	blood	mid	nucleotide_transformer
4117	0.0	0.0	0.0				False	blood	mid	nucleotide_transformer
4118	0.0	0.0	0.0				False	blood	mid	nucleotide_transformer
4119	0.0	0.0	0.0				False	blood	mid	nucleotide_transformer
4120	0.0	0.0	0.0				False	blood	mid	nucleotide_transformer
4121	0.0	0.0	0.0				False	blood	mid	nucleotide_transformer
4122	0.0	0.0	0.0				False	blood	mid	nucleotide_transformer
4123	0.0	0.0	0.0				False	blood	mid	nucleotide_transformer
4124	0.0	0.0	0.0				False	blood	mid	nucleotide_transformer
4125	0.0	0.0	0.0				False	blood	mid	nucleotide_transformer
4126	0.0	0.0	0.0				False	blood	mid	nucleotide_transformer
4127	0.0	0.0	0.0				False	blood	mid	nucleotide_transformer
4128	0.0	0.0	0.0				False	blood	mid	nucleotide_transformer
4129	0.0	0.0	0.0				False	blood	mid	nucleotide_transformer
4130	0.0	0.0	0.0				False	blood	mid	nucleotide_transformer
4131	0.0	0.0	0.0				False	blood	mid	nucleotide_transformer
4132	0.0	0.0	0.0				False	blood	mid	nucleotide_transformer
4133	0.0	0.0	0.0				False	blood	mid	nucleotide_transformer
4134	0.0	0.0	0.0				False	blood	mid	nucleotide_transformer
4135	0.0	0.0	0.0				False	blood	mid	nucleotide_transformer
4136	0.0	0.0	0.0				False	blood	mid	nucleotide_transformer
4137	0.0	0.0	0.0				False	blood	mid	nucleotide_transformer
4138	0.0	0.0	0.0				False	blood	mid	nucleotide_transformer
4139	0.0	0.0	0.0				False	blood	mid	nucleotide_transformer
4140	0.0	0.0	0.0				False	blood	mid	nucleotide_transformer
4141	0.0	0.0	0.0				False	blood	mid	nucleotide_transformer
4142	0.0	0.0	0.0				False	blood	mid	nucleotide_transformer
4143	0.0	0.0	0.0				False	blood	mid	nucleotide_transformer
4144	0.0	0.0	0.0				False	blood	mid	nucleotide_transformer
4145	0.0	0.0	0.0				False	blood	mid	nucleotide_transformer
4146	0.0	0.0	0.0				False	blood	mid	nucleotide_transformer
4147	0.0	0.0	0.0				False	blood	mid	nucleotide_transformer
4148	0.0	0.0	0.0				False	blood	mid	nucleotide_transformer
4149	0.0	0.0	0.0				False	blood	mid	nucleotide_transformer
4150	0.0	0.0	0.0				False	blood	mid	nucleotide_transformer
4151	0.0	0.0	0.0				False	blood	mid	nucleotide_transformer
4152	0.0	0.0	0.0				False	blood	mid	nucleotide_transformer
4153	0.0	0.0	0.0				False	blood	mid	nucleotide_transformer
4154	0.0	0.0	0.0				False	blood	mid	nucleotide_transformer
4155	0.0	0.0	0.0				False	blood	mid	nucleotide_transformer
4156	0.0	0.0	0.0				False	blood	mid	nucleotide_transformer
4157	0.0	0.0	0.0				False	blood	mid	nucleotide_transformer
4158	0.0	0.0	0.0				False	blood	mid	nucleotide_transformer
4159	0.0	0.0	0.0				False	blood	mid	nucleotide_transformer
4160	0.0	0.0	0.0				False	blood	mid	nucleotide_transformer
4161	0.0	0.0	0.0				False	blood	mid	nucleotide_transformer
4162	0.0	0.0	0.0				False	blood	mid	nucleotide_transformer
4163	0.0	0.0	0.0				False	blood	mid	nucleotide_transformer
4164	0.0	0.0	0.0				False	blood	mid	nucleotide_transformer
4165	0.0	0.0	0.0				False	blood	mid	nucleotide_transformer
4166	0.0	0.0	0.0				False	blood	mid	nucleotide_transformer
4167	0.0	0.0	0.0				False	blood	mid	nucleotide_transformer
4168	0.0	0.0	0.0				False	blood	mid	nucleotide_transformer
4169	0.0	0.0	0.0				False	blood	mid	nucleotide_transformer
4170	0.0	0.0	0.0				False	blood	mid	nucleotide_transformer
4171	0.0	0.0	0.0				False	blood	mid	nucleotide_transformer
4172	0.0	0.0	0.0				False	blood	mid	nucleotide_transformer
4174	0.0	0.0	0.0				False	blood	mid	nucleotide_transformer
4176	0.0	0.0	0.0				False	blood	mid	nucleotide_transformer
4177	0.0	0.0	0.0				False	blood	mid	nucleotide_transformer
4178	0.0	0.0	0.0				False	blood	mid	nucleotide_transformer
4179	0.0	0.0	0.0				False	blood	mid	nucleotide_transformer
4180	0.0	0.0	0.0				False	blood	mid	nucleotide_transformer
4181	0.0	0.0	0.0				False	blood	mid	nucleotide_transformer
4182	0.0	0.0	0.0				False	blood	mid	nucleotide_transformer
4183	0.0	0.0	0.0				False	blood	mid	nucleotide_transformer
4184	0.0	0.0	0.0				False	blood	mid	nucleotide_transformer
4185	0.0	0.0	0.0				False	blood	mid	nucleotide_transformer
4186	0.0	0.0	0.0				False	blood	mid	nucleotide_transformer
4187	0.0	0.0	0.0				False	blood	mid	nucleotide_transformer
4188	0.0	0.0	0.0				False	blood	mid	nucleotide_transformer
4189	0.0	0.0	0.0				False	blood	mid	nucleotide_transformer
4190	0.0	0.0	0.0				False	blood	mid	nucleotide_transformer
4191	0.0	0.0	0.0				False	blood	mid	nucleotide_transformer
4192	0.0	0.0	0.0				False	blood	mid	nucleotide_transformer
4193	0.0	0.0	0.0				False	blood	mid	nucleotide_transformer
4194	0.0	0.0	0.0				False	blood	mid	nucleotide_transformer
4195	0.0	0.0	0.0				False	blood	mid	nucleotide_transformer
4196	0.0	0.0	0.0				False	blood	mid	nucleotide_transformer
4197	0.0	0.0	0.0				False	blood	mid	nucleotide_transformer
4198	0.0	0.0	0.0				False	blood	mid	nucleotide_transformer
4199	0.0	0.0	0.0				False	blood	mid	nucleotide_transformer
4200	0.0	0.0	0.0				False	blood	mid	nucleotide_transformer
4201	0.0	0.0	0.0				False	blood	mid	nucleotide_transformer
4202	0.0	0.0	0.0				False	blood	mid	nucleotide_transformer
4203	0.0	0.0	0.0				False	blood	mid	nucleotide_transformer
4204	0.0	0.0	0.0				False	blood	mid	nucleotide_transformer
4205	0.0	0.0	0.0				False	blood	mid	nucleotide_transformer
4206	0.0	0.0	0.0				False	blood	mid	nucleotide_transformer
4207	0.0	0.0	0.0				False	blood	mid	nucleotide_transformer
4208	0.0	0.0	0.0				False	blood	mid	nucleotide_transformer
4209	0.0	0.0	0.0				False	blood	mid	nucleotide_transformer
4210	0.0	0.0	0.0				False	blood	mid	nucleotide_transformer
4211	0.0	0.0	0.0				False	blood	mid	nucleotide_transformer
4212	0.0	0.0	0.0				False	blood	mid	nucleotide_transformer
4213	0.0	0.0	0.0				False	blood	mid	nucleotide_transformer
4215	0.0	0.0	0.0				False	blood	mid	nucleotide_transformer
4216	0.0	0.0	0.0				False	blood	mid	nucleotide_transformer
4217	0.0	0.0	0.0				False	blood	mid	nucleotide_transformer
4218	0.0	0.0	0.0				False	blood	mid	nucleotide_transformer
4219	0.0	0.0	0.0				False	blood	mid	nucleotide_transformer
4220	0.0	0.0	0.0				False	blood	mid	nucleotide_transformer
4221	0.0	0.0	0.0				False	blood	mid	nucleotide_transformer
4222	0.0	0.0	0.0				False	blood	mid	nucleotide_transformer
4223	0.0	0.0	0.0				False	blood	mid	nucleotide_transformer
4224	0.0	0.0	0.0				False	blood	mid	nucleotide_transformer
4225	0.0	0.0	0.0				False	blood	mid	nucleotide_transformer
4226	0.0	0.0	0.0				False	blood	mid	nucleotide_transformer
4227	0.0	0.0	0.0				False	blood	mid	nucleotide_transformer
4228	0.0	0.0	0.0				False	blood	mid	nucleotide_transformer
4229	0.0	0.0	0.0				False	blood	mid	nucleotide_transformer
4230	0.0	0.0	0.0				False	blood	mid	nucleotide_transformer
4231	0.0	0.0	0.0				False	blood	mid	nucleotide_transformer
4232	0.0	0.0	0.0				False	blood	mid	nucleotide_transformer
4233	0.0	0.0	0.0				False	blood	mid	nucleotide_transformer
4234	0.0	0.0	0.0				False	blood	mid	nucleotide_transformer
4235	0.0	0.0	0.0				False	blood	mid	nucleotide_transformer
4236	0.0	0.0	0.0				False	blood	mid	nucleotide_transformer
4237	0.0	0.0	0.0				False	blood	mid	nucleotide_transformer
4238	0.0	0.0	0.0				False	blood	mid	nucleotide_transformer
4239	0.0	0.0	0.0				False	blood	mid	nucleotide_transformer
4240	0.0	0.0	0.0				False	blood	mid	nucleotide_transformer
4241	0.0	0.0	0.0				False	blood	mid	nucleotide_transformer
4242	0.0	0.0	0.0				False	blood	mid	nucleotide_transformer
4243	0.0	0.0	0.0				False	blood	mid	nucleotide_transformer
4244	0.0	0.0	0.0				False	blood	mid	nucleotide_transformer
4245	0.0	0.0	0.0				False	blood	mid	nucleotide_transformer
4246	0.0	0.0	0.0				False	blood	mid	nucleotide_transformer
4247	0.0	0.0	0.0				False	blood	mid	nucleotide_transformer
4248	0.0	0.0	0.0				False	blood	mid	nucleotide_transformer
4249	0.0	0.0	0.0				False	blood	mid	nucleotide_transformer
4250	0.0	0.0	0.0				False	blood	mid	nucleotide_transformer
4251	0.0	0.0	0.0				False	blood	mid	nucleotide_transformer
4252	0.0	0.0	0.0				False	blood	mid	nucleotide_transformer
4253	0.0	0.0	0.0				False	blood	mid	nucleotide_transformer
4254	0.0	0.0	0.0				False	blood	mid	nucleotide_transformer
4255	0.0	0.0	0.0				False	blood	mid	nucleotide_transformer
4256	0.0	0.0	0.0				False	blood	mid	nucleotide_transformer
4257	0.0	0.0	0.0				False	blood	mid	nucleotide_transformer
4258	0.0	0.0	0.0				False	blood	mid	nucleotide_transformer
4260	0.0	0.0	0.0				False	blood	mid	nucleotide_transformer
4261	0.0	0.0	0.0				False	blood	mid	nucleotide_transformer
4262	0.0	0.0	0.0				False	blood	mid	nucleotide_transformer
4263	0.0	0.0	0.0				False	blood	mid	nucleotide_transformer
4264	0.0	0.0	0.0				False	blood	mid	nucleotide_transformer
4265	0.0	0.0	0.0				False	blood	mid	nucleotide_transformer
4266	0.0	0.0	0.0				False	blood	mid	nucleotide_transformer
4267	0.0	0.0	0.0				False	blood	mid	nucleotide_transformer
4268	0.0	0.0	0.0				False	blood	mid	nucleotide_transformer
4269	0.0	0.0	0.0				False	blood	mid	nucleotide_transformer
4270	0.0	0.0	0.0				False	blood	mid	nucleotide_transformer
4271	0.0	0.0	0.0				False	blood	mid	nucleotide_transformer
4272	0.0	0.0	0.0				False	blood	mid	nucleotide_transformer
4273	0.0	0.0	0.0				False	blood	mid	nucleotide_transformer
4274	0.0	0.0	0.0				False	blood	mid	nucleotide_transformer
4275	0.0	0.0	0.0				False	blood	mid	nucleotide_transformer
4276	0.0	0.0	0.0				False	blood	mid	nucleotide_transformer
4277	0.0	0.0	0.0				False	blood	mid	nucleotide_transformer
4278	0.0	0.0	0.0				False	blood	mid	nucleotide_transformer
4279	0.0	0.0	0.0				False	blood	mid	nucleotide_transformer
4281	0.0	0.0	0.0				False	blood	mid	nucleotide_transformer
4282	0.0	0.0	0.0				False	blood	mid	nucleotide_transformer
4283	0.0	0.0	0.0				False	blood	mid	nucleotide_transformer
4284	0.0	0.0	0.0				False	blood	mid	nucleotide_transformer
4285	0.0	0.0	0.0				False	blood	mid	nucleotide_transformer
4286	0.0	0.0	0.0				False	blood	mid	nucleotide_transformer
4287	0.0	0.0	0.0				False	blood	mid	nucleotide_transformer
4288	0.0	0.0	0.0				False	blood	mid	nucleotide_transformer
4289	0.0	0.0	0.0				False	blood	mid	nucleotide_transformer
4290	0.0	0.0	0.0				False	blood	mid	nucleotide_transformer
4291	0.0	0.0	0.0				False	blood	mid	nucleotide_transformer
4292	0.0	0.0	0.0				False	blood	mid	nucleotide_transformer
4294	0.0	0.0	0.0				False	blood	mid	nucleotide_transformer
4295	0.0	0.0	0.0				False	blood	mid	nucleotide_transformer
4296	0.0	0.0	0.0				False	blood	mid	nucleotide_transformer
4297	0.0	0.0	0.0				False	blood	mid	nucleotide_transformer
4298	0.0	0.0	0.0				False	blood	mid	nucleotide_transformer
4299	0.0	0.0	0.0				False	blood	mid	nucleotide_transformer
4300	0.0	0.0	0.0				False	blood	mid	nucleotide_transformer
4301	0.0	0.0	0.0				False	blood	mid	nucleotide_transformer
4302	0.0	0.0	0.0				False	blood	mid	nucleotide_transformer
4303	0.0	0.0	0.0				False	blood	mid	nucleotide_transformer
4304	0.0	0.0	0.0				False	blood	mid	nucleotide_transformer
4305	0.0	0.0	0.0				False	blood	mid	nucleotide_transformer
4306	0.0	0.0	0.0				False	blood	mid	nucleotide_transformer
4307	0.0	0.0	0.0				False	blood	mid	nucleotide_transformer
4308	0.0	0.0	0.0				False	blood	mid	nucleotide_transformer
4309	0.0	0.0	0.0				False	blood	mid	nucleotide_transformer
4310	0.0	0.0	0.0				False	blood	mid	nucleotide_transformer
4311	0.0	0.0	0.0				False	blood	mid	nucleotide_transformer
4312	0.0	0.0	0.0				False	blood	mid	nucleotide_transformer
4313	0.0	0.0	0.0				False	blood	mid	nucleotide_transformer
4314	0.0	0.0	0.0				False	blood	mid	nucleotide_transformer
4315	0.0	0.0	0.0				False	blood	mid	nucleotide_transformer
4316	0.0	0.0	0.0				False	blood	mid	nucleotide_transformer
4317	0.0	0.0	0.0				False	blood	mid	nucleotide_transformer
4318	0.0	0.0	0.0				False	blood	mid	nucleotide_transformer
4319	0.0	0.0	0.0				False	blood	mid	nucleotide_transformer
4320	0.0	0.0	0.0				False	blood	mid	nucleotide_transformer
4321	0.0	0.0	0.0				False	blood	mid	nucleotide_transformer
4322	0.0	0.0	0.0				False	blood	mid	nucleotide_transformer
4323	0.0	0.0	0.0				False	blood	mid	nucleotide_transformer
4324	0.0	0.0	0.0				False	blood	mid	nucleotide_transformer
4325	0.0	0.0	0.0				False	blood	mid	nucleotide_transformer
4327	0.0	0.0	0.0				False	blood	mid	nucleotide_transformer
4328	0.0	0.0	0.0				False	blood	mid	nucleotide_transformer
4329	0.0	0.0	0.0				False	blood	mid	nucleotide_transformer
4330	0.0	0.0	0.0				False	blood	mid	nucleotide_transformer
4331	0.0	0.0	0.0				False	blood	mid	nucleotide_transformer
4332	0.0	0.0	0.0				False	blood	mid	nucleotide_transformer
4333	0.0	0.0	0.0				False	blood	mid	nucleotide_transformer
4334	0.0	0.0	0.0				False	blood	mid	nucleotide_transformer
4335	0.0	0.0	0.0				False	blood	mid	nucleotide_transformer
4336	0.0	0.0	0.0				False	blood	mid	nucleotide_transformer
4337	0.0	0.0	0.0				False	blood	mid	nucleotide_transformer
4338	0.0	0.0	0.0				False	blood	mid	nucleotide_transformer
4339	0.0	0.0	0.0				False	blood	mid	nucleotide_transformer
4340	0.0	0.0	0.0				False	blood	mid	nucleotide_transformer
4341	0.0	0.0	0.0				False	blood	mid	nucleotide_transformer
4342	0.0	0.0	0.0				False	blood	mid	nucleotide_transformer
4343	0.0	0.0	0.0				False	blood	mid	nucleotide_transformer
4344	0.0	0.0	0.0				False	blood	mid	nucleotide_transformer
4345	0.0	0.0	0.0				False	blood	mid	nucleotide_transformer
4346	0.0	0.0	0.0				False	blood	mid	nucleotide_transformer
4347	0.0	0.0	0.0				False	blood	mid	nucleotide_transformer
4348	0.0	0.0	0.0				False	blood	mid	nucleotide_transformer
4349	0.0	0.0	0.0				False	blood	mid	nucleotide_transformer
4350	0.0	0.0	0.0				False	blood	mid	nucleotide_transformer
4351	0.0	0.0	0.0				False	blood	mid	nucleotide_transformer
4352	0.0	0.0	0.0				False	blood	mid	nucleotide_transformer
4353	0.0	0.0	0.0				False	blood	mid	nucleotide_transformer
4354	0.0	0.0	0.0				False	blood	mid	nucleotide_transformer
4355	0.0	0.0	0.0				False	blood	mid	nucleotide_transformer
4356	0.0	0.0	0.0				False	blood	mid	nucleotide_transformer
4357	0.0	0.0	0.0				False	blood	mid	nucleotide_transformer
4358	0.0	0.0	0.0				False	blood	mid	nucleotide_transformer
4359	0.0	0.0	0.0				False	blood	mid	nucleotide_transformer
4360	0.0	0.0	0.0				False	blood	mid	nucleotide_transformer
4361	0.0	0.0	0.0				False	blood	mid	nucleotide_transformer
4362	0.0	0.0	0.0				False	blood	mid	nucleotide_transformer
4363	0.0	0.0	0.0				False	blood	mid	nucleotide_transformer
4364	0.0	0.0	0.0				False	blood	mid	nucleotide_transformer
4365	0.0	0.0	0.0				False	blood	mid	nucleotide_transformer
4366	0.0	0.0	0.0				False	blood	mid	nucleotide_transformer
4367	0.0	0.0	0.0				False	blood	mid	nucleotide_transformer
4368	0.0	0.0	0.0				False	blood	mid	nucleotide_transformer
4369	0.0	0.0	0.0				False	blood	mid	nucleotide_transformer
4370	0.0	0.0	0.0				False	blood	mid	nucleotide_transformer
4372	0.0	0.0	0.0				False	blood	mid	nucleotide_transformer
4373	0.0	0.0	0.0				False	blood	mid	nucleotide_transformer
4374	0.0	0.0	0.0				False	blood	mid	nucleotide_transformer
4375	0.0	0.0	0.0				False	blood	mid	nucleotide_transformer
4376	0.0	0.0	0.0				False	blood	mid	nucleotide_transformer
4377	0.0	0.0	0.0				False	blood	mid	nucleotide_transformer
4378	0.0	0.0	0.0				False	blood	mid	nucleotide_transformer
4379	0.0	0.0	0.0				False	blood	mid	nucleotide_transformer
4380	0.0	0.0	0.0				False	blood	mid	nucleotide_transformer
4381	0.0	0.0	0.0				False	blood	mid	nucleotide_transformer
4382	0.0	0.0	0.0				False	blood	mid	nucleotide_transformer
4383	0.0	0.0	0.0				False	blood	mid	nucleotide_transformer
4384	0.0	0.0	0.0				False	blood	mid	nucleotide_transformer
4385	0.0	0.0	0.0				False	blood	mid	nucleotide_transformer
4386	0.0	0.0	0.0				False	blood	mid	nucleotide_transformer
4387	0.0	0.0	0.0				False	blood	mid	nucleotide_transformer
4388	0.0	0.0	0.0				False	blood	mid	nucleotide_transformer
4389	0.0	0.0	0.0				False	blood	mid	nucleotide_transformer
4390	0.0	0.0	0.0				False	blood	mid	nucleotide_transformer
4391	0.0	0.0	0.0				False	blood	mid	nucleotide_transformer
4392	0.0	0.0	0.0				False	blood	mid	nucleotide_transformer
4393	0.0	0.0	0.0				False	blood	mid	nucleotide_transformer
4394	0.0	0.0	0.0				False	blood	mid	nucleotide_transformer
4395	0.0	0.0	0.0				False	blood	mid	nucleotide_transformer
4396	0.0	0.0	0.0				False	blood	mid	nucleotide_transformer
4397	0.0	0.0	0.0				False	blood	mid	nucleotide_transformer
4398	0.0	0.0	0.0				False	blood	mid	nucleotide_transformer
4399	0.0	0.0	0.0				False	blood	mid	nucleotide_transformer
4400	0.0	0.0	0.0				False	blood	mid	nucleotide_transformer
4401	0.0	0.0	0.0				False	blood	mid	nucleotide_transformer
4402	0.0	0.0	0.0				False	blood	mid	nucleotide_transformer
4403	0.0	0.0	0.0				False	blood	mid	nucleotide_transformer
4404	0.0	0.0	0.0				False	blood	mid	nucleotide_transformer
4405	0.0	0.0	0.0				False	blood	mid	nucleotide_transformer
4406	0.0	0.0	0.0				False	blood	mid	nucleotide_transformer
4407	0.0	0.0	0.0				False	blood	mid	nucleotide_transformer
4408	0.0	0.0	0.0				False	blood	mid	nucleotide_transformer
4409	0.0	0.0	0.0				False	blood	mid	nucleotide_transformer
4410	0.0	0.0	0.0				False	blood	mid	nucleotide_transformer
4411	0.0	0.0	0.0				False	blood	mid	nucleotide_transformer
4412	0.0	0.0	0.0				False	blood	mid	nucleotide_transformer
4413	0.0	0.0	0.0				False	blood	mid	nucleotide_transformer
4414	0.0	0.0	0.0				False	blood	mid	nucleotide_transformer
4415	0.0	0.0	0.0				False	blood	mid	nucleotide_transformer
4416	0.0	0.0	0.0				False	blood	mid	nucleotide_transformer
4417	0.0	0.0	0.0				False	blood	mid	nucleotide_transformer
4418	0.0	0.0	0.0				False	blood	mid	nucleotide_transformer
4419	0.0	0.0	0.0				False	blood	mid	nucleotide_transformer
4420	0.0	0.0	0.0				False	blood	mid	nucleotide_transformer
4421	0.0	0.0	0.0				False	blood	mid	nucleotide_transformer
4422	0.0	0.0	0.0				False	blood	mid	nucleotide_transformer
4423	0.0	0.0	0.0				False	blood	mid	nucleotide_transformer
4424	0.0	0.0	0.0				False	blood	mid	nucleotide_transformer
4425	0.0	0.0	0.0				False	blood	mid	nucleotide_transformer
4426	0.0	0.0	0.0				False	blood	mid	nucleotide_transformer
4427	0.0	0.0	0.0				False	blood	mid	nucleotide_transformer
4428	0.0	0.0	0.0				False	blood	mid	nucleotide_transformer
4429	0.0	0.0	0.0				False	blood	mid	nucleotide_transformer
4430	0.0	0.0	0.0				False	blood	mid	nucleotide_transformer
4431	0.0	0.0	0.0				False	blood	mid	nucleotide_transformer
4432	0.0	0.0	0.0				False	blood	mid	nucleotide_transformer
4433	0.0	0.0	0.0				False	blood	mid	nucleotide_transformer
4434	0.0	0.0	0.0				False	blood	mid	nucleotide_transformer
4435	0.0	0.0	0.0				False	blood	mid	nucleotide_transformer
4436	0.0	0.0	0.0				False	blood	mid	nucleotide_transformer
4437	0.0	0.0	0.0				False	blood	mid	nucleotide_transformer
4438	0.0	0.0	0.0				False	blood	mid	nucleotide_transformer
4439	0.0	0.0	0.0				False	blood	mid	nucleotide_transformer
4440	0.0	0.0	0.0				False	blood	mid	nucleotide_transformer
4441	0.0	0.0	0.0				False	blood	mid	nucleotide_transformer
4442	0.0	0.0	0.0				False	blood	mid	nucleotide_transformer
4443	0.0	0.0	0.0				False	blood	mid	nucleotide_transformer
4444	0.0	0.0	0.0				False	blood	mid	nucleotide_transformer
4445	0.0	0.0	0.0				False	blood	mid	nucleotide_transformer
4446	0.0	0.0	0.0				False	blood	mid	nucleotide_transformer
4447	0.0	0.0	0.0				False	blood	mid	nucleotide_transformer
4448	0.0	0.0	0.0				False	blood	mid	nucleotide_transformer
4449	0.0	0.0	0.0				False	blood	mid	nucleotide_transformer
4450	0.0	0.0	0.0				False	blood	mid	nucleotide_transformer
4451	0.0	0.0	0.0				False	blood	mid	nucleotide_transformer
4452	0.0	0.0	0.0				False	blood	mid	nucleotide_transformer
4453	0.0	0.0	0.0				False	blood	mid	nucleotide_transformer
4454	0.0	0.0	0.0				False	blood	mid	nucleotide_transformer
4455	0.0	0.0	0.0				False	blood	mid	nucleotide_transformer
4456	0.0	0.0	0.0				False	blood	mid	nucleotide_transformer
4457	0.0	0.0	0.0				False	blood	mid	nucleotide_transformer
4458	0.0	0.0	0.0				False	blood	mid	nucleotide_transformer
4459	0.0	0.0	0.0				False	blood	mid	nucleotide_transformer
4460	0.0	0.0	0.0				False	blood	mid	nucleotide_transformer
4461	0.0	0.0	0.0				False	blood	mid	nucleotide_transformer
4462	0.0	0.0	0.0				False	blood	mid	nucleotide_transformer
4463	0.0	0.0	0.0				False	blood	mid	nucleotide_transformer
4464	0.0	0.0	0.0				False	blood	mid	nucleotide_transformer
4465	0.0	0.0	0.0				False	blood	mid	nucleotide_transformer
4466	0.0	0.0	0.0				False	blood	mid	nucleotide_transformer
4467	0.0	0.0	0.0				False	blood	mid	nucleotide_transformer
4468	0.0	0.0	0.0				False	blood	mid	nucleotide_transformer
4469	0.0	0.0	0.0				False	blood	mid	nucleotide_transformer
4470	0.0	0.0	0.0				False	blood	mid	nucleotide_transformer
4471	0.0	0.0	0.0				False	blood	mid	nucleotide_transformer
4472	0.0	0.0	0.0				False	blood	mid	nucleotide_transformer
4473	0.0	0.0	0.0				False	blood	mid	nucleotide_transformer
4474	0.0	0.0	0.0				False	blood	mid	nucleotide_transformer
4475	0.0	0.0	0.0				False	blood	mid	nucleotide_transformer
4476	0.0	0.0	0.0				False	blood	mid	nucleotide_transformer
4477	0.0	0.0	0.0				False	blood	mid	nucleotide_transformer
4478	0.0	0.0	0.0				False	blood	mid	nucleotide_transformer
4479	0.0	0.0	0.0				False	blood	mid	nucleotide_transformer
4480	0.0	0.0	0.0				False	blood	mid	nucleotide_transformer
4481	0.0	0.0	0.0				False	blood	mid	nucleotide_transformer
4482	0.0	0.0	0.0				False	blood	mid	nucleotide_transformer
4483	0.0	0.0	0.0				False	blood	mid	nucleotide_transformer
4484	0.0	0.0	0.0				False	blood	mid	nucleotide_transformer
4485	0.0	0.0	0.0				False	blood	mid	nucleotide_transformer
4486	0.0	0.0	0.0				False	blood	mid	nucleotide_transformer
4487	0.0	0.0	0.0				False	blood	mid	nucleotide_transformer
4488	0.0	0.0	0.0				False	blood	mid	nucleotide_transformer
4489	0.0	0.0	0.0				False	blood	mid	nucleotide_transformer
4490	0.0	0.0	0.0				False	blood	mid	nucleotide_transformer
4491	0.0	0.0	0.0				False	blood	mid	nucleotide_transformer
4492	0.0	0.0	0.0				False	blood	mid	nucleotide_transformer
4493	0.0	0.0	0.0				False	blood	mid	nucleotide_transformer
4494	0.0	0.0	0.0				False	blood	mid	nucleotide_transformer
4495	0.0	0.0	0.0				False	blood	mid	nucleotide_transformer
4496	0.0	0.0	0.0				False	blood	mid	nucleotide_transformer
4497	0.0	0.0	0.0				False	blood	mid	nucleotide_transformer
4498	0.0	0.0	0.0				False	blood	mid	nucleotide_transformer
4499	0.0	0.0	0.0				False	blood	mid	nucleotide_transformer
4500	0.0	0.0	0.0				False	blood	mid	nucleotide_transformer
4501	0.0	0.0	0.0				False	blood	mid	nucleotide_transformer
4502	0.0	0.0	0.0				False	blood	mid	nucleotide_transformer
4503	0.0	0.0	0.0				False	blood	mid	nucleotide_transformer
4504	0.0	0.0	0.0				False	blood	mid	nucleotide_transformer
4505	0.0	0.0	0.0				False	blood	mid	nucleotide_transformer
4506	0.0	0.0	0.0				False	blood	mid	nucleotide_transformer
4507	0.0	0.0	0.0				False	blood	mid	nucleotide_transformer
4508	0.0	0.0	0.0				False	blood	mid	nucleotide_transformer
4509	0.0	0.0	0.0				False	blood	mid	nucleotide_transformer
4510	0.0	0.0	0.0				False	blood	mid	nucleotide_transformer
4511	0.0	0.0	0.0				False	blood	mid	nucleotide_transformer
4512	0.0	0.0	0.0				False	blood	mid	nucleotide_transformer
4513	0.0	0.0	0.0				False	blood	mid	nucleotide_transformer
4514	0.0	0.0	0.0				False	blood	mid	nucleotide_transformer
4515	0.0	0.0	0.0				False	blood	mid	nucleotide_transformer
4516	0.0	0.0	0.0				False	blood	mid	nucleotide_transformer
4517	0.0	0.0	0.0				False	blood	mid	nucleotide_transformer
4518	0.0	0.0	0.0				False	blood	mid	nucleotide_transformer
4519	0.0	0.0	0.0				False	blood	mid	nucleotide_transformer
4520	0.0	0.0	0.0				False	blood	mid	nucleotide_transformer
4521	0.0	0.0	0.0				False	blood	mid	nucleotide_transformer
4522	0.0	0.0	0.0				False	blood	mid	nucleotide_transformer
4523	0.0	0.0	0.0				False	blood	mid	nucleotide_transformer
4524	0.0	0.0	0.0				False	blood	mid	nucleotide_transformer
4525	0.0	0.0	0.0				False	blood	mid	nucleotide_transformer
4526	0.0	0.0	0.0				False	blood	mid	nucleotide_transformer
4527	0.0	0.0	0.0				False	blood	mid	nucleotide_transformer
4529	0.0	0.0	0.0				False	blood	mid	nucleotide_transformer
4530	0.0	0.0	0.0				False	blood	mid	nucleotide_transformer
4531	0.0	0.0	0.0				False	blood	mid	nucleotide_transformer
4532	0.0	0.0	0.0				False	blood	mid	nucleotide_transformer
4533	0.0	0.0	0.0				False	blood	mid	nucleotide_transformer
4534	0.0	0.0	0.0				False	blood	mid	nucleotide_transformer
4535	0.0	0.0	0.0				False	blood	mid	nucleotide_transformer
4536	0.0	0.0	0.0				False	blood	mid	nucleotide_transformer
4537	0.0	0.0	0.0				False	blood	mid	nucleotide_transformer
4538	0.0	0.0	0.0				False	blood	mid	nucleotide_transformer
4539	0.0	0.0	0.0				False	blood	mid	nucleotide_transformer
4540	0.0	0.0	0.0				False	blood	mid	nucleotide_transformer
4541	0.0	0.0	0.0				False	blood	mid	nucleotide_transformer
4542	0.0	0.0	0.0				False	blood	mid	nucleotide_transformer
4543	0.0	0.0	0.0				False	blood	mid	nucleotide_transformer
4544	0.0	0.0	0.0				False	blood	mid	nucleotide_transformer
4545	0.0	0.0	0.0				False	blood	mid	nucleotide_transformer
4546	0.0	0.0	0.0				False	blood	mid	nucleotide_transformer
4547	0.0	0.0	0.0				False	blood	mid	nucleotide_transformer
4548	0.0	0.0	0.0				False	blood	mid	nucleotide_transformer
4549	0.0	0.0	0.0				False	blood	mid	nucleotide_transformer
4550	0.0	0.0	0.0				False	blood	mid	nucleotide_transformer
4551	0.0	0.0	0.0				False	blood	mid	nucleotide_transformer
4552	0.0	0.0	0.0				False	blood	mid	nucleotide_transformer
4553	0.0	0.0	0.0				False	blood	mid	nucleotide_transformer
4554	0.0	0.0	0.0				False	blood	mid	nucleotide_transformer
4555	0.0	0.0	0.0				False	blood	mid	nucleotide_transformer
4556	0.0	0.0	0.0				False	blood	mid	nucleotide_transformer
4557	0.0	0.0	0.0				False	blood	mid	nucleotide_transformer
4558	0.0	0.0	0.0				False	blood	mid	nucleotide_transformer
4559	0.0	0.0	0.0				False	blood	mid	nucleotide_transformer
4560	0.0	0.0	0.0				False	blood	mid	nucleotide_transformer
4561	0.0	0.0	0.0				False	blood	mid	nucleotide_transformer
4562	0.0	0.0	0.0				False	blood	mid	nucleotide_transformer
4563	0.0	0.0	0.0				False	blood	mid	nucleotide_transformer
4564	0.0	0.0	0.0				False	blood	mid	nucleotide_transformer
4565	0.0	0.0	0.0				False	blood	mid	nucleotide_transformer
4566	0.0	0.0	0.0				False	blood	mid	nucleotide_transformer
4567	0.0	0.0	0.0				False	blood	mid	nucleotide_transformer
4568	0.0	0.0	0.0				False	blood	mid	nucleotide_transformer
4569	0.0	0.0	0.0				False	blood	mid	nucleotide_transformer
4570	0.0	0.0	0.0				False	blood	mid	nucleotide_transformer
4571	0.0	0.0	0.0				False	blood	mid	nucleotide_transformer
4572	0.0	0.0	0.0				False	blood	mid	nucleotide_transformer
4573	0.0	0.0	0.0				False	blood	mid	nucleotide_transformer
4574	0.0	0.0	0.0				False	blood	mid	nucleotide_transformer
4575	0.0	0.0	0.0				False	blood	mid	nucleotide_transformer
4576	0.0	0.0	0.0				False	blood	mid	nucleotide_transformer
4577	0.0	0.0	0.0				False	blood	mid	nucleotide_transformer
4578	0.0	0.0	0.0				False	blood	mid	nucleotide_transformer
4579	0.0	0.0	0.0				False	blood	mid	nucleotide_transformer
4580	0.0	0.0	0.0				False	blood	mid	nucleotide_transformer
4581	0.0	0.0	0.0				False	blood	mid	nucleotide_transformer
4582	0.0	0.0	0.0				False	blood	mid	nucleotide_transformer
4583	0.0	0.0	0.0				False	blood	mid	nucleotide_transformer
4584	0.0	0.0	0.0				False	blood	mid	nucleotide_transformer
4586	0.0	0.0	0.0				False	blood	mid	nucleotide_transformer
4587	0.0	0.0	0.0				False	blood	mid	nucleotide_transformer
4588	0.0	0.0	0.0				False	blood	mid	nucleotide_transformer
4589	0.0	0.0	0.0				False	blood	mid	nucleotide_transformer
4590	0.0	0.0	0.0				False	blood	mid	nucleotide_transformer
4591	0.0	0.0	0.0				False	blood	mid	nucleotide_transformer
4592	0.0	0.0	0.0				False	blood	mid	nucleotide_transformer
4593	0.0	0.0	0.0				False	blood	mid	nucleotide_transformer
4594	0.0	0.0	0.0				False	blood	mid	nucleotide_transformer
4595	0.0	0.0	0.0				False	blood	mid	nucleotide_transformer
4596	0.0	0.0	0.0				False	blood	mid	nucleotide_transformer
4597	0.0	0.0	0.0				False	blood	mid	nucleotide_transformer
4598	0.0	0.0	0.0				False	blood	mid	nucleotide_transformer
4599	0.0	0.0	0.0				False	blood	mid	nucleotide_transformer
4600	0.0	0.0	0.0				False	blood	mid	nucleotide_transformer
4602	0.0	0.0	0.0				False	blood	mid	nucleotide_transformer
4603	0.0	0.0	0.0				False	blood	mid	nucleotide_transformer
4604	0.0	0.0	0.0				False	blood	mid	nucleotide_transformer
4605	0.0	0.0	0.0				False	blood	mid	nucleotide_transformer
4606	0.0	0.0	0.0				False	blood	mid	nucleotide_transformer
4607	0.0	0.0	0.0				False	blood	mid	nucleotide_transformer
4608	0.0	0.0	0.0				False	blood	mid	nucleotide_transformer
4609	0.0	0.0	0.0				False	blood	mid	nucleotide_transformer
4610	0.0	0.0	0.0				False	blood	mid	nucleotide_transformer
4611	0.0	0.0	0.0				False	blood	mid	nucleotide_transformer
4612	0.0	0.0	0.0				False	blood	mid	nucleotide_transformer
4613	0.0	0.0	0.0				False	blood	mid	nucleotide_transformer
4614	0.0	0.0	0.0				False	blood	mid	nucleotide_transformer
4616	0.0	0.0	0.0				False	blood	mid	nucleotide_transformer
4617	0.0	0.0	0.0				False	blood	mid	nucleotide_transformer
4618	0.0	0.0	0.0				False	blood	mid	nucleotide_transformer
4619	0.0	0.0	0.0				False	blood	mid	nucleotide_transformer
4620	0.0	0.0	0.0				False	blood	mid	nucleotide_transformer
4621	0.0	0.0	0.0				False	blood	mid	nucleotide_transformer
4622	0.0	0.0	0.0				False	blood	mid	nucleotide_transformer
4623	0.0	0.0	0.0				False	blood	mid	nucleotide_transformer
4624	0.0	0.0	0.0				False	blood	mid	nucleotide_transformer
4625	0.0	0.0	0.0				False	blood	mid	nucleotide_transformer
4626	0.0	0.0	0.0				False	blood	mid	nucleotide_transformer
4627	0.0	0.0	0.0				False	blood	mid	nucleotide_transformer
4628	0.0	0.0	0.0				False	blood	mid	nucleotide_transformer
4629	0.0	0.0	0.0				False	blood	mid	nucleotide_transformer
4630	0.0	0.0	0.0				False	blood	mid	nucleotide_transformer
4631	0.0	0.0	0.0				False	blood	mid	nucleotide_transformer
4632	0.0	0.0	0.0				False	blood	mid	nucleotide_transformer
4633	0.0	0.0	0.0				False	blood	mid	nucleotide_transformer
4634	0.0	0.0	0.0				False	blood	mid	nucleotide_transformer
4635	0.0	0.0	0.0				False	blood	mid	nucleotide_transformer
4636	0.0	0.0	0.0				False	blood	mid	nucleotide_transformer
4637	0.0	0.0	0.0				False	blood	mid	nucleotide_transformer
4638	0.0	0.0	0.0				False	blood	mid	nucleotide_transformer
4639	0.0	0.0	0.0				False	blood	mid	nucleotide_transformer
4641	0.0	0.0	0.0				False	blood	mid	nucleotide_transformer
4642	0.0	0.0	0.0				False	blood	mid	nucleotide_transformer
4643	0.0	0.0	0.0				False	blood	mid	nucleotide_transformer
4644	0.0	0.0	0.0				False	blood	mid	nucleotide_transformer
4645	0.0	0.0	0.0				False	blood	mid	nucleotide_transformer
4646	0.0	0.0	0.0				False	blood	mid	nucleotide_transformer
4647	0.0	0.0	0.0				False	blood	mid	nucleotide_transformer
4648	0.0	0.0	0.0				False	blood	mid	nucleotide_transformer
4649	0.0	0.0	0.0				False	blood	mid	nucleotide_transformer
4650	0.0	0.0	0.0				False	blood	mid	nucleotide_transformer
4651	0.0	0.0	0.0				False	blood	mid	nucleotide_transformer
4652	0.0	0.0	0.0				False	blood	mid	nucleotide_transformer
4653	0.0	0.0	0.0				False	blood	mid	nucleotide_transformer
4654	0.0	0.0	0.0				False	blood	mid	nucleotide_transformer
4655	0.0	0.0	0.0				False	blood	mid	nucleotide_transformer
4656	0.0	0.0	0.0				False	blood	mid	nucleotide_transformer
4657	0.0	0.0	0.0				False	blood	mid	nucleotide_transformer
4658	0.0	0.0	0.0				False	blood	mid	nucleotide_transformer
4659	0.0	0.0	0.0				False	blood	mid	nucleotide_transformer
4660	0.0	0.0	0.0				False	blood	mid	nucleotide_transformer
4662	0.0	0.0	0.0				False	blood	mid	nucleotide_transformer
4663	0.0	0.0	0.0				False	blood	mid	nucleotide_transformer
4664	0.0	0.0	0.0				False	blood	mid	nucleotide_transformer
4665	0.0	0.0	0.0				False	blood	mid	nucleotide_transformer
4666	0.0	0.0	0.0				False	blood	mid	nucleotide_transformer
4667	0.0	0.0	0.0				False	blood	mid	nucleotide_transformer
4668	0.0	0.0	0.0				False	blood	mid	nucleotide_transformer
4669	0.0	0.0	0.0				False	blood	mid	nucleotide_transformer
4670	0.0	0.0	0.0				False	blood	mid	nucleotide_transformer
4671	0.0	0.0	0.0				False	blood	mid	nucleotide_transformer
4672	0.0	0.0	0.0				False	blood	mid	nucleotide_transformer
4673	0.0	0.0	0.0				False	blood	mid	nucleotide_transformer
4674	0.0	0.0	0.0				False	blood	mid	nucleotide_transformer
4675	0.0	0.0	0.0				False	blood	mid	nucleotide_transformer
4676	0.0	0.0	0.0				False	blood	mid	nucleotide_transformer
4677	0.0	0.0	0.0				False	blood	mid	nucleotide_transformer
4678	0.0	0.0	0.0				False	blood	mid	nucleotide_transformer
4679	0.0	0.0	0.0				False	blood	mid	nucleotide_transformer
4680	0.0	0.0	0.0				False	blood	mid	nucleotide_transformer
4681	0.0	0.0	0.0				False	blood	mid	nucleotide_transformer
4682	0.0	0.0	0.0				False	blood	mid	nucleotide_transformer
4683	0.0	0.0	0.0				False	blood	mid	nucleotide_transformer
4684	0.0	0.0	0.0				False	blood	mid	nucleotide_transformer
4685	0.0	0.0	0.0				False	blood	mid	nucleotide_transformer
4686	0.0	0.0	0.0				False	blood	mid	nucleotide_transformer
4687	0.0	0.0	0.0				False	blood	mid	nucleotide_transformer
4688	0.0	0.0	0.0				False	blood	mid	nucleotide_transformer
4689	0.0	0.0	0.0				False	blood	mid	nucleotide_transformer
4690	0.0	0.0	0.0				False	blood	mid	nucleotide_transformer
4691	0.0	0.0	0.0				False	blood	mid	nucleotide_transformer
4692	0.0	0.0	0.0				False	blood	mid	nucleotide_transformer
4693	0.0	0.0	0.0				False	blood	mid	nucleotide_transformer
4694	0.0	0.0	0.0				False	blood	mid	nucleotide_transformer
4695	0.0	0.0	0.0				False	blood	mid	nucleotide_transformer
4696	0.0	0.0	0.0				False	blood	mid	nucleotide_transformer
4697	0.0	0.0	0.0				False	blood	mid	nucleotide_transformer
4698	0.0	0.0	0.0				False	blood	mid	nucleotide_transformer
4699	0.0	0.0	0.0				False	blood	mid	nucleotide_transformer
4700	0.0	0.0	0.0				False	blood	mid	nucleotide_transformer
4701	0.0	0.0	0.0				False	blood	mid	nucleotide_transformer
4702	0.0	0.0	0.0				False	blood	mid	nucleotide_transformer
4703	0.0	0.0	0.0				False	blood	mid	nucleotide_transformer
4704	0.0	0.0	0.0				False	blood	mid	nucleotide_transformer
4705	0.0	0.0	0.0				False	blood	mid	nucleotide_transformer
4706	0.0	0.0	0.0				False	blood	mid	nucleotide_transformer
4708	0.0	0.0	0.0				False	blood	mid	nucleotide_transformer
4709	0.0	0.0	0.0				False	blood	mid	nucleotide_transformer
4710	0.0	0.0	0.0				False	blood	mid	nucleotide_transformer
4711	0.0	0.0	0.0				False	blood	mid	nucleotide_transformer
4712	0.0	0.0	0.0				False	blood	mid	nucleotide_transformer
4713	0.0	0.0	0.0				False	blood	mid	nucleotide_transformer
4714	0.0	0.0	0.0				False	blood	mid	nucleotide_transformer
4715	0.0	0.0	0.0				False	blood	mid	nucleotide_transformer
4716	0.0	0.0	0.0				False	blood	mid	nucleotide_transformer
4717	0.0	0.0	0.0				False	blood	mid	nucleotide_transformer
4718	0.0	0.0	0.0				False	blood	mid	nucleotide_transformer
4719	0.0	0.0	0.0				False	blood	mid	nucleotide_transformer
4720	0.0	0.0	0.0				False	blood	mid	nucleotide_transformer
4721	0.0	0.0	0.0				False	blood	mid	nucleotide_transformer
4722	0.0	0.0	0.0				False	blood	mid	nucleotide_transformer
4723	0.0	0.0	0.0				False	blood	mid	nucleotide_transformer
4724	0.0	0.0	0.0				False	blood	mid	nucleotide_transformer
4725	0.0	0.0	0.0				False	blood	mid	nucleotide_transformer
4726	0.0	0.0	0.0				False	blood	mid	nucleotide_transformer
4727	0.0	0.0	0.0				False	blood	mid	nucleotide_transformer
4728	0.0	0.0	0.0				False	blood	mid	nucleotide_transformer
4729	0.0	0.0	0.0				False	blood	mid	nucleotide_transformer
4730	0.0	0.0	0.0				False	blood	mid	nucleotide_transformer
4731	0.0	0.0	0.0				False	blood	mid	nucleotide_transformer
4732	0.0	0.0	0.0				False	blood	mid	nucleotide_transformer
4733	0.0	0.0	0.0				False	blood	mid	nucleotide_transformer
4734	0.0	0.0	0.0				False	blood	mid	nucleotide_transformer
4735	0.0	0.0	0.0				False	blood	mid	nucleotide_transformer
4736	0.0	0.0	0.0				False	blood	mid	nucleotide_transformer
4737	0.0	0.0	0.0				False	blood	mid	nucleotide_transformer
4738	0.0	0.0	0.0				False	blood	mid	nucleotide_transformer
4739	0.0	0.0	0.0				False	blood	mid	nucleotide_transformer
4740	0.0	0.0	0.0				False	blood	mid	nucleotide_transformer
4741	0.0	0.0	0.0				False	blood	mid	nucleotide_transformer
4742	0.0	0.0	0.0				False	blood	mid	nucleotide_transformer
4743	0.0	0.0	0.0				False	blood	mid	nucleotide_transformer
4744	0.0	0.0	0.0				False	blood	mid	nucleotide_transformer
4746	0.0	0.0	0.0				False	blood	mid	nucleotide_transformer
4747	0.0	0.0	0.0				False	blood	mid	nucleotide_transformer
4748	0.0	0.0	0.0				False	blood	mid	nucleotide_transformer
4749	0.0	0.0	0.0				False	blood	mid	nucleotide_transformer
4750	0.0	0.0	0.0				False	blood	mid	nucleotide_transformer
4751	0.0	0.0	0.0				False	blood	mid	nucleotide_transformer
4752	0.0	0.0	0.0				False	blood	mid	nucleotide_transformer
4753	0.0	0.0	0.0				False	blood	mid	nucleotide_transformer
4754	0.0	0.0	0.0				False	blood	mid	nucleotide_transformer
4755	0.0	0.0	0.0				False	blood	mid	nucleotide_transformer
4756	0.0	0.0	0.0				False	blood	mid	nucleotide_transformer
4757	0.0	0.0	0.0				False	blood	mid	nucleotide_transformer
4758	0.0	0.0	0.0				False	blood	mid	nucleotide_transformer
4759	0.0	0.0	0.0				False	blood	mid	nucleotide_transformer
4760	0.0	0.0	0.0				False	blood	mid	nucleotide_transformer
4761	0.0	0.0	0.0				False	blood	mid	nucleotide_transformer
4762	0.0	0.0	0.0				False	blood	mid	nucleotide_transformer
4763	0.0	0.0	0.0				False	blood	mid	nucleotide_transformer
4764	0.0	0.0	0.0				False	blood	mid	nucleotide_transformer
4765	0.0	0.0	0.0				False	blood	mid	nucleotide_transformer
4766	0.0	0.0	0.0				False	blood	mid	nucleotide_transformer
4767	0.0	0.0	0.0				False	blood	mid	nucleotide_transformer
4768	0.0	0.0	0.0				False	blood	mid	nucleotide_transformer
4769	0.0	0.0	0.0				False	blood	mid	nucleotide_transformer
4770	0.0	0.0	0.0				False	blood	mid	nucleotide_transformer
4771	0.0	0.0	0.0				False	blood	mid	nucleotide_transformer
4772	0.0	0.0	0.0				False	blood	mid	nucleotide_transformer
4773	0.0	0.0	0.0				False	blood	mid	nucleotide_transformer
4774	0.0	0.0	0.0				False	blood	mid	nucleotide_transformer
4775	0.0	0.0	0.0				False	blood	mid	nucleotide_transformer
4776	0.0	0.0	0.0				False	blood	mid	nucleotide_transformer
4777	0.0	0.0	0.0				False	blood	mid	nucleotide_transformer
4778	0.0	0.0	0.0				False	blood	mid	nucleotide_transformer
4779	0.0	0.0	0.0				False	blood	mid	nucleotide_transformer
4780	0.0	0.0	0.0				False	blood	mid	nucleotide_transformer
4781	0.0	0.0	0.0				False	blood	mid	nucleotide_transformer
4782	0.0	0.0	0.0				False	blood	mid	nucleotide_transformer
4784	0.0	0.0	0.0				False	blood	mid	nucleotide_transformer
4785	0.0	0.0	0.0				False	blood	mid	nucleotide_transformer
4787	0.0	0.0	0.0				False	blood	mid	nucleotide_transformer
4788	0.0	0.0	0.0				False	blood	mid	nucleotide_transformer
4789	0.0	0.0	0.0				False	blood	mid	nucleotide_transformer
4790	0.0	0.0	0.0				False	blood	mid	nucleotide_transformer
4791	0.0	0.0	0.0				False	blood	mid	nucleotide_transformer
4792	0.0	0.0	0.0				False	blood	mid	nucleotide_transformer
4793	0.0	0.0	0.0				False	blood	mid	nucleotide_transformer
4794	0.0	0.0	0.0				False	blood	mid	nucleotide_transformer
4795	0.0	0.0	0.0				False	blood	mid	nucleotide_transformer
4796	0.0	0.0	0.0				False	blood	mid	nucleotide_transformer
4797	0.0	0.0	0.0				False	blood	mid	nucleotide_transformer
4798	0.0	0.0	0.0				False	blood	mid	nucleotide_transformer
4799	0.0	0.0	0.0				False	blood	mid	nucleotide_transformer
4800	0.0	0.0	0.0				False	blood	mid	nucleotide_transformer
4801	0.0	0.0	0.0				False	blood	mid	nucleotide_transformer
4802	0.0	0.0	0.0				False	blood	mid	nucleotide_transformer
4803	0.0	0.0	0.0				False	blood	mid	nucleotide_transformer
4804	0.0	0.0	0.0				False	blood	mid	nucleotide_transformer
4805	0.0	0.0	0.0				False	blood	mid	nucleotide_transformer
4806	0.0	0.0	0.0				False	blood	mid	nucleotide_transformer
4807	0.0	0.0	0.0				False	blood	mid	nucleotide_transformer
4808	0.0	0.0	0.0				False	blood	mid	nucleotide_transformer
4809	0.0	0.0	0.0				False	blood	mid	nucleotide_transformer
4810	0.0	0.0	0.0				False	blood	mid	nucleotide_transformer
4811	0.0	0.0	0.0				False	blood	mid	nucleotide_transformer
4812	0.0	0.0	0.0				False	blood	mid	nucleotide_transformer
4813	0.0	0.0	0.0				False	blood	mid	nucleotide_transformer
4814	0.0	0.0	0.0				False	blood	mid	nucleotide_transformer
4815	0.0	0.0	0.0				False	blood	mid	nucleotide_transformer
4816	0.0	0.0	0.0				False	blood	mid	nucleotide_transformer
4817	0.0	0.0	0.0				False	blood	mid	nucleotide_transformer
4818	0.0	0.0	0.0				False	blood	mid	nucleotide_transformer
4819	0.0	0.0	0.0				False	blood	mid	nucleotide_transformer
4820	0.0	0.0	0.0				False	blood	mid	nucleotide_transformer
4821	0.0	0.0	0.0				False	blood	mid	nucleotide_transformer
4822	0.0	0.0	0.0				False	blood	mid	nucleotide_transformer
4823	0.0	0.0	0.0				False	blood	mid	nucleotide_transformer
4824	0.0	0.0	0.0				False	blood	mid	nucleotide_transformer
4826	0.0	0.0	0.0				False	blood	mid	nucleotide_transformer
4827	0.0	0.0	0.0				False	blood	mid	nucleotide_transformer
4828	0.0	0.0	0.0				False	blood	mid	nucleotide_transformer
4829	0.0	0.0	0.0				False	blood	mid	nucleotide_transformer
4830	0.0	0.0	0.0				False	blood	mid	nucleotide_transformer
4831	0.0	0.0	0.0				False	blood	mid	nucleotide_transformer
4832	0.0	0.0	0.0				False	blood	mid	nucleotide_transformer
4833	0.0	0.0	0.0				False	blood	mid	nucleotide_transformer
4834	0.0	0.0	0.0				False	blood	mid	nucleotide_transformer
4835	0.0	0.0	0.0				False	blood	mid	nucleotide_transformer
4836	0.0	0.0	0.0				False	blood	mid	nucleotide_transformer
4837	0.0	0.0	0.0				False	blood	mid	nucleotide_transformer
4838	0.0	0.0	0.0				False	blood	mid	nucleotide_transformer
4839	0.0	0.0	0.0				False	blood	mid	nucleotide_transformer
4840	0.0	0.0	0.0				False	blood	mid	nucleotide_transformer
4842	0.0	0.0	0.0				False	blood	mid	nucleotide_transformer
4843	0.0	0.0	0.0				False	blood	mid	nucleotide_transformer
4844	0.0	0.0	0.0				False	blood	mid	nucleotide_transformer
4845	0.0	0.0	0.0				False	blood	mid	nucleotide_transformer
4846	0.0	0.0	0.0				False	blood	mid	nucleotide_transformer
4847	0.0	0.0	0.0				False	blood	mid	nucleotide_transformer
4848	0.0	0.0	0.0				False	blood	mid	nucleotide_transformer
4849	0.0	0.0	0.0				False	blood	mid	nucleotide_transformer
4850	0.0	0.0	0.0				False	blood	mid	nucleotide_transformer
4852	0.0	0.0	0.0				False	blood	mid	nucleotide_transformer
4853	0.0	0.0	0.0				False	blood	mid	nucleotide_transformer
4854	0.0	0.0	0.0				False	blood	mid	nucleotide_transformer
4855	0.0	0.0	0.0				False	blood	mid	nucleotide_transformer
4856	0.0	0.0	0.0				False	blood	mid	nucleotide_transformer
4857	0.0	0.0	0.0				False	blood	mid	nucleotide_transformer
4858	0.0	0.0	0.0				False	blood	mid	nucleotide_transformer
4859	0.0	0.0	0.0				False	blood	mid	nucleotide_transformer
4860	0.0	0.0	0.0				False	blood	mid	nucleotide_transformer
4861	0.0	0.0	0.0				False	blood	mid	nucleotide_transformer
4862	0.0	0.0	0.0				False	blood	mid	nucleotide_transformer
4863	0.0	0.0	0.0				False	blood	mid	nucleotide_transformer
4864	0.0	0.0	0.0				False	blood	mid	nucleotide_transformer
4865	0.0	0.0	0.0				False	blood	mid	nucleotide_transformer
4866	0.0	0.0	0.0				False	blood	mid	nucleotide_transformer
4867	0.0	0.0	0.0				False	blood	mid	nucleotide_transformer
4868	0.0	0.0	0.0				False	blood	mid	nucleotide_transformer
4869	0.0	0.0	0.0				False	blood	mid	nucleotide_transformer
4870	0.0	0.0	0.0				False	blood	mid	nucleotide_transformer
4871	0.0	0.0	0.0				False	blood	mid	nucleotide_transformer
4872	0.0	0.0	0.0				False	blood	mid	nucleotide_transformer
4873	0.0	0.0	0.0				False	blood	mid	nucleotide_transformer
4874	0.0	0.0	0.0				False	blood	mid	nucleotide_transformer
4875	0.0	0.0	0.0				False	blood	mid	nucleotide_transformer
4876	0.0	0.0	0.0				False	blood	mid	nucleotide_transformer
4877	0.0	0.0	0.0				False	blood	mid	nucleotide_transformer
4878	0.0	0.0	0.0				False	blood	mid	nucleotide_transformer
4879	0.0	0.0	0.0				False	blood	mid	nucleotide_transformer
4880	0.0	0.0	0.0				False	blood	mid	nucleotide_transformer
4881	0.0	0.0	0.0				False	blood	mid	nucleotide_transformer
4882	0.0	0.0	0.0				False	blood	mid	nucleotide_transformer
4883	0.0	0.0	0.0				False	blood	mid	nucleotide_transformer
4884	0.0	0.0	0.0				False	blood	mid	nucleotide_transformer
4885	0.0	0.0	0.0				False	blood	mid	nucleotide_transformer
4886	0.0	0.0	0.0				False	blood	mid	nucleotide_transformer
4887	0.0	0.0	0.0				False	blood	mid	nucleotide_transformer
4888	0.0	0.0	0.0				False	blood	mid	nucleotide_transformer
4889	0.0	0.0	0.0				False	blood	mid	nucleotide_transformer
4890	0.0	0.0	0.0				False	blood	mid	nucleotide_transformer
4891	0.0	0.0	0.0				False	blood	mid	nucleotide_transformer
4892	0.0	0.0	0.0				False	blood	mid	nucleotide_transformer
4893	0.0	0.0	0.0				False	blood	mid	nucleotide_transformer
4894	0.0	0.0	0.0				False	blood	mid	nucleotide_transformer
4895	0.0	0.0	0.0				False	blood	mid	nucleotide_transformer
4896	0.0	0.0	0.0				False	blood	mid	nucleotide_transformer
4897	0.0	0.0	0.0				False	blood	mid	nucleotide_transformer
4898	0.0	0.0	0.0				False	blood	mid	nucleotide_transformer
4899	0.0	0.0	0.0				False	blood	mid	nucleotide_transformer
4900	0.0	0.0	0.0				False	blood	mid	nucleotide_transformer
4901	0.0	0.0	0.0				False	blood	mid	nucleotide_transformer
4902	0.0	0.0	0.0				False	blood	mid	nucleotide_transformer
4903	0.0	0.0	0.0				False	blood	mid	nucleotide_transformer
4904	0.0	0.0	0.0				False	blood	mid	nucleotide_transformer
4905	0.0	0.0	0.0				False	blood	mid	nucleotide_transformer
4906	0.0	0.0	0.0				False	blood	mid	nucleotide_transformer
4907	0.0	0.0	0.0				False	blood	mid	nucleotide_transformer
4908	0.0	0.0	0.0				False	blood	mid	nucleotide_transformer
4909	0.0	0.0	0.0				False	blood	mid	nucleotide_transformer
4910	0.0	0.0	0.0				False	blood	mid	nucleotide_transformer
4911	0.0	0.0	0.0				False	blood	mid	nucleotide_transformer
4912	0.0	0.0	0.0				False	blood	mid	nucleotide_transformer
4913	0.0	0.0	0.0				False	blood	mid	nucleotide_transformer
4914	0.0	0.0	0.0				False	blood	mid	nucleotide_transformer
4915	0.0	0.0	0.0				False	blood	mid	nucleotide_transformer
4916	0.0	0.0	0.0				False	blood	mid	nucleotide_transformer
4917	0.0	0.0	0.0				False	blood	mid	nucleotide_transformer
4918	0.0	0.0	0.0				False	blood	mid	nucleotide_transformer
4919	0.0	0.0	0.0				False	blood	mid	nucleotide_transformer
4920	0.0	0.0	0.0				False	blood	mid	nucleotide_transformer
4921	0.0	0.0	0.0				False	blood	mid	nucleotide_transformer
4922	0.0	0.0	0.0				False	blood	mid	nucleotide_transformer
4923	0.0	0.0	0.0				False	blood	mid	nucleotide_transformer
4924	0.0	0.0	0.0				False	blood	mid	nucleotide_transformer
4925	0.0	0.0	0.0				False	blood	mid	nucleotide_transformer
4926	0.0	0.0	0.0				False	blood	mid	nucleotide_transformer
4927	0.0	0.0	0.0				False	blood	mid	nucleotide_transformer
4928	0.0	0.0	0.0				False	blood	mid	nucleotide_transformer
4929	0.0	0.0	0.0				False	blood	mid	nucleotide_transformer
4930	0.0	0.0	0.0				False	blood	mid	nucleotide_transformer
4931	0.0	0.0	0.0				False	blood	mid	nucleotide_transformer
4932	0.0	0.0	0.0				False	blood	mid	nucleotide_transformer
4933	0.0	0.0	0.0				False	blood	mid	nucleotide_transformer
4934	0.0	0.0	0.0				False	blood	mid	nucleotide_transformer
4935	0.0	0.0	0.0				False	blood	mid	nucleotide_transformer
4936	0.0	0.0	0.0				False	blood	mid	nucleotide_transformer
4937	0.0	0.0	0.0				False	blood	mid	nucleotide_transformer
4938	0.0	0.0	0.0				False	blood	mid	nucleotide_transformer
4939	0.0	0.0	0.0				False	blood	mid	nucleotide_transformer
4940	0.0	0.0	0.0				False	blood	mid	nucleotide_transformer
4941	0.0	0.0	0.0				False	blood	mid	nucleotide_transformer
4942	0.0	0.0	0.0				False	blood	mid	nucleotide_transformer
4943	0.0	0.0	0.0				False	blood	mid	nucleotide_transformer
4944	0.0	0.0	0.0				False	blood	mid	nucleotide_transformer
4945	0.0	0.0	0.0				False	blood	mid	nucleotide_transformer
4946	0.0	0.0	0.0				False	blood	mid	nucleotide_transformer
4947	0.0	0.0	0.0				False	blood	mid	nucleotide_transformer
4948	0.0	0.0	0.0				False	blood	mid	nucleotide_transformer
4949	0.0	0.0	0.0				False	blood	mid	nucleotide_transformer
4950	0.0	0.0	0.0				False	blood	mid	nucleotide_transformer
4951	0.0	0.0	0.0				False	blood	mid	nucleotide_transformer
4952	0.0	0.0	0.0				False	blood	mid	nucleotide_transformer
4953	0.0	0.0	0.0				False	blood	mid	nucleotide_transformer
4954	0.0	0.0	0.0				False	blood	mid	nucleotide_transformer
4955	0.0	0.0	0.0				False	blood	mid	nucleotide_transformer
4956	0.0	0.0	0.0				False	blood	mid	nucleotide_transformer
4957	0.0	0.0	0.0				False	blood	mid	nucleotide_transformer
4958	0.0	0.0	0.0				False	blood	mid	nucleotide_transformer
4959	0.0	0.0	0.0				False	blood	mid	nucleotide_transformer
4960	0.0	0.0	0.0				False	blood	mid	nucleotide_transformer
4961	0.0	0.0	0.0				False	blood	mid	nucleotide_transformer
4962	0.0	0.0	0.0				False	blood	mid	nucleotide_transformer
4963	0.0	0.0	0.0				False	blood	mid	nucleotide_transformer
4964	0.0	0.0	0.0				False	blood	mid	nucleotide_transformer
4965	0.0	0.0	0.0				False	blood	mid	nucleotide_transformer
4966	0.0	0.0	0.0				False	blood	mid	nucleotide_transformer
4967	0.0	0.0	0.0				False	blood	mid	nucleotide_transformer
4968	0.0	0.0	0.0				False	blood	mid	nucleotide_transformer
4969	0.0	0.0	0.0				False	blood	mid	nucleotide_transformer
4970	0.0	0.0	0.0				False	blood	mid	nucleotide_transformer
4971	0.0	0.0	0.0				False	blood	mid	nucleotide_transformer
4972	0.0	0.0	0.0				False	blood	mid	nucleotide_transformer
4973	0.0	0.0	0.0				False	blood	mid	nucleotide_transformer
4974	0.0	0.0	0.0				False	blood	mid	nucleotide_transformer
4975	0.0	0.0	0.0				False	blood	mid	nucleotide_transformer
4976	0.0	0.0	0.0				False	blood	mid	nucleotide_transformer
4977	0.0	0.0	0.0				False	blood	mid	nucleotide_transformer
4978	0.0	0.0	0.0				False	blood	mid	nucleotide_transformer
4979	0.0	0.0	0.0				False	blood	mid	nucleotide_transformer
4980	0.0	0.0	0.0				False	blood	mid	nucleotide_transformer
4981	0.0	0.0	0.0				False	blood	mid	nucleotide_transformer
4982	0.0	0.0	0.0				False	blood	mid	nucleotide_transformer
4983	0.0	0.0	0.0				False	blood	mid	nucleotide_transformer
4984	0.0	0.0	0.0				False	blood	mid	nucleotide_transformer
4985	0.0	0.0	0.0				False	blood	mid	nucleotide_transformer
4986	0.0	0.0	0.0				False	blood	mid	nucleotide_transformer
4987	0.0	0.0	0.0				False	blood	mid	nucleotide_transformer
4988	0.0	0.0	0.0				False	blood	mid	nucleotide_transformer
4989	0.0	0.0	0.0				False	blood	mid	nucleotide_transformer
4990	0.0	0.0	0.0				False	blood	mid	nucleotide_transformer
4991	0.0	0.0	0.0				False	blood	mid	nucleotide_transformer
4992	0.0	0.0	0.0				False	blood	mid	nucleotide_transformer
4993	0.0	0.0	0.0				False	blood	mid	nucleotide_transformer
4994	0.0	0.0	0.0				False	blood	mid	nucleotide_transformer
4995	0.0	0.0	0.0				False	blood	mid	nucleotide_transformer
4996	0.0	0.0	0.0				False	blood	mid	nucleotide_transformer
4997	0.0	0.0	0.0				False	blood	mid	nucleotide_transformer
4998	0.0	0.0	0.0				False	blood	mid	nucleotide_transformer
4999	0.0	0.0	0.0				False	blood	mid	nucleotide_transformer
5000	0.0	0.0	0.0				False	blood	mid	nucleotide_transformer
5001	0.0	0.0	0.0				False	blood	mid	nucleotide_transformer
5002	0.0	0.0	0.0				False	blood	mid	nucleotide_transformer
5003	0.0	0.0	0.0				False	blood	mid	nucleotide_transformer
5004	0.0	0.0	0.0				False	blood	mid	nucleotide_transformer
5005	0.0	0.0	0.0				False	blood	mid	nucleotide_transformer
5006	0.0	0.0	0.0				False	blood	mid	nucleotide_transformer
5007	0.0	0.0	0.0				False	blood	mid	nucleotide_transformer
5008	0.0	0.0	0.0				False	blood	mid	nucleotide_transformer
5009	0.0	0.0	0.0				False	blood	mid	nucleotide_transformer
5010	0.0	0.0	0.0				False	blood	mid	nucleotide_transformer
5011	0.0	0.0	0.0				False	blood	mid	nucleotide_transformer
5012	0.0	0.0	0.0				False	blood	mid	nucleotide_transformer
5013	0.0	0.0	0.0				False	blood	mid	nucleotide_transformer
5014	0.0	0.0	0.0				False	blood	mid	nucleotide_transformer
5015	0.0	0.0	0.0				False	blood	mid	nucleotide_transformer
5016	0.0	0.0	0.0				False	blood	mid	nucleotide_transformer
5017	0.0	0.0	0.0				False	blood	mid	nucleotide_transformer
5018	0.0	0.0	0.0				False	blood	mid	nucleotide_transformer
5019	0.0	0.0	0.0				False	blood	mid	nucleotide_transformer
5020	0.0	0.0	0.0				False	blood	mid	nucleotide_transformer
5021	0.0	0.0	0.0				False	blood	mid	nucleotide_transformer
5022	0.0	0.0	0.0				False	blood	mid	nucleotide_transformer
5023	0.0	0.0	0.0				False	blood	mid	nucleotide_transformer
5024	0.0	0.0	0.0				False	blood	mid	nucleotide_transformer
5025	0.0	0.0	0.0				False	blood	mid	nucleotide_transformer
5027	0.0	0.0	0.0				False	blood	mid	nucleotide_transformer
5028	0.0	0.0	0.0				False	blood	mid	nucleotide_transformer
5029	0.0	0.0	0.0				False	blood	mid	nucleotide_transformer
5030	0.0	0.0	0.0				False	blood	mid	nucleotide_transformer
5031	0.0	0.0	0.0				False	blood	mid	nucleotide_transformer
5032	0.0	0.0	0.0				False	blood	mid	nucleotide_transformer
5033	0.0	0.0	0.0				False	blood	mid	nucleotide_transformer
5034	0.0	0.0	0.0				False	blood	mid	nucleotide_transformer
5035	0.0	0.0	0.0				False	blood	mid	nucleotide_transformer
5036	0.0	0.0	0.0				False	blood	mid	nucleotide_transformer
5037	0.0	0.0	0.0				False	blood	mid	nucleotide_transformer
5038	0.0	0.0	0.0				False	blood	mid	nucleotide_transformer
5039	0.0	0.0	0.0				False	blood	mid	nucleotide_transformer
5040	0.0	0.0	0.0				False	blood	mid	nucleotide_transformer
5041	0.0	0.0	0.0				False	blood	mid	nucleotide_transformer
5042	0.0	0.0	0.0				False	blood	mid	nucleotide_transformer
5043	0.0	0.0	0.0				False	blood	mid	nucleotide_transformer
5044	0.0	0.0	0.0				False	blood	mid	nucleotide_transformer
5045	0.0	0.0	0.0				False	blood	mid	nucleotide_transformer
5046	0.0	0.0	0.0				False	blood	mid	nucleotide_transformer
5047	0.0	0.0	0.0				False	blood	mid	nucleotide_transformer
5048	0.0	0.0	0.0				False	blood	mid	nucleotide_transformer
5049	0.0	0.0	0.0				False	blood	mid	nucleotide_transformer
5050	0.0	0.0	0.0				False	blood	mid	nucleotide_transformer
5051	0.0	0.0	0.0				False	blood	mid	nucleotide_transformer
5052	0.0	0.0	0.0				False	blood	mid	nucleotide_transformer
5053	0.0	0.0	0.0				False	blood	mid	nucleotide_transformer
5054	0.0	0.0	0.0				False	blood	mid	nucleotide_transformer
5055	0.0	0.0	0.0				False	blood	mid	nucleotide_transformer
5056	0.0	0.0	0.0				False	blood	mid	nucleotide_transformer
5057	0.0	0.0	0.0				False	blood	mid	nucleotide_transformer
5058	0.0	0.0	0.0				False	blood	mid	nucleotide_transformer
5059	0.0	0.0	0.0				False	blood	mid	nucleotide_transformer
5061	0.0	0.0	0.0				False	blood	mid	nucleotide_transformer
5062	0.0	0.0	0.0				False	blood	mid	nucleotide_transformer
5063	0.0	0.0	0.0				False	blood	mid	nucleotide_transformer
5064	0.0	0.0	0.0				False	blood	mid	nucleotide_transformer
5065	0.0	0.0	0.0				False	blood	mid	nucleotide_transformer
5066	0.0	0.0	0.0				False	blood	mid	nucleotide_transformer
5067	0.0	0.0	0.0				False	blood	mid	nucleotide_transformer
5068	0.0	0.0	0.0				False	blood	mid	nucleotide_transformer
5069	0.0	0.0	0.0				False	blood	mid	nucleotide_transformer
5070	0.0	0.0	0.0				False	blood	mid	nucleotide_transformer
5071	0.0	0.0	0.0				False	blood	mid	nucleotide_transformer
5072	0.0	0.0	0.0				False	blood	mid	nucleotide_transformer
5073	0.0	0.0	0.0				False	blood	mid	nucleotide_transformer
5074	0.0	0.0	0.0				False	blood	mid	nucleotide_transformer
5075	0.0	0.0	0.0				False	blood	mid	nucleotide_transformer
5076	0.0	0.0	0.0				False	blood	mid	nucleotide_transformer
5077	0.0	0.0	0.0				False	blood	mid	nucleotide_transformer
5078	0.0	0.0	0.0				False	blood	mid	nucleotide_transformer
5079	0.0	0.0	0.0				False	blood	mid	nucleotide_transformer
5080	0.0	0.0	0.0				False	blood	mid	nucleotide_transformer
5081	0.0	0.0	0.0				False	blood	mid	nucleotide_transformer
5083	0.0	0.0	0.0				False	blood	mid	nucleotide_transformer
5084	0.0	0.0	0.0				False	blood	mid	nucleotide_transformer
5085	0.0	0.0	0.0				False	blood	mid	nucleotide_transformer
5086	0.0	0.0	0.0				False	blood	mid	nucleotide_transformer
5087	0.0	0.0	0.0				False	blood	mid	nucleotide_transformer
5088	0.0	0.0	0.0				False	blood	mid	nucleotide_transformer
5089	0.0	0.0	0.0				False	blood	mid	nucleotide_transformer
5090	0.0	0.0	0.0				False	blood	mid	nucleotide_transformer
5091	0.0	0.0	0.0				False	blood	mid	nucleotide_transformer
5092	0.0	0.0	0.0				False	blood	mid	nucleotide_transformer
5093	0.0	0.0	0.0				False	blood	mid	nucleotide_transformer
5094	0.0	0.0	0.0				False	blood	mid	nucleotide_transformer
5095	0.0	0.0	0.0				False	blood	mid	nucleotide_transformer
5096	0.0	0.0	0.0				False	blood	mid	nucleotide_transformer
5097	0.0	0.0	0.0				False	blood	mid	nucleotide_transformer
5098	0.0	0.0	0.0				False	blood	mid	nucleotide_transformer
5099	0.0	0.0	0.0				False	blood	mid	nucleotide_transformer
5100	0.0	0.0	0.0				False	blood	mid	nucleotide_transformer
5101	0.0	0.0	0.0				False	blood	mid	nucleotide_transformer
5102	0.0	0.0	0.0				False	blood	mid	nucleotide_transformer
5103	0.0	0.0	0.0				False	blood	mid	nucleotide_transformer
5104	0.0	0.0	0.0				False	blood	mid	nucleotide_transformer
5105	0.0	0.0	0.0				False	blood	mid	nucleotide_transformer
5106	0.0	0.0	0.0				False	blood	mid	nucleotide_transformer
5107	0.0	0.0	0.0				False	blood	mid	nucleotide_transformer
5108	0.0	0.0	0.0				False	blood	mid	nucleotide_transformer
5109	0.0	0.0	0.0				False	blood	mid	nucleotide_transformer
5110	0.0	0.0	0.0				False	blood	mid	nucleotide_transformer
5111	0.0	0.0	0.0				False	blood	mid	nucleotide_transformer
5112	0.0	0.0	0.0				False	blood	mid	nucleotide_transformer
5113	0.0	0.0	0.0				False	blood	mid	nucleotide_transformer
5114	0.0	0.0	0.0				False	blood	mid	nucleotide_transformer
5115	0.0	0.0	0.0				False	blood	mid	nucleotide_transformer
5116	0.0	0.0	0.0				False	blood	mid	nucleotide_transformer
5117	0.0	0.0	0.0				False	blood	mid	nucleotide_transformer
5118	0.0	0.0	0.0				False	blood	mid	nucleotide_transformer
5119	0.0	0.0	0.0				False	blood	mid	nucleotide_transformer
