feature_id	cds	vitro_mean	vivo_mean	t_stat	pval	pval_bonf	significant	pair	layer	model
1297	10.921856	40.064323	29.142467	3.1251185	0.0018231735	1.0	False	liver	late	nucleotide_transformer
4903	2.5422044	3.227426	0.68522155	2.3363016	0.019743823	1.0	False	liver	late	nucleotide_transformer
2387	2.1763136	2.3690448	0.19273123	2.2471867	0.024964511	1.0	False	liver	late	nucleotide_transformer
819	1.725554	2.2017376	0.47618362	2.0919924	0.036774207	1.0	False	liver	late	nucleotide_transformer
4631	-0.70504695	0.0	0.70504695	-1.9539491	0.050972678	1.0	False	liver	late	nucleotide_transformer
4588	-8.163239	435.15765	443.3209	-1.8257848	0.06812261	1.0	False	liver	late	nucleotide_transformer
1444	-0.40610757	0.0	0.40610757	-1.7337158	0.08326234	1.0	False	liver	late	nucleotide_transformer
368	0.8290689	0.8290689	0.0	1.7155063	0.08677128	1.0	False	liver	late	nucleotide_transformer
1037	-7.8120117	491.79483	499.60684	-1.6953288	0.09026312	1.0	False	liver	late	nucleotide_transformer
373	-7.499542	413.48663	420.98618	-1.687543	0.09174883	1.0	False	liver	late	nucleotide_transformer
1295	-8.040863	492.15128	500.19214	-1.6836674	0.09249722	1.0	False	liver	late	nucleotide_transformer
4246	-7.216278	403.5997	410.81598	-1.6549253	0.0981897	1.0	False	liver	late	nucleotide_transformer
2019	-6.968994	437.28238	444.25137	-1.6334903	0.10261665	1.0	False	liver	late	nucleotide_transformer
246	-6.544342	406.76453	413.30887	-1.6040938	0.10894429	1.0	False	liver	late	nucleotide_transformer
1705	-5.6733093	121.779366	127.452675	-1.5933659	0.111347474	1.0	False	liver	late	nucleotide_transformer
3476	-6.605194	382.68015	389.28534	-1.5812303	0.11407791	1.0	False	liver	late	nucleotide_transformer
324	-5.5178604	125.21932	130.73718	-1.5402405	0.12377029	1.0	False	liver	late	nucleotide_transformer
2150	-6.40271	353.03833	359.44104	-1.5322592	0.12571102	1.0	False	liver	late	nucleotide_transformer
3854	-6.228882	370.43958	376.66846	-1.5165938	0.12961815	1.0	False	liver	late	nucleotide_transformer
2840	-6.011261	78.05026	84.06152	-1.4841934	0.13801451	1.0	False	liver	late	nucleotide_transformer
540	-1.3284606	1.3673283	2.6957889	-1.4431272	0.14918002	1.0	False	liver	late	nucleotide_transformer
2998	1.5172119	3.5675552	2.0503433	1.4431998	0.14927787	1.0	False	liver	late	nucleotide_transformer
3393	1.5174325	3.568408	2.0509756	1.4430437	0.14932176	1.0	False	liver	late	nucleotide_transformer
3894	0.47386593	0.47386593	0.0	1.4154093	0.1574699	1.0	False	liver	late	nucleotide_transformer
4495	0.47345695	0.47345695	0.0	1.4154081	0.15747027	1.0	False	liver	late	nucleotide_transformer
2215	0.47336712	0.47336712	0.0	1.4154073	0.1574705	1.0	False	liver	late	nucleotide_transformer
364	0.47320986	0.47320986	0.0	1.4154067	0.15747069	1.0	False	liver	late	nucleotide_transformer
2214	0.47332212	0.47332212	0.0	1.4154066	0.15747072	1.0	False	liver	late	nucleotide_transformer
3743	0.4731037	0.4731037	0.0	1.415406	0.1574709	1.0	False	liver	late	nucleotide_transformer
4771	0.47307813	0.47307813	0.0	1.4154056	0.157471	1.0	False	liver	late	nucleotide_transformer
2518	0.47315106	0.47315106	0.0	1.4154054	0.15747108	1.0	False	liver	late	nucleotide_transformer
1232	0.47567514	0.47567514	0.0	1.415396	0.15747385	1.0	False	liver	late	nucleotide_transformer
5016	0.4748485	0.4748485	0.0	1.4153917	0.15747514	1.0	False	liver	late	nucleotide_transformer
2499	0.47487444	0.47487444	0.0	1.4153912	0.15747523	1.0	False	liver	late	nucleotide_transformer
1764	-0.57651854	0.23890804	0.8154266	-1.4092122	0.15896167	1.0	False	liver	late	nucleotide_transformer
1566	0.52391446	0.52391446	0.0	1.4102986	0.15897232	1.0	False	liver	late	nucleotide_transformer
3796	-6.180969	361.26822	367.4492	-1.404828	0.16031663	1.0	False	liver	late	nucleotide_transformer
4219	-0.7446237	0.48133487	1.2259586	-1.4037663	0.160579	1.0	False	liver	late	nucleotide_transformer
2289	3.2840796	13.956987	10.672908	1.3935418	0.16373648	1.0	False	liver	late	nucleotide_transformer
2560	1.4158827	3.3298278	1.9139451	1.392934	0.16394974	1.0	False	liver	late	nucleotide_transformer
2261	1.4162424	3.3307126	1.9144702	1.3929127	0.1639562	1.0	False	liver	late	nucleotide_transformer
1730	-0.95158094	0.9523353	1.9039162	-1.3715997	0.17038415	1.0	False	liver	late	nucleotide_transformer
4395	-4.9872284	114.21156	119.19879	-1.368033	0.17155929	1.0	False	liver	late	nucleotide_transformer
2843	1.0920637	1.0920637	0.0	1.3660331	0.1724429	1.0	False	liver	late	nucleotide_transformer
1484	0.57956654	0.715689	0.13612245	1.3341802	0.18256135	1.0	False	liver	late	nucleotide_transformer
1040	0.57985604	0.71605927	0.13620323	1.3341469	0.18257223	1.0	False	liver	late	nucleotide_transformer
4303	0.68136334	0.9527398	0.2713764	1.329658	0.18401217	1.0	False	liver	late	nucleotide_transformer
4024	-3.77034	146.7282	150.49854	-1.3217944	0.18650085	1.0	False	liver	late	nucleotide_transformer
94	1.3848214	3.5701509	2.1853294	1.3061373	0.19179969	1.0	False	liver	late	nucleotide_transformer
5071	-0.98773146	1.1919403	2.1796718	-1.3026296	0.19289644	1.0	False	liver	late	nucleotide_transformer
157	-5.316681	334.25797	339.57465	-1.3020141	0.1931427	1.0	False	liver	late	nucleotide_transformer
3453	1.4534771	4.0469956	2.5935185	1.281885	0.20016839	1.0	False	liver	late	nucleotide_transformer
561	-4.8922424	366.7198	371.61203	-1.2606242	0.20767553	1.0	False	liver	late	nucleotide_transformer
2399	3.108612	173.4752	170.3666	1.2596734	0.20805423	1.0	False	liver	late	nucleotide_transformer
104	-4.8908386	331.73105	336.6219	-1.228279	0.21956646	1.0	False	liver	late	nucleotide_transformer
4845	-4.403206	116.77268	121.17589	-1.2270267	0.22005549	1.0	False	liver	late	nucleotide_transformer
2643	4.2473946	43.791725	39.54433	1.210141	0.22646397	1.0	False	liver	late	nucleotide_transformer
2284	1.4173665	4.2857285	2.868362	1.2083834	0.22716963	1.0	False	liver	late	nucleotide_transformer
4237	-0.61137104	0.4788147	1.0901858	-1.1943727	0.23250839	1.0	False	liver	late	nucleotide_transformer
4968	-0.61102974	0.4792011	1.0902308	-1.193257	0.23294486	1.0	False	liver	late	nucleotide_transformer
3494	-0.6087826	0.4809268	1.0897094	-1.1873235	0.23527575	1.0	False	liver	late	nucleotide_transformer
2761	-0.60624176	0.47979194	1.0860337	-1.185844	0.23585944	1.0	False	liver	late	nucleotide_transformer
2178	-0.6068319	0.48153028	1.0883622	-1.1836867	0.23671249	1.0	False	liver	late	nucleotide_transformer
2751	-4.649765	89.3334	93.98316	-1.1790088	0.23862417	1.0	False	liver	late	nucleotide_transformer
445	-2.6900787	155.668	158.35808	-1.1559736	0.2479461	1.0	False	liver	late	nucleotide_transformer
2242	4.2918816	58.447174	54.155293	1.1478186	0.25126714	1.0	False	liver	late	nucleotide_transformer
2263	-1.332725	2.3840377	3.7167628	-1.1381752	0.25523582	1.0	False	liver	late	nucleotide_transformer
717	-3.9751434	40.37531	44.350452	-1.1330055	0.25742647	1.0	False	liver	late	nucleotide_transformer
3885	-4.634262	70.21576	74.85002	-1.1163508	0.26449165	1.0	False	liver	late	nucleotide_transformer
2264	-4.7009735	138.98883	143.6898	-1.0917999	0.27513686	1.0	False	liver	late	nucleotide_transformer
2147	-0.64737856	0.71250606	1.3598846	-1.0911467	0.2753774	1.0	False	liver	late	nucleotide_transformer
3264	-2.979416	155.1425	158.12192	-1.0895087	0.27616355	1.0	False	liver	late	nucleotide_transformer
3100	1.7876768	8.3574915	6.5698147	1.0797371	0.28048918	1.0	False	liver	late	nucleotide_transformer
4891	-0.6411018	0.7201415	1.3612432	-1.0744585	0.2827847	1.0	False	liver	late	nucleotide_transformer
1184	-0.64020437	0.7193509	1.3595552	-1.0742302	0.28288704	1.0	False	liver	late	nucleotide_transformer
4342	1.0440965	3.093058	2.0489616	1.045488	0.2960372	1.0	False	liver	late	nucleotide_transformer
1698	1.7566571	8.597066	6.840409	1.0451305	0.29618475	1.0	False	liver	late	nucleotide_transformer
3239	5.093048	92.276596	87.18355	1.0352666	0.30075046	1.0	False	liver	late	nucleotide_transformer
4243	-0.67606777	0.95572585	1.6317936	-1.0114212	0.31197724	1.0	False	liver	late	nucleotide_transformer
4765	-0.67706645	0.95917726	1.6362437	-1.0097164	0.31279325	1.0	False	liver	late	nucleotide_transformer
4733	-0.6749667	0.9571277	1.6320944	-1.008932	0.31316933	1.0	False	liver	late	nucleotide_transformer
338	-0.67497635	0.9574927	1.632469	-1.0086298	0.3133142	1.0	False	liver	late	nucleotide_transformer
4408	-0.2003823	0.0	0.2003823	-1.0000064	0.31753796	1.0	False	liver	late	nucleotide_transformer
2781	-0.15384248	0.0	0.15384248	-1.0000043	0.31753907	1.0	False	liver	late	nucleotide_transformer
4441	-0.27964136	0.0	0.27964136	-1.0000005	0.31754088	1.0	False	liver	late	nucleotide_transformer
2393	0.24333602	0.24333602	0.0	1.0000079	0.31771183	1.0	False	liver	late	nucleotide_transformer
1332	0.24624108	0.24624108	0.0	1.0000005	0.31771535	1.0	False	liver	late	nucleotide_transformer
4363	0.23762311	0.23762311	0.0	0.9999986	0.3177162	1.0	False	liver	late	nucleotide_transformer
4850	0.23716493	0.23716493	0.0	0.9999988	0.31771624	1.0	False	liver	late	nucleotide_transformer
672	0.38821524	0.38821524	0.0	0.9999977	0.31771678	1.0	False	liver	late	nucleotide_transformer
1483	0.23715883	0.23715883	0.0	0.9999967	0.31771725	1.0	False	liver	late	nucleotide_transformer
4578	0.2371301	0.2371301	0.0	0.9999967	0.31771725	1.0	False	liver	late	nucleotide_transformer
2359	0.2370398	0.2370398	0.0	0.99999636	0.31771737	1.0	False	liver	late	nucleotide_transformer
4315	0.23702064	0.23702064	0.0	0.9999962	0.31771746	1.0	False	liver	late	nucleotide_transformer
1032	0.23695813	0.23695813	0.0	0.99999595	0.31771758	1.0	False	liver	late	nucleotide_transformer
1122	0.23687816	0.23687816	0.0	0.9999956	0.31771773	1.0	False	liver	late	nucleotide_transformer
3204	0.23683432	0.23683432	0.0	0.9999954	0.31771782	1.0	False	liver	late	nucleotide_transformer
420	0.2367494	0.2367494	0.0	0.9999952	0.31771797	1.0	False	liver	late	nucleotide_transformer
470	0.2366732	0.2366732	0.0	0.9999948	0.31771815	1.0	False	liver	late	nucleotide_transformer
2122	0.23631208	0.23631208	0.0	0.99999344	0.31771877	1.0	False	liver	late	nucleotide_transformer
4376	-0.6116809	0.75330275	1.3649837	-0.964994	0.33469656	1.0	False	liver	late	nucleotide_transformer
2051	1.0793333	3.8115766	2.7322433	0.96468866	0.33491483	1.0	False	liver	late	nucleotide_transformer
3699	-0.46971524	0.48224872	0.95196396	-0.9493313	0.34259877	1.0	False	liver	late	nucleotide_transformer
2470	-0.75209236	1.4289715	2.181064	-0.9471226	0.34373298	1.0	False	liver	late	nucleotide_transformer
2750	-0.46838018	0.48243156	0.95081174	-0.94706553	0.34375164	1.0	False	liver	late	nucleotide_transformer
3957	-0.46871385	0.48278973	0.9515036	-0.9470452	0.34376195	1.0	False	liver	late	nucleotide_transformer
790	-0.7520586	1.4291371	2.1811957	-0.94699514	0.34379792	1.0	False	liver	late	nucleotide_transformer
1906	-0.75189054	1.4288927	2.1807833	-0.9469519	0.3438199	1.0	False	liver	late	nucleotide_transformer
1139	-0.7519363	1.4292868	2.1812232	-0.9467825	0.34390616	1.0	False	liver	late	nucleotide_transformer
4665	-0.7516898	1.428922	2.1806118	-0.94672287	0.3439366	1.0	False	liver	late	nucleotide_transformer
1154	0.34253144	0.47784185	0.1353104	0.94178075	0.34659144	1.0	False	liver	late	nucleotide_transformer
150	0.3426389	0.47799373	0.13535482	0.94177604	0.34659395	1.0	False	liver	late	nucleotide_transformer
4643	0.34320384	0.4788281	0.13562427	0.94164264	0.34666222	1.0	False	liver	late	nucleotide_transformer
2420	0.34193283	0.47733483	0.13540198	0.9409055	0.3470394	1.0	False	liver	late	nucleotide_transformer
4960	0.33998382	0.4750794	0.13509557	0.93965423	0.34768027	1.0	False	liver	late	nucleotide_transformer
3753	0.33989167	0.47518614	0.13529448	0.9390244	0.34800324	1.0	False	liver	late	nucleotide_transformer
3072	0.34015733	0.4756192	0.13546187	0.93886155	0.34808666	1.0	False	liver	late	nucleotide_transformer
2373	-0.74586344	1.4356093	2.1814728	-0.93684626	0.34899282	1.0	False	liver	late	nucleotide_transformer
251	0.33833835	0.4739662	0.13562787	0.93647325	0.3493131	1.0	False	liver	late	nucleotide_transformer
1058	1.1147625	4.5288506	3.414088	0.90939856	0.36333686	1.0	False	liver	late	nucleotide_transformer
427	0.9098258	3.0953436	2.1855178	0.9023959	0.3670475	1.0	False	liver	late	nucleotide_transformer
1648	-3.508339	105.09853	108.60687	-0.89984864	0.36838007	1.0	False	liver	late	nucleotide_transformer
4204	0.9744699	3.5664768	2.592007	0.8987061	0.36900684	1.0	False	liver	late	nucleotide_transformer
2634	1.4517412	7.8856688	6.4339275	0.89590544	0.3704907	1.0	False	liver	late	nucleotide_transformer
1681	1.2814379	6.203487	4.922049	0.8909149	0.37316337	1.0	False	liver	late	nucleotide_transformer
3657	-3.4235458	117.31837	120.74191	-0.884436	0.37663898	1.0	False	liver	late	nucleotide_transformer
3692	1.488606	8.610832	7.122226	0.8791143	0.37952182	1.0	False	liver	late	nucleotide_transformer
4749	1.3786898	7.4009657	6.022276	0.8774453	0.3804282	1.0	False	liver	late	nucleotide_transformer
4422	-0.50753707	0.717666	1.225203	-0.8747511	0.38184834	1.0	False	liver	late	nucleotide_transformer
221	-0.50738454	0.7177942	1.2251787	-0.87442005	0.38202858	1.0	False	liver	late	nucleotide_transformer
738	-0.50568736	0.718065	1.2237524	-0.8718263	0.38344178	1.0	False	liver	late	nucleotide_transformer
947	-0.505592	0.71978617	1.2253782	-0.87002546	0.38442492	1.0	False	liver	late	nucleotide_transformer
3863	-0.50558084	0.71983117	1.225412	-0.86996746	0.3844567	1.0	False	liver	late	nucleotide_transformer
2633	-0.50545055	0.7198227	1.2252733	-0.8697968	0.38454986	1.0	False	liver	late	nucleotide_transformer
2057	-0.5052572	0.7196	1.2248572	-0.86974394	0.3845787	1.0	False	liver	late	nucleotide_transformer
1934	-2.854889	34.56938	37.42427	-0.86074716	0.38954002	1.0	False	liver	late	nucleotide_transformer
2337	1.2512922	6.4480505	5.1967583	0.85166234	0.39457992	1.0	False	liver	late	nucleotide_transformer
1298	-0.5479723	0.95195746	1.4999298	-0.83759165	0.40239537	1.0	False	liver	late	nucleotide_transformer
2910	1.3170152	7.880879	6.5638638	0.81075	0.41767558	1.0	False	liver	late	nucleotide_transformer
697	-2.9249496	116.84089	119.76584	-0.8015395	0.4229769	1.0	False	liver	late	nucleotide_transformer
1063	-3.1546707	84.42014	87.574814	-0.7977148	0.42518935	1.0	False	liver	late	nucleotide_transformer
864	-1.5227671	9.848921	11.371688	-0.7976949	0.42519173	1.0	False	liver	late	nucleotide_transformer
3108	-0.57502866	1.1948785	1.7699071	-0.7959837	0.4261723	1.0	False	liver	late	nucleotide_transformer
2428	1.1867819	6.926996	5.7402143	0.7773053	0.4371377	1.0	False	liver	late	nucleotide_transformer
298	1.1777954	6.92327	5.745475	0.7714733	0.44058388	1.0	False	liver	late	nucleotide_transformer
3729	0.843884	3.575805	2.731921	0.7706989	0.44104847	1.0	False	liver	late	nucleotide_transformer
3159	0.6451695	2.1435397	1.4983702	0.7678972	0.44271684	1.0	False	liver	late	nucleotide_transformer
2106	-2.9793167	65.22602	68.20534	-0.76172686	0.4463679	1.0	False	liver	late	nucleotide_transformer
3391	0.7069737	2.61732	1.9103464	0.75802463	0.448599	1.0	False	liver	late	nucleotide_transformer
901	0.7059972	2.61669	1.9106927	0.7570689	0.44917127	1.0	False	liver	late	nucleotide_transformer
2776	0.7056688	2.6175256	1.9118568	0.75641286	0.44956413	1.0	False	liver	late	nucleotide_transformer
24	1.115808	6.4522963	5.3364882	0.7559394	0.4498397	1.0	False	liver	late	nucleotide_transformer
2144	0.70426416	2.6152983	1.9110341	0.755453	0.45013928	1.0	False	liver	late	nucleotide_transformer
3178	1.2453814	8.360258	7.1148767	0.74297476	0.4576462	1.0	False	liver	late	nucleotide_transformer
4663	2.6771011	48.049927	45.372826	0.7385693	0.46030992	1.0	False	liver	late	nucleotide_transformer
950	-1.4225817	10.093134	11.515716	-0.7382415	0.46050015	1.0	False	liver	late	nucleotide_transformer
1826	-1.7292938	224.45764	226.18694	-0.73588014	0.46195954	1.0	False	liver	late	nucleotide_transformer
1314	0.8757713	4.289911	3.4141395	0.727539	0.46704558	1.0	False	liver	late	nucleotide_transformer
5050	1.1814227	7.8921356	6.710713	0.7238917	0.46927708	1.0	False	liver	late	nucleotide_transformer
2712	-0.34030533	0.47510982	0.81541514	-0.7206885	0.4712122	1.0	False	liver	late	nucleotide_transformer
4525	1.2205563	8.610192	7.389636	0.71685255	0.47360784	1.0	False	liver	late	nucleotide_transformer
787	1.214376	8.60846	7.3940845	0.7131781	0.47587726	1.0	False	liver	late	nucleotide_transformer
4213	-0.33421683	0.4795826	0.81379944	-0.7051206	0.48084408	1.0	False	liver	late	nucleotide_transformer
3917	-0.33461198	0.4803237	0.8149357	-0.7049188	0.48096976	1.0	False	liver	late	nucleotide_transformer
3506	-0.3345667	0.4804564	0.8150231	-0.70468736	0.48111364	1.0	False	liver	late	nucleotide_transformer
3732	-0.33425358	0.48023126	0.81448483	-0.70442235	0.4812788	1.0	False	liver	late	nucleotide_transformer
4795	0.48146522	1.4324173	0.95095205	0.70410025	0.4815264	1.0	False	liver	late	nucleotide_transformer
2001	1.1147561	7.4104385	6.2956824	0.70399857	0.48157385	1.0	False	liver	late	nucleotide_transformer
207	-0.33385232	0.48105666	0.814909	-0.7027827	0.48229983	1.0	False	liver	late	nucleotide_transformer
3941	0.7428427	3.3346665	2.5918238	0.70049244	0.4837647	1.0	False	liver	late	nucleotide_transformer
4435	0.74264956	3.3347545	2.592105	0.7002747	0.48390067	1.0	False	liver	late	nucleotide_transformer
685	-1.2806835	9.121421	10.402104	-0.69699895	0.48592746	1.0	False	liver	late	nucleotide_transformer
1894	0.9070802	5.010755	4.103675	0.69539386	0.48694885	1.0	False	liver	late	nucleotide_transformer
737	1.1488528	8.124783	6.9759297	0.693643	0.48804346	1.0	False	liver	late	nucleotide_transformer
2290	0.841908	4.5249553	3.6830473	0.67948925	0.49696502	1.0	False	liver	late	nucleotide_transformer
1633	-1.320859	10.339049	11.659908	-0.67910445	0.4971923	1.0	False	liver	late	nucleotide_transformer
3187	-2.3273315	39.221977	41.54931	-0.6728414	0.5011715	1.0	False	liver	late	nucleotide_transformer
122	1.0777345	7.6459103	6.568176	0.6695727	0.5032619	1.0	False	liver	late	nucleotide_transformer
4813	1.1142488	8.374319	7.2600703	0.6617576	0.50825584	1.0	False	liver	late	nucleotide_transformer
2641	0.97610855	6.444428	5.4683194	0.65942365	0.5097539	1.0	False	liver	late	nucleotide_transformer
1133	0.87807226	5.254806	4.376734	0.65592456	0.5120031	1.0	False	liver	late	nucleotide_transformer
3149	0.8776965	5.255238	4.3775415	0.6555659	0.5122337	1.0	False	liver	late	nucleotide_transformer
1956	1.1463747	9.083528	7.937153	0.6548851	0.51266915	1.0	False	liver	late	nucleotide_transformer
3819	0.7092867	3.5743449	2.8650582	0.64340323	0.5200919	1.0	False	liver	late	nucleotide_transformer
720	1.0513601	7.891395	6.840035	0.6424293	0.5207194	1.0	False	liver	late	nucleotide_transformer
3314	0.70488596	3.5685418	2.8636558	0.6402253	0.52215475	1.0	False	liver	late	nucleotide_transformer
3684	-1.1877775	9.368439	10.556216	-0.6394786	0.52262414	1.0	False	liver	late	nucleotide_transformer
1643	-1.1876507	9.36841	10.556061	-0.6394151	0.5226654	1.0	False	liver	late	nucleotide_transformer
5007	-1.1873665	9.366398	10.553764	-0.6393994	0.5226756	1.0	False	liver	late	nucleotide_transformer
2554	-1.1874638	9.368461	10.555924	-0.63931566	0.5227301	1.0	False	liver	late	nucleotide_transformer
828	-1.1871719	9.36772	10.554892	-0.6392143	0.522796	1.0	False	liver	late	nucleotide_transformer
3503	-0.37023765	0.565165	0.93540263	-0.633741	0.526342	1.0	False	liver	late	nucleotide_transformer
3405	1.0768337	8.600403	7.523569	0.63117814	0.5280461	1.0	False	liver	late	nucleotide_transformer
392	0.9497652	6.693336	5.743571	0.62863404	0.5297111	1.0	False	liver	late	nucleotide_transformer
2715	-1.2251883	10.578554	11.803742	-0.62444866	0.53244275	1.0	False	liver	late	nucleotide_transformer
4030	-0.44324172	1.1942108	1.6374525	-0.62407106	0.53268206	1.0	False	liver	late	nucleotide_transformer
1665	-1.223855	10.574497	11.798352	-0.6240279	0.532719	1.0	False	liver	late	nucleotide_transformer
2758	0.9419179	6.686834	5.744916	0.62380165	0.5328791	1.0	False	liver	late	nucleotide_transformer
2873	-0.4428686	1.193885	1.6367536	-0.6237625	0.53288454	1.0	False	liver	late	nucleotide_transformer
3112	1.1067362	9.330777	8.224041	0.6231295	0.5333192	1.0	False	liver	late	nucleotide_transformer
4890	1.1061449	9.331859	8.225714	0.6227051	0.5335978	1.0	False	liver	late	nucleotide_transformer
1962	-1.1151085	8.89568	10.010789	-0.6148937	0.5387324	1.0	False	liver	late	nucleotide_transformer
1016	1.0172758	8.135205	7.1179295	0.6116448	0.5408903	1.0	False	liver	late	nucleotide_transformer
723	0.73982286	4.287435	3.5476122	0.6112851	0.5411313	1.0	False	liver	late	nucleotide_transformer
2054	0.7403672	4.2946367	3.5542696	0.6106738	0.54153574	1.0	False	liver	late	nucleotide_transformer
1684	-1.1845465	10.34924	11.533787	-0.60970277	0.54216564	1.0	False	liver	late	nucleotide_transformer
2227	-0.5695474	2.1551237	2.7246711	-0.60932463	0.5424108	1.0	False	liver	late	nucleotide_transformer
4580	1.008213	8.118707	7.1104937	0.6072281	0.543816	1.0	False	liver	late	nucleotide_transformer
2137	0.7356925	4.291535	3.5558424	0.6070235	0.54395455	1.0	False	liver	late	nucleotide_transformer
1225	-1.1215572	9.848015	10.969572	-0.5912512	0.55445516	1.0	False	liver	late	nucleotide_transformer
4851	-1.1214285	9.852445	10.973873	-0.59093	0.5546702	1.0	False	liver	late	nucleotide_transformer
1428	-0.77952623	4.542904	5.32243	-0.58865094	0.55619586	1.0	False	liver	late	nucleotide_transformer
3104	0.9447069	7.6552024	6.7104955	0.58437556	0.5590793	1.0	False	liver	late	nucleotide_transformer
3194	0.94091225	7.638986	6.698074	0.5832118	0.5598618	1.0	False	liver	late	nucleotide_transformer
575	1.9889297	41.74772	39.75879	0.5767025	0.5642468	1.0	False	liver	late	nucleotide_transformer
4838	0.8053198	5.7305565	4.9252367	0.5741909	0.5659487	1.0	False	liver	late	nucleotide_transformer
127	1.0052176	9.101027	8.095809	0.5714336	0.5678136	1.0	False	liver	late	nucleotide_transformer
959	-1.0519648	9.366166	10.418131	-0.567788	0.5702773	1.0	False	liver	late	nucleotide_transformer
3192	0.70738983	4.53118	3.82379	0.56693065	0.57087064	1.0	False	liver	late	nucleotide_transformer
3376	-1.0476351	9.360387	10.408022	-0.56587917	0.57157403	1.0	False	liver	late	nucleotide_transformer
1849	-1.048068	9.365408	10.413476	-0.56581247	0.5716192	1.0	False	liver	late	nucleotide_transformer
4316	-1.1189718	10.822329	11.9413	-0.5654383	0.5718739	1.0	False	liver	late	nucleotide_transformer
4368	0.84012985	6.450422	5.610292	0.56480414	0.5723145	1.0	False	liver	late	nucleotide_transformer
3520	0.6033776	3.334147	2.7307694	0.5643947	0.57259566	1.0	False	liver	late	nucleotide_transformer
3856	0.7019663	4.5295057	3.8275394	0.5625441	0.5738536	1.0	False	liver	late	nucleotide_transformer
4884	-2.1199188	52.35999	54.479908	-0.56234616	0.57398224	1.0	False	liver	late	nucleotide_transformer
3965	0.7007716	4.525103	3.8243315	0.56211144	0.57414824	1.0	False	liver	late	nucleotide_transformer
1866	0.87614584	7.165174	6.289028	0.55959207	0.57586366	1.0	False	liver	late	nucleotide_transformer
4566	0.87416553	7.162169	6.2880034	0.55851597	0.5765978	1.0	False	liver	late	nucleotide_transformer
1996	-1.0895491	10.576212	11.665761	-0.5565511	0.5779305	1.0	False	liver	late	nucleotide_transformer
1818	0.91247845	7.8859005	6.973422	0.55616456	0.5782031	1.0	False	liver	late	nucleotide_transformer
3141	0.91239357	7.886174	6.9737806	0.5560909	0.5782535	1.0	False	liver	late	nucleotide_transformer
843	-1.0862665	10.5795355	11.665802	-0.55476385	0.5791523	1.0	False	liver	late	nucleotide_transformer
1620	2.7066574	109.81058	107.10392	0.55312556	0.5802781	1.0	False	liver	late	nucleotide_transformer
1868	-1.0099049	9.120913	10.130817	-0.55223423	0.5808831	1.0	False	liver	late	nucleotide_transformer
1405	0.73855114	5.25089	4.5123386	0.5493358	0.5828797	1.0	False	liver	late	nucleotide_transformer
5032	0.7385311	5.2514925	4.5129614	0.549253	0.5829363	1.0	False	liver	late	nucleotide_transformer
5063	0.7385349	5.2516055	4.5130706	0.54924375	0.58294266	1.0	False	liver	late	nucleotide_transformer
761	0.73657656	5.2604613	4.523885	0.5467395	0.58466154	1.0	False	liver	late	nucleotide_transformer
1565	0.7360625	5.260066	4.5240035	0.54638195	0.58490723	1.0	False	liver	late	nucleotide_transformer
813	-1.0537596	10.332619	11.386378	-0.54425615	0.58635914	1.0	False	liver	late	nucleotide_transformer
1485	0.64153767	4.050855	3.4093175	0.5434044	0.5869556	1.0	False	liver	late	nucleotide_transformer
3345	-0.9813137	8.885297	9.866611	-0.5429967	0.5872255	1.0	False	liver	late	nucleotide_transformer
1969	0.7778368	5.977514	5.199677	0.54216075	0.5878102	1.0	False	liver	late	nucleotide_transformer
4702	0.6380372	4.054141	3.4161038	0.53979594	0.589441	1.0	False	liver	late	nucleotide_transformer
1538	0.52997875	2.8516493	2.3216705	0.53606117	0.5920201	1.0	False	liver	late	nucleotide_transformer
1086	0.2075761	0.47798875	0.27041265	0.5349417	0.5928109	1.0	False	liver	late	nucleotide_transformer
3367	0.20751947	0.4779012	0.27038172	0.5348848	0.5928501	1.0	False	liver	late	nucleotide_transformer
3972	0.20750001	0.4778971	0.2703971	0.5348307	0.5928876	1.0	False	liver	late	nucleotide_transformer
29	0.20747995	0.4778838	0.27040383	0.5347872	0.59291774	1.0	False	liver	late	nucleotide_transformer
4767	0.8435483	7.4061975	6.5626493	0.52951944	0.5965442	1.0	False	liver	late	nucleotide_transformer
1970	0.87966967	8.127816	7.2481465	0.52778107	0.5977496	1.0	False	liver	late	nucleotide_transformer
3441	0.9130559	8.851849	7.9387927	0.52558583	0.59927356	1.0	False	liver	late	nucleotide_transformer
3349	0.8764801	8.138442	7.261962	0.5250745	0.5996291	1.0	False	liver	late	nucleotide_transformer
2260	0.8760605	8.137598	7.2615376	0.52486944	0.5997717	1.0	False	liver	late	nucleotide_transformer
5001	-1.0556383	11.290346	12.345984	-0.52430767	0.6001549	1.0	False	liver	late	nucleotide_transformer
2496	0.47145903	2.3816333	1.9101743	0.5218724	0.6018606	1.0	False	liver	late	nucleotide_transformer
1269	0.9744415	10.300228	9.325787	0.5214949	0.60211825	1.0	False	liver	late	nucleotide_transformer
2525	0.6690402	4.7717705	4.1027303	0.5211725	0.60234493	1.0	False	liver	late	nucleotide_transformer
1931	0.6684418	4.770382	4.10194	0.52084327	0.6025742	1.0	False	liver	late	nucleotide_transformer
3840	0.61059	2.652501	2.0419111	0.5189093	0.60392106	1.0	False	liver	late	nucleotide_transformer
3200	-0.98157024	9.853728	10.835299	-0.5183681	0.60429037	1.0	False	liver	late	nucleotide_transformer
469	-0.9794321	9.851988	10.83142	-0.51736516	0.6049899	1.0	False	liver	late	nucleotide_transformer
4126	0.70966387	5.4935465	4.7838826	0.5153065	0.6064354	1.0	False	liver	late	nucleotide_transformer
2079	-1.0200806	11.06046	12.080541	-0.51129	0.60923564	1.0	False	liver	late	nucleotide_transformer
4779	0.77629805	6.924425	6.148127	0.503114	0.6149773	1.0	False	liver	late	nucleotide_transformer
1132	0.7755742	6.9234786	6.1479044	0.502697	0.61527044	1.0	False	liver	late	nucleotide_transformer
4165	0.7755494	6.926847	6.1512976	0.50242555	0.6154612	1.0	False	liver	late	nucleotide_transformer
2491	0.5365143	178.17206	177.63554	0.50075155	0.61664444	1.0	False	liver	late	nucleotide_transformer
2605	0.7723613	6.9243407	6.1519794	0.5004619	0.61684245	1.0	False	liver	late	nucleotide_transformer
4449	0.77230453	6.9240885	6.151784	0.5004427	0.61685604	1.0	False	liver	late	nucleotide_transformer
4122	0.6083391	4.295466	3.6871269	0.49886924	0.6179653	1.0	False	liver	late	nucleotide_transformer
4987	1.3374577	20.232279	18.894821	0.49825397	0.61839485	1.0	False	liver	late	nucleotide_transformer
4982	0.60485935	4.287845	3.6829858	0.4967919	0.619429	1.0	False	liver	late	nucleotide_transformer
3377	0.346318	1.4332267	1.0869087	0.4966658	0.6195233	1.0	False	liver	late	nucleotide_transformer
531	-0.9170666	9.368836	10.285903	-0.49596724	0.6200019	1.0	False	liver	late	nucleotide_transformer
782	-0.9168234	9.3675375	10.284361	-0.4959065	0.6200448	1.0	False	liver	late	nucleotide_transformer
292	-0.9120455	9.348142	10.260187	-0.49440295	0.62110585	1.0	False	liver	late	nucleotide_transformer
1919	0.87040615	9.102236	8.23183	0.49344873	0.6217858	1.0	False	liver	late	nucleotide_transformer
3359	0.8692045	9.090702	8.221498	0.49339452	0.62182415	1.0	False	liver	late	nucleotide_transformer
4534	-0.9567852	10.568214	11.525	-0.49003085	0.62419564	1.0	False	liver	late	nucleotide_transformer
2045	-0.6445899	4.547386	5.191976	-0.48865446	0.62516814	1.0	False	liver	late	nucleotide_transformer
3804	-0.9528589	10.576584	11.529443	-0.48771113	0.62583756	1.0	False	liver	late	nucleotide_transformer
1841	-0.9525051	10.57727	11.529775	-0.48750457	0.62598383	1.0	False	liver	late	nucleotide_transformer
1244	1.2445774	17.489628	16.24505	0.48606405	0.627009	1.0	False	liver	late	nucleotide_transformer
1718	-0.88093376	9.11965	10.000584	-0.4827936	0.6293242	1.0	False	liver	late	nucleotide_transformer
1863	-0.91812897	10.333574	11.251703	-0.47514126	0.634767	1.0	False	liver	late	nucleotide_transformer
2789	-0.9168463	10.3225765	11.239423	-0.47498927	0.6348753	1.0	False	liver	late	nucleotide_transformer
1642	0.7468319	7.175771	6.4289393	0.47480345	0.63501394	1.0	False	liver	late	nucleotide_transformer
399	0.81005335	8.608057	7.7980037	0.47180817	0.6371496	1.0	False	liver	late	nucleotide_transformer
4774	0.84058094	9.329736	8.489155	0.47100505	0.6377226	1.0	False	liver	late	nucleotide_transformer
4217	0.84063816	9.331171	8.490533	0.4709646	0.63775146	1.0	False	liver	late	nucleotide_transformer
1927	0.8402233	9.329139	8.488915	0.47082967	0.63784784	1.0	False	liver	late	nucleotide_transformer
3681	0.80795574	8.604801	7.7968454	0.47072604	0.637922	1.0	False	liver	late	nucleotide_transformer
479	0.7395129	7.1690207	6.4295077	0.47043112	0.638133	1.0	False	liver	late	nucleotide_transformer
4203	-0.4093299	1.9095049	2.3188348	-0.46892998	0.6391956	1.0	False	liver	late	nucleotide_transformer
4162	0.77229166	7.890791	7.1184993	0.46886972	0.6392482	1.0	False	liver	late	nucleotide_transformer
1719	-0.84271336	8.887329	9.730042	-0.46739116	0.6402991	1.0	False	liver	late	nucleotide_transformer
2687	-0.8424578	8.886343	9.728801	-0.46730804	0.64035857	1.0	False	liver	late	nucleotide_transformer
4131	0.5371001	3.813116	3.276016	0.4668909	0.6406648	1.0	False	liver	late	nucleotide_transformer
4354	0.5369787	3.8147953	3.2778165	0.46656233	0.6408998	1.0	False	liver	late	nucleotide_transformer
2293	0.53653264	3.8117115	3.275179	0.46654975	0.6409087	1.0	False	liver	late	nucleotide_transformer
892	0.53657293	3.813343	3.27677	0.46637496	0.6410338	1.0	False	liver	late	nucleotide_transformer
1372	0.53674626	3.815023	3.2782767	0.46632046	0.64107263	1.0	False	liver	late	nucleotide_transformer
2278	-0.83945084	8.886047	9.725498	-0.46570662	0.64150417	1.0	False	liver	late	nucleotide_transformer
2350	-0.88583374	10.092046	10.97788	-0.46354097	0.64305514	1.0	False	liver	late	nucleotide_transformer
2851	0.53343916	3.8150215	3.2815824	0.46329284	0.64324033	1.0	False	liver	late	nucleotide_transformer
2824	-0.88165	10.076401	10.958051	-0.46211666	0.6440759	1.0	False	liver	late	nucleotide_transformer
1023	0.4363873	2.6183598	2.1819725	0.45841533	0.6467402	1.0	False	liver	late	nucleotide_transformer
1805	0.574594	4.531253	3.9566588	0.45805004	0.64700085	1.0	False	liver	late	nucleotide_transformer
3857	0.16692534	0.32933667	0.16241133	0.4545804	0.64952147	1.0	False	liver	late	nucleotide_transformer
5055	0.5697081	4.5322876	3.9625795	0.45386	0.65001285	1.0	False	liver	late	nucleotide_transformer
3872	0.5668917	4.5299473	3.9630556	0.4517547	0.6515286	1.0	False	liver	late	nucleotide_transformer
2992	0.5665314	4.529867	3.9633358	0.4514622	0.6517393	1.0	False	liver	late	nucleotide_transformer
1069	0.56621695	4.5287347	3.9625177	0.451319	0.6518424	1.0	False	liver	late	nucleotide_transformer
1119	-1.1579895	208.95656	210.11455	-0.4508625	0.6521652	1.0	False	liver	late	nucleotide_transformer
4460	0.6043191	5.2546263	4.650307	0.44708166	0.65489763	1.0	False	liver	late	nucleotide_transformer
4432	0.6044369	5.2558722	4.6514354	0.44706282	0.65491134	1.0	False	liver	late	nucleotide_transformer
4440	0.60423565	5.2547483	4.6505127	0.44700652	0.654952	1.0	False	liver	late	nucleotide_transformer
1696	-0.2022734	0.47617164	0.67844504	-0.44686872	0.6550376	1.0	False	liver	late	nucleotide_transformer
155	-0.20212871	0.4761153	0.678244	-0.4466373	0.65520465	1.0	False	liver	late	nucleotide_transformer
3786	-0.20209783	0.47629815	0.678396	-0.44642988	0.6553545	1.0	False	liver	late	nucleotide_transformer
1612	0.6011572	5.2600083	4.658851	0.44416615	0.65700334	1.0	False	liver	late	nucleotide_transformer
3290	-0.30698	1.1919307	1.4989107	-0.4409956	0.659286	1.0	False	liver	late	nucleotide_transformer
908	0.47129965	3.3375223	2.8662226	0.4371868	0.66205645	1.0	False	liver	late	nucleotide_transformer
3564	-0.19853005	0.4795303	0.67806035	-0.43700483	0.6621743	1.0	False	liver	late	nucleotide_transformer
1465	-0.1985102	0.48045257	0.67896277	-0.43623772	0.6627307	1.0	False	liver	late	nucleotide_transformer
2450	-0.19855964	0.4807573	0.67931694	-0.43609226	0.66283613	1.0	False	liver	late	nucleotide_transformer
4931	-0.30356562	1.1954013	1.4989669	-0.43533832	0.66338587	1.0	False	liver	late	nucleotide_transformer
4636	-0.3034315	1.1953635	1.498795	-0.43517464	0.6635047	1.0	False	liver	late	nucleotide_transformer
745	-0.19778946	0.48083666	0.6786261	-0.43455595	0.66395086	1.0	False	liver	late	nucleotide_transformer
2892	-0.19758832	0.48042697	0.6780153	-0.4344931	0.66399634	1.0	False	liver	late	nucleotide_transformer
1884	-0.1977202	0.48082277	0.678543	-0.43443424	0.66403913	1.0	False	liver	late	nucleotide_transformer
5108	-0.19757366	0.4805702	0.67814386	-0.43435255	0.6640985	1.0	False	liver	late	nucleotide_transformer
3966	-0.3021605	1.1936277	1.4957882	-0.43408638	0.66429454	1.0	False	liver	late	nucleotide_transformer
4963	-0.23679256	0.71733713	0.9541297	-0.43212768	0.66571546	1.0	False	liver	late	nucleotide_transformer
238	-0.23683614	0.7174783	0.9543144	-0.43212315	0.6657188	1.0	False	liver	late	nucleotide_transformer
4628	-0.84985065	10.810996	11.660847	-0.43155327	0.66613877	1.0	False	liver	late	nucleotide_transformer
3954	-0.8506651	10.82219	11.672855	-0.4315183	0.66616416	1.0	False	liver	late	nucleotide_transformer
5112	-0.23394626	0.71920264	0.9531489	-0.42648628	0.6698196	1.0	False	liver	late	nucleotide_transformer
1041	0.5033319	4.0533385	3.5500066	0.42331105	0.67214537	1.0	False	liver	late	nucleotide_transformer
5111	-0.7790384	9.355988	10.135026	-0.42289555	0.67244226	1.0	False	liver	late	nucleotide_transformer
2536	-0.2316246	0.71928453	0.95090914	-0.4226521	0.6726145	1.0	False	liver	late	nucleotide_transformer
2512	0.50221586	4.0546308	3.552415	0.42218584	0.6729662	1.0	False	liver	late	nucleotide_transformer
3026	0.71790457	8.389157	7.6712527	0.42212188	0.67301154	1.0	False	liver	late	nucleotide_transformer
1500	0.50213385	4.054965	3.5528312	0.4220777	0.67304504	1.0	False	liver	late	nucleotide_transformer
452	-0.8220196	10.572419	11.394439	-0.42168802	0.67332345	1.0	False	liver	late	nucleotide_transformer
312	0.77159977	9.811188	9.039588	0.4214286	0.6735171	1.0	False	liver	late	nucleotide_transformer
3250	-0.81879616	10.575226	11.394022	-0.41997302	0.6745756	1.0	False	liver	late	nucleotide_transformer
308	-0.81776905	10.575541	11.39331	-0.41944894	0.67495835	1.0	False	liver	late	nucleotide_transformer
4980	0.5390272	4.7739844	4.234957	0.417687	0.6762516	1.0	False	liver	late	nucleotide_transformer
4777	0.6407776	6.9251328	6.284355	0.41378462	0.67910594	1.0	False	liver	late	nucleotide_transformer
3594	0.1439325	0.3072976	0.16336508	0.41357183	0.6792819	1.0	False	liver	late	nucleotide_transformer
3933	0.6714263	7.6406574	6.969231	0.41348183	0.6793274	1.0	False	liver	late	nucleotide_transformer
4860	0.6709204	7.6407914	6.969871	0.4131525	0.67956865	1.0	False	liver	late	nucleotide_transformer
2793	-0.7855654	10.312085	11.097651	-0.4081737	0.68321437	1.0	False	liver	late	nucleotide_transformer
4061	-0.7871733	10.334564	11.1217375	-0.40811577	0.6832569	1.0	False	liver	late	nucleotide_transformer
2023	-0.7870321	10.334088	11.12112	-0.40806463	0.6832944	1.0	False	liver	late	nucleotide_transformer
2032	-0.7838087	10.331848	11.115657	-0.40652683	0.6844235	1.0	False	liver	late	nucleotide_transformer
4887	-0.7802849	10.33522	11.115505	-0.40461662	0.68582696	1.0	False	liver	late	nucleotide_transformer
262	-0.7801542	10.334558	11.114712	-0.40457484	0.6858576	1.0	False	liver	late	nucleotide_transformer
4453	-0.8190136	11.5269375	12.345951	-0.40444404	0.6859539	1.0	False	liver	late	nucleotide_transformer
2362	-0.8191595	11.529981	12.34914	-0.40440997	0.68597895	1.0	False	liver	late	nucleotide_transformer
788	-0.8191118	11.529792	12.348904	-0.40439296	0.6859915	1.0	False	liver	late	nucleotide_transformer
58	-0.8186312	11.528225	12.346856	-0.40421504	0.68612224	1.0	False	liver	late	nucleotide_transformer
3921	-0.8184824	11.528214	12.346697	-0.40414357	0.68617475	1.0	False	liver	late	nucleotide_transformer
3912	-0.7531271	10.092661	10.845788	-0.39487657	0.6929997	1.0	False	liver	late	nucleotide_transformer
2295	0.70412445	9.336697	8.632572	0.39323056	0.6942185	1.0	False	liver	late	nucleotide_transformer
2535	0.67664194	8.623092	7.9464498	0.39234304	0.694874	1.0	False	liver	late	nucleotide_transformer
4365	-0.78498363	11.2884865	12.07347	-0.39141214	0.69555783	1.0	False	liver	late	nucleotide_transformer
133	1.1698494	27.944864	26.775015	0.38883272	0.6974672	1.0	False	liver	late	nucleotide_transformer
675	0.6382313	7.883781	7.2455497	0.38668576	0.6990571	1.0	False	liver	late	nucleotide_transformer
3727	0.6387849	7.9065285	7.2677436	0.3858817	0.6996523	1.0	False	liver	late	nucleotide_transformer
4856	0.63622	7.8855357	7.2493157	0.38533983	0.70005363	1.0	False	liver	late	nucleotide_transformer
1344	-0.6783123	8.638782	9.317094	-0.3823734	0.7022478	1.0	False	liver	late	nucleotide_transformer
1180	0.46740532	4.292678	3.8252726	0.38114944	0.7031604	1.0	False	liver	late	nucleotide_transformer
952	0.53866625	5.730912	5.192246	0.38085946	0.7033749	1.0	False	liver	late	nucleotide_transformer
3988	0.50257444	5.017129	4.5145545	0.37911052	0.7046731	1.0	False	liver	late	nucleotide_transformer
846	-0.75185204	11.052933	11.804785	-0.37852088	0.70510656	1.0	False	liver	late	nucleotide_transformer
2453	-0.75003433	11.050718	11.800753	-0.37770206	0.70571476	1.0	False	liver	late	nucleotide_transformer
3406	-0.74960804	11.049613	11.799221	-0.377528	0.705844	1.0	False	liver	late	nucleotide_transformer
1584	0.49920034	5.020761	4.5215607	0.37618884	0.70684326	1.0	False	liver	late	nucleotide_transformer
132	0.49910545	5.021557	4.5224514	0.37605298	0.70694417	1.0	False	liver	late	nucleotide_transformer
1731	0.33866072	2.3829882	2.0443275	0.370777	0.7108707	1.0	False	liver	late	nucleotide_transformer
4694	0.6390753	8.86313	8.224054	0.3653773	0.7148937	1.0	False	liver	late	nucleotide_transformer
250	0.6113429	8.131784	7.5204415	0.36449805	0.71554995	1.0	False	liver	late	nucleotide_transformer
993	-0.716136	10.810352	11.526488	-0.36437696	0.71563697	1.0	False	liver	late	nucleotide_transformer
734	0.6111622	8.133926	7.522764	0.36428884	0.7157061	1.0	False	liver	late	nucleotide_transformer
1858	-0.67664814	9.597239	10.273887	-0.3637286	0.71612084	1.0	False	liver	late	nucleotide_transformer
2845	-0.71341515	10.802788	11.516203	-0.36327475	0.71645993	1.0	False	liver	late	nucleotide_transformer
956	-0.7134514	10.819702	11.533154	-0.3627348	0.7168631	1.0	False	liver	late	nucleotide_transformer
780	0.63394165	8.854938	8.220996	0.36270782	0.7168865	1.0	False	liver	late	nucleotide_transformer
4785	0.63370705	8.853632	8.219925	0.36262533	0.71694803	1.0	False	liver	late	nucleotide_transformer
3118	0.63302994	8.850312	8.217282	0.3623682	0.71714014	1.0	False	liver	late	nucleotide_transformer
1577	0.5696783	7.404057	6.8343787	0.3553352	0.72240055	1.0	False	liver	late	nucleotide_transformer
4855	-0.68697166	10.570252	11.257224	-0.35319316	0.724002	1.0	False	liver	late	nucleotide_transformer
985	-0.6863022	10.571201	11.2575035	-0.35282788	0.7242759	1.0	False	liver	late	nucleotide_transformer
2709	-0.64657784	9.354923	10.001501	-0.35180962	0.725039	1.0	False	liver	late	nucleotide_transformer
1685	-0.67934895	10.573742	11.253091	-0.34925112	0.72695845	1.0	False	liver	late	nucleotide_transformer
2617	0.4020059	3.8172052	3.4151993	0.3467931	0.72880805	1.0	False	liver	late	nucleotide_transformer
3375	0.39934373	3.8155546	3.416211	0.34456092	0.7304852	1.0	False	liver	late	nucleotide_transformer
261	0.39919043	3.8151958	3.4160054	0.34445596	0.7305641	1.0	False	liver	late	nucleotide_transformer
2440	0.39924002	3.8167534	3.4175134	0.34435472	0.73064023	1.0	False	liver	late	nucleotide_transformer
5046	0.39873052	3.8135297	3.4147992	0.34419906	0.73075736	1.0	False	liver	late	nucleotide_transformer
4951	0.6054535	9.099425	8.493972	0.34166378	0.73266304	1.0	False	liver	late	nucleotide_transformer
244	-1.285492	107.72756	109.013054	-0.3416366	0.7326827	1.0	False	liver	late	nucleotide_transformer
1497	-0.6845999	11.519456	12.204056	-0.33890232	0.73473924	1.0	False	liver	late	nucleotide_transformer
1188	0.60066986	9.104966	8.504296	0.33868262	0.73490745	1.0	False	liver	late	nucleotide_transformer
3958	-0.6840744	11.526692	12.210767	-0.33843675	0.7350899	1.0	False	liver	late	nucleotide_transformer
4928	0.57680607	8.382316	7.8055096	0.33840224	0.7351187	1.0	False	liver	late	nucleotide_transformer
1535	-0.6836767	11.526724	12.210401	-0.33824295	0.7352358	1.0	False	liver	late	nucleotide_transformer
2273	-0.6835842	11.526096	12.209681	-0.33821666	0.73525566	1.0	False	liver	late	nucleotide_transformer
1549	-0.6834507	11.52673	12.21018	-0.3381338	0.7353181	1.0	False	liver	late	nucleotide_transformer
415	-0.6834831	11.528052	12.211535	-0.33811215	0.73533446	1.0	False	liver	late	nucleotide_transformer
4005	-0.6502056	10.326413	10.976619	-0.33808866	0.735352	1.0	False	liver	late	nucleotide_transformer
595	-0.6110735	9.113864	9.724937	-0.33669564	0.7364016	1.0	False	liver	late	nucleotide_transformer
2735	0.57273626	8.382129	7.8093925	0.33595854	0.7369602	1.0	False	liver	late	nucleotide_transformer
3256	-0.6461239	10.332335	10.978459	-0.33582708	0.73705655	1.0	False	liver	late	nucleotide_transformer
1422	0.53487587	7.64593	7.111054	0.32810977	0.7428853	1.0	False	liver	late	nucleotide_transformer
2570	-0.61831665	10.092582	10.710898	-0.3248843	0.7453219	1.0	False	liver	late	nucleotide_transformer
1966	-0.6508179	11.296834	11.947652	-0.32488227	0.7453236	1.0	False	liver	late	nucleotide_transformer
3283	-0.64995193	11.289332	11.939284	-0.32467133	0.7454833	1.0	False	liver	late	nucleotide_transformer
2716	0.4765725	6.2131343	5.736562	0.32309613	0.74667835	1.0	False	liver	late	nucleotide_transformer
3019	-0.5779152	8.875303	9.453218	-0.32245317	0.74716216	1.0	False	liver	late	nucleotide_transformer
5086	-0.26964188	1.7295755	1.9992174	-0.32085463	0.7483711	1.0	False	liver	late	nucleotide_transformer
2663	-0.6086998	10.090327	10.699027	-0.32001212	0.7490117	1.0	False	liver	late	nucleotide_transformer
3798	0.43983746	5.497939	5.0581017	0.31629786	0.7518312	1.0	False	liver	late	nucleotide_transformer
2173	-0.27224863	1.9078323	2.180081	-0.31594834	0.7520919	1.0	False	liver	late	nucleotide_transformer
519	0.54156303	8.627019	8.085456	0.3130206	0.75431883	1.0	False	liver	late	nucleotide_transformer
2922	0.15981013	0.73396134	0.5741512	0.31265822	0.7545977	1.0	False	liver	late	nucleotide_transformer
1926	-0.619071	11.056648	11.675719	-0.31214973	0.7549779	1.0	False	liver	late	nucleotide_transformer
3911	0.43192053	5.493291	5.0613704	0.3107065	0.75607747	1.0	False	liver	late	nucleotide_transformer
960	-0.61486435	11.046768	11.661633	-0.3103431	0.756351	1.0	False	liver	late	nucleotide_transformer
5027	-0.61455536	11.0461	11.660655	-0.31020778	0.7564538	1.0	False	liver	late	nucleotide_transformer
3480	-0.6147404	11.049837	11.6645775	-0.31019837	0.75646096	1.0	False	liver	late	nucleotide_transformer
2190	-0.6139002	11.043024	11.656924	-0.30997145	0.75663346	1.0	False	liver	late	nucleotide_transformer
3711	0.33585882	3.3383114	3.0024526	0.30914193	0.7572674	1.0	False	liver	late	nucleotide_transformer
405	-0.6111469	11.051856	11.663003	-0.3083635	0.7578563	1.0	False	liver	late	nucleotide_transformer
3549	-0.5790119	9.844532	10.423544	-0.3080347	0.7581063	1.0	False	liver	late	nucleotide_transformer
2637	0.53205776	8.610753	8.078695	0.30799606	0.758138	1.0	False	liver	late	nucleotide_transformer
891	0.39766407	4.7815027	4.3838387	0.30592352	0.75971574	1.0	False	liver	late	nucleotide_transformer
529	0.39737415	4.780156	4.382782	0.30578253	0.7598231	1.0	False	liver	late	nucleotide_transformer
4537	0.33142805	3.3354712	3.004043	0.3051764	0.760285	1.0	False	liver	late	nucleotide_transformer
131	-0.53955364	8.653068	9.192621	-0.30447727	0.7608141	1.0	False	liver	late	nucleotide_transformer
4800	0.33026314	3.3332243	3.0029612	0.30427945	0.76096797	1.0	False	liver	late	nucleotide_transformer
2733	-0.24186969	1.668555	1.9104247	-0.29971704	0.76444036	1.0	False	liver	late	nucleotide_transformer
1148	-0.23938203	1.6683633	1.9077454	-0.2968185	0.7666519	1.0	False	liver	late	nucleotide_transformer
2624	-0.580636	10.816456	11.397092	-0.29586077	0.76738477	1.0	False	liver	late	nucleotide_transformer
342	0.53671455	9.568675	9.0319605	0.2954847	0.7676739	1.0	False	liver	late	nucleotide_transformer
4651	-0.5463381	9.596407	10.142745	-0.29431918	0.7685621	1.0	False	liver	late	nucleotide_transformer
4430	-0.5404177	9.603654	10.144072	-0.29097655	0.7711166	1.0	False	liver	late	nucleotide_transformer
4117	-0.5400419	9.601967	10.142009	-0.29082772	0.77123046	1.0	False	liver	late	nucleotide_transformer
4508	0.33213806	189.81635	189.4842	0.28435278	0.77619267	1.0	False	liver	late	nucleotide_transformer
1381	-0.54908085	10.569264	11.118345	-0.28292912	0.7772773	1.0	False	liver	late	nucleotide_transformer
4256	-0.54619217	10.559972	11.106164	-0.28171217	0.7782101	1.0	False	liver	late	nucleotide_transformer
4882	0.3728876	5.017155	4.6442676	0.2800358	0.77949804	1.0	False	liver	late	nucleotide_transformer
3969	-0.40754843	5.738908	6.1464562	-0.2796464	0.779794	1.0	False	liver	late	nucleotide_transformer
882	0.081175685	0.24183466	0.16065897	0.27959144	0.7798427	1.0	False	liver	late	nucleotide_transformer
1892	0.47002172	8.133204	7.6631827	0.27929989	0.7800621	1.0	False	liver	late	nucleotide_transformer
1474	1.1945572	63.003235	61.808678	0.27785924	0.7811669	1.0	False	liver	late	nucleotide_transformer
3787	-0.4423294	6.947125	7.3894544	-0.27718672	0.7816816	1.0	False	liver	late	nucleotide_transformer
2622	0.50459385	9.823312	9.318718	0.27398562	0.784142	1.0	False	liver	late	nucleotide_transformer
1657	0.3359387	4.2955565	3.9596179	0.27228165	0.785452	1.0	False	liver	late	nucleotide_transformer
2119	-0.5486498	11.52529	12.073939	-0.2719782	0.785683	1.0	False	liver	late	nucleotide_transformer
710	-0.54845333	11.528426	12.0768795	-0.2718089	0.78581315	1.0	False	liver	late	nucleotide_transformer
1268	0.33364105	4.2994456	3.9658046	0.27011377	0.7871189	1.0	False	liver	late	nucleotide_transformer
2090	0.2334007	2.1434565	1.9100558	0.26754177	0.78909844	1.0	False	liver	late	nucleotide_transformer
3094	-0.510478	10.332704	10.843182	-0.26587513	0.79037863	1.0	False	liver	late	nucleotide_transformer
4989	0.47272396	9.107944	8.63522	0.2658541	0.7903965	1.0	False	liver	late	nucleotide_transformer
2084	-0.51018906	10.328108	10.838297	-0.26584348	0.790403	1.0	False	liver	late	nucleotide_transformer
4905	0.472517	9.107272	8.634755	0.26575604	0.790472	1.0	False	liver	late	nucleotide_transformer
2417	-0.274328	2.8604493	3.1347773	-0.26304236	0.79255986	1.0	False	liver	late	nucleotide_transformer
3600	0.26014495	2.8565924	2.5964475	0.25805685	0.7964073	1.0	False	liver	late	nucleotide_transformer
2686	0.7999592	30.525215	29.725256	0.25772256	0.7966639	1.0	False	liver	late	nucleotide_transformer
2689	-0.51425457	11.279332	11.793587	-0.25760475	0.79675376	1.0	False	liver	late	nucleotide_transformer
1494	-0.51347065	11.286583	11.800054	-0.257055	0.79717803	1.0	False	liver	late	nucleotide_transformer
2611	0.43532133	8.369341	7.9340196	0.25501597	0.7987537	1.0	False	liver	late	nucleotide_transformer
2885	0.43617105	8.387179	7.9510083	0.25496742	0.79879117	1.0	False	liver	late	nucleotide_transformer
4069	0.43404436	8.387108	7.9530635	0.25370222	0.7997684	1.0	False	liver	late	nucleotide_transformer
4223	-0.4792776	10.074118	10.553395	-0.25286368	0.8004146	1.0	False	liver	late	nucleotide_transformer
3585	-0.44214725	8.875469	9.317616	-0.24731329	0.80470574	1.0	False	liver	late	nucleotide_transformer
654	0.4035883	7.661078	7.2574897	0.24636053	0.8054446	1.0	False	liver	late	nucleotide_transformer
2216	0.33308077	5.2533174	4.9202366	0.2441964	0.80711997	1.0	False	liver	late	nucleotide_transformer
1821	-0.43602657	8.873671	9.309697	-0.2439989	0.8072711	1.0	False	liver	late	nucleotide_transformer
4590	-0.48044968	11.050486	11.530935	-0.24288699	0.8081323	1.0	False	liver	late	nucleotide_transformer
2783	0.3309369	5.251204	4.920267	0.24268654	0.80828923	1.0	False	liver	late	nucleotide_transformer
4438	0.4364214	9.344957	8.908536	0.24232474	0.8085692	1.0	False	liver	late	nucleotide_transformer
49	0.32640696	5.271041	4.944634	0.23836671	0.81163687	1.0	False	liver	late	nucleotide_transformer
634	0.9151764	96.11852	95.20335	0.2373015	0.81246203	1.0	False	liver	late	nucleotide_transformer
906	0.29772377	4.530978	4.2332544	0.2346691	0.8145052	1.0	False	liver	late	nucleotide_transformer
2818	-0.43959713	9.839598	10.279195	-0.23453677	0.8146062	1.0	False	liver	late	nucleotide_transformer
601	0.4043169	8.623552	8.219235	0.2331379	0.81569326	1.0	False	liver	late	nucleotide_transformer
21	0.40373802	8.623617	8.219879	0.23279625	0.81595856	1.0	False	liver	late	nucleotide_transformer
3030	0.40267277	8.612458	8.209785	0.2324796	0.8162044	1.0	False	liver	late	nucleotide_transformer
2162	0.40231514	8.608823	8.206508	0.23236872	0.81629044	1.0	False	liver	late	nucleotide_transformer
4725	-0.40869904	8.625451	9.03415	-0.23190887	0.8166462	1.0	False	liver	late	nucleotide_transformer
4699	-0.40820122	8.624509	9.03271	-0.23165624	0.81684244	1.0	False	liver	late	nucleotide_transformer
234	0.33349323	6.222719	5.889226	0.2247678	0.82219756	1.0	False	liver	late	nucleotide_transformer
1288	-0.4500885	11.760883	12.210972	-0.22143804	0.82478714	1.0	False	liver	late	nucleotide_transformer
326	0.36623144	7.887318	7.5210867	0.22044764	0.8255594	1.0	False	liver	late	nucleotide_transformer
4941	-0.4050789	9.601601	10.00668	-0.2186512	0.8269571	1.0	False	liver	late	nucleotide_transformer
2423	0.2290752	3.0950575	2.8659823	0.21784067	0.82759005	1.0	False	liver	late	nucleotide_transformer
1468	0.20002341	2.3816564	2.181633	0.2167052	0.8284748	1.0	False	liver	late	nucleotide_transformer
4360	-0.41336155	10.557491	10.970853	-0.21367426	0.8308355	1.0	False	liver	late	nucleotide_transformer
4350	0.40534878	10.560509	10.15516	0.21219108	0.8319932	1.0	False	liver	late	nucleotide_transformer
2809	0.40513325	10.561055	10.155922	0.2120654	0.8320912	1.0	False	liver	late	nucleotide_transformer
5018	-0.41007042	10.558	10.96807	-0.21198624	0.83215195	1.0	False	liver	late	nucleotide_transformer
5054	0.3679676	8.844063	8.476095	0.20972882	0.8339142	1.0	False	liver	late	nucleotide_transformer
3884	0.3672905	8.864055	8.496764	0.2088566	0.83459496	1.0	False	liver	late	nucleotide_transformer
3563	-0.24124527	3.5814059	3.8226511	-0.2081258	0.8351639	1.0	False	liver	late	nucleotide_transformer
2868	-0.24098206	3.5795612	3.8205433	-0.20800914	0.83525497	1.0	False	liver	late	nucleotide_transformer
456	-0.24065876	3.58067	3.8213289	-0.20767352	0.8355169	1.0	False	liver	late	nucleotide_transformer
804	0.3646946	8.881284	8.516589	0.20694783	0.83608496	1.0	False	liver	late	nucleotide_transformer
954	-0.23936248	3.580615	3.8199775	-0.20658386	0.8363678	1.0	False	liver	late	nucleotide_transformer
402	-0.41338348	11.5256605	11.939044	-0.20530124	0.83737	1.0	False	liver	late	nucleotide_transformer
2976	-0.4128065	11.53112	11.943927	-0.20492224	0.837666	1.0	False	liver	late	nucleotide_transformer
170	-0.41267014	11.529317	11.941987	-0.20488633	0.83769405	1.0	False	liver	late	nucleotide_transformer
3569	-0.41166878	11.515525	11.927194	-0.20463936	0.8378869	1.0	False	liver	late	nucleotide_transformer
4971	0.26584482	4.777135	4.51129	0.20372632	0.8386014	1.0	False	liver	late	nucleotide_transformer
1723	0.26561356	4.7778907	4.512277	0.20351224	0.8387687	1.0	False	liver	late	nucleotide_transformer
837	-0.09304404	0.5012379	0.594282	-0.20118114	0.84058714	1.0	False	liver	late	nucleotide_transformer
3878	-0.3682909	9.365152	9.733443	-0.20117398	0.8405949	1.0	False	liver	late	nucleotide_transformer
1207	-0.3782034	10.329199	10.707402	-0.1974428	0.8435128	1.0	False	liver	late	nucleotide_transformer
2118	-0.37815762	10.3296	10.707758	-0.19741212	0.8435368	1.0	False	liver	late	nucleotide_transformer
2038	-0.37792492	10.325338	10.703263	-0.19737206	0.8435681	1.0	False	liver	late	nucleotide_transformer
2698	-0.172261	2.145815	2.318076	-0.1906858	0.8488018	1.0	False	liver	late	nucleotide_transformer
3630	-0.3793249	11.278322	11.657647	-0.1903959	0.8490295	1.0	False	liver	late	nucleotide_transformer
5040	-0.37454033	11.2919445	11.666485	-0.18779653	0.8510663	1.0	False	liver	late	nucleotide_transformer
4285	0.30142498	7.4166965	7.1152716	0.18651353	0.8520729	1.0	False	liver	late	nucleotide_transformer
815	0.29887962	7.4092517	7.110372	0.18510345	0.8531785	1.0	False	liver	late	nucleotide_transformer
1284	-0.33410835	9.115249	9.449357	-0.18500082	0.8532581	1.0	False	liver	late	nucleotide_transformer
310	-0.097537816	0.71711963	0.81465745	-0.18402109	0.8540254	1.0	False	liver	late	nucleotide_transformer
3130	-0.09732014	0.71644783	0.81376797	-0.18379435	0.8542032	1.0	False	liver	late	nucleotide_transformer
777	-0.34810066	10.087409	10.43551	-0.1837886	0.85420877	1.0	False	liver	late	nucleotide_transformer
825	-0.09736735	0.71742266	0.81479	-0.1836408	0.8543237	1.0	False	liver	late	nucleotide_transformer
4717	-0.34672546	10.064512	10.411238	-0.18348463	0.85444725	1.0	False	liver	late	nucleotide_transformer
590	-0.34737682	10.085106	10.432483	-0.18345216	0.85447264	1.0	False	liver	late	nucleotide_transformer
4144	0.7188034	78.75906	78.04026	0.18329038	0.8546002	1.0	False	liver	late	nucleotide_transformer
3343	0.20065618	3.33922	3.1385639	0.18328819	0.85460246	1.0	False	liver	late	nucleotide_transformer
920	-0.34512043	10.083886	10.429007	-0.18229763	0.8553784	1.0	False	liver	late	nucleotide_transformer
750	-0.34024715	10.078567	10.418814	-0.1798496	0.8572995	1.0	False	liver	late	nucleotide_transformer
826	0.23963547	5.010709	4.7710733	0.17936435	0.8576814	1.0	False	liver	late	nucleotide_transformer
4721	0.3355713	171.55528	171.21971	0.1770436	0.85950816	1.0	False	liver	late	nucleotide_transformer
4038	0.07249665	0.47814432	0.40564767	0.17641914	0.8599955	1.0	False	liver	late	nucleotide_transformer
62	0.072411954	0.47794652	0.40553457	0.17628	0.86010474	1.0	False	liver	late	nucleotide_transformer
4025	0.07241264	0.478031	0.40561837	0.1762489	0.8601292	1.0	False	liver	late	nucleotide_transformer
2441	0.072395235	0.47797176	0.40557653	0.17622711	0.8601463	1.0	False	liver	late	nucleotide_transformer
3183	0.072434604	0.47825027	0.40581566	0.17621817	0.86015326	1.0	False	liver	late	nucleotide_transformer
757	0.071914345	0.4780896	0.40617526	0.17494205	0.8611556	1.0	False	liver	late	nucleotide_transformer
1663	0.07187185	0.47813073	0.40625888	0.17481656	0.8612543	1.0	False	liver	late	nucleotide_transformer
4191	0.071813226	0.47797528	0.40616205	0.1747279	0.86132395	1.0	False	liver	late	nucleotide_transformer
1246	0.071647346	0.47779086	0.40614352	0.17437223	0.8616033	1.0	False	liver	late	nucleotide_transformer
2411	0.07170701	0.4781937	0.4064867	0.17436852	0.8616063	1.0	False	liver	late	nucleotide_transformer
4305	0.071636856	0.4781035	0.40646663	0.17422277	0.8617208	1.0	False	liver	late	nucleotide_transformer
2767	0.07144475	0.47769573	0.40625098	0.17388725	0.8619844	1.0	False	liver	late	nucleotide_transformer
2894	0.07149124	0.47802478	0.40653354	0.17388047	0.86198974	1.0	False	liver	late	nucleotide_transformer
91	0.071454704	0.47803277	0.40657806	0.17378347	0.8620659	1.0	False	liver	late	nucleotide_transformer
692	0.07120845	0.47718152	0.40597308	0.17347677	0.8623069	1.0	False	liver	late	nucleotide_transformer
296	0.229815	5.0144796	4.7846646	0.17175727	0.8636567	1.0	False	liver	late	nucleotide_transformer
4426	-0.3037691	8.856424	9.160193	-0.17072174	0.86446995	1.0	False	liver	late	nucleotide_transformer
2961	-0.667984	83.66745	84.335434	-0.16957721	0.8653703	1.0	False	liver	late	nucleotide_transformer
1059	0.18461919	3.3324068	3.1477876	0.1686907	0.86606795	1.0	False	liver	late	nucleotide_transformer
2353	0.18432164	3.3304856	3.146164	0.16851205	0.8662084	1.0	False	liver	late	nucleotide_transformer
4358	-0.29978752	8.879635	9.179422	-0.1680744	0.86655164	1.0	False	liver	late	nucleotide_transformer
2803	-0.2960415	8.874487	9.170528	-0.16609406	0.8681096	1.0	False	liver	late	nucleotide_transformer
617	-0.3074665	9.84198	10.1494465	-0.16435017	0.8694818	1.0	False	liver	late	nucleotide_transformer
584	0.26607323	7.657123	7.39105	0.16199069	0.8713398	1.0	False	liver	late	nucleotide_transformer
1108	0.30328655	10.300604	9.997317	0.16052695	0.8724924	1.0	False	liver	late	nucleotide_transformer
258	0.23220634	5.9813075	5.749101	0.15910864	0.8736095	1.0	False	liver	late	nucleotide_transformer
3765	0.19397068	4.2947564	4.1007857	0.15627107	0.87584513	1.0	False	liver	late	nucleotide_transformer
333	-0.067093104	0.4759409	0.543034	-0.15532571	0.8765884	1.0	False	liver	late	nucleotide_transformer
3697	-0.06696609	0.4756187	0.5425848	-0.15514551	0.87673044	1.0	False	liver	late	nucleotide_transformer
1251	0.26912498	8.620817	8.351692	0.15481856	0.8769897	1.0	False	liver	late	nucleotide_transformer
707	-0.06646928	0.47552082	0.5419901	-0.15408027	0.8775701	1.0	False	liver	late	nucleotide_transformer
3090	-0.06638339	0.47529128	0.5416747	-0.15396132	0.87766385	1.0	False	liver	late	nucleotide_transformer
775	-0.066137016	0.47645742	0.54259443	-0.1530605	0.8783741	1.0	False	liver	late	nucleotide_transformer
5019	0.2661581	8.625828	8.35967	0.1530025	0.87842137	1.0	False	liver	late	nucleotide_transformer
3172	0.2659893	8.624722	8.358732	0.15292396	0.8784833	1.0	False	liver	late	nucleotide_transformer
3559	0.26589012	8.6250105	8.35912	0.15286097	0.87853295	1.0	False	liver	late	nucleotide_transformer
4185	0.2657137	8.625705	8.359991	0.15274636	0.87862325	1.0	False	liver	late	nucleotide_transformer
1553	0.16964126	3.5780916	3.4084504	0.14949492	0.88118774	1.0	False	liver	late	nucleotide_transformer
2852	0.3668146	12.827777	12.460962	0.14929788	0.8813434	1.0	False	liver	late	nucleotide_transformer
1887	-0.064608395	0.47897452	0.5435829	-0.14893782	0.88162565	1.0	False	liver	late	nucleotide_transformer
3667	-0.064593494	0.47904444	0.54363793	-0.14888437	0.88166785	1.0	False	liver	late	nucleotide_transformer
4909	-0.06454143	0.47913954	0.54368097	-0.14874181	0.88178027	1.0	False	liver	late	nucleotide_transformer
4109	-0.06447685	0.4791814	0.54365826	-0.14858751	0.88190204	1.0	False	liver	late	nucleotide_transformer
948	-0.064388245	0.47905973	0.543448	-0.14842863	0.8820274	1.0	False	liver	late	nucleotide_transformer
3065	0.20320797	5.2516956	5.0484877	0.14840558	0.8820471	1.0	False	liver	late	nucleotide_transformer
1394	0.11722565	1.4012328	1.2840072	0.14700176	0.88315386	1.0	False	liver	late	nucleotide_transformer
1673	-0.06262332	0.4785518	0.5411751	-0.14469047	0.88497764	1.0	False	liver	late	nucleotide_transformer
3723	0.35956764	17.651665	17.292097	0.14453642	0.88510036	1.0	False	liver	late	nucleotide_transformer
1189	-0.27871323	10.563656	10.842369	-0.144285	0.8852985	1.0	False	liver	late	nucleotide_transformer
3083	-0.2783842	10.56218	10.840564	-0.14413598	0.88541615	1.0	False	liver	late	nucleotide_transformer
1985	-0.06244245	0.48034373	0.5427862	-0.14377764	0.88569826	1.0	False	liver	late	nucleotide_transformer
4832	0.27033138	10.560489	10.290157	0.14121106	0.88772625	1.0	False	liver	late	nucleotide_transformer
4389	-0.20506334	6.2166386	6.421702	-0.13630626	0.8916009	1.0	False	liver	late	nucleotide_transformer
2185	0.16971445	4.534404	4.3646894	0.13303742	0.8941856	1.0	False	liver	late	nucleotide_transformer
2427	0.2316103	8.866545	8.634934	0.131322	0.89554197	1.0	False	liver	late	nucleotide_transformer
982	-0.24263477	10.329933	10.572568	-0.12693071	0.8990155	1.0	False	liver	late	nucleotide_transformer
3029	-0.24184418	10.320916	10.56276	-0.12663025	0.8992533	1.0	False	liver	late	nucleotide_transformer
1842	-0.24074078	10.322561	10.563302	-0.12603748	0.8997224	1.0	False	liver	late	nucleotide_transformer
1287	-0.24046898	10.322108	10.562577	-0.1259017	0.8998298	1.0	False	liver	late	nucleotide_transformer
2258	0.23236847	9.821306	9.588938	0.12560308	0.9000666	1.0	False	liver	late	nucleotide_transformer
1609	-0.23948193	10.315785	10.555267	-0.1254663	0.90017444	1.0	False	liver	late	nucleotide_transformer
4545	-0.23824692	10.324831	10.563078	-0.124715015	0.9007691	1.0	False	liver	late	nucleotide_transformer
2997	0.23023319	9.833266	9.603033	0.12428556	0.90110934	1.0	False	liver	late	nucleotide_transformer
845	0.22874546	9.8267	9.597955	0.123558804	0.9016847	1.0	False	liver	late	nucleotide_transformer
2938	0.1721468	5.497454	5.3253074	0.12275644	0.90232	1.0	False	liver	late	nucleotide_transformer
3843	0.16351461	5.4923177	5.328803	0.11664451	0.90716076	1.0	False	liver	late	nucleotide_transformer
2562	0.10047054	2.146918	2.0464475	0.113700904	0.90949357	1.0	False	liver	late	nucleotide_transformer
689	0.20208836	9.107618	8.90553	0.113083385	0.9099828	1.0	False	liver	late	nucleotide_transformer
385	0.13183951	3.8174162	3.6855767	0.11228516	0.9106156	1.0	False	liver	late	nucleotide_transformer
2396	-0.19874287	9.114012	9.312755	-0.11033115	0.9121644	1.0	False	liver	late	nucleotide_transformer
4867	-0.19853592	9.114839	9.3133745	-0.11020717	0.9122627	1.0	False	liver	late	nucleotide_transformer
3800	0.12765837	3.817231	3.6895726	0.1086851	0.91347003	1.0	False	liver	late	nucleotide_transformer
5088	0.12755847	3.816961	3.6894026	0.108607076	0.9135319	1.0	False	liver	late	nucleotide_transformer
1759	0.1274414	3.8157485	3.688307	0.10854092	0.91358435	1.0	False	liver	late	nucleotide_transformer
1001	0.12741375	3.8161714	3.6887577	0.10850516	0.9136127	1.0	False	liver	late	nucleotide_transformer
830	0.12734342	3.8161776	3.6888342	0.10844434	0.91366094	1.0	False	liver	late	nucleotide_transformer
1938	0.12718081	3.81615	3.6889691	0.108305	0.9137714	1.0	False	liver	late	nucleotide_transformer
2078	-0.20361233	10.081478	10.28509	-0.10783615	0.9141429	1.0	False	liver	late	nucleotide_transformer
419	-0.21216297	11.041853	11.254016	-0.107756644	0.9142059	1.0	False	liver	late	nucleotide_transformer
101	0.17028332	7.4228344	7.252551	0.104969665	0.91641694	1.0	False	liver	late	nucleotide_transformer
3742	0.19598866	10.073368	9.877379	0.10455222	0.91674805	1.0	False	liver	late	nucleotide_transformer
2156	-0.172791	7.9061494	8.07894	-0.10256812	0.9183221	1.0	False	liver	late	nucleotide_transformer
623	0.16901875	8.373585	8.204566	0.098432906	0.9216045	1.0	False	liver	late	nucleotide_transformer
3694	0.12838078	4.77541	4.6470294	0.09791095	0.9220189	1.0	False	liver	late	nucleotide_transformer
1557	-0.17273235	8.866954	9.039686	-0.097191714	0.92258966	1.0	False	liver	late	nucleotide_transformer
1563	-0.16977215	8.870456	9.040228	-0.0954998	0.9239331	1.0	False	liver	late	nucleotide_transformer
26	0.13180733	5.736365	5.6045575	0.09193794	0.9267623	1.0	False	liver	late	nucleotide_transformer
3058	-0.066372156	1.432421	1.4987931	-0.090202585	0.92814046	1.0	False	liver	late	nucleotide_transformer
3352	-0.06601179	1.4318659	1.4978777	-0.08975511	0.928496	1.0	False	liver	late	nucleotide_transformer
1693	-0.13962984	6.707261	6.846891	-0.08960783	0.9286131	1.0	False	liver	late	nucleotide_transformer
4047	-0.17793179	11.77353	11.951462	-0.087773874	0.9300704	1.0	False	liver	late	nucleotide_transformer
1056	0.12864494	6.688781	6.560136	0.083349176	0.9335874	1.0	False	liver	late	nucleotide_transformer
268	-0.14300728	8.630833	8.77384	-0.08150117	0.93505645	1.0	False	liver	late	nucleotide_transformer
1472	-0.1405878	8.624183	8.7647705	-0.080192015	0.9360973	1.0	False	liver	late	nucleotide_transformer
3284	0.09196806	4.056719	3.9647508	0.075859405	0.9395432	1.0	False	liver	late	nucleotide_transformer
2121	0.09962225	5.019991	4.9203687	0.074047916	0.9409842	1.0	False	liver	late	nucleotide_transformer
4254	0.12775326	8.64349	8.515737	0.07308377	0.9417512	1.0	False	liver	late	nucleotide_transformer
1478	0.12876034	9.595575	9.466815	0.070175454	0.94406533	1.0	False	liver	late	nucleotide_transformer
1733	0.06385183	2.3827388	2.318887	0.0684275	0.9454565	1.0	False	liver	late	nucleotide_transformer
4176	0.09789753	5.97446	5.8765626	0.0668977	0.946674	1.0	False	liver	late	nucleotide_transformer
2355	0.097155094	5.9827075	5.8855524	0.06629541	0.9471534	1.0	False	liver	late	nucleotide_transformer
700	0.13064575	11.526442	11.395796	0.06538073	0.9478814	1.0	False	liver	late	nucleotide_transformer
1017	-0.0740509	4.301191	4.3752418	-0.058927104	0.95301956	1.0	False	liver	late	nucleotide_transformer
966	-0.10777664	10.326669	10.434445	-0.056519445	0.95493704	1.0	False	liver	late	nucleotide_transformer
1293	-0.10767746	10.324253	10.431931	-0.05648067	0.9549679	1.0	False	liver	late	nucleotide_transformer
2834	-0.107453346	10.327061	10.434514	-0.056348357	0.95507324	1.0	False	liver	late	nucleotide_transformer
2987	-0.107429504	10.326051	10.43348	-0.05634131	0.9550789	1.0	False	liver	late	nucleotide_transformer
1186	-0.11136246	11.2892065	11.400569	-0.056054965	0.955307	1.0	False	liver	late	nucleotide_transformer
1289	-0.095998764	8.388825	8.484824	-0.055516146	0.95573616	1.0	False	liver	late	nucleotide_transformer
3439	-0.20751953	105.95049	106.15801	-0.055135995	0.956039	1.0	False	liver	late	nucleotide_transformer
604	-0.099149704	9.34068	9.43983	-0.054556414	0.9565006	1.0	False	liver	late	nucleotide_transformer
124	-0.09307003	8.398842	8.491912	-0.053765234	0.9571308	1.0	False	liver	late	nucleotide_transformer
4944	0.098008156	9.836071	9.738063	0.05277635	0.9579186	1.0	False	liver	late	nucleotide_transformer
3013	0.09477043	9.835668	9.740897	0.05102893	0.9593107	1.0	False	liver	late	nucleotide_transformer
506	0.0633049	4.2995195	4.2362146	0.050681323	0.95958763	1.0	False	liver	late	nucleotide_transformer
2141	0.06328344	5.255544	5.1922607	0.04596015	0.9633494	1.0	False	liver	late	nucleotide_transformer
4758	-0.030289173	1.1949004	1.2251896	-0.045193315	0.9639604	1.0	False	liver	late	nucleotide_transformer
2083	-0.03918338	2.1431806	2.182364	-0.04389095	0.9649983	1.0	False	liver	late	nucleotide_transformer
3287	-0.03662038	2.1439502	2.1805706	-0.04102306	0.967284	1.0	False	liver	late	nucleotide_transformer
3659	-0.036574364	2.1442068	2.1807811	-0.04096695	0.9673287	1.0	False	liver	late	nucleotide_transformer
4726	-0.074560165	10.081651	10.156211	-0.03956589	0.96844554	1.0	False	liver	late	nucleotide_transformer
2747	0.0676651	9.110141	9.042476	0.0377598	0.9698853	1.0	False	liver	late	nucleotide_transformer
1499	-0.06817436	10.079384	10.147558	-0.036193367	0.971134	1.0	False	liver	late	nucleotide_transformer
3763	-0.04519844	6.9478765	6.993075	-0.028586373	0.9771991	1.0	False	liver	late	nucleotide_transformer
4542	-0.03912878	6.9310493	6.970178	-0.024815375	0.9802062	1.0	False	liver	late	nucleotide_transformer
2357	0.032786846	5.4983006	5.4655137	0.023270138	0.9814385	1.0	False	liver	late	nucleotide_transformer
3683	-0.03677845	8.856471	8.8932495	-0.02077191	0.9834309	1.0	False	liver	late	nucleotide_transformer
1806	-0.032902718	8.865573	8.898476	-0.018566867	0.9851896	1.0	False	liver	late	nucleotide_transformer
5076	-0.032645226	8.8624115	8.895057	-0.018428305	0.9853001	1.0	False	liver	late	nucleotide_transformer
2492	0.028123856	8.389027	8.360903	0.016299905	0.9869978	1.0	False	liver	late	nucleotide_transformer
4481	0.030254364	10.32058	10.290325	0.015911005	0.98730797	1.0	False	liver	late	nucleotide_transformer
670	0.027071953	9.9314375	9.904366	0.012578865	0.98996574	1.0	False	liver	late	nucleotide_transformer
152	0.022583961	12.25245	12.229866	0.010971126	0.99124825	1.0	False	liver	late	nucleotide_transformer
1853	-0.0074858665	1.9036665	1.9111524	-0.008913099	0.99288994	1.0	False	liver	late	nucleotide_transformer
3837	-0.0038752556	6.695007	6.698882	-0.0025001278	0.99800557	1.0	False	liver	late	nucleotide_transformer
1090	-0.0042686462	9.588234	9.592503	-0.0023229863	0.9981469	1.0	False	liver	late	nucleotide_transformer
3477	-0.0035438538	6.695738	6.6992817	-0.0022861143	0.99817634	1.0	False	liver	late	nucleotide_transformer
5028	-0.0034723282	8.616625	8.620097	-0.001987736	0.99841434	1.0	False	liver	late	nucleotide_transformer
0	0.0	0.0	0.0				False	liver	late	nucleotide_transformer
1	0.0	0.0	0.0				False	liver	late	nucleotide_transformer
2	0.0	0.0	0.0				False	liver	late	nucleotide_transformer
3	0.0	0.0	0.0				False	liver	late	nucleotide_transformer
4	0.0	0.0	0.0				False	liver	late	nucleotide_transformer
5	0.0	0.0	0.0				False	liver	late	nucleotide_transformer
6	0.0	0.0	0.0				False	liver	late	nucleotide_transformer
7	0.0	0.0	0.0				False	liver	late	nucleotide_transformer
8	0.0	0.0	0.0				False	liver	late	nucleotide_transformer
9	0.0	0.0	0.0				False	liver	late	nucleotide_transformer
10	0.0	0.0	0.0				False	liver	late	nucleotide_transformer
11	0.0	0.0	0.0				False	liver	late	nucleotide_transformer
12	0.0	0.0	0.0				False	liver	late	nucleotide_transformer
13	0.0	0.0	0.0				False	liver	late	nucleotide_transformer
14	0.0	0.0	0.0				False	liver	late	nucleotide_transformer
15	0.0	0.0	0.0				False	liver	late	nucleotide_transformer
16	0.0	0.0	0.0				False	liver	late	nucleotide_transformer
17	0.0	0.0	0.0				False	liver	late	nucleotide_transformer
18	0.0	0.0	0.0				False	liver	late	nucleotide_transformer
19	0.0	0.0	0.0				False	liver	late	nucleotide_transformer
20	0.0	0.0	0.0				False	liver	late	nucleotide_transformer
22	0.0	0.0	0.0				False	liver	late	nucleotide_transformer
23	0.0	0.0	0.0				False	liver	late	nucleotide_transformer
25	0.0	0.0	0.0				False	liver	late	nucleotide_transformer
27	0.0	0.0	0.0				False	liver	late	nucleotide_transformer
28	0.0	0.0	0.0				False	liver	late	nucleotide_transformer
30	0.0	0.0	0.0				False	liver	late	nucleotide_transformer
31	0.0	0.0	0.0				False	liver	late	nucleotide_transformer
32	0.0	0.0	0.0				False	liver	late	nucleotide_transformer
33	0.0	0.0	0.0				False	liver	late	nucleotide_transformer
34	0.0	0.0	0.0				False	liver	late	nucleotide_transformer
35	0.0	0.0	0.0				False	liver	late	nucleotide_transformer
36	0.0	0.0	0.0				False	liver	late	nucleotide_transformer
37	0.0	0.0	0.0				False	liver	late	nucleotide_transformer
38	0.0	0.0	0.0				False	liver	late	nucleotide_transformer
39	0.0	0.0	0.0				False	liver	late	nucleotide_transformer
40	0.0	0.0	0.0				False	liver	late	nucleotide_transformer
41	0.0	0.0	0.0				False	liver	late	nucleotide_transformer
42	0.0	0.0	0.0				False	liver	late	nucleotide_transformer
43	0.0	0.0	0.0				False	liver	late	nucleotide_transformer
44	0.0	0.0	0.0				False	liver	late	nucleotide_transformer
45	0.0	0.0	0.0				False	liver	late	nucleotide_transformer
46	0.0	0.0	0.0				False	liver	late	nucleotide_transformer
47	0.0	0.0	0.0				False	liver	late	nucleotide_transformer
48	0.0	0.0	0.0				False	liver	late	nucleotide_transformer
50	0.0	0.0	0.0				False	liver	late	nucleotide_transformer
51	0.0	0.0	0.0				False	liver	late	nucleotide_transformer
52	0.0	0.0	0.0				False	liver	late	nucleotide_transformer
53	0.0	0.0	0.0				False	liver	late	nucleotide_transformer
54	0.0	0.0	0.0				False	liver	late	nucleotide_transformer
55	0.0	0.0	0.0				False	liver	late	nucleotide_transformer
56	0.0	0.0	0.0				False	liver	late	nucleotide_transformer
57	0.0	0.0	0.0				False	liver	late	nucleotide_transformer
59	0.0	0.0	0.0				False	liver	late	nucleotide_transformer
60	0.0	0.0	0.0				False	liver	late	nucleotide_transformer
61	0.0	0.0	0.0				False	liver	late	nucleotide_transformer
63	0.0	0.0	0.0				False	liver	late	nucleotide_transformer
64	0.0	0.0	0.0				False	liver	late	nucleotide_transformer
65	0.0	0.0	0.0				False	liver	late	nucleotide_transformer
66	0.0	0.0	0.0				False	liver	late	nucleotide_transformer
67	0.0	0.0	0.0				False	liver	late	nucleotide_transformer
68	0.0	0.0	0.0				False	liver	late	nucleotide_transformer
69	0.0	0.0	0.0				False	liver	late	nucleotide_transformer
70	0.0	0.0	0.0				False	liver	late	nucleotide_transformer
71	0.0	0.0	0.0				False	liver	late	nucleotide_transformer
72	0.0	0.0	0.0				False	liver	late	nucleotide_transformer
73	0.0	0.0	0.0				False	liver	late	nucleotide_transformer
74	0.0	0.0	0.0				False	liver	late	nucleotide_transformer
75	0.0	0.0	0.0				False	liver	late	nucleotide_transformer
76	0.0	0.0	0.0				False	liver	late	nucleotide_transformer
77	0.0	0.0	0.0				False	liver	late	nucleotide_transformer
78	0.0	0.0	0.0				False	liver	late	nucleotide_transformer
79	0.0	0.0	0.0				False	liver	late	nucleotide_transformer
80	0.0	0.0	0.0				False	liver	late	nucleotide_transformer
81	0.0	0.0	0.0				False	liver	late	nucleotide_transformer
82	0.0	0.0	0.0				False	liver	late	nucleotide_transformer
83	0.0	0.0	0.0				False	liver	late	nucleotide_transformer
84	0.0	0.0	0.0				False	liver	late	nucleotide_transformer
85	0.0	0.0	0.0				False	liver	late	nucleotide_transformer
86	0.0	0.0	0.0				False	liver	late	nucleotide_transformer
87	0.0	0.0	0.0				False	liver	late	nucleotide_transformer
88	0.0	0.0	0.0				False	liver	late	nucleotide_transformer
89	0.0	0.0	0.0				False	liver	late	nucleotide_transformer
90	0.0	0.0	0.0				False	liver	late	nucleotide_transformer
92	0.0	0.0	0.0				False	liver	late	nucleotide_transformer
93	0.0	0.0	0.0				False	liver	late	nucleotide_transformer
95	0.0	0.0	0.0				False	liver	late	nucleotide_transformer
96	0.0	0.0	0.0				False	liver	late	nucleotide_transformer
97	0.0	0.0	0.0				False	liver	late	nucleotide_transformer
98	0.0	0.0	0.0				False	liver	late	nucleotide_transformer
99	0.0	0.0	0.0				False	liver	late	nucleotide_transformer
100	0.0	0.0	0.0				False	liver	late	nucleotide_transformer
102	0.0	0.0	0.0				False	liver	late	nucleotide_transformer
103	0.0	0.0	0.0				False	liver	late	nucleotide_transformer
105	0.0	0.0	0.0				False	liver	late	nucleotide_transformer
106	0.0	0.0	0.0				False	liver	late	nucleotide_transformer
107	0.0	0.0	0.0				False	liver	late	nucleotide_transformer
108	0.0	0.0	0.0				False	liver	late	nucleotide_transformer
109	0.0	0.0	0.0				False	liver	late	nucleotide_transformer
110	0.0	0.0	0.0				False	liver	late	nucleotide_transformer
111	0.0	0.0	0.0				False	liver	late	nucleotide_transformer
112	0.0	0.0	0.0				False	liver	late	nucleotide_transformer
113	0.0	0.0	0.0				False	liver	late	nucleotide_transformer
114	0.0	0.0	0.0				False	liver	late	nucleotide_transformer
115	0.0	0.0	0.0				False	liver	late	nucleotide_transformer
116	0.0	0.0	0.0				False	liver	late	nucleotide_transformer
117	0.0	0.0	0.0				False	liver	late	nucleotide_transformer
118	0.0	0.0	0.0				False	liver	late	nucleotide_transformer
119	0.0	0.0	0.0				False	liver	late	nucleotide_transformer
120	0.0	0.0	0.0				False	liver	late	nucleotide_transformer
121	0.0	0.0	0.0				False	liver	late	nucleotide_transformer
123	0.0	0.0	0.0				False	liver	late	nucleotide_transformer
125	0.0	0.0	0.0				False	liver	late	nucleotide_transformer
126	0.0	0.0	0.0				False	liver	late	nucleotide_transformer
128	0.0	0.0	0.0				False	liver	late	nucleotide_transformer
129	0.0	0.0	0.0				False	liver	late	nucleotide_transformer
130	0.0	0.0	0.0				False	liver	late	nucleotide_transformer
134	0.0	0.0	0.0				False	liver	late	nucleotide_transformer
135	0.0	0.0	0.0				False	liver	late	nucleotide_transformer
136	0.0	0.0	0.0				False	liver	late	nucleotide_transformer
137	0.0	0.0	0.0				False	liver	late	nucleotide_transformer
138	0.0	0.0	0.0				False	liver	late	nucleotide_transformer
139	0.0	0.0	0.0				False	liver	late	nucleotide_transformer
140	0.0	0.0	0.0				False	liver	late	nucleotide_transformer
141	0.0	0.0	0.0				False	liver	late	nucleotide_transformer
142	0.0	0.0	0.0				False	liver	late	nucleotide_transformer
143	0.0	0.0	0.0				False	liver	late	nucleotide_transformer
144	0.0	0.0	0.0				False	liver	late	nucleotide_transformer
145	0.0	0.0	0.0				False	liver	late	nucleotide_transformer
146	0.0	0.0	0.0				False	liver	late	nucleotide_transformer
147	0.0	0.0	0.0				False	liver	late	nucleotide_transformer
148	0.0	0.0	0.0				False	liver	late	nucleotide_transformer
149	0.0	0.0	0.0				False	liver	late	nucleotide_transformer
151	0.0	0.0	0.0				False	liver	late	nucleotide_transformer
153	0.0	0.0	0.0				False	liver	late	nucleotide_transformer
154	0.0	0.0	0.0				False	liver	late	nucleotide_transformer
156	0.0	0.0	0.0				False	liver	late	nucleotide_transformer
158	0.0	0.0	0.0				False	liver	late	nucleotide_transformer
159	0.0	0.0	0.0				False	liver	late	nucleotide_transformer
160	0.0	0.0	0.0				False	liver	late	nucleotide_transformer
161	0.0	0.0	0.0				False	liver	late	nucleotide_transformer
162	0.0	0.0	0.0				False	liver	late	nucleotide_transformer
163	0.0	0.0	0.0				False	liver	late	nucleotide_transformer
164	0.0	0.0	0.0				False	liver	late	nucleotide_transformer
165	0.0	0.0	0.0				False	liver	late	nucleotide_transformer
166	0.0	0.0	0.0				False	liver	late	nucleotide_transformer
167	0.0	0.0	0.0				False	liver	late	nucleotide_transformer
168	0.0	0.0	0.0				False	liver	late	nucleotide_transformer
169	0.0	0.0	0.0				False	liver	late	nucleotide_transformer
171	0.0	0.0	0.0				False	liver	late	nucleotide_transformer
172	0.0	0.0	0.0				False	liver	late	nucleotide_transformer
173	0.0	0.0	0.0				False	liver	late	nucleotide_transformer
174	0.0	0.0	0.0				False	liver	late	nucleotide_transformer
175	0.0	0.0	0.0				False	liver	late	nucleotide_transformer
176	0.0	0.0	0.0				False	liver	late	nucleotide_transformer
177	0.0	0.0	0.0				False	liver	late	nucleotide_transformer
178	0.0	0.0	0.0				False	liver	late	nucleotide_transformer
179	0.0	0.0	0.0				False	liver	late	nucleotide_transformer
180	0.0	0.0	0.0				False	liver	late	nucleotide_transformer
181	0.0	0.0	0.0				False	liver	late	nucleotide_transformer
182	0.0	0.0	0.0				False	liver	late	nucleotide_transformer
183	0.0	0.0	0.0				False	liver	late	nucleotide_transformer
184	0.0	0.0	0.0				False	liver	late	nucleotide_transformer
185	0.0	0.0	0.0				False	liver	late	nucleotide_transformer
186	0.0	0.0	0.0				False	liver	late	nucleotide_transformer
187	0.0	0.0	0.0				False	liver	late	nucleotide_transformer
188	0.0	0.0	0.0				False	liver	late	nucleotide_transformer
189	0.0	0.0	0.0				False	liver	late	nucleotide_transformer
190	0.0	0.0	0.0				False	liver	late	nucleotide_transformer
191	0.0	0.0	0.0				False	liver	late	nucleotide_transformer
192	0.0	0.0	0.0				False	liver	late	nucleotide_transformer
193	0.0	0.0	0.0				False	liver	late	nucleotide_transformer
194	0.0	0.0	0.0				False	liver	late	nucleotide_transformer
195	0.0	0.0	0.0				False	liver	late	nucleotide_transformer
196	0.0	0.0	0.0				False	liver	late	nucleotide_transformer
197	0.0	0.0	0.0				False	liver	late	nucleotide_transformer
198	0.0	0.0	0.0				False	liver	late	nucleotide_transformer
199	0.0	0.0	0.0				False	liver	late	nucleotide_transformer
200	0.0	0.0	0.0				False	liver	late	nucleotide_transformer
201	0.0	0.0	0.0				False	liver	late	nucleotide_transformer
202	0.0	0.0	0.0				False	liver	late	nucleotide_transformer
203	0.0	0.0	0.0				False	liver	late	nucleotide_transformer
204	0.0	0.0	0.0				False	liver	late	nucleotide_transformer
205	0.0	0.0	0.0				False	liver	late	nucleotide_transformer
206	0.0	0.0	0.0				False	liver	late	nucleotide_transformer
208	0.0	0.0	0.0				False	liver	late	nucleotide_transformer
209	0.0	0.0	0.0				False	liver	late	nucleotide_transformer
210	0.0	0.0	0.0				False	liver	late	nucleotide_transformer
211	0.0	0.0	0.0				False	liver	late	nucleotide_transformer
212	0.0	0.0	0.0				False	liver	late	nucleotide_transformer
213	0.0	0.0	0.0				False	liver	late	nucleotide_transformer
214	0.0	0.0	0.0				False	liver	late	nucleotide_transformer
215	0.0	0.0	0.0				False	liver	late	nucleotide_transformer
216	0.0	0.0	0.0				False	liver	late	nucleotide_transformer
217	0.0	0.0	0.0				False	liver	late	nucleotide_transformer
218	0.0	0.0	0.0				False	liver	late	nucleotide_transformer
219	0.0	0.0	0.0				False	liver	late	nucleotide_transformer
220	0.0	0.0	0.0				False	liver	late	nucleotide_transformer
222	0.0	0.0	0.0				False	liver	late	nucleotide_transformer
223	0.0	0.0	0.0				False	liver	late	nucleotide_transformer
224	0.0	0.0	0.0				False	liver	late	nucleotide_transformer
225	0.0	0.0	0.0				False	liver	late	nucleotide_transformer
226	0.0	0.0	0.0				False	liver	late	nucleotide_transformer
227	0.0	0.0	0.0				False	liver	late	nucleotide_transformer
228	0.0	0.0	0.0				False	liver	late	nucleotide_transformer
229	0.0	0.0	0.0				False	liver	late	nucleotide_transformer
230	0.0	0.0	0.0				False	liver	late	nucleotide_transformer
231	0.0	0.0	0.0				False	liver	late	nucleotide_transformer
232	0.0	0.0	0.0				False	liver	late	nucleotide_transformer
233	0.0	0.0	0.0				False	liver	late	nucleotide_transformer
235	0.0	0.0	0.0				False	liver	late	nucleotide_transformer
236	0.0	0.0	0.0				False	liver	late	nucleotide_transformer
237	0.0	0.0	0.0				False	liver	late	nucleotide_transformer
239	0.0	0.0	0.0				False	liver	late	nucleotide_transformer
240	0.0	0.0	0.0				False	liver	late	nucleotide_transformer
241	0.0	0.0	0.0				False	liver	late	nucleotide_transformer
242	0.0	0.0	0.0				False	liver	late	nucleotide_transformer
243	0.0	0.0	0.0				False	liver	late	nucleotide_transformer
245	0.0	0.0	0.0				False	liver	late	nucleotide_transformer
247	0.0	0.0	0.0				False	liver	late	nucleotide_transformer
248	0.0	0.0	0.0				False	liver	late	nucleotide_transformer
249	0.0	0.0	0.0				False	liver	late	nucleotide_transformer
252	0.0	0.0	0.0				False	liver	late	nucleotide_transformer
253	0.0	0.0	0.0				False	liver	late	nucleotide_transformer
254	0.0	0.0	0.0				False	liver	late	nucleotide_transformer
255	0.0	0.0	0.0				False	liver	late	nucleotide_transformer
256	0.0	0.0	0.0				False	liver	late	nucleotide_transformer
257	0.0	0.0	0.0				False	liver	late	nucleotide_transformer
259	0.0	0.0	0.0				False	liver	late	nucleotide_transformer
260	0.0	0.0	0.0				False	liver	late	nucleotide_transformer
263	0.0	0.0	0.0				False	liver	late	nucleotide_transformer
264	0.0	0.0	0.0				False	liver	late	nucleotide_transformer
265	0.0	0.0	0.0				False	liver	late	nucleotide_transformer
266	0.0	0.0	0.0				False	liver	late	nucleotide_transformer
267	0.0	0.0	0.0				False	liver	late	nucleotide_transformer
269	0.0	0.0	0.0				False	liver	late	nucleotide_transformer
270	0.0	0.0	0.0				False	liver	late	nucleotide_transformer
271	0.0	0.0	0.0				False	liver	late	nucleotide_transformer
272	0.0	0.0	0.0				False	liver	late	nucleotide_transformer
273	0.0	0.0	0.0				False	liver	late	nucleotide_transformer
274	0.0	0.0	0.0				False	liver	late	nucleotide_transformer
275	0.0	0.0	0.0				False	liver	late	nucleotide_transformer
276	0.0	0.0	0.0				False	liver	late	nucleotide_transformer
277	0.0	0.0	0.0				False	liver	late	nucleotide_transformer
278	0.0	0.0	0.0				False	liver	late	nucleotide_transformer
279	0.0	0.0	0.0				False	liver	late	nucleotide_transformer
280	0.0	0.0	0.0				False	liver	late	nucleotide_transformer
281	0.0	0.0	0.0				False	liver	late	nucleotide_transformer
282	0.0	0.0	0.0				False	liver	late	nucleotide_transformer
283	0.0	0.0	0.0				False	liver	late	nucleotide_transformer
284	0.0	0.0	0.0				False	liver	late	nucleotide_transformer
285	0.0	0.0	0.0				False	liver	late	nucleotide_transformer
286	0.0	0.0	0.0				False	liver	late	nucleotide_transformer
287	0.0	0.0	0.0				False	liver	late	nucleotide_transformer
288	0.0	0.0	0.0				False	liver	late	nucleotide_transformer
289	0.0	0.0	0.0				False	liver	late	nucleotide_transformer
290	0.0	0.0	0.0				False	liver	late	nucleotide_transformer
291	0.0	0.0	0.0				False	liver	late	nucleotide_transformer
293	0.0	0.0	0.0				False	liver	late	nucleotide_transformer
294	0.0	0.0	0.0				False	liver	late	nucleotide_transformer
295	0.0	0.0	0.0				False	liver	late	nucleotide_transformer
297	0.0	0.0	0.0				False	liver	late	nucleotide_transformer
299	0.0	0.0	0.0				False	liver	late	nucleotide_transformer
300	0.0	0.0	0.0				False	liver	late	nucleotide_transformer
301	0.0	0.0	0.0				False	liver	late	nucleotide_transformer
302	0.0	0.0	0.0				False	liver	late	nucleotide_transformer
303	0.0	0.0	0.0				False	liver	late	nucleotide_transformer
304	0.0	0.0	0.0				False	liver	late	nucleotide_transformer
305	0.0	0.0	0.0				False	liver	late	nucleotide_transformer
306	0.0	0.0	0.0				False	liver	late	nucleotide_transformer
307	0.0	0.0	0.0				False	liver	late	nucleotide_transformer
309	0.0	0.0	0.0				False	liver	late	nucleotide_transformer
311	0.0	0.0	0.0				False	liver	late	nucleotide_transformer
313	0.0	0.0	0.0				False	liver	late	nucleotide_transformer
314	0.0	0.0	0.0				False	liver	late	nucleotide_transformer
315	0.0	0.0	0.0				False	liver	late	nucleotide_transformer
316	0.0	0.0	0.0				False	liver	late	nucleotide_transformer
317	0.0	0.0	0.0				False	liver	late	nucleotide_transformer
318	0.0	0.0	0.0				False	liver	late	nucleotide_transformer
319	0.0	0.0	0.0				False	liver	late	nucleotide_transformer
320	0.0	0.0	0.0				False	liver	late	nucleotide_transformer
321	0.0	0.0	0.0				False	liver	late	nucleotide_transformer
322	0.0	0.0	0.0				False	liver	late	nucleotide_transformer
323	0.0	0.0	0.0				False	liver	late	nucleotide_transformer
325	0.0	0.0	0.0				False	liver	late	nucleotide_transformer
327	0.0	0.0	0.0				False	liver	late	nucleotide_transformer
328	0.0	0.0	0.0				False	liver	late	nucleotide_transformer
329	0.0	0.0	0.0				False	liver	late	nucleotide_transformer
330	0.0	0.0	0.0				False	liver	late	nucleotide_transformer
331	0.0	0.0	0.0				False	liver	late	nucleotide_transformer
332	0.0	0.0	0.0				False	liver	late	nucleotide_transformer
334	0.0	0.0	0.0				False	liver	late	nucleotide_transformer
335	0.0	0.0	0.0				False	liver	late	nucleotide_transformer
336	0.0	0.0	0.0				False	liver	late	nucleotide_transformer
337	0.0	0.0	0.0				False	liver	late	nucleotide_transformer
339	0.0	0.0	0.0				False	liver	late	nucleotide_transformer
340	0.0	0.0	0.0				False	liver	late	nucleotide_transformer
341	0.0	0.0	0.0				False	liver	late	nucleotide_transformer
343	0.0	0.0	0.0				False	liver	late	nucleotide_transformer
344	0.0	0.0	0.0				False	liver	late	nucleotide_transformer
345	0.0	0.0	0.0				False	liver	late	nucleotide_transformer
346	0.0	0.0	0.0				False	liver	late	nucleotide_transformer
347	0.0	0.0	0.0				False	liver	late	nucleotide_transformer
348	0.0	0.0	0.0				False	liver	late	nucleotide_transformer
349	0.0	0.0	0.0				False	liver	late	nucleotide_transformer
350	0.0	0.0	0.0				False	liver	late	nucleotide_transformer
351	0.0	0.0	0.0				False	liver	late	nucleotide_transformer
352	0.0	0.0	0.0				False	liver	late	nucleotide_transformer
353	0.0	0.0	0.0				False	liver	late	nucleotide_transformer
354	0.0	0.0	0.0				False	liver	late	nucleotide_transformer
355	0.0	0.0	0.0				False	liver	late	nucleotide_transformer
356	0.0	0.0	0.0				False	liver	late	nucleotide_transformer
357	0.0	0.0	0.0				False	liver	late	nucleotide_transformer
358	0.0	0.0	0.0				False	liver	late	nucleotide_transformer
359	0.0	0.0	0.0				False	liver	late	nucleotide_transformer
360	0.0	0.0	0.0				False	liver	late	nucleotide_transformer
361	0.0	0.0	0.0				False	liver	late	nucleotide_transformer
362	0.0	0.0	0.0				False	liver	late	nucleotide_transformer
363	0.0	0.0	0.0				False	liver	late	nucleotide_transformer
365	0.0	0.0	0.0				False	liver	late	nucleotide_transformer
366	0.0	0.0	0.0				False	liver	late	nucleotide_transformer
367	0.0	0.0	0.0				False	liver	late	nucleotide_transformer
369	0.0	0.0	0.0				False	liver	late	nucleotide_transformer
370	0.0	0.0	0.0				False	liver	late	nucleotide_transformer
371	0.0	0.0	0.0				False	liver	late	nucleotide_transformer
372	0.0	0.0	0.0				False	liver	late	nucleotide_transformer
374	0.0	0.0	0.0				False	liver	late	nucleotide_transformer
375	0.0	0.0	0.0				False	liver	late	nucleotide_transformer
376	0.0	0.0	0.0				False	liver	late	nucleotide_transformer
377	0.0	0.0	0.0				False	liver	late	nucleotide_transformer
378	0.0	0.0	0.0				False	liver	late	nucleotide_transformer
379	0.0	0.0	0.0				False	liver	late	nucleotide_transformer
380	0.0	0.0	0.0				False	liver	late	nucleotide_transformer
381	0.0	0.0	0.0				False	liver	late	nucleotide_transformer
382	0.0	0.0	0.0				False	liver	late	nucleotide_transformer
383	0.0	0.0	0.0				False	liver	late	nucleotide_transformer
384	0.0	0.0	0.0				False	liver	late	nucleotide_transformer
386	0.0	0.0	0.0				False	liver	late	nucleotide_transformer
387	0.0	0.0	0.0				False	liver	late	nucleotide_transformer
388	0.0	0.0	0.0				False	liver	late	nucleotide_transformer
389	0.0	0.0	0.0				False	liver	late	nucleotide_transformer
390	0.0	0.0	0.0				False	liver	late	nucleotide_transformer
391	0.0	0.0	0.0				False	liver	late	nucleotide_transformer
393	0.0	0.0	0.0				False	liver	late	nucleotide_transformer
394	0.0	0.0	0.0				False	liver	late	nucleotide_transformer
395	0.0	0.0	0.0				False	liver	late	nucleotide_transformer
396	0.0	0.0	0.0				False	liver	late	nucleotide_transformer
397	0.0	0.0	0.0				False	liver	late	nucleotide_transformer
398	0.0	0.0	0.0				False	liver	late	nucleotide_transformer
400	0.0	0.0	0.0				False	liver	late	nucleotide_transformer
401	0.0	0.0	0.0				False	liver	late	nucleotide_transformer
403	0.0	0.0	0.0				False	liver	late	nucleotide_transformer
404	0.0	0.0	0.0				False	liver	late	nucleotide_transformer
406	0.0	0.0	0.0				False	liver	late	nucleotide_transformer
407	0.0	0.0	0.0				False	liver	late	nucleotide_transformer
408	0.0	0.0	0.0				False	liver	late	nucleotide_transformer
409	0.0	0.0	0.0				False	liver	late	nucleotide_transformer
410	0.0	0.0	0.0				False	liver	late	nucleotide_transformer
411	0.0	0.0	0.0				False	liver	late	nucleotide_transformer
412	0.0	0.0	0.0				False	liver	late	nucleotide_transformer
413	0.0	0.0	0.0				False	liver	late	nucleotide_transformer
414	0.0	0.0	0.0				False	liver	late	nucleotide_transformer
416	0.0	0.0	0.0				False	liver	late	nucleotide_transformer
417	0.0	0.0	0.0				False	liver	late	nucleotide_transformer
418	0.0	0.0	0.0				False	liver	late	nucleotide_transformer
421	0.0	0.0	0.0				False	liver	late	nucleotide_transformer
422	0.0	0.0	0.0				False	liver	late	nucleotide_transformer
423	0.0	0.0	0.0				False	liver	late	nucleotide_transformer
424	0.0	0.0	0.0				False	liver	late	nucleotide_transformer
425	0.0	0.0	0.0				False	liver	late	nucleotide_transformer
426	0.0	0.0	0.0				False	liver	late	nucleotide_transformer
428	0.0	0.0	0.0				False	liver	late	nucleotide_transformer
429	0.0	0.0	0.0				False	liver	late	nucleotide_transformer
430	0.0	0.0	0.0				False	liver	late	nucleotide_transformer
431	0.0	0.0	0.0				False	liver	late	nucleotide_transformer
432	0.0	0.0	0.0				False	liver	late	nucleotide_transformer
433	0.0	0.0	0.0				False	liver	late	nucleotide_transformer
434	0.0	0.0	0.0				False	liver	late	nucleotide_transformer
435	0.0	0.0	0.0				False	liver	late	nucleotide_transformer
436	0.0	0.0	0.0				False	liver	late	nucleotide_transformer
437	0.0	0.0	0.0				False	liver	late	nucleotide_transformer
438	0.0	0.0	0.0				False	liver	late	nucleotide_transformer
439	0.0	0.0	0.0				False	liver	late	nucleotide_transformer
440	0.0	0.0	0.0				False	liver	late	nucleotide_transformer
441	0.0	0.0	0.0				False	liver	late	nucleotide_transformer
442	0.0	0.0	0.0				False	liver	late	nucleotide_transformer
443	0.0	0.0	0.0				False	liver	late	nucleotide_transformer
444	0.0	0.0	0.0				False	liver	late	nucleotide_transformer
446	0.0	0.0	0.0				False	liver	late	nucleotide_transformer
447	0.0	0.0	0.0				False	liver	late	nucleotide_transformer
448	0.0	0.0	0.0				False	liver	late	nucleotide_transformer
449	0.0	0.0	0.0				False	liver	late	nucleotide_transformer
450	0.0	0.0	0.0				False	liver	late	nucleotide_transformer
451	0.0	0.0	0.0				False	liver	late	nucleotide_transformer
453	0.0	0.0	0.0				False	liver	late	nucleotide_transformer
454	0.0	0.0	0.0				False	liver	late	nucleotide_transformer
455	0.0	0.0	0.0				False	liver	late	nucleotide_transformer
457	0.0	0.0	0.0				False	liver	late	nucleotide_transformer
458	0.0	0.0	0.0				False	liver	late	nucleotide_transformer
459	0.0	0.0	0.0				False	liver	late	nucleotide_transformer
460	0.0	0.0	0.0				False	liver	late	nucleotide_transformer
461	0.0	0.0	0.0				False	liver	late	nucleotide_transformer
462	0.0	0.0	0.0				False	liver	late	nucleotide_transformer
463	0.0	0.0	0.0				False	liver	late	nucleotide_transformer
464	0.0	0.0	0.0				False	liver	late	nucleotide_transformer
465	0.0	0.0	0.0				False	liver	late	nucleotide_transformer
466	0.0	0.0	0.0				False	liver	late	nucleotide_transformer
467	0.0	0.0	0.0				False	liver	late	nucleotide_transformer
468	0.0	0.0	0.0				False	liver	late	nucleotide_transformer
471	0.0	0.0	0.0				False	liver	late	nucleotide_transformer
472	0.0	0.0	0.0				False	liver	late	nucleotide_transformer
473	0.0	0.0	0.0				False	liver	late	nucleotide_transformer
474	0.0	0.0	0.0				False	liver	late	nucleotide_transformer
475	0.0	0.0	0.0				False	liver	late	nucleotide_transformer
476	0.0	0.0	0.0				False	liver	late	nucleotide_transformer
477	0.0	0.0	0.0				False	liver	late	nucleotide_transformer
478	0.0	0.0	0.0				False	liver	late	nucleotide_transformer
480	0.0	0.0	0.0				False	liver	late	nucleotide_transformer
481	0.0	0.0	0.0				False	liver	late	nucleotide_transformer
482	0.0	0.0	0.0				False	liver	late	nucleotide_transformer
483	0.0	0.0	0.0				False	liver	late	nucleotide_transformer
484	0.0	0.0	0.0				False	liver	late	nucleotide_transformer
485	0.0	0.0	0.0				False	liver	late	nucleotide_transformer
486	0.0	0.0	0.0				False	liver	late	nucleotide_transformer
487	0.0	0.0	0.0				False	liver	late	nucleotide_transformer
488	0.0	0.0	0.0				False	liver	late	nucleotide_transformer
489	0.0	0.0	0.0				False	liver	late	nucleotide_transformer
490	0.0	0.0	0.0				False	liver	late	nucleotide_transformer
491	0.0	0.0	0.0				False	liver	late	nucleotide_transformer
492	0.0	0.0	0.0				False	liver	late	nucleotide_transformer
493	0.0	0.0	0.0				False	liver	late	nucleotide_transformer
494	0.0	0.0	0.0				False	liver	late	nucleotide_transformer
495	0.0	0.0	0.0				False	liver	late	nucleotide_transformer
496	0.0	0.0	0.0				False	liver	late	nucleotide_transformer
497	0.0	0.0	0.0				False	liver	late	nucleotide_transformer
498	0.0	0.0	0.0				False	liver	late	nucleotide_transformer
499	0.0	0.0	0.0				False	liver	late	nucleotide_transformer
500	0.0	0.0	0.0				False	liver	late	nucleotide_transformer
501	0.0	0.0	0.0				False	liver	late	nucleotide_transformer
502	0.0	0.0	0.0				False	liver	late	nucleotide_transformer
503	0.0	0.0	0.0				False	liver	late	nucleotide_transformer
504	0.0	0.0	0.0				False	liver	late	nucleotide_transformer
505	0.0	0.0	0.0				False	liver	late	nucleotide_transformer
507	0.0	0.0	0.0				False	liver	late	nucleotide_transformer
508	0.0	0.0	0.0				False	liver	late	nucleotide_transformer
509	0.0	0.0	0.0				False	liver	late	nucleotide_transformer
510	0.0	0.0	0.0				False	liver	late	nucleotide_transformer
511	0.0	0.0	0.0				False	liver	late	nucleotide_transformer
512	0.0	0.0	0.0				False	liver	late	nucleotide_transformer
513	0.0	0.0	0.0				False	liver	late	nucleotide_transformer
514	0.0	0.0	0.0				False	liver	late	nucleotide_transformer
515	0.0	0.0	0.0				False	liver	late	nucleotide_transformer
516	0.0	0.0	0.0				False	liver	late	nucleotide_transformer
517	0.0	0.0	0.0				False	liver	late	nucleotide_transformer
518	0.0	0.0	0.0				False	liver	late	nucleotide_transformer
520	0.0	0.0	0.0				False	liver	late	nucleotide_transformer
521	0.0	0.0	0.0				False	liver	late	nucleotide_transformer
522	0.0	0.0	0.0				False	liver	late	nucleotide_transformer
523	0.0	0.0	0.0				False	liver	late	nucleotide_transformer
524	0.0	0.0	0.0				False	liver	late	nucleotide_transformer
525	0.0	0.0	0.0				False	liver	late	nucleotide_transformer
526	0.0	0.0	0.0				False	liver	late	nucleotide_transformer
527	0.0	0.0	0.0				False	liver	late	nucleotide_transformer
528	0.0	0.0	0.0				False	liver	late	nucleotide_transformer
530	0.0	0.0	0.0				False	liver	late	nucleotide_transformer
532	0.0	0.0	0.0				False	liver	late	nucleotide_transformer
533	0.0	0.0	0.0				False	liver	late	nucleotide_transformer
534	0.0	0.0	0.0				False	liver	late	nucleotide_transformer
535	0.0	0.0	0.0				False	liver	late	nucleotide_transformer
536	0.0	0.0	0.0				False	liver	late	nucleotide_transformer
537	0.0	0.0	0.0				False	liver	late	nucleotide_transformer
538	0.0	0.0	0.0				False	liver	late	nucleotide_transformer
539	0.0	0.0	0.0				False	liver	late	nucleotide_transformer
541	0.0	0.0	0.0				False	liver	late	nucleotide_transformer
542	0.0	0.0	0.0				False	liver	late	nucleotide_transformer
543	0.0	0.0	0.0				False	liver	late	nucleotide_transformer
544	0.0	0.0	0.0				False	liver	late	nucleotide_transformer
545	0.0	0.0	0.0				False	liver	late	nucleotide_transformer
546	0.0	0.0	0.0				False	liver	late	nucleotide_transformer
547	0.0	0.0	0.0				False	liver	late	nucleotide_transformer
548	0.0	0.0	0.0				False	liver	late	nucleotide_transformer
549	0.0	0.0	0.0				False	liver	late	nucleotide_transformer
550	0.0	0.0	0.0				False	liver	late	nucleotide_transformer
551	0.0	0.0	0.0				False	liver	late	nucleotide_transformer
552	0.0	0.0	0.0				False	liver	late	nucleotide_transformer
553	0.0	0.0	0.0				False	liver	late	nucleotide_transformer
554	0.0	0.0	0.0				False	liver	late	nucleotide_transformer
555	0.0	0.0	0.0				False	liver	late	nucleotide_transformer
556	0.0	0.0	0.0				False	liver	late	nucleotide_transformer
557	0.0	0.0	0.0				False	liver	late	nucleotide_transformer
558	0.0	0.0	0.0				False	liver	late	nucleotide_transformer
559	0.0	0.0	0.0				False	liver	late	nucleotide_transformer
560	0.0	0.0	0.0				False	liver	late	nucleotide_transformer
562	0.0	0.0	0.0				False	liver	late	nucleotide_transformer
563	0.0	0.0	0.0				False	liver	late	nucleotide_transformer
564	0.0	0.0	0.0				False	liver	late	nucleotide_transformer
565	0.0	0.0	0.0				False	liver	late	nucleotide_transformer
566	0.0	0.0	0.0				False	liver	late	nucleotide_transformer
567	0.0	0.0	0.0				False	liver	late	nucleotide_transformer
568	0.0	0.0	0.0				False	liver	late	nucleotide_transformer
569	0.0	0.0	0.0				False	liver	late	nucleotide_transformer
570	0.0	0.0	0.0				False	liver	late	nucleotide_transformer
571	0.0	0.0	0.0				False	liver	late	nucleotide_transformer
572	0.0	0.0	0.0				False	liver	late	nucleotide_transformer
573	0.0	0.0	0.0				False	liver	late	nucleotide_transformer
574	0.0	0.0	0.0				False	liver	late	nucleotide_transformer
576	0.0	0.0	0.0				False	liver	late	nucleotide_transformer
577	0.0	0.0	0.0				False	liver	late	nucleotide_transformer
578	0.0	0.0	0.0				False	liver	late	nucleotide_transformer
579	0.0	0.0	0.0				False	liver	late	nucleotide_transformer
580	0.0	0.0	0.0				False	liver	late	nucleotide_transformer
581	0.0	0.0	0.0				False	liver	late	nucleotide_transformer
582	0.0	0.0	0.0				False	liver	late	nucleotide_transformer
583	0.0	0.0	0.0				False	liver	late	nucleotide_transformer
585	0.0	0.0	0.0				False	liver	late	nucleotide_transformer
586	0.0	0.0	0.0				False	liver	late	nucleotide_transformer
587	0.0	0.0	0.0				False	liver	late	nucleotide_transformer
588	0.0	0.0	0.0				False	liver	late	nucleotide_transformer
589	0.0	0.0	0.0				False	liver	late	nucleotide_transformer
591	0.0	0.0	0.0				False	liver	late	nucleotide_transformer
592	0.0	0.0	0.0				False	liver	late	nucleotide_transformer
593	0.0	0.0	0.0				False	liver	late	nucleotide_transformer
594	0.0	0.0	0.0				False	liver	late	nucleotide_transformer
596	0.0	0.0	0.0				False	liver	late	nucleotide_transformer
597	0.0	0.0	0.0				False	liver	late	nucleotide_transformer
598	0.0	0.0	0.0				False	liver	late	nucleotide_transformer
599	0.0	0.0	0.0				False	liver	late	nucleotide_transformer
600	0.0	0.0	0.0				False	liver	late	nucleotide_transformer
602	0.0	0.0	0.0				False	liver	late	nucleotide_transformer
603	0.0	0.0	0.0				False	liver	late	nucleotide_transformer
605	0.0	0.0	0.0				False	liver	late	nucleotide_transformer
606	0.0	0.0	0.0				False	liver	late	nucleotide_transformer
607	0.0	0.0	0.0				False	liver	late	nucleotide_transformer
608	0.0	0.0	0.0				False	liver	late	nucleotide_transformer
609	0.0	0.0	0.0				False	liver	late	nucleotide_transformer
610	0.0	0.0	0.0				False	liver	late	nucleotide_transformer
611	0.0	0.0	0.0				False	liver	late	nucleotide_transformer
612	0.0	0.0	0.0				False	liver	late	nucleotide_transformer
613	0.0	0.0	0.0				False	liver	late	nucleotide_transformer
614	0.0	0.0	0.0				False	liver	late	nucleotide_transformer
615	0.0	0.0	0.0				False	liver	late	nucleotide_transformer
616	0.0	0.0	0.0				False	liver	late	nucleotide_transformer
618	0.0	0.0	0.0				False	liver	late	nucleotide_transformer
619	0.0	0.0	0.0				False	liver	late	nucleotide_transformer
620	0.0	0.0	0.0				False	liver	late	nucleotide_transformer
621	0.0	0.0	0.0				False	liver	late	nucleotide_transformer
622	0.0	0.0	0.0				False	liver	late	nucleotide_transformer
624	0.0	0.0	0.0				False	liver	late	nucleotide_transformer
625	0.0	0.0	0.0				False	liver	late	nucleotide_transformer
626	0.0	0.0	0.0				False	liver	late	nucleotide_transformer
627	0.0	0.0	0.0				False	liver	late	nucleotide_transformer
628	0.0	0.0	0.0				False	liver	late	nucleotide_transformer
629	0.0	0.0	0.0				False	liver	late	nucleotide_transformer
630	0.0	0.0	0.0				False	liver	late	nucleotide_transformer
631	0.0	0.0	0.0				False	liver	late	nucleotide_transformer
632	0.0	0.0	0.0				False	liver	late	nucleotide_transformer
633	0.0	0.0	0.0				False	liver	late	nucleotide_transformer
635	0.0	0.0	0.0				False	liver	late	nucleotide_transformer
636	0.0	0.0	0.0				False	liver	late	nucleotide_transformer
637	0.0	0.0	0.0				False	liver	late	nucleotide_transformer
638	0.0	0.0	0.0				False	liver	late	nucleotide_transformer
639	0.0	0.0	0.0				False	liver	late	nucleotide_transformer
640	0.0	0.0	0.0				False	liver	late	nucleotide_transformer
641	0.0	0.0	0.0				False	liver	late	nucleotide_transformer
642	0.0	0.0	0.0				False	liver	late	nucleotide_transformer
643	0.0	0.0	0.0				False	liver	late	nucleotide_transformer
644	0.0	0.0	0.0				False	liver	late	nucleotide_transformer
645	0.0	0.0	0.0				False	liver	late	nucleotide_transformer
646	0.0	0.0	0.0				False	liver	late	nucleotide_transformer
647	0.0	0.0	0.0				False	liver	late	nucleotide_transformer
648	0.0	0.0	0.0				False	liver	late	nucleotide_transformer
649	0.0	0.0	0.0				False	liver	late	nucleotide_transformer
650	0.0	0.0	0.0				False	liver	late	nucleotide_transformer
651	0.0	0.0	0.0				False	liver	late	nucleotide_transformer
652	0.0	0.0	0.0				False	liver	late	nucleotide_transformer
653	0.0	0.0	0.0				False	liver	late	nucleotide_transformer
655	0.0	0.0	0.0				False	liver	late	nucleotide_transformer
656	0.0	0.0	0.0				False	liver	late	nucleotide_transformer
657	0.0	0.0	0.0				False	liver	late	nucleotide_transformer
658	0.0	0.0	0.0				False	liver	late	nucleotide_transformer
659	0.0	0.0	0.0				False	liver	late	nucleotide_transformer
660	0.0	0.0	0.0				False	liver	late	nucleotide_transformer
661	0.0	0.0	0.0				False	liver	late	nucleotide_transformer
662	0.0	0.0	0.0				False	liver	late	nucleotide_transformer
663	0.0	0.0	0.0				False	liver	late	nucleotide_transformer
664	0.0	0.0	0.0				False	liver	late	nucleotide_transformer
665	0.0	0.0	0.0				False	liver	late	nucleotide_transformer
666	0.0	0.0	0.0				False	liver	late	nucleotide_transformer
667	0.0	0.0	0.0				False	liver	late	nucleotide_transformer
668	0.0	0.0	0.0				False	liver	late	nucleotide_transformer
669	0.0	0.0	0.0				False	liver	late	nucleotide_transformer
671	0.0	0.0	0.0				False	liver	late	nucleotide_transformer
673	0.0	0.0	0.0				False	liver	late	nucleotide_transformer
674	0.0	0.0	0.0				False	liver	late	nucleotide_transformer
676	0.0	0.0	0.0				False	liver	late	nucleotide_transformer
677	0.0	0.0	0.0				False	liver	late	nucleotide_transformer
678	0.0	0.0	0.0				False	liver	late	nucleotide_transformer
679	0.0	0.0	0.0				False	liver	late	nucleotide_transformer
680	0.0	0.0	0.0				False	liver	late	nucleotide_transformer
681	0.0	0.0	0.0				False	liver	late	nucleotide_transformer
682	0.0	0.0	0.0				False	liver	late	nucleotide_transformer
683	0.0	0.0	0.0				False	liver	late	nucleotide_transformer
684	0.0	0.0	0.0				False	liver	late	nucleotide_transformer
686	0.0	0.0	0.0				False	liver	late	nucleotide_transformer
687	0.0	0.0	0.0				False	liver	late	nucleotide_transformer
688	0.0	0.0	0.0				False	liver	late	nucleotide_transformer
690	0.0	0.0	0.0				False	liver	late	nucleotide_transformer
691	0.0	0.0	0.0				False	liver	late	nucleotide_transformer
693	0.0	0.0	0.0				False	liver	late	nucleotide_transformer
694	0.0	0.0	0.0				False	liver	late	nucleotide_transformer
695	0.0	0.0	0.0				False	liver	late	nucleotide_transformer
696	0.0	0.0	0.0				False	liver	late	nucleotide_transformer
698	0.0	0.0	0.0				False	liver	late	nucleotide_transformer
699	0.0	0.0	0.0				False	liver	late	nucleotide_transformer
701	0.0	0.0	0.0				False	liver	late	nucleotide_transformer
702	0.0	0.0	0.0				False	liver	late	nucleotide_transformer
703	0.0	0.0	0.0				False	liver	late	nucleotide_transformer
704	0.0	0.0	0.0				False	liver	late	nucleotide_transformer
705	0.0	0.0	0.0				False	liver	late	nucleotide_transformer
706	0.0	0.0	0.0				False	liver	late	nucleotide_transformer
708	0.0	0.0	0.0				False	liver	late	nucleotide_transformer
709	0.0	0.0	0.0				False	liver	late	nucleotide_transformer
711	0.0	0.0	0.0				False	liver	late	nucleotide_transformer
712	0.0	0.0	0.0				False	liver	late	nucleotide_transformer
713	0.0	0.0	0.0				False	liver	late	nucleotide_transformer
714	0.0	0.0	0.0				False	liver	late	nucleotide_transformer
715	0.0	0.0	0.0				False	liver	late	nucleotide_transformer
716	0.0	0.0	0.0				False	liver	late	nucleotide_transformer
718	0.0	0.0	0.0				False	liver	late	nucleotide_transformer
719	0.0	0.0	0.0				False	liver	late	nucleotide_transformer
721	0.0	0.0	0.0				False	liver	late	nucleotide_transformer
722	0.0	0.0	0.0				False	liver	late	nucleotide_transformer
724	0.0	0.0	0.0				False	liver	late	nucleotide_transformer
725	0.0	0.0	0.0				False	liver	late	nucleotide_transformer
726	0.0	0.0	0.0				False	liver	late	nucleotide_transformer
727	0.0	0.0	0.0				False	liver	late	nucleotide_transformer
728	0.0	0.0	0.0				False	liver	late	nucleotide_transformer
729	0.0	0.0	0.0				False	liver	late	nucleotide_transformer
730	0.0	0.0	0.0				False	liver	late	nucleotide_transformer
731	0.0	0.0	0.0				False	liver	late	nucleotide_transformer
732	0.0	0.0	0.0				False	liver	late	nucleotide_transformer
733	0.0	0.0	0.0				False	liver	late	nucleotide_transformer
735	0.0	0.0	0.0				False	liver	late	nucleotide_transformer
736	0.0	0.0	0.0				False	liver	late	nucleotide_transformer
739	0.0	0.0	0.0				False	liver	late	nucleotide_transformer
740	0.0	0.0	0.0				False	liver	late	nucleotide_transformer
741	0.0	0.0	0.0				False	liver	late	nucleotide_transformer
742	0.0	0.0	0.0				False	liver	late	nucleotide_transformer
743	0.0	0.0	0.0				False	liver	late	nucleotide_transformer
744	0.0	0.0	0.0				False	liver	late	nucleotide_transformer
746	0.0	0.0	0.0				False	liver	late	nucleotide_transformer
747	0.0	0.0	0.0				False	liver	late	nucleotide_transformer
748	0.0	0.0	0.0				False	liver	late	nucleotide_transformer
749	0.0	0.0	0.0				False	liver	late	nucleotide_transformer
751	0.0	0.0	0.0				False	liver	late	nucleotide_transformer
752	0.0	0.0	0.0				False	liver	late	nucleotide_transformer
753	0.0	0.0	0.0				False	liver	late	nucleotide_transformer
754	0.0	0.0	0.0				False	liver	late	nucleotide_transformer
755	0.0	0.0	0.0				False	liver	late	nucleotide_transformer
756	0.0	0.0	0.0				False	liver	late	nucleotide_transformer
758	0.0	0.0	0.0				False	liver	late	nucleotide_transformer
759	0.0	0.0	0.0				False	liver	late	nucleotide_transformer
760	0.0	0.0	0.0				False	liver	late	nucleotide_transformer
762	0.0	0.0	0.0				False	liver	late	nucleotide_transformer
763	0.0	0.0	0.0				False	liver	late	nucleotide_transformer
764	0.0	0.0	0.0				False	liver	late	nucleotide_transformer
765	0.0	0.0	0.0				False	liver	late	nucleotide_transformer
766	0.0	0.0	0.0				False	liver	late	nucleotide_transformer
767	0.0	0.0	0.0				False	liver	late	nucleotide_transformer
768	0.0	0.0	0.0				False	liver	late	nucleotide_transformer
769	0.0	0.0	0.0				False	liver	late	nucleotide_transformer
770	0.0	0.0	0.0				False	liver	late	nucleotide_transformer
771	0.0	0.0	0.0				False	liver	late	nucleotide_transformer
772	0.0	0.0	0.0				False	liver	late	nucleotide_transformer
773	0.0	0.0	0.0				False	liver	late	nucleotide_transformer
774	0.0	0.0	0.0				False	liver	late	nucleotide_transformer
776	0.0	0.0	0.0				False	liver	late	nucleotide_transformer
778	0.0	0.0	0.0				False	liver	late	nucleotide_transformer
779	0.0	0.0	0.0				False	liver	late	nucleotide_transformer
781	0.0	0.0	0.0				False	liver	late	nucleotide_transformer
783	0.0	0.0	0.0				False	liver	late	nucleotide_transformer
784	0.0	0.0	0.0				False	liver	late	nucleotide_transformer
785	0.0	0.0	0.0				False	liver	late	nucleotide_transformer
786	0.0	0.0	0.0				False	liver	late	nucleotide_transformer
789	0.0	0.0	0.0				False	liver	late	nucleotide_transformer
791	0.0	0.0	0.0				False	liver	late	nucleotide_transformer
792	0.0	0.0	0.0				False	liver	late	nucleotide_transformer
793	0.0	0.0	0.0				False	liver	late	nucleotide_transformer
794	0.0	0.0	0.0				False	liver	late	nucleotide_transformer
795	0.0	0.0	0.0				False	liver	late	nucleotide_transformer
796	0.0	0.0	0.0				False	liver	late	nucleotide_transformer
797	0.0	0.0	0.0				False	liver	late	nucleotide_transformer
798	0.0	0.0	0.0				False	liver	late	nucleotide_transformer
799	0.0	0.0	0.0				False	liver	late	nucleotide_transformer
800	0.0	0.0	0.0				False	liver	late	nucleotide_transformer
801	0.0	0.0	0.0				False	liver	late	nucleotide_transformer
802	0.0	0.0	0.0				False	liver	late	nucleotide_transformer
803	0.0	0.0	0.0				False	liver	late	nucleotide_transformer
805	0.0	0.0	0.0				False	liver	late	nucleotide_transformer
806	0.0	0.0	0.0				False	liver	late	nucleotide_transformer
807	0.0	0.0	0.0				False	liver	late	nucleotide_transformer
808	0.0	0.0	0.0				False	liver	late	nucleotide_transformer
809	0.0	0.0	0.0				False	liver	late	nucleotide_transformer
810	0.0	0.0	0.0				False	liver	late	nucleotide_transformer
811	0.0	0.0	0.0				False	liver	late	nucleotide_transformer
812	0.0	0.0	0.0				False	liver	late	nucleotide_transformer
814	0.0	0.0	0.0				False	liver	late	nucleotide_transformer
816	0.0	0.0	0.0				False	liver	late	nucleotide_transformer
817	0.0	0.0	0.0				False	liver	late	nucleotide_transformer
818	0.0	0.0	0.0				False	liver	late	nucleotide_transformer
820	0.0	0.0	0.0				False	liver	late	nucleotide_transformer
821	0.0	0.0	0.0				False	liver	late	nucleotide_transformer
822	0.0	0.0	0.0				False	liver	late	nucleotide_transformer
823	0.0	0.0	0.0				False	liver	late	nucleotide_transformer
824	0.0	0.0	0.0				False	liver	late	nucleotide_transformer
827	0.0	0.0	0.0				False	liver	late	nucleotide_transformer
829	0.0	0.0	0.0				False	liver	late	nucleotide_transformer
831	0.0	0.0	0.0				False	liver	late	nucleotide_transformer
832	0.0	0.0	0.0				False	liver	late	nucleotide_transformer
833	0.0	0.0	0.0				False	liver	late	nucleotide_transformer
834	0.0	0.0	0.0				False	liver	late	nucleotide_transformer
835	0.0	0.0	0.0				False	liver	late	nucleotide_transformer
836	0.0	0.0	0.0				False	liver	late	nucleotide_transformer
838	0.0	0.0	0.0				False	liver	late	nucleotide_transformer
839	0.0	0.0	0.0				False	liver	late	nucleotide_transformer
840	0.0	0.0	0.0				False	liver	late	nucleotide_transformer
841	0.0	0.0	0.0				False	liver	late	nucleotide_transformer
842	0.0	0.0	0.0				False	liver	late	nucleotide_transformer
844	0.0	0.0	0.0				False	liver	late	nucleotide_transformer
847	0.0	0.0	0.0				False	liver	late	nucleotide_transformer
848	0.0	0.0	0.0				False	liver	late	nucleotide_transformer
849	0.0	0.0	0.0				False	liver	late	nucleotide_transformer
850	0.0	0.0	0.0				False	liver	late	nucleotide_transformer
851	0.0	0.0	0.0				False	liver	late	nucleotide_transformer
852	0.0	0.0	0.0				False	liver	late	nucleotide_transformer
853	0.0	0.0	0.0				False	liver	late	nucleotide_transformer
854	0.0	0.0	0.0				False	liver	late	nucleotide_transformer
855	0.0	0.0	0.0				False	liver	late	nucleotide_transformer
856	0.0	0.0	0.0				False	liver	late	nucleotide_transformer
857	0.0	0.0	0.0				False	liver	late	nucleotide_transformer
858	0.0	0.0	0.0				False	liver	late	nucleotide_transformer
859	0.0	0.0	0.0				False	liver	late	nucleotide_transformer
860	0.0	0.0	0.0				False	liver	late	nucleotide_transformer
861	0.0	0.0	0.0				False	liver	late	nucleotide_transformer
862	0.0	0.0	0.0				False	liver	late	nucleotide_transformer
863	0.0	0.0	0.0				False	liver	late	nucleotide_transformer
865	0.0	0.0	0.0				False	liver	late	nucleotide_transformer
866	0.0	0.0	0.0				False	liver	late	nucleotide_transformer
867	0.0	0.0	0.0				False	liver	late	nucleotide_transformer
868	0.0	0.0	0.0				False	liver	late	nucleotide_transformer
869	0.0	0.0	0.0				False	liver	late	nucleotide_transformer
870	0.0	0.0	0.0				False	liver	late	nucleotide_transformer
871	0.0	0.0	0.0				False	liver	late	nucleotide_transformer
872	0.0	0.0	0.0				False	liver	late	nucleotide_transformer
873	0.0	0.0	0.0				False	liver	late	nucleotide_transformer
874	0.0	0.0	0.0				False	liver	late	nucleotide_transformer
875	0.0	0.0	0.0				False	liver	late	nucleotide_transformer
876	0.0	0.0	0.0				False	liver	late	nucleotide_transformer
877	0.0	0.0	0.0				False	liver	late	nucleotide_transformer
878	0.0	0.0	0.0				False	liver	late	nucleotide_transformer
879	0.0	0.0	0.0				False	liver	late	nucleotide_transformer
880	0.0	0.0	0.0				False	liver	late	nucleotide_transformer
881	0.0	0.0	0.0				False	liver	late	nucleotide_transformer
883	0.0	0.0	0.0				False	liver	late	nucleotide_transformer
884	0.0	0.0	0.0				False	liver	late	nucleotide_transformer
885	0.0	0.0	0.0				False	liver	late	nucleotide_transformer
886	0.0	0.0	0.0				False	liver	late	nucleotide_transformer
887	0.0	0.0	0.0				False	liver	late	nucleotide_transformer
888	0.0	0.0	0.0				False	liver	late	nucleotide_transformer
889	0.0	0.0	0.0				False	liver	late	nucleotide_transformer
890	0.0	0.0	0.0				False	liver	late	nucleotide_transformer
893	0.0	0.0	0.0				False	liver	late	nucleotide_transformer
894	0.0	0.0	0.0				False	liver	late	nucleotide_transformer
895	0.0	0.0	0.0				False	liver	late	nucleotide_transformer
896	0.0	0.0	0.0				False	liver	late	nucleotide_transformer
897	0.0	0.0	0.0				False	liver	late	nucleotide_transformer
898	0.0	0.0	0.0				False	liver	late	nucleotide_transformer
899	0.0	0.0	0.0				False	liver	late	nucleotide_transformer
900	0.0	0.0	0.0				False	liver	late	nucleotide_transformer
902	0.0	0.0	0.0				False	liver	late	nucleotide_transformer
903	0.0	0.0	0.0				False	liver	late	nucleotide_transformer
904	0.0	0.0	0.0				False	liver	late	nucleotide_transformer
905	0.0	0.0	0.0				False	liver	late	nucleotide_transformer
907	0.0	0.0	0.0				False	liver	late	nucleotide_transformer
909	0.0	0.0	0.0				False	liver	late	nucleotide_transformer
910	0.0	0.0	0.0				False	liver	late	nucleotide_transformer
911	0.0	0.0	0.0				False	liver	late	nucleotide_transformer
912	0.0	0.0	0.0				False	liver	late	nucleotide_transformer
913	0.0	0.0	0.0				False	liver	late	nucleotide_transformer
914	0.0	0.0	0.0				False	liver	late	nucleotide_transformer
915	0.0	0.0	0.0				False	liver	late	nucleotide_transformer
916	0.0	0.0	0.0				False	liver	late	nucleotide_transformer
917	0.0	0.0	0.0				False	liver	late	nucleotide_transformer
918	0.0	0.0	0.0				False	liver	late	nucleotide_transformer
919	0.0	0.0	0.0				False	liver	late	nucleotide_transformer
921	0.0	0.0	0.0				False	liver	late	nucleotide_transformer
922	0.0	0.0	0.0				False	liver	late	nucleotide_transformer
923	0.0	0.0	0.0				False	liver	late	nucleotide_transformer
924	0.0	0.0	0.0				False	liver	late	nucleotide_transformer
925	0.0	0.0	0.0				False	liver	late	nucleotide_transformer
926	0.0	0.0	0.0				False	liver	late	nucleotide_transformer
927	0.0	0.0	0.0				False	liver	late	nucleotide_transformer
928	0.0	0.0	0.0				False	liver	late	nucleotide_transformer
929	0.0	0.0	0.0				False	liver	late	nucleotide_transformer
930	0.0	0.0	0.0				False	liver	late	nucleotide_transformer
931	0.0	0.0	0.0				False	liver	late	nucleotide_transformer
932	0.0	0.0	0.0				False	liver	late	nucleotide_transformer
933	0.0	0.0	0.0				False	liver	late	nucleotide_transformer
934	0.0	0.0	0.0				False	liver	late	nucleotide_transformer
935	0.0	0.0	0.0				False	liver	late	nucleotide_transformer
936	0.0	0.0	0.0				False	liver	late	nucleotide_transformer
937	0.0	0.0	0.0				False	liver	late	nucleotide_transformer
938	0.0	0.0	0.0				False	liver	late	nucleotide_transformer
939	0.0	0.0	0.0				False	liver	late	nucleotide_transformer
940	0.0	0.0	0.0				False	liver	late	nucleotide_transformer
941	0.0	0.0	0.0				False	liver	late	nucleotide_transformer
942	0.0	0.0	0.0				False	liver	late	nucleotide_transformer
943	0.0	0.0	0.0				False	liver	late	nucleotide_transformer
944	0.0	0.0	0.0				False	liver	late	nucleotide_transformer
945	0.0	0.0	0.0				False	liver	late	nucleotide_transformer
946	0.0	0.0	0.0				False	liver	late	nucleotide_transformer
949	0.0	0.0	0.0				False	liver	late	nucleotide_transformer
951	0.0	0.0	0.0				False	liver	late	nucleotide_transformer
953	0.0	0.0	0.0				False	liver	late	nucleotide_transformer
955	0.0	0.0	0.0				False	liver	late	nucleotide_transformer
957	0.0	0.0	0.0				False	liver	late	nucleotide_transformer
958	0.0	0.0	0.0				False	liver	late	nucleotide_transformer
961	0.0	0.0	0.0				False	liver	late	nucleotide_transformer
962	0.0	0.0	0.0				False	liver	late	nucleotide_transformer
963	0.0	0.0	0.0				False	liver	late	nucleotide_transformer
964	0.0	0.0	0.0				False	liver	late	nucleotide_transformer
965	0.0	0.0	0.0				False	liver	late	nucleotide_transformer
967	0.0	0.0	0.0				False	liver	late	nucleotide_transformer
968	0.0	0.0	0.0				False	liver	late	nucleotide_transformer
969	0.0	0.0	0.0				False	liver	late	nucleotide_transformer
970	0.0	0.0	0.0				False	liver	late	nucleotide_transformer
971	0.0	0.0	0.0				False	liver	late	nucleotide_transformer
972	0.0	0.0	0.0				False	liver	late	nucleotide_transformer
973	0.0	0.0	0.0				False	liver	late	nucleotide_transformer
974	0.0	0.0	0.0				False	liver	late	nucleotide_transformer
975	0.0	0.0	0.0				False	liver	late	nucleotide_transformer
976	0.0	0.0	0.0				False	liver	late	nucleotide_transformer
977	0.0	0.0	0.0				False	liver	late	nucleotide_transformer
978	0.0	0.0	0.0				False	liver	late	nucleotide_transformer
979	0.0	0.0	0.0				False	liver	late	nucleotide_transformer
980	0.0	0.0	0.0				False	liver	late	nucleotide_transformer
981	0.0	0.0	0.0				False	liver	late	nucleotide_transformer
983	0.0	0.0	0.0				False	liver	late	nucleotide_transformer
984	0.0	0.0	0.0				False	liver	late	nucleotide_transformer
986	0.0	0.0	0.0				False	liver	late	nucleotide_transformer
987	0.0	0.0	0.0				False	liver	late	nucleotide_transformer
988	0.0	0.0	0.0				False	liver	late	nucleotide_transformer
989	0.0	0.0	0.0				False	liver	late	nucleotide_transformer
990	0.0	0.0	0.0				False	liver	late	nucleotide_transformer
991	0.0	0.0	0.0				False	liver	late	nucleotide_transformer
992	0.0	0.0	0.0				False	liver	late	nucleotide_transformer
994	0.0	0.0	0.0				False	liver	late	nucleotide_transformer
995	0.0	0.0	0.0				False	liver	late	nucleotide_transformer
996	0.0	0.0	0.0				False	liver	late	nucleotide_transformer
997	0.0	0.0	0.0				False	liver	late	nucleotide_transformer
998	0.0	0.0	0.0				False	liver	late	nucleotide_transformer
999	0.0	0.0	0.0				False	liver	late	nucleotide_transformer
1000	0.0	0.0	0.0				False	liver	late	nucleotide_transformer
1002	0.0	0.0	0.0				False	liver	late	nucleotide_transformer
1003	0.0	0.0	0.0				False	liver	late	nucleotide_transformer
1004	0.0	0.0	0.0				False	liver	late	nucleotide_transformer
1005	0.0	0.0	0.0				False	liver	late	nucleotide_transformer
1006	0.0	0.0	0.0				False	liver	late	nucleotide_transformer
1007	0.0	0.0	0.0				False	liver	late	nucleotide_transformer
1008	0.0	0.0	0.0				False	liver	late	nucleotide_transformer
1009	0.0	0.0	0.0				False	liver	late	nucleotide_transformer
1010	0.0	0.0	0.0				False	liver	late	nucleotide_transformer
1011	0.0	0.0	0.0				False	liver	late	nucleotide_transformer
1012	0.0	0.0	0.0				False	liver	late	nucleotide_transformer
1013	0.0	0.0	0.0				False	liver	late	nucleotide_transformer
1014	0.0	0.0	0.0				False	liver	late	nucleotide_transformer
1015	0.0	0.0	0.0				False	liver	late	nucleotide_transformer
1018	0.0	0.0	0.0				False	liver	late	nucleotide_transformer
1019	0.0	0.0	0.0				False	liver	late	nucleotide_transformer
1020	0.0	0.0	0.0				False	liver	late	nucleotide_transformer
1021	0.0	0.0	0.0				False	liver	late	nucleotide_transformer
1022	0.0	0.0	0.0				False	liver	late	nucleotide_transformer
1024	0.0	0.0	0.0				False	liver	late	nucleotide_transformer
1025	0.0	0.0	0.0				False	liver	late	nucleotide_transformer
1026	0.0	0.0	0.0				False	liver	late	nucleotide_transformer
1027	0.0	0.0	0.0				False	liver	late	nucleotide_transformer
1028	0.0	0.0	0.0				False	liver	late	nucleotide_transformer
1029	0.0	0.0	0.0				False	liver	late	nucleotide_transformer
1030	0.0	0.0	0.0				False	liver	late	nucleotide_transformer
1031	0.0	0.0	0.0				False	liver	late	nucleotide_transformer
1033	0.0	0.0	0.0				False	liver	late	nucleotide_transformer
1034	0.0	0.0	0.0				False	liver	late	nucleotide_transformer
1035	0.0	0.0	0.0				False	liver	late	nucleotide_transformer
1036	0.0	0.0	0.0				False	liver	late	nucleotide_transformer
1038	0.0	0.0	0.0				False	liver	late	nucleotide_transformer
1039	0.0	0.0	0.0				False	liver	late	nucleotide_transformer
1042	0.0	0.0	0.0				False	liver	late	nucleotide_transformer
1043	0.0	0.0	0.0				False	liver	late	nucleotide_transformer
1044	0.0	0.0	0.0				False	liver	late	nucleotide_transformer
1045	0.0	0.0	0.0				False	liver	late	nucleotide_transformer
1046	0.0	0.0	0.0				False	liver	late	nucleotide_transformer
1047	0.0	0.0	0.0				False	liver	late	nucleotide_transformer
1048	0.0	0.0	0.0				False	liver	late	nucleotide_transformer
1049	0.0	0.0	0.0				False	liver	late	nucleotide_transformer
1050	0.0	0.0	0.0				False	liver	late	nucleotide_transformer
1051	0.0	0.0	0.0				False	liver	late	nucleotide_transformer
1052	0.0	0.0	0.0				False	liver	late	nucleotide_transformer
1053	0.0	0.0	0.0				False	liver	late	nucleotide_transformer
1054	0.0	0.0	0.0				False	liver	late	nucleotide_transformer
1055	0.0	0.0	0.0				False	liver	late	nucleotide_transformer
1057	0.0	0.0	0.0				False	liver	late	nucleotide_transformer
1060	0.0	0.0	0.0				False	liver	late	nucleotide_transformer
1061	0.0	0.0	0.0				False	liver	late	nucleotide_transformer
1062	0.0	0.0	0.0				False	liver	late	nucleotide_transformer
1064	0.0	0.0	0.0				False	liver	late	nucleotide_transformer
1065	0.0	0.0	0.0				False	liver	late	nucleotide_transformer
1066	0.0	0.0	0.0				False	liver	late	nucleotide_transformer
1067	0.0	0.0	0.0				False	liver	late	nucleotide_transformer
1068	0.0	0.0	0.0				False	liver	late	nucleotide_transformer
1070	0.0	0.0	0.0				False	liver	late	nucleotide_transformer
1071	0.0	0.0	0.0				False	liver	late	nucleotide_transformer
1072	0.0	0.0	0.0				False	liver	late	nucleotide_transformer
1073	0.0	0.0	0.0				False	liver	late	nucleotide_transformer
1074	0.0	0.0	0.0				False	liver	late	nucleotide_transformer
1075	0.0	0.0	0.0				False	liver	late	nucleotide_transformer
1076	0.0	0.0	0.0				False	liver	late	nucleotide_transformer
1077	0.0	0.0	0.0				False	liver	late	nucleotide_transformer
1078	0.0	0.0	0.0				False	liver	late	nucleotide_transformer
1079	0.0	0.0	0.0				False	liver	late	nucleotide_transformer
1080	0.0	0.0	0.0				False	liver	late	nucleotide_transformer
1081	0.0	0.0	0.0				False	liver	late	nucleotide_transformer
1082	0.0	0.0	0.0				False	liver	late	nucleotide_transformer
1083	0.0	0.0	0.0				False	liver	late	nucleotide_transformer
1084	0.0	0.0	0.0				False	liver	late	nucleotide_transformer
1085	0.0	0.0	0.0				False	liver	late	nucleotide_transformer
1087	0.0	0.0	0.0				False	liver	late	nucleotide_transformer
1088	0.0	0.0	0.0				False	liver	late	nucleotide_transformer
1089	0.0	0.0	0.0				False	liver	late	nucleotide_transformer
1091	0.0	0.0	0.0				False	liver	late	nucleotide_transformer
1092	0.0	0.0	0.0				False	liver	late	nucleotide_transformer
1093	0.0	0.0	0.0				False	liver	late	nucleotide_transformer
1094	0.0	0.0	0.0				False	liver	late	nucleotide_transformer
1095	0.0	0.0	0.0				False	liver	late	nucleotide_transformer
1096	0.0	0.0	0.0				False	liver	late	nucleotide_transformer
1097	0.0	0.0	0.0				False	liver	late	nucleotide_transformer
1098	0.0	0.0	0.0				False	liver	late	nucleotide_transformer
1099	0.0	0.0	0.0				False	liver	late	nucleotide_transformer
1100	0.0	0.0	0.0				False	liver	late	nucleotide_transformer
1101	0.0	0.0	0.0				False	liver	late	nucleotide_transformer
1102	0.0	0.0	0.0				False	liver	late	nucleotide_transformer
1103	0.0	0.0	0.0				False	liver	late	nucleotide_transformer
1104	0.0	0.0	0.0				False	liver	late	nucleotide_transformer
1105	0.0	0.0	0.0				False	liver	late	nucleotide_transformer
1106	0.0	0.0	0.0				False	liver	late	nucleotide_transformer
1107	0.0	0.0	0.0				False	liver	late	nucleotide_transformer
1109	0.0	0.0	0.0				False	liver	late	nucleotide_transformer
1110	0.0	0.0	0.0				False	liver	late	nucleotide_transformer
1111	0.0	0.0	0.0				False	liver	late	nucleotide_transformer
1112	0.0	0.0	0.0				False	liver	late	nucleotide_transformer
1113	0.0	0.0	0.0				False	liver	late	nucleotide_transformer
1114	0.0	0.0	0.0				False	liver	late	nucleotide_transformer
1115	0.0	0.0	0.0				False	liver	late	nucleotide_transformer
1116	0.0	0.0	0.0				False	liver	late	nucleotide_transformer
1117	0.0	0.0	0.0				False	liver	late	nucleotide_transformer
1118	0.0	0.0	0.0				False	liver	late	nucleotide_transformer
1120	0.0	0.0	0.0				False	liver	late	nucleotide_transformer
1121	0.0	0.0	0.0				False	liver	late	nucleotide_transformer
1123	0.0	0.0	0.0				False	liver	late	nucleotide_transformer
1124	0.0	0.0	0.0				False	liver	late	nucleotide_transformer
1125	0.0	0.0	0.0				False	liver	late	nucleotide_transformer
1126	0.0	0.0	0.0				False	liver	late	nucleotide_transformer
1127	0.0	0.0	0.0				False	liver	late	nucleotide_transformer
1128	0.0	0.0	0.0				False	liver	late	nucleotide_transformer
1129	0.0	0.0	0.0				False	liver	late	nucleotide_transformer
1130	0.0	0.0	0.0				False	liver	late	nucleotide_transformer
1131	0.0	0.0	0.0				False	liver	late	nucleotide_transformer
1134	0.0	0.0	0.0				False	liver	late	nucleotide_transformer
1135	0.0	0.0	0.0				False	liver	late	nucleotide_transformer
1136	0.0	0.0	0.0				False	liver	late	nucleotide_transformer
1137	0.0	0.0	0.0				False	liver	late	nucleotide_transformer
1138	0.0	0.0	0.0				False	liver	late	nucleotide_transformer
1140	0.0	0.0	0.0				False	liver	late	nucleotide_transformer
1141	0.0	0.0	0.0				False	liver	late	nucleotide_transformer
1142	0.0	0.0	0.0				False	liver	late	nucleotide_transformer
1143	0.0	0.0	0.0				False	liver	late	nucleotide_transformer
1144	0.0	0.0	0.0				False	liver	late	nucleotide_transformer
1145	0.0	0.0	0.0				False	liver	late	nucleotide_transformer
1146	0.0	0.0	0.0				False	liver	late	nucleotide_transformer
1147	0.0	0.0	0.0				False	liver	late	nucleotide_transformer
1149	0.0	0.0	0.0				False	liver	late	nucleotide_transformer
1150	0.0	0.0	0.0				False	liver	late	nucleotide_transformer
1151	0.0	0.0	0.0				False	liver	late	nucleotide_transformer
1152	0.0	0.0	0.0				False	liver	late	nucleotide_transformer
1153	0.0	0.0	0.0				False	liver	late	nucleotide_transformer
1155	0.0	0.0	0.0				False	liver	late	nucleotide_transformer
1156	0.0	0.0	0.0				False	liver	late	nucleotide_transformer
1157	0.0	0.0	0.0				False	liver	late	nucleotide_transformer
1158	0.0	0.0	0.0				False	liver	late	nucleotide_transformer
1159	0.0	0.0	0.0				False	liver	late	nucleotide_transformer
1160	0.0	0.0	0.0				False	liver	late	nucleotide_transformer
1161	0.0	0.0	0.0				False	liver	late	nucleotide_transformer
1162	0.0	0.0	0.0				False	liver	late	nucleotide_transformer
1163	0.0	0.0	0.0				False	liver	late	nucleotide_transformer
1164	0.0	0.0	0.0				False	liver	late	nucleotide_transformer
1165	0.0	0.0	0.0				False	liver	late	nucleotide_transformer
1166	0.0	0.0	0.0				False	liver	late	nucleotide_transformer
1167	0.0	0.0	0.0				False	liver	late	nucleotide_transformer
1168	0.0	0.0	0.0				False	liver	late	nucleotide_transformer
1169	0.0	0.0	0.0				False	liver	late	nucleotide_transformer
1170	0.0	0.0	0.0				False	liver	late	nucleotide_transformer
1171	0.0	0.0	0.0				False	liver	late	nucleotide_transformer
1172	0.0	0.0	0.0				False	liver	late	nucleotide_transformer
1173	0.0	0.0	0.0				False	liver	late	nucleotide_transformer
1174	0.0	0.0	0.0				False	liver	late	nucleotide_transformer
1175	0.0	0.0	0.0				False	liver	late	nucleotide_transformer
1176	0.0	0.0	0.0				False	liver	late	nucleotide_transformer
1177	0.0	0.0	0.0				False	liver	late	nucleotide_transformer
1178	0.0	0.0	0.0				False	liver	late	nucleotide_transformer
1179	0.0	0.0	0.0				False	liver	late	nucleotide_transformer
1181	0.0	0.0	0.0				False	liver	late	nucleotide_transformer
1182	0.0	0.0	0.0				False	liver	late	nucleotide_transformer
1183	0.0	0.0	0.0				False	liver	late	nucleotide_transformer
1185	0.0	0.0	0.0				False	liver	late	nucleotide_transformer
1187	0.0	0.0	0.0				False	liver	late	nucleotide_transformer
1190	0.0	0.0	0.0				False	liver	late	nucleotide_transformer
1191	0.0	0.0	0.0				False	liver	late	nucleotide_transformer
1192	0.0	0.0	0.0				False	liver	late	nucleotide_transformer
1193	0.0	0.0	0.0				False	liver	late	nucleotide_transformer
1194	0.0	0.0	0.0				False	liver	late	nucleotide_transformer
1195	0.0	0.0	0.0				False	liver	late	nucleotide_transformer
1196	0.0	0.0	0.0				False	liver	late	nucleotide_transformer
1197	0.0	0.0	0.0				False	liver	late	nucleotide_transformer
1198	0.0	0.0	0.0				False	liver	late	nucleotide_transformer
1199	0.0	0.0	0.0				False	liver	late	nucleotide_transformer
1200	0.0	0.0	0.0				False	liver	late	nucleotide_transformer
1201	0.0	0.0	0.0				False	liver	late	nucleotide_transformer
1202	0.0	0.0	0.0				False	liver	late	nucleotide_transformer
1203	0.0	0.0	0.0				False	liver	late	nucleotide_transformer
1204	0.0	0.0	0.0				False	liver	late	nucleotide_transformer
1205	0.0	0.0	0.0				False	liver	late	nucleotide_transformer
1206	0.0	0.0	0.0				False	liver	late	nucleotide_transformer
1208	0.0	0.0	0.0				False	liver	late	nucleotide_transformer
1209	0.0	0.0	0.0				False	liver	late	nucleotide_transformer
1210	0.0	0.0	0.0				False	liver	late	nucleotide_transformer
1211	0.0	0.0	0.0				False	liver	late	nucleotide_transformer
1212	0.0	0.0	0.0				False	liver	late	nucleotide_transformer
1213	0.0	0.0	0.0				False	liver	late	nucleotide_transformer
1214	0.0	0.0	0.0				False	liver	late	nucleotide_transformer
1215	0.0	0.0	0.0				False	liver	late	nucleotide_transformer
1216	0.0	0.0	0.0				False	liver	late	nucleotide_transformer
1217	0.0	0.0	0.0				False	liver	late	nucleotide_transformer
1218	0.0	0.0	0.0				False	liver	late	nucleotide_transformer
1219	0.0	0.0	0.0				False	liver	late	nucleotide_transformer
1220	0.0	0.0	0.0				False	liver	late	nucleotide_transformer
1221	0.0	0.0	0.0				False	liver	late	nucleotide_transformer
1222	0.0	0.0	0.0				False	liver	late	nucleotide_transformer
1223	0.0	0.0	0.0				False	liver	late	nucleotide_transformer
1224	0.0	0.0	0.0				False	liver	late	nucleotide_transformer
1226	0.0	0.0	0.0				False	liver	late	nucleotide_transformer
1227	0.0	0.0	0.0				False	liver	late	nucleotide_transformer
1228	0.0	0.0	0.0				False	liver	late	nucleotide_transformer
1229	0.0	0.0	0.0				False	liver	late	nucleotide_transformer
1230	0.0	0.0	0.0				False	liver	late	nucleotide_transformer
1231	0.0	0.0	0.0				False	liver	late	nucleotide_transformer
1233	0.0	0.0	0.0				False	liver	late	nucleotide_transformer
1234	0.0	0.0	0.0				False	liver	late	nucleotide_transformer
1235	0.0	0.0	0.0				False	liver	late	nucleotide_transformer
1236	0.0	0.0	0.0				False	liver	late	nucleotide_transformer
1237	0.0	0.0	0.0				False	liver	late	nucleotide_transformer
1238	0.0	0.0	0.0				False	liver	late	nucleotide_transformer
1239	0.0	0.0	0.0				False	liver	late	nucleotide_transformer
1240	0.0	0.0	0.0				False	liver	late	nucleotide_transformer
1241	0.0	0.0	0.0				False	liver	late	nucleotide_transformer
1242	0.0	0.0	0.0				False	liver	late	nucleotide_transformer
1243	0.0	0.0	0.0				False	liver	late	nucleotide_transformer
1245	0.0	0.0	0.0				False	liver	late	nucleotide_transformer
1247	0.0	0.0	0.0				False	liver	late	nucleotide_transformer
1248	0.0	0.0	0.0				False	liver	late	nucleotide_transformer
1249	0.0	0.0	0.0				False	liver	late	nucleotide_transformer
1250	0.0	0.0	0.0				False	liver	late	nucleotide_transformer
1252	0.0	0.0	0.0				False	liver	late	nucleotide_transformer
1253	0.0	0.0	0.0				False	liver	late	nucleotide_transformer
1254	0.0	0.0	0.0				False	liver	late	nucleotide_transformer
1255	0.0	0.0	0.0				False	liver	late	nucleotide_transformer
1256	0.0	0.0	0.0				False	liver	late	nucleotide_transformer
1257	0.0	0.0	0.0				False	liver	late	nucleotide_transformer
1258	0.0	0.0	0.0				False	liver	late	nucleotide_transformer
1259	0.0	0.0	0.0				False	liver	late	nucleotide_transformer
1260	0.0	0.0	0.0				False	liver	late	nucleotide_transformer
1261	0.0	0.0	0.0				False	liver	late	nucleotide_transformer
1262	0.0	0.0	0.0				False	liver	late	nucleotide_transformer
1263	0.0	0.0	0.0				False	liver	late	nucleotide_transformer
1264	0.0	0.0	0.0				False	liver	late	nucleotide_transformer
1265	0.0	0.0	0.0				False	liver	late	nucleotide_transformer
1266	0.0	0.0	0.0				False	liver	late	nucleotide_transformer
1267	0.0	0.0	0.0				False	liver	late	nucleotide_transformer
1270	0.0	0.0	0.0				False	liver	late	nucleotide_transformer
1271	0.0	0.0	0.0				False	liver	late	nucleotide_transformer
1272	0.0	0.0	0.0				False	liver	late	nucleotide_transformer
1273	0.0	0.0	0.0				False	liver	late	nucleotide_transformer
1274	0.0	0.0	0.0				False	liver	late	nucleotide_transformer
1275	0.0	0.0	0.0				False	liver	late	nucleotide_transformer
1276	0.0	0.0	0.0				False	liver	late	nucleotide_transformer
1277	0.0	0.0	0.0				False	liver	late	nucleotide_transformer
1278	0.0	0.0	0.0				False	liver	late	nucleotide_transformer
1279	0.0	0.0	0.0				False	liver	late	nucleotide_transformer
1280	0.0	0.0	0.0				False	liver	late	nucleotide_transformer
1281	0.0	0.0	0.0				False	liver	late	nucleotide_transformer
1282	0.0	0.0	0.0				False	liver	late	nucleotide_transformer
1283	0.0	0.0	0.0				False	liver	late	nucleotide_transformer
1285	0.0	0.0	0.0				False	liver	late	nucleotide_transformer
1286	0.0	0.0	0.0				False	liver	late	nucleotide_transformer
1290	0.0	0.0	0.0				False	liver	late	nucleotide_transformer
1291	0.0	0.0	0.0				False	liver	late	nucleotide_transformer
1292	0.0	0.0	0.0				False	liver	late	nucleotide_transformer
1294	0.0	0.0	0.0				False	liver	late	nucleotide_transformer
1296	0.0	0.0	0.0				False	liver	late	nucleotide_transformer
1299	0.0	0.0	0.0				False	liver	late	nucleotide_transformer
1300	0.0	0.0	0.0				False	liver	late	nucleotide_transformer
1301	0.0	0.0	0.0				False	liver	late	nucleotide_transformer
1302	0.0	0.0	0.0				False	liver	late	nucleotide_transformer
1303	0.0	0.0	0.0				False	liver	late	nucleotide_transformer
1304	0.0	0.0	0.0				False	liver	late	nucleotide_transformer
1305	0.0	0.0	0.0				False	liver	late	nucleotide_transformer
1306	0.0	0.0	0.0				False	liver	late	nucleotide_transformer
1307	0.0	0.0	0.0				False	liver	late	nucleotide_transformer
1308	0.0	0.0	0.0				False	liver	late	nucleotide_transformer
1309	0.0	0.0	0.0				False	liver	late	nucleotide_transformer
1310	0.0	0.0	0.0				False	liver	late	nucleotide_transformer
1311	0.0	0.0	0.0				False	liver	late	nucleotide_transformer
1312	0.0	0.0	0.0				False	liver	late	nucleotide_transformer
1313	0.0	0.0	0.0				False	liver	late	nucleotide_transformer
1315	0.0	0.0	0.0				False	liver	late	nucleotide_transformer
1316	0.0	0.0	0.0				False	liver	late	nucleotide_transformer
1317	0.0	0.0	0.0				False	liver	late	nucleotide_transformer
1318	0.0	0.0	0.0				False	liver	late	nucleotide_transformer
1319	0.0	0.0	0.0				False	liver	late	nucleotide_transformer
1320	0.0	0.0	0.0				False	liver	late	nucleotide_transformer
1321	0.0	0.0	0.0				False	liver	late	nucleotide_transformer
1322	0.0	0.0	0.0				False	liver	late	nucleotide_transformer
1323	0.0	0.0	0.0				False	liver	late	nucleotide_transformer
1324	0.0	0.0	0.0				False	liver	late	nucleotide_transformer
1325	0.0	0.0	0.0				False	liver	late	nucleotide_transformer
1326	0.0	0.0	0.0				False	liver	late	nucleotide_transformer
1327	0.0	0.0	0.0				False	liver	late	nucleotide_transformer
1328	0.0	0.0	0.0				False	liver	late	nucleotide_transformer
1329	0.0	0.0	0.0				False	liver	late	nucleotide_transformer
1330	0.0	0.0	0.0				False	liver	late	nucleotide_transformer
1331	0.0	0.0	0.0				False	liver	late	nucleotide_transformer
1333	0.0	0.0	0.0				False	liver	late	nucleotide_transformer
1334	0.0	0.0	0.0				False	liver	late	nucleotide_transformer
1335	0.0	0.0	0.0				False	liver	late	nucleotide_transformer
1336	0.0	0.0	0.0				False	liver	late	nucleotide_transformer
1337	0.0	0.0	0.0				False	liver	late	nucleotide_transformer
1338	0.0	0.0	0.0				False	liver	late	nucleotide_transformer
1339	0.0	0.0	0.0				False	liver	late	nucleotide_transformer
1340	0.0	0.0	0.0				False	liver	late	nucleotide_transformer
1341	0.0	0.0	0.0				False	liver	late	nucleotide_transformer
1342	0.0	0.0	0.0				False	liver	late	nucleotide_transformer
1343	0.0	0.0	0.0				False	liver	late	nucleotide_transformer
1345	0.0	0.0	0.0				False	liver	late	nucleotide_transformer
1346	0.0	0.0	0.0				False	liver	late	nucleotide_transformer
1347	0.0	0.0	0.0				False	liver	late	nucleotide_transformer
1348	0.0	0.0	0.0				False	liver	late	nucleotide_transformer
1349	0.0	0.0	0.0				False	liver	late	nucleotide_transformer
1350	0.0	0.0	0.0				False	liver	late	nucleotide_transformer
1351	0.0	0.0	0.0				False	liver	late	nucleotide_transformer
1352	0.0	0.0	0.0				False	liver	late	nucleotide_transformer
1353	0.0	0.0	0.0				False	liver	late	nucleotide_transformer
1354	0.0	0.0	0.0				False	liver	late	nucleotide_transformer
1355	0.0	0.0	0.0				False	liver	late	nucleotide_transformer
1356	0.0	0.0	0.0				False	liver	late	nucleotide_transformer
1357	0.0	0.0	0.0				False	liver	late	nucleotide_transformer
1358	0.0	0.0	0.0				False	liver	late	nucleotide_transformer
1359	0.0	0.0	0.0				False	liver	late	nucleotide_transformer
1360	0.0	0.0	0.0				False	liver	late	nucleotide_transformer
1361	0.0	0.0	0.0				False	liver	late	nucleotide_transformer
1362	0.0	0.0	0.0				False	liver	late	nucleotide_transformer
1363	0.0	0.0	0.0				False	liver	late	nucleotide_transformer
1364	0.0	0.0	0.0				False	liver	late	nucleotide_transformer
1365	0.0	0.0	0.0				False	liver	late	nucleotide_transformer
1366	0.0	0.0	0.0				False	liver	late	nucleotide_transformer
1367	0.0	0.0	0.0				False	liver	late	nucleotide_transformer
1368	0.0	0.0	0.0				False	liver	late	nucleotide_transformer
1369	0.0	0.0	0.0				False	liver	late	nucleotide_transformer
1370	0.0	0.0	0.0				False	liver	late	nucleotide_transformer
1371	0.0	0.0	0.0				False	liver	late	nucleotide_transformer
1373	0.0	0.0	0.0				False	liver	late	nucleotide_transformer
1374	0.0	0.0	0.0				False	liver	late	nucleotide_transformer
1375	0.0	0.0	0.0				False	liver	late	nucleotide_transformer
1376	0.0	0.0	0.0				False	liver	late	nucleotide_transformer
1377	0.0	0.0	0.0				False	liver	late	nucleotide_transformer
1378	0.0	0.0	0.0				False	liver	late	nucleotide_transformer
1379	0.0	0.0	0.0				False	liver	late	nucleotide_transformer
1380	0.0	0.0	0.0				False	liver	late	nucleotide_transformer
1382	0.0	0.0	0.0				False	liver	late	nucleotide_transformer
1383	0.0	0.0	0.0				False	liver	late	nucleotide_transformer
1384	0.0	0.0	0.0				False	liver	late	nucleotide_transformer
1385	0.0	0.0	0.0				False	liver	late	nucleotide_transformer
1386	0.0	0.0	0.0				False	liver	late	nucleotide_transformer
1387	0.0	0.0	0.0				False	liver	late	nucleotide_transformer
1388	0.0	0.0	0.0				False	liver	late	nucleotide_transformer
1389	0.0	0.0	0.0				False	liver	late	nucleotide_transformer
1390	0.0	0.0	0.0				False	liver	late	nucleotide_transformer
1391	0.0	0.0	0.0				False	liver	late	nucleotide_transformer
1392	0.0	0.0	0.0				False	liver	late	nucleotide_transformer
1393	0.0	0.0	0.0				False	liver	late	nucleotide_transformer
1395	0.0	0.0	0.0				False	liver	late	nucleotide_transformer
1396	0.0	0.0	0.0				False	liver	late	nucleotide_transformer
1397	0.0	0.0	0.0				False	liver	late	nucleotide_transformer
1398	0.0	0.0	0.0				False	liver	late	nucleotide_transformer
1399	0.0	0.0	0.0				False	liver	late	nucleotide_transformer
1400	0.0	0.0	0.0				False	liver	late	nucleotide_transformer
1401	0.0	0.0	0.0				False	liver	late	nucleotide_transformer
1402	0.0	0.0	0.0				False	liver	late	nucleotide_transformer
1403	0.0	0.0	0.0				False	liver	late	nucleotide_transformer
1404	0.0	0.0	0.0				False	liver	late	nucleotide_transformer
1406	0.0	0.0	0.0				False	liver	late	nucleotide_transformer
1407	0.0	0.0	0.0				False	liver	late	nucleotide_transformer
1408	0.0	0.0	0.0				False	liver	late	nucleotide_transformer
1409	0.0	0.0	0.0				False	liver	late	nucleotide_transformer
1410	0.0	0.0	0.0				False	liver	late	nucleotide_transformer
1411	0.0	0.0	0.0				False	liver	late	nucleotide_transformer
1412	0.0	0.0	0.0				False	liver	late	nucleotide_transformer
1413	0.0	0.0	0.0				False	liver	late	nucleotide_transformer
1414	0.0	0.0	0.0				False	liver	late	nucleotide_transformer
1415	0.0	0.0	0.0				False	liver	late	nucleotide_transformer
1416	0.0	0.0	0.0				False	liver	late	nucleotide_transformer
1417	0.0	0.0	0.0				False	liver	late	nucleotide_transformer
1418	0.0	0.0	0.0				False	liver	late	nucleotide_transformer
1419	0.0	0.0	0.0				False	liver	late	nucleotide_transformer
1420	0.0	0.0	0.0				False	liver	late	nucleotide_transformer
1421	0.0	0.0	0.0				False	liver	late	nucleotide_transformer
1423	0.0	0.0	0.0				False	liver	late	nucleotide_transformer
1424	0.0	0.0	0.0				False	liver	late	nucleotide_transformer
1425	0.0	0.0	0.0				False	liver	late	nucleotide_transformer
1426	0.0	0.0	0.0				False	liver	late	nucleotide_transformer
1427	0.0	0.0	0.0				False	liver	late	nucleotide_transformer
1429	0.0	0.0	0.0				False	liver	late	nucleotide_transformer
1430	0.0	0.0	0.0				False	liver	late	nucleotide_transformer
1431	0.0	0.0	0.0				False	liver	late	nucleotide_transformer
1432	0.0	0.0	0.0				False	liver	late	nucleotide_transformer
1433	0.0	0.0	0.0				False	liver	late	nucleotide_transformer
1434	0.0	0.0	0.0				False	liver	late	nucleotide_transformer
1435	0.0	0.0	0.0				False	liver	late	nucleotide_transformer
1436	0.0	0.0	0.0				False	liver	late	nucleotide_transformer
1437	0.0	0.0	0.0				False	liver	late	nucleotide_transformer
1438	0.0	0.0	0.0				False	liver	late	nucleotide_transformer
1439	0.0	0.0	0.0				False	liver	late	nucleotide_transformer
1440	0.0	0.0	0.0				False	liver	late	nucleotide_transformer
1441	0.0	0.0	0.0				False	liver	late	nucleotide_transformer
1442	0.0	0.0	0.0				False	liver	late	nucleotide_transformer
1443	0.0	0.0	0.0				False	liver	late	nucleotide_transformer
1445	0.0	0.0	0.0				False	liver	late	nucleotide_transformer
1446	0.0	0.0	0.0				False	liver	late	nucleotide_transformer
1447	0.0	0.0	0.0				False	liver	late	nucleotide_transformer
1448	0.0	0.0	0.0				False	liver	late	nucleotide_transformer
1449	0.0	0.0	0.0				False	liver	late	nucleotide_transformer
1450	0.0	0.0	0.0				False	liver	late	nucleotide_transformer
1451	0.0	0.0	0.0				False	liver	late	nucleotide_transformer
1452	0.0	0.0	0.0				False	liver	late	nucleotide_transformer
1453	0.0	0.0	0.0				False	liver	late	nucleotide_transformer
1454	0.0	0.0	0.0				False	liver	late	nucleotide_transformer
1455	0.0	0.0	0.0				False	liver	late	nucleotide_transformer
1456	0.0	0.0	0.0				False	liver	late	nucleotide_transformer
1457	0.0	0.0	0.0				False	liver	late	nucleotide_transformer
1458	0.0	0.0	0.0				False	liver	late	nucleotide_transformer
1459	0.0	0.0	0.0				False	liver	late	nucleotide_transformer
1460	0.0	0.0	0.0				False	liver	late	nucleotide_transformer
1461	0.0	0.0	0.0				False	liver	late	nucleotide_transformer
1462	0.0	0.0	0.0				False	liver	late	nucleotide_transformer
1463	0.0	0.0	0.0				False	liver	late	nucleotide_transformer
1464	0.0	0.0	0.0				False	liver	late	nucleotide_transformer
1466	0.0	0.0	0.0				False	liver	late	nucleotide_transformer
1467	0.0	0.0	0.0				False	liver	late	nucleotide_transformer
1469	0.0	0.0	0.0				False	liver	late	nucleotide_transformer
1470	0.0	0.0	0.0				False	liver	late	nucleotide_transformer
1471	0.0	0.0	0.0				False	liver	late	nucleotide_transformer
1473	0.0	0.0	0.0				False	liver	late	nucleotide_transformer
1475	0.0	0.0	0.0				False	liver	late	nucleotide_transformer
1476	0.0	0.0	0.0				False	liver	late	nucleotide_transformer
1477	0.0	0.0	0.0				False	liver	late	nucleotide_transformer
1479	0.0	0.0	0.0				False	liver	late	nucleotide_transformer
1480	0.0	0.0	0.0				False	liver	late	nucleotide_transformer
1481	0.0	0.0	0.0				False	liver	late	nucleotide_transformer
1482	0.0	0.0	0.0				False	liver	late	nucleotide_transformer
1486	0.0	0.0	0.0				False	liver	late	nucleotide_transformer
1487	0.0	0.0	0.0				False	liver	late	nucleotide_transformer
1488	0.0	0.0	0.0				False	liver	late	nucleotide_transformer
1489	0.0	0.0	0.0				False	liver	late	nucleotide_transformer
1490	0.0	0.0	0.0				False	liver	late	nucleotide_transformer
1491	0.0	0.0	0.0				False	liver	late	nucleotide_transformer
1492	0.0	0.0	0.0				False	liver	late	nucleotide_transformer
1493	0.0	0.0	0.0				False	liver	late	nucleotide_transformer
1495	0.0	0.0	0.0				False	liver	late	nucleotide_transformer
1496	0.0	0.0	0.0				False	liver	late	nucleotide_transformer
1498	0.0	0.0	0.0				False	liver	late	nucleotide_transformer
1501	0.0	0.0	0.0				False	liver	late	nucleotide_transformer
1502	0.0	0.0	0.0				False	liver	late	nucleotide_transformer
1503	0.0	0.0	0.0				False	liver	late	nucleotide_transformer
1504	0.0	0.0	0.0				False	liver	late	nucleotide_transformer
1505	0.0	0.0	0.0				False	liver	late	nucleotide_transformer
1506	0.0	0.0	0.0				False	liver	late	nucleotide_transformer
1507	0.0	0.0	0.0				False	liver	late	nucleotide_transformer
1508	0.0	0.0	0.0				False	liver	late	nucleotide_transformer
1509	0.0	0.0	0.0				False	liver	late	nucleotide_transformer
1510	0.0	0.0	0.0				False	liver	late	nucleotide_transformer
1511	0.0	0.0	0.0				False	liver	late	nucleotide_transformer
1512	0.0	0.0	0.0				False	liver	late	nucleotide_transformer
1513	0.0	0.0	0.0				False	liver	late	nucleotide_transformer
1514	0.0	0.0	0.0				False	liver	late	nucleotide_transformer
1515	0.0	0.0	0.0				False	liver	late	nucleotide_transformer
1516	0.0	0.0	0.0				False	liver	late	nucleotide_transformer
1517	0.0	0.0	0.0				False	liver	late	nucleotide_transformer
1518	0.0	0.0	0.0				False	liver	late	nucleotide_transformer
1519	0.0	0.0	0.0				False	liver	late	nucleotide_transformer
1520	0.0	0.0	0.0				False	liver	late	nucleotide_transformer
1521	0.0	0.0	0.0				False	liver	late	nucleotide_transformer
1522	0.0	0.0	0.0				False	liver	late	nucleotide_transformer
1523	0.0	0.0	0.0				False	liver	late	nucleotide_transformer
1524	0.0	0.0	0.0				False	liver	late	nucleotide_transformer
1525	0.0	0.0	0.0				False	liver	late	nucleotide_transformer
1526	0.0	0.0	0.0				False	liver	late	nucleotide_transformer
1527	0.0	0.0	0.0				False	liver	late	nucleotide_transformer
1528	0.0	0.0	0.0				False	liver	late	nucleotide_transformer
1529	0.0	0.0	0.0				False	liver	late	nucleotide_transformer
1530	0.0	0.0	0.0				False	liver	late	nucleotide_transformer
1531	0.0	0.0	0.0				False	liver	late	nucleotide_transformer
1532	0.0	0.0	0.0				False	liver	late	nucleotide_transformer
1533	0.0	0.0	0.0				False	liver	late	nucleotide_transformer
1534	0.0	0.0	0.0				False	liver	late	nucleotide_transformer
1536	0.0	0.0	0.0				False	liver	late	nucleotide_transformer
1537	0.0	0.0	0.0				False	liver	late	nucleotide_transformer
1539	0.0	0.0	0.0				False	liver	late	nucleotide_transformer
1540	0.0	0.0	0.0				False	liver	late	nucleotide_transformer
1541	0.0	0.0	0.0				False	liver	late	nucleotide_transformer
1542	0.0	0.0	0.0				False	liver	late	nucleotide_transformer
1543	0.0	0.0	0.0				False	liver	late	nucleotide_transformer
1544	0.0	0.0	0.0				False	liver	late	nucleotide_transformer
1545	0.0	0.0	0.0				False	liver	late	nucleotide_transformer
1546	0.0	0.0	0.0				False	liver	late	nucleotide_transformer
1547	0.0	0.0	0.0				False	liver	late	nucleotide_transformer
1548	0.0	0.0	0.0				False	liver	late	nucleotide_transformer
1550	0.0	0.0	0.0				False	liver	late	nucleotide_transformer
1551	0.0	0.0	0.0				False	liver	late	nucleotide_transformer
1552	0.0	0.0	0.0				False	liver	late	nucleotide_transformer
1554	0.0	0.0	0.0				False	liver	late	nucleotide_transformer
1555	0.0	0.0	0.0				False	liver	late	nucleotide_transformer
1556	0.0	0.0	0.0				False	liver	late	nucleotide_transformer
1558	0.0	0.0	0.0				False	liver	late	nucleotide_transformer
1559	0.0	0.0	0.0				False	liver	late	nucleotide_transformer
1560	0.0	0.0	0.0				False	liver	late	nucleotide_transformer
1561	0.0	0.0	0.0				False	liver	late	nucleotide_transformer
1562	0.0	0.0	0.0				False	liver	late	nucleotide_transformer
1564	0.0	0.0	0.0				False	liver	late	nucleotide_transformer
1567	0.0	0.0	0.0				False	liver	late	nucleotide_transformer
1568	0.0	0.0	0.0				False	liver	late	nucleotide_transformer
1569	0.0	0.0	0.0				False	liver	late	nucleotide_transformer
1570	0.0	0.0	0.0				False	liver	late	nucleotide_transformer
1571	0.0	0.0	0.0				False	liver	late	nucleotide_transformer
1572	0.0	0.0	0.0				False	liver	late	nucleotide_transformer
1573	0.0	0.0	0.0				False	liver	late	nucleotide_transformer
1574	0.0	0.0	0.0				False	liver	late	nucleotide_transformer
1575	0.0	0.0	0.0				False	liver	late	nucleotide_transformer
1576	0.0	0.0	0.0				False	liver	late	nucleotide_transformer
1578	0.0	0.0	0.0				False	liver	late	nucleotide_transformer
1579	0.0	0.0	0.0				False	liver	late	nucleotide_transformer
1580	0.0	0.0	0.0				False	liver	late	nucleotide_transformer
1581	0.0	0.0	0.0				False	liver	late	nucleotide_transformer
1582	0.0	0.0	0.0				False	liver	late	nucleotide_transformer
1583	0.0	0.0	0.0				False	liver	late	nucleotide_transformer
1585	0.0	0.0	0.0				False	liver	late	nucleotide_transformer
1586	0.0	0.0	0.0				False	liver	late	nucleotide_transformer
1587	0.0	0.0	0.0				False	liver	late	nucleotide_transformer
1588	0.0	0.0	0.0				False	liver	late	nucleotide_transformer
1589	0.0	0.0	0.0				False	liver	late	nucleotide_transformer
1590	0.0	0.0	0.0				False	liver	late	nucleotide_transformer
1591	0.0	0.0	0.0				False	liver	late	nucleotide_transformer
1592	0.0	0.0	0.0				False	liver	late	nucleotide_transformer
1593	0.0	0.0	0.0				False	liver	late	nucleotide_transformer
1594	0.0	0.0	0.0				False	liver	late	nucleotide_transformer
1595	0.0	0.0	0.0				False	liver	late	nucleotide_transformer
1596	0.0	0.0	0.0				False	liver	late	nucleotide_transformer
1597	0.0	0.0	0.0				False	liver	late	nucleotide_transformer
1598	0.0	0.0	0.0				False	liver	late	nucleotide_transformer
1599	0.0	0.0	0.0				False	liver	late	nucleotide_transformer
1600	0.0	0.0	0.0				False	liver	late	nucleotide_transformer
1601	0.0	0.0	0.0				False	liver	late	nucleotide_transformer
1602	0.0	0.0	0.0				False	liver	late	nucleotide_transformer
1603	0.0	0.0	0.0				False	liver	late	nucleotide_transformer
1604	0.0	0.0	0.0				False	liver	late	nucleotide_transformer
1605	0.0	0.0	0.0				False	liver	late	nucleotide_transformer
1606	0.0	0.0	0.0				False	liver	late	nucleotide_transformer
1607	0.0	0.0	0.0				False	liver	late	nucleotide_transformer
1608	0.0	0.0	0.0				False	liver	late	nucleotide_transformer
1610	0.0	0.0	0.0				False	liver	late	nucleotide_transformer
1611	0.0	0.0	0.0				False	liver	late	nucleotide_transformer
1613	0.0	0.0	0.0				False	liver	late	nucleotide_transformer
1614	0.0	0.0	0.0				False	liver	late	nucleotide_transformer
1615	0.0	0.0	0.0				False	liver	late	nucleotide_transformer
1616	0.0	0.0	0.0				False	liver	late	nucleotide_transformer
1617	0.0	0.0	0.0				False	liver	late	nucleotide_transformer
1618	0.0	0.0	0.0				False	liver	late	nucleotide_transformer
1619	0.0	0.0	0.0				False	liver	late	nucleotide_transformer
1621	0.0	0.0	0.0				False	liver	late	nucleotide_transformer
1622	0.0	0.0	0.0				False	liver	late	nucleotide_transformer
1623	0.0	0.0	0.0				False	liver	late	nucleotide_transformer
1624	0.0	0.0	0.0				False	liver	late	nucleotide_transformer
1625	0.0	0.0	0.0				False	liver	late	nucleotide_transformer
1626	0.0	0.0	0.0				False	liver	late	nucleotide_transformer
1627	0.0	0.0	0.0				False	liver	late	nucleotide_transformer
1628	0.0	0.0	0.0				False	liver	late	nucleotide_transformer
1629	0.0	0.0	0.0				False	liver	late	nucleotide_transformer
1630	0.0	0.0	0.0				False	liver	late	nucleotide_transformer
1631	0.0	0.0	0.0				False	liver	late	nucleotide_transformer
1632	0.0	0.0	0.0				False	liver	late	nucleotide_transformer
1634	0.0	0.0	0.0				False	liver	late	nucleotide_transformer
1635	0.0	0.0	0.0				False	liver	late	nucleotide_transformer
1636	0.0	0.0	0.0				False	liver	late	nucleotide_transformer
1637	0.0	0.0	0.0				False	liver	late	nucleotide_transformer
1638	0.0	0.0	0.0				False	liver	late	nucleotide_transformer
1639	0.0	0.0	0.0				False	liver	late	nucleotide_transformer
1640	0.0	0.0	0.0				False	liver	late	nucleotide_transformer
1641	0.0	0.0	0.0				False	liver	late	nucleotide_transformer
1644	0.0	0.0	0.0				False	liver	late	nucleotide_transformer
1645	0.0	0.0	0.0				False	liver	late	nucleotide_transformer
1646	0.0	0.0	0.0				False	liver	late	nucleotide_transformer
1647	0.0	0.0	0.0				False	liver	late	nucleotide_transformer
1649	0.0	0.0	0.0				False	liver	late	nucleotide_transformer
1650	0.0	0.0	0.0				False	liver	late	nucleotide_transformer
1651	0.0	0.0	0.0				False	liver	late	nucleotide_transformer
1652	0.0	0.0	0.0				False	liver	late	nucleotide_transformer
1653	0.0	0.0	0.0				False	liver	late	nucleotide_transformer
1654	0.0	0.0	0.0				False	liver	late	nucleotide_transformer
1655	0.0	0.0	0.0				False	liver	late	nucleotide_transformer
1656	0.0	0.0	0.0				False	liver	late	nucleotide_transformer
1658	0.0	0.0	0.0				False	liver	late	nucleotide_transformer
1659	0.0	0.0	0.0				False	liver	late	nucleotide_transformer
1660	0.0	0.0	0.0				False	liver	late	nucleotide_transformer
1661	0.0	0.0	0.0				False	liver	late	nucleotide_transformer
1662	0.0	0.0	0.0				False	liver	late	nucleotide_transformer
1664	0.0	0.0	0.0				False	liver	late	nucleotide_transformer
1666	0.0	0.0	0.0				False	liver	late	nucleotide_transformer
1667	0.0	0.0	0.0				False	liver	late	nucleotide_transformer
1668	0.0	0.0	0.0				False	liver	late	nucleotide_transformer
1669	0.0	0.0	0.0				False	liver	late	nucleotide_transformer
1670	0.0	0.0	0.0				False	liver	late	nucleotide_transformer
1671	0.0	0.0	0.0				False	liver	late	nucleotide_transformer
1672	0.0	0.0	0.0				False	liver	late	nucleotide_transformer
1674	0.0	0.0	0.0				False	liver	late	nucleotide_transformer
1675	0.0	0.0	0.0				False	liver	late	nucleotide_transformer
1676	0.0	0.0	0.0				False	liver	late	nucleotide_transformer
1677	0.0	0.0	0.0				False	liver	late	nucleotide_transformer
1678	0.0	0.0	0.0				False	liver	late	nucleotide_transformer
1679	0.0	0.0	0.0				False	liver	late	nucleotide_transformer
1680	0.0	0.0	0.0				False	liver	late	nucleotide_transformer
1682	0.0	0.0	0.0				False	liver	late	nucleotide_transformer
1683	0.0	0.0	0.0				False	liver	late	nucleotide_transformer
1686	0.0	0.0	0.0				False	liver	late	nucleotide_transformer
1687	0.0	0.0	0.0				False	liver	late	nucleotide_transformer
1688	0.0	0.0	0.0				False	liver	late	nucleotide_transformer
1689	0.0	0.0	0.0				False	liver	late	nucleotide_transformer
1690	0.0	0.0	0.0				False	liver	late	nucleotide_transformer
1691	0.0	0.0	0.0				False	liver	late	nucleotide_transformer
1692	0.0	0.0	0.0				False	liver	late	nucleotide_transformer
1694	0.0	0.0	0.0				False	liver	late	nucleotide_transformer
1695	0.0	0.0	0.0				False	liver	late	nucleotide_transformer
1697	0.0	0.0	0.0				False	liver	late	nucleotide_transformer
1699	0.0	0.0	0.0				False	liver	late	nucleotide_transformer
1700	0.0	0.0	0.0				False	liver	late	nucleotide_transformer
1701	0.0	0.0	0.0				False	liver	late	nucleotide_transformer
1702	0.0	0.0	0.0				False	liver	late	nucleotide_transformer
1703	0.0	0.0	0.0				False	liver	late	nucleotide_transformer
1704	0.0	0.0	0.0				False	liver	late	nucleotide_transformer
1706	0.0	0.0	0.0				False	liver	late	nucleotide_transformer
1707	0.0	0.0	0.0				False	liver	late	nucleotide_transformer
1708	0.0	0.0	0.0				False	liver	late	nucleotide_transformer
1709	0.0	0.0	0.0				False	liver	late	nucleotide_transformer
1710	0.0	0.0	0.0				False	liver	late	nucleotide_transformer
1711	0.0	0.0	0.0				False	liver	late	nucleotide_transformer
1712	0.0	0.0	0.0				False	liver	late	nucleotide_transformer
1713	0.0	0.0	0.0				False	liver	late	nucleotide_transformer
1714	0.0	0.0	0.0				False	liver	late	nucleotide_transformer
1715	0.0	0.0	0.0				False	liver	late	nucleotide_transformer
1716	0.0	0.0	0.0				False	liver	late	nucleotide_transformer
1717	0.0	0.0	0.0				False	liver	late	nucleotide_transformer
1720	0.0	0.0	0.0				False	liver	late	nucleotide_transformer
1721	0.0	0.0	0.0				False	liver	late	nucleotide_transformer
1722	0.0	0.0	0.0				False	liver	late	nucleotide_transformer
1724	0.0	0.0	0.0				False	liver	late	nucleotide_transformer
1725	0.0	0.0	0.0				False	liver	late	nucleotide_transformer
1726	0.0	0.0	0.0				False	liver	late	nucleotide_transformer
1727	0.0	0.0	0.0				False	liver	late	nucleotide_transformer
1728	0.0	0.0	0.0				False	liver	late	nucleotide_transformer
1729	0.0	0.0	0.0				False	liver	late	nucleotide_transformer
1732	0.0	0.0	0.0				False	liver	late	nucleotide_transformer
1734	0.0	0.0	0.0				False	liver	late	nucleotide_transformer
1735	0.0	0.0	0.0				False	liver	late	nucleotide_transformer
1736	0.0	0.0	0.0				False	liver	late	nucleotide_transformer
1737	0.0	0.0	0.0				False	liver	late	nucleotide_transformer
1738	0.0	0.0	0.0				False	liver	late	nucleotide_transformer
1739	0.0	0.0	0.0				False	liver	late	nucleotide_transformer
1740	0.0	0.0	0.0				False	liver	late	nucleotide_transformer
1741	0.0	0.0	0.0				False	liver	late	nucleotide_transformer
1742	0.0	0.0	0.0				False	liver	late	nucleotide_transformer
1743	0.0	0.0	0.0				False	liver	late	nucleotide_transformer
1744	0.0	0.0	0.0				False	liver	late	nucleotide_transformer
1745	0.0	0.0	0.0				False	liver	late	nucleotide_transformer
1746	0.0	0.0	0.0				False	liver	late	nucleotide_transformer
1747	0.0	0.0	0.0				False	liver	late	nucleotide_transformer
1748	0.0	0.0	0.0				False	liver	late	nucleotide_transformer
1749	0.0	0.0	0.0				False	liver	late	nucleotide_transformer
1750	0.0	0.0	0.0				False	liver	late	nucleotide_transformer
1751	0.0	0.0	0.0				False	liver	late	nucleotide_transformer
1752	0.0	0.0	0.0				False	liver	late	nucleotide_transformer
1753	0.0	0.0	0.0				False	liver	late	nucleotide_transformer
1754	0.0	0.0	0.0				False	liver	late	nucleotide_transformer
1755	0.0	0.0	0.0				False	liver	late	nucleotide_transformer
1756	0.0	0.0	0.0				False	liver	late	nucleotide_transformer
1757	0.0	0.0	0.0				False	liver	late	nucleotide_transformer
1758	0.0	0.0	0.0				False	liver	late	nucleotide_transformer
1760	0.0	0.0	0.0				False	liver	late	nucleotide_transformer
1761	0.0	0.0	0.0				False	liver	late	nucleotide_transformer
1762	0.0	0.0	0.0				False	liver	late	nucleotide_transformer
1763	0.0	0.0	0.0				False	liver	late	nucleotide_transformer
1765	0.0	0.0	0.0				False	liver	late	nucleotide_transformer
1766	0.0	0.0	0.0				False	liver	late	nucleotide_transformer
1767	0.0	0.0	0.0				False	liver	late	nucleotide_transformer
1768	0.0	0.0	0.0				False	liver	late	nucleotide_transformer
1769	0.0	0.0	0.0				False	liver	late	nucleotide_transformer
1770	0.0	0.0	0.0				False	liver	late	nucleotide_transformer
1771	0.0	0.0	0.0				False	liver	late	nucleotide_transformer
1772	0.0	0.0	0.0				False	liver	late	nucleotide_transformer
1773	0.0	0.0	0.0				False	liver	late	nucleotide_transformer
1774	0.0	0.0	0.0				False	liver	late	nucleotide_transformer
1775	0.0	0.0	0.0				False	liver	late	nucleotide_transformer
1776	0.0	0.0	0.0				False	liver	late	nucleotide_transformer
1777	0.0	0.0	0.0				False	liver	late	nucleotide_transformer
1778	0.0	0.0	0.0				False	liver	late	nucleotide_transformer
1779	0.0	0.0	0.0				False	liver	late	nucleotide_transformer
1780	0.0	0.0	0.0				False	liver	late	nucleotide_transformer
1781	0.0	0.0	0.0				False	liver	late	nucleotide_transformer
1782	0.0	0.0	0.0				False	liver	late	nucleotide_transformer
1783	0.0	0.0	0.0				False	liver	late	nucleotide_transformer
1784	0.0	0.0	0.0				False	liver	late	nucleotide_transformer
1785	0.0	0.0	0.0				False	liver	late	nucleotide_transformer
1786	0.0	0.0	0.0				False	liver	late	nucleotide_transformer
1787	0.0	0.0	0.0				False	liver	late	nucleotide_transformer
1788	0.0	0.0	0.0				False	liver	late	nucleotide_transformer
1789	0.0	0.0	0.0				False	liver	late	nucleotide_transformer
1790	0.0	0.0	0.0				False	liver	late	nucleotide_transformer
1791	0.0	0.0	0.0				False	liver	late	nucleotide_transformer
1792	0.0	0.0	0.0				False	liver	late	nucleotide_transformer
1793	0.0	0.0	0.0				False	liver	late	nucleotide_transformer
1794	0.0	0.0	0.0				False	liver	late	nucleotide_transformer
1795	0.0	0.0	0.0				False	liver	late	nucleotide_transformer
1796	0.0	0.0	0.0				False	liver	late	nucleotide_transformer
1797	0.0	0.0	0.0				False	liver	late	nucleotide_transformer
1798	0.0	0.0	0.0				False	liver	late	nucleotide_transformer
1799	0.0	0.0	0.0				False	liver	late	nucleotide_transformer
1800	0.0	0.0	0.0				False	liver	late	nucleotide_transformer
1801	0.0	0.0	0.0				False	liver	late	nucleotide_transformer
1802	0.0	0.0	0.0				False	liver	late	nucleotide_transformer
1803	0.0	0.0	0.0				False	liver	late	nucleotide_transformer
1804	0.0	0.0	0.0				False	liver	late	nucleotide_transformer
1807	0.0	0.0	0.0				False	liver	late	nucleotide_transformer
1808	0.0	0.0	0.0				False	liver	late	nucleotide_transformer
1809	0.0	0.0	0.0				False	liver	late	nucleotide_transformer
1810	0.0	0.0	0.0				False	liver	late	nucleotide_transformer
1811	0.0	0.0	0.0				False	liver	late	nucleotide_transformer
1812	0.0	0.0	0.0				False	liver	late	nucleotide_transformer
1813	0.0	0.0	0.0				False	liver	late	nucleotide_transformer
1814	0.0	0.0	0.0				False	liver	late	nucleotide_transformer
1815	0.0	0.0	0.0				False	liver	late	nucleotide_transformer
1816	0.0	0.0	0.0				False	liver	late	nucleotide_transformer
1817	0.0	0.0	0.0				False	liver	late	nucleotide_transformer
1819	0.0	0.0	0.0				False	liver	late	nucleotide_transformer
1820	0.0	0.0	0.0				False	liver	late	nucleotide_transformer
1822	0.0	0.0	0.0				False	liver	late	nucleotide_transformer
1823	0.0	0.0	0.0				False	liver	late	nucleotide_transformer
1824	0.0	0.0	0.0				False	liver	late	nucleotide_transformer
1825	0.0	0.0	0.0				False	liver	late	nucleotide_transformer
1827	0.0	0.0	0.0				False	liver	late	nucleotide_transformer
1828	0.0	0.0	0.0				False	liver	late	nucleotide_transformer
1829	0.0	0.0	0.0				False	liver	late	nucleotide_transformer
1830	0.0	0.0	0.0				False	liver	late	nucleotide_transformer
1831	0.0	0.0	0.0				False	liver	late	nucleotide_transformer
1832	0.0	0.0	0.0				False	liver	late	nucleotide_transformer
1833	0.0	0.0	0.0				False	liver	late	nucleotide_transformer
1834	0.0	0.0	0.0				False	liver	late	nucleotide_transformer
1835	0.0	0.0	0.0				False	liver	late	nucleotide_transformer
1836	0.0	0.0	0.0				False	liver	late	nucleotide_transformer
1837	0.0	0.0	0.0				False	liver	late	nucleotide_transformer
1838	0.0	0.0	0.0				False	liver	late	nucleotide_transformer
1839	0.0	0.0	0.0				False	liver	late	nucleotide_transformer
1840	0.0	0.0	0.0				False	liver	late	nucleotide_transformer
1843	0.0	0.0	0.0				False	liver	late	nucleotide_transformer
1844	0.0	0.0	0.0				False	liver	late	nucleotide_transformer
1845	0.0	0.0	0.0				False	liver	late	nucleotide_transformer
1846	0.0	0.0	0.0				False	liver	late	nucleotide_transformer
1847	0.0	0.0	0.0				False	liver	late	nucleotide_transformer
1848	0.0	0.0	0.0				False	liver	late	nucleotide_transformer
1850	0.0	0.0	0.0				False	liver	late	nucleotide_transformer
1851	0.0	0.0	0.0				False	liver	late	nucleotide_transformer
1852	0.0	0.0	0.0				False	liver	late	nucleotide_transformer
1854	0.0	0.0	0.0				False	liver	late	nucleotide_transformer
1855	0.0	0.0	0.0				False	liver	late	nucleotide_transformer
1856	0.0	0.0	0.0				False	liver	late	nucleotide_transformer
1857	0.0	0.0	0.0				False	liver	late	nucleotide_transformer
1859	0.0	0.0	0.0				False	liver	late	nucleotide_transformer
1860	0.0	0.0	0.0				False	liver	late	nucleotide_transformer
1861	0.0	0.0	0.0				False	liver	late	nucleotide_transformer
1862	0.0	0.0	0.0				False	liver	late	nucleotide_transformer
1864	0.0	0.0	0.0				False	liver	late	nucleotide_transformer
1865	0.0	0.0	0.0				False	liver	late	nucleotide_transformer
1867	0.0	0.0	0.0				False	liver	late	nucleotide_transformer
1869	0.0	0.0	0.0				False	liver	late	nucleotide_transformer
1870	0.0	0.0	0.0				False	liver	late	nucleotide_transformer
1871	0.0	0.0	0.0				False	liver	late	nucleotide_transformer
1872	0.0	0.0	0.0				False	liver	late	nucleotide_transformer
1873	0.0	0.0	0.0				False	liver	late	nucleotide_transformer
1874	0.0	0.0	0.0				False	liver	late	nucleotide_transformer
1875	0.0	0.0	0.0				False	liver	late	nucleotide_transformer
1876	0.0	0.0	0.0				False	liver	late	nucleotide_transformer
1877	0.0	0.0	0.0				False	liver	late	nucleotide_transformer
1878	0.0	0.0	0.0				False	liver	late	nucleotide_transformer
1879	0.0	0.0	0.0				False	liver	late	nucleotide_transformer
1880	0.0	0.0	0.0				False	liver	late	nucleotide_transformer
1881	0.0	0.0	0.0				False	liver	late	nucleotide_transformer
1882	0.0	0.0	0.0				False	liver	late	nucleotide_transformer
1883	0.0	0.0	0.0				False	liver	late	nucleotide_transformer
1885	0.0	0.0	0.0				False	liver	late	nucleotide_transformer
1886	0.0	0.0	0.0				False	liver	late	nucleotide_transformer
1888	0.0	0.0	0.0				False	liver	late	nucleotide_transformer
1889	0.0	0.0	0.0				False	liver	late	nucleotide_transformer
1890	0.0	0.0	0.0				False	liver	late	nucleotide_transformer
1891	0.0	0.0	0.0				False	liver	late	nucleotide_transformer
1893	0.0	0.0	0.0				False	liver	late	nucleotide_transformer
1895	0.0	0.0	0.0				False	liver	late	nucleotide_transformer
1896	0.0	0.0	0.0				False	liver	late	nucleotide_transformer
1897	0.0	0.0	0.0				False	liver	late	nucleotide_transformer
1898	0.0	0.0	0.0				False	liver	late	nucleotide_transformer
1899	0.0	0.0	0.0				False	liver	late	nucleotide_transformer
1900	0.0	0.0	0.0				False	liver	late	nucleotide_transformer
1901	0.0	0.0	0.0				False	liver	late	nucleotide_transformer
1902	0.0	0.0	0.0				False	liver	late	nucleotide_transformer
1903	0.0	0.0	0.0				False	liver	late	nucleotide_transformer
1904	0.0	0.0	0.0				False	liver	late	nucleotide_transformer
1905	0.0	0.0	0.0				False	liver	late	nucleotide_transformer
1907	0.0	0.0	0.0				False	liver	late	nucleotide_transformer
1908	0.0	0.0	0.0				False	liver	late	nucleotide_transformer
1909	0.0	0.0	0.0				False	liver	late	nucleotide_transformer
1910	0.0	0.0	0.0				False	liver	late	nucleotide_transformer
1911	0.0	0.0	0.0				False	liver	late	nucleotide_transformer
1912	0.0	0.0	0.0				False	liver	late	nucleotide_transformer
1913	0.0	0.0	0.0				False	liver	late	nucleotide_transformer
1914	0.0	0.0	0.0				False	liver	late	nucleotide_transformer
1915	0.0	0.0	0.0				False	liver	late	nucleotide_transformer
1916	0.0	0.0	0.0				False	liver	late	nucleotide_transformer
1917	0.0	0.0	0.0				False	liver	late	nucleotide_transformer
1918	0.0	0.0	0.0				False	liver	late	nucleotide_transformer
1920	0.0	0.0	0.0				False	liver	late	nucleotide_transformer
1921	0.0	0.0	0.0				False	liver	late	nucleotide_transformer
1922	0.0	0.0	0.0				False	liver	late	nucleotide_transformer
1923	0.0	0.0	0.0				False	liver	late	nucleotide_transformer
1924	0.0	0.0	0.0				False	liver	late	nucleotide_transformer
1925	0.0	0.0	0.0				False	liver	late	nucleotide_transformer
1928	0.0	0.0	0.0				False	liver	late	nucleotide_transformer
1929	0.0	0.0	0.0				False	liver	late	nucleotide_transformer
1930	0.0	0.0	0.0				False	liver	late	nucleotide_transformer
1932	0.0	0.0	0.0				False	liver	late	nucleotide_transformer
1933	0.0	0.0	0.0				False	liver	late	nucleotide_transformer
1935	0.0	0.0	0.0				False	liver	late	nucleotide_transformer
1936	0.0	0.0	0.0				False	liver	late	nucleotide_transformer
1937	0.0	0.0	0.0				False	liver	late	nucleotide_transformer
1939	0.0	0.0	0.0				False	liver	late	nucleotide_transformer
1940	0.0	0.0	0.0				False	liver	late	nucleotide_transformer
1941	0.0	0.0	0.0				False	liver	late	nucleotide_transformer
1942	0.0	0.0	0.0				False	liver	late	nucleotide_transformer
1943	0.0	0.0	0.0				False	liver	late	nucleotide_transformer
1944	0.0	0.0	0.0				False	liver	late	nucleotide_transformer
1945	0.0	0.0	0.0				False	liver	late	nucleotide_transformer
1946	0.0	0.0	0.0				False	liver	late	nucleotide_transformer
1947	0.0	0.0	0.0				False	liver	late	nucleotide_transformer
1948	0.0	0.0	0.0				False	liver	late	nucleotide_transformer
1949	0.0	0.0	0.0				False	liver	late	nucleotide_transformer
1950	0.0	0.0	0.0				False	liver	late	nucleotide_transformer
1951	0.0	0.0	0.0				False	liver	late	nucleotide_transformer
1952	0.0	0.0	0.0				False	liver	late	nucleotide_transformer
1953	0.0	0.0	0.0				False	liver	late	nucleotide_transformer
1954	0.0	0.0	0.0				False	liver	late	nucleotide_transformer
1955	0.0	0.0	0.0				False	liver	late	nucleotide_transformer
1957	0.0	0.0	0.0				False	liver	late	nucleotide_transformer
1958	0.0	0.0	0.0				False	liver	late	nucleotide_transformer
1959	0.0	0.0	0.0				False	liver	late	nucleotide_transformer
1960	0.0	0.0	0.0				False	liver	late	nucleotide_transformer
1961	0.0	0.0	0.0				False	liver	late	nucleotide_transformer
1963	0.0	0.0	0.0				False	liver	late	nucleotide_transformer
1964	0.0	0.0	0.0				False	liver	late	nucleotide_transformer
1965	0.0	0.0	0.0				False	liver	late	nucleotide_transformer
1967	0.0	0.0	0.0				False	liver	late	nucleotide_transformer
1968	0.0	0.0	0.0				False	liver	late	nucleotide_transformer
1971	0.0	0.0	0.0				False	liver	late	nucleotide_transformer
1972	0.0	0.0	0.0				False	liver	late	nucleotide_transformer
1973	0.0	0.0	0.0				False	liver	late	nucleotide_transformer
1974	0.0	0.0	0.0				False	liver	late	nucleotide_transformer
1975	0.0	0.0	0.0				False	liver	late	nucleotide_transformer
1976	0.0	0.0	0.0				False	liver	late	nucleotide_transformer
1977	0.0	0.0	0.0				False	liver	late	nucleotide_transformer
1978	0.0	0.0	0.0				False	liver	late	nucleotide_transformer
1979	0.0	0.0	0.0				False	liver	late	nucleotide_transformer
1980	0.0	0.0	0.0				False	liver	late	nucleotide_transformer
1981	0.0	0.0	0.0				False	liver	late	nucleotide_transformer
1982	0.0	0.0	0.0				False	liver	late	nucleotide_transformer
1983	0.0	0.0	0.0				False	liver	late	nucleotide_transformer
1984	0.0	0.0	0.0				False	liver	late	nucleotide_transformer
1986	0.0	0.0	0.0				False	liver	late	nucleotide_transformer
1987	0.0	0.0	0.0				False	liver	late	nucleotide_transformer
1988	0.0	0.0	0.0				False	liver	late	nucleotide_transformer
1989	0.0	0.0	0.0				False	liver	late	nucleotide_transformer
1990	0.0	0.0	0.0				False	liver	late	nucleotide_transformer
1991	0.0	0.0	0.0				False	liver	late	nucleotide_transformer
1992	0.0	0.0	0.0				False	liver	late	nucleotide_transformer
1993	0.0	0.0	0.0				False	liver	late	nucleotide_transformer
1994	0.0	0.0	0.0				False	liver	late	nucleotide_transformer
1995	0.0	0.0	0.0				False	liver	late	nucleotide_transformer
1997	0.0	0.0	0.0				False	liver	late	nucleotide_transformer
1998	0.0	0.0	0.0				False	liver	late	nucleotide_transformer
1999	0.0	0.0	0.0				False	liver	late	nucleotide_transformer
2000	0.0	0.0	0.0				False	liver	late	nucleotide_transformer
2002	0.0	0.0	0.0				False	liver	late	nucleotide_transformer
2003	0.0	0.0	0.0				False	liver	late	nucleotide_transformer
2004	0.0	0.0	0.0				False	liver	late	nucleotide_transformer
2005	0.0	0.0	0.0				False	liver	late	nucleotide_transformer
2006	0.0	0.0	0.0				False	liver	late	nucleotide_transformer
2007	0.0	0.0	0.0				False	liver	late	nucleotide_transformer
2008	0.0	0.0	0.0				False	liver	late	nucleotide_transformer
2009	0.0	0.0	0.0				False	liver	late	nucleotide_transformer
2010	0.0	0.0	0.0				False	liver	late	nucleotide_transformer
2011	0.0	0.0	0.0				False	liver	late	nucleotide_transformer
2012	0.0	0.0	0.0				False	liver	late	nucleotide_transformer
2013	0.0	0.0	0.0				False	liver	late	nucleotide_transformer
2014	0.0	0.0	0.0				False	liver	late	nucleotide_transformer
2015	0.0	0.0	0.0				False	liver	late	nucleotide_transformer
2016	0.0	0.0	0.0				False	liver	late	nucleotide_transformer
2017	0.0	0.0	0.0				False	liver	late	nucleotide_transformer
2018	0.0	0.0	0.0				False	liver	late	nucleotide_transformer
2020	0.0	0.0	0.0				False	liver	late	nucleotide_transformer
2021	0.0	0.0	0.0				False	liver	late	nucleotide_transformer
2022	0.0	0.0	0.0				False	liver	late	nucleotide_transformer
2024	0.0	0.0	0.0				False	liver	late	nucleotide_transformer
2025	0.0	0.0	0.0				False	liver	late	nucleotide_transformer
2026	0.0	0.0	0.0				False	liver	late	nucleotide_transformer
2027	0.0	0.0	0.0				False	liver	late	nucleotide_transformer
2028	0.0	0.0	0.0				False	liver	late	nucleotide_transformer
2029	0.0	0.0	0.0				False	liver	late	nucleotide_transformer
2030	0.0	0.0	0.0				False	liver	late	nucleotide_transformer
2031	0.0	0.0	0.0				False	liver	late	nucleotide_transformer
2033	0.0	0.0	0.0				False	liver	late	nucleotide_transformer
2034	0.0	0.0	0.0				False	liver	late	nucleotide_transformer
2035	0.0	0.0	0.0				False	liver	late	nucleotide_transformer
2036	0.0	0.0	0.0				False	liver	late	nucleotide_transformer
2037	0.0	0.0	0.0				False	liver	late	nucleotide_transformer
2039	0.0	0.0	0.0				False	liver	late	nucleotide_transformer
2040	0.0	0.0	0.0				False	liver	late	nucleotide_transformer
2041	0.0	0.0	0.0				False	liver	late	nucleotide_transformer
2042	0.0	0.0	0.0				False	liver	late	nucleotide_transformer
2043	0.0	0.0	0.0				False	liver	late	nucleotide_transformer
2044	0.0	0.0	0.0				False	liver	late	nucleotide_transformer
2046	0.0	0.0	0.0				False	liver	late	nucleotide_transformer
2047	0.0	0.0	0.0				False	liver	late	nucleotide_transformer
2048	0.0	0.0	0.0				False	liver	late	nucleotide_transformer
2049	0.0	0.0	0.0				False	liver	late	nucleotide_transformer
2050	0.0	0.0	0.0				False	liver	late	nucleotide_transformer
2052	0.0	0.0	0.0				False	liver	late	nucleotide_transformer
2053	0.0	0.0	0.0				False	liver	late	nucleotide_transformer
2055	0.0	0.0	0.0				False	liver	late	nucleotide_transformer
2056	0.0	0.0	0.0				False	liver	late	nucleotide_transformer
2058	0.0	0.0	0.0				False	liver	late	nucleotide_transformer
2059	0.0	0.0	0.0				False	liver	late	nucleotide_transformer
2060	0.0	0.0	0.0				False	liver	late	nucleotide_transformer
2061	0.0	0.0	0.0				False	liver	late	nucleotide_transformer
2062	0.0	0.0	0.0				False	liver	late	nucleotide_transformer
2063	0.0	0.0	0.0				False	liver	late	nucleotide_transformer
2064	0.0	0.0	0.0				False	liver	late	nucleotide_transformer
2065	0.0	0.0	0.0				False	liver	late	nucleotide_transformer
2066	0.0	0.0	0.0				False	liver	late	nucleotide_transformer
2067	0.0	0.0	0.0				False	liver	late	nucleotide_transformer
2068	0.0	0.0	0.0				False	liver	late	nucleotide_transformer
2069	0.0	0.0	0.0				False	liver	late	nucleotide_transformer
2070	0.0	0.0	0.0				False	liver	late	nucleotide_transformer
2071	0.0	0.0	0.0				False	liver	late	nucleotide_transformer
2072	0.0	0.0	0.0				False	liver	late	nucleotide_transformer
2073	0.0	0.0	0.0				False	liver	late	nucleotide_transformer
2074	0.0	0.0	0.0				False	liver	late	nucleotide_transformer
2075	0.0	0.0	0.0				False	liver	late	nucleotide_transformer
2076	0.0	0.0	0.0				False	liver	late	nucleotide_transformer
2077	0.0	0.0	0.0				False	liver	late	nucleotide_transformer
2080	0.0	0.0	0.0				False	liver	late	nucleotide_transformer
2081	0.0	0.0	0.0				False	liver	late	nucleotide_transformer
2082	0.0	0.0	0.0				False	liver	late	nucleotide_transformer
2085	0.0	0.0	0.0				False	liver	late	nucleotide_transformer
2086	0.0	0.0	0.0				False	liver	late	nucleotide_transformer
2087	0.0	0.0	0.0				False	liver	late	nucleotide_transformer
2088	0.0	0.0	0.0				False	liver	late	nucleotide_transformer
2089	0.0	0.0	0.0				False	liver	late	nucleotide_transformer
2091	0.0	0.0	0.0				False	liver	late	nucleotide_transformer
2092	0.0	0.0	0.0				False	liver	late	nucleotide_transformer
2093	0.0	0.0	0.0				False	liver	late	nucleotide_transformer
2094	0.0	0.0	0.0				False	liver	late	nucleotide_transformer
2095	0.0	0.0	0.0				False	liver	late	nucleotide_transformer
2096	0.0	0.0	0.0				False	liver	late	nucleotide_transformer
2097	0.0	0.0	0.0				False	liver	late	nucleotide_transformer
2098	0.0	0.0	0.0				False	liver	late	nucleotide_transformer
2099	0.0	0.0	0.0				False	liver	late	nucleotide_transformer
2100	0.0	0.0	0.0				False	liver	late	nucleotide_transformer
2101	0.0	0.0	0.0				False	liver	late	nucleotide_transformer
2102	0.0	0.0	0.0				False	liver	late	nucleotide_transformer
2103	0.0	0.0	0.0				False	liver	late	nucleotide_transformer
2104	0.0	0.0	0.0				False	liver	late	nucleotide_transformer
2105	0.0	0.0	0.0				False	liver	late	nucleotide_transformer
2107	0.0	0.0	0.0				False	liver	late	nucleotide_transformer
2108	0.0	0.0	0.0				False	liver	late	nucleotide_transformer
2109	0.0	0.0	0.0				False	liver	late	nucleotide_transformer
2110	0.0	0.0	0.0				False	liver	late	nucleotide_transformer
2111	0.0	0.0	0.0				False	liver	late	nucleotide_transformer
2112	0.0	0.0	0.0				False	liver	late	nucleotide_transformer
2113	0.0	0.0	0.0				False	liver	late	nucleotide_transformer
2114	0.0	0.0	0.0				False	liver	late	nucleotide_transformer
2115	0.0	0.0	0.0				False	liver	late	nucleotide_transformer
2116	0.0	0.0	0.0				False	liver	late	nucleotide_transformer
2117	0.0	0.0	0.0				False	liver	late	nucleotide_transformer
2120	0.0	0.0	0.0				False	liver	late	nucleotide_transformer
2123	0.0	0.0	0.0				False	liver	late	nucleotide_transformer
2124	0.0	0.0	0.0				False	liver	late	nucleotide_transformer
2125	0.0	0.0	0.0				False	liver	late	nucleotide_transformer
2126	0.0	0.0	0.0				False	liver	late	nucleotide_transformer
2127	0.0	0.0	0.0				False	liver	late	nucleotide_transformer
2128	0.0	0.0	0.0				False	liver	late	nucleotide_transformer
2129	0.0	0.0	0.0				False	liver	late	nucleotide_transformer
2130	0.0	0.0	0.0				False	liver	late	nucleotide_transformer
2131	0.0	0.0	0.0				False	liver	late	nucleotide_transformer
2132	0.0	0.0	0.0				False	liver	late	nucleotide_transformer
2133	0.0	0.0	0.0				False	liver	late	nucleotide_transformer
2134	0.0	0.0	0.0				False	liver	late	nucleotide_transformer
2135	0.0	0.0	0.0				False	liver	late	nucleotide_transformer
2136	0.0	0.0	0.0				False	liver	late	nucleotide_transformer
2138	0.0	0.0	0.0				False	liver	late	nucleotide_transformer
2139	0.0	0.0	0.0				False	liver	late	nucleotide_transformer
2140	0.0	0.0	0.0				False	liver	late	nucleotide_transformer
2142	0.0	0.0	0.0				False	liver	late	nucleotide_transformer
2143	0.0	0.0	0.0				False	liver	late	nucleotide_transformer
2145	0.0	0.0	0.0				False	liver	late	nucleotide_transformer
2146	0.0	0.0	0.0				False	liver	late	nucleotide_transformer
2148	0.0	0.0	0.0				False	liver	late	nucleotide_transformer
2149	0.0	0.0	0.0				False	liver	late	nucleotide_transformer
2151	0.0	0.0	0.0				False	liver	late	nucleotide_transformer
2152	0.0	0.0	0.0				False	liver	late	nucleotide_transformer
2153	0.0	0.0	0.0				False	liver	late	nucleotide_transformer
2154	0.0	0.0	0.0				False	liver	late	nucleotide_transformer
2155	0.0	0.0	0.0				False	liver	late	nucleotide_transformer
2157	0.0	0.0	0.0				False	liver	late	nucleotide_transformer
2158	0.0	0.0	0.0				False	liver	late	nucleotide_transformer
2159	0.0	0.0	0.0				False	liver	late	nucleotide_transformer
2160	0.0	0.0	0.0				False	liver	late	nucleotide_transformer
2161	0.0	0.0	0.0				False	liver	late	nucleotide_transformer
2163	0.0	0.0	0.0				False	liver	late	nucleotide_transformer
2164	0.0	0.0	0.0				False	liver	late	nucleotide_transformer
2165	0.0	0.0	0.0				False	liver	late	nucleotide_transformer
2166	0.0	0.0	0.0				False	liver	late	nucleotide_transformer
2167	0.0	0.0	0.0				False	liver	late	nucleotide_transformer
2168	0.0	0.0	0.0				False	liver	late	nucleotide_transformer
2169	0.0	0.0	0.0				False	liver	late	nucleotide_transformer
2170	0.0	0.0	0.0				False	liver	late	nucleotide_transformer
2171	0.0	0.0	0.0				False	liver	late	nucleotide_transformer
2172	0.0	0.0	0.0				False	liver	late	nucleotide_transformer
2174	0.0	0.0	0.0				False	liver	late	nucleotide_transformer
2175	0.0	0.0	0.0				False	liver	late	nucleotide_transformer
2176	0.0	0.0	0.0				False	liver	late	nucleotide_transformer
2177	0.0	0.0	0.0				False	liver	late	nucleotide_transformer
2179	0.0	0.0	0.0				False	liver	late	nucleotide_transformer
2180	0.0	0.0	0.0				False	liver	late	nucleotide_transformer
2181	0.0	0.0	0.0				False	liver	late	nucleotide_transformer
2182	0.0	0.0	0.0				False	liver	late	nucleotide_transformer
2183	0.0	0.0	0.0				False	liver	late	nucleotide_transformer
2184	0.0	0.0	0.0				False	liver	late	nucleotide_transformer
2186	0.0	0.0	0.0				False	liver	late	nucleotide_transformer
2187	0.0	0.0	0.0				False	liver	late	nucleotide_transformer
2188	0.0	0.0	0.0				False	liver	late	nucleotide_transformer
2189	0.0	0.0	0.0				False	liver	late	nucleotide_transformer
2191	0.0	0.0	0.0				False	liver	late	nucleotide_transformer
2192	0.0	0.0	0.0				False	liver	late	nucleotide_transformer
2193	0.0	0.0	0.0				False	liver	late	nucleotide_transformer
2194	0.0	0.0	0.0				False	liver	late	nucleotide_transformer
2195	0.0	0.0	0.0				False	liver	late	nucleotide_transformer
2196	0.0	0.0	0.0				False	liver	late	nucleotide_transformer
2197	0.0	0.0	0.0				False	liver	late	nucleotide_transformer
2198	0.0	0.0	0.0				False	liver	late	nucleotide_transformer
2199	0.0	0.0	0.0				False	liver	late	nucleotide_transformer
2200	0.0	0.0	0.0				False	liver	late	nucleotide_transformer
2201	0.0	0.0	0.0				False	liver	late	nucleotide_transformer
2202	0.0	0.0	0.0				False	liver	late	nucleotide_transformer
2203	0.0	0.0	0.0				False	liver	late	nucleotide_transformer
2204	0.0	0.0	0.0				False	liver	late	nucleotide_transformer
2205	0.0	0.0	0.0				False	liver	late	nucleotide_transformer
2206	0.0	0.0	0.0				False	liver	late	nucleotide_transformer
2207	0.0	0.0	0.0				False	liver	late	nucleotide_transformer
2208	0.0	0.0	0.0				False	liver	late	nucleotide_transformer
2209	0.0	0.0	0.0				False	liver	late	nucleotide_transformer
2210	0.0	0.0	0.0				False	liver	late	nucleotide_transformer
2211	0.0	0.0	0.0				False	liver	late	nucleotide_transformer
2212	0.0	0.0	0.0				False	liver	late	nucleotide_transformer
2213	0.0	0.0	0.0				False	liver	late	nucleotide_transformer
2217	0.0	0.0	0.0				False	liver	late	nucleotide_transformer
2218	0.0	0.0	0.0				False	liver	late	nucleotide_transformer
2219	0.0	0.0	0.0				False	liver	late	nucleotide_transformer
2220	0.0	0.0	0.0				False	liver	late	nucleotide_transformer
2221	0.0	0.0	0.0				False	liver	late	nucleotide_transformer
2222	0.0	0.0	0.0				False	liver	late	nucleotide_transformer
2223	0.0	0.0	0.0				False	liver	late	nucleotide_transformer
2224	0.0	0.0	0.0				False	liver	late	nucleotide_transformer
2225	0.0	0.0	0.0				False	liver	late	nucleotide_transformer
2226	0.0	0.0	0.0				False	liver	late	nucleotide_transformer
2228	0.0	0.0	0.0				False	liver	late	nucleotide_transformer
2229	0.0	0.0	0.0				False	liver	late	nucleotide_transformer
2230	0.0	0.0	0.0				False	liver	late	nucleotide_transformer
2231	0.0	0.0	0.0				False	liver	late	nucleotide_transformer
2232	0.0	0.0	0.0				False	liver	late	nucleotide_transformer
2233	0.0	0.0	0.0				False	liver	late	nucleotide_transformer
2234	0.0	0.0	0.0				False	liver	late	nucleotide_transformer
2235	0.0	0.0	0.0				False	liver	late	nucleotide_transformer
2236	0.0	0.0	0.0				False	liver	late	nucleotide_transformer
2237	0.0	0.0	0.0				False	liver	late	nucleotide_transformer
2238	0.0	0.0	0.0				False	liver	late	nucleotide_transformer
2239	0.0	0.0	0.0				False	liver	late	nucleotide_transformer
2240	0.0	0.0	0.0				False	liver	late	nucleotide_transformer
2241	0.0	0.0	0.0				False	liver	late	nucleotide_transformer
2243	0.0	0.0	0.0				False	liver	late	nucleotide_transformer
2244	0.0	0.0	0.0				False	liver	late	nucleotide_transformer
2245	0.0	0.0	0.0				False	liver	late	nucleotide_transformer
2246	0.0	0.0	0.0				False	liver	late	nucleotide_transformer
2247	0.0	0.0	0.0				False	liver	late	nucleotide_transformer
2248	0.0	0.0	0.0				False	liver	late	nucleotide_transformer
2249	0.0	0.0	0.0				False	liver	late	nucleotide_transformer
2250	0.0	0.0	0.0				False	liver	late	nucleotide_transformer
2251	0.0	0.0	0.0				False	liver	late	nucleotide_transformer
2252	0.0	0.0	0.0				False	liver	late	nucleotide_transformer
2253	0.0	0.0	0.0				False	liver	late	nucleotide_transformer
2254	0.0	0.0	0.0				False	liver	late	nucleotide_transformer
2255	0.0	0.0	0.0				False	liver	late	nucleotide_transformer
2256	0.0	0.0	0.0				False	liver	late	nucleotide_transformer
2257	0.0	0.0	0.0				False	liver	late	nucleotide_transformer
2259	0.0	0.0	0.0				False	liver	late	nucleotide_transformer
2262	0.0	0.0	0.0				False	liver	late	nucleotide_transformer
2265	0.0	0.0	0.0				False	liver	late	nucleotide_transformer
2266	0.0	0.0	0.0				False	liver	late	nucleotide_transformer
2267	0.0	0.0	0.0				False	liver	late	nucleotide_transformer
2268	0.0	0.0	0.0				False	liver	late	nucleotide_transformer
2269	0.0	0.0	0.0				False	liver	late	nucleotide_transformer
2270	0.0	0.0	0.0				False	liver	late	nucleotide_transformer
2271	0.0	0.0	0.0				False	liver	late	nucleotide_transformer
2272	0.0	0.0	0.0				False	liver	late	nucleotide_transformer
2274	0.0	0.0	0.0				False	liver	late	nucleotide_transformer
2275	0.0	0.0	0.0				False	liver	late	nucleotide_transformer
2276	0.0	0.0	0.0				False	liver	late	nucleotide_transformer
2277	0.0	0.0	0.0				False	liver	late	nucleotide_transformer
2279	0.0	0.0	0.0				False	liver	late	nucleotide_transformer
2280	0.0	0.0	0.0				False	liver	late	nucleotide_transformer
2281	0.0	0.0	0.0				False	liver	late	nucleotide_transformer
2282	0.0	0.0	0.0				False	liver	late	nucleotide_transformer
2283	0.0	0.0	0.0				False	liver	late	nucleotide_transformer
2285	0.0	0.0	0.0				False	liver	late	nucleotide_transformer
2286	0.0	0.0	0.0				False	liver	late	nucleotide_transformer
2287	0.0	0.0	0.0				False	liver	late	nucleotide_transformer
2288	0.0	0.0	0.0				False	liver	late	nucleotide_transformer
2291	0.0	0.0	0.0				False	liver	late	nucleotide_transformer
2292	0.0	0.0	0.0				False	liver	late	nucleotide_transformer
2294	0.0	0.0	0.0				False	liver	late	nucleotide_transformer
2296	0.0	0.0	0.0				False	liver	late	nucleotide_transformer
2297	0.0	0.0	0.0				False	liver	late	nucleotide_transformer
2298	0.0	0.0	0.0				False	liver	late	nucleotide_transformer
2299	0.0	0.0	0.0				False	liver	late	nucleotide_transformer
2300	0.0	0.0	0.0				False	liver	late	nucleotide_transformer
2301	0.0	0.0	0.0				False	liver	late	nucleotide_transformer
2302	0.0	0.0	0.0				False	liver	late	nucleotide_transformer
2303	0.0	0.0	0.0				False	liver	late	nucleotide_transformer
2304	0.0	0.0	0.0				False	liver	late	nucleotide_transformer
2305	0.0	0.0	0.0				False	liver	late	nucleotide_transformer
2306	0.0	0.0	0.0				False	liver	late	nucleotide_transformer
2307	0.0	0.0	0.0				False	liver	late	nucleotide_transformer
2308	0.0	0.0	0.0				False	liver	late	nucleotide_transformer
2309	0.0	0.0	0.0				False	liver	late	nucleotide_transformer
2310	0.0	0.0	0.0				False	liver	late	nucleotide_transformer
2311	0.0	0.0	0.0				False	liver	late	nucleotide_transformer
2312	0.0	0.0	0.0				False	liver	late	nucleotide_transformer
2313	0.0	0.0	0.0				False	liver	late	nucleotide_transformer
2314	0.0	0.0	0.0				False	liver	late	nucleotide_transformer
2315	0.0	0.0	0.0				False	liver	late	nucleotide_transformer
2316	0.0	0.0	0.0				False	liver	late	nucleotide_transformer
2317	0.0	0.0	0.0				False	liver	late	nucleotide_transformer
2318	0.0	0.0	0.0				False	liver	late	nucleotide_transformer
2319	0.0	0.0	0.0				False	liver	late	nucleotide_transformer
2320	0.0	0.0	0.0				False	liver	late	nucleotide_transformer
2321	0.0	0.0	0.0				False	liver	late	nucleotide_transformer
2322	0.0	0.0	0.0				False	liver	late	nucleotide_transformer
2323	0.0	0.0	0.0				False	liver	late	nucleotide_transformer
2324	0.0	0.0	0.0				False	liver	late	nucleotide_transformer
2325	0.0	0.0	0.0				False	liver	late	nucleotide_transformer
2326	0.0	0.0	0.0				False	liver	late	nucleotide_transformer
2327	0.0	0.0	0.0				False	liver	late	nucleotide_transformer
2328	0.0	0.0	0.0				False	liver	late	nucleotide_transformer
2329	0.0	0.0	0.0				False	liver	late	nucleotide_transformer
2330	0.0	0.0	0.0				False	liver	late	nucleotide_transformer
2331	0.0	0.0	0.0				False	liver	late	nucleotide_transformer
2332	0.0	0.0	0.0				False	liver	late	nucleotide_transformer
2333	0.0	0.0	0.0				False	liver	late	nucleotide_transformer
2334	0.0	0.0	0.0				False	liver	late	nucleotide_transformer
2335	0.0	0.0	0.0				False	liver	late	nucleotide_transformer
2336	0.0	0.0	0.0				False	liver	late	nucleotide_transformer
2338	0.0	0.0	0.0				False	liver	late	nucleotide_transformer
2339	0.0	0.0	0.0				False	liver	late	nucleotide_transformer
2340	0.0	0.0	0.0				False	liver	late	nucleotide_transformer
2341	0.0	0.0	0.0				False	liver	late	nucleotide_transformer
2342	0.0	0.0	0.0				False	liver	late	nucleotide_transformer
2343	0.0	0.0	0.0				False	liver	late	nucleotide_transformer
2344	0.0	0.0	0.0				False	liver	late	nucleotide_transformer
2345	0.0	0.0	0.0				False	liver	late	nucleotide_transformer
2346	0.0	0.0	0.0				False	liver	late	nucleotide_transformer
2347	0.0	0.0	0.0				False	liver	late	nucleotide_transformer
2348	0.0	0.0	0.0				False	liver	late	nucleotide_transformer
2349	0.0	0.0	0.0				False	liver	late	nucleotide_transformer
2351	0.0	0.0	0.0				False	liver	late	nucleotide_transformer
2352	0.0	0.0	0.0				False	liver	late	nucleotide_transformer
2354	0.0	0.0	0.0				False	liver	late	nucleotide_transformer
2356	0.0	0.0	0.0				False	liver	late	nucleotide_transformer
2358	0.0	0.0	0.0				False	liver	late	nucleotide_transformer
2360	0.0	0.0	0.0				False	liver	late	nucleotide_transformer
2361	0.0	0.0	0.0				False	liver	late	nucleotide_transformer
2363	0.0	0.0	0.0				False	liver	late	nucleotide_transformer
2364	0.0	0.0	0.0				False	liver	late	nucleotide_transformer
2365	0.0	0.0	0.0				False	liver	late	nucleotide_transformer
2366	0.0	0.0	0.0				False	liver	late	nucleotide_transformer
2367	0.0	0.0	0.0				False	liver	late	nucleotide_transformer
2368	0.0	0.0	0.0				False	liver	late	nucleotide_transformer
2369	0.0	0.0	0.0				False	liver	late	nucleotide_transformer
2370	0.0	0.0	0.0				False	liver	late	nucleotide_transformer
2371	0.0	0.0	0.0				False	liver	late	nucleotide_transformer
2372	0.0	0.0	0.0				False	liver	late	nucleotide_transformer
2374	0.0	0.0	0.0				False	liver	late	nucleotide_transformer
2375	0.0	0.0	0.0				False	liver	late	nucleotide_transformer
2376	0.0	0.0	0.0				False	liver	late	nucleotide_transformer
2377	0.0	0.0	0.0				False	liver	late	nucleotide_transformer
2378	0.0	0.0	0.0				False	liver	late	nucleotide_transformer
2379	0.0	0.0	0.0				False	liver	late	nucleotide_transformer
2380	0.0	0.0	0.0				False	liver	late	nucleotide_transformer
2381	0.0	0.0	0.0				False	liver	late	nucleotide_transformer
2382	0.0	0.0	0.0				False	liver	late	nucleotide_transformer
2383	0.0	0.0	0.0				False	liver	late	nucleotide_transformer
2384	0.0	0.0	0.0				False	liver	late	nucleotide_transformer
2385	0.0	0.0	0.0				False	liver	late	nucleotide_transformer
2386	0.0	0.0	0.0				False	liver	late	nucleotide_transformer
2388	0.0	0.0	0.0				False	liver	late	nucleotide_transformer
2389	0.0	0.0	0.0				False	liver	late	nucleotide_transformer
2390	0.0	0.0	0.0				False	liver	late	nucleotide_transformer
2391	0.0	0.0	0.0				False	liver	late	nucleotide_transformer
2392	0.0	0.0	0.0				False	liver	late	nucleotide_transformer
2394	0.0	0.0	0.0				False	liver	late	nucleotide_transformer
2395	0.0	0.0	0.0				False	liver	late	nucleotide_transformer
2397	0.0	0.0	0.0				False	liver	late	nucleotide_transformer
2398	0.0	0.0	0.0				False	liver	late	nucleotide_transformer
2400	0.0	0.0	0.0				False	liver	late	nucleotide_transformer
2401	0.0	0.0	0.0				False	liver	late	nucleotide_transformer
2402	0.0	0.0	0.0				False	liver	late	nucleotide_transformer
2403	0.0	0.0	0.0				False	liver	late	nucleotide_transformer
2404	0.0	0.0	0.0				False	liver	late	nucleotide_transformer
2405	0.0	0.0	0.0				False	liver	late	nucleotide_transformer
2406	0.0	0.0	0.0				False	liver	late	nucleotide_transformer
2407	0.0	0.0	0.0				False	liver	late	nucleotide_transformer
2408	0.0	0.0	0.0				False	liver	late	nucleotide_transformer
2409	0.0	0.0	0.0				False	liver	late	nucleotide_transformer
2410	0.0	0.0	0.0				False	liver	late	nucleotide_transformer
2412	0.0	0.0	0.0				False	liver	late	nucleotide_transformer
2413	0.0	0.0	0.0				False	liver	late	nucleotide_transformer
2414	0.0	0.0	0.0				False	liver	late	nucleotide_transformer
2415	0.0	0.0	0.0				False	liver	late	nucleotide_transformer
2416	0.0	0.0	0.0				False	liver	late	nucleotide_transformer
2418	0.0	0.0	0.0				False	liver	late	nucleotide_transformer
2419	0.0	0.0	0.0				False	liver	late	nucleotide_transformer
2421	0.0	0.0	0.0				False	liver	late	nucleotide_transformer
2422	0.0	0.0	0.0				False	liver	late	nucleotide_transformer
2424	0.0	0.0	0.0				False	liver	late	nucleotide_transformer
2425	0.0	0.0	0.0				False	liver	late	nucleotide_transformer
2426	0.0	0.0	0.0				False	liver	late	nucleotide_transformer
2429	0.0	0.0	0.0				False	liver	late	nucleotide_transformer
2430	0.0	0.0	0.0				False	liver	late	nucleotide_transformer
2431	0.0	0.0	0.0				False	liver	late	nucleotide_transformer
2432	0.0	0.0	0.0				False	liver	late	nucleotide_transformer
2433	0.0	0.0	0.0				False	liver	late	nucleotide_transformer
2434	0.0	0.0	0.0				False	liver	late	nucleotide_transformer
2435	0.0	0.0	0.0				False	liver	late	nucleotide_transformer
2436	0.0	0.0	0.0				False	liver	late	nucleotide_transformer
2437	0.0	0.0	0.0				False	liver	late	nucleotide_transformer
2438	0.0	0.0	0.0				False	liver	late	nucleotide_transformer
2439	0.0	0.0	0.0				False	liver	late	nucleotide_transformer
2442	0.0	0.0	0.0				False	liver	late	nucleotide_transformer
2443	0.0	0.0	0.0				False	liver	late	nucleotide_transformer
2444	0.0	0.0	0.0				False	liver	late	nucleotide_transformer
2445	0.0	0.0	0.0				False	liver	late	nucleotide_transformer
2446	0.0	0.0	0.0				False	liver	late	nucleotide_transformer
2447	0.0	0.0	0.0				False	liver	late	nucleotide_transformer
2448	0.0	0.0	0.0				False	liver	late	nucleotide_transformer
2449	0.0	0.0	0.0				False	liver	late	nucleotide_transformer
2451	0.0	0.0	0.0				False	liver	late	nucleotide_transformer
2452	0.0	0.0	0.0				False	liver	late	nucleotide_transformer
2454	0.0	0.0	0.0				False	liver	late	nucleotide_transformer
2455	0.0	0.0	0.0				False	liver	late	nucleotide_transformer
2456	0.0	0.0	0.0				False	liver	late	nucleotide_transformer
2457	0.0	0.0	0.0				False	liver	late	nucleotide_transformer
2458	0.0	0.0	0.0				False	liver	late	nucleotide_transformer
2459	0.0	0.0	0.0				False	liver	late	nucleotide_transformer
2460	0.0	0.0	0.0				False	liver	late	nucleotide_transformer
2461	0.0	0.0	0.0				False	liver	late	nucleotide_transformer
2462	0.0	0.0	0.0				False	liver	late	nucleotide_transformer
2463	0.0	0.0	0.0				False	liver	late	nucleotide_transformer
2464	0.0	0.0	0.0				False	liver	late	nucleotide_transformer
2465	0.0	0.0	0.0				False	liver	late	nucleotide_transformer
2466	0.0	0.0	0.0				False	liver	late	nucleotide_transformer
2467	0.0	0.0	0.0				False	liver	late	nucleotide_transformer
2468	0.0	0.0	0.0				False	liver	late	nucleotide_transformer
2469	0.0	0.0	0.0				False	liver	late	nucleotide_transformer
2471	0.0	0.0	0.0				False	liver	late	nucleotide_transformer
2472	0.0	0.0	0.0				False	liver	late	nucleotide_transformer
2473	0.0	0.0	0.0				False	liver	late	nucleotide_transformer
2474	0.0	0.0	0.0				False	liver	late	nucleotide_transformer
2475	0.0	0.0	0.0				False	liver	late	nucleotide_transformer
2476	0.0	0.0	0.0				False	liver	late	nucleotide_transformer
2477	0.0	0.0	0.0				False	liver	late	nucleotide_transformer
2478	0.0	0.0	0.0				False	liver	late	nucleotide_transformer
2479	0.0	0.0	0.0				False	liver	late	nucleotide_transformer
2480	0.0	0.0	0.0				False	liver	late	nucleotide_transformer
2481	0.0	0.0	0.0				False	liver	late	nucleotide_transformer
2482	0.0	0.0	0.0				False	liver	late	nucleotide_transformer
2483	0.0	0.0	0.0				False	liver	late	nucleotide_transformer
2484	0.0	0.0	0.0				False	liver	late	nucleotide_transformer
2485	0.0	0.0	0.0				False	liver	late	nucleotide_transformer
2486	0.0	0.0	0.0				False	liver	late	nucleotide_transformer
2487	0.0	0.0	0.0				False	liver	late	nucleotide_transformer
2488	0.0	0.0	0.0				False	liver	late	nucleotide_transformer
2489	0.0	0.0	0.0				False	liver	late	nucleotide_transformer
2490	0.0	0.0	0.0				False	liver	late	nucleotide_transformer
2493	0.0	0.0	0.0				False	liver	late	nucleotide_transformer
2494	0.0	0.0	0.0				False	liver	late	nucleotide_transformer
2495	0.0	0.0	0.0				False	liver	late	nucleotide_transformer
2497	0.0	0.0	0.0				False	liver	late	nucleotide_transformer
2498	0.0	0.0	0.0				False	liver	late	nucleotide_transformer
2500	0.0	0.0	0.0				False	liver	late	nucleotide_transformer
2501	0.0	0.0	0.0				False	liver	late	nucleotide_transformer
2502	0.0	0.0	0.0				False	liver	late	nucleotide_transformer
2503	0.0	0.0	0.0				False	liver	late	nucleotide_transformer
2504	0.0	0.0	0.0				False	liver	late	nucleotide_transformer
2505	0.0	0.0	0.0				False	liver	late	nucleotide_transformer
2506	0.0	0.0	0.0				False	liver	late	nucleotide_transformer
2507	0.0	0.0	0.0				False	liver	late	nucleotide_transformer
2508	0.0	0.0	0.0				False	liver	late	nucleotide_transformer
2509	0.0	0.0	0.0				False	liver	late	nucleotide_transformer
2510	0.0	0.0	0.0				False	liver	late	nucleotide_transformer
2511	0.0	0.0	0.0				False	liver	late	nucleotide_transformer
2513	0.0	0.0	0.0				False	liver	late	nucleotide_transformer
2514	0.0	0.0	0.0				False	liver	late	nucleotide_transformer
2515	0.0	0.0	0.0				False	liver	late	nucleotide_transformer
2516	0.0	0.0	0.0				False	liver	late	nucleotide_transformer
2517	0.0	0.0	0.0				False	liver	late	nucleotide_transformer
2519	0.0	0.0	0.0				False	liver	late	nucleotide_transformer
2520	0.0	0.0	0.0				False	liver	late	nucleotide_transformer
2521	0.0	0.0	0.0				False	liver	late	nucleotide_transformer
2522	0.0	0.0	0.0				False	liver	late	nucleotide_transformer
2523	0.0	0.0	0.0				False	liver	late	nucleotide_transformer
2524	0.0	0.0	0.0				False	liver	late	nucleotide_transformer
2526	0.0	0.0	0.0				False	liver	late	nucleotide_transformer
2527	0.0	0.0	0.0				False	liver	late	nucleotide_transformer
2528	0.0	0.0	0.0				False	liver	late	nucleotide_transformer
2529	0.0	0.0	0.0				False	liver	late	nucleotide_transformer
2530	0.0	0.0	0.0				False	liver	late	nucleotide_transformer
2531	0.0	0.0	0.0				False	liver	late	nucleotide_transformer
2532	0.0	0.0	0.0				False	liver	late	nucleotide_transformer
2533	0.0	0.0	0.0				False	liver	late	nucleotide_transformer
2534	0.0	0.0	0.0				False	liver	late	nucleotide_transformer
2537	0.0	0.0	0.0				False	liver	late	nucleotide_transformer
2538	0.0	0.0	0.0				False	liver	late	nucleotide_transformer
2539	0.0	0.0	0.0				False	liver	late	nucleotide_transformer
2540	0.0	0.0	0.0				False	liver	late	nucleotide_transformer
2541	0.0	0.0	0.0				False	liver	late	nucleotide_transformer
2542	0.0	0.0	0.0				False	liver	late	nucleotide_transformer
2543	0.0	0.0	0.0				False	liver	late	nucleotide_transformer
2544	0.0	0.0	0.0				False	liver	late	nucleotide_transformer
2545	0.0	0.0	0.0				False	liver	late	nucleotide_transformer
2546	0.0	0.0	0.0				False	liver	late	nucleotide_transformer
2547	0.0	0.0	0.0				False	liver	late	nucleotide_transformer
2548	0.0	0.0	0.0				False	liver	late	nucleotide_transformer
2549	0.0	0.0	0.0				False	liver	late	nucleotide_transformer
2550	0.0	0.0	0.0				False	liver	late	nucleotide_transformer
2551	0.0	0.0	0.0				False	liver	late	nucleotide_transformer
2552	0.0	0.0	0.0				False	liver	late	nucleotide_transformer
2553	0.0	0.0	0.0				False	liver	late	nucleotide_transformer
2555	0.0	0.0	0.0				False	liver	late	nucleotide_transformer
2556	0.0	0.0	0.0				False	liver	late	nucleotide_transformer
2557	0.0	0.0	0.0				False	liver	late	nucleotide_transformer
2558	0.0	0.0	0.0				False	liver	late	nucleotide_transformer
2559	0.0	0.0	0.0				False	liver	late	nucleotide_transformer
2561	0.0	0.0	0.0				False	liver	late	nucleotide_transformer
2563	0.0	0.0	0.0				False	liver	late	nucleotide_transformer
2564	0.0	0.0	0.0				False	liver	late	nucleotide_transformer
2565	0.0	0.0	0.0				False	liver	late	nucleotide_transformer
2566	0.0	0.0	0.0				False	liver	late	nucleotide_transformer
2567	0.0	0.0	0.0				False	liver	late	nucleotide_transformer
2568	0.0	0.0	0.0				False	liver	late	nucleotide_transformer
2569	0.0	0.0	0.0				False	liver	late	nucleotide_transformer
2571	0.0	0.0	0.0				False	liver	late	nucleotide_transformer
2572	0.0	0.0	0.0				False	liver	late	nucleotide_transformer
2573	0.0	0.0	0.0				False	liver	late	nucleotide_transformer
2574	0.0	0.0	0.0				False	liver	late	nucleotide_transformer
2575	0.0	0.0	0.0				False	liver	late	nucleotide_transformer
2576	0.0	0.0	0.0				False	liver	late	nucleotide_transformer
2577	0.0	0.0	0.0				False	liver	late	nucleotide_transformer
2578	0.0	0.0	0.0				False	liver	late	nucleotide_transformer
2579	0.0	0.0	0.0				False	liver	late	nucleotide_transformer
2580	0.0	0.0	0.0				False	liver	late	nucleotide_transformer
2581	0.0	0.0	0.0				False	liver	late	nucleotide_transformer
2582	0.0	0.0	0.0				False	liver	late	nucleotide_transformer
2583	0.0	0.0	0.0				False	liver	late	nucleotide_transformer
2584	0.0	0.0	0.0				False	liver	late	nucleotide_transformer
2585	0.0	0.0	0.0				False	liver	late	nucleotide_transformer
2586	0.0	0.0	0.0				False	liver	late	nucleotide_transformer
2587	0.0	0.0	0.0				False	liver	late	nucleotide_transformer
2588	0.0	0.0	0.0				False	liver	late	nucleotide_transformer
2589	0.0	0.0	0.0				False	liver	late	nucleotide_transformer
2590	0.0	0.0	0.0				False	liver	late	nucleotide_transformer
2591	0.0	0.0	0.0				False	liver	late	nucleotide_transformer
2592	0.0	0.0	0.0				False	liver	late	nucleotide_transformer
2593	0.0	0.0	0.0				False	liver	late	nucleotide_transformer
2594	0.0	0.0	0.0				False	liver	late	nucleotide_transformer
2595	0.0	0.0	0.0				False	liver	late	nucleotide_transformer
2596	0.0	0.0	0.0				False	liver	late	nucleotide_transformer
2597	0.0	0.0	0.0				False	liver	late	nucleotide_transformer
2598	0.0	0.0	0.0				False	liver	late	nucleotide_transformer
2599	0.0	0.0	0.0				False	liver	late	nucleotide_transformer
2600	0.0	0.0	0.0				False	liver	late	nucleotide_transformer
2601	0.0	0.0	0.0				False	liver	late	nucleotide_transformer
2602	0.0	0.0	0.0				False	liver	late	nucleotide_transformer
2603	0.0	0.0	0.0				False	liver	late	nucleotide_transformer
2604	0.0	0.0	0.0				False	liver	late	nucleotide_transformer
2606	0.0	0.0	0.0				False	liver	late	nucleotide_transformer
2607	0.0	0.0	0.0				False	liver	late	nucleotide_transformer
2608	0.0	0.0	0.0				False	liver	late	nucleotide_transformer
2609	0.0	0.0	0.0				False	liver	late	nucleotide_transformer
2610	0.0	0.0	0.0				False	liver	late	nucleotide_transformer
2612	0.0	0.0	0.0				False	liver	late	nucleotide_transformer
2613	0.0	0.0	0.0				False	liver	late	nucleotide_transformer
2614	0.0	0.0	0.0				False	liver	late	nucleotide_transformer
2615	0.0	0.0	0.0				False	liver	late	nucleotide_transformer
2616	0.0	0.0	0.0				False	liver	late	nucleotide_transformer
2618	0.0	0.0	0.0				False	liver	late	nucleotide_transformer
2619	0.0	0.0	0.0				False	liver	late	nucleotide_transformer
2620	0.0	0.0	0.0				False	liver	late	nucleotide_transformer
2621	0.0	0.0	0.0				False	liver	late	nucleotide_transformer
2623	0.0	0.0	0.0				False	liver	late	nucleotide_transformer
2625	0.0	0.0	0.0				False	liver	late	nucleotide_transformer
2626	0.0	0.0	0.0				False	liver	late	nucleotide_transformer
2627	0.0	0.0	0.0				False	liver	late	nucleotide_transformer
2628	0.0	0.0	0.0				False	liver	late	nucleotide_transformer
2629	0.0	0.0	0.0				False	liver	late	nucleotide_transformer
2630	0.0	0.0	0.0				False	liver	late	nucleotide_transformer
2631	0.0	0.0	0.0				False	liver	late	nucleotide_transformer
2632	0.0	0.0	0.0				False	liver	late	nucleotide_transformer
2635	0.0	0.0	0.0				False	liver	late	nucleotide_transformer
2636	0.0	0.0	0.0				False	liver	late	nucleotide_transformer
2638	0.0	0.0	0.0				False	liver	late	nucleotide_transformer
2639	0.0	0.0	0.0				False	liver	late	nucleotide_transformer
2640	0.0	0.0	0.0				False	liver	late	nucleotide_transformer
2642	0.0	0.0	0.0				False	liver	late	nucleotide_transformer
2644	0.0	0.0	0.0				False	liver	late	nucleotide_transformer
2645	0.0	0.0	0.0				False	liver	late	nucleotide_transformer
2646	0.0	0.0	0.0				False	liver	late	nucleotide_transformer
2647	0.0	0.0	0.0				False	liver	late	nucleotide_transformer
2648	0.0	0.0	0.0				False	liver	late	nucleotide_transformer
2649	0.0	0.0	0.0				False	liver	late	nucleotide_transformer
2650	0.0	0.0	0.0				False	liver	late	nucleotide_transformer
2651	0.0	0.0	0.0				False	liver	late	nucleotide_transformer
2652	0.0	0.0	0.0				False	liver	late	nucleotide_transformer
2653	0.0	0.0	0.0				False	liver	late	nucleotide_transformer
2654	0.0	0.0	0.0				False	liver	late	nucleotide_transformer
2655	0.0	0.0	0.0				False	liver	late	nucleotide_transformer
2656	0.0	0.0	0.0				False	liver	late	nucleotide_transformer
2657	0.0	0.0	0.0				False	liver	late	nucleotide_transformer
2658	0.0	0.0	0.0				False	liver	late	nucleotide_transformer
2659	0.0	0.0	0.0				False	liver	late	nucleotide_transformer
2660	0.0	0.0	0.0				False	liver	late	nucleotide_transformer
2661	0.0	0.0	0.0				False	liver	late	nucleotide_transformer
2662	0.0	0.0	0.0				False	liver	late	nucleotide_transformer
2664	0.0	0.0	0.0				False	liver	late	nucleotide_transformer
2665	0.0	0.0	0.0				False	liver	late	nucleotide_transformer
2666	0.0	0.0	0.0				False	liver	late	nucleotide_transformer
2667	0.0	0.0	0.0				False	liver	late	nucleotide_transformer
2668	0.0	0.0	0.0				False	liver	late	nucleotide_transformer
2669	0.0	0.0	0.0				False	liver	late	nucleotide_transformer
2670	0.0	0.0	0.0				False	liver	late	nucleotide_transformer
2671	0.0	0.0	0.0				False	liver	late	nucleotide_transformer
2672	0.0	0.0	0.0				False	liver	late	nucleotide_transformer
2673	0.0	0.0	0.0				False	liver	late	nucleotide_transformer
2674	0.0	0.0	0.0				False	liver	late	nucleotide_transformer
2675	0.0	0.0	0.0				False	liver	late	nucleotide_transformer
2676	0.0	0.0	0.0				False	liver	late	nucleotide_transformer
2677	0.0	0.0	0.0				False	liver	late	nucleotide_transformer
2678	0.0	0.0	0.0				False	liver	late	nucleotide_transformer
2679	0.0	0.0	0.0				False	liver	late	nucleotide_transformer
2680	0.0	0.0	0.0				False	liver	late	nucleotide_transformer
2681	0.0	0.0	0.0				False	liver	late	nucleotide_transformer
2682	0.0	0.0	0.0				False	liver	late	nucleotide_transformer
2683	0.0	0.0	0.0				False	liver	late	nucleotide_transformer
2684	0.0	0.0	0.0				False	liver	late	nucleotide_transformer
2685	0.0	0.0	0.0				False	liver	late	nucleotide_transformer
2688	0.0	0.0	0.0				False	liver	late	nucleotide_transformer
2690	0.0	0.0	0.0				False	liver	late	nucleotide_transformer
2691	0.0	0.0	0.0				False	liver	late	nucleotide_transformer
2692	0.0	0.0	0.0				False	liver	late	nucleotide_transformer
2693	0.0	0.0	0.0				False	liver	late	nucleotide_transformer
2694	0.0	0.0	0.0				False	liver	late	nucleotide_transformer
2695	0.0	0.0	0.0				False	liver	late	nucleotide_transformer
2696	0.0	0.0	0.0				False	liver	late	nucleotide_transformer
2697	0.0	0.0	0.0				False	liver	late	nucleotide_transformer
2699	0.0	0.0	0.0				False	liver	late	nucleotide_transformer
2700	0.0	0.0	0.0				False	liver	late	nucleotide_transformer
2701	0.0	0.0	0.0				False	liver	late	nucleotide_transformer
2702	0.0	0.0	0.0				False	liver	late	nucleotide_transformer
2703	0.0	0.0	0.0				False	liver	late	nucleotide_transformer
2704	0.0	0.0	0.0				False	liver	late	nucleotide_transformer
2705	0.0	0.0	0.0				False	liver	late	nucleotide_transformer
2706	0.0	0.0	0.0				False	liver	late	nucleotide_transformer
2707	0.0	0.0	0.0				False	liver	late	nucleotide_transformer
2708	0.0	0.0	0.0				False	liver	late	nucleotide_transformer
2710	0.0	0.0	0.0				False	liver	late	nucleotide_transformer
2711	0.0	0.0	0.0				False	liver	late	nucleotide_transformer
2713	0.0	0.0	0.0				False	liver	late	nucleotide_transformer
2714	0.0	0.0	0.0				False	liver	late	nucleotide_transformer
2717	0.0	0.0	0.0				False	liver	late	nucleotide_transformer
2718	0.0	0.0	0.0				False	liver	late	nucleotide_transformer
2719	0.0	0.0	0.0				False	liver	late	nucleotide_transformer
2720	0.0	0.0	0.0				False	liver	late	nucleotide_transformer
2721	0.0	0.0	0.0				False	liver	late	nucleotide_transformer
2722	0.0	0.0	0.0				False	liver	late	nucleotide_transformer
2723	0.0	0.0	0.0				False	liver	late	nucleotide_transformer
2724	0.0	0.0	0.0				False	liver	late	nucleotide_transformer
2725	0.0	0.0	0.0				False	liver	late	nucleotide_transformer
2726	0.0	0.0	0.0				False	liver	late	nucleotide_transformer
2727	0.0	0.0	0.0				False	liver	late	nucleotide_transformer
2728	0.0	0.0	0.0				False	liver	late	nucleotide_transformer
2729	0.0	0.0	0.0				False	liver	late	nucleotide_transformer
2730	0.0	0.0	0.0				False	liver	late	nucleotide_transformer
2731	0.0	0.0	0.0				False	liver	late	nucleotide_transformer
2732	0.0	0.0	0.0				False	liver	late	nucleotide_transformer
2734	0.0	0.0	0.0				False	liver	late	nucleotide_transformer
2736	0.0	0.0	0.0				False	liver	late	nucleotide_transformer
2737	0.0	0.0	0.0				False	liver	late	nucleotide_transformer
2738	0.0	0.0	0.0				False	liver	late	nucleotide_transformer
2739	0.0	0.0	0.0				False	liver	late	nucleotide_transformer
2740	0.0	0.0	0.0				False	liver	late	nucleotide_transformer
2741	0.0	0.0	0.0				False	liver	late	nucleotide_transformer
2742	0.0	0.0	0.0				False	liver	late	nucleotide_transformer
2743	0.0	0.0	0.0				False	liver	late	nucleotide_transformer
2744	0.0	0.0	0.0				False	liver	late	nucleotide_transformer
2745	0.0	0.0	0.0				False	liver	late	nucleotide_transformer
2746	0.0	0.0	0.0				False	liver	late	nucleotide_transformer
2748	0.0	0.0	0.0				False	liver	late	nucleotide_transformer
2749	0.0	0.0	0.0				False	liver	late	nucleotide_transformer
2752	0.0	0.0	0.0				False	liver	late	nucleotide_transformer
2753	0.0	0.0	0.0				False	liver	late	nucleotide_transformer
2754	0.0	0.0	0.0				False	liver	late	nucleotide_transformer
2755	0.0	0.0	0.0				False	liver	late	nucleotide_transformer
2756	0.0	0.0	0.0				False	liver	late	nucleotide_transformer
2757	0.0	0.0	0.0				False	liver	late	nucleotide_transformer
2759	0.0	0.0	0.0				False	liver	late	nucleotide_transformer
2760	0.0	0.0	0.0				False	liver	late	nucleotide_transformer
2762	0.0	0.0	0.0				False	liver	late	nucleotide_transformer
2763	0.0	0.0	0.0				False	liver	late	nucleotide_transformer
2764	0.0	0.0	0.0				False	liver	late	nucleotide_transformer
2765	0.0	0.0	0.0				False	liver	late	nucleotide_transformer
2766	0.0	0.0	0.0				False	liver	late	nucleotide_transformer
2768	0.0	0.0	0.0				False	liver	late	nucleotide_transformer
2769	0.0	0.0	0.0				False	liver	late	nucleotide_transformer
2770	0.0	0.0	0.0				False	liver	late	nucleotide_transformer
2771	0.0	0.0	0.0				False	liver	late	nucleotide_transformer
2772	0.0	0.0	0.0				False	liver	late	nucleotide_transformer
2773	0.0	0.0	0.0				False	liver	late	nucleotide_transformer
2774	0.0	0.0	0.0				False	liver	late	nucleotide_transformer
2775	0.0	0.0	0.0				False	liver	late	nucleotide_transformer
2777	0.0	0.0	0.0				False	liver	late	nucleotide_transformer
2778	0.0	0.0	0.0				False	liver	late	nucleotide_transformer
2779	0.0	0.0	0.0				False	liver	late	nucleotide_transformer
2780	0.0	0.0	0.0				False	liver	late	nucleotide_transformer
2782	0.0	0.0	0.0				False	liver	late	nucleotide_transformer
2784	0.0	0.0	0.0				False	liver	late	nucleotide_transformer
2785	0.0	0.0	0.0				False	liver	late	nucleotide_transformer
2786	0.0	0.0	0.0				False	liver	late	nucleotide_transformer
2787	0.0	0.0	0.0				False	liver	late	nucleotide_transformer
2788	0.0	0.0	0.0				False	liver	late	nucleotide_transformer
2790	0.0	0.0	0.0				False	liver	late	nucleotide_transformer
2791	0.0	0.0	0.0				False	liver	late	nucleotide_transformer
2792	0.0	0.0	0.0				False	liver	late	nucleotide_transformer
2794	0.0	0.0	0.0				False	liver	late	nucleotide_transformer
2795	0.0	0.0	0.0				False	liver	late	nucleotide_transformer
2796	0.0	0.0	0.0				False	liver	late	nucleotide_transformer
2797	0.0	0.0	0.0				False	liver	late	nucleotide_transformer
2798	0.0	0.0	0.0				False	liver	late	nucleotide_transformer
2799	0.0	0.0	0.0				False	liver	late	nucleotide_transformer
2800	0.0	0.0	0.0				False	liver	late	nucleotide_transformer
2801	0.0	0.0	0.0				False	liver	late	nucleotide_transformer
2802	0.0	0.0	0.0				False	liver	late	nucleotide_transformer
2804	0.0	0.0	0.0				False	liver	late	nucleotide_transformer
2805	0.0	0.0	0.0				False	liver	late	nucleotide_transformer
2806	0.0	0.0	0.0				False	liver	late	nucleotide_transformer
2807	0.0	0.0	0.0				False	liver	late	nucleotide_transformer
2808	0.0	0.0	0.0				False	liver	late	nucleotide_transformer
2810	0.0	0.0	0.0				False	liver	late	nucleotide_transformer
2811	0.0	0.0	0.0				False	liver	late	nucleotide_transformer
2812	0.0	0.0	0.0				False	liver	late	nucleotide_transformer
2813	0.0	0.0	0.0				False	liver	late	nucleotide_transformer
2814	0.0	0.0	0.0				False	liver	late	nucleotide_transformer
2815	0.0	0.0	0.0				False	liver	late	nucleotide_transformer
2816	0.0	0.0	0.0				False	liver	late	nucleotide_transformer
2817	0.0	0.0	0.0				False	liver	late	nucleotide_transformer
2819	0.0	0.0	0.0				False	liver	late	nucleotide_transformer
2820	0.0	0.0	0.0				False	liver	late	nucleotide_transformer
2821	0.0	0.0	0.0				False	liver	late	nucleotide_transformer
2822	0.0	0.0	0.0				False	liver	late	nucleotide_transformer
2823	0.0	0.0	0.0				False	liver	late	nucleotide_transformer
2825	0.0	0.0	0.0				False	liver	late	nucleotide_transformer
2826	0.0	0.0	0.0				False	liver	late	nucleotide_transformer
2827	0.0	0.0	0.0				False	liver	late	nucleotide_transformer
2828	0.0	0.0	0.0				False	liver	late	nucleotide_transformer
2829	0.0	0.0	0.0				False	liver	late	nucleotide_transformer
2830	0.0	0.0	0.0				False	liver	late	nucleotide_transformer
2831	0.0	0.0	0.0				False	liver	late	nucleotide_transformer
2832	0.0	0.0	0.0				False	liver	late	nucleotide_transformer
2833	0.0	0.0	0.0				False	liver	late	nucleotide_transformer
2835	0.0	0.0	0.0				False	liver	late	nucleotide_transformer
2836	0.0	0.0	0.0				False	liver	late	nucleotide_transformer
2837	0.0	0.0	0.0				False	liver	late	nucleotide_transformer
2838	0.0	0.0	0.0				False	liver	late	nucleotide_transformer
2839	0.0	0.0	0.0				False	liver	late	nucleotide_transformer
2841	0.0	0.0	0.0				False	liver	late	nucleotide_transformer
2842	0.0	0.0	0.0				False	liver	late	nucleotide_transformer
2844	0.0	0.0	0.0				False	liver	late	nucleotide_transformer
2846	0.0	0.0	0.0				False	liver	late	nucleotide_transformer
2847	0.0	0.0	0.0				False	liver	late	nucleotide_transformer
2848	0.0	0.0	0.0				False	liver	late	nucleotide_transformer
2849	0.0	0.0	0.0				False	liver	late	nucleotide_transformer
2850	0.0	0.0	0.0				False	liver	late	nucleotide_transformer
2853	0.0	0.0	0.0				False	liver	late	nucleotide_transformer
2854	0.0	0.0	0.0				False	liver	late	nucleotide_transformer
2855	0.0	0.0	0.0				False	liver	late	nucleotide_transformer
2856	0.0	0.0	0.0				False	liver	late	nucleotide_transformer
2857	0.0	0.0	0.0				False	liver	late	nucleotide_transformer
2858	0.0	0.0	0.0				False	liver	late	nucleotide_transformer
2859	0.0	0.0	0.0				False	liver	late	nucleotide_transformer
2860	0.0	0.0	0.0				False	liver	late	nucleotide_transformer
2861	0.0	0.0	0.0				False	liver	late	nucleotide_transformer
2862	0.0	0.0	0.0				False	liver	late	nucleotide_transformer
2863	0.0	0.0	0.0				False	liver	late	nucleotide_transformer
2864	0.0	0.0	0.0				False	liver	late	nucleotide_transformer
2865	0.0	0.0	0.0				False	liver	late	nucleotide_transformer
2866	0.0	0.0	0.0				False	liver	late	nucleotide_transformer
2867	0.0	0.0	0.0				False	liver	late	nucleotide_transformer
2869	0.0	0.0	0.0				False	liver	late	nucleotide_transformer
2870	0.0	0.0	0.0				False	liver	late	nucleotide_transformer
2871	0.0	0.0	0.0				False	liver	late	nucleotide_transformer
2872	0.0	0.0	0.0				False	liver	late	nucleotide_transformer
2874	0.0	0.0	0.0				False	liver	late	nucleotide_transformer
2875	0.0	0.0	0.0				False	liver	late	nucleotide_transformer
2876	0.0	0.0	0.0				False	liver	late	nucleotide_transformer
2877	0.0	0.0	0.0				False	liver	late	nucleotide_transformer
2878	0.0	0.0	0.0				False	liver	late	nucleotide_transformer
2879	0.0	0.0	0.0				False	liver	late	nucleotide_transformer
2880	0.0	0.0	0.0				False	liver	late	nucleotide_transformer
2881	0.0	0.0	0.0				False	liver	late	nucleotide_transformer
2882	0.0	0.0	0.0				False	liver	late	nucleotide_transformer
2883	0.0	0.0	0.0				False	liver	late	nucleotide_transformer
2884	0.0	0.0	0.0				False	liver	late	nucleotide_transformer
2886	0.0	0.0	0.0				False	liver	late	nucleotide_transformer
2887	0.0	0.0	0.0				False	liver	late	nucleotide_transformer
2888	0.0	0.0	0.0				False	liver	late	nucleotide_transformer
2889	0.0	0.0	0.0				False	liver	late	nucleotide_transformer
2890	0.0	0.0	0.0				False	liver	late	nucleotide_transformer
2891	0.0	0.0	0.0				False	liver	late	nucleotide_transformer
2893	0.0	0.0	0.0				False	liver	late	nucleotide_transformer
2895	0.0	0.0	0.0				False	liver	late	nucleotide_transformer
2896	0.0	0.0	0.0				False	liver	late	nucleotide_transformer
2897	0.0	0.0	0.0				False	liver	late	nucleotide_transformer
2898	0.0	0.0	0.0				False	liver	late	nucleotide_transformer
2899	0.0	0.0	0.0				False	liver	late	nucleotide_transformer
2900	0.0	0.0	0.0				False	liver	late	nucleotide_transformer
2901	0.0	0.0	0.0				False	liver	late	nucleotide_transformer
2902	0.0	0.0	0.0				False	liver	late	nucleotide_transformer
2903	0.0	0.0	0.0				False	liver	late	nucleotide_transformer
2904	0.0	0.0	0.0				False	liver	late	nucleotide_transformer
2905	0.0	0.0	0.0				False	liver	late	nucleotide_transformer
2906	0.0	0.0	0.0				False	liver	late	nucleotide_transformer
2907	0.0	0.0	0.0				False	liver	late	nucleotide_transformer
2908	0.0	0.0	0.0				False	liver	late	nucleotide_transformer
2909	0.0	0.0	0.0				False	liver	late	nucleotide_transformer
2911	0.0	0.0	0.0				False	liver	late	nucleotide_transformer
2912	0.0	0.0	0.0				False	liver	late	nucleotide_transformer
2913	0.0	0.0	0.0				False	liver	late	nucleotide_transformer
2914	0.0	0.0	0.0				False	liver	late	nucleotide_transformer
2915	0.0	0.0	0.0				False	liver	late	nucleotide_transformer
2916	0.0	0.0	0.0				False	liver	late	nucleotide_transformer
2917	0.0	0.0	0.0				False	liver	late	nucleotide_transformer
2918	0.0	0.0	0.0				False	liver	late	nucleotide_transformer
2919	0.0	0.0	0.0				False	liver	late	nucleotide_transformer
2920	0.0	0.0	0.0				False	liver	late	nucleotide_transformer
2921	0.0	0.0	0.0				False	liver	late	nucleotide_transformer
2923	0.0	0.0	0.0				False	liver	late	nucleotide_transformer
2924	0.0	0.0	0.0				False	liver	late	nucleotide_transformer
2925	0.0	0.0	0.0				False	liver	late	nucleotide_transformer
2926	0.0	0.0	0.0				False	liver	late	nucleotide_transformer
2927	0.0	0.0	0.0				False	liver	late	nucleotide_transformer
2928	0.0	0.0	0.0				False	liver	late	nucleotide_transformer
2929	0.0	0.0	0.0				False	liver	late	nucleotide_transformer
2930	0.0	0.0	0.0				False	liver	late	nucleotide_transformer
2931	0.0	0.0	0.0				False	liver	late	nucleotide_transformer
2932	0.0	0.0	0.0				False	liver	late	nucleotide_transformer
2933	0.0	0.0	0.0				False	liver	late	nucleotide_transformer
2934	0.0	0.0	0.0				False	liver	late	nucleotide_transformer
2935	0.0	0.0	0.0				False	liver	late	nucleotide_transformer
2936	0.0	0.0	0.0				False	liver	late	nucleotide_transformer
2937	0.0	0.0	0.0				False	liver	late	nucleotide_transformer
2939	0.0	0.0	0.0				False	liver	late	nucleotide_transformer
2940	0.0	0.0	0.0				False	liver	late	nucleotide_transformer
2941	0.0	0.0	0.0				False	liver	late	nucleotide_transformer
2942	0.0	0.0	0.0				False	liver	late	nucleotide_transformer
2943	0.0	0.0	0.0				False	liver	late	nucleotide_transformer
2944	0.0	0.0	0.0				False	liver	late	nucleotide_transformer
2945	0.0	0.0	0.0				False	liver	late	nucleotide_transformer
2946	0.0	0.0	0.0				False	liver	late	nucleotide_transformer
2947	0.0	0.0	0.0				False	liver	late	nucleotide_transformer
2948	0.0	0.0	0.0				False	liver	late	nucleotide_transformer
2949	0.0	0.0	0.0				False	liver	late	nucleotide_transformer
2950	0.0	0.0	0.0				False	liver	late	nucleotide_transformer
2951	0.0	0.0	0.0				False	liver	late	nucleotide_transformer
2952	0.0	0.0	0.0				False	liver	late	nucleotide_transformer
2953	0.0	0.0	0.0				False	liver	late	nucleotide_transformer
2954	0.0	0.0	0.0				False	liver	late	nucleotide_transformer
2955	0.0	0.0	0.0				False	liver	late	nucleotide_transformer
2956	0.0	0.0	0.0				False	liver	late	nucleotide_transformer
2957	0.0	0.0	0.0				False	liver	late	nucleotide_transformer
2958	0.0	0.0	0.0				False	liver	late	nucleotide_transformer
2959	0.0	0.0	0.0				False	liver	late	nucleotide_transformer
2960	0.0	0.0	0.0				False	liver	late	nucleotide_transformer
2962	0.0	0.0	0.0				False	liver	late	nucleotide_transformer
2963	0.0	0.0	0.0				False	liver	late	nucleotide_transformer
2964	0.0	0.0	0.0				False	liver	late	nucleotide_transformer
2965	0.0	0.0	0.0				False	liver	late	nucleotide_transformer
2966	0.0	0.0	0.0				False	liver	late	nucleotide_transformer
2967	0.0	0.0	0.0				False	liver	late	nucleotide_transformer
2968	0.0	0.0	0.0				False	liver	late	nucleotide_transformer
2969	0.0	0.0	0.0				False	liver	late	nucleotide_transformer
2970	0.0	0.0	0.0				False	liver	late	nucleotide_transformer
2971	0.0	0.0	0.0				False	liver	late	nucleotide_transformer
2972	0.0	0.0	0.0				False	liver	late	nucleotide_transformer
2973	0.0	0.0	0.0				False	liver	late	nucleotide_transformer
2974	0.0	0.0	0.0				False	liver	late	nucleotide_transformer
2975	0.0	0.0	0.0				False	liver	late	nucleotide_transformer
2977	0.0	0.0	0.0				False	liver	late	nucleotide_transformer
2978	0.0	0.0	0.0				False	liver	late	nucleotide_transformer
2979	0.0	0.0	0.0				False	liver	late	nucleotide_transformer
2980	0.0	0.0	0.0				False	liver	late	nucleotide_transformer
2981	0.0	0.0	0.0				False	liver	late	nucleotide_transformer
2982	0.0	0.0	0.0				False	liver	late	nucleotide_transformer
2983	0.0	0.0	0.0				False	liver	late	nucleotide_transformer
2984	0.0	0.0	0.0				False	liver	late	nucleotide_transformer
2985	0.0	0.0	0.0				False	liver	late	nucleotide_transformer
2986	0.0	0.0	0.0				False	liver	late	nucleotide_transformer
2988	0.0	0.0	0.0				False	liver	late	nucleotide_transformer
2989	0.0	0.0	0.0				False	liver	late	nucleotide_transformer
2990	0.0	0.0	0.0				False	liver	late	nucleotide_transformer
2991	0.0	0.0	0.0				False	liver	late	nucleotide_transformer
2993	0.0	0.0	0.0				False	liver	late	nucleotide_transformer
2994	0.0	0.0	0.0				False	liver	late	nucleotide_transformer
2995	0.0	0.0	0.0				False	liver	late	nucleotide_transformer
2996	0.0	0.0	0.0				False	liver	late	nucleotide_transformer
2999	0.0	0.0	0.0				False	liver	late	nucleotide_transformer
3000	0.0	0.0	0.0				False	liver	late	nucleotide_transformer
3001	0.0	0.0	0.0				False	liver	late	nucleotide_transformer
3002	0.0	0.0	0.0				False	liver	late	nucleotide_transformer
3003	0.0	0.0	0.0				False	liver	late	nucleotide_transformer
3004	0.0	0.0	0.0				False	liver	late	nucleotide_transformer
3005	0.0	0.0	0.0				False	liver	late	nucleotide_transformer
3006	0.0	0.0	0.0				False	liver	late	nucleotide_transformer
3007	0.0	0.0	0.0				False	liver	late	nucleotide_transformer
3008	0.0	0.0	0.0				False	liver	late	nucleotide_transformer
3009	0.0	0.0	0.0				False	liver	late	nucleotide_transformer
3010	0.0	0.0	0.0				False	liver	late	nucleotide_transformer
3011	0.0	0.0	0.0				False	liver	late	nucleotide_transformer
3012	0.0	0.0	0.0				False	liver	late	nucleotide_transformer
3014	0.0	0.0	0.0				False	liver	late	nucleotide_transformer
3015	0.0	0.0	0.0				False	liver	late	nucleotide_transformer
3016	0.0	0.0	0.0				False	liver	late	nucleotide_transformer
3017	0.0	0.0	0.0				False	liver	late	nucleotide_transformer
3018	0.0	0.0	0.0				False	liver	late	nucleotide_transformer
3020	0.0	0.0	0.0				False	liver	late	nucleotide_transformer
3021	0.0	0.0	0.0				False	liver	late	nucleotide_transformer
3022	0.0	0.0	0.0				False	liver	late	nucleotide_transformer
3023	0.0	0.0	0.0				False	liver	late	nucleotide_transformer
3024	0.0	0.0	0.0				False	liver	late	nucleotide_transformer
3025	0.0	0.0	0.0				False	liver	late	nucleotide_transformer
3027	0.0	0.0	0.0				False	liver	late	nucleotide_transformer
3028	0.0	0.0	0.0				False	liver	late	nucleotide_transformer
3031	0.0	0.0	0.0				False	liver	late	nucleotide_transformer
3032	0.0	0.0	0.0				False	liver	late	nucleotide_transformer
3033	0.0	0.0	0.0				False	liver	late	nucleotide_transformer
3034	0.0	0.0	0.0				False	liver	late	nucleotide_transformer
3035	0.0	0.0	0.0				False	liver	late	nucleotide_transformer
3036	0.0	0.0	0.0				False	liver	late	nucleotide_transformer
3037	0.0	0.0	0.0				False	liver	late	nucleotide_transformer
3038	0.0	0.0	0.0				False	liver	late	nucleotide_transformer
3039	0.0	0.0	0.0				False	liver	late	nucleotide_transformer
3040	0.0	0.0	0.0				False	liver	late	nucleotide_transformer
3041	0.0	0.0	0.0				False	liver	late	nucleotide_transformer
3042	0.0	0.0	0.0				False	liver	late	nucleotide_transformer
3043	0.0	0.0	0.0				False	liver	late	nucleotide_transformer
3044	0.0	0.0	0.0				False	liver	late	nucleotide_transformer
3045	0.0	0.0	0.0				False	liver	late	nucleotide_transformer
3046	0.0	0.0	0.0				False	liver	late	nucleotide_transformer
3047	0.0	0.0	0.0				False	liver	late	nucleotide_transformer
3048	0.0	0.0	0.0				False	liver	late	nucleotide_transformer
3049	0.0	0.0	0.0				False	liver	late	nucleotide_transformer
3050	0.0	0.0	0.0				False	liver	late	nucleotide_transformer
3051	0.0	0.0	0.0				False	liver	late	nucleotide_transformer
3052	0.0	0.0	0.0				False	liver	late	nucleotide_transformer
3053	0.0	0.0	0.0				False	liver	late	nucleotide_transformer
3054	0.0	0.0	0.0				False	liver	late	nucleotide_transformer
3055	0.0	0.0	0.0				False	liver	late	nucleotide_transformer
3056	0.0	0.0	0.0				False	liver	late	nucleotide_transformer
3057	0.0	0.0	0.0				False	liver	late	nucleotide_transformer
3059	0.0	0.0	0.0				False	liver	late	nucleotide_transformer
3060	0.0	0.0	0.0				False	liver	late	nucleotide_transformer
3061	0.0	0.0	0.0				False	liver	late	nucleotide_transformer
3062	0.0	0.0	0.0				False	liver	late	nucleotide_transformer
3063	0.0	0.0	0.0				False	liver	late	nucleotide_transformer
3064	0.0	0.0	0.0				False	liver	late	nucleotide_transformer
3066	0.0	0.0	0.0				False	liver	late	nucleotide_transformer
3067	0.0	0.0	0.0				False	liver	late	nucleotide_transformer
3068	0.0	0.0	0.0				False	liver	late	nucleotide_transformer
3069	0.0	0.0	0.0				False	liver	late	nucleotide_transformer
3070	0.0	0.0	0.0				False	liver	late	nucleotide_transformer
3071	0.0	0.0	0.0				False	liver	late	nucleotide_transformer
3073	0.0	0.0	0.0				False	liver	late	nucleotide_transformer
3074	0.0	0.0	0.0				False	liver	late	nucleotide_transformer
3075	0.0	0.0	0.0				False	liver	late	nucleotide_transformer
3076	0.0	0.0	0.0				False	liver	late	nucleotide_transformer
3077	0.0	0.0	0.0				False	liver	late	nucleotide_transformer
3078	0.0	0.0	0.0				False	liver	late	nucleotide_transformer
3079	0.0	0.0	0.0				False	liver	late	nucleotide_transformer
3080	0.0	0.0	0.0				False	liver	late	nucleotide_transformer
3081	0.0	0.0	0.0				False	liver	late	nucleotide_transformer
3082	0.0	0.0	0.0				False	liver	late	nucleotide_transformer
3084	0.0	0.0	0.0				False	liver	late	nucleotide_transformer
3085	0.0	0.0	0.0				False	liver	late	nucleotide_transformer
3086	0.0	0.0	0.0				False	liver	late	nucleotide_transformer
3087	0.0	0.0	0.0				False	liver	late	nucleotide_transformer
3088	0.0	0.0	0.0				False	liver	late	nucleotide_transformer
3089	0.0	0.0	0.0				False	liver	late	nucleotide_transformer
3091	0.0	0.0	0.0				False	liver	late	nucleotide_transformer
3092	0.0	0.0	0.0				False	liver	late	nucleotide_transformer
3093	0.0	0.0	0.0				False	liver	late	nucleotide_transformer
3095	0.0	0.0	0.0				False	liver	late	nucleotide_transformer
3096	0.0	0.0	0.0				False	liver	late	nucleotide_transformer
3097	0.0	0.0	0.0				False	liver	late	nucleotide_transformer
3098	0.0	0.0	0.0				False	liver	late	nucleotide_transformer
3099	0.0	0.0	0.0				False	liver	late	nucleotide_transformer
3101	0.0	0.0	0.0				False	liver	late	nucleotide_transformer
3102	0.0	0.0	0.0				False	liver	late	nucleotide_transformer
3103	0.0	0.0	0.0				False	liver	late	nucleotide_transformer
3105	0.0	0.0	0.0				False	liver	late	nucleotide_transformer
3106	0.0	0.0	0.0				False	liver	late	nucleotide_transformer
3107	0.0	0.0	0.0				False	liver	late	nucleotide_transformer
3109	0.0	0.0	0.0				False	liver	late	nucleotide_transformer
3110	0.0	0.0	0.0				False	liver	late	nucleotide_transformer
3111	0.0	0.0	0.0				False	liver	late	nucleotide_transformer
3113	0.0	0.0	0.0				False	liver	late	nucleotide_transformer
3114	0.0	0.0	0.0				False	liver	late	nucleotide_transformer
3115	0.0	0.0	0.0				False	liver	late	nucleotide_transformer
3116	0.0	0.0	0.0				False	liver	late	nucleotide_transformer
3117	0.0	0.0	0.0				False	liver	late	nucleotide_transformer
3119	0.0	0.0	0.0				False	liver	late	nucleotide_transformer
3120	0.0	0.0	0.0				False	liver	late	nucleotide_transformer
3121	0.0	0.0	0.0				False	liver	late	nucleotide_transformer
3122	0.0	0.0	0.0				False	liver	late	nucleotide_transformer
3123	0.0	0.0	0.0				False	liver	late	nucleotide_transformer
3124	0.0	0.0	0.0				False	liver	late	nucleotide_transformer
3125	0.0	0.0	0.0				False	liver	late	nucleotide_transformer
3126	0.0	0.0	0.0				False	liver	late	nucleotide_transformer
3127	0.0	0.0	0.0				False	liver	late	nucleotide_transformer
3128	0.0	0.0	0.0				False	liver	late	nucleotide_transformer
3129	0.0	0.0	0.0				False	liver	late	nucleotide_transformer
3131	0.0	0.0	0.0				False	liver	late	nucleotide_transformer
3132	0.0	0.0	0.0				False	liver	late	nucleotide_transformer
3133	0.0	0.0	0.0				False	liver	late	nucleotide_transformer
3134	0.0	0.0	0.0				False	liver	late	nucleotide_transformer
3135	0.0	0.0	0.0				False	liver	late	nucleotide_transformer
3136	0.0	0.0	0.0				False	liver	late	nucleotide_transformer
3137	0.0	0.0	0.0				False	liver	late	nucleotide_transformer
3138	0.0	0.0	0.0				False	liver	late	nucleotide_transformer
3139	0.0	0.0	0.0				False	liver	late	nucleotide_transformer
3140	0.0	0.0	0.0				False	liver	late	nucleotide_transformer
3142	0.0	0.0	0.0				False	liver	late	nucleotide_transformer
3143	0.0	0.0	0.0				False	liver	late	nucleotide_transformer
3144	0.0	0.0	0.0				False	liver	late	nucleotide_transformer
3145	0.0	0.0	0.0				False	liver	late	nucleotide_transformer
3146	0.0	0.0	0.0				False	liver	late	nucleotide_transformer
3147	0.0	0.0	0.0				False	liver	late	nucleotide_transformer
3148	0.0	0.0	0.0				False	liver	late	nucleotide_transformer
3150	0.0	0.0	0.0				False	liver	late	nucleotide_transformer
3151	0.0	0.0	0.0				False	liver	late	nucleotide_transformer
3152	0.0	0.0	0.0				False	liver	late	nucleotide_transformer
3153	0.0	0.0	0.0				False	liver	late	nucleotide_transformer
3154	0.0	0.0	0.0				False	liver	late	nucleotide_transformer
3155	0.0	0.0	0.0				False	liver	late	nucleotide_transformer
3156	0.0	0.0	0.0				False	liver	late	nucleotide_transformer
3157	0.0	0.0	0.0				False	liver	late	nucleotide_transformer
3158	0.0	0.0	0.0				False	liver	late	nucleotide_transformer
3160	0.0	0.0	0.0				False	liver	late	nucleotide_transformer
3161	0.0	0.0	0.0				False	liver	late	nucleotide_transformer
3162	0.0	0.0	0.0				False	liver	late	nucleotide_transformer
3163	0.0	0.0	0.0				False	liver	late	nucleotide_transformer
3164	0.0	0.0	0.0				False	liver	late	nucleotide_transformer
3165	0.0	0.0	0.0				False	liver	late	nucleotide_transformer
3166	0.0	0.0	0.0				False	liver	late	nucleotide_transformer
3167	0.0	0.0	0.0				False	liver	late	nucleotide_transformer
3168	0.0	0.0	0.0				False	liver	late	nucleotide_transformer
3169	0.0	0.0	0.0				False	liver	late	nucleotide_transformer
3170	0.0	0.0	0.0				False	liver	late	nucleotide_transformer
3171	0.0	0.0	0.0				False	liver	late	nucleotide_transformer
3173	0.0	0.0	0.0				False	liver	late	nucleotide_transformer
3174	0.0	0.0	0.0				False	liver	late	nucleotide_transformer
3175	0.0	0.0	0.0				False	liver	late	nucleotide_transformer
3176	0.0	0.0	0.0				False	liver	late	nucleotide_transformer
3177	0.0	0.0	0.0				False	liver	late	nucleotide_transformer
3179	0.0	0.0	0.0				False	liver	late	nucleotide_transformer
3180	0.0	0.0	0.0				False	liver	late	nucleotide_transformer
3181	0.0	0.0	0.0				False	liver	late	nucleotide_transformer
3182	0.0	0.0	0.0				False	liver	late	nucleotide_transformer
3184	0.0	0.0	0.0				False	liver	late	nucleotide_transformer
3185	0.0	0.0	0.0				False	liver	late	nucleotide_transformer
3186	0.0	0.0	0.0				False	liver	late	nucleotide_transformer
3188	0.0	0.0	0.0				False	liver	late	nucleotide_transformer
3189	0.0	0.0	0.0				False	liver	late	nucleotide_transformer
3190	0.0	0.0	0.0				False	liver	late	nucleotide_transformer
3191	0.0	0.0	0.0				False	liver	late	nucleotide_transformer
3193	0.0	0.0	0.0				False	liver	late	nucleotide_transformer
3195	0.0	0.0	0.0				False	liver	late	nucleotide_transformer
3196	0.0	0.0	0.0				False	liver	late	nucleotide_transformer
3197	0.0	0.0	0.0				False	liver	late	nucleotide_transformer
3198	0.0	0.0	0.0				False	liver	late	nucleotide_transformer
3199	0.0	0.0	0.0				False	liver	late	nucleotide_transformer
3201	0.0	0.0	0.0				False	liver	late	nucleotide_transformer
3202	0.0	0.0	0.0				False	liver	late	nucleotide_transformer
3203	0.0	0.0	0.0				False	liver	late	nucleotide_transformer
3205	0.0	0.0	0.0				False	liver	late	nucleotide_transformer
3206	0.0	0.0	0.0				False	liver	late	nucleotide_transformer
3207	0.0	0.0	0.0				False	liver	late	nucleotide_transformer
3208	0.0	0.0	0.0				False	liver	late	nucleotide_transformer
3209	0.0	0.0	0.0				False	liver	late	nucleotide_transformer
3210	0.0	0.0	0.0				False	liver	late	nucleotide_transformer
3211	0.0	0.0	0.0				False	liver	late	nucleotide_transformer
3212	0.0	0.0	0.0				False	liver	late	nucleotide_transformer
3213	0.0	0.0	0.0				False	liver	late	nucleotide_transformer
3214	0.0	0.0	0.0				False	liver	late	nucleotide_transformer
3215	0.0	0.0	0.0				False	liver	late	nucleotide_transformer
3216	0.0	0.0	0.0				False	liver	late	nucleotide_transformer
3217	0.0	0.0	0.0				False	liver	late	nucleotide_transformer
3218	0.0	0.0	0.0				False	liver	late	nucleotide_transformer
3219	0.0	0.0	0.0				False	liver	late	nucleotide_transformer
3220	0.0	0.0	0.0				False	liver	late	nucleotide_transformer
3221	0.0	0.0	0.0				False	liver	late	nucleotide_transformer
3222	0.0	0.0	0.0				False	liver	late	nucleotide_transformer
3223	0.0	0.0	0.0				False	liver	late	nucleotide_transformer
3224	0.0	0.0	0.0				False	liver	late	nucleotide_transformer
3225	0.0	0.0	0.0				False	liver	late	nucleotide_transformer
3226	0.0	0.0	0.0				False	liver	late	nucleotide_transformer
3227	0.0	0.0	0.0				False	liver	late	nucleotide_transformer
3228	0.0	0.0	0.0				False	liver	late	nucleotide_transformer
3229	0.0	0.0	0.0				False	liver	late	nucleotide_transformer
3230	0.0	0.0	0.0				False	liver	late	nucleotide_transformer
3231	0.0	0.0	0.0				False	liver	late	nucleotide_transformer
3232	0.0	0.0	0.0				False	liver	late	nucleotide_transformer
3233	0.0	0.0	0.0				False	liver	late	nucleotide_transformer
3234	0.0	0.0	0.0				False	liver	late	nucleotide_transformer
3235	0.0	0.0	0.0				False	liver	late	nucleotide_transformer
3236	0.0	0.0	0.0				False	liver	late	nucleotide_transformer
3237	0.0	0.0	0.0				False	liver	late	nucleotide_transformer
3238	0.0	0.0	0.0				False	liver	late	nucleotide_transformer
3240	0.0	0.0	0.0				False	liver	late	nucleotide_transformer
3241	0.0	0.0	0.0				False	liver	late	nucleotide_transformer
3242	0.0	0.0	0.0				False	liver	late	nucleotide_transformer
3243	0.0	0.0	0.0				False	liver	late	nucleotide_transformer
3244	0.0	0.0	0.0				False	liver	late	nucleotide_transformer
3245	0.0	0.0	0.0				False	liver	late	nucleotide_transformer
3246	0.0	0.0	0.0				False	liver	late	nucleotide_transformer
3247	0.0	0.0	0.0				False	liver	late	nucleotide_transformer
3248	0.0	0.0	0.0				False	liver	late	nucleotide_transformer
3249	0.0	0.0	0.0				False	liver	late	nucleotide_transformer
3251	0.0	0.0	0.0				False	liver	late	nucleotide_transformer
3252	0.0	0.0	0.0				False	liver	late	nucleotide_transformer
3253	0.0	0.0	0.0				False	liver	late	nucleotide_transformer
3254	0.0	0.0	0.0				False	liver	late	nucleotide_transformer
3255	0.0	0.0	0.0				False	liver	late	nucleotide_transformer
3257	0.0	0.0	0.0				False	liver	late	nucleotide_transformer
3258	0.0	0.0	0.0				False	liver	late	nucleotide_transformer
3259	0.0	0.0	0.0				False	liver	late	nucleotide_transformer
3260	0.0	0.0	0.0				False	liver	late	nucleotide_transformer
3261	0.0	0.0	0.0				False	liver	late	nucleotide_transformer
3262	0.0	0.0	0.0				False	liver	late	nucleotide_transformer
3263	0.0	0.0	0.0				False	liver	late	nucleotide_transformer
3265	0.0	0.0	0.0				False	liver	late	nucleotide_transformer
3266	0.0	0.0	0.0				False	liver	late	nucleotide_transformer
3267	0.0	0.0	0.0				False	liver	late	nucleotide_transformer
3268	0.0	0.0	0.0				False	liver	late	nucleotide_transformer
3269	0.0	0.0	0.0				False	liver	late	nucleotide_transformer
3270	0.0	0.0	0.0				False	liver	late	nucleotide_transformer
3271	0.0	0.0	0.0				False	liver	late	nucleotide_transformer
3272	0.0	0.0	0.0				False	liver	late	nucleotide_transformer
3273	0.0	0.0	0.0				False	liver	late	nucleotide_transformer
3274	0.0	0.0	0.0				False	liver	late	nucleotide_transformer
3275	0.0	0.0	0.0				False	liver	late	nucleotide_transformer
3276	0.0	0.0	0.0				False	liver	late	nucleotide_transformer
3277	0.0	0.0	0.0				False	liver	late	nucleotide_transformer
3278	0.0	0.0	0.0				False	liver	late	nucleotide_transformer
3279	0.0	0.0	0.0				False	liver	late	nucleotide_transformer
3280	0.0	0.0	0.0				False	liver	late	nucleotide_transformer
3281	0.0	0.0	0.0				False	liver	late	nucleotide_transformer
3282	0.0	0.0	0.0				False	liver	late	nucleotide_transformer
3285	0.0	0.0	0.0				False	liver	late	nucleotide_transformer
3286	0.0	0.0	0.0				False	liver	late	nucleotide_transformer
3288	0.0	0.0	0.0				False	liver	late	nucleotide_transformer
3289	0.0	0.0	0.0				False	liver	late	nucleotide_transformer
3291	0.0	0.0	0.0				False	liver	late	nucleotide_transformer
3292	0.0	0.0	0.0				False	liver	late	nucleotide_transformer
3293	0.0	0.0	0.0				False	liver	late	nucleotide_transformer
3294	0.0	0.0	0.0				False	liver	late	nucleotide_transformer
3295	0.0	0.0	0.0				False	liver	late	nucleotide_transformer
3296	0.0	0.0	0.0				False	liver	late	nucleotide_transformer
3297	0.0	0.0	0.0				False	liver	late	nucleotide_transformer
3298	0.0	0.0	0.0				False	liver	late	nucleotide_transformer
3299	0.0	0.0	0.0				False	liver	late	nucleotide_transformer
3300	0.0	0.0	0.0				False	liver	late	nucleotide_transformer
3301	0.0	0.0	0.0				False	liver	late	nucleotide_transformer
3302	0.0	0.0	0.0				False	liver	late	nucleotide_transformer
3303	0.0	0.0	0.0				False	liver	late	nucleotide_transformer
3304	0.0	0.0	0.0				False	liver	late	nucleotide_transformer
3305	0.0	0.0	0.0				False	liver	late	nucleotide_transformer
3306	0.0	0.0	0.0				False	liver	late	nucleotide_transformer
3307	0.0	0.0	0.0				False	liver	late	nucleotide_transformer
3308	0.0	0.0	0.0				False	liver	late	nucleotide_transformer
3309	0.0	0.0	0.0				False	liver	late	nucleotide_transformer
3310	0.0	0.0	0.0				False	liver	late	nucleotide_transformer
3311	0.0	0.0	0.0				False	liver	late	nucleotide_transformer
3312	0.0	0.0	0.0				False	liver	late	nucleotide_transformer
3313	0.0	0.0	0.0				False	liver	late	nucleotide_transformer
3315	0.0	0.0	0.0				False	liver	late	nucleotide_transformer
3316	0.0	0.0	0.0				False	liver	late	nucleotide_transformer
3317	0.0	0.0	0.0				False	liver	late	nucleotide_transformer
3318	0.0	0.0	0.0				False	liver	late	nucleotide_transformer
3319	0.0	0.0	0.0				False	liver	late	nucleotide_transformer
3320	0.0	0.0	0.0				False	liver	late	nucleotide_transformer
3321	0.0	0.0	0.0				False	liver	late	nucleotide_transformer
3322	0.0	0.0	0.0				False	liver	late	nucleotide_transformer
3323	0.0	0.0	0.0				False	liver	late	nucleotide_transformer
3324	0.0	0.0	0.0				False	liver	late	nucleotide_transformer
3325	0.0	0.0	0.0				False	liver	late	nucleotide_transformer
3326	0.0	0.0	0.0				False	liver	late	nucleotide_transformer
3327	0.0	0.0	0.0				False	liver	late	nucleotide_transformer
3328	0.0	0.0	0.0				False	liver	late	nucleotide_transformer
3329	0.0	0.0	0.0				False	liver	late	nucleotide_transformer
3330	0.0	0.0	0.0				False	liver	late	nucleotide_transformer
3331	0.0	0.0	0.0				False	liver	late	nucleotide_transformer
3332	0.0	0.0	0.0				False	liver	late	nucleotide_transformer
3333	0.0	0.0	0.0				False	liver	late	nucleotide_transformer
3334	0.0	0.0	0.0				False	liver	late	nucleotide_transformer
3335	0.0	0.0	0.0				False	liver	late	nucleotide_transformer
3336	0.0	0.0	0.0				False	liver	late	nucleotide_transformer
3337	0.0	0.0	0.0				False	liver	late	nucleotide_transformer
3338	0.0	0.0	0.0				False	liver	late	nucleotide_transformer
3339	0.0	0.0	0.0				False	liver	late	nucleotide_transformer
3340	0.0	0.0	0.0				False	liver	late	nucleotide_transformer
3341	0.0	0.0	0.0				False	liver	late	nucleotide_transformer
3342	0.0	0.0	0.0				False	liver	late	nucleotide_transformer
3344	0.0	0.0	0.0				False	liver	late	nucleotide_transformer
3346	0.0	0.0	0.0				False	liver	late	nucleotide_transformer
3347	0.0	0.0	0.0				False	liver	late	nucleotide_transformer
3348	0.0	0.0	0.0				False	liver	late	nucleotide_transformer
3350	0.0	0.0	0.0				False	liver	late	nucleotide_transformer
3351	0.0	0.0	0.0				False	liver	late	nucleotide_transformer
3353	0.0	0.0	0.0				False	liver	late	nucleotide_transformer
3354	0.0	0.0	0.0				False	liver	late	nucleotide_transformer
3355	0.0	0.0	0.0				False	liver	late	nucleotide_transformer
3356	0.0	0.0	0.0				False	liver	late	nucleotide_transformer
3357	0.0	0.0	0.0				False	liver	late	nucleotide_transformer
3358	0.0	0.0	0.0				False	liver	late	nucleotide_transformer
3360	0.0	0.0	0.0				False	liver	late	nucleotide_transformer
3361	0.0	0.0	0.0				False	liver	late	nucleotide_transformer
3362	0.0	0.0	0.0				False	liver	late	nucleotide_transformer
3363	0.0	0.0	0.0				False	liver	late	nucleotide_transformer
3364	0.0	0.0	0.0				False	liver	late	nucleotide_transformer
3365	0.0	0.0	0.0				False	liver	late	nucleotide_transformer
3366	0.0	0.0	0.0				False	liver	late	nucleotide_transformer
3368	0.0	0.0	0.0				False	liver	late	nucleotide_transformer
3369	0.0	0.0	0.0				False	liver	late	nucleotide_transformer
3370	0.0	0.0	0.0				False	liver	late	nucleotide_transformer
3371	0.0	0.0	0.0				False	liver	late	nucleotide_transformer
3372	0.0	0.0	0.0				False	liver	late	nucleotide_transformer
3373	0.0	0.0	0.0				False	liver	late	nucleotide_transformer
3374	0.0	0.0	0.0				False	liver	late	nucleotide_transformer
3378	0.0	0.0	0.0				False	liver	late	nucleotide_transformer
3379	0.0	0.0	0.0				False	liver	late	nucleotide_transformer
3380	0.0	0.0	0.0				False	liver	late	nucleotide_transformer
3381	0.0	0.0	0.0				False	liver	late	nucleotide_transformer
3382	0.0	0.0	0.0				False	liver	late	nucleotide_transformer
3383	0.0	0.0	0.0				False	liver	late	nucleotide_transformer
3384	0.0	0.0	0.0				False	liver	late	nucleotide_transformer
3385	0.0	0.0	0.0				False	liver	late	nucleotide_transformer
3386	0.0	0.0	0.0				False	liver	late	nucleotide_transformer
3387	0.0	0.0	0.0				False	liver	late	nucleotide_transformer
3388	0.0	0.0	0.0				False	liver	late	nucleotide_transformer
3389	0.0	0.0	0.0				False	liver	late	nucleotide_transformer
3390	0.0	0.0	0.0				False	liver	late	nucleotide_transformer
3392	0.0	0.0	0.0				False	liver	late	nucleotide_transformer
3394	0.0	0.0	0.0				False	liver	late	nucleotide_transformer
3395	0.0	0.0	0.0				False	liver	late	nucleotide_transformer
3396	0.0	0.0	0.0				False	liver	late	nucleotide_transformer
3397	0.0	0.0	0.0				False	liver	late	nucleotide_transformer
3398	0.0	0.0	0.0				False	liver	late	nucleotide_transformer
3399	0.0	0.0	0.0				False	liver	late	nucleotide_transformer
3400	0.0	0.0	0.0				False	liver	late	nucleotide_transformer
3401	0.0	0.0	0.0				False	liver	late	nucleotide_transformer
3402	0.0	0.0	0.0				False	liver	late	nucleotide_transformer
3403	0.0	0.0	0.0				False	liver	late	nucleotide_transformer
3404	0.0	0.0	0.0				False	liver	late	nucleotide_transformer
3407	0.0	0.0	0.0				False	liver	late	nucleotide_transformer
3408	0.0	0.0	0.0				False	liver	late	nucleotide_transformer
3409	0.0	0.0	0.0				False	liver	late	nucleotide_transformer
3410	0.0	0.0	0.0				False	liver	late	nucleotide_transformer
3411	0.0	0.0	0.0				False	liver	late	nucleotide_transformer
3412	0.0	0.0	0.0				False	liver	late	nucleotide_transformer
3413	0.0	0.0	0.0				False	liver	late	nucleotide_transformer
3414	0.0	0.0	0.0				False	liver	late	nucleotide_transformer
3415	0.0	0.0	0.0				False	liver	late	nucleotide_transformer
3416	0.0	0.0	0.0				False	liver	late	nucleotide_transformer
3417	0.0	0.0	0.0				False	liver	late	nucleotide_transformer
3418	0.0	0.0	0.0				False	liver	late	nucleotide_transformer
3419	0.0	0.0	0.0				False	liver	late	nucleotide_transformer
3420	0.0	0.0	0.0				False	liver	late	nucleotide_transformer
3421	0.0	0.0	0.0				False	liver	late	nucleotide_transformer
3422	0.0	0.0	0.0				False	liver	late	nucleotide_transformer
3423	0.0	0.0	0.0				False	liver	late	nucleotide_transformer
3424	0.0	0.0	0.0				False	liver	late	nucleotide_transformer
3425	0.0	0.0	0.0				False	liver	late	nucleotide_transformer
3426	0.0	0.0	0.0				False	liver	late	nucleotide_transformer
3427	0.0	0.0	0.0				False	liver	late	nucleotide_transformer
3428	0.0	0.0	0.0				False	liver	late	nucleotide_transformer
3429	0.0	0.0	0.0				False	liver	late	nucleotide_transformer
3430	0.0	0.0	0.0				False	liver	late	nucleotide_transformer
3431	0.0	0.0	0.0				False	liver	late	nucleotide_transformer
3432	0.0	0.0	0.0				False	liver	late	nucleotide_transformer
3433	0.0	0.0	0.0				False	liver	late	nucleotide_transformer
3434	0.0	0.0	0.0				False	liver	late	nucleotide_transformer
3435	0.0	0.0	0.0				False	liver	late	nucleotide_transformer
3436	0.0	0.0	0.0				False	liver	late	nucleotide_transformer
3437	0.0	0.0	0.0				False	liver	late	nucleotide_transformer
3438	0.0	0.0	0.0				False	liver	late	nucleotide_transformer
3440	0.0	0.0	0.0				False	liver	late	nucleotide_transformer
3442	0.0	0.0	0.0				False	liver	late	nucleotide_transformer
3443	0.0	0.0	0.0				False	liver	late	nucleotide_transformer
3444	0.0	0.0	0.0				False	liver	late	nucleotide_transformer
3445	0.0	0.0	0.0				False	liver	late	nucleotide_transformer
3446	0.0	0.0	0.0				False	liver	late	nucleotide_transformer
3447	0.0	0.0	0.0				False	liver	late	nucleotide_transformer
3448	0.0	0.0	0.0				False	liver	late	nucleotide_transformer
3449	0.0	0.0	0.0				False	liver	late	nucleotide_transformer
3450	0.0	0.0	0.0				False	liver	late	nucleotide_transformer
3451	0.0	0.0	0.0				False	liver	late	nucleotide_transformer
3452	0.0	0.0	0.0				False	liver	late	nucleotide_transformer
3454	0.0	0.0	0.0				False	liver	late	nucleotide_transformer
3455	0.0	0.0	0.0				False	liver	late	nucleotide_transformer
3456	0.0	0.0	0.0				False	liver	late	nucleotide_transformer
3457	0.0	0.0	0.0				False	liver	late	nucleotide_transformer
3458	0.0	0.0	0.0				False	liver	late	nucleotide_transformer
3459	0.0	0.0	0.0				False	liver	late	nucleotide_transformer
3460	0.0	0.0	0.0				False	liver	late	nucleotide_transformer
3461	0.0	0.0	0.0				False	liver	late	nucleotide_transformer
3462	0.0	0.0	0.0				False	liver	late	nucleotide_transformer
3463	0.0	0.0	0.0				False	liver	late	nucleotide_transformer
3464	0.0	0.0	0.0				False	liver	late	nucleotide_transformer
3465	0.0	0.0	0.0				False	liver	late	nucleotide_transformer
3466	0.0	0.0	0.0				False	liver	late	nucleotide_transformer
3467	0.0	0.0	0.0				False	liver	late	nucleotide_transformer
3468	0.0	0.0	0.0				False	liver	late	nucleotide_transformer
3469	0.0	0.0	0.0				False	liver	late	nucleotide_transformer
3470	0.0	0.0	0.0				False	liver	late	nucleotide_transformer
3471	0.0	0.0	0.0				False	liver	late	nucleotide_transformer
3472	0.0	0.0	0.0				False	liver	late	nucleotide_transformer
3473	0.0	0.0	0.0				False	liver	late	nucleotide_transformer
3474	0.0	0.0	0.0				False	liver	late	nucleotide_transformer
3475	0.0	0.0	0.0				False	liver	late	nucleotide_transformer
3478	0.0	0.0	0.0				False	liver	late	nucleotide_transformer
3479	0.0	0.0	0.0				False	liver	late	nucleotide_transformer
3481	0.0	0.0	0.0				False	liver	late	nucleotide_transformer
3482	0.0	0.0	0.0				False	liver	late	nucleotide_transformer
3483	0.0	0.0	0.0				False	liver	late	nucleotide_transformer
3484	0.0	0.0	0.0				False	liver	late	nucleotide_transformer
3485	0.0	0.0	0.0				False	liver	late	nucleotide_transformer
3486	0.0	0.0	0.0				False	liver	late	nucleotide_transformer
3487	0.0	0.0	0.0				False	liver	late	nucleotide_transformer
3488	0.0	0.0	0.0				False	liver	late	nucleotide_transformer
3489	0.0	0.0	0.0				False	liver	late	nucleotide_transformer
3490	0.0	0.0	0.0				False	liver	late	nucleotide_transformer
3491	0.0	0.0	0.0				False	liver	late	nucleotide_transformer
3492	0.0	0.0	0.0				False	liver	late	nucleotide_transformer
3493	0.0	0.0	0.0				False	liver	late	nucleotide_transformer
3495	0.0	0.0	0.0				False	liver	late	nucleotide_transformer
3496	0.0	0.0	0.0				False	liver	late	nucleotide_transformer
3497	0.0	0.0	0.0				False	liver	late	nucleotide_transformer
3498	0.0	0.0	0.0				False	liver	late	nucleotide_transformer
3499	0.0	0.0	0.0				False	liver	late	nucleotide_transformer
3500	0.0	0.0	0.0				False	liver	late	nucleotide_transformer
3501	0.0	0.0	0.0				False	liver	late	nucleotide_transformer
3502	0.0	0.0	0.0				False	liver	late	nucleotide_transformer
3504	0.0	0.0	0.0				False	liver	late	nucleotide_transformer
3505	0.0	0.0	0.0				False	liver	late	nucleotide_transformer
3507	0.0	0.0	0.0				False	liver	late	nucleotide_transformer
3508	0.0	0.0	0.0				False	liver	late	nucleotide_transformer
3509	0.0	0.0	0.0				False	liver	late	nucleotide_transformer
3510	0.0	0.0	0.0				False	liver	late	nucleotide_transformer
3511	0.0	0.0	0.0				False	liver	late	nucleotide_transformer
3512	0.0	0.0	0.0				False	liver	late	nucleotide_transformer
3513	0.0	0.0	0.0				False	liver	late	nucleotide_transformer
3514	0.0	0.0	0.0				False	liver	late	nucleotide_transformer
3515	0.0	0.0	0.0				False	liver	late	nucleotide_transformer
3516	0.0	0.0	0.0				False	liver	late	nucleotide_transformer
3517	0.0	0.0	0.0				False	liver	late	nucleotide_transformer
3518	0.0	0.0	0.0				False	liver	late	nucleotide_transformer
3519	0.0	0.0	0.0				False	liver	late	nucleotide_transformer
3521	0.0	0.0	0.0				False	liver	late	nucleotide_transformer
3522	0.0	0.0	0.0				False	liver	late	nucleotide_transformer
3523	0.0	0.0	0.0				False	liver	late	nucleotide_transformer
3524	0.0	0.0	0.0				False	liver	late	nucleotide_transformer
3525	0.0	0.0	0.0				False	liver	late	nucleotide_transformer
3526	0.0	0.0	0.0				False	liver	late	nucleotide_transformer
3527	0.0	0.0	0.0				False	liver	late	nucleotide_transformer
3528	0.0	0.0	0.0				False	liver	late	nucleotide_transformer
3529	0.0	0.0	0.0				False	liver	late	nucleotide_transformer
3530	0.0	0.0	0.0				False	liver	late	nucleotide_transformer
3531	0.0	0.0	0.0				False	liver	late	nucleotide_transformer
3532	0.0	0.0	0.0				False	liver	late	nucleotide_transformer
3533	0.0	0.0	0.0				False	liver	late	nucleotide_transformer
3534	0.0	0.0	0.0				False	liver	late	nucleotide_transformer
3535	0.0	0.0	0.0				False	liver	late	nucleotide_transformer
3536	0.0	0.0	0.0				False	liver	late	nucleotide_transformer
3537	0.0	0.0	0.0				False	liver	late	nucleotide_transformer
3538	0.0	0.0	0.0				False	liver	late	nucleotide_transformer
3539	0.0	0.0	0.0				False	liver	late	nucleotide_transformer
3540	0.0	0.0	0.0				False	liver	late	nucleotide_transformer
3541	0.0	0.0	0.0				False	liver	late	nucleotide_transformer
3542	0.0	0.0	0.0				False	liver	late	nucleotide_transformer
3543	0.0	0.0	0.0				False	liver	late	nucleotide_transformer
3544	0.0	0.0	0.0				False	liver	late	nucleotide_transformer
3545	0.0	0.0	0.0				False	liver	late	nucleotide_transformer
3546	0.0	0.0	0.0				False	liver	late	nucleotide_transformer
3547	0.0	0.0	0.0				False	liver	late	nucleotide_transformer
3548	0.0	0.0	0.0				False	liver	late	nucleotide_transformer
3550	0.0	0.0	0.0				False	liver	late	nucleotide_transformer
3551	0.0	0.0	0.0				False	liver	late	nucleotide_transformer
3552	0.0	0.0	0.0				False	liver	late	nucleotide_transformer
3553	0.0	0.0	0.0				False	liver	late	nucleotide_transformer
3554	0.0	0.0	0.0				False	liver	late	nucleotide_transformer
3555	0.0	0.0	0.0				False	liver	late	nucleotide_transformer
3556	0.0	0.0	0.0				False	liver	late	nucleotide_transformer
3557	0.0	0.0	0.0				False	liver	late	nucleotide_transformer
3558	0.0	0.0	0.0				False	liver	late	nucleotide_transformer
3560	0.0	0.0	0.0				False	liver	late	nucleotide_transformer
3561	0.0	0.0	0.0				False	liver	late	nucleotide_transformer
3562	0.0	0.0	0.0				False	liver	late	nucleotide_transformer
3565	0.0	0.0	0.0				False	liver	late	nucleotide_transformer
3566	0.0	0.0	0.0				False	liver	late	nucleotide_transformer
3567	0.0	0.0	0.0				False	liver	late	nucleotide_transformer
3568	0.0	0.0	0.0				False	liver	late	nucleotide_transformer
3570	0.0	0.0	0.0				False	liver	late	nucleotide_transformer
3571	0.0	0.0	0.0				False	liver	late	nucleotide_transformer
3572	0.0	0.0	0.0				False	liver	late	nucleotide_transformer
3573	0.0	0.0	0.0				False	liver	late	nucleotide_transformer
3574	0.0	0.0	0.0				False	liver	late	nucleotide_transformer
3575	0.0	0.0	0.0				False	liver	late	nucleotide_transformer
3576	0.0	0.0	0.0				False	liver	late	nucleotide_transformer
3577	0.0	0.0	0.0				False	liver	late	nucleotide_transformer
3578	0.0	0.0	0.0				False	liver	late	nucleotide_transformer
3579	0.0	0.0	0.0				False	liver	late	nucleotide_transformer
3580	0.0	0.0	0.0				False	liver	late	nucleotide_transformer
3581	0.0	0.0	0.0				False	liver	late	nucleotide_transformer
3582	0.0	0.0	0.0				False	liver	late	nucleotide_transformer
3583	0.0	0.0	0.0				False	liver	late	nucleotide_transformer
3584	0.0	0.0	0.0				False	liver	late	nucleotide_transformer
3586	0.0	0.0	0.0				False	liver	late	nucleotide_transformer
3587	0.0	0.0	0.0				False	liver	late	nucleotide_transformer
3588	0.0	0.0	0.0				False	liver	late	nucleotide_transformer
3589	0.0	0.0	0.0				False	liver	late	nucleotide_transformer
3590	0.0	0.0	0.0				False	liver	late	nucleotide_transformer
3591	0.0	0.0	0.0				False	liver	late	nucleotide_transformer
3592	0.0	0.0	0.0				False	liver	late	nucleotide_transformer
3593	0.0	0.0	0.0				False	liver	late	nucleotide_transformer
3595	0.0	0.0	0.0				False	liver	late	nucleotide_transformer
3596	0.0	0.0	0.0				False	liver	late	nucleotide_transformer
3597	0.0	0.0	0.0				False	liver	late	nucleotide_transformer
3598	0.0	0.0	0.0				False	liver	late	nucleotide_transformer
3599	0.0	0.0	0.0				False	liver	late	nucleotide_transformer
3601	0.0	0.0	0.0				False	liver	late	nucleotide_transformer
3602	0.0	0.0	0.0				False	liver	late	nucleotide_transformer
3603	0.0	0.0	0.0				False	liver	late	nucleotide_transformer
3604	0.0	0.0	0.0				False	liver	late	nucleotide_transformer
3605	0.0	0.0	0.0				False	liver	late	nucleotide_transformer
3606	0.0	0.0	0.0				False	liver	late	nucleotide_transformer
3607	0.0	0.0	0.0				False	liver	late	nucleotide_transformer
3608	0.0	0.0	0.0				False	liver	late	nucleotide_transformer
3609	0.0	0.0	0.0				False	liver	late	nucleotide_transformer
3610	0.0	0.0	0.0				False	liver	late	nucleotide_transformer
3611	0.0	0.0	0.0				False	liver	late	nucleotide_transformer
3612	0.0	0.0	0.0				False	liver	late	nucleotide_transformer
3613	0.0	0.0	0.0				False	liver	late	nucleotide_transformer
3614	0.0	0.0	0.0				False	liver	late	nucleotide_transformer
3615	0.0	0.0	0.0				False	liver	late	nucleotide_transformer
3616	0.0	0.0	0.0				False	liver	late	nucleotide_transformer
3617	0.0	0.0	0.0				False	liver	late	nucleotide_transformer
3618	0.0	0.0	0.0				False	liver	late	nucleotide_transformer
3619	0.0	0.0	0.0				False	liver	late	nucleotide_transformer
3620	0.0	0.0	0.0				False	liver	late	nucleotide_transformer
3621	0.0	0.0	0.0				False	liver	late	nucleotide_transformer
3622	0.0	0.0	0.0				False	liver	late	nucleotide_transformer
3623	0.0	0.0	0.0				False	liver	late	nucleotide_transformer
3624	0.0	0.0	0.0				False	liver	late	nucleotide_transformer
3625	0.0	0.0	0.0				False	liver	late	nucleotide_transformer
3626	0.0	0.0	0.0				False	liver	late	nucleotide_transformer
3627	0.0	0.0	0.0				False	liver	late	nucleotide_transformer
3628	0.0	0.0	0.0				False	liver	late	nucleotide_transformer
3629	0.0	0.0	0.0				False	liver	late	nucleotide_transformer
3631	0.0	0.0	0.0				False	liver	late	nucleotide_transformer
3632	0.0	0.0	0.0				False	liver	late	nucleotide_transformer
3633	0.0	0.0	0.0				False	liver	late	nucleotide_transformer
3634	0.0	0.0	0.0				False	liver	late	nucleotide_transformer
3635	0.0	0.0	0.0				False	liver	late	nucleotide_transformer
3636	0.0	0.0	0.0				False	liver	late	nucleotide_transformer
3637	0.0	0.0	0.0				False	liver	late	nucleotide_transformer
3638	0.0	0.0	0.0				False	liver	late	nucleotide_transformer
3639	0.0	0.0	0.0				False	liver	late	nucleotide_transformer
3640	0.0	0.0	0.0				False	liver	late	nucleotide_transformer
3641	0.0	0.0	0.0				False	liver	late	nucleotide_transformer
3642	0.0	0.0	0.0				False	liver	late	nucleotide_transformer
3643	0.0	0.0	0.0				False	liver	late	nucleotide_transformer
3644	0.0	0.0	0.0				False	liver	late	nucleotide_transformer
3645	0.0	0.0	0.0				False	liver	late	nucleotide_transformer
3646	0.0	0.0	0.0				False	liver	late	nucleotide_transformer
3647	0.0	0.0	0.0				False	liver	late	nucleotide_transformer
3648	0.0	0.0	0.0				False	liver	late	nucleotide_transformer
3649	0.0	0.0	0.0				False	liver	late	nucleotide_transformer
3650	0.0	0.0	0.0				False	liver	late	nucleotide_transformer
3651	0.0	0.0	0.0				False	liver	late	nucleotide_transformer
3652	0.0	0.0	0.0				False	liver	late	nucleotide_transformer
3653	0.0	0.0	0.0				False	liver	late	nucleotide_transformer
3654	0.0	0.0	0.0				False	liver	late	nucleotide_transformer
3655	0.0	0.0	0.0				False	liver	late	nucleotide_transformer
3656	0.0	0.0	0.0				False	liver	late	nucleotide_transformer
3658	0.0	0.0	0.0				False	liver	late	nucleotide_transformer
3660	0.0	0.0	0.0				False	liver	late	nucleotide_transformer
3661	0.0	0.0	0.0				False	liver	late	nucleotide_transformer
3662	0.0	0.0	0.0				False	liver	late	nucleotide_transformer
3663	0.0	0.0	0.0				False	liver	late	nucleotide_transformer
3664	0.0	0.0	0.0				False	liver	late	nucleotide_transformer
3665	0.0	0.0	0.0				False	liver	late	nucleotide_transformer
3666	0.0	0.0	0.0				False	liver	late	nucleotide_transformer
3668	0.0	0.0	0.0				False	liver	late	nucleotide_transformer
3669	0.0	0.0	0.0				False	liver	late	nucleotide_transformer
3670	0.0	0.0	0.0				False	liver	late	nucleotide_transformer
3671	0.0	0.0	0.0				False	liver	late	nucleotide_transformer
3672	0.0	0.0	0.0				False	liver	late	nucleotide_transformer
3673	0.0	0.0	0.0				False	liver	late	nucleotide_transformer
3674	0.0	0.0	0.0				False	liver	late	nucleotide_transformer
3675	0.0	0.0	0.0				False	liver	late	nucleotide_transformer
3676	0.0	0.0	0.0				False	liver	late	nucleotide_transformer
3677	0.0	0.0	0.0				False	liver	late	nucleotide_transformer
3678	0.0	0.0	0.0				False	liver	late	nucleotide_transformer
3679	0.0	0.0	0.0				False	liver	late	nucleotide_transformer
3680	0.0	0.0	0.0				False	liver	late	nucleotide_transformer
3682	0.0	0.0	0.0				False	liver	late	nucleotide_transformer
3685	0.0	0.0	0.0				False	liver	late	nucleotide_transformer
3686	0.0	0.0	0.0				False	liver	late	nucleotide_transformer
3687	0.0	0.0	0.0				False	liver	late	nucleotide_transformer
3688	0.0	0.0	0.0				False	liver	late	nucleotide_transformer
3689	0.0	0.0	0.0				False	liver	late	nucleotide_transformer
3690	0.0	0.0	0.0				False	liver	late	nucleotide_transformer
3691	0.0	0.0	0.0				False	liver	late	nucleotide_transformer
3693	0.0	0.0	0.0				False	liver	late	nucleotide_transformer
3695	0.0	0.0	0.0				False	liver	late	nucleotide_transformer
3696	0.0	0.0	0.0				False	liver	late	nucleotide_transformer
3698	0.0	0.0	0.0				False	liver	late	nucleotide_transformer
3700	0.0	0.0	0.0				False	liver	late	nucleotide_transformer
3701	0.0	0.0	0.0				False	liver	late	nucleotide_transformer
3702	0.0	0.0	0.0				False	liver	late	nucleotide_transformer
3703	0.0	0.0	0.0				False	liver	late	nucleotide_transformer
3704	0.0	0.0	0.0				False	liver	late	nucleotide_transformer
3705	0.0	0.0	0.0				False	liver	late	nucleotide_transformer
3706	0.0	0.0	0.0				False	liver	late	nucleotide_transformer
3707	0.0	0.0	0.0				False	liver	late	nucleotide_transformer
3708	0.0	0.0	0.0				False	liver	late	nucleotide_transformer
3709	0.0	0.0	0.0				False	liver	late	nucleotide_transformer
3710	0.0	0.0	0.0				False	liver	late	nucleotide_transformer
3712	0.0	0.0	0.0				False	liver	late	nucleotide_transformer
3713	0.0	0.0	0.0				False	liver	late	nucleotide_transformer
3714	0.0	0.0	0.0				False	liver	late	nucleotide_transformer
3715	0.0	0.0	0.0				False	liver	late	nucleotide_transformer
3716	0.0	0.0	0.0				False	liver	late	nucleotide_transformer
3717	0.0	0.0	0.0				False	liver	late	nucleotide_transformer
3718	0.0	0.0	0.0				False	liver	late	nucleotide_transformer
3719	0.0	0.0	0.0				False	liver	late	nucleotide_transformer
3720	0.0	0.0	0.0				False	liver	late	nucleotide_transformer
3721	0.0	0.0	0.0				False	liver	late	nucleotide_transformer
3722	0.0	0.0	0.0				False	liver	late	nucleotide_transformer
3724	0.0	0.0	0.0				False	liver	late	nucleotide_transformer
3725	0.0	0.0	0.0				False	liver	late	nucleotide_transformer
3726	0.0	0.0	0.0				False	liver	late	nucleotide_transformer
3728	0.0	0.0	0.0				False	liver	late	nucleotide_transformer
3730	0.0	0.0	0.0				False	liver	late	nucleotide_transformer
3731	0.0	0.0	0.0				False	liver	late	nucleotide_transformer
3733	0.0	0.0	0.0				False	liver	late	nucleotide_transformer
3734	0.0	0.0	0.0				False	liver	late	nucleotide_transformer
3735	0.0	0.0	0.0				False	liver	late	nucleotide_transformer
3736	0.0	0.0	0.0				False	liver	late	nucleotide_transformer
3737	0.0	0.0	0.0				False	liver	late	nucleotide_transformer
3738	0.0	0.0	0.0				False	liver	late	nucleotide_transformer
3739	0.0	0.0	0.0				False	liver	late	nucleotide_transformer
3740	0.0	0.0	0.0				False	liver	late	nucleotide_transformer
3741	0.0	0.0	0.0				False	liver	late	nucleotide_transformer
3744	0.0	0.0	0.0				False	liver	late	nucleotide_transformer
3745	0.0	0.0	0.0				False	liver	late	nucleotide_transformer
3746	0.0	0.0	0.0				False	liver	late	nucleotide_transformer
3747	0.0	0.0	0.0				False	liver	late	nucleotide_transformer
3748	0.0	0.0	0.0				False	liver	late	nucleotide_transformer
3749	0.0	0.0	0.0				False	liver	late	nucleotide_transformer
3750	0.0	0.0	0.0				False	liver	late	nucleotide_transformer
3751	0.0	0.0	0.0				False	liver	late	nucleotide_transformer
3752	0.0	0.0	0.0				False	liver	late	nucleotide_transformer
3754	0.0	0.0	0.0				False	liver	late	nucleotide_transformer
3755	0.0	0.0	0.0				False	liver	late	nucleotide_transformer
3756	0.0	0.0	0.0				False	liver	late	nucleotide_transformer
3757	0.0	0.0	0.0				False	liver	late	nucleotide_transformer
3758	0.0	0.0	0.0				False	liver	late	nucleotide_transformer
3759	0.0	0.0	0.0				False	liver	late	nucleotide_transformer
3760	0.0	0.0	0.0				False	liver	late	nucleotide_transformer
3761	0.0	0.0	0.0				False	liver	late	nucleotide_transformer
3762	0.0	0.0	0.0				False	liver	late	nucleotide_transformer
3764	0.0	0.0	0.0				False	liver	late	nucleotide_transformer
3766	0.0	0.0	0.0				False	liver	late	nucleotide_transformer
3767	0.0	0.0	0.0				False	liver	late	nucleotide_transformer
3768	0.0	0.0	0.0				False	liver	late	nucleotide_transformer
3769	0.0	0.0	0.0				False	liver	late	nucleotide_transformer
3770	0.0	0.0	0.0				False	liver	late	nucleotide_transformer
3771	0.0	0.0	0.0				False	liver	late	nucleotide_transformer
3772	0.0	0.0	0.0				False	liver	late	nucleotide_transformer
3773	0.0	0.0	0.0				False	liver	late	nucleotide_transformer
3774	0.0	0.0	0.0				False	liver	late	nucleotide_transformer
3775	0.0	0.0	0.0				False	liver	late	nucleotide_transformer
3776	0.0	0.0	0.0				False	liver	late	nucleotide_transformer
3777	0.0	0.0	0.0				False	liver	late	nucleotide_transformer
3778	0.0	0.0	0.0				False	liver	late	nucleotide_transformer
3779	0.0	0.0	0.0				False	liver	late	nucleotide_transformer
3780	0.0	0.0	0.0				False	liver	late	nucleotide_transformer
3781	0.0	0.0	0.0				False	liver	late	nucleotide_transformer
3782	0.0	0.0	0.0				False	liver	late	nucleotide_transformer
3783	0.0	0.0	0.0				False	liver	late	nucleotide_transformer
3784	0.0	0.0	0.0				False	liver	late	nucleotide_transformer
3785	0.0	0.0	0.0				False	liver	late	nucleotide_transformer
3788	0.0	0.0	0.0				False	liver	late	nucleotide_transformer
3789	0.0	0.0	0.0				False	liver	late	nucleotide_transformer
3790	0.0	0.0	0.0				False	liver	late	nucleotide_transformer
3791	0.0	0.0	0.0				False	liver	late	nucleotide_transformer
3792	0.0	0.0	0.0				False	liver	late	nucleotide_transformer
3793	0.0	0.0	0.0				False	liver	late	nucleotide_transformer
3794	0.0	0.0	0.0				False	liver	late	nucleotide_transformer
3795	0.0	0.0	0.0				False	liver	late	nucleotide_transformer
3797	0.0	0.0	0.0				False	liver	late	nucleotide_transformer
3799	0.0	0.0	0.0				False	liver	late	nucleotide_transformer
3801	0.0	0.0	0.0				False	liver	late	nucleotide_transformer
3802	0.0	0.0	0.0				False	liver	late	nucleotide_transformer
3803	0.0	0.0	0.0				False	liver	late	nucleotide_transformer
3805	0.0	0.0	0.0				False	liver	late	nucleotide_transformer
3806	0.0	0.0	0.0				False	liver	late	nucleotide_transformer
3807	0.0	0.0	0.0				False	liver	late	nucleotide_transformer
3808	0.0	0.0	0.0				False	liver	late	nucleotide_transformer
3809	0.0	0.0	0.0				False	liver	late	nucleotide_transformer
3810	0.0	0.0	0.0				False	liver	late	nucleotide_transformer
3811	0.0	0.0	0.0				False	liver	late	nucleotide_transformer
3812	0.0	0.0	0.0				False	liver	late	nucleotide_transformer
3813	0.0	0.0	0.0				False	liver	late	nucleotide_transformer
3814	0.0	0.0	0.0				False	liver	late	nucleotide_transformer
3815	0.0	0.0	0.0				False	liver	late	nucleotide_transformer
3816	0.0	0.0	0.0				False	liver	late	nucleotide_transformer
3817	0.0	0.0	0.0				False	liver	late	nucleotide_transformer
3818	0.0	0.0	0.0				False	liver	late	nucleotide_transformer
3820	0.0	0.0	0.0				False	liver	late	nucleotide_transformer
3821	0.0	0.0	0.0				False	liver	late	nucleotide_transformer
3822	0.0	0.0	0.0				False	liver	late	nucleotide_transformer
3823	0.0	0.0	0.0				False	liver	late	nucleotide_transformer
3824	0.0	0.0	0.0				False	liver	late	nucleotide_transformer
3825	0.0	0.0	0.0				False	liver	late	nucleotide_transformer
3826	0.0	0.0	0.0				False	liver	late	nucleotide_transformer
3827	0.0	0.0	0.0				False	liver	late	nucleotide_transformer
3828	0.0	0.0	0.0				False	liver	late	nucleotide_transformer
3829	0.0	0.0	0.0				False	liver	late	nucleotide_transformer
3830	0.0	0.0	0.0				False	liver	late	nucleotide_transformer
3831	0.0	0.0	0.0				False	liver	late	nucleotide_transformer
3832	0.0	0.0	0.0				False	liver	late	nucleotide_transformer
3833	0.0	0.0	0.0				False	liver	late	nucleotide_transformer
3834	0.0	0.0	0.0				False	liver	late	nucleotide_transformer
3835	0.0	0.0	0.0				False	liver	late	nucleotide_transformer
3836	0.0	0.0	0.0				False	liver	late	nucleotide_transformer
3838	0.0	0.0	0.0				False	liver	late	nucleotide_transformer
3839	0.0	0.0	0.0				False	liver	late	nucleotide_transformer
3841	0.0	0.0	0.0				False	liver	late	nucleotide_transformer
3842	0.0	0.0	0.0				False	liver	late	nucleotide_transformer
3844	0.0	0.0	0.0				False	liver	late	nucleotide_transformer
3845	0.0	0.0	0.0				False	liver	late	nucleotide_transformer
3846	0.0	0.0	0.0				False	liver	late	nucleotide_transformer
3847	0.0	0.0	0.0				False	liver	late	nucleotide_transformer
3848	0.0	0.0	0.0				False	liver	late	nucleotide_transformer
3849	0.0	0.0	0.0				False	liver	late	nucleotide_transformer
3850	0.0	0.0	0.0				False	liver	late	nucleotide_transformer
3851	0.0	0.0	0.0				False	liver	late	nucleotide_transformer
3852	0.0	0.0	0.0				False	liver	late	nucleotide_transformer
3853	0.0	0.0	0.0				False	liver	late	nucleotide_transformer
3855	0.0	0.0	0.0				False	liver	late	nucleotide_transformer
3858	0.0	0.0	0.0				False	liver	late	nucleotide_transformer
3859	0.0	0.0	0.0				False	liver	late	nucleotide_transformer
3860	0.0	0.0	0.0				False	liver	late	nucleotide_transformer
3861	0.0	0.0	0.0				False	liver	late	nucleotide_transformer
3862	0.0	0.0	0.0				False	liver	late	nucleotide_transformer
3864	0.0	0.0	0.0				False	liver	late	nucleotide_transformer
3865	0.0	0.0	0.0				False	liver	late	nucleotide_transformer
3866	0.0	0.0	0.0				False	liver	late	nucleotide_transformer
3867	0.0	0.0	0.0				False	liver	late	nucleotide_transformer
3868	0.0	0.0	0.0				False	liver	late	nucleotide_transformer
3869	0.0	0.0	0.0				False	liver	late	nucleotide_transformer
3870	0.0	0.0	0.0				False	liver	late	nucleotide_transformer
3871	0.0	0.0	0.0				False	liver	late	nucleotide_transformer
3873	0.0	0.0	0.0				False	liver	late	nucleotide_transformer
3874	0.0	0.0	0.0				False	liver	late	nucleotide_transformer
3875	0.0	0.0	0.0				False	liver	late	nucleotide_transformer
3876	0.0	0.0	0.0				False	liver	late	nucleotide_transformer
3877	0.0	0.0	0.0				False	liver	late	nucleotide_transformer
3879	0.0	0.0	0.0				False	liver	late	nucleotide_transformer
3880	0.0	0.0	0.0				False	liver	late	nucleotide_transformer
3881	0.0	0.0	0.0				False	liver	late	nucleotide_transformer
3882	0.0	0.0	0.0				False	liver	late	nucleotide_transformer
3883	0.0	0.0	0.0				False	liver	late	nucleotide_transformer
3886	0.0	0.0	0.0				False	liver	late	nucleotide_transformer
3887	0.0	0.0	0.0				False	liver	late	nucleotide_transformer
3888	0.0	0.0	0.0				False	liver	late	nucleotide_transformer
3889	0.0	0.0	0.0				False	liver	late	nucleotide_transformer
3890	0.0	0.0	0.0				False	liver	late	nucleotide_transformer
3891	0.0	0.0	0.0				False	liver	late	nucleotide_transformer
3892	0.0	0.0	0.0				False	liver	late	nucleotide_transformer
3893	0.0	0.0	0.0				False	liver	late	nucleotide_transformer
3895	0.0	0.0	0.0				False	liver	late	nucleotide_transformer
3896	0.0	0.0	0.0				False	liver	late	nucleotide_transformer
3897	0.0	0.0	0.0				False	liver	late	nucleotide_transformer
3898	0.0	0.0	0.0				False	liver	late	nucleotide_transformer
3899	0.0	0.0	0.0				False	liver	late	nucleotide_transformer
3900	0.0	0.0	0.0				False	liver	late	nucleotide_transformer
3901	0.0	0.0	0.0				False	liver	late	nucleotide_transformer
3902	0.0	0.0	0.0				False	liver	late	nucleotide_transformer
3903	0.0	0.0	0.0				False	liver	late	nucleotide_transformer
3904	0.0	0.0	0.0				False	liver	late	nucleotide_transformer
3905	0.0	0.0	0.0				False	liver	late	nucleotide_transformer
3906	0.0	0.0	0.0				False	liver	late	nucleotide_transformer
3907	0.0	0.0	0.0				False	liver	late	nucleotide_transformer
3908	0.0	0.0	0.0				False	liver	late	nucleotide_transformer
3909	0.0	0.0	0.0				False	liver	late	nucleotide_transformer
3910	0.0	0.0	0.0				False	liver	late	nucleotide_transformer
3913	0.0	0.0	0.0				False	liver	late	nucleotide_transformer
3914	0.0	0.0	0.0				False	liver	late	nucleotide_transformer
3915	0.0	0.0	0.0				False	liver	late	nucleotide_transformer
3916	0.0	0.0	0.0				False	liver	late	nucleotide_transformer
3918	0.0	0.0	0.0				False	liver	late	nucleotide_transformer
3919	0.0	0.0	0.0				False	liver	late	nucleotide_transformer
3920	0.0	0.0	0.0				False	liver	late	nucleotide_transformer
3922	0.0	0.0	0.0				False	liver	late	nucleotide_transformer
3923	0.0	0.0	0.0				False	liver	late	nucleotide_transformer
3924	0.0	0.0	0.0				False	liver	late	nucleotide_transformer
3925	0.0	0.0	0.0				False	liver	late	nucleotide_transformer
3926	0.0	0.0	0.0				False	liver	late	nucleotide_transformer
3927	0.0	0.0	0.0				False	liver	late	nucleotide_transformer
3928	0.0	0.0	0.0				False	liver	late	nucleotide_transformer
3929	0.0	0.0	0.0				False	liver	late	nucleotide_transformer
3930	0.0	0.0	0.0				False	liver	late	nucleotide_transformer
3931	0.0	0.0	0.0				False	liver	late	nucleotide_transformer
3932	0.0	0.0	0.0				False	liver	late	nucleotide_transformer
3934	0.0	0.0	0.0				False	liver	late	nucleotide_transformer
3935	0.0	0.0	0.0				False	liver	late	nucleotide_transformer
3936	0.0	0.0	0.0				False	liver	late	nucleotide_transformer
3937	0.0	0.0	0.0				False	liver	late	nucleotide_transformer
3938	0.0	0.0	0.0				False	liver	late	nucleotide_transformer
3939	0.0	0.0	0.0				False	liver	late	nucleotide_transformer
3940	0.0	0.0	0.0				False	liver	late	nucleotide_transformer
3942	0.0	0.0	0.0				False	liver	late	nucleotide_transformer
3943	0.0	0.0	0.0				False	liver	late	nucleotide_transformer
3944	0.0	0.0	0.0				False	liver	late	nucleotide_transformer
3945	0.0	0.0	0.0				False	liver	late	nucleotide_transformer
3946	0.0	0.0	0.0				False	liver	late	nucleotide_transformer
3947	0.0	0.0	0.0				False	liver	late	nucleotide_transformer
3948	0.0	0.0	0.0				False	liver	late	nucleotide_transformer
3949	0.0	0.0	0.0				False	liver	late	nucleotide_transformer
3950	0.0	0.0	0.0				False	liver	late	nucleotide_transformer
3951	0.0	0.0	0.0				False	liver	late	nucleotide_transformer
3952	0.0	0.0	0.0				False	liver	late	nucleotide_transformer
3953	0.0	0.0	0.0				False	liver	late	nucleotide_transformer
3955	0.0	0.0	0.0				False	liver	late	nucleotide_transformer
3956	0.0	0.0	0.0				False	liver	late	nucleotide_transformer
3959	0.0	0.0	0.0				False	liver	late	nucleotide_transformer
3960	0.0	0.0	0.0				False	liver	late	nucleotide_transformer
3961	0.0	0.0	0.0				False	liver	late	nucleotide_transformer
3962	0.0	0.0	0.0				False	liver	late	nucleotide_transformer
3963	0.0	0.0	0.0				False	liver	late	nucleotide_transformer
3964	0.0	0.0	0.0				False	liver	late	nucleotide_transformer
3967	0.0	0.0	0.0				False	liver	late	nucleotide_transformer
3968	0.0	0.0	0.0				False	liver	late	nucleotide_transformer
3970	0.0	0.0	0.0				False	liver	late	nucleotide_transformer
3971	0.0	0.0	0.0				False	liver	late	nucleotide_transformer
3973	0.0	0.0	0.0				False	liver	late	nucleotide_transformer
3974	0.0	0.0	0.0				False	liver	late	nucleotide_transformer
3975	0.0	0.0	0.0				False	liver	late	nucleotide_transformer
3976	0.0	0.0	0.0				False	liver	late	nucleotide_transformer
3977	0.0	0.0	0.0				False	liver	late	nucleotide_transformer
3978	0.0	0.0	0.0				False	liver	late	nucleotide_transformer
3979	0.0	0.0	0.0				False	liver	late	nucleotide_transformer
3980	0.0	0.0	0.0				False	liver	late	nucleotide_transformer
3981	0.0	0.0	0.0				False	liver	late	nucleotide_transformer
3982	0.0	0.0	0.0				False	liver	late	nucleotide_transformer
3983	0.0	0.0	0.0				False	liver	late	nucleotide_transformer
3984	0.0	0.0	0.0				False	liver	late	nucleotide_transformer
3985	0.0	0.0	0.0				False	liver	late	nucleotide_transformer
3986	0.0	0.0	0.0				False	liver	late	nucleotide_transformer
3987	0.0	0.0	0.0				False	liver	late	nucleotide_transformer
3989	0.0	0.0	0.0				False	liver	late	nucleotide_transformer
3990	0.0	0.0	0.0				False	liver	late	nucleotide_transformer
3991	0.0	0.0	0.0				False	liver	late	nucleotide_transformer
3992	0.0	0.0	0.0				False	liver	late	nucleotide_transformer
3993	0.0	0.0	0.0				False	liver	late	nucleotide_transformer
3994	0.0	0.0	0.0				False	liver	late	nucleotide_transformer
3995	0.0	0.0	0.0				False	liver	late	nucleotide_transformer
3996	0.0	0.0	0.0				False	liver	late	nucleotide_transformer
3997	0.0	0.0	0.0				False	liver	late	nucleotide_transformer
3998	0.0	0.0	0.0				False	liver	late	nucleotide_transformer
3999	0.0	0.0	0.0				False	liver	late	nucleotide_transformer
4000	0.0	0.0	0.0				False	liver	late	nucleotide_transformer
4001	0.0	0.0	0.0				False	liver	late	nucleotide_transformer
4002	0.0	0.0	0.0				False	liver	late	nucleotide_transformer
4003	0.0	0.0	0.0				False	liver	late	nucleotide_transformer
4004	0.0	0.0	0.0				False	liver	late	nucleotide_transformer
4006	0.0	0.0	0.0				False	liver	late	nucleotide_transformer
4007	0.0	0.0	0.0				False	liver	late	nucleotide_transformer
4008	0.0	0.0	0.0				False	liver	late	nucleotide_transformer
4009	0.0	0.0	0.0				False	liver	late	nucleotide_transformer
4010	0.0	0.0	0.0				False	liver	late	nucleotide_transformer
4011	0.0	0.0	0.0				False	liver	late	nucleotide_transformer
4012	0.0	0.0	0.0				False	liver	late	nucleotide_transformer
4013	0.0	0.0	0.0				False	liver	late	nucleotide_transformer
4014	0.0	0.0	0.0				False	liver	late	nucleotide_transformer
4015	0.0	0.0	0.0				False	liver	late	nucleotide_transformer
4016	0.0	0.0	0.0				False	liver	late	nucleotide_transformer
4017	0.0	0.0	0.0				False	liver	late	nucleotide_transformer
4018	0.0	0.0	0.0				False	liver	late	nucleotide_transformer
4019	0.0	0.0	0.0				False	liver	late	nucleotide_transformer
4020	0.0	0.0	0.0				False	liver	late	nucleotide_transformer
4021	0.0	0.0	0.0				False	liver	late	nucleotide_transformer
4022	0.0	0.0	0.0				False	liver	late	nucleotide_transformer
4023	0.0	0.0	0.0				False	liver	late	nucleotide_transformer
4026	0.0	0.0	0.0				False	liver	late	nucleotide_transformer
4027	0.0	0.0	0.0				False	liver	late	nucleotide_transformer
4028	0.0	0.0	0.0				False	liver	late	nucleotide_transformer
4029	0.0	0.0	0.0				False	liver	late	nucleotide_transformer
4031	0.0	0.0	0.0				False	liver	late	nucleotide_transformer
4032	0.0	0.0	0.0				False	liver	late	nucleotide_transformer
4033	0.0	0.0	0.0				False	liver	late	nucleotide_transformer
4034	0.0	0.0	0.0				False	liver	late	nucleotide_transformer
4035	0.0	0.0	0.0				False	liver	late	nucleotide_transformer
4036	0.0	0.0	0.0				False	liver	late	nucleotide_transformer
4037	0.0	0.0	0.0				False	liver	late	nucleotide_transformer
4039	0.0	0.0	0.0				False	liver	late	nucleotide_transformer
4040	0.0	0.0	0.0				False	liver	late	nucleotide_transformer
4041	0.0	0.0	0.0				False	liver	late	nucleotide_transformer
4042	0.0	0.0	0.0				False	liver	late	nucleotide_transformer
4043	0.0	0.0	0.0				False	liver	late	nucleotide_transformer
4044	0.0	0.0	0.0				False	liver	late	nucleotide_transformer
4045	0.0	0.0	0.0				False	liver	late	nucleotide_transformer
4046	0.0	0.0	0.0				False	liver	late	nucleotide_transformer
4048	0.0	0.0	0.0				False	liver	late	nucleotide_transformer
4049	0.0	0.0	0.0				False	liver	late	nucleotide_transformer
4050	0.0	0.0	0.0				False	liver	late	nucleotide_transformer
4051	0.0	0.0	0.0				False	liver	late	nucleotide_transformer
4052	0.0	0.0	0.0				False	liver	late	nucleotide_transformer
4053	0.0	0.0	0.0				False	liver	late	nucleotide_transformer
4054	0.0	0.0	0.0				False	liver	late	nucleotide_transformer
4055	0.0	0.0	0.0				False	liver	late	nucleotide_transformer
4056	0.0	0.0	0.0				False	liver	late	nucleotide_transformer
4057	0.0	0.0	0.0				False	liver	late	nucleotide_transformer
4058	0.0	0.0	0.0				False	liver	late	nucleotide_transformer
4059	0.0	0.0	0.0				False	liver	late	nucleotide_transformer
4060	0.0	0.0	0.0				False	liver	late	nucleotide_transformer
4062	0.0	0.0	0.0				False	liver	late	nucleotide_transformer
4063	0.0	0.0	0.0				False	liver	late	nucleotide_transformer
4064	0.0	0.0	0.0				False	liver	late	nucleotide_transformer
4065	0.0	0.0	0.0				False	liver	late	nucleotide_transformer
4066	0.0	0.0	0.0				False	liver	late	nucleotide_transformer
4067	0.0	0.0	0.0				False	liver	late	nucleotide_transformer
4068	0.0	0.0	0.0				False	liver	late	nucleotide_transformer
4070	0.0	0.0	0.0				False	liver	late	nucleotide_transformer
4071	0.0	0.0	0.0				False	liver	late	nucleotide_transformer
4072	0.0	0.0	0.0				False	liver	late	nucleotide_transformer
4073	0.0	0.0	0.0				False	liver	late	nucleotide_transformer
4074	0.0	0.0	0.0				False	liver	late	nucleotide_transformer
4075	0.0	0.0	0.0				False	liver	late	nucleotide_transformer
4076	0.0	0.0	0.0				False	liver	late	nucleotide_transformer
4077	0.0	0.0	0.0				False	liver	late	nucleotide_transformer
4078	0.0	0.0	0.0				False	liver	late	nucleotide_transformer
4079	0.0	0.0	0.0				False	liver	late	nucleotide_transformer
4080	0.0	0.0	0.0				False	liver	late	nucleotide_transformer
4081	0.0	0.0	0.0				False	liver	late	nucleotide_transformer
4082	0.0	0.0	0.0				False	liver	late	nucleotide_transformer
4083	0.0	0.0	0.0				False	liver	late	nucleotide_transformer
4084	0.0	0.0	0.0				False	liver	late	nucleotide_transformer
4085	0.0	0.0	0.0				False	liver	late	nucleotide_transformer
4086	0.0	0.0	0.0				False	liver	late	nucleotide_transformer
4087	0.0	0.0	0.0				False	liver	late	nucleotide_transformer
4088	0.0	0.0	0.0				False	liver	late	nucleotide_transformer
4089	0.0	0.0	0.0				False	liver	late	nucleotide_transformer
4090	0.0	0.0	0.0				False	liver	late	nucleotide_transformer
4091	0.0	0.0	0.0				False	liver	late	nucleotide_transformer
4092	0.0	0.0	0.0				False	liver	late	nucleotide_transformer
4093	0.0	0.0	0.0				False	liver	late	nucleotide_transformer
4094	0.0	0.0	0.0				False	liver	late	nucleotide_transformer
4095	0.0	0.0	0.0				False	liver	late	nucleotide_transformer
4096	0.0	0.0	0.0				False	liver	late	nucleotide_transformer
4097	0.0	0.0	0.0				False	liver	late	nucleotide_transformer
4098	0.0	0.0	0.0				False	liver	late	nucleotide_transformer
4099	0.0	0.0	0.0				False	liver	late	nucleotide_transformer
4100	0.0	0.0	0.0				False	liver	late	nucleotide_transformer
4101	0.0	0.0	0.0				False	liver	late	nucleotide_transformer
4102	0.0	0.0	0.0				False	liver	late	nucleotide_transformer
4103	0.0	0.0	0.0				False	liver	late	nucleotide_transformer
4104	0.0	0.0	0.0				False	liver	late	nucleotide_transformer
4105	0.0	0.0	0.0				False	liver	late	nucleotide_transformer
4106	0.0	0.0	0.0				False	liver	late	nucleotide_transformer
4107	0.0	0.0	0.0				False	liver	late	nucleotide_transformer
4108	0.0	0.0	0.0				False	liver	late	nucleotide_transformer
4110	0.0	0.0	0.0				False	liver	late	nucleotide_transformer
4111	0.0	0.0	0.0				False	liver	late	nucleotide_transformer
4112	0.0	0.0	0.0				False	liver	late	nucleotide_transformer
4113	0.0	0.0	0.0				False	liver	late	nucleotide_transformer
4114	0.0	0.0	0.0				False	liver	late	nucleotide_transformer
4115	0.0	0.0	0.0				False	liver	late	nucleotide_transformer
4116	0.0	0.0	0.0				False	liver	late	nucleotide_transformer
4118	0.0	0.0	0.0				False	liver	late	nucleotide_transformer
4119	0.0	0.0	0.0				False	liver	late	nucleotide_transformer
4120	0.0	0.0	0.0				False	liver	late	nucleotide_transformer
4121	0.0	0.0	0.0				False	liver	late	nucleotide_transformer
4123	0.0	0.0	0.0				False	liver	late	nucleotide_transformer
4124	0.0	0.0	0.0				False	liver	late	nucleotide_transformer
4125	0.0	0.0	0.0				False	liver	late	nucleotide_transformer
4127	0.0	0.0	0.0				False	liver	late	nucleotide_transformer
4128	0.0	0.0	0.0				False	liver	late	nucleotide_transformer
4129	0.0	0.0	0.0				False	liver	late	nucleotide_transformer
4130	0.0	0.0	0.0				False	liver	late	nucleotide_transformer
4132	0.0	0.0	0.0				False	liver	late	nucleotide_transformer
4133	0.0	0.0	0.0				False	liver	late	nucleotide_transformer
4134	0.0	0.0	0.0				False	liver	late	nucleotide_transformer
4135	0.0	0.0	0.0				False	liver	late	nucleotide_transformer
4136	0.0	0.0	0.0				False	liver	late	nucleotide_transformer
4137	0.0	0.0	0.0				False	liver	late	nucleotide_transformer
4138	0.0	0.0	0.0				False	liver	late	nucleotide_transformer
4139	0.0	0.0	0.0				False	liver	late	nucleotide_transformer
4140	0.0	0.0	0.0				False	liver	late	nucleotide_transformer
4141	0.0	0.0	0.0				False	liver	late	nucleotide_transformer
4142	0.0	0.0	0.0				False	liver	late	nucleotide_transformer
4143	0.0	0.0	0.0				False	liver	late	nucleotide_transformer
4145	0.0	0.0	0.0				False	liver	late	nucleotide_transformer
4146	0.0	0.0	0.0				False	liver	late	nucleotide_transformer
4147	0.0	0.0	0.0				False	liver	late	nucleotide_transformer
4148	0.0	0.0	0.0				False	liver	late	nucleotide_transformer
4149	0.0	0.0	0.0				False	liver	late	nucleotide_transformer
4150	0.0	0.0	0.0				False	liver	late	nucleotide_transformer
4151	0.0	0.0	0.0				False	liver	late	nucleotide_transformer
4152	0.0	0.0	0.0				False	liver	late	nucleotide_transformer
4153	0.0	0.0	0.0				False	liver	late	nucleotide_transformer
4154	0.0	0.0	0.0				False	liver	late	nucleotide_transformer
4155	0.0	0.0	0.0				False	liver	late	nucleotide_transformer
4156	0.0	0.0	0.0				False	liver	late	nucleotide_transformer
4157	0.0	0.0	0.0				False	liver	late	nucleotide_transformer
4158	0.0	0.0	0.0				False	liver	late	nucleotide_transformer
4159	0.0	0.0	0.0				False	liver	late	nucleotide_transformer
4160	0.0	0.0	0.0				False	liver	late	nucleotide_transformer
4161	0.0	0.0	0.0				False	liver	late	nucleotide_transformer
4163	0.0	0.0	0.0				False	liver	late	nucleotide_transformer
4164	0.0	0.0	0.0				False	liver	late	nucleotide_transformer
4166	0.0	0.0	0.0				False	liver	late	nucleotide_transformer
4167	0.0	0.0	0.0				False	liver	late	nucleotide_transformer
4168	0.0	0.0	0.0				False	liver	late	nucleotide_transformer
4169	0.0	0.0	0.0				False	liver	late	nucleotide_transformer
4170	0.0	0.0	0.0				False	liver	late	nucleotide_transformer
4171	0.0	0.0	0.0				False	liver	late	nucleotide_transformer
4172	0.0	0.0	0.0				False	liver	late	nucleotide_transformer
4173	0.0	0.0	0.0				False	liver	late	nucleotide_transformer
4174	0.0	0.0	0.0				False	liver	late	nucleotide_transformer
4175	0.0	0.0	0.0				False	liver	late	nucleotide_transformer
4177	0.0	0.0	0.0				False	liver	late	nucleotide_transformer
4178	0.0	0.0	0.0				False	liver	late	nucleotide_transformer
4179	0.0	0.0	0.0				False	liver	late	nucleotide_transformer
4180	0.0	0.0	0.0				False	liver	late	nucleotide_transformer
4181	0.0	0.0	0.0				False	liver	late	nucleotide_transformer
4182	0.0	0.0	0.0				False	liver	late	nucleotide_transformer
4183	0.0	0.0	0.0				False	liver	late	nucleotide_transformer
4184	0.0	0.0	0.0				False	liver	late	nucleotide_transformer
4186	0.0	0.0	0.0				False	liver	late	nucleotide_transformer
4187	0.0	0.0	0.0				False	liver	late	nucleotide_transformer
4188	0.0	0.0	0.0				False	liver	late	nucleotide_transformer
4189	0.0	0.0	0.0				False	liver	late	nucleotide_transformer
4190	0.0	0.0	0.0				False	liver	late	nucleotide_transformer
4192	0.0	0.0	0.0				False	liver	late	nucleotide_transformer
4193	0.0	0.0	0.0				False	liver	late	nucleotide_transformer
4194	0.0	0.0	0.0				False	liver	late	nucleotide_transformer
4195	0.0	0.0	0.0				False	liver	late	nucleotide_transformer
4196	0.0	0.0	0.0				False	liver	late	nucleotide_transformer
4197	0.0	0.0	0.0				False	liver	late	nucleotide_transformer
4198	0.0	0.0	0.0				False	liver	late	nucleotide_transformer
4199	0.0	0.0	0.0				False	liver	late	nucleotide_transformer
4200	0.0	0.0	0.0				False	liver	late	nucleotide_transformer
4201	0.0	0.0	0.0				False	liver	late	nucleotide_transformer
4202	0.0	0.0	0.0				False	liver	late	nucleotide_transformer
4205	0.0	0.0	0.0				False	liver	late	nucleotide_transformer
4206	0.0	0.0	0.0				False	liver	late	nucleotide_transformer
4207	0.0	0.0	0.0				False	liver	late	nucleotide_transformer
4208	0.0	0.0	0.0				False	liver	late	nucleotide_transformer
4209	0.0	0.0	0.0				False	liver	late	nucleotide_transformer
4210	0.0	0.0	0.0				False	liver	late	nucleotide_transformer
4211	0.0	0.0	0.0				False	liver	late	nucleotide_transformer
4212	0.0	0.0	0.0				False	liver	late	nucleotide_transformer
4214	0.0	0.0	0.0				False	liver	late	nucleotide_transformer
4215	0.0	0.0	0.0				False	liver	late	nucleotide_transformer
4216	0.0	0.0	0.0				False	liver	late	nucleotide_transformer
4218	0.0	0.0	0.0				False	liver	late	nucleotide_transformer
4220	0.0	0.0	0.0				False	liver	late	nucleotide_transformer
4221	0.0	0.0	0.0				False	liver	late	nucleotide_transformer
4222	0.0	0.0	0.0				False	liver	late	nucleotide_transformer
4224	0.0	0.0	0.0				False	liver	late	nucleotide_transformer
4225	0.0	0.0	0.0				False	liver	late	nucleotide_transformer
4226	0.0	0.0	0.0				False	liver	late	nucleotide_transformer
4227	0.0	0.0	0.0				False	liver	late	nucleotide_transformer
4228	0.0	0.0	0.0				False	liver	late	nucleotide_transformer
4229	0.0	0.0	0.0				False	liver	late	nucleotide_transformer
4230	0.0	0.0	0.0				False	liver	late	nucleotide_transformer
4231	0.0	0.0	0.0				False	liver	late	nucleotide_transformer
4232	0.0	0.0	0.0				False	liver	late	nucleotide_transformer
4233	0.0	0.0	0.0				False	liver	late	nucleotide_transformer
4234	0.0	0.0	0.0				False	liver	late	nucleotide_transformer
4235	0.0	0.0	0.0				False	liver	late	nucleotide_transformer
4236	0.0	0.0	0.0				False	liver	late	nucleotide_transformer
4238	0.0	0.0	0.0				False	liver	late	nucleotide_transformer
4239	0.0	0.0	0.0				False	liver	late	nucleotide_transformer
4240	0.0	0.0	0.0				False	liver	late	nucleotide_transformer
4241	0.0	0.0	0.0				False	liver	late	nucleotide_transformer
4242	0.0	0.0	0.0				False	liver	late	nucleotide_transformer
4244	0.0	0.0	0.0				False	liver	late	nucleotide_transformer
4245	0.0	0.0	0.0				False	liver	late	nucleotide_transformer
4247	0.0	0.0	0.0				False	liver	late	nucleotide_transformer
4248	0.0	0.0	0.0				False	liver	late	nucleotide_transformer
4249	0.0	0.0	0.0				False	liver	late	nucleotide_transformer
4250	0.0	0.0	0.0				False	liver	late	nucleotide_transformer
4251	0.0	0.0	0.0				False	liver	late	nucleotide_transformer
4252	0.0	0.0	0.0				False	liver	late	nucleotide_transformer
4253	0.0	0.0	0.0				False	liver	late	nucleotide_transformer
4255	0.0	0.0	0.0				False	liver	late	nucleotide_transformer
4257	0.0	0.0	0.0				False	liver	late	nucleotide_transformer
4258	0.0	0.0	0.0				False	liver	late	nucleotide_transformer
4259	0.0	0.0	0.0				False	liver	late	nucleotide_transformer
4260	0.0	0.0	0.0				False	liver	late	nucleotide_transformer
4261	0.0	0.0	0.0				False	liver	late	nucleotide_transformer
4262	0.0	0.0	0.0				False	liver	late	nucleotide_transformer
4263	0.0	0.0	0.0				False	liver	late	nucleotide_transformer
4264	0.0	0.0	0.0				False	liver	late	nucleotide_transformer
4265	0.0	0.0	0.0				False	liver	late	nucleotide_transformer
4266	0.0	0.0	0.0				False	liver	late	nucleotide_transformer
4267	0.0	0.0	0.0				False	liver	late	nucleotide_transformer
4268	0.0	0.0	0.0				False	liver	late	nucleotide_transformer
4269	0.0	0.0	0.0				False	liver	late	nucleotide_transformer
4270	0.0	0.0	0.0				False	liver	late	nucleotide_transformer
4271	0.0	0.0	0.0				False	liver	late	nucleotide_transformer
4272	0.0	0.0	0.0				False	liver	late	nucleotide_transformer
4273	0.0	0.0	0.0				False	liver	late	nucleotide_transformer
4274	0.0	0.0	0.0				False	liver	late	nucleotide_transformer
4275	0.0	0.0	0.0				False	liver	late	nucleotide_transformer
4276	0.0	0.0	0.0				False	liver	late	nucleotide_transformer
4277	0.0	0.0	0.0				False	liver	late	nucleotide_transformer
4278	0.0	0.0	0.0				False	liver	late	nucleotide_transformer
4279	0.0	0.0	0.0				False	liver	late	nucleotide_transformer
4280	0.0	0.0	0.0				False	liver	late	nucleotide_transformer
4281	0.0	0.0	0.0				False	liver	late	nucleotide_transformer
4282	0.0	0.0	0.0				False	liver	late	nucleotide_transformer
4283	0.0	0.0	0.0				False	liver	late	nucleotide_transformer
4284	0.0	0.0	0.0				False	liver	late	nucleotide_transformer
4286	0.0	0.0	0.0				False	liver	late	nucleotide_transformer
4287	0.0	0.0	0.0				False	liver	late	nucleotide_transformer
4288	0.0	0.0	0.0				False	liver	late	nucleotide_transformer
4289	0.0	0.0	0.0				False	liver	late	nucleotide_transformer
4290	0.0	0.0	0.0				False	liver	late	nucleotide_transformer
4291	0.0	0.0	0.0				False	liver	late	nucleotide_transformer
4292	0.0	0.0	0.0				False	liver	late	nucleotide_transformer
4293	0.0	0.0	0.0				False	liver	late	nucleotide_transformer
4294	0.0	0.0	0.0				False	liver	late	nucleotide_transformer
4295	0.0	0.0	0.0				False	liver	late	nucleotide_transformer
4296	0.0	0.0	0.0				False	liver	late	nucleotide_transformer
4297	0.0	0.0	0.0				False	liver	late	nucleotide_transformer
4298	0.0	0.0	0.0				False	liver	late	nucleotide_transformer
4299	0.0	0.0	0.0				False	liver	late	nucleotide_transformer
4300	0.0	0.0	0.0				False	liver	late	nucleotide_transformer
4301	0.0	0.0	0.0				False	liver	late	nucleotide_transformer
4302	0.0	0.0	0.0				False	liver	late	nucleotide_transformer
4304	0.0	0.0	0.0				False	liver	late	nucleotide_transformer
4306	0.0	0.0	0.0				False	liver	late	nucleotide_transformer
4307	0.0	0.0	0.0				False	liver	late	nucleotide_transformer
4308	0.0	0.0	0.0				False	liver	late	nucleotide_transformer
4309	0.0	0.0	0.0				False	liver	late	nucleotide_transformer
4310	0.0	0.0	0.0				False	liver	late	nucleotide_transformer
4311	0.0	0.0	0.0				False	liver	late	nucleotide_transformer
4312	0.0	0.0	0.0				False	liver	late	nucleotide_transformer
4313	0.0	0.0	0.0				False	liver	late	nucleotide_transformer
4314	0.0	0.0	0.0				False	liver	late	nucleotide_transformer
4317	0.0	0.0	0.0				False	liver	late	nucleotide_transformer
4318	0.0	0.0	0.0				False	liver	late	nucleotide_transformer
4319	0.0	0.0	0.0				False	liver	late	nucleotide_transformer
4320	0.0	0.0	0.0				False	liver	late	nucleotide_transformer
4321	0.0	0.0	0.0				False	liver	late	nucleotide_transformer
4322	0.0	0.0	0.0				False	liver	late	nucleotide_transformer
4323	0.0	0.0	0.0				False	liver	late	nucleotide_transformer
4324	0.0	0.0	0.0				False	liver	late	nucleotide_transformer
4325	0.0	0.0	0.0				False	liver	late	nucleotide_transformer
4326	0.0	0.0	0.0				False	liver	late	nucleotide_transformer
4327	0.0	0.0	0.0				False	liver	late	nucleotide_transformer
4328	0.0	0.0	0.0				False	liver	late	nucleotide_transformer
4329	0.0	0.0	0.0				False	liver	late	nucleotide_transformer
4330	0.0	0.0	0.0				False	liver	late	nucleotide_transformer
4331	0.0	0.0	0.0				False	liver	late	nucleotide_transformer
4332	0.0	0.0	0.0				False	liver	late	nucleotide_transformer
4333	0.0	0.0	0.0				False	liver	late	nucleotide_transformer
4334	0.0	0.0	0.0				False	liver	late	nucleotide_transformer
4335	0.0	0.0	0.0				False	liver	late	nucleotide_transformer
4336	0.0	0.0	0.0				False	liver	late	nucleotide_transformer
4337	0.0	0.0	0.0				False	liver	late	nucleotide_transformer
4338	0.0	0.0	0.0				False	liver	late	nucleotide_transformer
4339	0.0	0.0	0.0				False	liver	late	nucleotide_transformer
4340	0.0	0.0	0.0				False	liver	late	nucleotide_transformer
4341	0.0	0.0	0.0				False	liver	late	nucleotide_transformer
4343	0.0	0.0	0.0				False	liver	late	nucleotide_transformer
4344	0.0	0.0	0.0				False	liver	late	nucleotide_transformer
4345	0.0	0.0	0.0				False	liver	late	nucleotide_transformer
4346	0.0	0.0	0.0				False	liver	late	nucleotide_transformer
4347	0.0	0.0	0.0				False	liver	late	nucleotide_transformer
4348	0.0	0.0	0.0				False	liver	late	nucleotide_transformer
4349	0.0	0.0	0.0				False	liver	late	nucleotide_transformer
4351	0.0	0.0	0.0				False	liver	late	nucleotide_transformer
4352	0.0	0.0	0.0				False	liver	late	nucleotide_transformer
4353	0.0	0.0	0.0				False	liver	late	nucleotide_transformer
4355	0.0	0.0	0.0				False	liver	late	nucleotide_transformer
4356	0.0	0.0	0.0				False	liver	late	nucleotide_transformer
4357	0.0	0.0	0.0				False	liver	late	nucleotide_transformer
4359	0.0	0.0	0.0				False	liver	late	nucleotide_transformer
4361	0.0	0.0	0.0				False	liver	late	nucleotide_transformer
4362	0.0	0.0	0.0				False	liver	late	nucleotide_transformer
4364	0.0	0.0	0.0				False	liver	late	nucleotide_transformer
4366	0.0	0.0	0.0				False	liver	late	nucleotide_transformer
4367	0.0	0.0	0.0				False	liver	late	nucleotide_transformer
4369	0.0	0.0	0.0				False	liver	late	nucleotide_transformer
4370	0.0	0.0	0.0				False	liver	late	nucleotide_transformer
4371	0.0	0.0	0.0				False	liver	late	nucleotide_transformer
4372	0.0	0.0	0.0				False	liver	late	nucleotide_transformer
4373	0.0	0.0	0.0				False	liver	late	nucleotide_transformer
4374	0.0	0.0	0.0				False	liver	late	nucleotide_transformer
4375	0.0	0.0	0.0				False	liver	late	nucleotide_transformer
4377	0.0	0.0	0.0				False	liver	late	nucleotide_transformer
4378	0.0	0.0	0.0				False	liver	late	nucleotide_transformer
4379	0.0	0.0	0.0				False	liver	late	nucleotide_transformer
4380	0.0	0.0	0.0				False	liver	late	nucleotide_transformer
4381	0.0	0.0	0.0				False	liver	late	nucleotide_transformer
4382	0.0	0.0	0.0				False	liver	late	nucleotide_transformer
4383	0.0	0.0	0.0				False	liver	late	nucleotide_transformer
4384	0.0	0.0	0.0				False	liver	late	nucleotide_transformer
4385	0.0	0.0	0.0				False	liver	late	nucleotide_transformer
4386	0.0	0.0	0.0				False	liver	late	nucleotide_transformer
4387	0.0	0.0	0.0				False	liver	late	nucleotide_transformer
4388	0.0	0.0	0.0				False	liver	late	nucleotide_transformer
4390	0.0	0.0	0.0				False	liver	late	nucleotide_transformer
4391	0.0	0.0	0.0				False	liver	late	nucleotide_transformer
4392	0.0	0.0	0.0				False	liver	late	nucleotide_transformer
4393	0.0	0.0	0.0				False	liver	late	nucleotide_transformer
4394	0.0	0.0	0.0				False	liver	late	nucleotide_transformer
4396	0.0	0.0	0.0				False	liver	late	nucleotide_transformer
4397	0.0	0.0	0.0				False	liver	late	nucleotide_transformer
4398	0.0	0.0	0.0				False	liver	late	nucleotide_transformer
4399	0.0	0.0	0.0				False	liver	late	nucleotide_transformer
4400	0.0	0.0	0.0				False	liver	late	nucleotide_transformer
4401	0.0	0.0	0.0				False	liver	late	nucleotide_transformer
4402	0.0	0.0	0.0				False	liver	late	nucleotide_transformer
4403	0.0	0.0	0.0				False	liver	late	nucleotide_transformer
4404	0.0	0.0	0.0				False	liver	late	nucleotide_transformer
4405	0.0	0.0	0.0				False	liver	late	nucleotide_transformer
4406	0.0	0.0	0.0				False	liver	late	nucleotide_transformer
4407	0.0	0.0	0.0				False	liver	late	nucleotide_transformer
4409	0.0	0.0	0.0				False	liver	late	nucleotide_transformer
4410	0.0	0.0	0.0				False	liver	late	nucleotide_transformer
4411	0.0	0.0	0.0				False	liver	late	nucleotide_transformer
4412	0.0	0.0	0.0				False	liver	late	nucleotide_transformer
4413	0.0	0.0	0.0				False	liver	late	nucleotide_transformer
4414	0.0	0.0	0.0				False	liver	late	nucleotide_transformer
4415	0.0	0.0	0.0				False	liver	late	nucleotide_transformer
4416	0.0	0.0	0.0				False	liver	late	nucleotide_transformer
4417	0.0	0.0	0.0				False	liver	late	nucleotide_transformer
4418	0.0	0.0	0.0				False	liver	late	nucleotide_transformer
4419	0.0	0.0	0.0				False	liver	late	nucleotide_transformer
4420	0.0	0.0	0.0				False	liver	late	nucleotide_transformer
4421	0.0	0.0	0.0				False	liver	late	nucleotide_transformer
4423	0.0	0.0	0.0				False	liver	late	nucleotide_transformer
4424	0.0	0.0	0.0				False	liver	late	nucleotide_transformer
4425	0.0	0.0	0.0				False	liver	late	nucleotide_transformer
4427	0.0	0.0	0.0				False	liver	late	nucleotide_transformer
4428	0.0	0.0	0.0				False	liver	late	nucleotide_transformer
4429	0.0	0.0	0.0				False	liver	late	nucleotide_transformer
4431	0.0	0.0	0.0				False	liver	late	nucleotide_transformer
4433	0.0	0.0	0.0				False	liver	late	nucleotide_transformer
4434	0.0	0.0	0.0				False	liver	late	nucleotide_transformer
4436	0.0	0.0	0.0				False	liver	late	nucleotide_transformer
4437	0.0	0.0	0.0				False	liver	late	nucleotide_transformer
4439	0.0	0.0	0.0				False	liver	late	nucleotide_transformer
4442	0.0	0.0	0.0				False	liver	late	nucleotide_transformer
4443	0.0	0.0	0.0				False	liver	late	nucleotide_transformer
4444	0.0	0.0	0.0				False	liver	late	nucleotide_transformer
4445	0.0	0.0	0.0				False	liver	late	nucleotide_transformer
4446	0.0	0.0	0.0				False	liver	late	nucleotide_transformer
4447	0.0	0.0	0.0				False	liver	late	nucleotide_transformer
4448	0.0	0.0	0.0				False	liver	late	nucleotide_transformer
4450	0.0	0.0	0.0				False	liver	late	nucleotide_transformer
4451	0.0	0.0	0.0				False	liver	late	nucleotide_transformer
4452	0.0	0.0	0.0				False	liver	late	nucleotide_transformer
4454	0.0	0.0	0.0				False	liver	late	nucleotide_transformer
4455	0.0	0.0	0.0				False	liver	late	nucleotide_transformer
4456	0.0	0.0	0.0				False	liver	late	nucleotide_transformer
4457	0.0	0.0	0.0				False	liver	late	nucleotide_transformer
4458	0.0	0.0	0.0				False	liver	late	nucleotide_transformer
4459	0.0	0.0	0.0				False	liver	late	nucleotide_transformer
4461	0.0	0.0	0.0				False	liver	late	nucleotide_transformer
4462	0.0	0.0	0.0				False	liver	late	nucleotide_transformer
4463	0.0	0.0	0.0				False	liver	late	nucleotide_transformer
4464	0.0	0.0	0.0				False	liver	late	nucleotide_transformer
4465	0.0	0.0	0.0				False	liver	late	nucleotide_transformer
4466	0.0	0.0	0.0				False	liver	late	nucleotide_transformer
4467	0.0	0.0	0.0				False	liver	late	nucleotide_transformer
4468	0.0	0.0	0.0				False	liver	late	nucleotide_transformer
4469	0.0	0.0	0.0				False	liver	late	nucleotide_transformer
4470	0.0	0.0	0.0				False	liver	late	nucleotide_transformer
4471	0.0	0.0	0.0				False	liver	late	nucleotide_transformer
4472	0.0	0.0	0.0				False	liver	late	nucleotide_transformer
4473	0.0	0.0	0.0				False	liver	late	nucleotide_transformer
4474	0.0	0.0	0.0				False	liver	late	nucleotide_transformer
4475	0.0	0.0	0.0				False	liver	late	nucleotide_transformer
4476	0.0	0.0	0.0				False	liver	late	nucleotide_transformer
4477	0.0	0.0	0.0				False	liver	late	nucleotide_transformer
4478	0.0	0.0	0.0				False	liver	late	nucleotide_transformer
4479	0.0	0.0	0.0				False	liver	late	nucleotide_transformer
4480	0.0	0.0	0.0				False	liver	late	nucleotide_transformer
4482	0.0	0.0	0.0				False	liver	late	nucleotide_transformer
4483	0.0	0.0	0.0				False	liver	late	nucleotide_transformer
4484	0.0	0.0	0.0				False	liver	late	nucleotide_transformer
4485	0.0	0.0	0.0				False	liver	late	nucleotide_transformer
4486	0.0	0.0	0.0				False	liver	late	nucleotide_transformer
4487	0.0	0.0	0.0				False	liver	late	nucleotide_transformer
4488	0.0	0.0	0.0				False	liver	late	nucleotide_transformer
4489	0.0	0.0	0.0				False	liver	late	nucleotide_transformer
4490	0.0	0.0	0.0				False	liver	late	nucleotide_transformer
4491	0.0	0.0	0.0				False	liver	late	nucleotide_transformer
4492	0.0	0.0	0.0				False	liver	late	nucleotide_transformer
4493	0.0	0.0	0.0				False	liver	late	nucleotide_transformer
4494	0.0	0.0	0.0				False	liver	late	nucleotide_transformer
4496	0.0	0.0	0.0				False	liver	late	nucleotide_transformer
4497	0.0	0.0	0.0				False	liver	late	nucleotide_transformer
4498	0.0	0.0	0.0				False	liver	late	nucleotide_transformer
4499	0.0	0.0	0.0				False	liver	late	nucleotide_transformer
4500	0.0	0.0	0.0				False	liver	late	nucleotide_transformer
4501	0.0	0.0	0.0				False	liver	late	nucleotide_transformer
4502	0.0	0.0	0.0				False	liver	late	nucleotide_transformer
4503	0.0	0.0	0.0				False	liver	late	nucleotide_transformer
4504	0.0	0.0	0.0				False	liver	late	nucleotide_transformer
4505	0.0	0.0	0.0				False	liver	late	nucleotide_transformer
4506	0.0	0.0	0.0				False	liver	late	nucleotide_transformer
4507	0.0	0.0	0.0				False	liver	late	nucleotide_transformer
4509	0.0	0.0	0.0				False	liver	late	nucleotide_transformer
4510	0.0	0.0	0.0				False	liver	late	nucleotide_transformer
4511	0.0	0.0	0.0				False	liver	late	nucleotide_transformer
4512	0.0	0.0	0.0				False	liver	late	nucleotide_transformer
4513	0.0	0.0	0.0				False	liver	late	nucleotide_transformer
4514	0.0	0.0	0.0				False	liver	late	nucleotide_transformer
4515	0.0	0.0	0.0				False	liver	late	nucleotide_transformer
4516	0.0	0.0	0.0				False	liver	late	nucleotide_transformer
4517	0.0	0.0	0.0				False	liver	late	nucleotide_transformer
4518	0.0	0.0	0.0				False	liver	late	nucleotide_transformer
4519	0.0	0.0	0.0				False	liver	late	nucleotide_transformer
4520	0.0	0.0	0.0				False	liver	late	nucleotide_transformer
4521	0.0	0.0	0.0				False	liver	late	nucleotide_transformer
4522	0.0	0.0	0.0				False	liver	late	nucleotide_transformer
4523	0.0	0.0	0.0				False	liver	late	nucleotide_transformer
4524	0.0	0.0	0.0				False	liver	late	nucleotide_transformer
4526	0.0	0.0	0.0				False	liver	late	nucleotide_transformer
4527	0.0	0.0	0.0				False	liver	late	nucleotide_transformer
4528	0.0	0.0	0.0				False	liver	late	nucleotide_transformer
4529	0.0	0.0	0.0				False	liver	late	nucleotide_transformer
4530	0.0	0.0	0.0				False	liver	late	nucleotide_transformer
4531	0.0	0.0	0.0				False	liver	late	nucleotide_transformer
4532	0.0	0.0	0.0				False	liver	late	nucleotide_transformer
4533	0.0	0.0	0.0				False	liver	late	nucleotide_transformer
4535	0.0	0.0	0.0				False	liver	late	nucleotide_transformer
4536	0.0	0.0	0.0				False	liver	late	nucleotide_transformer
4538	0.0	0.0	0.0				False	liver	late	nucleotide_transformer
4539	0.0	0.0	0.0				False	liver	late	nucleotide_transformer
4540	0.0	0.0	0.0				False	liver	late	nucleotide_transformer
4541	0.0	0.0	0.0				False	liver	late	nucleotide_transformer
4543	0.0	0.0	0.0				False	liver	late	nucleotide_transformer
4544	0.0	0.0	0.0				False	liver	late	nucleotide_transformer
4546	0.0	0.0	0.0				False	liver	late	nucleotide_transformer
4547	0.0	0.0	0.0				False	liver	late	nucleotide_transformer
4548	0.0	0.0	0.0				False	liver	late	nucleotide_transformer
4549	0.0	0.0	0.0				False	liver	late	nucleotide_transformer
4550	0.0	0.0	0.0				False	liver	late	nucleotide_transformer
4551	0.0	0.0	0.0				False	liver	late	nucleotide_transformer
4552	0.0	0.0	0.0				False	liver	late	nucleotide_transformer
4553	0.0	0.0	0.0				False	liver	late	nucleotide_transformer
4554	0.0	0.0	0.0				False	liver	late	nucleotide_transformer
4555	0.0	0.0	0.0				False	liver	late	nucleotide_transformer
4556	0.0	0.0	0.0				False	liver	late	nucleotide_transformer
4557	0.0	0.0	0.0				False	liver	late	nucleotide_transformer
4558	0.0	0.0	0.0				False	liver	late	nucleotide_transformer
4559	0.0	0.0	0.0				False	liver	late	nucleotide_transformer
4560	0.0	0.0	0.0				False	liver	late	nucleotide_transformer
4561	0.0	0.0	0.0				False	liver	late	nucleotide_transformer
4562	0.0	0.0	0.0				False	liver	late	nucleotide_transformer
4563	0.0	0.0	0.0				False	liver	late	nucleotide_transformer
4564	0.0	0.0	0.0				False	liver	late	nucleotide_transformer
4565	0.0	0.0	0.0				False	liver	late	nucleotide_transformer
4567	0.0	0.0	0.0				False	liver	late	nucleotide_transformer
4568	0.0	0.0	0.0				False	liver	late	nucleotide_transformer
4569	0.0	0.0	0.0				False	liver	late	nucleotide_transformer
4570	0.0	0.0	0.0				False	liver	late	nucleotide_transformer
4571	0.0	0.0	0.0				False	liver	late	nucleotide_transformer
4572	0.0	0.0	0.0				False	liver	late	nucleotide_transformer
4573	0.0	0.0	0.0				False	liver	late	nucleotide_transformer
4574	0.0	0.0	0.0				False	liver	late	nucleotide_transformer
4575	0.0	0.0	0.0				False	liver	late	nucleotide_transformer
4576	0.0	0.0	0.0				False	liver	late	nucleotide_transformer
4577	0.0	0.0	0.0				False	liver	late	nucleotide_transformer
4579	0.0	0.0	0.0				False	liver	late	nucleotide_transformer
4581	0.0	0.0	0.0				False	liver	late	nucleotide_transformer
4582	0.0	0.0	0.0				False	liver	late	nucleotide_transformer
4583	0.0	0.0	0.0				False	liver	late	nucleotide_transformer
4584	0.0	0.0	0.0				False	liver	late	nucleotide_transformer
4585	0.0	0.0	0.0				False	liver	late	nucleotide_transformer
4586	0.0	0.0	0.0				False	liver	late	nucleotide_transformer
4587	0.0	0.0	0.0				False	liver	late	nucleotide_transformer
4589	0.0	0.0	0.0				False	liver	late	nucleotide_transformer
4591	0.0	0.0	0.0				False	liver	late	nucleotide_transformer
4592	0.0	0.0	0.0				False	liver	late	nucleotide_transformer
4593	0.0	0.0	0.0				False	liver	late	nucleotide_transformer
4594	0.0	0.0	0.0				False	liver	late	nucleotide_transformer
4595	0.0	0.0	0.0				False	liver	late	nucleotide_transformer
4596	0.0	0.0	0.0				False	liver	late	nucleotide_transformer
4597	0.0	0.0	0.0				False	liver	late	nucleotide_transformer
4598	0.0	0.0	0.0				False	liver	late	nucleotide_transformer
4599	0.0	0.0	0.0				False	liver	late	nucleotide_transformer
4600	0.0	0.0	0.0				False	liver	late	nucleotide_transformer
4601	0.0	0.0	0.0				False	liver	late	nucleotide_transformer
4602	0.0	0.0	0.0				False	liver	late	nucleotide_transformer
4603	0.0	0.0	0.0				False	liver	late	nucleotide_transformer
4604	0.0	0.0	0.0				False	liver	late	nucleotide_transformer
4605	0.0	0.0	0.0				False	liver	late	nucleotide_transformer
4606	0.0	0.0	0.0				False	liver	late	nucleotide_transformer
4607	0.0	0.0	0.0				False	liver	late	nucleotide_transformer
4608	0.0	0.0	0.0				False	liver	late	nucleotide_transformer
4609	0.0	0.0	0.0				False	liver	late	nucleotide_transformer
4610	0.0	0.0	0.0				False	liver	late	nucleotide_transformer
4611	0.0	0.0	0.0				False	liver	late	nucleotide_transformer
4612	0.0	0.0	0.0				False	liver	late	nucleotide_transformer
4613	0.0	0.0	0.0				False	liver	late	nucleotide_transformer
4614	0.0	0.0	0.0				False	liver	late	nucleotide_transformer
4615	0.0	0.0	0.0				False	liver	late	nucleotide_transformer
4616	0.0	0.0	0.0				False	liver	late	nucleotide_transformer
4617	0.0	0.0	0.0				False	liver	late	nucleotide_transformer
4618	0.0	0.0	0.0				False	liver	late	nucleotide_transformer
4619	0.0	0.0	0.0				False	liver	late	nucleotide_transformer
4620	0.0	0.0	0.0				False	liver	late	nucleotide_transformer
4621	0.0	0.0	0.0				False	liver	late	nucleotide_transformer
4622	0.0	0.0	0.0				False	liver	late	nucleotide_transformer
4623	0.0	0.0	0.0				False	liver	late	nucleotide_transformer
4624	0.0	0.0	0.0				False	liver	late	nucleotide_transformer
4625	0.0	0.0	0.0				False	liver	late	nucleotide_transformer
4626	0.0	0.0	0.0				False	liver	late	nucleotide_transformer
4627	0.0	0.0	0.0				False	liver	late	nucleotide_transformer
4629	0.0	0.0	0.0				False	liver	late	nucleotide_transformer
4630	0.0	0.0	0.0				False	liver	late	nucleotide_transformer
4632	0.0	0.0	0.0				False	liver	late	nucleotide_transformer
4633	0.0	0.0	0.0				False	liver	late	nucleotide_transformer
4634	0.0	0.0	0.0				False	liver	late	nucleotide_transformer
4635	0.0	0.0	0.0				False	liver	late	nucleotide_transformer
4637	0.0	0.0	0.0				False	liver	late	nucleotide_transformer
4638	0.0	0.0	0.0				False	liver	late	nucleotide_transformer
4639	0.0	0.0	0.0				False	liver	late	nucleotide_transformer
4640	0.0	0.0	0.0				False	liver	late	nucleotide_transformer
4641	0.0	0.0	0.0				False	liver	late	nucleotide_transformer
4642	0.0	0.0	0.0				False	liver	late	nucleotide_transformer
4644	0.0	0.0	0.0				False	liver	late	nucleotide_transformer
4645	0.0	0.0	0.0				False	liver	late	nucleotide_transformer
4646	0.0	0.0	0.0				False	liver	late	nucleotide_transformer
4647	0.0	0.0	0.0				False	liver	late	nucleotide_transformer
4648	0.0	0.0	0.0				False	liver	late	nucleotide_transformer
4649	0.0	0.0	0.0				False	liver	late	nucleotide_transformer
4650	0.0	0.0	0.0				False	liver	late	nucleotide_transformer
4652	0.0	0.0	0.0				False	liver	late	nucleotide_transformer
4653	0.0	0.0	0.0				False	liver	late	nucleotide_transformer
4654	0.0	0.0	0.0				False	liver	late	nucleotide_transformer
4655	0.0	0.0	0.0				False	liver	late	nucleotide_transformer
4656	0.0	0.0	0.0				False	liver	late	nucleotide_transformer
4657	0.0	0.0	0.0				False	liver	late	nucleotide_transformer
4658	0.0	0.0	0.0				False	liver	late	nucleotide_transformer
4659	0.0	0.0	0.0				False	liver	late	nucleotide_transformer
4660	0.0	0.0	0.0				False	liver	late	nucleotide_transformer
4661	0.0	0.0	0.0				False	liver	late	nucleotide_transformer
4662	0.0	0.0	0.0				False	liver	late	nucleotide_transformer
4664	0.0	0.0	0.0				False	liver	late	nucleotide_transformer
4666	0.0	0.0	0.0				False	liver	late	nucleotide_transformer
4667	0.0	0.0	0.0				False	liver	late	nucleotide_transformer
4668	0.0	0.0	0.0				False	liver	late	nucleotide_transformer
4669	0.0	0.0	0.0				False	liver	late	nucleotide_transformer
4670	0.0	0.0	0.0				False	liver	late	nucleotide_transformer
4671	0.0	0.0	0.0				False	liver	late	nucleotide_transformer
4672	0.0	0.0	0.0				False	liver	late	nucleotide_transformer
4673	0.0	0.0	0.0				False	liver	late	nucleotide_transformer
4674	0.0	0.0	0.0				False	liver	late	nucleotide_transformer
4675	0.0	0.0	0.0				False	liver	late	nucleotide_transformer
4676	0.0	0.0	0.0				False	liver	late	nucleotide_transformer
4677	0.0	0.0	0.0				False	liver	late	nucleotide_transformer
4678	0.0	0.0	0.0				False	liver	late	nucleotide_transformer
4679	0.0	0.0	0.0				False	liver	late	nucleotide_transformer
4680	0.0	0.0	0.0				False	liver	late	nucleotide_transformer
4681	0.0	0.0	0.0				False	liver	late	nucleotide_transformer
4682	0.0	0.0	0.0				False	liver	late	nucleotide_transformer
4683	0.0	0.0	0.0				False	liver	late	nucleotide_transformer
4684	0.0	0.0	0.0				False	liver	late	nucleotide_transformer
4685	0.0	0.0	0.0				False	liver	late	nucleotide_transformer
4686	0.0	0.0	0.0				False	liver	late	nucleotide_transformer
4687	0.0	0.0	0.0				False	liver	late	nucleotide_transformer
4688	0.0	0.0	0.0				False	liver	late	nucleotide_transformer
4689	0.0	0.0	0.0				False	liver	late	nucleotide_transformer
4690	0.0	0.0	0.0				False	liver	late	nucleotide_transformer
4691	0.0	0.0	0.0				False	liver	late	nucleotide_transformer
4692	0.0	0.0	0.0				False	liver	late	nucleotide_transformer
4693	0.0	0.0	0.0				False	liver	late	nucleotide_transformer
4695	0.0	0.0	0.0				False	liver	late	nucleotide_transformer
4696	0.0	0.0	0.0				False	liver	late	nucleotide_transformer
4697	0.0	0.0	0.0				False	liver	late	nucleotide_transformer
4698	0.0	0.0	0.0				False	liver	late	nucleotide_transformer
4700	0.0	0.0	0.0				False	liver	late	nucleotide_transformer
4701	0.0	0.0	0.0				False	liver	late	nucleotide_transformer
4703	0.0	0.0	0.0				False	liver	late	nucleotide_transformer
4704	0.0	0.0	0.0				False	liver	late	nucleotide_transformer
4705	0.0	0.0	0.0				False	liver	late	nucleotide_transformer
4706	0.0	0.0	0.0				False	liver	late	nucleotide_transformer
4707	0.0	0.0	0.0				False	liver	late	nucleotide_transformer
4708	0.0	0.0	0.0				False	liver	late	nucleotide_transformer
4709	0.0	0.0	0.0				False	liver	late	nucleotide_transformer
4710	0.0	0.0	0.0				False	liver	late	nucleotide_transformer
4711	0.0	0.0	0.0				False	liver	late	nucleotide_transformer
4712	0.0	0.0	0.0				False	liver	late	nucleotide_transformer
4713	0.0	0.0	0.0				False	liver	late	nucleotide_transformer
4714	0.0	0.0	0.0				False	liver	late	nucleotide_transformer
4715	0.0	0.0	0.0				False	liver	late	nucleotide_transformer
4716	0.0	0.0	0.0				False	liver	late	nucleotide_transformer
4718	0.0	0.0	0.0				False	liver	late	nucleotide_transformer
4719	0.0	0.0	0.0				False	liver	late	nucleotide_transformer
4720	0.0	0.0	0.0				False	liver	late	nucleotide_transformer
4722	0.0	0.0	0.0				False	liver	late	nucleotide_transformer
4723	0.0	0.0	0.0				False	liver	late	nucleotide_transformer
4724	0.0	0.0	0.0				False	liver	late	nucleotide_transformer
4727	0.0	0.0	0.0				False	liver	late	nucleotide_transformer
4728	0.0	0.0	0.0				False	liver	late	nucleotide_transformer
4729	0.0	0.0	0.0				False	liver	late	nucleotide_transformer
4730	0.0	0.0	0.0				False	liver	late	nucleotide_transformer
4731	0.0	0.0	0.0				False	liver	late	nucleotide_transformer
4732	0.0	0.0	0.0				False	liver	late	nucleotide_transformer
4734	0.0	0.0	0.0				False	liver	late	nucleotide_transformer
4735	0.0	0.0	0.0				False	liver	late	nucleotide_transformer
4736	0.0	0.0	0.0				False	liver	late	nucleotide_transformer
4737	0.0	0.0	0.0				False	liver	late	nucleotide_transformer
4738	0.0	0.0	0.0				False	liver	late	nucleotide_transformer
4739	0.0	0.0	0.0				False	liver	late	nucleotide_transformer
4740	0.0	0.0	0.0				False	liver	late	nucleotide_transformer
4741	0.0	0.0	0.0				False	liver	late	nucleotide_transformer
4742	0.0	0.0	0.0				False	liver	late	nucleotide_transformer
4743	0.0	0.0	0.0				False	liver	late	nucleotide_transformer
4744	0.0	0.0	0.0				False	liver	late	nucleotide_transformer
4745	0.0	0.0	0.0				False	liver	late	nucleotide_transformer
4746	0.0	0.0	0.0				False	liver	late	nucleotide_transformer
4747	0.0	0.0	0.0				False	liver	late	nucleotide_transformer
4748	0.0	0.0	0.0				False	liver	late	nucleotide_transformer
4750	0.0	0.0	0.0				False	liver	late	nucleotide_transformer
4751	0.0	0.0	0.0				False	liver	late	nucleotide_transformer
4752	0.0	0.0	0.0				False	liver	late	nucleotide_transformer
4753	0.0	0.0	0.0				False	liver	late	nucleotide_transformer
4754	0.0	0.0	0.0				False	liver	late	nucleotide_transformer
4755	0.0	0.0	0.0				False	liver	late	nucleotide_transformer
4756	0.0	0.0	0.0				False	liver	late	nucleotide_transformer
4757	0.0	0.0	0.0				False	liver	late	nucleotide_transformer
4759	0.0	0.0	0.0				False	liver	late	nucleotide_transformer
4760	0.0	0.0	0.0				False	liver	late	nucleotide_transformer
4761	0.0	0.0	0.0				False	liver	late	nucleotide_transformer
4762	0.0	0.0	0.0				False	liver	late	nucleotide_transformer
4763	0.0	0.0	0.0				False	liver	late	nucleotide_transformer
4764	0.0	0.0	0.0				False	liver	late	nucleotide_transformer
4766	0.0	0.0	0.0				False	liver	late	nucleotide_transformer
4768	0.0	0.0	0.0				False	liver	late	nucleotide_transformer
4769	0.0	0.0	0.0				False	liver	late	nucleotide_transformer
4770	0.0	0.0	0.0				False	liver	late	nucleotide_transformer
4772	0.0	0.0	0.0				False	liver	late	nucleotide_transformer
4773	0.0	0.0	0.0				False	liver	late	nucleotide_transformer
4775	0.0	0.0	0.0				False	liver	late	nucleotide_transformer
4776	0.0	0.0	0.0				False	liver	late	nucleotide_transformer
4778	0.0	0.0	0.0				False	liver	late	nucleotide_transformer
4780	0.0	0.0	0.0				False	liver	late	nucleotide_transformer
4781	0.0	0.0	0.0				False	liver	late	nucleotide_transformer
4782	0.0	0.0	0.0				False	liver	late	nucleotide_transformer
4783	0.0	0.0	0.0				False	liver	late	nucleotide_transformer
4784	0.0	0.0	0.0				False	liver	late	nucleotide_transformer
4786	0.0	0.0	0.0				False	liver	late	nucleotide_transformer
4787	0.0	0.0	0.0				False	liver	late	nucleotide_transformer
4788	0.0	0.0	0.0				False	liver	late	nucleotide_transformer
4789	0.0	0.0	0.0				False	liver	late	nucleotide_transformer
4790	0.0	0.0	0.0				False	liver	late	nucleotide_transformer
4791	0.0	0.0	0.0				False	liver	late	nucleotide_transformer
4792	0.0	0.0	0.0				False	liver	late	nucleotide_transformer
4793	0.0	0.0	0.0				False	liver	late	nucleotide_transformer
4794	0.0	0.0	0.0				False	liver	late	nucleotide_transformer
4796	0.0	0.0	0.0				False	liver	late	nucleotide_transformer
4797	0.0	0.0	0.0				False	liver	late	nucleotide_transformer
4798	0.0	0.0	0.0				False	liver	late	nucleotide_transformer
4799	0.0	0.0	0.0				False	liver	late	nucleotide_transformer
4801	0.0	0.0	0.0				False	liver	late	nucleotide_transformer
4802	0.0	0.0	0.0				False	liver	late	nucleotide_transformer
4803	0.0	0.0	0.0				False	liver	late	nucleotide_transformer
4804	0.0	0.0	0.0				False	liver	late	nucleotide_transformer
4805	0.0	0.0	0.0				False	liver	late	nucleotide_transformer
4806	0.0	0.0	0.0				False	liver	late	nucleotide_transformer
4807	0.0	0.0	0.0				False	liver	late	nucleotide_transformer
4808	0.0	0.0	0.0				False	liver	late	nucleotide_transformer
4809	0.0	0.0	0.0				False	liver	late	nucleotide_transformer
4810	0.0	0.0	0.0				False	liver	late	nucleotide_transformer
4811	0.0	0.0	0.0				False	liver	late	nucleotide_transformer
4812	0.0	0.0	0.0				False	liver	late	nucleotide_transformer
4814	0.0	0.0	0.0				False	liver	late	nucleotide_transformer
4815	0.0	0.0	0.0				False	liver	late	nucleotide_transformer
4816	0.0	0.0	0.0				False	liver	late	nucleotide_transformer
4817	0.0	0.0	0.0				False	liver	late	nucleotide_transformer
4818	0.0	0.0	0.0				False	liver	late	nucleotide_transformer
4819	0.0	0.0	0.0				False	liver	late	nucleotide_transformer
4820	0.0	0.0	0.0				False	liver	late	nucleotide_transformer
4821	0.0	0.0	0.0				False	liver	late	nucleotide_transformer
4822	0.0	0.0	0.0				False	liver	late	nucleotide_transformer
4823	0.0	0.0	0.0				False	liver	late	nucleotide_transformer
4824	0.0	0.0	0.0				False	liver	late	nucleotide_transformer
4825	0.0	0.0	0.0				False	liver	late	nucleotide_transformer
4826	0.0	0.0	0.0				False	liver	late	nucleotide_transformer
4827	0.0	0.0	0.0				False	liver	late	nucleotide_transformer
4828	0.0	0.0	0.0				False	liver	late	nucleotide_transformer
4829	0.0	0.0	0.0				False	liver	late	nucleotide_transformer
4830	0.0	0.0	0.0				False	liver	late	nucleotide_transformer
4831	0.0	0.0	0.0				False	liver	late	nucleotide_transformer
4833	0.0	0.0	0.0				False	liver	late	nucleotide_transformer
4834	0.0	0.0	0.0				False	liver	late	nucleotide_transformer
4835	0.0	0.0	0.0				False	liver	late	nucleotide_transformer
4836	0.0	0.0	0.0				False	liver	late	nucleotide_transformer
4837	0.0	0.0	0.0				False	liver	late	nucleotide_transformer
4839	0.0	0.0	0.0				False	liver	late	nucleotide_transformer
4840	0.0	0.0	0.0				False	liver	late	nucleotide_transformer
4841	0.0	0.0	0.0				False	liver	late	nucleotide_transformer
4842	0.0	0.0	0.0				False	liver	late	nucleotide_transformer
4843	0.0	0.0	0.0				False	liver	late	nucleotide_transformer
4844	0.0	0.0	0.0				False	liver	late	nucleotide_transformer
4846	0.0	0.0	0.0				False	liver	late	nucleotide_transformer
4847	0.0	0.0	0.0				False	liver	late	nucleotide_transformer
4848	0.0	0.0	0.0				False	liver	late	nucleotide_transformer
4849	0.0	0.0	0.0				False	liver	late	nucleotide_transformer
4852	0.0	0.0	0.0				False	liver	late	nucleotide_transformer
4853	0.0	0.0	0.0				False	liver	late	nucleotide_transformer
4854	0.0	0.0	0.0				False	liver	late	nucleotide_transformer
4857	0.0	0.0	0.0				False	liver	late	nucleotide_transformer
4858	0.0	0.0	0.0				False	liver	late	nucleotide_transformer
4859	0.0	0.0	0.0				False	liver	late	nucleotide_transformer
4861	0.0	0.0	0.0				False	liver	late	nucleotide_transformer
4862	0.0	0.0	0.0				False	liver	late	nucleotide_transformer
4863	0.0	0.0	0.0				False	liver	late	nucleotide_transformer
4864	0.0	0.0	0.0				False	liver	late	nucleotide_transformer
4865	0.0	0.0	0.0				False	liver	late	nucleotide_transformer
4866	0.0	0.0	0.0				False	liver	late	nucleotide_transformer
4868	0.0	0.0	0.0				False	liver	late	nucleotide_transformer
4869	0.0	0.0	0.0				False	liver	late	nucleotide_transformer
4870	0.0	0.0	0.0				False	liver	late	nucleotide_transformer
4871	0.0	0.0	0.0				False	liver	late	nucleotide_transformer
4872	0.0	0.0	0.0				False	liver	late	nucleotide_transformer
4873	0.0	0.0	0.0				False	liver	late	nucleotide_transformer
4874	0.0	0.0	0.0				False	liver	late	nucleotide_transformer
4875	0.0	0.0	0.0				False	liver	late	nucleotide_transformer
4876	0.0	0.0	0.0				False	liver	late	nucleotide_transformer
4877	0.0	0.0	0.0				False	liver	late	nucleotide_transformer
4878	0.0	0.0	0.0				False	liver	late	nucleotide_transformer
4879	0.0	0.0	0.0				False	liver	late	nucleotide_transformer
4880	0.0	0.0	0.0				False	liver	late	nucleotide_transformer
4881	0.0	0.0	0.0				False	liver	late	nucleotide_transformer
4883	0.0	0.0	0.0				False	liver	late	nucleotide_transformer
4885	0.0	0.0	0.0				False	liver	late	nucleotide_transformer
4886	0.0	0.0	0.0				False	liver	late	nucleotide_transformer
4888	0.0	0.0	0.0				False	liver	late	nucleotide_transformer
4889	0.0	0.0	0.0				False	liver	late	nucleotide_transformer
4892	0.0	0.0	0.0				False	liver	late	nucleotide_transformer
4893	0.0	0.0	0.0				False	liver	late	nucleotide_transformer
4894	0.0	0.0	0.0				False	liver	late	nucleotide_transformer
4895	0.0	0.0	0.0				False	liver	late	nucleotide_transformer
4896	0.0	0.0	0.0				False	liver	late	nucleotide_transformer
4897	0.0	0.0	0.0				False	liver	late	nucleotide_transformer
4898	0.0	0.0	0.0				False	liver	late	nucleotide_transformer
4899	0.0	0.0	0.0				False	liver	late	nucleotide_transformer
4900	0.0	0.0	0.0				False	liver	late	nucleotide_transformer
4901	0.0	0.0	0.0				False	liver	late	nucleotide_transformer
4902	0.0	0.0	0.0				False	liver	late	nucleotide_transformer
4904	0.0	0.0	0.0				False	liver	late	nucleotide_transformer
4906	0.0	0.0	0.0				False	liver	late	nucleotide_transformer
4907	0.0	0.0	0.0				False	liver	late	nucleotide_transformer
4908	0.0	0.0	0.0				False	liver	late	nucleotide_transformer
4910	0.0	0.0	0.0				False	liver	late	nucleotide_transformer
4911	0.0	0.0	0.0				False	liver	late	nucleotide_transformer
4912	0.0	0.0	0.0				False	liver	late	nucleotide_transformer
4913	0.0	0.0	0.0				False	liver	late	nucleotide_transformer
4914	0.0	0.0	0.0				False	liver	late	nucleotide_transformer
4915	0.0	0.0	0.0				False	liver	late	nucleotide_transformer
4916	0.0	0.0	0.0				False	liver	late	nucleotide_transformer
4917	0.0	0.0	0.0				False	liver	late	nucleotide_transformer
4918	0.0	0.0	0.0				False	liver	late	nucleotide_transformer
4919	0.0	0.0	0.0				False	liver	late	nucleotide_transformer
4920	0.0	0.0	0.0				False	liver	late	nucleotide_transformer
4921	0.0	0.0	0.0				False	liver	late	nucleotide_transformer
4922	0.0	0.0	0.0				False	liver	late	nucleotide_transformer
4923	0.0	0.0	0.0				False	liver	late	nucleotide_transformer
4924	0.0	0.0	0.0				False	liver	late	nucleotide_transformer
4925	0.0	0.0	0.0				False	liver	late	nucleotide_transformer
4926	0.0	0.0	0.0				False	liver	late	nucleotide_transformer
4927	0.0	0.0	0.0				False	liver	late	nucleotide_transformer
4929	0.0	0.0	0.0				False	liver	late	nucleotide_transformer
4930	0.0	0.0	0.0				False	liver	late	nucleotide_transformer
4932	0.0	0.0	0.0				False	liver	late	nucleotide_transformer
4933	0.0	0.0	0.0				False	liver	late	nucleotide_transformer
4934	0.0	0.0	0.0				False	liver	late	nucleotide_transformer
4935	0.0	0.0	0.0				False	liver	late	nucleotide_transformer
4936	0.0	0.0	0.0				False	liver	late	nucleotide_transformer
4937	0.0	0.0	0.0				False	liver	late	nucleotide_transformer
4938	0.0	0.0	0.0				False	liver	late	nucleotide_transformer
4939	0.0	0.0	0.0				False	liver	late	nucleotide_transformer
4940	0.0	0.0	0.0				False	liver	late	nucleotide_transformer
4942	0.0	0.0	0.0				False	liver	late	nucleotide_transformer
4943	0.0	0.0	0.0				False	liver	late	nucleotide_transformer
4945	0.0	0.0	0.0				False	liver	late	nucleotide_transformer
4946	0.0	0.0	0.0				False	liver	late	nucleotide_transformer
4947	0.0	0.0	0.0				False	liver	late	nucleotide_transformer
4948	0.0	0.0	0.0				False	liver	late	nucleotide_transformer
4949	0.0	0.0	0.0				False	liver	late	nucleotide_transformer
4950	0.0	0.0	0.0				False	liver	late	nucleotide_transformer
4952	0.0	0.0	0.0				False	liver	late	nucleotide_transformer
4953	0.0	0.0	0.0				False	liver	late	nucleotide_transformer
4954	0.0	0.0	0.0				False	liver	late	nucleotide_transformer
4955	0.0	0.0	0.0				False	liver	late	nucleotide_transformer
4956	0.0	0.0	0.0				False	liver	late	nucleotide_transformer
4957	0.0	0.0	0.0				False	liver	late	nucleotide_transformer
4958	0.0	0.0	0.0				False	liver	late	nucleotide_transformer
4959	0.0	0.0	0.0				False	liver	late	nucleotide_transformer
4961	0.0	0.0	0.0				False	liver	late	nucleotide_transformer
4962	0.0	0.0	0.0				False	liver	late	nucleotide_transformer
4964	0.0	0.0	0.0				False	liver	late	nucleotide_transformer
4965	0.0	0.0	0.0				False	liver	late	nucleotide_transformer
4966	0.0	0.0	0.0				False	liver	late	nucleotide_transformer
4967	0.0	0.0	0.0				False	liver	late	nucleotide_transformer
4969	0.0	0.0	0.0				False	liver	late	nucleotide_transformer
4970	0.0	0.0	0.0				False	liver	late	nucleotide_transformer
4972	0.0	0.0	0.0				False	liver	late	nucleotide_transformer
4973	0.0	0.0	0.0				False	liver	late	nucleotide_transformer
4974	0.0	0.0	0.0				False	liver	late	nucleotide_transformer
4975	0.0	0.0	0.0				False	liver	late	nucleotide_transformer
4976	0.0	0.0	0.0				False	liver	late	nucleotide_transformer
4977	0.0	0.0	0.0				False	liver	late	nucleotide_transformer
4978	0.0	0.0	0.0				False	liver	late	nucleotide_transformer
4979	0.0	0.0	0.0				False	liver	late	nucleotide_transformer
4981	0.0	0.0	0.0				False	liver	late	nucleotide_transformer
4983	0.0	0.0	0.0				False	liver	late	nucleotide_transformer
4984	0.0	0.0	0.0				False	liver	late	nucleotide_transformer
4985	0.0	0.0	0.0				False	liver	late	nucleotide_transformer
4986	0.0	0.0	0.0				False	liver	late	nucleotide_transformer
4988	0.0	0.0	0.0				False	liver	late	nucleotide_transformer
4990	0.0	0.0	0.0				False	liver	late	nucleotide_transformer
4991	0.0	0.0	0.0				False	liver	late	nucleotide_transformer
4992	0.0	0.0	0.0				False	liver	late	nucleotide_transformer
4993	0.0	0.0	0.0				False	liver	late	nucleotide_transformer
4994	0.0	0.0	0.0				False	liver	late	nucleotide_transformer
4995	0.0	0.0	0.0				False	liver	late	nucleotide_transformer
4996	0.0	0.0	0.0				False	liver	late	nucleotide_transformer
4997	0.0	0.0	0.0				False	liver	late	nucleotide_transformer
4998	0.0	0.0	0.0				False	liver	late	nucleotide_transformer
4999	0.0	0.0	0.0				False	liver	late	nucleotide_transformer
5000	0.0	0.0	0.0				False	liver	late	nucleotide_transformer
5002	0.0	0.0	0.0				False	liver	late	nucleotide_transformer
5003	0.0	0.0	0.0				False	liver	late	nucleotide_transformer
5004	0.0	0.0	0.0				False	liver	late	nucleotide_transformer
5005	0.0	0.0	0.0				False	liver	late	nucleotide_transformer
5006	0.0	0.0	0.0				False	liver	late	nucleotide_transformer
5008	0.0	0.0	0.0				False	liver	late	nucleotide_transformer
5009	0.0	0.0	0.0				False	liver	late	nucleotide_transformer
5010	0.0	0.0	0.0				False	liver	late	nucleotide_transformer
5011	0.0	0.0	0.0				False	liver	late	nucleotide_transformer
5012	0.0	0.0	0.0				False	liver	late	nucleotide_transformer
5013	0.0	0.0	0.0				False	liver	late	nucleotide_transformer
5014	0.0	0.0	0.0				False	liver	late	nucleotide_transformer
5015	0.0	0.0	0.0				False	liver	late	nucleotide_transformer
5017	0.0	0.0	0.0				False	liver	late	nucleotide_transformer
5020	0.0	0.0	0.0				False	liver	late	nucleotide_transformer
5021	0.0	0.0	0.0				False	liver	late	nucleotide_transformer
5022	0.0	0.0	0.0				False	liver	late	nucleotide_transformer
5023	0.0	0.0	0.0				False	liver	late	nucleotide_transformer
5024	0.0	0.0	0.0				False	liver	late	nucleotide_transformer
5025	0.0	0.0	0.0				False	liver	late	nucleotide_transformer
5026	0.0	0.0	0.0				False	liver	late	nucleotide_transformer
5029	0.0	0.0	0.0				False	liver	late	nucleotide_transformer
5030	0.0	0.0	0.0				False	liver	late	nucleotide_transformer
5031	0.0	0.0	0.0				False	liver	late	nucleotide_transformer
5033	0.0	0.0	0.0				False	liver	late	nucleotide_transformer
5034	0.0	0.0	0.0				False	liver	late	nucleotide_transformer
5035	0.0	0.0	0.0				False	liver	late	nucleotide_transformer
5036	0.0	0.0	0.0				False	liver	late	nucleotide_transformer
5037	0.0	0.0	0.0				False	liver	late	nucleotide_transformer
5038	0.0	0.0	0.0				False	liver	late	nucleotide_transformer
5039	0.0	0.0	0.0				False	liver	late	nucleotide_transformer
5041	0.0	0.0	0.0				False	liver	late	nucleotide_transformer
5042	0.0	0.0	0.0				False	liver	late	nucleotide_transformer
5043	0.0	0.0	0.0				False	liver	late	nucleotide_transformer
5044	0.0	0.0	0.0				False	liver	late	nucleotide_transformer
5045	0.0	0.0	0.0				False	liver	late	nucleotide_transformer
5047	0.0	0.0	0.0				False	liver	late	nucleotide_transformer
5048	0.0	0.0	0.0				False	liver	late	nucleotide_transformer
5049	0.0	0.0	0.0				False	liver	late	nucleotide_transformer
5051	0.0	0.0	0.0				False	liver	late	nucleotide_transformer
5052	0.0	0.0	0.0				False	liver	late	nucleotide_transformer
5053	0.0	0.0	0.0				False	liver	late	nucleotide_transformer
5056	0.0	0.0	0.0				False	liver	late	nucleotide_transformer
5057	0.0	0.0	0.0				False	liver	late	nucleotide_transformer
5058	0.0	0.0	0.0				False	liver	late	nucleotide_transformer
5059	0.0	0.0	0.0				False	liver	late	nucleotide_transformer
5060	0.0	0.0	0.0				False	liver	late	nucleotide_transformer
5061	0.0	0.0	0.0				False	liver	late	nucleotide_transformer
5062	0.0	0.0	0.0				False	liver	late	nucleotide_transformer
5064	0.0	0.0	0.0				False	liver	late	nucleotide_transformer
5065	0.0	0.0	0.0				False	liver	late	nucleotide_transformer
5066	0.0	0.0	0.0				False	liver	late	nucleotide_transformer
5067	0.0	0.0	0.0				False	liver	late	nucleotide_transformer
5068	0.0	0.0	0.0				False	liver	late	nucleotide_transformer
5069	0.0	0.0	0.0				False	liver	late	nucleotide_transformer
5070	0.0	0.0	0.0				False	liver	late	nucleotide_transformer
5072	0.0	0.0	0.0				False	liver	late	nucleotide_transformer
5073	0.0	0.0	0.0				False	liver	late	nucleotide_transformer
5074	0.0	0.0	0.0				False	liver	late	nucleotide_transformer
5075	0.0	0.0	0.0				False	liver	late	nucleotide_transformer
5077	0.0	0.0	0.0				False	liver	late	nucleotide_transformer
5078	0.0	0.0	0.0				False	liver	late	nucleotide_transformer
5079	0.0	0.0	0.0				False	liver	late	nucleotide_transformer
5080	0.0	0.0	0.0				False	liver	late	nucleotide_transformer
5081	0.0	0.0	0.0				False	liver	late	nucleotide_transformer
5082	0.0	0.0	0.0				False	liver	late	nucleotide_transformer
5083	0.0	0.0	0.0				False	liver	late	nucleotide_transformer
5084	0.0	0.0	0.0				False	liver	late	nucleotide_transformer
5085	0.0	0.0	0.0				False	liver	late	nucleotide_transformer
5087	0.0	0.0	0.0				False	liver	late	nucleotide_transformer
5089	0.0	0.0	0.0				False	liver	late	nucleotide_transformer
5090	0.0	0.0	0.0				False	liver	late	nucleotide_transformer
5091	0.0	0.0	0.0				False	liver	late	nucleotide_transformer
5092	0.0	0.0	0.0				False	liver	late	nucleotide_transformer
5093	0.0	0.0	0.0				False	liver	late	nucleotide_transformer
5094	0.0	0.0	0.0				False	liver	late	nucleotide_transformer
5095	0.0	0.0	0.0				False	liver	late	nucleotide_transformer
5096	0.0	0.0	0.0				False	liver	late	nucleotide_transformer
5097	0.0	0.0	0.0				False	liver	late	nucleotide_transformer
5098	0.0	0.0	0.0				False	liver	late	nucleotide_transformer
5099	0.0	0.0	0.0				False	liver	late	nucleotide_transformer
5100	0.0	0.0	0.0				False	liver	late	nucleotide_transformer
5101	0.0	0.0	0.0				False	liver	late	nucleotide_transformer
5102	0.0	0.0	0.0				False	liver	late	nucleotide_transformer
5103	0.0	0.0	0.0				False	liver	late	nucleotide_transformer
5104	0.0	0.0	0.0				False	liver	late	nucleotide_transformer
5105	0.0	0.0	0.0				False	liver	late	nucleotide_transformer
5106	0.0	0.0	0.0				False	liver	late	nucleotide_transformer
5107	0.0	0.0	0.0				False	liver	late	nucleotide_transformer
5109	0.0	0.0	0.0				False	liver	late	nucleotide_transformer
5110	0.0	0.0	0.0				False	liver	late	nucleotide_transformer
5113	0.0	0.0	0.0				False	liver	late	nucleotide_transformer
5114	0.0	0.0	0.0				False	liver	late	nucleotide_transformer
5115	0.0	0.0	0.0				False	liver	late	nucleotide_transformer
5116	0.0	0.0	0.0				False	liver	late	nucleotide_transformer
5117	0.0	0.0	0.0				False	liver	late	nucleotide_transformer
5118	0.0	0.0	0.0				False	liver	late	nucleotide_transformer
5119	0.0	0.0	0.0				False	liver	late	nucleotide_transformer
