feature_id	cds	vitro_mean	vivo_mean	t_stat	pval	pval_bonf	significant	pair	layer	model
3465	1.8071289	173.58507	171.77794	3.2215667	0.0013017039	1.0	False	liver	early	nucleotide_transformer
2904	1.7999573	186.9195	185.11954	3.00164	0.0027361899	1.0	False	liver	early	nucleotide_transformer
1025	1.6230774	186.88121	185.25813	2.7726853	0.0056382846	1.0	False	liver	early	nucleotide_transformer
2490	1.3209534	186.08244	184.76149	2.572326	0.0102069555	1.0	False	liver	early	nucleotide_transformer
297	1.1655579	174.80449	173.63893	2.4837554	0.013117631	1.0	False	liver	early	nucleotide_transformer
3251	1.4919891	186.3016	184.80962	2.4433155	0.014686283	1.0	False	liver	early	nucleotide_transformer
3550	1.2895355	170.68349	169.39395	2.4343612	0.0150378905	1.0	False	liver	early	nucleotide_transformer
2069	-0.64631575	0.0	0.64631575	-2.2403572	0.02527646	1.0	False	liver	early	nucleotide_transformer
2016	-0.64698666	0.0	0.64698666	-2.240329	0.025278287	1.0	False	liver	early	nucleotide_transformer
2612	-0.64673597	0.0	0.64673597	-2.240329	0.025278287	1.0	False	liver	early	nucleotide_transformer
3570	-0.6467636	0.0	0.6467636	-2.2403286	0.025278306	1.0	False	liver	early	nucleotide_transformer
2892	-0.64673245	0.0	0.64673245	-2.2403283	0.025278334	1.0	False	liver	early	nucleotide_transformer
1742	-0.64674145	0.0	0.64674145	-2.2403276	0.02527838	1.0	False	liver	early	nucleotide_transformer
4588	-0.6466445	0.0	0.6466445	-2.2403271	0.025278412	1.0	False	liver	early	nucleotide_transformer
1763	-0.6466926	0.0	0.6466926	-2.240327	0.025278434	1.0	False	liver	early	nucleotide_transformer
1210	-0.6465874	0.0	0.6465874	-2.2403266	0.025278442	1.0	False	liver	early	nucleotide_transformer
774	-0.646786	0.0	0.646786	-2.2403235	0.025278643	1.0	False	liver	early	nucleotide_transformer
1041	-0.64668816	0.0	0.64668816	-2.2403216	0.025278771	1.0	False	liver	early	nucleotide_transformer
338	-0.6465166	0.0	0.6465166	-2.2403178	0.025279019	1.0	False	liver	early	nucleotide_transformer
3409	1.2334116	1.3626833	0.1292717	2.1682026	0.030498441	1.0	False	liver	early	nucleotide_transformer
1939	1.1394501	191.63402	190.49457	2.121813	0.034034554	1.0	False	liver	early	nucleotide_transformer
4969	3.707306	146.00034	142.29303	2.065344	0.039077103	1.0	False	liver	early	nucleotide_transformer
3620	4.7442856	14.980989	10.236704	2.0315223	0.04245039	1.0	False	liver	early	nucleotide_transformer
1725	0.90831	0.90831	0.0	2.0050364	0.045410108	1.0	False	liver	early	nucleotide_transformer
5075	0.9082753	0.9082753	0.0	2.0050364	0.045410108	1.0	False	liver	early	nucleotide_transformer
157	0.9080647	0.9080647	0.0	2.005034	0.045410357	1.0	False	liver	early	nucleotide_transformer
3702	-0.5172101	0.0	0.5172101	-2.002885	0.04544658	1.0	False	liver	early	nucleotide_transformer
2969	-0.5172154	0.0	0.5172154	-2.002885	0.04544658	1.0	False	liver	early	nucleotide_transformer
2085	-0.51724863	0.0	0.51724863	-2.0028849	0.045446604	1.0	False	liver	early	nucleotide_transformer
2185	-0.5171301	0.0	0.5171301	-2.0028844	0.04544663	1.0	False	liver	early	nucleotide_transformer
1386	-0.5171762	0.0	0.5171762	-2.0028844	0.04544663	1.0	False	liver	early	nucleotide_transformer
4877	-0.517158	0.0	0.517158	-2.0028841	0.045446668	1.0	False	liver	early	nucleotide_transformer
5107	-0.5171132	0.0	0.5171132	-2.0028841	0.045446668	1.0	False	liver	early	nucleotide_transformer
4145	-0.5170946	0.0	0.5170946	-2.0028837	0.04544673	1.0	False	liver	early	nucleotide_transformer
3542	-0.5170803	0.0	0.5170803	-2.0028837	0.04544673	1.0	False	liver	early	nucleotide_transformer
4836	-0.51706743	0.0	0.51706743	-2.0028837	0.04544673	1.0	False	liver	early	nucleotide_transformer
2319	-0.5170966	0.0	0.5170966	-2.0028834	0.045446757	1.0	False	liver	early	nucleotide_transformer
1573	-0.51704425	0.0	0.51704425	-2.0028832	0.045446783	1.0	False	liver	early	nucleotide_transformer
4159	-0.51701105	0.0	0.51701105	-2.0028832	0.045446783	1.0	False	liver	early	nucleotide_transformer
3846	-0.51726425	0.0	0.51726425	-2.002883	0.04544682	1.0	False	liver	early	nucleotide_transformer
2603	-0.5170194	0.0	0.5170194	-2.0028827	0.045446835	1.0	False	liver	early	nucleotide_transformer
1347	-0.51696837	0.0	0.51696837	-2.0028825	0.045446847	1.0	False	liver	early	nucleotide_transformer
3242	-0.51693577	0.0	0.51693577	-2.0028818	0.04544691	1.0	False	liver	early	nucleotide_transformer
2592	-0.51679593	0.0	0.51679593	-2.00288	0.045447107	1.0	False	liver	early	nucleotide_transformer
1923	-0.51726544	0.0	0.51726544	-2.0028775	0.04544738	1.0	False	liver	early	nucleotide_transformer
4107	-0.5174979	0.0	0.5174979	-2.002868	0.04544841	1.0	False	liver	early	nucleotide_transformer
561	-0.5174915	0.0	0.5174915	-2.0028672	0.045448493	1.0	False	liver	early	nucleotide_transformer
3396	-0.51747894	0.0	0.51747894	-2.002867	0.04544853	1.0	False	liver	early	nucleotide_transformer
3510	-0.51737744	0.0	0.51737744	-2.002867	0.04544853	1.0	False	liver	early	nucleotide_transformer
482	-0.5174905	0.0	0.5174905	-2.0028667	0.04544853	1.0	False	liver	early	nucleotide_transformer
4403	-0.5174479	0.0	0.5174479	-2.002867	0.04544853	1.0	False	liver	early	nucleotide_transformer
858	-0.51737714	0.0	0.51737714	-2.0028663	0.045448586	1.0	False	liver	early	nucleotide_transformer
2976	-0.5174932	0.0	0.5174932	-2.0028663	0.045448586	1.0	False	liver	early	nucleotide_transformer
408	-0.517357	0.0	0.517357	-2.0028646	0.045448765	1.0	False	liver	early	nucleotide_transformer
2998	-0.51729596	0.0	0.51729596	-2.0028646	0.045448765	1.0	False	liver	early	nucleotide_transformer
2816	-0.5172805	0.0	0.5172805	-2.0028644	0.045448776	1.0	False	liver	early	nucleotide_transformer
754	-0.51738375	0.0	0.51738375	-2.0028636	0.04544887	1.0	False	liver	early	nucleotide_transformer
1450	-0.5173187	0.0	0.5173187	-2.0028632	0.045448933	1.0	False	liver	early	nucleotide_transformer
3915	-0.51740485	0.0	0.51740485	-2.0028622	0.04544903	1.0	False	liver	early	nucleotide_transformer
973	-0.5176707	0.0	0.5176707	-2.0028605	0.045449216	1.0	False	liver	early	nucleotide_transformer
374	1.0065148	1.1357248	0.12921004	1.9265742	0.054451793	1.0	False	liver	early	nucleotide_transformer
1534	1.0071384	1.1364812	0.1293428	1.9264414	0.05446837	1.0	False	liver	early	nucleotide_transformer
390	1.0058409	1.1350499	0.12920904	1.9263531	0.054479383	1.0	False	liver	early	nucleotide_transformer
308	1.0061587	1.1354185	0.12925981	1.9263272	0.05448262	1.0	False	liver	early	nucleotide_transformer
2823	1.0060984	1.1353623	0.12926386	1.9262977	0.054486293	1.0	False	liver	early	nucleotide_transformer
2269	1.0057715	1.1352288	0.12945724	1.9257114	0.054559484	1.0	False	liver	early	nucleotide_transformer
3083	1.0054832	1.1349146	0.12943143	1.9256808	0.05456331	1.0	False	liver	early	nucleotide_transformer
3137	1.0059484	1.1354462	0.12949774	1.9256694	0.054564737	1.0	False	liver	early	nucleotide_transformer
1674	1.0053542	1.1347761	0.12942189	1.9256612	0.054565746	1.0	False	liver	early	nucleotide_transformer
2558	1.0056124	1.135073	0.12946053	1.9256504	0.054567106	1.0	False	liver	early	nucleotide_transformer
4010	1.0056014	1.1350696	0.12946819	1.9256276	0.054569945	1.0	False	liver	early	nucleotide_transformer
4920	1.0056949	1.1351817	0.12948674	1.9256126	0.054571845	1.0	False	liver	early	nucleotide_transformer
4064	1.0053961	1.1348501	0.129454	1.9255952	0.054574013	1.0	False	liver	early	nucleotide_transformer
3166	1.0052665	1.1347446	0.12947807	1.925492	0.054586887	1.0	False	liver	early	nucleotide_transformer
4020	1.0058889	1.135777	0.12988807	1.9246701	0.05468968	1.0	False	liver	early	nucleotide_transformer
3473	1.0057889	1.1356794	0.12989047	1.9246306	0.054694634	1.0	False	liver	early	nucleotide_transformer
3609	1.005627	1.1355056	0.12987857	1.9246069	0.054697603	1.0	False	liver	early	nucleotide_transformer
863	1.0056726	1.1356035	0.12993093	1.9244908	0.054712135	1.0	False	liver	early	nucleotide_transformer
3056	1.0057205	1.1356696	0.12994914	1.9244611	0.054715846	1.0	False	liver	early	nucleotide_transformer
2745	1.0056653	1.1356211	0.12995583	1.924426	0.054720264	1.0	False	liver	early	nucleotide_transformer
1871	1.0052125	1.1352597	0.13004726	1.9240528	0.054766983	1.0	False	liver	early	nucleotide_transformer
2233	1.0062829	1.1365112	0.13022833	1.9239451	0.054780506	1.0	False	liver	early	nucleotide_transformer
184	1.4678955	522.27454	520.80664	1.9044455	0.05702937	1.0	False	liver	early	nucleotide_transformer
3323	1.1031582	1.3616521	0.25849387	1.8924478	0.058827195	1.0	False	liver	early	nucleotide_transformer
4334	1.1018288	1.3607367	0.25890794	1.8910087	0.059018955	1.0	False	liver	early	nucleotide_transformer
2321	1.9686737	158.06491	156.09624	1.8836639	0.059819642	1.0	False	liver	early	nucleotide_transformer
1721	1.5725098	790.1353	788.5628	1.8713664	0.061482854	1.0	False	liver	early	nucleotide_transformer
4214	2.5631561	150.77692	148.21376	1.8342884	0.066831335	1.0	False	liver	early	nucleotide_transformer
185	6.628456	92.64084	86.01238	1.8331171	0.06702192	1.0	False	liver	early	nucleotide_transformer
1484	-0.9683352	0.4556498	1.423985	-1.8099906	0.070479564	1.0	False	liver	early	nucleotide_transformer
2617	-0.38774222	0.0	0.38774222	-1.7337266	0.08326041	1.0	False	liver	early	nucleotide_transformer
3494	-0.38773254	0.0	0.38773254	-1.7337178	0.08326198	1.0	False	liver	early	nucleotide_transformer
4453	-0.38775823	0.0	0.38775823	-1.7337178	0.08326198	1.0	False	liver	early	nucleotide_transformer
456	-0.38771	0.0	0.38771	-1.7337173	0.08326207	1.0	False	liver	early	nucleotide_transformer
652	-0.3877804	0.0	0.3877804	-1.733717	0.08326212	1.0	False	liver	early	nucleotide_transformer
441	-0.38831362	0.0	0.38831362	-1.7336936	0.08326627	1.0	False	liver	early	nucleotide_transformer
4119	-0.38825512	0.0	0.38825512	-1.7336934	0.08326634	1.0	False	liver	early	nucleotide_transformer
4841	-0.38811967	0.0	0.38811967	-1.7336926	0.08326649	1.0	False	liver	early	nucleotide_transformer
464	-0.38813332	0.0	0.38813332	-1.7336926	0.08326649	1.0	False	liver	early	nucleotide_transformer
2339	-0.38812703	0.0	0.38812703	-1.7336925	0.0832665	1.0	False	liver	early	nucleotide_transformer
1539	-0.38812542	0.0	0.38812542	-1.7336925	0.0832665	1.0	False	liver	early	nucleotide_transformer
2011	-0.38803098	0.0	0.38803098	-1.733692	0.08326658	1.0	False	liver	early	nucleotide_transformer
2854	-0.3880008	0.0	0.3880008	-1.7336915	0.08326666	1.0	False	liver	early	nucleotide_transformer
1180	-0.3880043	0.0	0.3880043	-1.7336916	0.08326666	1.0	False	liver	early	nucleotide_transformer
1979	-0.38795197	0.0	0.38795197	-1.7336911	0.08326671	1.0	False	liver	early	nucleotide_transformer
4251	-0.3880393	0.0	0.3880393	-1.733691	0.08326676	1.0	False	liver	early	nucleotide_transformer
5114	-0.3880625	0.0	0.3880625	-1.733691	0.08326676	1.0	False	liver	early	nucleotide_transformer
2501	-0.38795877	0.0	0.38795877	-1.7336909	0.08326677	1.0	False	liver	early	nucleotide_transformer
1954	-0.38796234	0.0	0.38796234	-1.7336909	0.08326677	1.0	False	liver	early	nucleotide_transformer
4766	-0.38788497	0.0	0.38788497	-1.7336904	0.08326688	1.0	False	liver	early	nucleotide_transformer
134	-0.38787302	0.0	0.38787302	-1.73369	0.08326693	1.0	False	liver	early	nucleotide_transformer
838	-0.38785824	0.0	0.38785824	-1.73369	0.08326693	1.0	False	liver	early	nucleotide_transformer
2804	-0.38819796	0.0	0.38819796	-1.7336818	0.083268374	1.0	False	liver	early	nucleotide_transformer
2042	-0.3880409	0.0	0.3880409	-1.7336811	0.08326849	1.0	False	liver	early	nucleotide_transformer
2259	-0.38783976	0.0	0.38783976	-1.7336808	0.083268546	1.0	False	liver	early	nucleotide_transformer
5097	1.197876	649.35065	648.1528	1.704418	0.08849675	1.0	False	liver	early	nucleotide_transformer
404	1.5188293	355.60098	354.08215	1.6591327	0.09733363	1.0	False	liver	early	nucleotide_transformer
2910	-0.6785821	0.22687773	0.9054598	-1.6559337	0.09792845	1.0	False	liver	early	nucleotide_transformer
1808	-0.67842984	0.22684225	0.90527207	-1.6558785	0.0979396	1.0	False	liver	early	nucleotide_transformer
896	0.78039104	0.9096602	0.12926918	1.654255	0.09852708	1.0	False	liver	early	nucleotide_transformer
4672	0.7792875	0.9084286	0.12914108	1.6541197	0.09855453	1.0	False	liver	early	nucleotide_transformer
1436	0.7792969	0.90846145	0.1291646	1.6540623	0.09856617	1.0	False	liver	early	nucleotide_transformer
730	0.77921456	0.90836704	0.12915246	1.6540573	0.09856719	1.0	False	liver	early	nucleotide_transformer
4582	0.7809905	0.9104406	0.12945017	1.6540533	0.098568	1.0	False	liver	early	nucleotide_transformer
328	0.7791672	0.9083155	0.12914829	1.654047	0.098569304	1.0	False	liver	early	nucleotide_transformer
4066	0.7793849	0.9085766	0.1291917	1.6540296	0.0985728	1.0	False	liver	early	nucleotide_transformer
2402	0.77921605	0.9083832	0.12916711	1.6540194	0.09857488	1.0	False	liver	early	nucleotide_transformer
886	0.7792517	0.9084315	0.12917976	1.6540018	0.098578416	1.0	False	liver	early	nucleotide_transformer
4907	0.7794328	0.9086511	0.12921833	1.6539756	0.09858376	1.0	False	liver	early	nucleotide_transformer
1388	0.7791486	0.908321	0.12917243	1.6539752	0.09858383	1.0	False	liver	early	nucleotide_transformer
1605	0.77918756	0.9083699	0.12918234	1.6539665	0.09858557	1.0	False	liver	early	nucleotide_transformer
4466	0.7793666	0.9085812	0.1292146	1.6539612	0.0985867	1.0	False	liver	early	nucleotide_transformer
3303	0.7793208	0.9085282	0.12920745	1.6539595	0.098587014	1.0	False	liver	early	nucleotide_transformer
3756	0.7793691	0.9085855	0.12921636	1.6539581	0.09858734	1.0	False	liver	early	nucleotide_transformer
3636	0.779104	0.90827733	0.12917335	1.653953	0.09858835	1.0	False	liver	early	nucleotide_transformer
3540	0.77902365	0.90818346	0.12915981	1.6539525	0.09858845	1.0	False	liver	early	nucleotide_transformer
5118	0.7790184	0.9081792	0.12916079	1.6539466	0.09858963	1.0	False	liver	early	nucleotide_transformer
2714	0.77909625	0.9082742	0.12917791	1.6539371	0.098591566	1.0	False	liver	early	nucleotide_transformer
179	0.77901334	0.90817994	0.12916659	1.6539301	0.09859299	1.0	False	liver	early	nucleotide_transformer
2954	0.7793162	0.9085383	0.12922211	1.653919	0.09859524	1.0	False	liver	early	nucleotide_transformer
1490	0.779127	0.9083176	0.12919065	1.6539177	0.09859552	1.0	False	liver	early	nucleotide_transformer
4117	0.77897656	0.90814435	0.12916781	1.6539099	0.098597065	1.0	False	liver	early	nucleotide_transformer
3695	0.7792213	0.9084381	0.12921678	1.6538905	0.09860102	1.0	False	liver	early	nucleotide_transformer
3929	0.77910244	0.90831673	0.12921427	1.6538434	0.09861059	1.0	False	liver	early	nucleotide_transformer
4431	0.7796426	0.9089817	0.12933911	1.6537479	0.09862999	1.0	False	liver	early	nucleotide_transformer
3955	0.7785313	0.90769994	0.12916864	1.6537269	0.09863426	1.0	False	liver	early	nucleotide_transformer
3719	0.7788183	0.9080931	0.12927477	1.6535568	0.098668784	1.0	False	liver	early	nucleotide_transformer
867	0.7787379	0.90806484	0.12932697	1.6533836	0.09870394	1.0	False	liver	early	nucleotide_transformer
4934	0.7790649	0.90845615	0.12939128	1.6533605	0.098708645	1.0	False	liver	early	nucleotide_transformer
4206	0.7789403	0.9084877	0.12954739	1.6528932	0.098803625	1.0	False	liver	early	nucleotide_transformer
420	0.7789813	0.9088645	0.12988316	1.6520207	0.0989811	1.0	False	liver	early	nucleotide_transformer
2726	0.7773707	0.9070068	0.12963611	1.6519728	0.098990895	1.0	False	liver	early	nucleotide_transformer
926	0.97421587	1.362707	0.38849115	1.6302273	0.103449	1.0	False	liver	early	nucleotide_transformer
4749	0.8772756	1.1356926	0.25841704	1.630214	0.10347318	1.0	False	liver	early	nucleotide_transformer
1950	0.8772943	1.1358969	0.25860262	1.6298586	0.10354826	1.0	False	liver	early	nucleotide_transformer
3996	0.8763057	1.1346865	0.25838077	1.6297114	0.10357937	1.0	False	liver	early	nucleotide_transformer
5047	0.87626815	1.1346405	0.25837234	1.6297058	0.10358049	1.0	False	liver	early	nucleotide_transformer
2077	0.8770195	1.1356516	0.25863206	1.6296372	0.10359497	1.0	False	liver	early	nucleotide_transformer
3186	0.8769333	1.1355628	0.2586295	1.6295909	0.10360478	1.0	False	liver	early	nucleotide_transformer
4394	0.8762142	1.134635	0.25842077	1.6295769	0.10360775	1.0	False	liver	early	nucleotide_transformer
2181	0.8769744	1.1356367	0.25866228	1.6295503	0.103613384	1.0	False	liver	early	nucleotide_transformer
1021	0.8772907	1.1360561	0.25876534	1.6295341	0.10361679	1.0	False	liver	early	nucleotide_transformer
617	0.8766304	1.1354394	0.258809	1.6290522	0.10371868	1.0	False	liver	early	nucleotide_transformer
4049	0.8752249	1.1341317	0.25890678	1.6280222	0.103936635	1.0	False	liver	early	nucleotide_transformer
379	0.87451404	1.1334693	0.2589553	1.6275163	0.10404386	1.0	False	liver	early	nucleotide_transformer
2481	0.8750088	1.1341116	0.25910285	1.6275048	0.104046285	1.0	False	liver	early	nucleotide_transformer
4383	0.87512535	1.1343205	0.25919515	1.6273906	0.10407048	1.0	False	liver	early	nucleotide_transformer
940	0.8742578	1.1334354	0.25917754	1.6269209	0.104170136	1.0	False	liver	early	nucleotide_transformer
106	0.87418544	1.1334189	0.2592335	1.6267663	0.104202956	1.0	False	liver	early	nucleotide_transformer
3922	2.124939	818.2874	816.1625	1.6207331	0.10526694	1.0	False	liver	early	nucleotide_transformer
5077	-0.8388452	0.45533675	1.294182	-1.6157215	0.1063466	1.0	False	liver	early	nucleotide_transformer
3031	-0.8392319	0.45559055	1.2948225	-1.6156247	0.106367506	1.0	False	liver	early	nucleotide_transformer
3330	-0.8389101	0.4554679	1.294378	-1.6155195	0.10639028	1.0	False	liver	early	nucleotide_transformer
537	5.662033	102.269356	96.60732	1.6061615	0.108489215	1.0	False	liver	early	nucleotide_transformer
4300	5.606529	93.17269	87.56616	1.5491314	0.1216031	1.0	False	liver	early	nucleotide_transformer
4750	1.0125427	166.67346	165.66092	1.5489229	0.12166728	1.0	False	liver	early	nucleotide_transformer
2461	5.328743	102.55691	97.228165	1.4841682	0.13801588	1.0	False	liver	early	nucleotide_transformer
664	1.9494476	171.46915	169.5197	1.4822475	0.13854182	1.0	False	liver	early	nucleotide_transformer
4891	5.275528	103.74758	98.47205	1.4804012	0.13901736	1.0	False	liver	early	nucleotide_transformer
4493	-0.8713212	0.68231857	1.5536398	-1.4650674	0.14309815	1.0	False	liver	early	nucleotide_transformer
4311	-0.8708535	0.6822373	1.5530908	-1.464646	0.14321315	1.0	False	liver	early	nucleotide_transformer
1400	-0.71045566	0.4537004	1.1641561	-1.414739	0.15733583	1.0	False	liver	early	nucleotide_transformer
3399	-0.7104105	0.4537423	1.1641527	-1.4145982	0.15737714	1.0	False	liver	early	nucleotide_transformer
2562	-0.7103934	0.45375347	1.1641469	-1.4145544	0.15739	1.0	False	liver	early	nucleotide_transformer
4113	-0.25881028	0.0	0.25881028	-1.4148977	0.15739526	1.0	False	liver	early	nucleotide_transformer
4565	-0.2588162	0.0	0.2588162	-1.4148976	0.1573953	1.0	False	liver	early	nucleotide_transformer
3903	-0.2587675	0.0	0.2587675	-1.4148972	0.15739541	1.0	False	liver	early	nucleotide_transformer
368	-0.2589222	0.0	0.2589222	-1.4148971	0.15739544	1.0	False	liver	early	nucleotide_transformer
1439	-0.2589035	0.0	0.2589035	-1.414897	0.15739548	1.0	False	liver	early	nucleotide_transformer
4391	-0.25892836	0.0	0.25892836	-1.4148968	0.15739551	1.0	False	liver	early	nucleotide_transformer
2533	-0.2588547	0.0	0.2588547	-1.4148966	0.15739559	1.0	False	liver	early	nucleotide_transformer
1844	-0.25868037	0.0	0.25868037	-1.4148965	0.1573956	1.0	False	liver	early	nucleotide_transformer
2508	-0.25882143	0.0	0.25882143	-1.4148965	0.1573956	1.0	False	liver	early	nucleotide_transformer
3226	-0.2589287	0.0	0.2589287	-1.4148964	0.15739566	1.0	False	liver	early	nucleotide_transformer
1233	-0.25886378	0.0	0.25886378	-1.4148962	0.15739568	1.0	False	liver	early	nucleotide_transformer
2754	-0.2589035	0.0	0.2589035	-1.4148962	0.15739568	1.0	False	liver	early	nucleotide_transformer
2037	-0.25873116	0.0	0.25873116	-1.4148962	0.15739568	1.0	False	liver	early	nucleotide_transformer
4794	-0.25859863	0.0	0.25859863	-1.4148959	0.15739578	1.0	False	liver	early	nucleotide_transformer
2502	-0.25883597	0.0	0.25883597	-1.4148959	0.15739578	1.0	False	liver	early	nucleotide_transformer
4223	-0.25901124	0.0	0.25901124	-1.4148959	0.15739578	1.0	False	liver	early	nucleotide_transformer
1481	-0.25873855	0.0	0.25873855	-1.4148959	0.15739578	1.0	False	liver	early	nucleotide_transformer
4904	-0.2589848	0.0	0.2589848	-1.4148959	0.15739578	1.0	False	liver	early	nucleotide_transformer
1156	-0.25883204	0.0	0.25883204	-1.4148958	0.15739584	1.0	False	liver	early	nucleotide_transformer
517	-0.25857294	0.0	0.25857294	-1.4148957	0.15739587	1.0	False	liver	early	nucleotide_transformer
986	-0.2587575	0.0	0.2587575	-1.4148957	0.15739587	1.0	False	liver	early	nucleotide_transformer
2060	-0.25855863	0.0	0.25855863	-1.4148955	0.1573959	1.0	False	liver	early	nucleotide_transformer
2719	-0.25854656	0.0	0.25854656	-1.4148954	0.15739593	1.0	False	liver	early	nucleotide_transformer
1711	-0.2587264	0.0	0.2587264	-1.4148953	0.15739596	1.0	False	liver	early	nucleotide_transformer
1051	-0.25878176	0.0	0.25878176	-1.4148953	0.15739596	1.0	False	liver	early	nucleotide_transformer
3000	-0.25852522	0.0	0.25852522	-1.4148953	0.15739596	1.0	False	liver	early	nucleotide_transformer
1016	-0.25877362	0.0	0.25877362	-1.4148952	0.157396	1.0	False	liver	early	nucleotide_transformer
5048	-0.25852823	0.0	0.25852823	-1.4148952	0.157396	1.0	False	liver	early	nucleotide_transformer
2497	-0.25855428	0.0	0.25855428	-1.4148952	0.157396	1.0	False	liver	early	nucleotide_transformer
581	-0.25864172	0.0	0.25864172	-1.4148952	0.157396	1.0	False	liver	early	nucleotide_transformer
646	-0.25869873	0.0	0.25869873	-1.4148952	0.157396	1.0	False	liver	early	nucleotide_transformer
2094	-0.25879988	0.0	0.25879988	-1.4148952	0.157396	1.0	False	liver	early	nucleotide_transformer
4035	-0.2585078	0.0	0.2585078	-1.4148952	0.157396	1.0	False	liver	early	nucleotide_transformer
636	-0.25851697	0.0	0.25851697	-1.4148952	0.157396	1.0	False	liver	early	nucleotide_transformer
4130	-0.25879824	0.0	0.25879824	-1.4148948	0.1573961	1.0	False	liver	early	nucleotide_transformer
4388	-0.25868526	0.0	0.25868526	-1.4148949	0.1573961	1.0	False	liver	early	nucleotide_transformer
1498	-0.25878075	0.0	0.25878075	-1.4148948	0.1573961	1.0	False	liver	early	nucleotide_transformer
876	-0.2586276	0.0	0.2586276	-1.4148949	0.1573961	1.0	False	liver	early	nucleotide_transformer
4093	-0.25848454	0.0	0.25848454	-1.4148947	0.15739615	1.0	False	liver	early	nucleotide_transformer
103	-0.25857168	0.0	0.25857168	-1.4148947	0.15739615	1.0	False	liver	early	nucleotide_transformer
3594	-0.25862667	0.0	0.25862667	-1.4148947	0.15739615	1.0	False	liver	early	nucleotide_transformer
180	-0.25855795	0.0	0.25855795	-1.4148946	0.1573962	1.0	False	liver	early	nucleotide_transformer
4077	-0.25875977	0.0	0.25875977	-1.4148945	0.1573962	1.0	False	liver	early	nucleotide_transformer
881	-0.25854105	0.0	0.25854105	-1.4148945	0.1573962	1.0	False	liver	early	nucleotide_transformer
4525	-0.25856283	0.0	0.25856283	-1.4148946	0.1573962	1.0	False	liver	early	nucleotide_transformer
3868	-0.2585345	0.0	0.2585345	-1.4148943	0.15739624	1.0	False	liver	early	nucleotide_transformer
2361	-0.25842127	0.0	0.25842127	-1.4148943	0.15739624	1.0	False	liver	early	nucleotide_transformer
3406	-0.25840506	0.0	0.25840506	-1.4148943	0.15739624	1.0	False	liver	early	nucleotide_transformer
2388	-0.25863507	0.0	0.25863507	-1.4148943	0.15739624	1.0	False	liver	early	nucleotide_transformer
854	-0.25858042	0.0	0.25858042	-1.4148942	0.15739627	1.0	False	liver	early	nucleotide_transformer
1242	-0.25854388	0.0	0.25854388	-1.4148942	0.15739627	1.0	False	liver	early	nucleotide_transformer
3907	-0.25850627	0.0	0.25850627	-1.4148941	0.15739633	1.0	False	liver	early	nucleotide_transformer
367	-0.25853267	0.0	0.25853267	-1.4148941	0.15739633	1.0	False	liver	early	nucleotide_transformer
233	-0.25867996	0.0	0.25867996	-1.4148941	0.15739633	1.0	False	liver	early	nucleotide_transformer
1188	-0.2584933	0.0	0.2584933	-1.4148941	0.15739633	1.0	False	liver	early	nucleotide_transformer
780	-0.2585589	0.0	0.2585589	-1.414894	0.15739635	1.0	False	liver	early	nucleotide_transformer
2720	-0.2584815	0.0	0.2584815	-1.414894	0.15739635	1.0	False	liver	early	nucleotide_transformer
3598	-0.25847384	0.0	0.25847384	-1.4148939	0.15739638	1.0	False	liver	early	nucleotide_transformer
1128	-0.2584705	0.0	0.2584705	-1.4148937	0.15739644	1.0	False	liver	early	nucleotide_transformer
1022	-0.25843263	0.0	0.25843263	-1.4148936	0.15739644	1.0	False	liver	early	nucleotide_transformer
1171	-0.25861183	0.0	0.25861183	-1.4148937	0.15739644	1.0	False	liver	early	nucleotide_transformer
4494	-0.25878793	0.0	0.25878793	-1.4148937	0.15739644	1.0	False	liver	early	nucleotide_transformer
1318	-0.25847313	0.0	0.25847313	-1.4148937	0.15739644	1.0	False	liver	early	nucleotide_transformer
4998	-0.2584014	0.0	0.2584014	-1.4148934	0.15739653	1.0	False	liver	early	nucleotide_transformer
1662	-0.25836468	0.0	0.25836468	-1.4148933	0.15739654	1.0	False	liver	early	nucleotide_transformer
4637	-0.2583228	0.0	0.2583228	-1.4148928	0.1573967	1.0	False	liver	early	nucleotide_transformer
4105	-0.25830972	0.0	0.25830972	-1.4148927	0.15739676	1.0	False	liver	early	nucleotide_transformer
2159	-0.25865233	0.0	0.25865233	-1.4148915	0.15739706	1.0	False	liver	early	nucleotide_transformer
1164	-0.25842625	0.0	0.25842625	-1.4148914	0.15739714	1.0	False	liver	early	nucleotide_transformer
3071	-0.25853342	0.0	0.25853342	-1.4148912	0.15739718	1.0	False	liver	early	nucleotide_transformer
1230	-0.7103406	0.4537771	1.1641177	-1.4144402	0.15742347	1.0	False	liver	early	nucleotide_transformer
814	0.4538719	0.4538719	0.0	1.4153986	0.1574731	1.0	False	liver	early	nucleotide_transformer
2356	0.45387134	0.45387134	0.0	1.4153985	0.15747312	1.0	False	liver	early	nucleotide_transformer
793	0.4535996	0.4535996	0.0	1.4153963	0.15747376	1.0	False	liver	early	nucleotide_transformer
1876	0.45357352	0.45357352	0.0	1.4153959	0.15747388	1.0	False	liver	early	nucleotide_transformer
2801	0.45348153	0.45348153	0.0	1.4153957	0.15747392	1.0	False	liver	early	nucleotide_transformer
333	0.45444763	0.45444763	0.0	1.415395	0.15747412	1.0	False	liver	early	nucleotide_transformer
621	0.45431972	0.45431972	0.0	1.4153941	0.15747441	1.0	False	liver	early	nucleotide_transformer
755	0.45425078	0.45425078	0.0	1.4153938	0.15747447	1.0	False	liver	early	nucleotide_transformer
1194	0.4542518	0.4542518	0.0	1.4153938	0.15747447	1.0	False	liver	early	nucleotide_transformer
1748	0.4542656	0.4542656	0.0	1.4153938	0.15747447	1.0	False	liver	early	nucleotide_transformer
2286	0.4542468	0.4542468	0.0	1.4153936	0.15747453	1.0	False	liver	early	nucleotide_transformer
1408	0.45419526	0.45419526	0.0	1.4153934	0.15747462	1.0	False	liver	early	nucleotide_transformer
3310	0.45418587	0.45418587	0.0	1.4153934	0.15747462	1.0	False	liver	early	nucleotide_transformer
4914	0.45418382	0.45418382	0.0	1.415393	0.15747473	1.0	False	liver	early	nucleotide_transformer
4894	0.45419195	0.45419195	0.0	1.4153931	0.15747473	1.0	False	liver	early	nucleotide_transformer
1848	0.45416445	0.45416445	0.0	1.4153931	0.15747473	1.0	False	liver	early	nucleotide_transformer
3256	0.45408973	0.45408973	0.0	1.4153928	0.1574748	1.0	False	liver	early	nucleotide_transformer
4342	0.45411482	0.45411482	0.0	1.4153926	0.15747483	1.0	False	liver	early	nucleotide_transformer
2179	0.45401275	0.45401275	0.0	1.4153925	0.15747488	1.0	False	liver	early	nucleotide_transformer
3120	0.45409948	0.45409948	0.0	1.4153925	0.15747488	1.0	False	liver	early	nucleotide_transformer
3225	0.45406064	0.45406064	0.0	1.4153922	0.15747498	1.0	False	liver	early	nucleotide_transformer
4663	0.4539974	0.4539974	0.0	1.4153918	0.15747505	1.0	False	liver	early	nucleotide_transformer
1204	0.45402735	0.45402735	0.0	1.4153919	0.15747505	1.0	False	liver	early	nucleotide_transformer
545	0.45401898	0.45401898	0.0	1.4153917	0.15747514	1.0	False	liver	early	nucleotide_transformer
1884	0.45432076	0.45432076	0.0	1.4153912	0.15747523	1.0	False	liver	early	nucleotide_transformer
3048	0.4542507	0.4542507	0.0	1.4153906	0.15747546	1.0	False	liver	early	nucleotide_transformer
3057	0.4542169	0.4542169	0.0	1.4153904	0.15747547	1.0	False	liver	early	nucleotide_transformer
3945	0.4542391	0.4542391	0.0	1.4153901	0.15747556	1.0	False	liver	early	nucleotide_transformer
908	0.45773846	0.45773846	0.0	1.4153652	0.15748286	1.0	False	liver	early	nucleotide_transformer
959	0.45771605	0.45771605	0.0	1.4153645	0.15748304	1.0	False	liver	early	nucleotide_transformer
3442	-0.7101637	0.45379996	1.1639637	-1.4141685	0.1575032	1.0	False	liver	early	nucleotide_transformer
1609	-0.7100756	0.4538313	1.1639069	-1.4139938	0.15755446	1.0	False	liver	early	nucleotide_transformer
3045	-0.7100402	0.45384935	1.1638895	-1.4139128	0.15757827	1.0	False	liver	early	nucleotide_transformer
2004	-0.7100043	0.4538842	1.1638886	-1.4137979	0.15761203	1.0	False	liver	early	nucleotide_transformer
2613	-0.71018517	0.45439613	1.1645813	-1.4130055	0.15784487	1.0	False	liver	early	nucleotide_transformer
936	-0.5494638	0.22664474	0.77610856	-1.4126986	0.15793386	1.0	False	liver	early	nucleotide_transformer
949	-0.71054184	0.4549285	1.1654704	-1.4124051	0.15802142	1.0	False	liver	early	nucleotide_transformer
1430	-0.7105256	0.4549877	1.1655133	-1.4122671	0.1580621	1.0	False	liver	early	nucleotide_transformer
800	-0.5493461	0.2268172	0.7761633	-1.4119636	0.1581501	1.0	False	liver	early	nucleotide_transformer
4728	-0.54938036	0.22687756	0.77625793	-1.4118124	0.15819463	1.0	False	liver	early	nucleotide_transformer
3602	-0.71018255	0.45509282	1.1652753	-1.4116222	0.15825196	1.0	False	liver	early	nucleotide_transformer
2859	-0.71020454	0.45523006	1.1654346	-1.4113781	0.15832382	1.0	False	liver	early	nucleotide_transformer
2138	-0.5493429	0.22699472	0.7763376	-1.4113708	0.15832469	1.0	False	liver	early	nucleotide_transformer
3899	-0.710266	0.45533478	1.1656008	-1.4112493	0.15836185	1.0	False	liver	early	nucleotide_transformer
4384	-0.7098849	0.45509017	1.164975	-1.4112486	0.15836203	1.0	False	liver	early	nucleotide_transformer
2775	-0.7103248	0.4554941	1.1658189	-1.4110105	0.15843217	1.0	False	liver	early	nucleotide_transformer
2248	-0.549045	0.2270012	0.7760462	-1.4109422	0.15845099	1.0	False	liver	early	nucleotide_transformer
3603	-0.7099534	0.455302	1.1652554	-1.4109151	0.15846035	1.0	False	liver	early	nucleotide_transformer
29	-0.5490862	0.22703671	0.7761229	-1.4108814	0.15846896	1.0	False	liver	early	nucleotide_transformer
3231	-0.54927063	0.22715208	0.77642274	-1.4107537	0.15850662	1.0	False	liver	early	nucleotide_transformer
925	-0.5489118	0.22704762	0.77595943	-1.4106054	0.15855032	1.0	False	liver	early	nucleotide_transformer
869	-0.70949423	0.45536625	1.1648605	-1.4102052	0.1586698	1.0	False	liver	early	nucleotide_transformer
5113	-0.5486257	0.22721663	0.7758423	-1.4096513	0.15883201	1.0	False	liver	early	nucleotide_transformer
4883	-0.5486084	0.22724237	0.7758508	-1.4095424	0.15886413	1.0	False	liver	early	nucleotide_transformer
4368	5.091118	92.089516	86.9984	1.3948497	0.1633097	1.0	False	liver	early	nucleotide_transformer
4421	1.9206696	152.39345	150.47278	1.381869	0.16724728	1.0	False	liver	early	nucleotide_transformer
3730	0.8424568	1.3599962	0.5175394	1.3804197	0.16781497	1.0	False	liver	early	nucleotide_transformer
2359	3.1206207	135.96931	132.8487	1.3527703	0.17636468	1.0	False	liver	early	nucleotide_transformer
2129	0.7460712	1.1342989	0.3882277	1.3492662	0.17761685	1.0	False	liver	early	nucleotide_transformer
523	0.7458238	1.1341106	0.38828677	1.348971	0.17771153	1.0	False	liver	early	nucleotide_transformer
2760	0.745873	1.1342186	0.3883456	1.3489196	0.17772804	1.0	False	liver	early	nucleotide_transformer
2263	0.74602234	1.1344538	0.38843143	1.3489087	0.17773156	1.0	False	liver	early	nucleotide_transformer
3207	0.7456616	1.1341213	0.38845965	1.3485687	0.17784065	1.0	False	liver	early	nucleotide_transformer
3856	0.7452003	1.1336765	0.38847622	1.3481671	0.17796962	1.0	False	liver	early	nucleotide_transformer
259	0.7449424	1.1336557	0.38871327	1.3475865	0.17815612	1.0	False	liver	early	nucleotide_transformer
2353	0.74472487	1.133352	0.38862717	1.3475502	0.17816783	1.0	False	liver	early	nucleotide_transformer
4538	-0.38278002	0.0	0.38278002	-1.3465333	0.17842145	1.0	False	liver	early	nucleotide_transformer
2035	0.55191267	0.68107724	0.12916459	1.3354865	0.18213437	1.0	False	liver	early	nucleotide_transformer
4764	0.552028	0.68127185	0.12924384	1.3353429	0.18218122	1.0	False	liver	early	nucleotide_transformer
3290	0.55202746	0.681276	0.12924857	1.3353293	0.18218563	1.0	False	liver	early	nucleotide_transformer
1178	0.5520473	0.6813015	0.12925418	1.3353268	0.18218653	1.0	False	liver	early	nucleotide_transformer
2436	0.55146796	0.6806933	0.12922537	1.3350275	0.18228422	1.0	False	liver	early	nucleotide_transformer
4765	0.5514199	0.6806836	0.12926371	1.3348898	0.18232927	1.0	False	liver	early	nucleotide_transformer
1383	0.5511853	0.68040925	0.12922393	1.3348455	0.18234372	1.0	False	liver	early	nucleotide_transformer
3380	0.5511232	0.68034345	0.12922026	1.3348318	0.18234822	1.0	False	liver	early	nucleotide_transformer
3416	0.5522746	0.6817637	0.12948912	1.3348223	0.18235135	1.0	False	liver	early	nucleotide_transformer
4507	0.552319	0.6818415	0.12952249	1.334762	0.18237108	1.0	False	liver	early	nucleotide_transformer
4906	0.5523899	0.68193203	0.12954213	1.334751	0.18237461	1.0	False	liver	early	nucleotide_transformer
244	0.55124193	0.68053156	0.12928964	1.3347005	0.18239118	1.0	False	liver	early	nucleotide_transformer
2209	0.5512765	0.6805877	0.1293112	1.3346634	0.1824033	1.0	False	liver	early	nucleotide_transformer
3759	0.55116785	0.6804642	0.12929636	1.3346334	0.1824131	1.0	False	liver	early	nucleotide_transformer
3478	0.5523536	0.6819428	0.12958919	1.3345965	0.1824252	1.0	False	liver	early	nucleotide_transformer
2984	0.55217206	0.68173015	0.12955806	1.3345642	0.18243574	1.0	False	liver	early	nucleotide_transformer
2410	0.55146015	0.6808772	0.12941703	1.334489	0.18246037	1.0	False	liver	early	nucleotide_transformer
1492	0.55080885	0.6802786	0.12946974	1.3339293	0.18264343	1.0	False	liver	early	nucleotide_transformer
2831	0.5525068	0.6823761	0.12986925	1.3339243	0.18264511	1.0	False	liver	early	nucleotide_transformer
3429	0.5508574	0.6803473	0.12948988	1.3339053	0.18265125	1.0	False	liver	early	nucleotide_transformer
3052	0.55234003	0.6821901	0.1298501	1.3338668	0.18266387	1.0	False	liver	early	nucleotide_transformer
2897	0.552462	0.6823558	0.12989382	1.3338253	0.18267748	1.0	False	liver	early	nucleotide_transformer
1437	0.5523033	0.68217057	0.12986726	1.3337953	0.18268724	1.0	False	liver	early	nucleotide_transformer
1925	0.55240864	0.68230426	0.12989563	1.3337861	0.18269031	1.0	False	liver	early	nucleotide_transformer
2861	0.55072534	0.68029547	0.12957011	1.3335959	0.1827526	1.0	False	liver	early	nucleotide_transformer
4120	0.5519794	0.6819351	0.12995568	1.3333324	0.18283881	1.0	False	liver	early	nucleotide_transformer
480	0.5519364	0.6819101	0.12997374	1.3332545	0.18286435	1.0	False	liver	early	nucleotide_transformer
292	0.5502874	0.67995584	0.1296684	1.3330358	0.182936	1.0	False	liver	early	nucleotide_transformer
555	0.5503052	0.6800215	0.12971634	1.3329164	0.18297513	1.0	False	liver	early	nucleotide_transformer
677	0.55035394	0.68013394	0.12978001	1.3327682	0.18302366	1.0	False	liver	early	nucleotide_transformer
2810	0.6506545	0.9090555	0.25840098	1.3311567	0.18351921	1.0	False	liver	early	nucleotide_transformer
3660	0.6493496	0.9078909	0.25854132	1.3298552	0.18394731	1.0	False	liver	early	nucleotide_transformer
4682	0.64920914	0.9077312	0.25852203	1.3297942	0.18396744	1.0	False	liver	early	nucleotide_transformer
1100	0.649824	0.90863323	0.25880924	1.3297014	0.1839979	1.0	False	liver	early	nucleotide_transformer
4825	0.6498709	0.90872866	0.25885776	1.3296428	0.18401712	1.0	False	liver	early	nucleotide_transformer
1621	0.64980936	0.9086625	0.2588531	1.3296032	0.18403018	1.0	False	liver	early	nucleotide_transformer
3397	0.6487572	0.90723914	0.25848192	1.3295152	0.18405925	1.0	False	liver	early	nucleotide_transformer
615	0.6483696	0.9070853	0.2587157	1.3287451	0.18431292	1.0	False	liver	early	nucleotide_transformer
669	0.64843684	0.90719056	0.25875372	1.3287239	0.18431982	1.0	False	liver	early	nucleotide_transformer
458	0.64834666	0.90711284	0.25876617	1.3286275	0.18435165	1.0	False	liver	early	nucleotide_transformer
1946	0.64816946	0.9070426	0.25887316	1.3282747	0.18446802	1.0	False	liver	early	nucleotide_transformer
1258	0.6479256	0.9067516	0.25882593	1.3281779	0.18449989	1.0	False	liver	early	nucleotide_transformer
1903	0.647949	0.90682095	0.25887194	1.3281016	0.18452506	1.0	False	liver	early	nucleotide_transformer
935	0.648016	0.90696824	0.2589523	1.3279953	0.18456018	1.0	False	liver	early	nucleotide_transformer
3538	0.6482777	0.90737784	0.25910014	1.3279133	0.18458726	1.0	False	liver	early	nucleotide_transformer
1202	0.64804554	0.9071228	0.25907725	1.3277739	0.18463317	1.0	False	liver	early	nucleotide_transformer
197	4.4475403	96.811966	92.364426	1.2462409	0.21290967	1.0	False	liver	early	nucleotide_transformer
4193	1.2851562	841.4878	840.20264	1.2364213	0.21649086	1.0	False	liver	early	nucleotide_transformer
4249	0.8111361	1.5877794	0.7766433	1.2004254	0.23027758	1.0	False	liver	early	nucleotide_transformer
1081	0.81080854	1.5874187	0.77661014	1.2001638	0.23037903	1.0	False	liver	early	nucleotide_transformer
2454	0.81078607	1.587438	0.7766519	1.2001053	0.23040166	1.0	False	liver	early	nucleotide_transformer
1555	0.810498	1.5869954	0.77649736	1.199997	0.23044379	1.0	False	liver	early	nucleotide_transformer
913	-0.58170056	0.45368692	1.0353875	-1.1977822	0.23117827	1.0	False	liver	early	nucleotide_transformer
425	-0.581227	0.4536211	1.0348481	-1.1972333	0.23139206	1.0	False	liver	early	nucleotide_transformer
3113	-0.58115363	0.45360574	1.0347594	-1.1971573	0.23142166	1.0	False	liver	early	nucleotide_transformer
3027	-0.58104527	0.45354417	1.0345894	-1.197115	0.23143813	1.0	False	liver	early	nucleotide_transformer
3857	-0.58120406	0.45371488	1.0349189	-1.1970323	0.23147032	1.0	False	liver	early	nucleotide_transformer
1602	-0.5811758	0.45370197	1.0348778	-1.1970156	0.23147687	1.0	False	liver	early	nucleotide_transformer
3696	-0.5810716	0.45369458	1.0347662	-1.1968818	0.231529	1.0	False	liver	early	nucleotide_transformer
1832	-0.5814828	0.454763	1.0362458	-1.195542	0.2320516	1.0	False	liver	early	nucleotide_transformer
930	-0.58118814	0.4547357	1.0359238	-1.1951756	0.23219468	1.0	False	liver	early	nucleotide_transformer
3700	-0.5808528	0.45447952	1.0353323	-1.195163	0.23219958	1.0	False	liver	early	nucleotide_transformer
2012	-0.58134615	0.45492563	1.0362718	-1.195058	0.23224059	1.0	False	liver	early	nucleotide_transformer
63	-0.58049893	0.4542725	1.0347714	-1.1950346	0.23224972	1.0	False	liver	early	nucleotide_transformer
51	-0.5812823	0.45493025	1.0362126	-1.1949596	0.23227896	1.0	False	liver	early	nucleotide_transformer
414	-0.58121014	0.45489666	1.0361068	-1.1949179	0.23229527	1.0	False	liver	early	nucleotide_transformer
4125	-0.5811628	0.45494044	1.0361032	-1.1947728	0.23235194	1.0	False	liver	early	nucleotide_transformer
2874	-0.5811975	0.45497668	1.0361742	-1.194757	0.23235817	1.0	False	liver	early	nucleotide_transformer
2718	-0.58090675	0.45482877	1.0357355	-1.1946124	0.23241478	1.0	False	liver	early	nucleotide_transformer
4647	-0.5807333	0.4547014	1.0354347	-1.1945968	0.2324208	1.0	False	liver	early	nucleotide_transformer
1915	-0.58069164	0.45505017	1.0357418	-1.1939119	0.23268855	1.0	False	liver	early	nucleotide_transformer
4112	-0.5807862	0.4551457	1.035932	-1.1938736	0.23270354	1.0	False	liver	early	nucleotide_transformer
3407	-0.5807295	0.45513463	1.0358641	-1.1938134	0.23272708	1.0	False	liver	early	nucleotide_transformer
1819	-0.5805806	0.4551064	1.035687	-1.1936525	0.23279005	1.0	False	liver	early	nucleotide_transformer
3190	-0.5802871	0.4552596	1.0355467	-1.1929646	0.23305935	1.0	False	liver	early	nucleotide_transformer
4025	-0.58050287	0.45547843	1.0359813	-1.1928769	0.23309366	1.0	False	liver	early	nucleotide_transformer
2728	1.1639404	788.97253	787.8086	1.1928173	0.23312226	1.0	False	liver	early	nucleotide_transformer
3336	-0.7735874	0.90878254	1.68237	-1.1927297	0.23315884	1.0	False	liver	early	nucleotide_transformer
3292	-0.77366006	0.908973	1.682633	-1.1926233	0.23320056	1.0	False	liver	early	nucleotide_transformer
3084	0.97332716	2.2685273	1.2952001	1.1862988	0.23578832	1.0	False	liver	early	nucleotide_transformer
5030	3.7187958	117.87643	114.15763	1.1542577	0.24861433	1.0	False	liver	early	nucleotide_transformer
1646	-0.42056215	0.22666962	0.64723176	-1.1452957	0.25225338	1.0	False	liver	early	nucleotide_transformer
3145	-0.42057407	0.22673701	0.6473111	-1.1451119	0.25232953	1.0	False	liver	early	nucleotide_transformer
2038	-0.4202724	0.22659592	0.64686835	-1.1450448	0.2523573	1.0	False	liver	early	nucleotide_transformer
2504	-0.4203599	0.2266932	0.6470531	-1.1448953	0.25241923	1.0	False	liver	early	nucleotide_transformer
2241	-0.42010087	0.22661906	0.64671993	-1.1446949	0.2525023	1.0	False	liver	early	nucleotide_transformer
4301	-0.4200248	0.22659706	0.6466219	-1.1446383	0.25252572	1.0	False	liver	early	nucleotide_transformer
3592	-0.42006272	0.2266265	0.64668924	-1.1446109	0.25253707	1.0	False	liver	early	nucleotide_transformer
1583	-0.42010206	0.22665143	0.6467535	-1.1445999	0.25254157	1.0	False	liver	early	nucleotide_transformer
1972	-0.42003003	0.2266365	0.6466665	-1.1445265	0.25257203	1.0	False	liver	early	nucleotide_transformer
1283	-0.41992742	0.22658467	0.6465121	-1.1445167	0.25257605	1.0	False	liver	early	nucleotide_transformer
1911	-0.41998714	0.22661994	0.6466071	-1.1445055	0.25258076	1.0	False	liver	early	nucleotide_transformer
1785	-0.42012656	0.22671044	0.646837	-1.1444625	0.25259852	1.0	False	liver	early	nucleotide_transformer
3503	-0.42002302	0.22667687	0.6466999	-1.1443925	0.25262752	1.0	False	liver	early	nucleotide_transformer
4670	-0.4201007	0.22672088	0.64682156	-1.1443888	0.252629	1.0	False	liver	early	nucleotide_transformer
4256	-0.42029482	0.2268613	0.6471561	-1.1442826	0.25267303	1.0	False	liver	early	nucleotide_transformer
2843	-0.41987044	0.22664614	0.64651656	-1.1442379	0.25269166	1.0	False	liver	early	nucleotide_transformer
243	-0.41995692	0.22670473	0.64666164	-1.1442028	0.25270617	1.0	False	liver	early	nucleotide_transformer
3777	-0.42006552	0.22676666	0.64683217	-1.1441927	0.25271034	1.0	False	liver	early	nucleotide_transformer
3034	-0.42004293	0.22680019	0.64684314	-1.1440547	0.25276753	1.0	False	liver	early	nucleotide_transformer
9	-0.42024612	0.22692172	0.64716786	-1.1440209	0.25278163	1.0	False	liver	early	nucleotide_transformer
3736	-0.42023876	0.22692016	0.6471589	-1.1440135	0.25278464	1.0	False	liver	early	nucleotide_transformer
2336	-0.4201747	0.22688934	0.64706403	-1.1440017	0.25278947	1.0	False	liver	early	nucleotide_transformer
2777	-0.42000717	0.22682805	0.6468352	-1.1439127	0.25282642	1.0	False	liver	early	nucleotide_transformer
4527	-0.41967317	0.22666433	0.6463375	-1.1438726	0.25284302	1.0	False	liver	early	nucleotide_transformer
3335	-0.4202746	0.22701177	0.64728636	-1.1437933	0.25287595	1.0	False	liver	early	nucleotide_transformer
1663	-0.42012358	0.2269636	0.64708716	-1.1436933	0.2529174	1.0	False	liver	early	nucleotide_transformer
5105	-0.4200071	0.22690862	0.64691573	-1.1436692	0.25292748	1.0	False	liver	early	nucleotide_transformer
4942	-0.4196493	0.22672816	0.64637744	-1.1436393	0.25293985	1.0	False	liver	early	nucleotide_transformer
369	-0.41968927	0.22679314	0.6464824	-1.1435101	0.2529934	1.0	False	liver	early	nucleotide_transformer
409	-0.41986862	0.22691521	0.6467838	-1.1434237	0.25302926	1.0	False	liver	early	nucleotide_transformer
4004	-0.41999596	0.22699554	0.6469915	-1.1433905	0.25304303	1.0	False	liver	early	nucleotide_transformer
2862	-0.4196768	0.22684851	0.6465253	-1.1433089	0.25307685	1.0	False	liver	early	nucleotide_transformer
4613	-0.41999322	0.22703154	0.64702475	-1.1432769	0.2530901	1.0	False	liver	early	nucleotide_transformer
2591	-0.41994205	0.22700873	0.6469508	-1.1432626	0.2530961	1.0	False	liver	early	nucleotide_transformer
2923	-0.41952834	0.22680596	0.6463343	-1.143207	0.2531192	1.0	False	liver	early	nucleotide_transformer
2827	0.7134354	1.3604385	0.64700305	1.1434561	0.2531443	1.0	False	liver	early	nucleotide_transformer
2727	0.71338594	1.3603673	0.64698136	1.1434318	0.25315434	1.0	False	liver	early	nucleotide_transformer
3683	-0.41946822	0.22680606	0.64627427	-1.1431084	0.25316015	1.0	False	liver	early	nucleotide_transformer
3881	-0.41990483	0.22706573	0.64697057	-1.1430297	0.25319275	1.0	False	liver	early	nucleotide_transformer
1582	-0.41977566	0.22700028	0.64677596	-1.1430156	0.25319856	1.0	False	liver	early	nucleotide_transformer
4194	-0.41976404	0.22701915	0.6467832	-1.1429398	0.25323012	1.0	False	liver	early	nucleotide_transformer
3269	-0.4194877	0.22687842	0.6463661	-1.1429235	0.25323683	1.0	False	liver	early	nucleotide_transformer
2228	-0.41960135	0.22697577	0.6465771	-1.1428043	0.25328633	1.0	False	liver	early	nucleotide_transformer
4317	-0.41962433	0.2270761	0.64670044	-1.1425396	0.25339624	1.0	False	liver	early	nucleotide_transformer
4736	-0.41936588	0.22694111	0.646307	-1.1425358	0.25339782	1.0	False	liver	early	nucleotide_transformer
3567	-0.41927323	0.2268925	0.6461657	-1.1425304	0.25340006	1.0	False	liver	early	nucleotide_transformer
4725	-0.4193004	0.22693399	0.6462344	-1.1424499	0.25343353	1.0	False	liver	early	nucleotide_transformer
790	-0.41927338	0.22692104	0.6461944	-1.1424447	0.25343564	1.0	False	liver	early	nucleotide_transformer
866	-0.41930884	0.22694606	0.6462549	-1.1424274	0.25344282	1.0	False	liver	early	nucleotide_transformer
2650	-0.41915476	0.22690994	0.6460647	-1.1422839	0.2535024	1.0	False	liver	early	nucleotide_transformer
3879	-0.41926727	0.22699866	0.6462659	-1.142201	0.25353697	1.0	False	liver	early	nucleotide_transformer
1246	-0.41943592	0.22716688	0.6466028	-1.1419556	0.25363886	1.0	False	liver	early	nucleotide_transformer
3440	-0.41938975	0.22715995	0.6465497	-1.1419026	0.25366092	1.0	False	liver	early	nucleotide_transformer
1924	-0.41944784	0.22720502	0.6466529	-1.1418604	0.25367847	1.0	False	liver	early	nucleotide_transformer
1308	-0.41938838	0.22718671	0.6465751	-1.141818	0.25369602	1.0	False	liver	early	nucleotide_transformer
2600	-0.41906995	0.22771972	0.64678967	-1.1396947	0.25457963	1.0	False	liver	early	nucleotide_transformer
1810	0.87571716	2.0420337	1.1663165	1.1239105	0.26132286	1.0	False	liver	early	nucleotide_transformer
4803	-0.83759785	1.3629658	2.2005637	-1.0927483	0.27468196	1.0	False	liver	early	nucleotide_transformer
4756	-0.8379173	1.3643265	2.2022438	-1.092203	0.2749214	1.0	False	liver	early	nucleotide_transformer
593	0.61897844	1.1358798	0.5169013	1.0892513	0.2763307	1.0	False	liver	early	nucleotide_transformer
631	0.6172311	1.1346375	0.5174064	1.0868955	0.27736956	1.0	False	liver	early	nucleotide_transformer
921	0.6174462	1.1350939	0.51764774	1.0868238	0.2774013	1.0	False	liver	early	nucleotide_transformer
923	0.6159203	1.1332808	0.51736045	1.0856414	0.27792385	1.0	False	liver	early	nucleotide_transformer
2277	0.6161559	1.1338314	0.51767546	1.085497	0.2779876	1.0	False	liver	early	nucleotide_transformer
4895	0.6160513	1.1336753	0.517624	1.085453	0.27800712	1.0	False	liver	early	nucleotide_transformer
5036	0.61587626	1.1335568	0.5176806	1.0852164	0.27811176	1.0	False	liver	early	nucleotide_transformer
373	-0.6133422	0.6813237	1.2946659	-1.0835783	0.27872014	1.0	False	liver	early	nucleotide_transformer
1730	-0.61317676	0.68136543	1.2945422	-1.0833071	0.2788404	1.0	False	liver	early	nucleotide_transformer
1996	-0.6130057	0.68159395	1.2945997	-1.0828063	0.2790627	1.0	False	liver	early	nucleotide_transformer
3914	-0.61305124	0.6816805	1.2947317	-1.0827631	0.2790819	1.0	False	liver	early	nucleotide_transformer
1842	-0.6128536	0.68203634	1.2948899	-1.0820746	0.27938756	1.0	False	liver	early	nucleotide_transformer
4859	-0.6129301	0.6821675	1.2950976	-1.0820191	0.27941224	1.0	False	liver	early	nucleotide_transformer
1276	-0.61263597	0.68196726	1.2946032	-1.0818655	0.27948043	1.0	False	liver	early	nucleotide_transformer
3326	-0.6127041	0.6821782	1.2948823	-1.0817041	0.2795522	1.0	False	liver	early	nucleotide_transformer
2797	-0.6126074	0.68222207	1.2948295	-1.081524	0.27963224	1.0	False	liver	early	nucleotide_transformer
4669	-0.6122341	0.68211114	1.2943453	-1.081162	0.27979323	1.0	False	liver	early	nucleotide_transformer
612	-0.8696146	1.590847	2.4604616	-1.0615563	0.28861246	1.0	False	liver	early	nucleotide_transformer
2722	1.7795715	150.07358	148.294	1.0568295	0.29079303	1.0	False	liver	early	nucleotide_transformer
966	0.5196403	0.9077472	0.38810685	1.0288814	0.30381367	1.0	False	liver	early	nucleotide_transformer
3741	0.51903224	0.9070718	0.38803962	1.0283258	0.30407456	1.0	False	liver	early	nucleotide_transformer
3744	0.51903987	0.9070939	0.38805398	1.0283132	0.30408052	1.0	False	liver	early	nucleotide_transformer
753	0.5191575	0.9073711	0.3882136	1.0282117	0.30412814	1.0	False	liver	early	nucleotide_transformer
3353	0.519176	0.90742296	0.38824695	1.028184	0.30414116	1.0	False	liver	early	nucleotide_transformer
2333	0.5189874	0.9072089	0.3882215	1.0280179	0.3042192	1.0	False	liver	early	nucleotide_transformer
2230	0.51896596	0.9071788	0.3882129	1.0280081	0.30422378	1.0	False	liver	early	nucleotide_transformer
1778	0.51872534	0.9067793	0.38805395	1.0279781	0.30423796	1.0	False	liver	early	nucleotide_transformer
3787	0.5189872	0.90725034	0.38826317	1.0279584	0.30424714	1.0	False	liver	early	nucleotide_transformer
4850	0.51866657	0.90680563	0.38813907	1.0277897	0.3043265	1.0	False	liver	early	nucleotide_transformer
2506	0.51861143	0.9067979	0.38818645	1.0276629	0.30438605	1.0	False	liver	early	nucleotide_transformer
626	0.5185286	0.90672266	0.3881941	1.027567	0.30443108	1.0	False	liver	early	nucleotide_transformer
4163	0.518638	0.9070503	0.3884123	1.0273691	0.30452412	1.0	False	liver	early	nucleotide_transformer
1690	0.8434969	2.2683697	1.4248728	1.0157424	0.30999076	1.0	False	liver	early	nucleotide_transformer
2082	-0.64493895	0.9087416	1.5536805	-1.0140936	0.31070077	1.0	False	liver	early	nucleotide_transformer
1921	-0.64490926	0.90872407	1.5536333	-1.0140722	0.3107109	1.0	False	liver	early	nucleotide_transformer
2451	-0.64505833	0.9089635	1.5540218	-1.0140375	0.31072745	1.0	False	liver	early	nucleotide_transformer
1	-0.64485997	0.9087804	1.5536404	-1.0139606	0.31076425	1.0	False	liver	early	nucleotide_transformer
1603	-0.64489347	0.9088325	1.553726	-1.013948	0.3107702	1.0	False	liver	early	nucleotide_transformer
2958	-0.6451754	0.9093618	1.5545372	-1.0138319	0.31082553	1.0	False	liver	early	nucleotide_transformer
1421	-0.64476466	0.9089725	1.5537372	-1.0136611	0.31090698	1.0	False	liver	early	nucleotide_transformer
3634	-0.6444962	0.90917456	1.5536708	-1.0131538	0.31114927	1.0	False	liver	early	nucleotide_transformer
2401	-0.14948396	0.0	0.14948396	-1.0000155	0.3175336	1.0	False	liver	early	nucleotide_transformer
1850	-0.28457478	0.0	0.28457478	-1.0000142	0.3175342	1.0	False	liver	early	nucleotide_transformer
362	-0.29830253	0.0	0.29830253	-1.0000138	0.31753442	1.0	False	liver	early	nucleotide_transformer
4807	-0.20062482	0.0	0.20062482	-1.0000119	0.3175353	1.0	False	liver	early	nucleotide_transformer
3666	-0.29743308	0.0	0.29743308	-1.0000116	0.3175355	1.0	False	liver	early	nucleotide_transformer
3049	-0.28298774	0.0	0.28298774	-1.0000098	0.31753635	1.0	False	liver	early	nucleotide_transformer
1928	-0.18963957	0.0	0.18963957	-1.000009	0.31753674	1.0	False	liver	early	nucleotide_transformer
2518	-0.30884248	0.0	0.30884248	-1.0000069	0.31753778	1.0	False	liver	early	nucleotide_transformer
270	-0.26738086	0.0	0.26738086	-1.0000067	0.31753787	1.0	False	liver	early	nucleotide_transformer
1820	-0.21823622	0.0	0.21823622	-1.0000063	0.31753805	1.0	False	liver	early	nucleotide_transformer
2311	-0.1476352	0.0	0.1476352	-1.0000056	0.31753835	1.0	False	liver	early	nucleotide_transformer
2471	-0.32053828	0.0	0.32053828	-1.0000046	0.3175389	1.0	False	liver	early	nucleotide_transformer
3670	-0.2804974	0.0	0.2804974	-1.0000027	0.31753978	1.0	False	liver	early	nucleotide_transformer
2000	-0.22591864	0.0	0.22591864	-1.000002	0.31754017	1.0	False	liver	early	nucleotide_transformer
1891	-0.2938639	0.0	0.2938639	-1.0000018	0.31754026	1.0	False	liver	early	nucleotide_transformer
3593	-0.15958676	0.0	0.15958676	-1.0000012	0.31754056	1.0	False	liver	early	nucleotide_transformer
3749	-0.2253508	0.0	0.2253508	-1.0000001	0.31754103	1.0	False	liver	early	nucleotide_transformer
4260	-0.30602297	0.0	0.30602297	-0.9999996	0.3175413	1.0	False	liver	early	nucleotide_transformer
5072	-0.15927698	0.0	0.15927698	-0.99999964	0.3175413	1.0	False	liver	early	nucleotide_transformer
3958	-0.14592882	0.0	0.14592882	-0.99999654	0.31754282	1.0	False	liver	early	nucleotide_transformer
3804	-0.14590463	0.0	0.14590463	-0.99999624	0.3175429	1.0	False	liver	early	nucleotide_transformer
3087	-0.14589848	0.0	0.14589848	-0.99999624	0.3175429	1.0	False	liver	early	nucleotide_transformer
447	-0.14589733	0.0	0.14589733	-0.99999624	0.3175429	1.0	False	liver	early	nucleotide_transformer
1256	-0.14589483	0.0	0.14589483	-0.99999624	0.3175429	1.0	False	liver	early	nucleotide_transformer
4236	-0.14589009	0.0	0.14589009	-0.99999624	0.3175429	1.0	False	liver	early	nucleotide_transformer
1698	-0.14591049	0.0	0.14591049	-0.9999963	0.31754294	1.0	False	liver	early	nucleotide_transformer
1967	-0.14590771	0.0	0.14590771	-0.9999963	0.31754294	1.0	False	liver	early	nucleotide_transformer
797	-0.14592046	0.0	0.14592046	-0.9999963	0.31754294	1.0	False	liver	early	nucleotide_transformer
2064	-0.14591488	0.0	0.14591488	-0.9999963	0.31754294	1.0	False	liver	early	nucleotide_transformer
3487	-0.14592367	0.0	0.14592367	-0.9999963	0.31754294	1.0	False	liver	early	nucleotide_transformer
762	-0.14591612	0.0	0.14591612	-0.9999963	0.31754294	1.0	False	liver	early	nucleotide_transformer
1167	-0.16987383	0.0	0.16987383	-0.99999386	0.31754413	1.0	False	liver	early	nucleotide_transformer
5017	-0.15754026	0.0	0.15754026	-0.9999907	0.31754562	1.0	False	liver	early	nucleotide_transformer
4104	-0.12976141	0.0	0.12976141	-0.9999907	0.31754562	1.0	False	liver	early	nucleotide_transformer
2301	-0.12972678	0.0	0.12972678	-0.9999906	0.31754568	1.0	False	liver	early	nucleotide_transformer
524	-0.12970836	0.0	0.12970836	-0.99999046	0.31754574	1.0	False	liver	early	nucleotide_transformer
3801	-0.12970169	0.0	0.12970169	-0.99999046	0.31754574	1.0	False	liver	early	nucleotide_transformer
4428	-0.12960802	0.0	0.12960802	-0.9999901	0.3175459	1.0	False	liver	early	nucleotide_transformer
3904	-0.12968889	0.0	0.12968889	-0.9999902	0.3175459	1.0	False	liver	early	nucleotide_transformer
60	-0.24701515	0.0	0.24701515	-0.9999901	0.3175459	1.0	False	liver	early	nucleotide_transformer
511	-0.12962073	0.0	0.12962073	-0.9999902	0.3175459	1.0	False	liver	early	nucleotide_transformer
2822	-0.12962829	0.0	0.12962829	-0.9999901	0.3175459	1.0	False	liver	early	nucleotide_transformer
1054	-0.12959357	0.0	0.12959357	-0.99999	0.31754598	1.0	False	liver	early	nucleotide_transformer
3815	-0.12952508	0.0	0.12952508	-0.99999	0.31754598	1.0	False	liver	early	nucleotide_transformer
3152	-0.12958016	0.0	0.12958016	-0.99999	0.31754598	1.0	False	liver	early	nucleotide_transformer
190	-0.12954071	0.0	0.12954071	-0.99999	0.31754598	1.0	False	liver	early	nucleotide_transformer
4912	-0.12953205	0.0	0.12953205	-0.99998987	0.317546	1.0	False	liver	early	nucleotide_transformer
872	-0.1295026	0.0	0.1295026	-0.99998975	0.31754607	1.0	False	liver	early	nucleotide_transformer
3212	-0.12950504	0.0	0.12950504	-0.99998975	0.31754607	1.0	False	liver	early	nucleotide_transformer
1240	-0.12951964	0.0	0.12951964	-0.99998975	0.31754607	1.0	False	liver	early	nucleotide_transformer
4693	-0.12947847	0.0	0.12947847	-0.99998975	0.31754607	1.0	False	liver	early	nucleotide_transformer
131	-0.1295075	0.0	0.1295075	-0.99998975	0.31754607	1.0	False	liver	early	nucleotide_transformer
1734	-0.1294429	0.0	0.1294429	-0.9999896	0.3175461	1.0	False	liver	early	nucleotide_transformer
2021	-0.12944984	0.0	0.12944984	-0.9999896	0.3175461	1.0	False	liver	early	nucleotide_transformer
2686	-0.12948358	0.0	0.12948358	-0.9999896	0.3175461	1.0	False	liver	early	nucleotide_transformer
2572	-0.12947401	0.0	0.12947401	-0.9999896	0.3175461	1.0	False	liver	early	nucleotide_transformer
3845	-0.12946863	0.0	0.12946863	-0.9999896	0.3175461	1.0	False	liver	early	nucleotide_transformer
4052	-0.12943529	0.0	0.12943529	-0.9999896	0.3175461	1.0	False	liver	early	nucleotide_transformer
3276	-0.12948616	0.0	0.12948616	-0.9999896	0.3175461	1.0	False	liver	early	nucleotide_transformer
289	-0.12947616	0.0	0.12947616	-0.9999896	0.3175461	1.0	False	liver	early	nucleotide_transformer
5037	-0.12945057	0.0	0.12945057	-0.9999896	0.3175461	1.0	False	liver	early	nucleotide_transformer
3485	-0.12947842	0.0	0.12947842	-0.9999896	0.3175461	1.0	False	liver	early	nucleotide_transformer
2972	-0.12942912	0.0	0.12942912	-0.9999895	0.31754616	1.0	False	liver	early	nucleotide_transformer
4707	-0.12940297	0.0	0.12940297	-0.9999895	0.31754616	1.0	False	liver	early	nucleotide_transformer
2813	-0.12940237	0.0	0.12940237	-0.9999895	0.31754616	1.0	False	liver	early	nucleotide_transformer
548	-0.12941122	0.0	0.12941122	-0.9999895	0.31754616	1.0	False	liver	early	nucleotide_transformer
2347	-0.129431	0.0	0.129431	-0.9999895	0.31754616	1.0	False	liver	early	nucleotide_transformer
2073	-0.12947594	0.0	0.12947594	-0.9999895	0.31754616	1.0	False	liver	early	nucleotide_transformer
3295	-0.12940308	0.0	0.12940308	-0.9999894	0.31754625	1.0	False	liver	early	nucleotide_transformer
1822	-0.12935641	0.0	0.12935641	-0.9999894	0.31754625	1.0	False	liver	early	nucleotide_transformer
2964	-0.12936129	0.0	0.12936129	-0.9999894	0.31754625	1.0	False	liver	early	nucleotide_transformer
3064	-0.12938775	0.0	0.12938775	-0.9999894	0.31754625	1.0	False	liver	early	nucleotide_transformer
1736	-0.1293817	0.0	0.1293817	-0.9999894	0.31754625	1.0	False	liver	early	nucleotide_transformer
3118	-0.12944078	0.0	0.12944078	-0.9999894	0.31754625	1.0	False	liver	early	nucleotide_transformer
3810	-0.12939984	0.0	0.12939984	-0.9999894	0.31754625	1.0	False	liver	early	nucleotide_transformer
2629	-0.1293853	0.0	0.1293853	-0.9999894	0.31754625	1.0	False	liver	early	nucleotide_transformer
1870	-0.12940776	0.0	0.12940776	-0.9999894	0.31754625	1.0	False	liver	early	nucleotide_transformer
1445	-0.12940107	0.0	0.12940107	-0.9999894	0.31754625	1.0	False	liver	early	nucleotide_transformer
1927	-0.12935838	0.0	0.12935838	-0.9999894	0.31754625	1.0	False	liver	early	nucleotide_transformer
2141	-0.12937708	0.0	0.12937708	-0.9999894	0.31754625	1.0	False	liver	early	nucleotide_transformer
2590	-0.12940787	0.0	0.12940787	-0.9999894	0.31754625	1.0	False	liver	early	nucleotide_transformer
4981	-0.12937027	0.0	0.12937027	-0.9999893	0.3175463	1.0	False	liver	early	nucleotide_transformer
2968	-0.12938198	0.0	0.12938198	-0.9999893	0.3175463	1.0	False	liver	early	nucleotide_transformer
1577	-0.12937497	0.0	0.12937497	-0.9999893	0.3175463	1.0	False	liver	early	nucleotide_transformer
4858	-0.12937087	0.0	0.12937087	-0.9999893	0.3175463	1.0	False	liver	early	nucleotide_transformer
3193	-0.12936056	0.0	0.12936056	-0.9999893	0.3175463	1.0	False	liver	early	nucleotide_transformer
4566	-0.1293622	0.0	0.1293622	-0.9999893	0.3175463	1.0	False	liver	early	nucleotide_transformer
2750	-0.12938686	0.0	0.12938686	-0.9999893	0.3175463	1.0	False	liver	early	nucleotide_transformer
2142	-0.12936696	0.0	0.12936696	-0.9999893	0.3175463	1.0	False	liver	early	nucleotide_transformer
685	-0.1293663	0.0	0.1293663	-0.9999893	0.3175463	1.0	False	liver	early	nucleotide_transformer
623	-0.1293811	0.0	0.1293811	-0.9999893	0.3175463	1.0	False	liver	early	nucleotide_transformer
2029	-0.12933242	0.0	0.12933242	-0.99998915	0.31754634	1.0	False	liver	early	nucleotide_transformer
3009	-0.12939483	0.0	0.12939483	-0.99998915	0.31754634	1.0	False	liver	early	nucleotide_transformer
4635	-0.129322	0.0	0.129322	-0.99998915	0.31754634	1.0	False	liver	early	nucleotide_transformer
3325	-0.12934801	0.0	0.12934801	-0.99998915	0.31754634	1.0	False	liver	early	nucleotide_transformer
4734	-0.12935154	0.0	0.12935154	-0.99998915	0.31754634	1.0	False	liver	early	nucleotide_transformer
3977	-0.12929668	0.0	0.12929668	-0.99998915	0.31754634	1.0	False	liver	early	nucleotide_transformer
4943	-0.129312	0.0	0.129312	-0.99998915	0.31754634	1.0	False	liver	early	nucleotide_transformer
3797	-0.12934111	0.0	0.12934111	-0.99998915	0.31754634	1.0	False	liver	early	nucleotide_transformer
1234	-0.1292957	0.0	0.1292957	-0.99998903	0.31754643	1.0	False	liver	early	nucleotide_transformer
1457	-0.12927482	0.0	0.12927482	-0.99998903	0.31754643	1.0	False	liver	early	nucleotide_transformer
1361	-0.12927303	0.0	0.12927303	-0.99998903	0.31754643	1.0	False	liver	early	nucleotide_transformer
2531	-0.12929258	0.0	0.12929258	-0.99998903	0.31754643	1.0	False	liver	early	nucleotide_transformer
1282	-0.12929839	0.0	0.12929839	-0.99998903	0.31754643	1.0	False	liver	early	nucleotide_transformer
2074	-0.12927578	0.0	0.12927578	-0.99998903	0.31754643	1.0	False	liver	early	nucleotide_transformer
5068	-0.12928472	0.0	0.12928472	-0.99998903	0.31754643	1.0	False	liver	early	nucleotide_transformer
3842	-0.12928562	0.0	0.12928562	-0.99998903	0.31754643	1.0	False	liver	early	nucleotide_transformer
3135	-0.12929387	0.0	0.12929387	-0.99998903	0.31754643	1.0	False	liver	early	nucleotide_transformer
1032	-0.12923694	0.0	0.12923694	-0.99998903	0.31754643	1.0	False	liver	early	nucleotide_transformer
4559	-0.1293006	0.0	0.1293006	-0.99998903	0.31754643	1.0	False	liver	early	nucleotide_transformer
1072	-0.1293198	0.0	0.1293198	-0.99998903	0.31754643	1.0	False	liver	early	nucleotide_transformer
4201	-0.12924086	0.0	0.12924086	-0.9999889	0.31754646	1.0	False	liver	early	nucleotide_transformer
4286	-0.12925746	0.0	0.12925746	-0.9999889	0.31754646	1.0	False	liver	early	nucleotide_transformer
1856	-0.12925619	0.0	0.12925619	-0.9999889	0.31754646	1.0	False	liver	early	nucleotide_transformer
4027	-0.1292596	0.0	0.1292596	-0.9999889	0.31754646	1.0	False	liver	early	nucleotide_transformer
3668	-0.1292785	0.0	0.1292785	-0.9999889	0.31754646	1.0	False	liver	early	nucleotide_transformer
1045	-0.12927645	0.0	0.12927645	-0.9999889	0.31754646	1.0	False	liver	early	nucleotide_transformer
109	-0.12927724	0.0	0.12927724	-0.9999889	0.31754646	1.0	False	liver	early	nucleotide_transformer
1485	-0.12923495	0.0	0.12923495	-0.9999889	0.31754646	1.0	False	liver	early	nucleotide_transformer
4710	-0.12924142	0.0	0.12924142	-0.9999889	0.31754646	1.0	False	liver	early	nucleotide_transformer
3433	-0.12929513	0.0	0.12929513	-0.9999889	0.31754646	1.0	False	liver	early	nucleotide_transformer
4135	-0.12929462	0.0	0.12929462	-0.9999889	0.31754646	1.0	False	liver	early	nucleotide_transformer
844	-0.12922148	0.0	0.12922148	-0.9999889	0.31754646	1.0	False	liver	early	nucleotide_transformer
1348	-0.12925556	0.0	0.12925556	-0.9999889	0.31754646	1.0	False	liver	early	nucleotide_transformer
1518	-0.12923896	0.0	0.12923896	-0.9999889	0.31754646	1.0	False	liver	early	nucleotide_transformer
3421	-0.12923455	0.0	0.12923455	-0.9999889	0.31754646	1.0	False	liver	early	nucleotide_transformer
3126	-0.12926327	0.0	0.12926327	-0.9999889	0.31754646	1.0	False	liver	early	nucleotide_transformer
2284	-0.12921913	0.0	0.12921913	-0.9999888	0.31754658	1.0	False	liver	early	nucleotide_transformer
4081	-0.12917885	0.0	0.12917885	-0.9999887	0.31754658	1.0	False	liver	early	nucleotide_transformer
598	-0.12917906	0.0	0.12917906	-0.9999887	0.31754658	1.0	False	liver	early	nucleotide_transformer
1626	-0.12917554	0.0	0.12917554	-0.9999887	0.31754658	1.0	False	liver	early	nucleotide_transformer
3199	-0.12923017	0.0	0.12923017	-0.9999888	0.31754658	1.0	False	liver	early	nucleotide_transformer
3674	-0.1291893	0.0	0.1291893	-0.9999887	0.31754658	1.0	False	liver	early	nucleotide_transformer
1718	-0.12923989	0.0	0.12923989	-0.9999888	0.31754658	1.0	False	liver	early	nucleotide_transformer
5021	-0.12919149	0.0	0.12919149	-0.9999887	0.31754658	1.0	False	liver	early	nucleotide_transformer
3373	-0.12916887	0.0	0.12916887	-0.9999887	0.31754658	1.0	False	liver	early	nucleotide_transformer
3177	-0.12920654	0.0	0.12920654	-0.9999888	0.31754658	1.0	False	liver	early	nucleotide_transformer
4828	-0.12920885	0.0	0.12920885	-0.9999887	0.31754658	1.0	False	liver	early	nucleotide_transformer
1554	-0.12921903	0.0	0.12921903	-0.9999887	0.31754658	1.0	False	liver	early	nucleotide_transformer
3158	-0.12918164	0.0	0.12918164	-0.9999887	0.31754658	1.0	False	liver	early	nucleotide_transformer
158	-0.1291891	0.0	0.1291891	-0.9999887	0.31754658	1.0	False	liver	early	nucleotide_transformer
1784	-0.23874073	0.0	0.23874073	-0.9999886	0.31754658	1.0	False	liver	early	nucleotide_transformer
3824	-0.12920651	0.0	0.12920651	-0.9999888	0.31754658	1.0	False	liver	early	nucleotide_transformer
4136	-0.12922451	0.0	0.12922451	-0.9999888	0.31754658	1.0	False	liver	early	nucleotide_transformer
3965	-0.12921631	0.0	0.12921631	-0.9999888	0.31754658	1.0	False	liver	early	nucleotide_transformer
4711	-0.12919462	0.0	0.12919462	-0.9999888	0.31754658	1.0	False	liver	early	nucleotide_transformer
4299	-0.12919796	0.0	0.12919796	-0.9999887	0.31754658	1.0	False	liver	early	nucleotide_transformer
4462	-0.12919268	0.0	0.12919268	-0.9999887	0.31754658	1.0	False	liver	early	nucleotide_transformer
2731	-0.12924726	0.0	0.12924726	-0.9999888	0.31754658	1.0	False	liver	early	nucleotide_transformer
3445	-0.12926224	0.0	0.12926224	-0.9999888	0.31754658	1.0	False	liver	early	nucleotide_transformer
958	-0.12919456	0.0	0.12919456	-0.9999887	0.31754658	1.0	False	liver	early	nucleotide_transformer
3075	-0.12920472	0.0	0.12920472	-0.9999887	0.31754658	1.0	False	liver	early	nucleotide_transformer
274	-0.12917762	0.0	0.12917762	-0.9999887	0.31754658	1.0	False	liver	early	nucleotide_transformer
515	-0.12919523	0.0	0.12919523	-0.9999888	0.31754658	1.0	False	liver	early	nucleotide_transformer
3530	-0.12918116	0.0	0.12918116	-0.9999887	0.31754658	1.0	False	liver	early	nucleotide_transformer
2264	-0.12925832	0.0	0.12925832	-0.9999888	0.31754658	1.0	False	liver	early	nucleotide_transformer
1376	-0.12920493	0.0	0.12920493	-0.9999888	0.31754658	1.0	False	liver	early	nucleotide_transformer
127	-0.1291657	0.0	0.1291657	-0.99998856	0.31754664	1.0	False	liver	early	nucleotide_transformer
4983	-0.12916678	0.0	0.12916678	-0.99998856	0.31754664	1.0	False	liver	early	nucleotide_transformer
4580	-0.12914912	0.0	0.12914912	-0.99998856	0.31754664	1.0	False	liver	early	nucleotide_transformer
1118	-0.12919591	0.0	0.12919591	-0.99998856	0.31754664	1.0	False	liver	early	nucleotide_transformer
3820	-0.12918884	0.0	0.12918884	-0.99998856	0.31754664	1.0	False	liver	early	nucleotide_transformer
4997	-0.12914917	0.0	0.12914917	-0.99998856	0.31754664	1.0	False	liver	early	nucleotide_transformer
4471	-0.12916638	0.0	0.12916638	-0.99998856	0.31754664	1.0	False	liver	early	nucleotide_transformer
834	-0.1291697	0.0	0.1291697	-0.99998856	0.31754664	1.0	False	liver	early	nucleotide_transformer
1787	-0.12914538	0.0	0.12914538	-0.99998856	0.31754664	1.0	False	liver	early	nucleotide_transformer
171	-0.12917775	0.0	0.12917775	-0.99998856	0.31754664	1.0	False	liver	early	nucleotide_transformer
710	-0.12914701	0.0	0.12914701	-0.99998856	0.31754664	1.0	False	liver	early	nucleotide_transformer
438	-0.12915161	0.0	0.12915161	-0.99998856	0.31754664	1.0	False	liver	early	nucleotide_transformer
3110	-0.12916026	0.0	0.12916026	-0.99998856	0.31754664	1.0	False	liver	early	nucleotide_transformer
605	-0.12917553	0.0	0.12917553	-0.99998856	0.31754664	1.0	False	liver	early	nucleotide_transformer
3555	-0.12917009	0.0	0.12917009	-0.99998844	0.31754673	1.0	False	liver	early	nucleotide_transformer
1998	-0.12915432	0.0	0.12915432	-0.99998844	0.31754673	1.0	False	liver	early	nucleotide_transformer
3792	-0.12914796	0.0	0.12914796	-0.99998844	0.31754673	1.0	False	liver	early	nucleotide_transformer
1947	-0.12914795	0.0	0.12914795	-0.99998844	0.31754673	1.0	False	liver	early	nucleotide_transformer
2462	-0.24633853	0.0	0.24633853	-0.9999879	0.31754696	1.0	False	liver	early	nucleotide_transformer
11	-0.275005	0.0	0.275005	-0.99998665	0.3175476	1.0	False	liver	early	nucleotide_transformer
4960	-0.31351146	0.0	0.31351146	-0.9999865	0.31754765	1.0	False	liver	early	nucleotide_transformer
3358	-0.31335083	0.0	0.31335083	-0.9999861	0.31754783	1.0	False	liver	early	nucleotide_transformer
4246	-0.12946959	0.0	0.12946959	-0.99998593	0.31754786	1.0	False	liver	early	nucleotide_transformer
19	-0.12940693	0.0	0.12940693	-0.9999857	0.317548	1.0	False	liver	early	nucleotide_transformer
2422	-0.12918957	0.0	0.12918957	-0.99998283	0.31754944	1.0	False	liver	early	nucleotide_transformer
4098	-0.24487981	0.0	0.24487981	-0.99998283	0.31754944	1.0	False	liver	early	nucleotide_transformer
4568	-0.12915851	0.0	0.12915851	-0.9999827	0.31754953	1.0	False	liver	early	nucleotide_transformer
3201	-0.12931833	0.0	0.12931833	-0.9999825	0.3175496	1.0	False	liver	early	nucleotide_transformer
1790	-0.12928781	0.0	0.12928781	-0.99998236	0.31754965	1.0	False	liver	early	nucleotide_transformer
3520	-0.12926891	0.0	0.12926891	-0.99998224	0.31754968	1.0	False	liver	early	nucleotide_transformer
3585	-0.1292916	0.0	0.1292916	-0.99998224	0.31754968	1.0	False	liver	early	nucleotide_transformer
2002	-0.12929927	0.0	0.12929927	-0.99998224	0.31754968	1.0	False	liver	early	nucleotide_transformer
135	-0.12928528	0.0	0.12928528	-0.99998224	0.31754968	1.0	False	liver	early	nucleotide_transformer
3030	-0.12927818	0.0	0.12927818	-0.9999821	0.31754977	1.0	False	liver	early	nucleotide_transformer
2936	-0.12926273	0.0	0.12926273	-0.9999821	0.31754977	1.0	False	liver	early	nucleotide_transformer
1103	-0.12923002	0.0	0.12923002	-0.999982	0.31754982	1.0	False	liver	early	nucleotide_transformer
305	-0.12920049	0.0	0.12920049	-0.999982	0.31754982	1.0	False	liver	early	nucleotide_transformer
1904	-0.12919454	0.0	0.12919454	-0.9999819	0.31754988	1.0	False	liver	early	nucleotide_transformer
2043	-0.12916183	0.0	0.12916183	-0.9999819	0.31754988	1.0	False	liver	early	nucleotide_transformer
2651	-0.12916222	0.0	0.12916222	-0.99998164	0.31755	1.0	False	liver	early	nucleotide_transformer
1886	-0.12916371	0.0	0.12916371	-0.99998164	0.31755	1.0	False	liver	early	nucleotide_transformer
4523	-0.12917057	0.0	0.12917057	-0.99998164	0.31755	1.0	False	liver	early	nucleotide_transformer
536	-0.12916742	0.0	0.12916742	-0.99998164	0.31755	1.0	False	liver	early	nucleotide_transformer
4870	-0.12950753	0.0	0.12950753	-0.99998057	0.3175505	1.0	False	liver	early	nucleotide_transformer
2013	-0.12943621	0.0	0.12943621	-0.9999802	0.3175507	1.0	False	liver	early	nucleotide_transformer
4845	-0.12939286	0.0	0.12939286	-0.99997985	0.31755084	1.0	False	liver	early	nucleotide_transformer
4945	-0.12936312	0.0	0.12936312	-0.99997973	0.3175509	1.0	False	liver	early	nucleotide_transformer
454	-0.12936217	0.0	0.12936217	-0.9999796	0.31755096	1.0	False	liver	early	nucleotide_transformer
3365	-0.1292325	0.0	0.1292325	-0.9999788	0.31755134	1.0	False	liver	early	nucleotide_transformer
3893	-0.12918583	0.0	0.12918583	-0.99997854	0.3175515	1.0	False	liver	early	nucleotide_transformer
463	-0.129155	0.0	0.129155	-0.9999783	0.3175516	1.0	False	liver	early	nucleotide_transformer
2705	-0.12915869	0.0	0.12915869	-0.9999783	0.3175516	1.0	False	liver	early	nucleotide_transformer
3937	-0.12916674	0.0	0.12916674	-0.9999783	0.3175516	1.0	False	liver	early	nucleotide_transformer
1393	0.22680679	0.22680679	0.0	1.0000072	0.31771216	1.0	False	liver	early	nucleotide_transformer
1765	0.22676903	0.22676903	0.0	1.000007	0.31771222	1.0	False	liver	early	nucleotide_transformer
2926	0.22675425	0.22675425	0.0	1.0000069	0.31771225	1.0	False	liver	early	nucleotide_transformer
3768	0.22676638	0.22676638	0.0	1.0000069	0.31771225	1.0	False	liver	early	nucleotide_transformer
543	0.22672805	0.22672805	0.0	1.0000068	0.31771237	1.0	False	liver	early	nucleotide_transformer
519	0.22676732	0.22676732	0.0	1.0000068	0.31771237	1.0	False	liver	early	nucleotide_transformer
3410	0.22670394	0.22670394	0.0	1.0000067	0.31771237	1.0	False	liver	early	nucleotide_transformer
2183	0.22659333	0.22659333	0.0	1.0000067	0.31771237	1.0	False	liver	early	nucleotide_transformer
4519	0.22674923	0.22674923	0.0	1.0000068	0.31771237	1.0	False	liver	early	nucleotide_transformer
105	0.2267239	0.2267239	0.0	1.0000068	0.31771237	1.0	False	liver	early	nucleotide_transformer
2473	0.22661573	0.22661573	0.0	1.0000066	0.31771246	1.0	False	liver	early	nucleotide_transformer
4747	0.22668916	0.22668916	0.0	1.0000066	0.31771246	1.0	False	liver	early	nucleotide_transformer
2140	0.22668722	0.22668722	0.0	1.0000066	0.31771246	1.0	False	liver	early	nucleotide_transformer
501	0.22669153	0.22669153	0.0	1.0000064	0.3177125	1.0	False	liver	early	nucleotide_transformer
1475	0.22667283	0.22667283	0.0	1.0000064	0.3177125	1.0	False	liver	early	nucleotide_transformer
205	0.22665846	0.22665846	0.0	1.0000063	0.31771255	1.0	False	liver	early	nucleotide_transformer
4773	0.22664262	0.22664262	0.0	1.0000063	0.31771255	1.0	False	liver	early	nucleotide_transformer
4345	0.22662124	0.22662124	0.0	1.0000063	0.31771255	1.0	False	liver	early	nucleotide_transformer
192	0.2273322	0.2273322	0.0	1.0000051	0.31771308	1.0	False	liver	early	nucleotide_transformer
2974	0.22722904	0.22722904	0.0	1.000005	0.3177132	1.0	False	liver	early	nucleotide_transformer
113	0.22725247	0.22725247	0.0	1.000005	0.3177132	1.0	False	liver	early	nucleotide_transformer
1317	0.22727612	0.22727612	0.0	1.000005	0.3177132	1.0	False	liver	early	nucleotide_transformer
3160	0.22720051	0.22720051	0.0	1.0000049	0.31771326	1.0	False	liver	early	nucleotide_transformer
625	0.22724055	0.22724055	0.0	1.0000049	0.31771326	1.0	False	liver	early	nucleotide_transformer
2131	0.22717421	0.22717421	0.0	1.0000048	0.31771332	1.0	False	liver	early	nucleotide_transformer
859	0.2271715	0.2271715	0.0	1.0000048	0.31771332	1.0	False	liver	early	nucleotide_transformer
641	0.22717042	0.22717042	0.0	1.0000048	0.31771332	1.0	False	liver	early	nucleotide_transformer
1214	0.22708908	0.22708908	0.0	1.0000046	0.31771335	1.0	False	liver	early	nucleotide_transformer
4677	0.22712757	0.22712757	0.0	1.0000046	0.31771335	1.0	False	liver	early	nucleotide_transformer
3036	0.22706564	0.22706564	0.0	1.0000045	0.31771347	1.0	False	liver	early	nucleotide_transformer
3354	0.22706068	0.22706068	0.0	1.0000044	0.31771353	1.0	False	liver	early	nucleotide_transformer
4755	0.2270258	0.2270258	0.0	1.0000044	0.31771353	1.0	False	liver	early	nucleotide_transformer
2852	0.22698607	0.22698607	0.0	1.0000043	0.31771356	1.0	False	liver	early	nucleotide_transformer
3446	0.22698778	0.22698778	0.0	1.0000043	0.31771356	1.0	False	liver	early	nucleotide_transformer
4947	0.22695793	0.22695793	0.0	1.0000043	0.31771356	1.0	False	liver	early	nucleotide_transformer
4082	0.22697058	0.22697058	0.0	1.0000043	0.31771356	1.0	False	liver	early	nucleotide_transformer
2240	0.22693516	0.22693516	0.0	1.000004	0.31771362	1.0	False	liver	early	nucleotide_transformer
3161	0.22680277	0.22680277	0.0	1.0000039	0.31771368	1.0	False	liver	early	nucleotide_transformer
309	0.22680596	0.22680596	0.0	1.0000039	0.31771368	1.0	False	liver	early	nucleotide_transformer
1959	0.22679886	0.22679886	0.0	1.0000038	0.3177138	1.0	False	liver	early	nucleotide_transformer
4529	0.2271576	0.2271576	0.0	1.0000037	0.31771383	1.0	False	liver	early	nucleotide_transformer
1952	0.22676845	0.22676845	0.0	1.0000037	0.31771383	1.0	False	liver	early	nucleotide_transformer
1047	0.22707836	0.22707836	0.0	1.0000037	0.31771383	1.0	False	liver	early	nucleotide_transformer
3246	0.22704974	0.22704974	0.0	1.0000036	0.31771392	1.0	False	liver	early	nucleotide_transformer
1409	0.227064	0.227064	0.0	1.0000036	0.31771392	1.0	False	liver	early	nucleotide_transformer
2615	0.22671828	0.22671828	0.0	1.0000036	0.31771392	1.0	False	liver	early	nucleotide_transformer
1846	0.22669575	0.22669575	0.0	1.0000036	0.31771392	1.0	False	liver	early	nucleotide_transformer
2949	0.22670287	0.22670287	0.0	1.0000036	0.31771392	1.0	False	liver	early	nucleotide_transformer
2930	0.22704372	0.22704372	0.0	1.0000036	0.31771392	1.0	False	liver	early	nucleotide_transformer
4188	0.22699942	0.22699942	0.0	1.0000036	0.31771392	1.0	False	liver	early	nucleotide_transformer
2794	0.2266009	0.2266009	0.0	1.0000033	0.31771398	1.0	False	liver	early	nucleotide_transformer
1618	0.22699387	0.22699387	0.0	1.0000033	0.31771398	1.0	False	liver	early	nucleotide_transformer
2711	0.22697066	0.22697066	0.0	1.0000035	0.31771398	1.0	False	liver	early	nucleotide_transformer
343	0.22666591	0.22666591	0.0	1.0000035	0.31771398	1.0	False	liver	early	nucleotide_transformer
3827	0.22697525	0.22697525	0.0	1.0000033	0.31771398	1.0	False	liver	early	nucleotide_transformer
4230	0.22691514	0.22691514	0.0	1.0000033	0.31771398	1.0	False	liver	early	nucleotide_transformer
4041	0.22705576	0.22705576	0.0	1.0000035	0.31771398	1.0	False	liver	early	nucleotide_transformer
5070	0.22669002	0.22669002	0.0	1.0000035	0.31771398	1.0	False	liver	early	nucleotide_transformer
4908	0.22658488	0.22658488	0.0	1.0000032	0.31771407	1.0	False	liver	early	nucleotide_transformer
4479	0.22681957	0.22681957	0.0	1.0000031	0.31771412	1.0	False	liver	early	nucleotide_transformer
202	0.22685221	0.22685221	0.0	1.0000031	0.31771412	1.0	False	liver	early	nucleotide_transformer
4216	0.22688702	0.22688702	0.0	1.0000031	0.31771412	1.0	False	liver	early	nucleotide_transformer
4837	0.2268306	0.2268306	0.0	1.0000031	0.31771412	1.0	False	liver	early	nucleotide_transformer
4730	0.22679682	0.22679682	0.0	1.000003	0.31771418	1.0	False	liver	early	nucleotide_transformer
2275	0.22673973	0.22673973	0.0	1.000003	0.31771418	1.0	False	liver	early	nucleotide_transformer
2548	0.22679712	0.22679712	0.0	1.000003	0.31771418	1.0	False	liver	early	nucleotide_transformer
2594	0.2267427	0.2267427	0.0	1.000003	0.31771418	1.0	False	liver	early	nucleotide_transformer
1517	0.22675326	0.22675326	0.0	1.000003	0.31771418	1.0	False	liver	early	nucleotide_transformer
562	0.22680496	0.22680496	0.0	1.000003	0.31771418	1.0	False	liver	early	nucleotide_transformer
281	0.2268223	0.2268223	0.0	1.000003	0.31771418	1.0	False	liver	early	nucleotide_transformer
4646	0.2267696	0.2267696	0.0	1.000003	0.31771418	1.0	False	liver	early	nucleotide_transformer
1802	0.22672305	0.22672305	0.0	1.0000029	0.3177142	1.0	False	liver	early	nucleotide_transformer
4876	0.22674872	0.22674872	0.0	1.0000029	0.3177142	1.0	False	liver	early	nucleotide_transformer
483	0.22669514	0.22669514	0.0	1.0000029	0.3177142	1.0	False	liver	early	nucleotide_transformer
1467	0.22670394	0.22670394	0.0	1.0000029	0.3177142	1.0	False	liver	early	nucleotide_transformer
1326	0.22671509	0.22671509	0.0	1.0000029	0.3177142	1.0	False	liver	early	nucleotide_transformer
1688	0.22669253	0.22669253	0.0	1.0000029	0.3177142	1.0	False	liver	early	nucleotide_transformer
3079	0.22671664	0.22671664	0.0	1.0000029	0.3177142	1.0	False	liver	early	nucleotide_transformer
4000	0.22668904	0.22668904	0.0	1.0000029	0.3177142	1.0	False	liver	early	nucleotide_transformer
4688	0.22665553	0.22665553	0.0	1.0000027	0.31771427	1.0	False	liver	early	nucleotide_transformer
5056	0.22666258	0.22666258	0.0	1.0000027	0.31771427	1.0	False	liver	early	nucleotide_transformer
3264	0.22666208	0.22666208	0.0	1.0000027	0.31771427	1.0	False	liver	early	nucleotide_transformer
3812	0.22668582	0.22668582	0.0	1.0000027	0.31771427	1.0	False	liver	early	nucleotide_transformer
3676	0.22667207	0.22667207	0.0	1.0000027	0.31771427	1.0	False	liver	early	nucleotide_transformer
3966	0.22670305	0.22670305	0.0	1.0000027	0.31771427	1.0	False	liver	early	nucleotide_transformer
5033	0.22663882	0.22663882	0.0	1.0000027	0.31771427	1.0	False	liver	early	nucleotide_transformer
1511	0.22668707	0.22668707	0.0	1.0000027	0.31771427	1.0	False	liver	early	nucleotide_transformer
2588	0.22662379	0.22662379	0.0	1.0000026	0.31771436	1.0	False	liver	early	nucleotide_transformer
170	0.22662655	0.22662655	0.0	1.0000026	0.31771436	1.0	False	liver	early	nucleotide_transformer
3575	0.22662118	0.22662118	0.0	1.0000026	0.31771436	1.0	False	liver	early	nucleotide_transformer
934	0.2266384	0.2266384	0.0	1.0000026	0.31771436	1.0	False	liver	early	nucleotide_transformer
2146	0.22658138	0.22658138	0.0	1.0000026	0.31771436	1.0	False	liver	early	nucleotide_transformer
3918	0.22658525	0.22658525	0.0	1.0000025	0.31771442	1.0	False	liver	early	nucleotide_transformer
30	0.22719996	0.22719996	0.0	1.0000017	0.31771484	1.0	False	liver	early	nucleotide_transformer
5086	0.22721533	0.22721533	0.0	1.0000017	0.31771484	1.0	False	liver	early	nucleotide_transformer
1957	0.22719416	0.22719416	0.0	1.0000015	0.31771487	1.0	False	liver	early	nucleotide_transformer
1551	0.22706474	0.22706474	0.0	1.0000015	0.31771487	1.0	False	liver	early	nucleotide_transformer
4139	0.22694021	0.22694021	0.0	1.0000014	0.31771493	1.0	False	liver	early	nucleotide_transformer
4240	0.22702041	0.22702041	0.0	1.0000014	0.31771493	1.0	False	liver	early	nucleotide_transformer
148	0.22701037	0.22701037	0.0	1.0000014	0.31771493	1.0	False	liver	early	nucleotide_transformer
460	0.22716229	0.22716229	0.0	1.0000014	0.31771493	1.0	False	liver	early	nucleotide_transformer
4324	0.22698975	0.22698975	0.0	1.0000014	0.31771493	1.0	False	liver	early	nucleotide_transformer
1040	0.22692478	0.22692478	0.0	1.0000014	0.31771493	1.0	False	liver	early	nucleotide_transformer
3355	0.22693884	0.22693884	0.0	1.0000014	0.31771493	1.0	False	liver	early	nucleotide_transformer
4888	0.22675768	0.22675768	0.0	1.0000012	0.31771505	1.0	False	liver	early	nucleotide_transformer
758	0.22688827	0.22688827	0.0	1.0000012	0.31771505	1.0	False	liver	early	nucleotide_transformer
239	0.22675265	0.22675265	0.0	1.0000012	0.31771505	1.0	False	liver	early	nucleotide_transformer
3565	0.22679232	0.22679232	0.0	1.0000012	0.31771505	1.0	False	liver	early	nucleotide_transformer
1087	0.22685601	0.22685601	0.0	1.0000012	0.31771505	1.0	False	liver	early	nucleotide_transformer
3753	0.22682516	0.22682516	0.0	1.0000012	0.31771505	1.0	False	liver	early	nucleotide_transformer
3896	0.22684193	0.22684193	0.0	1.0000012	0.31771505	1.0	False	liver	early	nucleotide_transformer
681	0.22677661	0.22677661	0.0	1.0000012	0.31771505	1.0	False	liver	early	nucleotide_transformer
1531	0.22682187	0.22682187	0.0	1.0000012	0.31771505	1.0	False	liver	early	nucleotide_transformer
314	0.2268051	0.2268051	0.0	1.0000012	0.31771505	1.0	False	liver	early	nucleotide_transformer
924	0.22685897	0.22685897	0.0	1.0000012	0.31771505	1.0	False	liver	early	nucleotide_transformer
1360	0.22659244	0.22659244	0.0	1.0000011	0.31771508	1.0	False	liver	early	nucleotide_transformer
2869	0.22665012	0.22665012	0.0	1.0000011	0.31771508	1.0	False	liver	early	nucleotide_transformer
2668	0.90967846	2.722411	1.8127325	0.9936947	0.32059982	1.0	False	liver	early	nucleotide_transformer
154	0.9099982	2.723541	1.8135428	0.9936214	0.32063547	1.0	False	liver	early	nucleotide_transformer
3287	0.9100585	2.7237263	1.8136678	0.99361384	0.3206392	1.0	False	liver	early	nucleotide_transformer
2063	0.90992963	2.723388	1.8134583	0.9935991	0.32064635	1.0	False	liver	early	nucleotide_transformer
1488	0.68192613	1.5876921	0.905766	0.9915071	0.3216801	1.0	False	liver	early	nucleotide_transformer
786	0.4250325	0.68353766	0.25850517	0.97869265	0.32800722	1.0	False	liver	early	nucleotide_transformer
1182	0.42488393	0.6833296	0.25844565	0.9786343	0.32803604	1.0	False	liver	early	nucleotide_transformer
3234	0.42489198	0.6833505	0.25845852	0.9786198	0.32804322	1.0	False	liver	early	nucleotide_transformer
3362	0.42484698	0.6832926	0.25844565	0.9785926	0.32805642	1.0	False	liver	early	nucleotide_transformer
931	0.42476666	0.6831826	0.25841594	0.97856873	0.32806832	1.0	False	liver	early	nucleotide_transformer
4250	0.42316392	0.6816898	0.25852588	0.97655886	0.32906184	1.0	False	liver	early	nucleotide_transformer
1294	0.42334035	0.68206483	0.25872448	0.97639227	0.32914418	1.0	False	liver	early	nucleotide_transformer
4281	0.42333683	0.6820798	0.25874296	0.9763541	0.329163	1.0	False	liver	early	nucleotide_transformer
3829	0.42326906	0.68198705	0.25871798	0.97632337	0.32917845	1.0	False	liver	early	nucleotide_transformer
577	0.4231717	0.6818453	0.2586736	0.97629476	0.32919255	1.0	False	liver	early	nucleotide_transformer
3661	0.423381	0.68222106	0.25884005	0.97622526	0.329227	1.0	False	liver	early	nucleotide_transformer
1993	0.42325652	0.68203264	0.25877613	0.9762014	0.3292388	1.0	False	liver	early	nucleotide_transformer
1709	0.42319852	0.6819503	0.25875175	0.97618055	0.3292489	1.0	False	liver	early	nucleotide_transformer
4359	0.42320493	0.6819673	0.2587624	0.9761686	0.32925478	1.0	False	liver	early	nucleotide_transformer
4419	0.42321047	0.68198466	0.2587742	0.97615284	0.3292626	1.0	False	liver	early	nucleotide_transformer
566	0.4230162	0.6816787	0.25866252	0.97613895	0.32926956	1.0	False	liver	early	nucleotide_transformer
1678	0.42252225	0.6808928	0.25837058	0.97611773	0.32928002	1.0	False	liver	early	nucleotide_transformer
2363	0.4231011	0.6819125	0.25881138	0.9759603	0.32935804	1.0	False	liver	early	nucleotide_transformer
1786	0.42231706	0.6806962	0.25837913	0.97586876	0.3294033	1.0	False	liver	early	nucleotide_transformer
1634	0.4220861	0.68084705	0.25876096	0.9749013	0.32988262	1.0	False	liver	early	nucleotide_transformer
3564	0.42185214	0.68058085	0.2587287	0.9746967	0.32998413	1.0	False	liver	early	nucleotide_transformer
1165	0.42164955	0.6803104	0.25866088	0.974601	0.3300314	1.0	False	liver	early	nucleotide_transformer
2946	0.42184913	0.6806461	0.258797	0.9745673	0.33004805	1.0	False	liver	early	nucleotide_transformer
3125	0.42157844	0.6802448	0.25866637	0.97450984	0.33007666	1.0	False	liver	early	nucleotide_transformer
236	0.4215949	0.68038195	0.25878707	0.9742975	0.33018193	1.0	False	liver	early	nucleotide_transformer
994	0.42122352	0.67981017	0.25858665	0.9742515	0.33020476	1.0	False	liver	early	nucleotide_transformer
3221	0.42118475	0.67981356	0.25862882	0.9741295	0.3302652	1.0	False	liver	early	nucleotide_transformer
2329	0.4213886	0.6801808	0.2587922	0.9740599	0.33029976	1.0	False	liver	early	nucleotide_transformer
779	0.42105553	0.67995024	0.2588947	0.9734912	0.33058184	1.0	False	liver	early	nucleotide_transformer
4671	0.42089567	0.67987984	0.25898418	0.97314334	0.33075473	1.0	False	liver	early	nucleotide_transformer
4132	0.42091295	0.6800528	0.25913987	0.97287613	0.33088717	1.0	False	liver	early	nucleotide_transformer
2434	-0.6768191	1.1351811	1.8120002	-0.969242	0.3325828	1.0	False	liver	early	nucleotide_transformer
4643	-0.6766199	1.1355573	1.8121772	-0.96874356	0.33283135	1.0	False	liver	early	nucleotide_transformer
805	-0.45255446	0.453703	0.90625745	-0.9661482	0.33411846	1.0	False	liver	early	nucleotide_transformer
1617	-0.45217732	0.45351735	0.90569466	-0.96584594	0.33426976	1.0	False	liver	early	nucleotide_transformer
3149	-0.45198882	0.45358592	0.90557474	-0.9654426	0.33447155	1.0	False	liver	early	nucleotide_transformer
2279	-0.45189914	0.4535928	0.90549195	-0.96529084	0.33454755	1.0	False	liver	early	nucleotide_transformer
3178	-0.4517694	0.45348734	0.90525675	-0.9652512	0.33456734	1.0	False	liver	early	nucleotide_transformer
3526	-0.4518079	0.4535407	0.9053486	-0.9652285	0.33457878	1.0	False	liver	early	nucleotide_transformer
4425	-0.45178086	0.45351672	0.9052976	-0.9652234	0.33458132	1.0	False	liver	early	nucleotide_transformer
2931	-0.45205715	0.45387313	0.9059303	-0.965103	0.33464152	1.0	False	liver	early	nucleotide_transformer
3750	-0.45167816	0.45350397	0.9051821	-0.9650826	0.3346518	1.0	False	liver	early	nucleotide_transformer
1487	-0.4521854	0.4541666	0.906352	-0.96484536	0.33477065	1.0	False	liver	early	nucleotide_transformer
4180	-0.45182994	0.45389208	0.905722	-0.9647161	0.33483523	1.0	False	liver	early	nucleotide_transformer
1776	-0.4517588	0.453905	0.9056638	-0.96458405	0.3349015	1.0	False	liver	early	nucleotide_transformer
466	-0.45185053	0.45401824	0.90586877	-0.9645508	0.33491808	1.0	False	liver	early	nucleotide_transformer
3283	-0.4516481	0.4539757	0.9056238	-0.96429795	0.3350447	1.0	False	liver	early	nucleotide_transformer
4378	-0.45161742	0.45396638	0.9055838	-0.9642648	0.33506137	1.0	False	liver	early	nucleotide_transformer
3684	-0.45188737	0.45432222	0.9062096	-0.96413505	0.33512643	1.0	False	liver	early	nucleotide_transformer
883	-0.4513995	0.45384395	0.90524346	-0.96411324	0.33513734	1.0	False	liver	early	nucleotide_transformer
3882	-0.45142812	0.45402133	0.90544945	-0.9638815	0.3352534	1.0	False	liver	early	nucleotide_transformer
4491	-0.4521814	0.45487982	0.9070612	-0.96372736	0.33533075	1.0	False	liver	early	nucleotide_transformer
1936	-0.45201424	0.45488063	0.90689486	-0.9634636	0.33546293	1.0	False	liver	early	nucleotide_transformer
4778	-0.45177713	0.45465842	0.90643555	-0.9634381	0.33547574	1.0	False	liver	early	nucleotide_transformer
4987	-0.45178017	0.45466772	0.9064479	-0.9634292	0.3354804	1.0	False	liver	early	nucleotide_transformer
1018	-0.4517545	0.45464975	0.90640426	-0.9634164	0.33548683	1.0	False	liver	early	nucleotide_transformer
2630	-0.45178577	0.45475653	0.9065423	-0.96329933	0.33554554	1.0	False	liver	early	nucleotide_transformer
3470	-0.45180416	0.45477754	0.9065817	-0.9632956	0.3355475	1.0	False	liver	early	nucleotide_transformer
3098	-0.45187497	0.45485073	0.9067257	-0.963293	0.3355487	1.0	False	liver	early	nucleotide_transformer
2609	-0.4518244	0.45481852	0.9066429	-0.9632637	0.3355633	1.0	False	liver	early	nucleotide_transformer
2390	-0.4516897	0.45469108	0.9063808	-0.96325	0.33557013	1.0	False	liver	early	nucleotide_transformer
1620	-0.45187098	0.4548751	0.9067461	-0.9632495	0.33557054	1.0	False	liver	early	nucleotide_transformer
288	-0.4516802	0.4547046	0.9063848	-0.963214	0.33558816	1.0	False	liver	early	nucleotide_transformer
823	-0.45165312	0.45468503	0.90633816	-0.9632023	0.33559412	1.0	False	liver	early	nucleotide_transformer
457	-0.4516497	0.45468262	0.9063323	-0.9632007	0.33559498	1.0	False	liver	early	nucleotide_transformer
336	-0.4517009	0.45481756	0.90651846	-0.9630718	0.33565965	1.0	False	liver	early	nucleotide_transformer
4468	-0.45131695	0.4544741	0.90579104	-0.96300244	0.33569446	1.0	False	liver	early	nucleotide_transformer
3393	-0.45119697	0.4543687	0.9055657	-0.9629772	0.33570713	1.0	False	liver	early	nucleotide_transformer
4148	-0.45150316	0.4549052	0.90640837	-0.9626249	0.33588398	1.0	False	liver	early	nucleotide_transformer
1547	-0.45139095	0.45482138	0.90621233	-0.9625785	0.33590716	1.0	False	liver	early	nucleotide_transformer
4722	-0.451406	0.45487505	0.90628105	-0.9625183	0.3359374	1.0	False	liver	early	nucleotide_transformer
964	-0.4515466	0.45510793	0.90665454	-0.9623777	0.33600804	1.0	False	liver	early	nucleotide_transformer
4433	-0.451551	0.45514324	0.90669423	-0.9623297	0.33603206	1.0	False	liver	early	nucleotide_transformer
1173	-0.4511285	0.45483348	0.905962	-0.96214706	0.33612388	1.0	False	liver	early	nucleotide_transformer
2008	-0.45109457	0.45489043	0.905985	-0.96200544	0.33619478	1.0	False	liver	early	nucleotide_transformer
3124	-0.4511177	0.4549238	0.9060415	-0.96199	0.33620253	1.0	False	liver	early	nucleotide_transformer
4158	-0.45078623	0.45465976	0.905446	-0.96187854	0.33625847	1.0	False	liver	early	nucleotide_transformer
2951	-0.45070624	0.45465118	0.9053574	-0.96176577	0.3363152	1.0	False	liver	early	nucleotide_transformer
912	-0.45064303	0.45459673	0.90523976	-0.961751	0.33632272	1.0	False	liver	early	nucleotide_transformer
1122	-0.45075542	0.4547665	0.9055219	-0.96166426	0.33636615	1.0	False	liver	early	nucleotide_transformer
3142	-0.45071086	0.4551756	0.9058865	-0.9609597	0.33672032	1.0	False	liver	early	nucleotide_transformer
2965	-0.45064184	0.4551166	0.90575844	-0.9609426	0.33672884	1.0	False	liver	early	nucleotide_transformer
3635	0.7463341	2.0422657	1.2959316	0.94501364	0.34487247	1.0	False	liver	early	nucleotide_transformer
4557	0.32817525	0.45771632	0.12954107	0.94202304	0.34646758	1.0	False	liver	early	nucleotide_transformer
4171	0.32812303	0.45768467	0.12956163	0.9419085	0.34652627	1.0	False	liver	early	nucleotide_transformer
1453	0.3280661	0.45764506	0.12957893	0.9417972	0.34658322	1.0	False	liver	early	nucleotide_transformer
1537	0.32806394	0.45766854	0.12960461	0.941724	0.3466205	1.0	False	liver	early	nucleotide_transformer
3260	0.3280052	0.45767233	0.12966712	0.94148535	0.34674266	1.0	False	liver	early	nucleotide_transformer
156	0.32546234	0.45469746	0.12923512	0.93990356	0.34755248	1.0	False	liver	early	nucleotide_transformer
1708	0.3252568	0.45442918	0.12917238	0.9398517	0.34757903	1.0	False	liver	early	nucleotide_transformer
1580	0.32542795	0.45467812	0.12925017	0.93982327	0.34759367	1.0	False	liver	early	nucleotide_transformer
4901	0.32508016	0.4542223	0.12914212	0.9397393	0.34763664	1.0	False	liver	early	nucleotide_transformer
1901	0.3251331	0.45429742	0.12916435	0.9397361	0.3476384	1.0	False	liver	early	nucleotide_transformer
5076	0.325082	0.45422763	0.12914562	0.9397316	0.34764066	1.0	False	liver	early	nucleotide_transformer
919	0.3250859	0.45423245	0.12914655	0.93973106	0.3476408	1.0	False	liver	early	nucleotide_transformer
5002	0.32515746	0.45434508	0.1291876	0.93969643	0.34765878	1.0	False	liver	early	nucleotide_transformer
4457	0.3250631	0.45421425	0.12915112	0.9396951	0.34765935	1.0	False	liver	early	nucleotide_transformer
2227	0.32508415	0.454245	0.12916087	0.93968916	0.34766263	1.0	False	liver	early	nucleotide_transformer
4449	0.32507712	0.4542421	0.129165	0.93966985	0.34767246	1.0	False	liver	early	nucleotide_transformer
4623	0.32505536	0.45421875	0.1291634	0.9396502	0.34768224	1.0	False	liver	early	nucleotide_transformer
4365	0.32506016	0.45423236	0.1291722	0.939631	0.34769228	1.0	False	liver	early	nucleotide_transformer
3735	0.32496497	0.4541081	0.12914312	0.9396081	0.3477039	1.0	False	liver	early	nucleotide_transformer
2893	0.32519156	0.45443058	0.12923902	0.939591	0.3477127	1.0	False	liver	early	nucleotide_transformer
1997	0.3250224	0.4541947	0.12917231	0.9395905	0.3477131	1.0	False	liver	early	nucleotide_transformer
3972	0.3249631	0.45412248	0.1291594	0.93955827	0.3477295	1.0	False	liver	early	nucleotide_transformer
2438	0.32510728	0.45432508	0.12921782	0.9395562	0.34773055	1.0	False	liver	early	nucleotide_transformer
1859	0.32501844	0.45420486	0.12918642	0.9395447	0.34773666	1.0	False	liver	early	nucleotide_transformer
2330	0.3249259	0.45408902	0.12916313	0.9395065	0.34775606	1.0	False	liver	early	nucleotide_transformer
3357	0.3249329	0.45410615	0.12917325	0.9394859	0.34776658	1.0	False	liver	early	nucleotide_transformer
2274	0.32493055	0.4541135	0.12918295	0.93945646	0.3477816	1.0	False	liver	early	nucleotide_transformer
10	0.32570308	0.45520562	0.12950252	0.9394247	0.34779787	1.0	False	liver	early	nucleotide_transformer
3578	0.32489693	0.45415902	0.12926209	0.9391972	0.3479145	1.0	False	liver	early	nucleotide_transformer
4930	0.32465228	0.45382273	0.12917045	0.939186	0.3479204	1.0	False	liver	early	nucleotide_transformer
1559	0.32456812	0.4537176	0.12914947	0.93914926	0.34793913	1.0	False	liver	early	nucleotide_transformer
13	0.32470727	0.45392254	0.12921527	0.93912196	0.3479531	1.0	False	liver	early	nucleotide_transformer
1136	0.32483125	0.45413086	0.12929963	0.93901944	0.3480057	1.0	False	liver	early	nucleotide_transformer
34	0.32454732	0.45374078	0.12919345	0.93900365	0.34801388	1.0	False	liver	early	nucleotide_transformer
66	0.32440585	0.4535847	0.12917887	0.93888706	0.34807348	1.0	False	liver	early	nucleotide_transformer
1916	0.32459092	0.45386365	0.12927271	0.938832	0.34810197	1.0	False	liver	early	nucleotide_transformer
3632	0.32429802	0.45347345	0.12917542	0.938776	0.3481304	1.0	False	liver	early	nucleotide_transformer
4838	0.32449645	0.45381537	0.12931891	0.9385935	0.34822416	1.0	False	liver	early	nucleotide_transformer
3537	0.32449228	0.4538105	0.12931825	0.9385908	0.3482255	1.0	False	liver	early	nucleotide_transformer
871	0.32444295	0.45375168	0.12930873	0.9385624	0.34824032	1.0	False	liver	early	nucleotide_transformer
1675	0.32450396	0.45383823	0.12933429	0.93855923	0.34824193	1.0	False	liver	early	nucleotide_transformer
526	0.32447207	0.45383528	0.1293632	0.93844295	0.34830147	1.0	False	liver	early	nucleotide_transformer
5066	0.32449812	0.4538852	0.12938708	0.9384055	0.34832063	1.0	False	liver	early	nucleotide_transformer
3869	0.32442757	0.45378807	0.1293605	0.9384007	0.34832317	1.0	False	liver	early	nucleotide_transformer
2294	0.32459825	0.4540736	0.12947534	0.9382708	0.34838983	1.0	False	liver	early	nucleotide_transformer
4432	0.3243722	0.45376453	0.12939233	0.93825394	0.3483985	1.0	False	liver	early	nucleotide_transformer
4905	0.32416618	0.4535051	0.12933892	0.9381686	0.34844235	1.0	False	liver	early	nucleotide_transformer
4472	0.32444406	0.4539006	0.12945655	0.9381546	0.3484494	1.0	False	liver	early	nucleotide_transformer
1833	0.32417852	0.45356312	0.12938459	0.9380578	0.34849912	1.0	False	liver	early	nucleotide_transformer
2935	0.3245629	0.4541194	0.12955652	0.9380036	0.34852687	1.0	False	liver	early	nucleotide_transformer
1341	-0.70917594	1.3635019	2.0726779	-0.9377476	0.34852958	1.0	False	liver	early	nucleotide_transformer
3597	0.3241852	0.45363113	0.12944593	0.9378941	0.34858313	1.0	False	liver	early	nucleotide_transformer
3799	0.32457006	0.45418158	0.1296115	0.93785846	0.3486013	1.0	False	liver	early	nucleotide_transformer
1532	0.32397816	0.4533671	0.12938896	0.9378216	0.3486203	1.0	False	liver	early	nucleotide_transformer
301	0.32447833	0.45406654	0.1295882	0.93782115	0.3486207	1.0	False	liver	early	nucleotide_transformer
3243	0.32446533	0.45406002	0.12959468	0.93778837	0.34863752	1.0	False	liver	early	nucleotide_transformer
3572	0.3244738	0.4540734	0.12959962	0.9377842	0.3486395	1.0	False	liver	early	nucleotide_transformer
2157	0.3239973	0.45341027	0.12941298	0.937776	0.3486436	1.0	False	liver	early	nucleotide_transformer
4137	0.32455006	0.4541833	0.12963325	0.9377756	0.34864387	1.0	False	liver	early	nucleotide_transformer
3210	0.3241832	0.45367604	0.12949285	0.93776107	0.3486514	1.0	False	liver	early	nucleotide_transformer
4964	0.32446712	0.4540734	0.12960628	0.9377578	0.34865308	1.0	False	liver	early	nucleotide_transformer
1352	0.32449538	0.45411462	0.12961926	0.9377532	0.3486554	1.0	False	liver	early	nucleotide_transformer
2256	0.32448286	0.4540982	0.12961532	0.9377504	0.34865698	1.0	False	liver	early	nucleotide_transformer
3462	0.3245356	0.45417723	0.12964162	0.93773615	0.34866413	1.0	False	liver	early	nucleotide_transformer
4210	0.32423657	0.4537718	0.12953524	0.9377034	0.34868106	1.0	False	liver	early	nucleotide_transformer
5071	0.32455084	0.45421204	0.1296612	0.9376987	0.34868345	1.0	False	liver	early	nucleotide_transformer
4879	0.32438636	0.4540037	0.12961733	0.93763673	0.3487153	1.0	False	liver	early	nucleotide_transformer
4361	0.324405	0.4540346	0.12962958	0.93762344	0.34872216	1.0	False	liver	early	nucleotide_transformer
78	-0.7087308	1.3633496	2.0720804	-0.9373388	0.3487396	1.0	False	liver	early	nucleotide_transformer
173	0.32442617	0.45407912	0.12965293	0.9375823	0.34874335	1.0	False	liver	early	nucleotide_transformer
232	0.32407135	0.45360786	0.1295365	0.9375144	0.3487781	1.0	False	liver	early	nucleotide_transformer
2006	-0.7087476	1.3635635	2.0723112	-0.93723494	0.34879312	1.0	False	liver	early	nucleotide_transformer
4024	0.3238483	0.45331842	0.12947012	0.93744963	0.34881124	1.0	False	liver	early	nucleotide_transformer
3901	0.32502207	0.45496258	0.12994051	0.93744296	0.3488148	1.0	False	liver	early	nucleotide_transformer
1773	-0.70854795	1.3632706	2.0718186	-0.9371797	0.3488215	1.0	False	liver	early	nucleotide_transformer
2480	0.32394856	0.45348263	0.12953407	0.9373839	0.34884512	1.0	False	liver	early	nucleotide_transformer
3589	0.32395077	0.4534945	0.12954372	0.9373594	0.34885764	1.0	False	liver	early	nucleotide_transformer
3222	0.3242278	0.45388487	0.12965705	0.93735445	0.34886032	1.0	False	liver	early	nucleotide_transformer
1426	0.3239792	0.45354572	0.12956652	0.9373277	0.348874	1.0	False	liver	early	nucleotide_transformer
3875	0.32393712	0.45349467	0.12955755	0.9373054	0.3488853	1.0	False	liver	early	nucleotide_transformer
3686	0.32409704	0.45374143	0.12964441	0.9372431	0.34891725	1.0	False	liver	early	nucleotide_transformer
3793	0.32417017	0.45388886	0.1297187	0.93711805	0.34898168	1.0	False	liver	early	nucleotide_transformer
4063	0.3237965	0.4533824	0.12958588	0.93706906	0.34900686	1.0	False	liver	early	nucleotide_transformer
1119	0.32359755	0.45330065	0.12970309	0.9365192	0.3492895	1.0	False	liver	early	nucleotide_transformer
3443	0.32360154	0.45330745	0.1297059	0.9365167	0.34929082	1.0	False	liver	early	nucleotide_transformer
1141	0.81272733	2.496506	1.6837786	0.9245717	0.35539922	1.0	False	liver	early	nucleotide_transformer
83	0.81221724	2.496166	1.6839488	0.924056	0.35566753	1.0	False	liver	early	nucleotide_transformer
2154	0.5840092	1.3606966	0.7766874	0.91648495	0.35963526	1.0	False	liver	early	nucleotide_transformer
910	0.5837566	1.3603599	0.7766033	0.916283	0.359741	1.0	False	liver	early	nucleotide_transformer
4913	-0.7409426	1.58946	2.3304026	-0.9161332	0.35975042	1.0	False	liver	early	nucleotide_transformer
979	0.5837199	1.3603995	0.7766796	0.91618305	0.3597934	1.0	False	liver	early	nucleotide_transformer
2601	0.5835965	1.360542	0.77694553	0.91583943	0.3599735	1.0	False	liver	early	nucleotide_transformer
3814	-0.7403761	1.5903913	2.3307674	-0.9150744	0.36030602	1.0	False	liver	early	nucleotide_transformer
1060	1.0883179	412.9607	411.87238	0.9023451	0.3670144	1.0	False	liver	early	nucleotide_transformer
2982	-0.48417687	0.68035245	1.1645293	-0.87914586	0.37946188	1.0	False	liver	early	nucleotide_transformer
101	-0.48391807	0.6803974	1.1643155	-0.878723	0.37969106	1.0	False	liver	early	nucleotide_transformer
5025	-0.48382694	0.6802818	1.1641088	-0.8787163	0.37969476	1.0	False	liver	early	nucleotide_transformer
3584	-0.4839328	0.6804305	1.1643633	-0.8787105	0.37969783	1.0	False	liver	early	nucleotide_transformer
3765	-0.48391682	0.68044025	1.1643571	-0.87867737	0.37971595	1.0	False	liver	early	nucleotide_transformer
4463	-0.4837373	0.680281	1.1640183	-0.8785876	0.3797645	1.0	False	liver	early	nucleotide_transformer
2505	-0.48370427	0.68046707	1.1641713	-0.8783462	0.37989542	1.0	False	liver	early	nucleotide_transformer
2977	-0.4841531	0.6812157	1.1653688	-0.8782244	0.37996143	1.0	False	liver	early	nucleotide_transformer
2832	-0.48415774	0.68143743	1.1655952	-0.8780048	0.38008073	1.0	False	liver	early	nucleotide_transformer
2350	-0.48378634	0.6811019	1.1648883	-0.8778117	0.38018534	1.0	False	liver	early	nucleotide_transformer
5004	-0.4840148	0.6814465	1.1654613	-0.8777889	0.38019776	1.0	False	liver	early	nucleotide_transformer
1229	-0.48386645	0.6814121	1.1652786	-0.8776096	0.3802949	1.0	False	liver	early	nucleotide_transformer
1324	-0.48385972	0.68148464	1.1653444	-0.87752587	0.3803405	1.0	False	liver	early	nucleotide_transformer
2808	-0.48367792	0.6813095	1.1649874	-0.8774427	0.3803856	1.0	False	liver	early	nucleotide_transformer
303	-0.48378497	0.6814813	1.1652663	-0.87742114	0.38039708	1.0	False	liver	early	nucleotide_transformer
4555	-0.4839055	0.6816537	1.1655592	-0.8774196	0.38039812	1.0	False	liver	early	nucleotide_transformer
2126	-0.48370463	0.681392	1.1650966	-0.87739676	0.3804104	1.0	False	liver	early	nucleotide_transformer
4172	-0.48364073	0.6813516	1.1649923	-0.877346	0.380438	1.0	False	liver	early	nucleotide_transformer
4799	-0.48356622	0.6812939	1.1648601	-0.87729704	0.38046446	1.0	False	liver	early	nucleotide_transformer
494	-0.48378384	0.6817267	1.1655105	-0.8771693	0.38053387	1.0	False	liver	early	nucleotide_transformer
2945	-0.4836735	0.6815856	1.1652591	-0.87715346	0.38054255	1.0	False	liver	early	nucleotide_transformer
1526	-0.48362797	0.6816227	1.1652507	-0.8770499	0.38059863	1.0	False	liver	early	nucleotide_transformer
2117	-0.48361963	0.6816297	1.1652493	-0.87703085	0.38060907	1.0	False	liver	early	nucleotide_transformer
1705	-0.48355544	0.6816343	1.1651897	-0.87693346	0.38066205	1.0	False	liver	early	nucleotide_transformer
4831	-0.48364222	0.6817676	1.1654098	-0.8769228	0.38066778	1.0	False	liver	early	nucleotide_transformer
4714	-0.48358607	0.6821003	1.1656864	-0.8765024	0.38089633	1.0	False	liver	early	nucleotide_transformer
4641	-0.48364383	0.6823557	1.1659995	-0.876326	0.380992	1.0	False	liver	early	nucleotide_transformer
1301	-0.4832648	0.6818727	1.1651375	-0.8762703	0.38102216	1.0	False	liver	early	nucleotide_transformer
514	-0.48338664	0.6822108	1.1655974	-0.8761014	0.38111418	1.0	False	liver	early	nucleotide_transformer
4208	-0.48325497	0.68219227	1.1654472	-0.87593	0.38120732	1.0	False	liver	early	nucleotide_transformer
3037	-0.48313475	0.68210053	1.1652353	-0.875849	0.3812513	1.0	False	liver	early	nucleotide_transformer
2366	-0.48326236	0.68230015	1.1655625	-0.87583035	0.38126156	1.0	False	liver	early	nucleotide_transformer
3253	-0.48303235	0.6820183	1.1650506	-0.8757863	0.38128543	1.0	False	liver	early	nucleotide_transformer
2365	-0.48316807	0.68228894	1.165457	-0.8757058	0.3813292	1.0	False	liver	early	nucleotide_transformer
2478	-0.48316824	0.6823044	1.1654726	-0.87569034	0.38133755	1.0	False	liver	early	nucleotide_transformer
2655	0.6492833	1.8149884	1.1657051	0.8701455	0.38442183	1.0	False	liver	early	nucleotide_transformer
4598	0.6492133	1.8149729	1.1657596	0.8700461	0.3844762	1.0	False	liver	early	nucleotide_transformer
3508	0.6491419	1.8148302	1.1656883	0.8700148	0.38449338	1.0	False	liver	early	nucleotide_transformer
791	0.64916205	1.8149844	1.1658224	0.86996096	0.3845227	1.0	False	liver	early	nucleotide_transformer
2950	0.64924574	1.8152525	1.1660068	0.86994195	0.38453305	1.0	False	liver	early	nucleotide_transformer
2971	0.6492655	1.8154552	1.1661897	0.8698619	0.3845767	1.0	False	liver	early	nucleotide_transformer
4427	0.71492124	2.2690563	1.5541351	0.85069	0.3951325	1.0	False	liver	early	nucleotide_transformer
3908	-0.29114383	0.22659023	0.51773405	-0.846966	0.39713967	1.0	False	liver	early	nucleotide_transformer
4776	-0.29110092	0.2265873	0.5176882	-0.84688807	0.39718303	1.0	False	liver	early	nucleotide_transformer
1724	-0.2910808	0.22658256	0.51766336	-0.84686035	0.3971985	1.0	False	liver	early	nucleotide_transformer
4005	-0.29106838	0.22658499	0.51765335	-0.84682995	0.39721543	1.0	False	liver	early	nucleotide_transformer
4099	-0.29102957	0.2266169	0.5176465	-0.8466729	0.39730301	1.0	False	liver	early	nucleotide_transformer
2380	-0.29093	0.22658381	0.5175138	-0.8465586	0.39736673	1.0	False	liver	early	nucleotide_transformer
751	-0.29092467	0.22658312	0.5175078	-0.84654933	0.3973719	1.0	False	liver	early	nucleotide_transformer
4554	-0.29087812	0.22658557	0.5174637	-0.84645104	0.39742672	1.0	False	liver	early	nucleotide_transformer
67	-0.29091635	0.226625	0.51754135	-0.84642684	0.39744008	1.0	False	liver	early	nucleotide_transformer
2817	-0.29079014	0.22658862	0.51737875	-0.8462678	0.3975288	1.0	False	liver	early	nucleotide_transformer
3539	-0.29085326	0.22665244	0.5175057	-0.8462308	0.39754945	1.0	False	liver	early	nucleotide_transformer
4740	-0.2907691	0.22659452	0.5173636	-0.84621096	0.39756054	1.0	False	liver	early	nucleotide_transformer
2400	-0.2909785	0.22677179	0.51775026	-0.84617615	0.39757997	1.0	False	liver	early	nucleotide_transformer
2231	-0.29095626	0.22676347	0.51771975	-0.84615314	0.39759278	1.0	False	liver	early	nucleotide_transformer
2320	-0.29076526	0.2266154	0.51738065	-0.8461506	0.3975942	1.0	False	liver	early	nucleotide_transformer
4346	-0.29072246	0.226585	0.51730746	-0.84614235	0.39759883	1.0	False	liver	early	nucleotide_transformer
1297	-0.2908455	0.22668426	0.5175298	-0.8461351	0.39760292	1.0	False	liver	early	nucleotide_transformer
4083	-0.29089463	0.22673626	0.5176309	-0.84609985	0.39762244	1.0	False	liver	early	nucleotide_transformer
722	-0.2907351	0.22663453	0.5173696	-0.84604204	0.3976547	1.0	False	liver	early	nucleotide_transformer
1381	-0.2907503	0.22665438	0.5174047	-0.8460217	0.3976661	1.0	False	liver	early	nucleotide_transformer
430	-0.29074866	0.22667523	0.51742387	-0.8459654	0.39769763	1.0	False	liver	early	nucleotide_transformer
4071	-0.29070705	0.22665316	0.5173602	-0.84593844	0.3977125	1.0	False	liver	early	nucleotide_transformer
1402	-0.29080886	0.22673486	0.51754373	-0.84593344	0.39771542	1.0	False	liver	early	nucleotide_transformer
4218	-0.29077888	0.2267177	0.5174966	-0.8459175	0.39772412	1.0	False	liver	early	nucleotide_transformer
2133	-0.29094684	0.22685122	0.51779807	-0.8459107	0.39772797	1.0	False	liver	early	nucleotide_transformer
3587	-0.29064226	0.22663023	0.5172725	-0.8458735	0.39774883	1.0	False	liver	early	nucleotide_transformer
3308	-0.2908015	0.22677347	0.51757497	-0.84582067	0.39777827	1.0	False	liver	early	nucleotide_transformer
397	-0.29068795	0.22672454	0.5174125	-0.84571934	0.3978348	1.0	False	liver	early	nucleotide_transformer
3619	-0.29071146	0.22677773	0.5174892	-0.84563035	0.39788443	1.0	False	liver	early	nucleotide_transformer
4689	-0.29082674	0.22686882	0.51769555	-0.8456274	0.39788607	1.0	False	liver	early	nucleotide_transformer
4458	-0.29072267	0.22680692	0.5175296	-0.84557927	0.39791292	1.0	False	liver	early	nucleotide_transformer
4108	-0.2906019	0.22671746	0.5173194	-0.84556544	0.39792055	1.0	False	liver	early	nucleotide_transformer
2052	-0.29050437	0.22664323	0.5171476	-0.84556526	0.3979207	1.0	False	liver	early	nucleotide_transformer
470	-0.2907981	0.22687438	0.5176725	-0.84555626	0.3979258	1.0	False	liver	early	nucleotide_transformer
2919	-0.29060704	0.22673948	0.5173465	-0.8455209	0.39794543	1.0	False	liver	early	nucleotide_transformer
3873	-0.29065728	0.22678673	0.517444	-0.8455005	0.39795688	1.0	False	liver	early	nucleotide_transformer
302	-0.29054922	0.22671466	0.5172639	-0.8454717	0.39797288	1.0	False	liver	early	nucleotide_transformer
488	-0.29068053	0.22681631	0.5174968	-0.8454708	0.39797342	1.0	False	liver	early	nucleotide_transformer
2476	-0.29053503	0.22670442	0.51723945	-0.8454695	0.3979741	1.0	False	liver	early	nucleotide_transformer
3170	-0.29068804	0.22682337	0.5175114	-0.8454686	0.39797464	1.0	False	liver	early	nucleotide_transformer
1145	-0.29044327	0.22665283	0.5170961	-0.8454194	0.39800227	1.0	False	liver	early	nucleotide_transformer
4573	-0.29051793	0.22671144	0.5172294	-0.8454176	0.39800316	1.0	False	liver	early	nucleotide_transformer
687	-0.29039007	0.22661652	0.5170066	-0.8454072	0.39800894	1.0	False	liver	early	nucleotide_transformer
4259	-0.29052776	0.22672445	0.5172522	-0.845404	0.39801076	1.0	False	liver	early	nucleotide_transformer
85	-0.29059276	0.22678515	0.5173779	-0.8453762	0.39802632	1.0	False	liver	early	nucleotide_transformer
384	-0.29064918	0.22684024	0.51748943	-0.8453485	0.3980418	1.0	False	liver	early	nucleotide_transformer
3026	-0.29049575	0.22675754	0.5172533	-0.8452575	0.3980925	1.0	False	liver	early	nucleotide_transformer
3104	-0.2904883	0.22676556	0.5172539	-0.84522235	0.39811218	1.0	False	liver	early	nucleotide_transformer
4465	-0.2902796	0.22660401	0.5168836	-0.8452183	0.39811447	1.0	False	liver	early	nucleotide_transformer
4500	-0.29049137	0.22676995	0.5172613	-0.84521765	0.3981148	1.0	False	liver	early	nucleotide_transformer
2961	-0.29047784	0.22679898	0.5172768	-0.8451145	0.3981723	1.0	False	liver	early	nucleotide_transformer
311	-0.2903551	0.22673923	0.5170943	-0.8450248	0.39822224	1.0	False	liver	early	nucleotide_transformer
4949	-0.29036117	0.2267999	0.5171611	-0.8448827	0.39830154	1.0	False	liver	early	nucleotide_transformer
208	-0.2903077	0.22677714	0.51708484	-0.84483415	0.39832872	1.0	False	liver	early	nucleotide_transformer
749	-0.2903912	0.22684616	0.51723737	-0.84482306	0.39833483	1.0	False	liver	early	nucleotide_transformer
69	-0.29033998	0.22681782	0.5171578	-0.844795	0.39835057	1.0	False	liver	early	nucleotide_transformer
1014	-0.2902858	0.22679052	0.5170763	-0.84475654	0.39837196	1.0	False	liver	early	nucleotide_transformer
1479	-0.29024798	0.22676398	0.51701194	-0.8447488	0.3983764	1.0	False	liver	early	nucleotide_transformer
4953	-0.2902273	0.226758	0.5169853	-0.8447227	0.3983909	1.0	False	liver	early	nucleotide_transformer
4467	-0.29024327	0.226784	0.51702726	-0.84468853	0.39840987	1.0	False	liver	early	nucleotide_transformer
3642	-0.29027903	0.22681598	0.517095	-0.8446784	0.3984156	1.0	False	liver	early	nucleotide_transformer
5060	0.7811297	2.7236874	1.9425577	0.8447549	0.39843398	1.0	False	liver	early	nucleotide_transformer
781	-0.2902497	0.2268191	0.5170688	-0.84461206	0.39845264	1.0	False	liver	early	nucleotide_transformer
1970	0.7812351	2.7242076	1.9429725	0.84470344	0.39846274	1.0	False	liver	early	nucleotide_transformer
266	-0.2904399	0.22698559	0.5174255	-0.84456277	0.3984803	1.0	False	liver	early	nucleotide_transformer
2818	-0.29046065	0.22700661	0.51746726	-0.84455097	0.3984867	1.0	False	liver	early	nucleotide_transformer
448	-0.2902013	0.22680818	0.5170095	-0.8445434	0.398491	1.0	False	liver	early	nucleotide_transformer
3928	-0.29018065	0.2267994	0.51698005	-0.8445247	0.39850143	1.0	False	liver	early	nucleotide_transformer
2396	-0.29048687	0.2270525	0.5175394	-0.84448516	0.3985235	1.0	False	liver	early	nucleotide_transformer
1413	-0.29046726	0.22706342	0.5175307	-0.84441876	0.39856067	1.0	False	liver	early	nucleotide_transformer
1068	-0.2905022	0.22709395	0.5175961	-0.84441036	0.39856547	1.0	False	liver	early	nucleotide_transformer
1750	-0.29047677	0.2271097	0.51758647	-0.84431994	0.3986159	1.0	False	liver	early	nucleotide_transformer
1809	0.78091824	2.7241392	1.943221	0.84434426	0.39866343	1.0	False	liver	early	nucleotide_transformer
2160	-0.29023796	0.22697516	0.5172131	-0.8441914	0.39868754	1.0	False	liver	early	nucleotide_transformer
3133	-0.29020485	0.22694913	0.517154	-0.8441898	0.39868852	1.0	False	liver	early	nucleotide_transformer
141	-0.29018188	0.22697395	0.5171558	-0.8440828	0.39874828	1.0	False	liver	early	nucleotide_transformer
82	-0.2902456	0.22702563	0.5172712	-0.84407836	0.39875078	1.0	False	liver	early	nucleotide_transformer
817	-0.28998953	0.22687377	0.5168633	-0.8439549	0.3988198	1.0	False	liver	early	nucleotide_transformer
2098	-0.2901152	0.22699556	0.51711076	-0.84389514	0.3988531	1.0	False	liver	early	nucleotide_transformer
3262	-0.29023632	0.22710183	0.51733816	-0.8438614	0.39887187	1.0	False	liver	early	nucleotide_transformer
1075	0.7803217	2.7235193	1.9431976	0.84383893	0.39894548	1.0	False	liver	early	nucleotide_transformer
2993	0.77960646	2.7230666	1.9434601	0.84313124	0.39934093	1.0	False	liver	early	nucleotide_transformer
4244	-0.2901187	0.22737175	0.51749045	-0.84294397	0.39938498	1.0	False	liver	early	nucleotide_transformer
3089	-0.29007974	0.22742817	0.5175079	-0.84272236	0.39950883	1.0	False	liver	early	nucleotide_transformer
3466	-0.28990945	0.2273629	0.51727235	-0.8425538	0.399603	1.0	False	liver	early	nucleotide_transformer
792	0.48813075	1.135066	0.6469353	0.83795506	0.40225795	1.0	False	liver	early	nucleotide_transformer
3644	0.48763686	1.134545	0.6469081	0.83740467	0.40256697	1.0	False	liver	early	nucleotide_transformer
1026	0.48726463	1.1337601	0.64649546	0.83733684	0.402605	1.0	False	liver	early	nucleotide_transformer
5095	0.48752677	1.1346214	0.6470946	0.83711535	0.40272945	1.0	False	liver	early	nucleotide_transformer
4627	0.4873004	1.1341102	0.6468098	0.8370999	0.40273812	1.0	False	liver	early	nucleotide_transformer
352	0.4876156	1.1349453	0.6473297	0.8370124	0.40278736	1.0	False	liver	early	nucleotide_transformer
2576	0.48716217	1.1338989	0.6467367	0.83700347	0.40279236	1.0	False	liver	early	nucleotide_transformer
4118	0.48742843	1.1345242	0.6470958	0.8369994	0.40279463	1.0	False	liver	early	nucleotide_transformer
4450	0.4872896	1.1342182	0.6469286	0.83698523	0.40280262	1.0	False	liver	early	nucleotide_transformer
27	0.48714286	1.1340313	0.64688843	0.8368491	0.402879	1.0	False	liver	early	nucleotide_transformer
2087	0.48703706	1.1338406	0.6468035	0.8368004	0.40290627	1.0	False	liver	early	nucleotide_transformer
1865	0.48707873	1.133959	0.6468803	0.8367815	0.4029168	1.0	False	liver	early	nucleotide_transformer
3687	0.48702502	1.1338975	0.6468725	0.83672637	0.40294784	1.0	False	liver	early	nucleotide_transformer
3527	0.48701817	1.1339793	0.64696115	0.83664066	0.4029961	1.0	False	liver	early	nucleotide_transformer
3961	0.48688823	1.1337374	0.6468492	0.83658737	0.40302607	1.0	False	liver	early	nucleotide_transformer
4445	0.48693895	1.1338682	0.64692926	0.8365763	0.4030323	1.0	False	liver	early	nucleotide_transformer
1161	0.48680538	1.1335788	0.6467734	0.8365614	0.4030407	1.0	False	liver	early	nucleotide_transformer
4685	0.48687977	1.1337495	0.6468697	0.83655953	0.4030418	1.0	False	liver	early	nucleotide_transformer
3382	0.48684853	1.1336814	0.6468329	0.83655524	0.40304416	1.0	False	liver	early	nucleotide_transformer
263	0.48693657	1.1338995	0.6469629	0.83654463	0.40305012	1.0	False	liver	early	nucleotide_transformer
2432	0.48691446	1.1338644	0.64694995	0.8365302	0.4030582	1.0	False	liver	early	nucleotide_transformer
3960	0.48691094	1.133972	0.6470611	0.8364293	0.4031148	1.0	False	liver	early	nucleotide_transformer
3817	0.48673314	1.1336108	0.6468777	0.8363863	0.40313905	1.0	False	liver	early	nucleotide_transformer
1137	0.48666745	1.133477	0.6468095	0.83636934	0.40314868	1.0	False	liver	early	nucleotide_transformer
2161	0.48671913	1.1336485	0.6469294	0.8363195	0.40317658	1.0	False	liver	early	nucleotide_transformer
2886	0.48668975	1.1336061	0.64691633	0.8363023	0.40318614	1.0	False	liver	early	nucleotide_transformer
3369	0.48666757	1.1335744	0.6469068	0.8362847	0.40319622	1.0	False	liver	early	nucleotide_transformer
2715	0.48663825	1.1335102	0.646872	0.83628094	0.40319818	1.0	False	liver	early	nucleotide_transformer
4591	0.4868257	1.1340477	0.64722204	0.83618945	0.40324968	1.0	False	liver	early	nucleotide_transformer
2075	0.48682356	1.1340449	0.6472213	0.83618766	0.40325066	1.0	False	liver	early	nucleotide_transformer
4626	0.4865679	1.1334636	0.6468957	0.8361783	0.4032559	1.0	False	liver	early	nucleotide_transformer
3150	0.48686194	1.1341987	0.6473367	0.8361316	0.40328214	1.0	False	liver	early	nucleotide_transformer
2463	0.4865114	1.1338028	0.64729136	0.8357632	0.40348938	1.0	False	liver	early	nucleotide_transformer
4642	0.48617107	1.1331902	0.6470191	0.8356086	0.40357625	1.0	False	liver	early	nucleotide_transformer
1883	0.48649353	1.1340768	0.6475833	0.83548874	0.40364358	1.0	False	liver	early	nucleotide_transformer
1813	-0.5157362	0.9078399	1.4235761	-0.828514	0.4075137	1.0	False	liver	early	nucleotide_transformer
1516	-0.51565206	0.9078306	1.4234827	-0.82840866	0.40757325	1.0	False	liver	early	nucleotide_transformer
4138	-0.51577675	0.9080876	1.4238644	-0.8283758	0.40759188	1.0	False	liver	early	nucleotide_transformer
4849	-0.5157698	0.9083385	1.4241083	-0.8281782	0.40770376	1.0	False	liver	early	nucleotide_transformer
3607	-0.51576716	0.90835744	1.4241246	-0.82816046	0.40771383	1.0	False	liver	early	nucleotide_transformer
3942	-0.5157709	0.90848637	1.4242573	-0.8280682	0.40776607	1.0	False	liver	early	nucleotide_transformer
1397	-0.5155297	0.908168	1.4236977	-0.82798946	0.40781057	1.0	False	liver	early	nucleotide_transformer
1314	-0.5155961	0.9082832	1.4238793	-0.8279881	0.40781134	1.0	False	liver	early	nucleotide_transformer
4231	-0.51565707	0.90839684	1.4240539	-0.8279839	0.4078137	1.0	False	liver	early	nucleotide_transformer
2032	-0.5157028	0.9086171	1.4243199	-0.82787895	0.40787315	1.0	False	liver	early	nucleotide_transformer
1536	-0.5155519	0.908401	1.4239529	-0.82784045	0.40789497	1.0	False	liver	early	nucleotide_transformer
3204	-0.5155959	0.9085175	1.4241134	-0.8278114	0.40791127	1.0	False	liver	early	nucleotide_transformer
1269	-0.5153692	0.90818965	1.4235588	-0.8277577	0.40794185	1.0	False	liver	early	nucleotide_transformer
2313	-0.5157105	0.9088112	1.4245217	-0.82774216	0.40795052	1.0	False	liver	early	nucleotide_transformer
4712	-0.5155462	0.9085653	1.4241115	-0.82770807	0.4079698	1.0	False	liver	early	nucleotide_transformer
2790	-0.5155425	0.9086139	1.4241564	-0.8276666	0.40799344	1.0	False	liver	early	nucleotide_transformer
264	-0.5155838	0.908781	1.4243648	-0.82759637	0.4080332	1.0	False	liver	early	nucleotide_transformer
4417	-0.5156198	0.90888673	1.4245065	-0.82756466	0.40805104	1.0	False	liver	early	nucleotide_transformer
2541	-0.5155644	0.9088827	1.4244471	-0.8274942	0.40809098	1.0	False	liver	early	nucleotide_transformer
1085	-0.5155431	0.9088496	1.4243927	-0.8274911	0.4080927	1.0	False	liver	early	nucleotide_transformer
4575	-0.5154501	0.90869844	1.4241486	-0.82748026	0.40809888	1.0	False	liver	early	nucleotide_transformer
3002	-0.51526046	0.90849686	1.4237573	-0.8273815	0.40815476	1.0	False	liver	early	nucleotide_transformer
736	-0.5152788	0.90857446	1.4238533	-0.8273449	0.40817553	1.0	False	liver	early	nucleotide_transformer
1466	-0.5154647	0.90896946	1.4244342	-0.82729423	0.40820423	1.0	False	liver	early	nucleotide_transformer
1553	-0.5152989	0.90901965	1.4243186	-0.8270353	0.40835103	1.0	False	liver	early	nucleotide_transformer
3423	-0.5150758	0.90957344	1.4246492	-0.8263216	0.4087557	1.0	False	liver	early	nucleotide_transformer
4019	-0.51477045	0.9093781	1.4241486	-0.82606083	0.40890348	1.0	False	liver	early	nucleotide_transformer
213	-0.54778874	1.1352295	1.6830182	-0.79782915	0.42510065	1.0	False	liver	early	nucleotide_transformer
2513	-0.54756784	1.1351904	1.6827582	-0.7975794	0.42524552	1.0	False	liver	early	nucleotide_transformer
2607	-0.5478265	1.1359996	1.6838261	-0.79741704	0.42533982	1.0	False	liver	early	nucleotide_transformer
3265	-0.5476804	1.1357515	1.6834319	-0.79738396	0.42535907	1.0	False	liver	early	nucleotide_transformer
3997	-0.54766154	1.1357327	1.6833942	-0.797371	0.42536667	1.0	False	liver	early	nucleotide_transformer
2736	-0.5475874	1.1356609	1.6832483	-0.7973223	0.425395	1.0	False	liver	early	nucleotide_transformer
1139	-0.5475035	1.1355058	1.6830093	-0.7973101	0.42540193	1.0	False	liver	early	nucleotide_transformer
2881	-0.54764843	1.1358083	1.6834568	-0.79730916	0.4254026	1.0	False	liver	early	nucleotide_transformer
2015	-0.5472238	1.1349694	1.6821932	-0.7972836	0.4254173	1.0	False	liver	early	nucleotide_transformer
276	-0.5474597	1.1355783	1.683038	-0.7972132	0.42545828	1.0	False	liver	early	nucleotide_transformer
385	-0.54718065	1.1350169	1.6821976	-0.7972017	0.42546493	1.0	False	liver	early	nucleotide_transformer
5063	-0.54739	1.135457	1.682847	-0.7971993	0.42546636	1.0	False	liver	early	nucleotide_transformer
4360	-0.5475764	1.1358871	1.6834636	-0.7971738	0.4254811	1.0	False	liver	early	nucleotide_transformer
3909	-0.54728913	1.1353436	1.6826327	-0.7971421	0.4254995	1.0	False	liver	early	nucleotide_transformer
4970	-0.54750276	1.1358069	1.6833097	-0.79712915	0.4255069	1.0	False	liver	early	nucleotide_transformer
4543	-0.54722154	1.1355488	1.6827704	-0.79693615	0.42561907	1.0	False	liver	early	nucleotide_transformer
2343	-0.5471549	1.1354178	1.6825727	-0.79693115	0.425622	1.0	False	liver	early	nucleotide_transformer
3615	-0.5471916	1.1357945	1.6829861	-0.796751	0.42572644	1.0	False	liver	early	nucleotide_transformer
3657	-0.5470675	1.1355623	1.6826298	-0.7967367	0.42573467	1.0	False	liver	early	nucleotide_transformer
4349	-0.5466056	1.13677	1.6833756	-0.7954436	0.4264863	1.0	False	liver	early	nucleotide_transformer
146	-0.54632795	1.136384	1.682712	-0.7953289	0.4265528	1.0	False	liver	early	nucleotide_transformer
3982	-0.54623437	1.1370262	1.6832606	-0.7948326	0.42684138	1.0	False	liver	early	nucleotide_transformer
2552	-0.57964826	1.3624966	1.9421449	-0.778127	0.43662322	1.0	False	liver	early	nucleotide_transformer
136	-0.5795826	1.362486	1.9420686	-0.7780556	0.43666527	1.0	False	liver	early	nucleotide_transformer
1563	-0.57962704	1.3626834	1.9423105	-0.7780101	0.4366921	1.0	False	liver	early	nucleotide_transformer
2662	-0.5790973	1.3624136	1.9415109	-0.777526	0.4369775	1.0	False	liver	early	nucleotide_transformer
4884	-0.5791036	1.3627148	1.9418184	-0.77738464	0.4370609	1.0	False	liver	early	nucleotide_transformer
2878	-0.5790477	1.3626026	1.9416503	-0.77737516	0.43706644	1.0	False	liver	early	nucleotide_transformer
1331	-0.579021	1.3629085	1.9419295	-0.7771937	0.43717334	1.0	False	liver	early	nucleotide_transformer
3004	-0.5790149	1.362894	1.941909	-0.77719367	0.43717337	1.0	False	liver	early	nucleotide_transformer
2911	-0.5790405	1.3630038	1.9420444	-0.77716964	0.43718755	1.0	False	liver	early	nucleotide_transformer
4990	-0.5790299	1.3629966	1.9420265	-0.77716094	0.4371927	1.0	False	liver	early	nucleotide_transformer
3583	-0.5789437	1.3628623	1.9418061	-0.77712667	0.43721288	1.0	False	liver	early	nucleotide_transformer
1152	-0.5790051	1.3630115	1.9420166	-0.77712464	0.4372141	1.0	False	liver	early	nucleotide_transformer
4581	-0.5789603	1.3629876	1.9419479	-0.77708423	0.4372379	1.0	False	liver	early	nucleotide_transformer
3813	-0.5790782	1.3632845	1.9423627	-0.7770753	0.43724316	1.0	False	liver	early	nucleotide_transformer
3920	-0.5790651	1.3632596	1.9423246	-0.7770726	0.4372448	1.0	False	liver	early	nucleotide_transformer
1922	-0.57884645	1.3627511	1.9415976	-0.77706784	0.43724763	1.0	False	liver	early	nucleotide_transformer
3601	-0.5787853	1.3627326	1.941518	-0.77700615	0.43728408	1.0	False	liver	early	nucleotide_transformer
3254	-0.5788541	1.3630646	1.9419187	-0.7769226	0.43733332	1.0	False	liver	early	nucleotide_transformer
3088	-0.5788002	1.3629624	1.9417626	-0.77690995	0.43734074	1.0	False	liver	early	nucleotide_transformer
287	-0.578851	1.3631061	1.9419571	-0.77689856	0.43734747	1.0	False	liver	early	nucleotide_transformer
849	-0.5786412	1.3631259	1.9417671	-0.77664423	0.43749744	1.0	False	liver	early	nucleotide_transformer
1789	-0.5784595	1.362762	1.9412215	-0.7766113	0.437517	1.0	False	liver	early	nucleotide_transformer
584	-0.5787411	1.3636221	1.9423631	-0.77651703	0.4375727	1.0	False	liver	early	nucleotide_transformer
985	-0.57841706	1.3639873	1.9424044	-0.7759597	0.43790156	1.0	False	liver	early	nucleotide_transformer
1858	-0.57824385	1.3637017	1.9419456	-0.7758987	0.43793756	1.0	False	liver	early	nucleotide_transformer
1418	0.6175368	2.0421584	1.4246216	0.77196985	0.44030213	1.0	False	liver	early	nucleotide_transformer
2692	0.6173669	2.0424628	1.4250959	0.771603	0.44051933	1.0	False	liver	early	nucleotide_transformer
3992	0.61721075	2.0421765	1.4249657	0.7715045	0.44057772	1.0	False	liver	early	nucleotide_transformer
3576	0.61715174	2.0420952	1.4249434	0.7714559	0.44060636	1.0	False	liver	early	nucleotide_transformer
2327	0.6170274	2.0419986	1.4249712	0.7713229	0.44068506	1.0	False	liver	early	nucleotide_transformer
1149	0.68289137	2.4966862	1.8137949	0.7686682	0.44225645	1.0	False	liver	early	nucleotide_transformer
1172	0.6828737	2.496925	1.8140514	0.7685648	0.44231787	1.0	False	liver	early	nucleotide_transformer
2825	-0.61171067	1.5893785	2.2010891	-0.76590204	0.44386256	1.0	False	liver	early	nucleotide_transformer
3174	-0.6113225	1.5898019	2.2011244	-0.7652946	0.44422418	1.0	False	liver	early	nucleotide_transformer
3940	-0.6111293	1.5900602	2.2011895	-0.7649742	0.44441476	1.0	False	liver	early	nucleotide_transformer
2667	-0.6110929	1.5900773	2.2011702	-0.7649267	0.44444305	1.0	False	liver	early	nucleotide_transformer
5044	-0.6108446	1.5900805	2.200925	-0.7646515	0.44460705	1.0	False	liver	early	nucleotide_transformer
990	-0.6108482	1.590431	2.2012792	-0.76450807	0.4446926	1.0	False	liver	early	nucleotide_transformer
4762	-0.61082304	1.5906662	2.2014892	-0.7643822	0.4447674	1.0	False	liver	early	nucleotide_transformer
4401	0.39077383	0.9083069	0.51753306	0.74929124	0.45385963	1.0	False	liver	early	nucleotide_transformer
459	0.39063698	0.90804225	0.5174053	0.7492378	0.45389187	1.0	False	liver	early	nucleotide_transformer
1090	0.38990992	0.9072224	0.51731247	0.7483885	0.4544034	1.0	False	liver	early	nucleotide_transformer
4780	0.3899148	0.90725136	0.51733655	0.74837124	0.4544137	1.0	False	liver	early	nucleotide_transformer
4735	0.38990343	0.90724206	0.51733863	0.7483542	0.45442408	1.0	False	liver	early	nucleotide_transformer
1419	0.38994485	0.9073875	0.51744264	0.74830717	0.45445237	1.0	False	liver	early	nucleotide_transformer
1578	0.38995004	0.90740377	0.51745373	0.7483035	0.4544546	1.0	False	liver	early	nucleotide_transformer
255	0.3898992	0.9073204	0.5174212	0.748269	0.45447537	1.0	False	liver	early	nucleotide_transformer
356	0.3898452	0.907224	0.5173788	0.74824	0.45449287	1.0	False	liver	early	nucleotide_transformer
2054	0.38990718	0.9073921	0.5174849	0.7482167	0.4545069	1.0	False	liver	early	nucleotide_transformer
2151	0.38987142	0.9073174	0.517446	0.748207	0.45451277	1.0	False	liver	early	nucleotide_transformer
485	0.38985705	0.9072998	0.51744276	0.74819285	0.45452124	1.0	False	liver	early	nucleotide_transformer
1396	0.38985223	0.90741724	0.517565	0.7480662	0.4545976	1.0	False	liver	early	nucleotide_transformer
4109	0.38978362	0.90731454	0.5175309	0.7480115	0.45463058	1.0	False	liver	early	nucleotide_transformer
1592	0.3897233	0.9072282	0.5175049	0.74795717	0.45466334	1.0	False	liver	early	nucleotide_transformer
461	0.38969237	0.90724415	0.5175518	0.7478714	0.45471507	1.0	False	liver	early	nucleotide_transformer
2880	0.3896094	0.90715533	0.51754594	0.7477695	0.45477656	1.0	False	liver	early	nucleotide_transformer
2959	0.38938868	0.9066927	0.517304	0.74772125	0.45480558	1.0	False	liver	early	nucleotide_transformer
696	0.38967013	0.9073764	0.5177063	0.7476921	0.45482317	1.0	False	liver	early	nucleotide_transformer
2315	0.3893419	0.9067012	0.5173593	0.7476068	0.4548746	1.0	False	liver	early	nucleotide_transformer
1112	0.38960606	0.9073466	0.51774055	0.7475768	0.45489272	1.0	False	liver	early	nucleotide_transformer
2312	0.3893512	0.9067562	0.51740503	0.74757415	0.45489424	1.0	False	liver	early	nucleotide_transformer
714	0.38933158	0.9067573	0.5174257	0.7475283	0.4549218	1.0	False	liver	early	nucleotide_transformer
1896	0.38945425	0.90705794	0.5176037	0.7475111	0.45493218	1.0	False	liver	early	nucleotide_transformer
590	0.38938087	0.9069592	0.5175783	0.7474422	0.4549738	1.0	False	liver	early	nucleotide_transformer
1598	0.38937706	0.9069801	0.51760304	0.74741316	0.45499128	1.0	False	liver	early	nucleotide_transformer
3851	0.38928705	0.9068489	0.51756185	0.74733615	0.45503786	1.0	False	liver	early	nucleotide_transformer
3127	0.3892786	0.9068533	0.5175747	0.7473125	0.4550521	1.0	False	liver	early	nucleotide_transformer
1265	0.3893286	0.9069902	0.5176616	0.7472931	0.4550638	1.0	False	liver	early	nucleotide_transformer
2364	0.38924938	0.90704733	0.51779795	0.7470562	0.45520666	1.0	False	liver	early	nucleotide_transformer
79	0.38905555	0.906991	0.51793545	0.7466704	0.45543954	1.0	False	liver	early	nucleotide_transformer
3408	2.4362946	110.30103	107.86474	0.7424757	0.4579386	1.0	False	liver	early	nucleotide_transformer
3346	-0.3235087	0.45363513	0.77714384	-0.71820176	0.47274357	1.0	False	liver	early	nucleotide_transformer
2751	-0.32317054	0.45341963	0.77659017	-0.7178764	0.4729442	1.0	False	liver	early	nucleotide_transformer
318	-0.32318735	0.45356333	0.7767507	-0.7177258	0.47303715	1.0	False	liver	early	nucleotide_transformer
421	-0.32314998	0.45353562	0.7766856	-0.7176939	0.47305664	1.0	False	liver	early	nucleotide_transformer
437	-0.323117	0.45352796	0.77664495	-0.7176458	0.47308642	1.0	False	liver	early	nucleotide_transformer
635	-0.32303527	0.45347723	0.7765125	-0.71756536	0.47313604	1.0	False	liver	early	nucleotide_transformer
3964	-0.3227158	0.45329985	0.77601564	-0.71722263	0.47334734	1.0	False	liver	early	nucleotide_transformer
155	-0.3227334	0.45344508	0.7761785	-0.71707124	0.47344077	1.0	False	liver	early	nucleotide_transformer
1635	-0.32304242	0.45392075	0.7769632	-0.71701944	0.4734727	1.0	False	liver	early	nucleotide_transformer
3651	-0.32297602	0.45383444	0.77681047	-0.7170128	0.47347677	1.0	False	liver	early	nucleotide_transformer
950	-0.32298896	0.4538658	0.77685475	-0.7169965	0.47348675	1.0	False	liver	early	nucleotide_transformer
1527	-0.32297447	0.45388642	0.7768609	-0.7169451	0.47351855	1.0	False	liver	early	nucleotide_transformer
2674	-0.32277268	0.45361185	0.77638453	-0.7169322	0.47352648	1.0	False	liver	early	nucleotide_transformer
2682	-0.32278496	0.4536336	0.77641857	-0.7169266	0.47353	1.0	False	liver	early	nucleotide_transformer
1523	-0.32273	0.45355767	0.7762877	-0.7169242	0.47353145	1.0	False	liver	early	nucleotide_transformer
4651	-0.32289952	0.4538116	0.7767111	-0.71690637	0.47354236	1.0	False	liver	early	nucleotide_transformer
4823	-0.3230447	0.45401844	0.77706313	-0.7168995	0.47354662	1.0	False	liver	early	nucleotide_transformer
1588	-0.3225929	0.45340425	0.77599716	-0.7168744	0.47356212	1.0	False	liver	early	nucleotide_transformer
2291	-0.32265535	0.45350072	0.77615607	-0.7168645	0.4735682	1.0	False	liver	early	nucleotide_transformer
2352	-0.32287884	0.45381618	0.776695	-0.71686405	0.47356847	1.0	False	liver	early	nucleotide_transformer
1900	-0.32260954	0.45344508	0.7760546	-0.7168525	0.47357568	1.0	False	liver	early	nucleotide_transformer
1303	-0.32266656	0.45355317	0.7762197	-0.7168186	0.47359666	1.0	False	liver	early	nucleotide_transformer
4308	-0.32252687	0.45335788	0.77588475	-0.71681565	0.47359845	1.0	False	liver	early	nucleotide_transformer
2302	-0.32285106	0.45382792	0.776679	-0.71680033	0.47360787	1.0	False	liver	early	nucleotide_transformer
4999	-0.32280034	0.4537748	0.77657515	-0.7167761	0.47362286	1.0	False	liver	early	nucleotide_transformer
1757	-0.32265392	0.45360664	0.77626055	-0.7167291	0.4736519	1.0	False	liver	early	nucleotide_transformer
23	-0.32254672	0.4534809	0.7760276	-0.7166965	0.4736719	1.0	False	liver	early	nucleotide_transformer
1187	-0.32290316	0.45402634	0.7769295	-0.71664065	0.47370633	1.0	False	liver	early	nucleotide_transformer
1249	-0.3228327	0.45396137	0.7767941	-0.71659935	0.47373185	1.0	False	liver	early	nucleotide_transformer
5100	-0.32266873	0.453784	0.7764527	-0.71653306	0.47377276	1.0	False	liver	early	nucleotide_transformer
143	-0.32268173	0.453829	0.7765107	-0.7164998	0.47379324	1.0	False	liver	early	nucleotide_transformer
1355	-0.32253724	0.45362777	0.776165	-0.7164963	0.4737954	1.0	False	liver	early	nucleotide_transformer
4140	-0.32261476	0.45373973	0.7763545	-0.716493	0.47379735	1.0	False	liver	early	nucleotide_transformer
2917	-0.32246614	0.45355767	0.7760238	-0.71645844	0.47381872	1.0	False	liver	early	nucleotide_transformer
1462	-0.32253808	0.45369768	0.77623576	-0.71641046	0.47384828	1.0	False	liver	early	nucleotide_transformer
3549	-0.32256684	0.4537594	0.77632624	-0.71638364	0.4738649	1.0	False	liver	early	nucleotide_transformer
24	-0.32255605	0.45375964	0.7763157	-0.716363	0.4738776	1.0	False	liver	early	nucleotide_transformer
4294	-0.32287812	0.45421273	0.77709085	-0.7163623	0.473878	1.0	False	liver	early	nucleotide_transformer
2192	-0.3226985	0.45399418	0.7766927	-0.716321	0.47390357	1.0	False	liver	early	nucleotide_transformer
1512	-0.32247084	0.4537021	0.77617294	-0.71628493	0.4739258	1.0	False	liver	early	nucleotide_transformer
3141	-0.32250482	0.45375097	0.7762558	-0.7162834	0.47392684	1.0	False	liver	early	nucleotide_transformer
1401	-0.3223668	0.45356205	0.77592885	-0.7162766	0.47393098	1.0	False	liver	early	nucleotide_transformer
4040	-0.32250243	0.4537722	0.7762746	-0.71625364	0.4739451	1.0	False	liver	early	nucleotide_transformer
713	-0.32247567	0.45374244	0.7762181	-0.71624285	0.4739518	1.0	False	liver	early	nucleotide_transformer
296	-0.32239333	0.45365253	0.77604586	-0.71621	0.4739722	1.0	False	liver	early	nucleotide_transformer
2631	-0.32276043	0.45417526	0.7769357	-0.7162014	0.47397757	1.0	False	liver	early	nucleotide_transformer
655	-0.3226425	0.4540133	0.7766558	-0.7161982	0.47397944	1.0	False	liver	early	nucleotide_transformer
2112	-0.32230905	0.45354953	0.7758586	-0.7161901	0.4739845	1.0	False	liver	early	nucleotide_transformer
1070	-0.32245368	0.4537776	0.7762313	-0.71616095	0.47400245	1.0	False	liver	early	nucleotide_transformer
2841	-0.3227194	0.4541676	0.776887	-0.71613854	0.47401628	1.0	False	liver	early	nucleotide_transformer
4037	-0.32253972	0.45391795	0.77645767	-0.71613604	0.4740178	1.0	False	liver	early	nucleotide_transformer
2846	-0.3227071	0.45416597	0.77687305	-0.71611875	0.47402847	1.0	False	liver	early	nucleotide_transformer
4638	-0.32260156	0.45402962	0.7766312	-0.7161052	0.4740368	1.0	False	liver	early	nucleotide_transformer
3775	-0.32250577	0.45389777	0.77640355	-0.71610135	0.4740393	1.0	False	liver	early	nucleotide_transformer
1693	-0.32264167	0.4540934	0.77673507	-0.7160966	0.47404215	1.0	False	liver	early	nucleotide_transformer
2649	-0.32263303	0.45408392	0.77671695	-0.716093	0.4740443	1.0	False	liver	early	nucleotide_transformer
2598	-0.32262543	0.45409533	0.77672076	-0.71606517	0.4740616	1.0	False	liver	early	nucleotide_transformer
4483	-0.3226978	0.45422456	0.77692235	-0.71602905	0.4740838	1.0	False	liver	early	nucleotide_transformer
381	-0.32261	0.45417312	0.7767831	-0.71594083	0.47413835	1.0	False	liver	early	nucleotide_transformer
2210	-0.32242092	0.45391694	0.77633786	-0.71592766	0.47414652	1.0	False	liver	early	nucleotide_transformer
3175	-0.32263213	0.45424324	0.7768754	-0.7158902	0.47416958	1.0	False	liver	early	nucleotide_transformer
4080	-0.3226527	0.4542901	0.7769428	-0.7158673	0.47418377	1.0	False	liver	early	nucleotide_transformer
3521	-0.32263693	0.45429304	0.77693	-0.71583575	0.47420335	1.0	False	liver	early	nucleotide_transformer
3936	-0.3222043	0.45369107	0.77589536	-0.7158281	0.47420797	1.0	False	liver	early	nucleotide_transformer
585	-0.3228289	0.4546334	0.7774623	-0.7157494	0.4742567	1.0	False	liver	early	nucleotide_transformer
2182	-0.3225856	0.45433447	0.7769201	-0.7156932	0.47429127	1.0	False	liver	early	nucleotide_transformer
3697	-0.3223916	0.45406726	0.77645886	-0.7156872	0.47429493	1.0	False	liver	early	nucleotide_transformer
1195	-0.322283	0.45396337	0.77624637	-0.7156251	0.47433344	1.0	False	liver	early	nucleotide_transformer
2507	-0.32216734	0.45392865	0.776096	-0.7154652	0.47443214	1.0	False	liver	early	nucleotide_transformer
324	-0.3222181	0.4540098	0.7762279	-0.71545225	0.47444013	1.0	False	liver	early	nucleotide_transformer
1477	-0.32226372	0.4541229	0.7763866	-0.71539146	0.47447765	1.0	False	liver	early	nucleotide_transformer
2769	-0.32215646	0.45398316	0.7761396	-0.715377	0.47448656	1.0	False	liver	early	nucleotide_transformer
4961	-0.3221979	0.45404398	0.7762419	-0.71537375	0.4744886	1.0	False	liver	early	nucleotide_transformer
4811	-0.32225084	0.45412248	0.7763733	-0.71536845	0.4744919	1.0	False	liver	early	nucleotide_transformer
4590	-0.32222533	0.45412898	0.7763543	-0.71531624	0.4745241	1.0	False	liver	early	nucleotide_transformer
1181	-0.3227093	0.45482448	0.77753377	-0.7152997	0.4745343	1.0	False	liver	early	nucleotide_transformer
215	-0.32224628	0.4541783	0.7764246	-0.71529114	0.47453955	1.0	False	liver	early	nucleotide_transformer
3870	-0.32212615	0.45403808	0.77616423	-0.71525455	0.47456217	1.0	False	liver	early	nucleotide_transformer
597	-0.3224466	0.45450583	0.77695245	-0.71523356	0.47457525	1.0	False	liver	early	nucleotide_transformer
3022	-0.32250232	0.45458764	0.77708995	-0.71522975	0.4745776	1.0	False	liver	early	nucleotide_transformer
3328	-0.32209793	0.45404312	0.77614105	-0.715198	0.47459713	1.0	False	liver	early	nucleotide_transformer
320	-0.32216156	0.45415407	0.7763156	-0.71517223	0.474613	1.0	False	liver	early	nucleotide_transformer
2153	-0.3224884	0.45461872	0.7771071	-0.71516645	0.4746166	1.0	False	liver	early	nucleotide_transformer
1131	-0.3220737	0.4540348	0.7761085	-0.7151654	0.47461724	1.0	False	liver	early	nucleotide_transformer
42	-0.32214767	0.45415026	0.7762979	-0.7151519	0.47462562	1.0	False	liver	early	nucleotide_transformer
3551	-0.32247546	0.4546177	0.7770932	-0.7151448	0.47462997	1.0	False	liver	early	nucleotide_transformer
4280	-0.32239679	0.4545376	0.7769344	-0.7151059	0.47465393	1.0	False	liver	early	nucleotide_transformer
1424	-0.3223754	0.45452335	0.77689874	-0.71508586	0.47466636	1.0	False	liver	early	nucleotide_transformer
3809	-0.3224161	0.45460925	0.77702534	-0.7150506	0.4746881	1.0	False	liver	early	nucleotide_transformer
1431	-0.32241914	0.45461634	0.7770355	-0.7150471	0.4746903	1.0	False	liver	early	nucleotide_transformer
298	-0.32242152	0.4546809	0.7771024	-0.71497077	0.4747374	1.0	False	liver	early	nucleotide_transformer
4079	-0.32229477	0.4545586	0.7768534	-0.714902	0.4747799	1.0	False	liver	early	nucleotide_transformer
2367	-0.32237756	0.45471114	0.7770887	-0.71485525	0.47480878	1.0	False	liver	early	nucleotide_transformer
2103	-0.32217503	0.45449197	0.776667	-0.7147736	0.4748592	1.0	False	liver	early	nucleotide_transformer
2671	-0.32183942	0.45418373	0.77602315	-0.71456474	0.47498822	1.0	False	liver	early	nucleotide_transformer
1958	-0.32202846	0.45448083	0.7765093	-0.71452856	0.47501063	1.0	False	liver	early	nucleotide_transformer
2047	-0.32234475	0.45506653	0.7774113	-0.7143537	0.47511876	1.0	False	liver	early	nucleotide_transformer
4748	-0.32175496	0.4542419	0.77599686	-0.7143431	0.47512525	1.0	False	liver	early	nucleotide_transformer
4694	-0.32167026	0.4541416	0.77581185	-0.7143182	0.47514063	1.0	False	liver	early	nucleotide_transformer
1486	-0.32238466	0.45517278	0.77755743	-0.71429175	0.47515702	1.0	False	liver	early	nucleotide_transformer
3577	-0.32172152	0.45430014	0.77602166	-0.71421105	0.47520685	1.0	False	liver	early	nucleotide_transformer
2606	-0.32168996	0.45426083	0.7759508	-0.71420443	0.47521102	1.0	False	liver	early	nucleotide_transformer
12	-0.3221521	0.4549661	0.7771182	-0.7141394	0.47525123	1.0	False	liver	early	nucleotide_transformer
4339	-0.32166195	0.4542868	0.77594876	-0.7141223	0.4752618	1.0	False	liver	early	nucleotide_transformer
962	-0.32194135	0.45468274	0.7766241	-0.7141217	0.47526217	1.0	False	liver	early	nucleotide_transformer
33	-0.3217438	0.45445704	0.77620083	-0.71405387	0.47530413	1.0	False	liver	early	nucleotide_transformer
2033	-0.32187095	0.45470497	0.7765759	-0.7139698	0.47535604	1.0	False	liver	early	nucleotide_transformer
377	-0.3217187	0.454548	0.7762667	-0.713897	0.4754011	1.0	False	liver	early	nucleotide_transformer
2782	-0.32164976	0.45454392	0.7761937	-0.7137797	0.47547364	1.0	False	liver	early	nucleotide_transformer
3038	-0.32156038	0.45463103	0.7761914	-0.71351314	0.47563845	1.0	False	liver	early	nucleotide_transformer
4986	-0.32154736	0.45463517	0.77618253	-0.7134852	0.47565567	1.0	False	liver	early	nucleotide_transformer
186	-0.32173303	0.45490202	0.77663505	-0.71348107	0.4756583	1.0	False	liver	early	nucleotide_transformer
3372	-0.32170048	0.45490268	0.77660316	-0.7134227	0.4756943	1.0	False	liver	early	nucleotide_transformer
1589	-0.32171497	0.4549413	0.77665627	-0.7134002	0.47570828	1.0	False	liver	early	nucleotide_transformer
2254	-0.32159403	0.45477268	0.7763667	-0.7133963	0.47571063	1.0	False	liver	early	nucleotide_transformer
1862	-0.32163146	0.45483175	0.7764632	-0.71338916	0.4757151	1.0	False	liver	early	nucleotide_transformer
326	-0.3217084	0.454941	0.7766494	-0.713389	0.47571522	1.0	False	liver	early	nucleotide_transformer
2535	-0.32172984	0.45498013	0.77671	-0.7133781	0.47572193	1.0	False	liver	early	nucleotide_transformer
3932	-0.32173827	0.4550031	0.7767414	-0.7133644	0.47573042	1.0	False	liver	early	nucleotide_transformer
1346	-0.32169616	0.45494586	0.776642	-0.7133613	0.47573224	1.0	False	liver	early	nucleotide_transformer
4977	-0.32147726	0.454671	0.77614826	-0.71331656	0.47576	1.0	False	liver	early	nucleotide_transformer
4034	-0.32170385	0.45499617	0.7767	-0.7133123	0.47576267	1.0	False	liver	early	nucleotide_transformer
226	-0.32146204	0.45467395	0.776136	-0.71328604	0.4757789	1.0	False	liver	early	nucleotide_transformer
3252	-0.32160038	0.45497948	0.77657986	-0.7131502	0.47586292	1.0	False	liver	early	nucleotide_transformer
2393	-0.32152012	0.45491114	0.77643126	-0.7130934	0.47589806	1.0	False	liver	early	nucleotide_transformer
110	-0.32142004	0.4550126	0.77643263	-0.71279	0.47608578	1.0	False	liver	early	nucleotide_transformer
1365	-0.3215907	0.45525643	0.7768471	-0.71278816	0.4760869	1.0	False	liver	early	nucleotide_transformer
1943	2.5188446	101.99693	99.47809	0.7105607	0.47749025	1.0	False	liver	early	nucleotide_transformer
4757	0.45587468	1.3619686	0.90609396	0.7007778	0.48359653	1.0	False	liver	early	nucleotide_transformer
3665	0.45484072	1.3606651	0.90582436	0.69972956	0.48425084	1.0	False	liver	early	nucleotide_transformer
1243	0.4546466	1.3604925	0.9058459	0.6994903	0.48440012	1.0	False	liver	early	nucleotide_transformer
719	0.4547752	1.3609776	0.90620244	0.69943285	0.48443612	1.0	False	liver	early	nucleotide_transformer
3610	0.4546944	1.3609045	0.90621006	0.699334	0.48449764	1.0	False	liver	early	nucleotide_transformer
516	0.4545862	1.3608401	0.9062539	0.6991821	0.4845926	1.0	False	liver	early	nucleotide_transformer
1133	0.45447248	1.3607352	0.9062627	0.69904435	0.48467863	1.0	False	liver	early	nucleotide_transformer
1044	0.45439184	1.3605162	0.90612435	0.6990305	0.48468727	1.0	False	liver	early	nucleotide_transformer
5040	0.45457023	1.3612449	0.9066747	0.69891846	0.48475724	1.0	False	liver	early	nucleotide_transformer
851	0.45458305	1.3613696	0.90678656	0.6988684	0.48478845	1.0	False	liver	early	nucleotide_transformer
4074	0.45444334	1.3609656	0.9065223	0.6988593	0.48479405	1.0	False	liver	early	nucleotide_transformer
4436	0.4543122	1.360606	0.90629375	0.6988387	0.4848071	1.0	False	liver	early	nucleotide_transformer
508	0.45433003	1.3607224	0.9063924	0.6988022	0.48482984	1.0	False	liver	early	nucleotide_transformer
1099	0.45446008	1.3611273	0.9066672	0.69879407	0.48483494	1.0	False	liver	early	nucleotide_transformer
2407	0.4544738	1.3613633	0.9068895	0.69868016	0.48490617	1.0	False	liver	early	nucleotide_transformer
4821	0.45434713	1.361087	0.90673983	0.69862014	0.48494366	1.0	False	liver	early	nucleotide_transformer
1212	0.45421112	1.3608913	0.9066802	0.6984959	0.48502123	1.0	False	liver	early	nucleotide_transformer
2199	0.65186524	2.7246768	2.0728116	0.6980909	0.48526615	1.0	False	liver	early	nucleotide_transformer
3375	0.6516838	2.72412	2.072436	0.6980329	0.48530257	1.0	False	liver	early	nucleotide_transformer
888	0.65127325	2.724006	2.0727327	0.69758314	0.4855837	1.0	False	liver	early	nucleotide_transformer
4551	0.5859623	2.2695494	1.6835871	0.68919426	0.49084625	1.0	False	liver	early	nucleotide_transformer
3734	0.5856925	2.268863	1.6831704	0.68907565	0.49092072	1.0	False	liver	early	nucleotide_transformer
1823	0.58562577	2.2688217	1.683196	0.68900216	0.49096695	1.0	False	liver	early	nucleotide_transformer
2512	0.58551455	2.2691011	1.6835866	0.68876296	0.49111748	1.0	False	liver	early	nucleotide_transformer
3195	0.58553016	2.2692683	1.6837381	0.6887271	0.49114	1.0	False	liver	early	nucleotide_transformer
2057	0.58551824	2.2692552	1.6837369	0.6887167	0.4911466	1.0	False	liver	early	nucleotide_transformer
3568	0.5854038	2.2691555	1.6837517	0.68860054	0.49121967	1.0	False	liver	early	nucleotide_transformer
2224	0.585292	2.2692747	1.6839827	0.68841666	0.49133533	1.0	False	liver	early	nucleotide_transformer
3707	0.58539116	2.2699835	1.6845924	0.68830484	0.4914058	1.0	False	liver	early	nucleotide_transformer
1074	0.58539426	2.270016	1.6846217	0.68829775	0.49141017	1.0	False	liver	early	nucleotide_transformer
4228	0.5201665	1.8151752	1.2950087	0.68699443	0.4922332	1.0	False	liver	early	nucleotide_transformer
4604	0.5201249	1.8151594	1.2950345	0.6869397	0.49226776	1.0	False	liver	early	nucleotide_transformer
2569	0.5201547	1.8156579	1.2955031	0.68677324	0.49237257	1.0	False	liver	early	nucleotide_transformer
4058	0.51983035	1.8154322	1.2956018	0.68639	0.49261403	1.0	False	liver	early	nucleotide_transformer
3094	0.5197363	1.8151388	1.2954025	0.686375	0.49262345	1.0	False	liver	early	nucleotide_transformer
778	0.5197724	1.8154807	1.2957083	0.686284	0.4926808	1.0	False	liver	early	nucleotide_transformer
1310	0.5196096	1.815283	1.2956734	0.6861274	0.49277943	1.0	False	liver	early	nucleotide_transformer
1727	1.9763794	124.43191	122.45553	0.66306615	0.5074113	1.0	False	liver	early	nucleotide_transformer
4701	-0.35500282	0.6801453	1.0351481	-0.66297126	0.50745374	1.0	False	liver	early	nucleotide_transformer
2534	-0.35487038	0.6800162	1.0348866	-0.66286856	0.5075194	1.0	False	liver	early	nucleotide_transformer
3501	-0.35491306	0.6801953	1.0351083	-0.6627893	0.50757015	1.0	False	liver	early	nucleotide_transformer
2676	-0.35482913	0.6806317	1.0354608	-0.66229904	0.50788397	1.0	False	liver	early	nucleotide_transformer
4924	-0.35467798	0.680729	1.035407	-0.6619821	0.5080871	1.0	False	liver	early	nucleotide_transformer
3760	-0.3547266	0.68100387	1.0357305	-0.6618343	0.50818187	1.0	False	liver	early	nucleotide_transformer
1707	-0.3545643	0.6808735	1.0354378	-0.66168547	0.5082773	1.0	False	liver	early	nucleotide_transformer
2482	-0.35462368	0.68103874	1.0356624	-0.66164327	0.5083043	1.0	False	liver	early	nucleotide_transformer
4589	-0.3548078	0.68159515	1.036403	-0.6614791	0.5084094	1.0	False	liver	early	nucleotide_transformer
1726	-0.35454285	0.6812247	1.0357676	-0.6613647	0.5084828	1.0	False	liver	early	nucleotide_transformer
265	-0.35443473	0.681036	1.0354707	-0.6613492	0.5084928	1.0	False	liver	early	nucleotide_transformer
4873	-0.3545136	0.68119365	1.0357072	-0.6613442	0.508496	1.0	False	liver	early	nucleotide_transformer
4195	-0.3544494	0.68109405	1.0355434	-0.6613247	0.5085085	1.0	False	liver	early	nucleotide_transformer
4941	-0.35454166	0.6812892	1.0358309	-0.6613099	0.508518	1.0	False	liver	early	nucleotide_transformer
3168	-0.3545627	0.6813536	1.0359163	-0.6612915	0.50852984	1.0	False	liver	early	nucleotide_transformer
4625	-0.3546291	0.6815372	1.0361663	-0.6612451	0.5085594	1.0	False	liver	early	nucleotide_transformer
703	-0.354405	0.68114775	1.0355527	-0.66121083	0.5085816	1.0	False	liver	early	nucleotide_transformer
3151	-0.35455102	0.68143314	1.0359842	-0.6612084	0.5085832	1.0	False	liver	early	nucleotide_transformer
2795	-0.354429	0.681226	1.035655	-0.66118497	0.508598	1.0	False	liver	early	nucleotide_transformer
3376	-0.35421968	0.68087363	1.0350933	-0.66114324	0.5086248	1.0	False	liver	early	nucleotide_transformer
3878	-0.35455245	0.68152195	1.0360744	-0.66113764	0.5086284	1.0	False	liver	early	nucleotide_transformer
1279	-0.35423785	0.68091637	1.0351542	-0.661137	0.5086288	1.0	False	liver	early	nucleotide_transformer
3606	-0.3544826	0.6814119	1.0358945	-0.6611179	0.50864106	1.0	False	liver	early	nucleotide_transformer
1681	-0.35426593	0.6810528	1.0353187	-0.66107005	0.50867176	1.0	False	liver	early	nucleotide_transformer
4574	-0.35449213	0.6814894	1.0359815	-0.66106963	0.508672	1.0	False	liver	early	nucleotide_transformer
313	-0.35396248	0.6805549	1.0345174	-0.66100264	0.5087151	1.0	False	liver	early	nucleotide_transformer
2101	-0.35426342	0.68118155	1.035445	-0.66096133	0.50874144	1.0	False	liver	early	nucleotide_transformer
3309	-0.35441786	0.68159753	1.0360154	-0.66086483	0.5088034	1.0	False	liver	early	nucleotide_transformer
4011	-0.35425508	0.6813104	1.0355655	-0.6608432	0.5088172	1.0	False	liver	early	nucleotide_transformer
4840	-0.35438108	0.6816032	1.0359843	-0.6608027	0.50884324	1.0	False	liver	early	nucleotide_transformer
1189	-0.3541082	0.68131566	1.0354239	-0.6606084	0.5089678	1.0	False	liver	early	nucleotide_transformer
4528	-0.35420066	0.6818214	1.0360221	-0.6603402	0.5091398	1.0	False	liver	early	nucleotide_transformer
3298	-0.35418695	0.6818381	1.036025	-0.660305	0.50916237	1.0	False	liver	early	nucleotide_transformer
610	-0.35416758	0.6818551	1.0360227	-0.66026074	0.50919074	1.0	False	liver	early	nucleotide_transformer
1866	-0.35414714	0.6818499	1.035997	-0.6602329	0.5092085	1.0	False	liver	early	nucleotide_transformer
4733	-0.3540184	0.68178946	1.0358078	-0.66008174	0.5093055	1.0	False	liver	early	nucleotide_transformer
2803	-0.35407597	0.68191046	1.0359864	-0.6600739	0.50931066	1.0	False	liver	early	nucleotide_transformer
3825	-0.35386807	0.68178695	1.035655	-0.6598477	0.5094558	1.0	False	liver	early	nucleotide_transformer
702	-0.35380232	0.6820729	1.0358752	-0.6595122	0.509671	1.0	False	liver	early	nucleotide_transformer
856	0.2929716	0.6806249	0.3876533	0.64881533	0.51660824	1.0	False	liver	early	nucleotide_transformer
2088	0.2929403	0.68099374	0.38805345	0.6483158	0.516931	1.0	False	liver	early	nucleotide_transformer
1017	0.29269907	0.68051237	0.3878133	0.6482252	0.51698947	1.0	False	liver	early	nucleotide_transformer
4292	0.29254502	0.68017733	0.3876323	0.6482035	0.5170036	1.0	False	liver	early	nucleotide_transformer
1682	0.2926444	0.6804444	0.3878	0.64816046	0.51703143	1.0	False	liver	early	nucleotide_transformer
188	0.29254052	0.6802477	0.3877072	0.6481123	0.5170625	1.0	False	liver	early	nucleotide_transformer
4185	0.29222417	0.68009734	0.38787317	0.64744866	0.5174916	1.0	False	liver	early	nucleotide_transformer
2086	0.29221484	0.6800816	0.38786677	0.6474418	0.51749605	1.0	False	liver	early	nucleotide_transformer
3255	0.29244566	0.6806295	0.38818383	0.64742845	0.5175046	1.0	False	liver	early	nucleotide_transformer
3275	0.29222652	0.68017435	0.38794783	0.6473677	0.5175439	1.0	False	liver	early	nucleotide_transformer
2121	0.29218787	0.6801363	0.38794845	0.64731085	0.51758075	1.0	False	liver	early	nucleotide_transformer
3449	0.29213586	0.68014985	0.388014	0.64715844	0.5176793	1.0	False	liver	early	nucleotide_transformer
1955	0.29210803	0.6801171	0.38800904	0.64712226	0.51770264	1.0	False	liver	early	nucleotide_transformer
3713	0.29211915	0.68031543	0.3881963	0.6469289	0.5178277	1.0	False	liver	early	nucleotide_transformer
3850	0.29207864	0.68024886	0.3881702	0.6468975	0.517848	1.0	False	liver	early	nucleotide_transformer
61	0.2920621	0.6802372	0.38817507	0.6468671	0.5178678	1.0	False	liver	early	nucleotide_transformer
3069	0.29197434	0.68012124	0.3881469	0.6467671	0.51793253	1.0	False	liver	early	nucleotide_transformer
49	0.29191932	0.6800079	0.38808855	0.6467495	0.5179438	1.0	False	liver	early	nucleotide_transformer
3425	0.29191685	0.680053	0.38813615	0.6466923	0.5179808	1.0	False	liver	early	nucleotide_transformer
2890	0.29203665	0.6803502	0.38831353	0.6466727	0.51799345	1.0	False	liver	early	nucleotide_transformer
2019	0.291937	0.6801639	0.38822693	0.6466213	0.51802677	1.0	False	liver	early	nucleotide_transformer
2642	0.29189152	0.6800587	0.3881672	0.64661944	0.51802796	1.0	False	liver	early	nucleotide_transformer
2229	0.2919337	0.6801714	0.38823768	0.6466036	0.5180382	1.0	False	liver	early	nucleotide_transformer
2717	0.29190597	0.680145	0.38823906	0.64656025	0.51806617	1.0	False	liver	early	nucleotide_transformer
124	0.29201978	0.6804099	0.38839012	0.6465583	0.5180674	1.0	False	liver	early	nucleotide_transformer
4570	0.29199374	0.68035644	0.3883627	0.6465532	0.51807076	1.0	False	liver	early	nucleotide_transformer
4002	0.29189757	0.68015	0.3882524	0.6465327	0.51808393	1.0	False	liver	early	nucleotide_transformer
2394	0.2919465	0.68027925	0.38833275	0.64651585	0.51809484	1.0	False	liver	early	nucleotide_transformer
4036	0.29179904	0.6800282	0.38822916	0.646411	0.5181628	1.0	False	liver	early	nucleotide_transformer
846	0.29188648	0.68031955	0.38843307	0.646313	0.51822627	1.0	False	liver	early	nucleotide_transformer
2491	0.29173088	0.6802735	0.3885426	0.6459578	0.51845604	1.0	False	liver	early	nucleotide_transformer
4843	0.29146343	0.6798463	0.38838285	0.6457356	0.51859975	1.0	False	liver	early	nucleotide_transformer
1719	-0.38669127	0.9072687	1.29396	-0.635078	0.52547926	1.0	False	liver	early	nucleotide_transformer
1913	-0.38687718	0.9078481	1.2947253	-0.6349894	0.5255371	1.0	False	liver	early	nucleotide_transformer
1628	-0.38669682	0.90796745	1.2946643	-0.63465905	0.52575254	1.0	False	liver	early	nucleotide_transformer
3105	-0.38662797	0.90796226	1.2945902	-0.63456416	0.5258145	1.0	False	liver	early	nucleotide_transformer
4808	0.6195662	2.9506218	2.3310556	0.63458186	0.52582955	1.0	False	liver	early	nucleotide_transformer
3647	-0.3864931	0.90775156	1.2942446	-0.634504	0.5258535	1.0	False	liver	early	nucleotide_transformer
1838	-0.3867169	0.9082771	1.294994	-0.63450086	0.5258557	1.0	False	liver	early	nucleotide_transformer
133	-0.38648278	0.9078906	1.2943734	-0.63440305	0.52591956	1.0	False	liver	early	nucleotide_transformer
4854	-0.38642567	0.9079929	1.2944186	-0.63426006	0.5260127	1.0	False	liver	early	nucleotide_transformer
4482	-0.3864568	0.90816087	1.2946177	-0.6342007	0.52605146	1.0	False	liver	early	nucleotide_transformer
1699	-0.38644278	0.90820456	1.2946473	-0.6341546	0.52608144	1.0	False	liver	early	nucleotide_transformer
4721	-0.38651603	0.90840644	1.2949225	-0.63413703	0.5260929	1.0	False	liver	early	nucleotide_transformer
2652	-0.38650548	0.9083891	1.2948946	-0.6341327	0.5260958	1.0	False	liver	early	nucleotide_transformer
4996	-0.38643676	0.9082965	1.2947333	-0.6340906	0.5261233	1.0	False	liver	early	nucleotide_transformer
4078	-0.38639212	0.9081994	1.2945915	-0.63408506	0.5261269	1.0	False	liver	early	nucleotide_transformer
1873	-0.3864473	0.9084166	1.2948639	-0.6340331	0.52616084	1.0	False	liver	early	nucleotide_transformer
268	-0.38635194	0.90823364	1.2945856	-0.6340078	0.5261774	1.0	False	liver	early	nucleotide_transformer
1216	-0.38609487	0.9076746	1.2937695	-0.6339836	0.5261931	1.0	False	liver	early	nucleotide_transformer
4271	-0.3862936	0.90819865	1.2944922	-0.63394827	0.52621615	1.0	False	liver	early	nucleotide_transformer
440	-0.38640887	0.9084812	1.29489	-0.6339398	0.5262217	1.0	False	liver	early	nucleotide_transformer
2933	-0.38636917	0.9084893	1.2948585	-0.63387823	0.5262619	1.0	False	liver	early	nucleotide_transformer
4012	-0.38626897	0.90838766	1.2946566	-0.6337969	0.52631503	1.0	False	liver	early	nucleotide_transformer
2577	-0.38638765	0.908698	1.2950857	-0.6337788	0.5263267	1.0	False	liver	early	nucleotide_transformer
3554	-0.38641936	0.9088711	1.2952905	-0.6337193	0.52636564	1.0	False	liver	early	nucleotide_transformer
3116	-0.38637716	0.90898365	1.2953608	-0.6335904	0.5264497	1.0	False	liver	early	nucleotide_transformer
2067	-0.38606912	0.9083498	1.2944189	-0.63353753	0.52648425	1.0	False	liver	early	nucleotide_transformer
3579	-0.38618028	0.9087646	1.2949449	-0.6334434	0.52654564	1.0	False	liver	early	nucleotide_transformer
3273	-0.38615406	0.9087318	1.2948859	-0.63342583	0.52655715	1.0	False	liver	early	nucleotide_transformer
4629	-0.38606846	0.90860605	1.2946745	-0.6333798	0.5265872	1.0	False	liver	early	nucleotide_transformer
3714	-0.38602358	0.9085116	1.2945352	-0.63337284	0.52659166	1.0	False	liver	early	nucleotide_transformer
894	-0.3860746	0.9087265	1.2948011	-0.63331586	0.52662885	1.0	False	liver	early	nucleotide_transformer
3840	-0.38598204	0.90867364	1.2946557	-0.63321584	0.5266941	1.0	False	liver	early	nucleotide_transformer
3281	-0.38599938	0.90875584	1.2947552	-0.63319147	0.52671003	1.0	False	liver	early	nucleotide_transformer
541	-0.38581866	0.90909964	1.2949183	-0.6327259	0.527014	1.0	False	liver	early	nucleotide_transformer
765	-0.38587767	0.9092532	1.2951308	-0.6327178	0.52701944	1.0	False	liver	early	nucleotide_transformer
3286	-0.38586926	0.9093324	1.2952017	-0.6326582	0.5270583	1.0	False	liver	early	nucleotide_transformer
2242	-0.41856563	1.1346573	1.5532229	-0.62072843	0.53487897	1.0	False	liver	early	nucleotide_transformer
285	-0.41857374	1.1354915	1.5540652	-0.6203344	0.5351382	1.0	False	liver	early	nucleotide_transformer
980	-0.41861713	1.135932	1.5545491	-0.6201794	0.53524005	1.0	False	liver	early	nucleotide_transformer
1162	-0.41856503	1.1358759	1.554441	-0.6201382	0.53526723	1.0	False	liver	early	nucleotide_transformer
4059	-0.41833222	1.1352777	1.55361	-0.62012506	0.5352758	1.0	False	liver	early	nucleotide_transformer
2806	-0.4182055	1.1352652	1.5534707	-0.61996555	0.53538096	1.0	False	liver	early	nucleotide_transformer
2433	-0.41825593	1.135487	1.5537429	-0.6199204	0.5354107	1.0	False	liver	early	nucleotide_transformer
1117	-0.41797495	1.1349356	1.5529106	-0.6198222	0.53547525	1.0	False	liver	early	nucleotide_transformer
4678	-0.41825747	1.135804	1.5540615	-0.6197703	0.5355094	1.0	False	liver	early	nucleotide_transformer
5053	-0.41799152	1.1351209	1.5531124	-0.6197541	0.5355201	1.0	False	liver	early	nucleotide_transformer
1330	-0.41812885	1.135768	1.5538969	-0.61961967	0.5356087	1.0	False	liver	early	nucleotide_transformer
5039	-0.41809464	1.1359054	1.554	-0.6195095	0.5356811	1.0	False	liver	early	nucleotide_transformer
5103	-0.41769576	1.1349195	1.5526153	-0.619464	0.53571117	1.0	False	liver	early	nucleotide_transformer
5016	-0.4179175	1.1357007	1.5536182	-0.6193791	0.5357671	1.0	False	liver	early	nucleotide_transformer
4357	-0.4177581	1.1357801	1.5535382	-0.6191331	0.5359291	1.0	False	liver	early	nucleotide_transformer
354	1.9433289	117.406685	115.463356	0.6190833	0.53597474	1.0	False	liver	early	nucleotide_transformer
2761	-0.41730607	1.1361547	1.5534607	-0.61836237	0.5364366	1.0	False	liver	early	nucleotide_transformer
1771	-0.4172473	1.136407	1.5536543	-0.6181642	0.53656733	1.0	False	liver	early	nucleotide_transformer
150	0.5547005	2.4972563	1.9425558	0.6179937	0.536705	1.0	False	liver	early	nucleotide_transformer
3541	-0.4170755	1.136888	1.5539635	-0.61770415	0.53687054	1.0	False	liver	early	nucleotide_transformer
2122	0.55444765	2.4971838	1.9427361	0.61770713	0.5368936	1.0	False	liver	early	nucleotide_transformer
1334	-0.41694248	1.1369586	1.5539011	-0.617497	0.5370071	1.0	False	liver	early	nucleotide_transformer
841	0.5541756	2.49698	1.9428043	0.6174316	0.53707516	1.0	False	liver	early	nucleotide_transformer
21	-0.41679645	1.1369146	1.553711	-0.61733234	0.5371156	1.0	False	liver	early	nucleotide_transformer
5092	0.55408704	2.4968488	1.9427618	0.6173587	0.5371233	1.0	False	liver	early	nucleotide_transformer
3808	0.55418324	2.4975786	1.9433954	0.61728036	0.537175	1.0	False	liver	early	nucleotide_transformer
513	-0.41675842	1.1370695	1.5538279	-0.61720324	0.53720075	1.0	False	liver	early	nucleotide_transformer
252	0.5538646	2.4968626	1.942998	0.61708635	0.5373029	1.0	False	liver	early	nucleotide_transformer
5029	0.55387366	2.4973888	1.9435152	0.6169562	0.5373887	1.0	False	liver	early	nucleotide_transformer
2281	0.5537511	2.49707	1.943319	0.6168931	0.53743035	1.0	False	liver	early	nucleotide_transformer
718	0.5528469	2.496152	1.943305	0.6160427	0.53799105	1.0	False	liver	early	nucleotide_transformer
1852	-0.45036352	1.3619871	1.8123506	-0.6138429	0.5394195	1.0	False	liver	early	nucleotide_transformer
3859	-0.4502666	1.3617859	1.8120525	-0.6138053	0.53944427	1.0	False	liver	early	nucleotide_transformer
4609	-0.45038974	1.3621801	1.8125699	-0.6137952	0.53945094	1.0	False	liver	early	nucleotide_transformer
278	-0.45024848	1.3618101	1.8120586	-0.61377347	0.53946537	1.0	False	liver	early	nucleotide_transformer
2616	-0.45036685	1.3621887	1.8125556	-0.61376387	0.5394716	1.0	False	liver	early	nucleotide_transformer
3757	-0.45026767	1.3619367	1.8122044	-0.61374635	0.5394832	1.0	False	liver	early	nucleotide_transformer
4720	-0.45038772	1.3623061	1.8126938	-0.6137424	0.53948575	1.0	False	liver	early	nucleotide_transformer
1783	-0.45037436	1.3623402	1.8127146	-0.6137125	0.53950554	1.0	False	liver	early	nucleotide_transformer
1245	-0.4503553	1.3622961	1.8126514	-0.61370677	0.53950936	1.0	False	liver	early	nucleotide_transformer
2068	-0.45034504	1.3622925	1.8126376	-0.6136958	0.5395165	1.0	False	liver	early	nucleotide_transformer
2746	-0.45031083	1.3621914	1.8125023	-0.6136945	0.53951734	1.0	False	liver	early	nucleotide_transformer
2272	-0.45031226	1.3622053	1.8125175	-0.61369073	0.5395199	1.0	False	liver	early	nucleotide_transformer
1042	-0.45036638	1.3623831	1.8127495	-0.6136856	0.5395233	1.0	False	liver	early	nucleotide_transformer
4514	-0.4502188	1.3620114	1.8122302	-0.61365676	0.53954244	1.0	False	liver	early	nucleotide_transformer
3770	-0.45016634	1.3619223	1.8120886	-0.61362845	0.53956103	1.0	False	liver	early	nucleotide_transformer
878	-0.45021272	1.3621773	1.81239	-0.6135814	0.5395922	1.0	False	liver	early	nucleotide_transformer
2190	-0.45012438	1.3627193	1.8128437	-0.61325586	0.53980726	1.0	False	liver	early	nucleotide_transformer
1380	-0.45002103	1.362579	1.8126	-0.61318576	0.53985363	1.0	False	liver	early	nucleotide_transformer
2397	-0.44999182	1.3626897	1.8126816	-0.61310536	0.5399068	1.0	False	liver	early	nucleotide_transformer
1207	-0.4497987	1.3623788	1.8121775	-0.6129959	0.5399791	1.0	False	liver	early	nucleotide_transformer
498	-0.4496709	1.362781	1.812452	-0.6126796	0.5401884	1.0	False	liver	early	nucleotide_transformer
2891	-0.44969547	1.3628621	1.8125576	-0.61267674	0.5401902	1.0	False	liver	early	nucleotide_transformer
2849	-0.44972146	1.3630369	1.8127583	-0.61263835	0.5402157	1.0	False	liver	early	nucleotide_transformer
4976	-0.44963896	1.3627949	1.8124338	-0.61263514	0.5402178	1.0	False	liver	early	nucleotide_transformer
2273	-0.44979167	1.3634787	1.8132703	-0.6125476	0.54027563	1.0	False	liver	early	nucleotide_transformer
3239	-0.44954395	1.3627629	1.8123069	-0.61253214	0.5402858	1.0	False	liver	early	nucleotide_transformer
1414	-0.4495815	1.36293	1.8125116	-0.61250955	0.5403008	1.0	False	liver	early	nucleotide_transformer
3826	-0.44964612	1.3631805	1.8128266	-0.6124887	0.5403145	1.0	False	liver	early	nucleotide_transformer
340	-0.44939828	1.3628536	1.8122519	-0.61231893	0.54042685	1.0	False	liver	early	nucleotide_transformer
2164	-0.44923377	1.3623766	1.8116103	-0.6123087	0.5404336	1.0	False	liver	early	nucleotide_transformer
1879	-0.44929934	1.3627194	1.8120188	-0.6122508	0.5404719	1.0	False	liver	early	nucleotide_transformer
1154	-0.44956625	1.3638238	1.81339	-0.6121356	0.54054797	1.0	False	liver	early	nucleotide_transformer
4350	-0.482211	1.5891815	2.0713925	-0.6116725	0.5408552	1.0	False	liver	early	nucleotide_transformer
4650	-0.48206067	1.5889044	2.070965	-0.61159873	0.540904	1.0	False	liver	early	nucleotide_transformer
4181	-0.4820739	1.588987	2.071061	-0.6115825	0.54091465	1.0	False	liver	early	nucleotide_transformer
2392	-0.48207045	1.5890715	2.071142	-0.61154956	0.5409366	1.0	False	liver	early	nucleotide_transformer
280	-0.48198974	1.589413	2.0714028	-0.6113395	0.5410755	1.0	False	liver	early	nucleotide_transformer
1108	-0.48209918	1.5898646	2.0719638	-0.611307	0.5410971	1.0	False	liver	early	nucleotide_transformer
1470	-0.48192632	1.5898405	2.0717669	-0.6111183	0.5412218	1.0	False	liver	early	nucleotide_transformer
3627	-0.48189783	1.590018	2.0719159	-0.61102444	0.5412839	1.0	False	liver	early	nucleotide_transformer
100	-0.48186445	1.5900021	2.0718665	-0.61099213	0.54130536	1.0	False	liver	early	nucleotide_transformer
1378	-0.4817829	1.5899043	2.0716872	-0.61093175	0.5413453	1.0	False	liver	early	nucleotide_transformer
2802	-0.48164487	1.5905659	2.0722108	-0.61054605	0.5416006	1.0	False	liver	early	nucleotide_transformer
4788	-0.48161697	1.5905306	2.0721476	-0.6105262	0.54161376	1.0	False	liver	early	nucleotide_transformer
2741	-0.48159516	1.5904583	2.0720534	-0.6105258	0.541614	1.0	False	liver	early	nucleotide_transformer
2819	-0.48164153	1.5906386	2.0722802	-0.6105172	0.54161966	1.0	False	liver	early	nucleotide_transformer
122	-0.48153746	1.5905696	2.072107	-0.6104218	0.5416829	1.0	False	liver	early	nucleotide_transformer
144	-0.4815626	1.5908	2.0723627	-0.6103715	0.5417161	1.0	False	liver	early	nucleotide_transformer
3050	-0.51243997	1.8183284	2.3307683	-0.61014944	0.5418639	1.0	False	liver	early	nucleotide_transformer
2941	0.48855138	2.0427012	1.5541499	0.60292596	0.5466809	1.0	False	liver	early	nucleotide_transformer
2184	0.48841643	2.0422738	1.5538573	0.60288084	0.5467107	1.0	False	liver	early	nucleotide_transformer
596	0.48837054	2.0423696	1.5539991	0.60278785	0.54677266	1.0	False	liver	early	nucleotide_transformer
3837	0.48829567	2.042245	1.5539492	0.60272735	0.5468128	1.0	False	liver	early	nucleotide_transformer
899	0.48817468	2.0423841	1.5542095	0.6025188	0.5469516	1.0	False	liver	early	nucleotide_transformer
348	0.48807752	2.0424433	1.5543658	0.6023683	0.54705185	1.0	False	liver	early	nucleotide_transformer
4362	0.48804188	2.0426137	1.5545719	0.60226554	0.54712015	1.0	False	liver	early	nucleotide_transformer
1841	0.48785806	2.0422933	1.5544353	0.6021198	0.547217	1.0	False	liver	early	nucleotide_transformer
1835	0.48779416	2.0422432	1.5544491	0.60205	0.54726356	1.0	False	liver	early	nucleotide_transformer
2178	0.4877268	2.042551	1.5548242	0.60186017	0.5473898	1.0	False	liver	early	nucleotide_transformer
3402	0.35931188	1.1362082	0.7768963	0.60171944	0.5474891	1.0	False	liver	early	nucleotide_transformer
3278	0.35835856	1.1343315	0.7759729	0.6010362	0.54794383	1.0	False	liver	early	nucleotide_transformer
258	0.35821664	1.1339943	0.7757777	0.6009686	0.5479889	1.0	False	liver	early	nucleotide_transformer
2270	0.35829502	1.1343683	0.7760733	0.60089403	0.5480385	1.0	False	liver	early	nucleotide_transformer
1542	0.35820127	1.1341499	0.77594864	0.6008464	0.54807013	1.0	False	liver	early	nucleotide_transformer
2245	0.35819143	1.1341237	0.77593225	0.6008434	0.5480722	1.0	False	liver	early	nucleotide_transformer
1881	0.35821503	1.1342082	0.77599317	0.60083777	0.54807585	1.0	False	liver	early	nucleotide_transformer
0	0.3581313	1.1339465	0.77581525	0.60083544	0.5480774	1.0	False	liver	early	nucleotide_transformer
616	0.35813218	1.133963	0.7758308	0.60082734	0.5480828	1.0	False	liver	early	nucleotide_transformer
1769	0.35818404	1.134154	0.7759699	0.60081136	0.5480936	1.0	False	liver	early	nucleotide_transformer
804	0.3581615	1.1340876	0.77592605	0.6008082	0.54809564	1.0	False	liver	early	nucleotide_transformer
4690	0.35820794	1.1342782	0.77607024	0.60078275	0.5481127	1.0	False	liver	early	nucleotide_transformer
4771	0.35810202	1.1339664	0.7758644	0.60076815	0.5481223	1.0	False	liver	early	nucleotide_transformer
3493	0.3580976	1.1339766	0.77587897	0.60075366	0.548132	1.0	False	liver	early	nucleotide_transformer
976	0.35814416	1.1341436	0.7759994	0.600742	0.5481397	1.0	False	liver	early	nucleotide_transformer
4205	0.35805768	1.133883	0.7758253	0.60073376	0.5481451	1.0	False	liver	early	nucleotide_transformer
902	0.35804385	1.1338413	0.7757974	0.6007325	0.54814607	1.0	False	liver	early	nucleotide_transformer
907	0.35806465	1.1339377	0.77587306	0.6007145	0.54815805	1.0	False	liver	early	nucleotide_transformer
4168	0.3581351	1.1341773	0.7760422	0.6007047	0.54816455	1.0	False	liver	early	nucleotide_transformer
1084	0.3581015	1.1340786	0.77597713	0.6006998	0.5481678	1.0	False	liver	early	nucleotide_transformer
2593	0.35810876	1.1341097	0.776001	0.600695	0.548171	1.0	False	liver	early	nucleotide_transformer
3324	0.35814422	1.1342231	0.7760789	0.6006948	0.5481712	1.0	False	liver	early	nucleotide_transformer
4169	0.35810298	1.1341116	0.77600867	0.60068303	0.548179	1.0	False	liver	early	nucleotide_transformer
4760	0.35809356	1.134101	0.7760075	0.6006714	0.5481868	1.0	False	liver	early	nucleotide_transformer
1522	0.35806817	1.1340613	0.77599317	0.60064757	0.5482026	1.0	False	liver	early	nucleotide_transformer
376	0.35800904	1.1338899	0.7758809	0.60063756	0.5482092	1.0	False	liver	early	nucleotide_transformer
556	0.3581062	1.1342462	0.77614003	0.60060906	0.54822826	1.0	False	liver	early	nucleotide_transformer
3898	0.3580476	1.1341004	0.77605283	0.6005848	0.5482445	1.0	False	liver	early	nucleotide_transformer
2605	0.35808057	1.13441	0.77632946	0.600463	0.54832566	1.0	False	liver	early	nucleotide_transformer
4358	0.35827595	1.1355296	0.7772537	0.6001647	0.54852414	1.0	False	liver	early	nucleotide_transformer
2427	0.3581488	1.1351875	0.7770387	0.6001273	0.5485492	1.0	False	liver	early	nucleotide_transformer
4190	0.3577001	1.1338428	0.7761427	0.60008043	0.5485803	1.0	False	liver	early	nucleotide_transformer
4376	0.35785717	1.134386	0.7765288	0.60005474	0.54859746	1.0	False	liver	early	nucleotide_transformer
3876	0.35763586	1.1337051	0.7760693	0.6000405	0.548607	1.0	False	liver	early	nucleotide_transformer
4173	0.35757047	1.1336211	0.7760506	0.5999705	0.5486535	1.0	False	liver	early	nucleotide_transformer
1520	0.35793555	1.1347947	0.77685916	0.59995914	0.5486612	1.0	False	liver	early	nucleotide_transformer
534	0.35766637	1.1341323	0.7764659	0.5998443	0.5487376	1.0	False	liver	early	nucleotide_transformer
73	0.35762572	1.1341487	0.776523	0.5997575	0.5487954	1.0	False	liver	early	nucleotide_transformer
651	0.3574167	1.1337789	0.77636224	0.59958196	0.54891235	1.0	False	liver	early	nucleotide_transformer
1502	0.35740453	1.1338845	0.77648	0.59949595	0.5489697	1.0	False	liver	early	nucleotide_transformer
4676	0.35729772	1.1335894	0.77629167	0.5994722	0.5489854	1.0	False	liver	early	nucleotide_transformer
4213	0.35742903	1.1340268	0.77659774	0.5994578	0.54899514	1.0	False	liver	early	nucleotide_transformer
35	0.35740334	1.1340185	0.7766152	0.59941405	0.5490243	1.0	False	liver	early	nucleotide_transformer
941	0.3573473	1.1340697	0.7767224	0.59927756	0.5491152	1.0	False	liver	early	nucleotide_transformer
4673	0.35743827	1.1343976	0.77695936	0.59925365	0.5491312	1.0	False	liver	early	nucleotide_transformer
5085	0.35722667	1.1337392	0.77651256	0.59924555	0.54913664	1.0	False	liver	early	nucleotide_transformer
3202	0.35750455	1.1349492	0.77744466	0.5990498	0.549267	1.0	False	liver	early	nucleotide_transformer
2458	0.35705012	1.133525	0.7764749	0.5990416	0.5492725	1.0	False	liver	early	nucleotide_transformer
4975	0.35707778	1.1336175	0.77653974	0.5990389	0.5492743	1.0	False	liver	early	nucleotide_transformer
4506	0.35705352	1.1337277	0.77667415	0.5989246	0.54935044	1.0	False	liver	early	nucleotide_transformer
1740	0.35710454	1.1340874	0.7769829	0.59880656	0.5494292	1.0	False	liver	early	nucleotide_transformer
3902	0.3568927	1.1334902	0.7765975	0.5987641	0.5494575	1.0	False	liver	early	nucleotide_transformer
1849	0.3570994	1.1341457	0.7770463	0.59876215	0.5494587	1.0	False	liver	early	nucleotide_transformer
477	0.3568737	1.1334698	0.7765961	0.5987402	0.5494734	1.0	False	liver	early	nucleotide_transformer
53	0.35706592	1.1342174	0.77715147	0.59865636	0.5495293	1.0	False	liver	early	nucleotide_transformer
721	0.35694426	1.1338673	0.776923	0.598634	0.54954416	1.0	False	liver	early	nucleotide_transformer
689	0.3568241	1.1335816	0.77675754	0.5985798	0.5495804	1.0	False	liver	early	nucleotide_transformer
558	0.35705394	1.1344281	0.7773742	0.59850824	0.5496281	1.0	False	liver	early	nucleotide_transformer
91	0.35673165	1.1334094	0.7766777	0.59850705	0.5496288	1.0	False	liver	early	nucleotide_transformer
3381	0.35648614	1.1336033	0.7771172	0.59792584	0.5500164	1.0	False	liver	early	nucleotide_transformer
766	0.35637003	1.133585	0.77721494	0.59771705	0.5501556	1.0	False	liver	early	nucleotide_transformer
1425	0.35636204	1.1336029	0.7772408	0.5976912	0.5501729	1.0	False	liver	early	nucleotide_transformer
3957	0.42341805	1.587899	1.1644809	0.5951802	0.5518459	1.0	False	liver	early	nucleotide_transformer
2929	0.4233371	1.5879123	1.1645752	0.5950489	0.55193365	1.0	False	liver	early	nucleotide_transformer
3241	0.42334282	1.5880147	1.1646719	0.59501505	0.5519563	1.0	False	liver	early	nucleotide_transformer
3652	0.42317653	1.5874445	1.164268	0.594992	0.5519718	1.0	False	liver	early	nucleotide_transformer
1615	0.42328274	1.5878775	1.1645948	0.59497863	0.5519807	1.0	False	liver	early	nucleotide_transformer
4578	0.42323935	1.5877675	1.1645281	0.5949564	0.5519954	1.0	False	liver	early	nucleotide_transformer
799	0.42334592	1.5882156	1.1648697	0.5949371	0.55200845	1.0	False	liver	early	nucleotide_transformer
4732	0.4231491	1.5875362	1.1643871	0.5949116	0.5520254	1.0	False	liver	early	nucleotide_transformer
920	0.42322278	1.587843	1.1646202	0.5948996	0.5520334	1.0	False	liver	early	nucleotide_transformer
3729	0.42325997	1.5880713	1.1648114	0.5948628	0.55205804	1.0	False	liver	early	nucleotide_transformer
1759	0.42311	1.5875851	1.1644751	0.5948307	0.55207956	1.0	False	liver	early	nucleotide_transformer
2833	0.42302644	1.5876657	1.1646392	0.59466714	0.55218875	1.0	False	liver	early	nucleotide_transformer
3861	0.42276263	1.5882663	1.1655036	0.59400886	0.55262876	1.0	False	liver	early	nucleotide_transformer
3451	0.42250717	1.5875335	1.1650263	0.5939141	0.5526921	1.0	False	liver	early	nucleotide_transformer
4929	0.4226892	1.5882394	1.1655502	0.59390575	0.5526977	1.0	False	liver	early	nucleotide_transformer
752	0.422418	1.5875249	1.1651069	0.5937787	0.55278265	1.0	False	liver	early	nucleotide_transformer
4199	0.42241287	1.5876569	1.165244	0.5937161	0.55282456	1.0	False	liver	early	nucleotide_transformer
2267	0.42251217	1.5880789	1.1655667	0.5936968	0.55283743	1.0	False	liver	early	nucleotide_transformer
830	0.42248595	1.588715	1.166229	0.59339386	0.5530399	1.0	False	liver	early	nucleotide_transformer
1472	0.4222226	1.588608	1.1663854	0.59302855	0.5532844	1.0	False	liver	early	nucleotide_transformer
3927	0.5222292	2.722832	2.2006028	0.5545123	0.5793368	1.0	False	liver	early	nucleotide_transformer
4477	0.5223861	2.7244775	2.2020915	0.5543318	0.5794603	1.0	False	liver	early	nucleotide_transformer
1777	0.5222082	2.7243412	2.202133	0.5541584	0.57957894	1.0	False	liver	early	nucleotide_transformer
2829	0.4569558	2.2699506	1.8129948	0.5314256	0.59522784	1.0	False	liver	early	nucleotide_transformer
1630	0.45673347	2.2695055	1.812772	0.5312585	0.5953435	1.0	False	liver	early	nucleotide_transformer
3546	0.45670652	2.2694623	1.8127558	0.5312355	0.59535956	1.0	False	liver	early	nucleotide_transformer
4151	0.45676517	2.26977	1.8130047	0.53123254	0.59536153	1.0	False	liver	early	nucleotide_transformer
527	0.45667875	2.269444	1.8127652	0.531206	0.59537995	1.0	False	liver	early	nucleotide_transformer
4910	0.45665383	2.2695625	1.8129086	0.5311443	0.5954226	1.0	False	liver	early	nucleotide_transformer
3029	0.45665407	2.2695854	1.8129313	0.5311392	0.59542626	1.0	False	liver	early	nucleotide_transformer
4446	0.45674145	2.2701528	1.8134114	0.5311056	0.5954495	1.0	False	liver	early	nucleotide_transformer
1507	0.4565028	2.2690094	1.8125066	0.5310958	0.59545624	1.0	False	liver	early	nucleotide_transformer
1814	0.45642006	2.2698705	1.8134505	0.5307745	0.59567887	1.0	False	liver	early	nucleotide_transformer
1805	0.45639408	2.2703495	1.8139554	0.53061706	0.59578794	1.0	False	liver	early	nucleotide_transformer
3919	0.45627224	2.2701755	1.8139032	0.53050816	0.59586346	1.0	False	liver	early	nucleotide_transformer
4389	0.4562589	2.270218	1.813959	0.5304814	0.595882	1.0	False	liver	early	nucleotide_transformer
2868	0.45623195	2.270109	1.813877	0.5304742	0.5958869	1.0	False	liver	early	nucleotide_transformer
4289	0.45618677	2.2700284	1.8138416	0.53043795	0.595912	1.0	False	liver	early	nucleotide_transformer
1185	0.4560256	2.2692683	1.8132427	0.5304302	0.59591746	1.0	False	liver	early	nucleotide_transformer
500	0.19556135	0.45391846	0.2583571	0.5299181	0.59628755	1.0	False	liver	early	nucleotide_transformer
3507	0.19557038	0.45394003	0.25836965	0.52991575	0.5962892	1.0	False	liver	early	nucleotide_transformer
3450	0.19568852	0.45425722	0.2585687	0.52985746	0.5963297	1.0	False	liver	early	nucleotide_transformer
344	0.19551882	0.45388737	0.25836855	0.52982485	0.5963523	1.0	False	liver	early	nucleotide_transformer
1208	0.19552475	0.45397285	0.2584481	0.529724	0.59642214	1.0	False	liver	early	nucleotide_transformer
1982	0.19567263	0.45444047	0.25876784	0.5295541	0.59653986	1.0	False	liver	early	nucleotide_transformer
2444	0.19559765	0.4542891	0.25869146	0.5295214	0.59656245	1.0	False	liver	early	nucleotide_transformer
1994	0.19558403	0.45427743	0.2586934	0.5294938	0.5965816	1.0	False	liver	early	nucleotide_transformer
3509	0.19559032	0.4543048	0.2587145	0.52947724	0.59659314	1.0	False	liver	early	nucleotide_transformer
3258	0.1955629	0.45424908	0.25868618	0.52946496	0.5966017	1.0	False	liver	early	nucleotide_transformer
2604	0.19553137	0.45420545	0.2586741	0.529424	0.59663	1.0	False	liver	early	nucleotide_transformer
4219	0.19548076	0.4541524	0.25867164	0.5293348	0.596692	1.0	False	liver	early	nucleotide_transformer
2764	0.19554037	0.45430565	0.25876528	0.5293152	0.5967056	1.0	False	liver	early	nucleotide_transformer
3364	0.19550943	0.45424163	0.2587322	0.52930397	0.5967133	1.0	False	liver	early	nucleotide_transformer
393	0.19545531	0.45412806	0.25867274	0.5292867	0.5967252	1.0	False	liver	early	nucleotide_transformer
4791	0.19547543	0.45419893	0.2587235	0.5292534	0.59674823	1.0	False	liver	early	nucleotide_transformer
1650	0.19546461	0.45417958	0.25871497	0.52924544	0.59675384	1.0	False	liver	early	nucleotide_transformer
2763	0.19534221	0.45391753	0.25857532	0.52921647	0.596774	1.0	False	liver	early	nucleotide_transformer
4370	0.19541517	0.45411953	0.25870436	0.52917	0.5968061	1.0	False	liver	early	nucleotide_transformer
4916	0.19541714	0.45412526	0.25870812	0.5291683	0.59680736	1.0	False	liver	early	nucleotide_transformer
2195	0.19524276	0.45377976	0.258537	0.5290872	0.5968635	1.0	False	liver	early	nucleotide_transformer
4777	0.19510436	0.45347273	0.25836837	0.5290662	0.59687805	1.0	False	liver	early	nucleotide_transformer
1912	0.19554809	0.45457444	0.25902635	0.52896947	0.59694517	1.0	False	liver	early	nucleotide_transformer
2079	0.19523409	0.45390382	0.25866973	0.52888817	0.59700155	1.0	False	liver	early	nucleotide_transformer
4979	0.19538465	0.45428416	0.2588995	0.5288454	0.5970312	1.0	False	liver	early	nucleotide_transformer
2767	0.19530442	0.4540979	0.25879347	0.52884495	0.59703153	1.0	False	liver	early	nucleotide_transformer
4097	0.1953479	0.45426753	0.25891963	0.5287504	0.59709716	1.0	False	liver	early	nucleotide_transformer
806	0.19528797	0.45416996	0.258882	0.5286926	0.59713715	1.0	False	liver	early	nucleotide_transformer
1990	0.19503602	0.4535945	0.25855848	0.5286789	0.59714663	1.0	False	liver	early	nucleotide_transformer
5098	0.19508332	0.45376065	0.25867733	0.5286022	0.5971998	1.0	False	liver	early	nucleotide_transformer
3988	0.1952441	0.45414045	0.25889635	0.5285925	0.59720653	1.0	False	liver	early	nucleotide_transformer
663	0.19513574	0.45389283	0.25875708	0.5285882	0.5972096	1.0	False	liver	early	nucleotide_transformer
3472	0.19504121	0.45372072	0.2586795	0.52852154	0.59725577	1.0	False	liver	early	nucleotide_transformer
2773	0.19498402	0.45359293	0.2586089	0.5285147	0.59726053	1.0	False	liver	early	nucleotide_transformer
5035	0.19501734	0.45372927	0.25871193	0.5284336	0.59731674	1.0	False	liver	early	nucleotide_transformer
1329	0.19481942	0.45330697	0.25848755	0.5283796	0.5973541	1.0	False	liver	early	nucleotide_transformer
1113	0.19503817	0.4538759	0.25883773	0.5282981	0.59741074	1.0	False	liver	early	nucleotide_transformer
4513	0.19485426	0.45348406	0.2586298	0.5282474	0.59744596	1.0	False	liver	early	nucleotide_transformer
560	0.19482955	0.45345956	0.25863	0.5282018	0.59747756	1.0	False	liver	early	nucleotide_transformer
3746	0.19492117	0.45373556	0.2588144	0.52811587	0.5975371	1.0	False	liver	early	nucleotide_transformer
4944	0.19477072	0.4533866	0.25861588	0.528113	0.59753907	1.0	False	liver	early	nucleotide_transformer
3990	0.19501424	0.4539544	0.25894016	0.5281124	0.59753954	1.0	False	liver	early	nucleotide_transformer
4564	0.19479936	0.4534773	0.25867793	0.52808046	0.5975616	1.0	False	liver	early	nucleotide_transformer
1221	0.19475684	0.45343104	0.2586742	0.52800757	0.59761226	1.0	False	liver	early	nucleotide_transformer
2381	0.19474098	0.4534287	0.2586877	0.5279599	0.59764534	1.0	False	liver	early	nucleotide_transformer
3969	0.1946195	0.4531798	0.2585603	0.5279123	0.5976783	1.0	False	liver	early	nucleotide_transformer
2200	0.19477504	0.45356587	0.25879082	0.5278807	0.5977002	1.0	False	liver	early	nucleotide_transformer
2220	0.19463384	0.45330903	0.2586752	0.5277789	0.5977709	1.0	False	liver	early	nucleotide_transformer
2847	0.19469166	0.45346585	0.2587742	0.5277493	0.5977914	1.0	False	liver	early	nucleotide_transformer
246	0.19466034	0.45342138	0.25876105	0.52770996	0.59781873	1.0	False	liver	early	nucleotide_transformer
1956	0.19463709	0.45339036	0.25875327	0.5276784	0.59784067	1.0	False	liver	early	nucleotide_transformer
737	0.19466686	0.45350754	0.25884068	0.52761275	0.59788615	1.0	False	liver	early	nucleotide_transformer
607	0.19458714	0.45338538	0.25879824	0.52752453	0.59794724	1.0	False	liver	early	nucleotide_transformer
4594	0.19468153	0.45367584	0.2589943	0.5274297	0.5980131	1.0	False	liver	early	nucleotide_transformer
4751	0.19456765	0.45351377	0.25894612	0.5272858	0.59811294	1.0	False	liver	early	nucleotide_transformer
1125	0.19433883	0.45317033	0.2588315	0.5270234	0.5982952	1.0	False	liver	early	nucleotide_transformer
4123	0.19423029	0.4532182	0.2589879	0.5266093	0.5985826	1.0	False	liver	early	nucleotide_transformer
2735	0.1942563	0.4533674	0.2591111	0.52648884	0.5986663	1.0	False	liver	early	nucleotide_transformer
1764	0.39120543	1.8155828	1.4243773	0.5093504	0.6106064	1.0	False	liver	early	nucleotide_transformer
3342	0.39109433	1.8154156	1.4243213	0.5092441	0.61068094	1.0	False	liver	early	nucleotide_transformer
1513	0.3910327	1.8151816	1.4241489	0.5092281	0.61069214	1.0	False	liver	early	nucleotide_transformer
2554	0.3909887	1.8150162	1.4240274	0.5092158	0.61070067	1.0	False	liver	early	nucleotide_transformer
633	0.39097083	1.8149916	1.4240208	0.50919795	0.6107132	1.0	False	liver	early	nucleotide_transformer
4636	0.39094555	1.8152817	1.4243362	0.50907457	0.6107996	1.0	False	liver	early	nucleotide_transformer
260	0.39104605	1.8158959	1.4248499	0.5090304	0.6108307	1.0	False	liver	early	nucleotide_transformer
945	0.39068878	1.8151554	1.4244666	0.5087504	0.61102676	1.0	False	liver	early	nucleotide_transformer
2835	0.39065516	1.8150359	1.4243808	0.5087389	0.61103475	1.0	False	liver	early	nucleotide_transformer
2130	0.39061427	1.8148488	1.4242345	0.50873774	0.6110356	1.0	False	liver	early	nucleotide_transformer
4042	0.39071023	1.81564	1.4249297	0.5086338	0.61110854	1.0	False	liver	early	nucleotide_transformer
3658	0.3905238	1.8154804	1.4249566	0.50841826	0.6112596	1.0	False	liver	early	nucleotide_transformer
2249	0.39052892	1.8155103	1.4249814	0.5084169	0.61126053	1.0	False	liver	early	nucleotide_transformer
1206	0.3905133	1.815553	1.4250396	0.50838196	0.6112851	1.0	False	liver	early	nucleotide_transformer
4455	1.6851997	17.80833	16.12313	0.5076363	0.61177784	1.0	False	liver	early	nucleotide_transformer
5012	-0.1616605	0.22662203	0.38828254	-0.50738305	0.6119598	1.0	False	liver	early	nucleotide_transformer
904	-0.16167565	0.226768	0.38844365	-0.5071612	0.6121154	1.0	False	liver	early	nucleotide_transformer
3617	-0.1615572	0.22660726	0.38816446	-0.50714946	0.6121237	1.0	False	liver	early	nucleotide_transformer
1357	-0.16157615	0.2266376	0.38821375	-0.50714445	0.61212724	1.0	False	liver	early	nucleotide_transformer
4175	-0.16169737	0.22681965	0.38851702	-0.50712377	0.6121419	1.0	False	liver	early	nucleotide_transformer
1257	-0.16152774	0.2265972	0.38812494	-0.507096	0.6121613	1.0	False	liver	early	nucleotide_transformer
4252	-0.16148058	0.22660583	0.3880864	-0.50696117	0.6122559	1.0	False	liver	early	nucleotide_transformer
1423	-0.16156663	0.22675084	0.38831747	-0.50692016	0.61228466	1.0	False	liver	early	nucleotide_transformer
683	-0.16147323	0.22666956	0.3881428	-0.5068306	0.6123474	1.0	False	liver	early	nucleotide_transformer
1594	-0.16145267	0.22665082	0.3881035	-0.50681126	0.612361	1.0	False	liver	early	nucleotide_transformer
2627	-0.16143227	0.22669518	0.38812745	-0.50668204	0.6124517	1.0	False	liver	early	nucleotide_transformer
857	-0.16141868	0.22668529	0.38810396	-0.5066664	0.6124626	1.0	False	liver	early	nucleotide_transformer
4178	-0.16131572	0.22662659	0.3879423	-0.50651413	0.61256945	1.0	False	liver	early	nucleotide_transformer
2100	-0.16134344	0.22667949	0.38802293	-0.5064895	0.6125868	1.0	False	liver	early	nucleotide_transformer
3995	-0.161273	0.22659802	0.38787103	-0.50645876	0.6126084	1.0	False	liver	early	nucleotide_transformer
4662	-0.16128239	0.22661448	0.38789687	-0.50645244	0.6126127	1.0	False	liver	early	nucleotide_transformer
370	-0.16124743	0.22659323	0.38784066	-0.50640273	0.61264765	1.0	False	liver	early	nucleotide_transformer
4992	-0.16134022	0.2267402	0.38808042	-0.5063735	0.6126681	1.0	False	liver	early	nucleotide_transformer
3130	-0.16125228	0.22663246	0.38788474	-0.5063451	0.6126882	1.0	False	liver	early	nucleotide_transformer
572	-0.16121694	0.22660264	0.3878196	-0.5063084	0.6127139	1.0	False	liver	early	nucleotide_transformer
1899	-0.16129795	0.22675359	0.38805154	-0.5062445	0.61275876	1.0	False	liver	early	nucleotide_transformer
2496	-0.16116934	0.22658138	0.38775072	-0.5062328	0.6127669	1.0	False	liver	early	nucleotide_transformer
2287	-0.1612387	0.22674724	0.38798594	-0.5061078	0.61285466	1.0	False	liver	early	nucleotide_transformer
1411	-0.16117992	0.2266831	0.387863	-0.5060744	0.61287814	1.0	False	liver	early	nucleotide_transformer
1478	-0.16121018	0.22673264	0.38794282	-0.5060625	0.6128865	1.0	False	liver	early	nucleotide_transformer
2050	-0.16123457	0.22679912	0.3880337	-0.50600564	0.61292624	1.0	False	liver	early	nucleotide_transformer
4829	-0.16122137	0.22678132	0.3880027	-0.50600415	0.6129274	1.0	False	liver	early	nucleotide_transformer
1446	-0.16140847	0.22705527	0.38846374	-0.5059852	0.6129407	1.0	False	liver	early	nucleotide_transformer
2757	-0.1611681	0.22678712	0.38795522	-0.5058609	0.61302793	1.0	False	liver	early	nucleotide_transformer
3213	-0.16116701	0.22679026	0.38795727	-0.50585264	0.6130337	1.0	False	liver	early	nucleotide_transformer
3384	-0.16116585	0.22680385	0.3879697	-0.50582564	0.6130527	1.0	False	liver	early	nucleotide_transformer
1799	-0.16107954	0.22668876	0.3877683	-0.5058183	0.6130579	1.0	False	liver	early	nucleotide_transformer
4846	-0.1610834	0.22671098	0.38779438	-0.5057885	0.6130788	1.0	False	liver	early	nucleotide_transformer
684	-0.16108894	0.22674915	0.3878381	-0.50573057	0.61311936	1.0	False	liver	early	nucleotide_transformer
853	-0.1610186	0.22665505	0.38767365	-0.50572574	0.6131228	1.0	False	liver	early	nucleotide_transformer
1236	-0.16116603	0.22686072	0.38802674	-0.5057249	0.6131234	1.0	False	liver	early	nucleotide_transformer
1779	-0.16105752	0.22672744	0.38778496	-0.5056947	0.6131446	1.0	False	liver	early	nucleotide_transformer
3611	-0.16114876	0.22685492	0.38800368	-0.5056922	0.61314636	1.0	False	liver	early	nucleotide_transformer
1356	-0.1610785	0.22677214	0.38785064	-0.5056638	0.61316633	1.0	False	liver	early	nucleotide_transformer
2687	-0.1610686	0.22676645	0.38783506	-0.50564915	0.6131767	1.0	False	liver	early	nucleotide_transformer
129	-0.16102299	0.22675854	0.38778153	-0.50555336	0.61324376	1.0	False	liver	early	nucleotide_transformer
3301	-0.1609907	0.22671787	0.38770857	-0.50554556	0.61324924	1.0	False	liver	early	nucleotide_transformer
1086	-0.16096123	0.22668345	0.38764468	-0.5055321	0.6132587	1.0	False	liver	early	nucleotide_transformer
4921	-0.16105315	0.2268349	0.38788804	-0.5054894	0.6132886	1.0	False	liver	early	nucleotide_transformer
3581	-0.16106424	0.22686446	0.3879287	-0.5054641	0.61330646	1.0	False	liver	early	nucleotide_transformer
506	-0.16095345	0.22675921	0.38771266	-0.5053784	0.61336666	1.0	False	liver	early	nucleotide_transformer
4639	-0.16093865	0.22675681	0.38769546	-0.50534576	0.61338955	1.0	False	liver	early	nucleotide_transformer
4661	-0.16094907	0.22679482	0.3877439	-0.5053044	0.6134186	1.0	False	liver	early	nucleotide_transformer
5061	-0.16097903	0.22686803	0.38784707	-0.50524426	0.61346084	1.0	False	liver	early	nucleotide_transformer
622	-0.16111374	0.22709635	0.3882101	-0.5051768	0.6135082	1.0	False	liver	early	nucleotide_transformer
4742	-0.16108997	0.22710817	0.38819814	-0.50509727	0.6135641	1.0	False	liver	early	nucleotide_transformer
1667	-0.1610642	0.22712679	0.38819098	-0.50499994	0.61363244	1.0	False	liver	early	nucleotide_transformer
4993	-0.16104732	0.22713874	0.38818607	-0.50493675	0.61367697	1.0	False	liver	early	nucleotide_transformer
4645	-0.16102171	0.2271289	0.3881506	-0.5048902	0.6137095	1.0	False	liver	early	nucleotide_transformer
2851	-0.16080254	0.2268483	0.38765085	-0.50484365	0.61374223	1.0	False	liver	early	nucleotide_transformer
3980	-0.16097912	0.22709873	0.38807786	-0.50483716	0.6137467	1.0	False	liver	early	nucleotide_transformer
199	-0.16092151	0.2270183	0.3879398	-0.50483507	0.6137482	1.0	False	liver	early	nucleotide_transformer
729	-0.1609783	0.22711088	0.38808918	-0.5048137	0.6137633	1.0	False	liver	early	nucleotide_transformer
4152	-0.16097601	0.2271357	0.3881117	-0.5047641	0.6137981	1.0	False	liver	early	nucleotide_transformer
431	-0.16098395	0.22714731	0.38813126	-0.5047634	0.61379856	1.0	False	liver	early	nucleotide_transformer
3176	-0.16093624	0.22714144	0.38807768	-0.5046547	0.6138749	1.0	False	liver	early	nucleotide_transformer
3418	-0.16085264	0.22707471	0.38792735	-0.5045634	0.61393905	1.0	False	liver	early	nucleotide_transformer
735	-0.16065776	0.22683078	0.38748854	-0.50451285	0.61397445	1.0	False	liver	early	nucleotide_transformer
5015	-0.16092505	0.22721677	0.3881418	-0.5044937	0.61398786	1.0	False	liver	early	nucleotide_transformer
2983	-0.160756	0.22698437	0.38774037	-0.5044863	0.61399305	1.0	False	liver	early	nucleotide_transformer
2678	-0.16083483	0.22711177	0.3879466	-0.5044527	0.6140167	1.0	False	liver	early	nucleotide_transformer
3950	-0.1608373	0.22716612	0.3880034	-0.504363	0.6140797	1.0	False	liver	early	nucleotide_transformer
341	-0.16071895	0.22700816	0.3877271	-0.5043517	0.6140877	1.0	False	liver	early	nucleotide_transformer
2093	-0.160576	0.22694214	0.38751814	-0.5041112	0.61425674	1.0	False	liver	early	nucleotide_transformer
3250	-0.16068546	0.22709961	0.38778508	-0.5041064	0.61426	1.0	False	liver	early	nucleotide_transformer
1995	-0.16059878	0.22700185	0.38760063	-0.50406265	0.6142907	1.0	False	liver	early	nucleotide_transformer
1845	-0.16059859	0.22708495	0.38768354	-0.5039154	0.6143942	1.0	False	liver	early	nucleotide_transformer
1888	-0.16055334	0.22702271	0.38757604	-0.5039122	0.6143964	1.0	False	liver	early	nucleotide_transformer
1638	-0.16056857	0.2270478	0.38761637	-0.503906	0.6144008	1.0	False	liver	early	nucleotide_transformer
1050	-0.1607833	0.22736831	0.38815162	-0.5038726	0.61442435	1.0	False	liver	early	nucleotide_transformer
3962	-0.16056347	0.22706643	0.3876299	-0.5038604	0.6144328	1.0	False	liver	early	nucleotide_transformer
88	0.4902413	2.9512022	2.4609609	0.49781784	0.61870706	1.0	False	liver	early	nucleotide_transformer
1738	0.3259213	1.3612072	1.035286	0.49173	0.6230074	1.0	False	liver	early	nucleotide_transformer
1641	0.32581508	1.3609246	1.0351095	0.49166587	0.62305266	1.0	False	liver	early	nucleotide_transformer
4050	0.32569456	1.3610901	1.0353955	0.4914018	0.62323934	1.0	False	liver	early	nucleotide_transformer
2906	0.32564116	1.3610736	1.0354325	0.49132004	0.62329704	1.0	False	liver	early	nucleotide_transformer
810	0.32554293	1.3610185	1.0354756	0.4911793	0.6233965	1.0	False	liver	early	nucleotide_transformer
3673	0.32554495	1.3611693	1.0356244	0.49112293	0.62343633	1.0	False	liver	early	nucleotide_transformer
4279	0.32555664	1.3612856	1.0357289	0.49109668	0.62345487	1.0	False	liver	early	nucleotide_transformer
3164	0.32546926	1.3611302	1.035661	0.49101353	0.6235137	1.0	False	liver	early	nucleotide_transformer
1684	0.3253851	1.3608254	1.0354403	0.49099448	0.62352735	1.0	False	liver	early	nucleotide_transformer
3078	0.325377	1.3609438	1.0355668	0.49093443	0.6235697	1.0	False	liver	early	nucleotide_transformer
4087	0.3253703	1.3609573	1.035587	0.4909181	0.62358135	1.0	False	liver	early	nucleotide_transformer
2942	0.32530773	1.360814	1.0355062	0.49087098	0.6236145	1.0	False	liver	early	nucleotide_transformer
5027	0.32534373	1.3611206	1.0357769	0.49081	0.62365776	1.0	False	liver	early	nucleotide_transformer
1496	0.3253405	1.3611203	1.0357798	0.49080476	0.6236615	1.0	False	liver	early	nucleotide_transformer
191	0.325297	1.3609395	1.0356425	0.49080396	0.623662	1.0	False	liver	early	nucleotide_transformer
3483	0.3253715	1.3612694	1.0358979	0.4907972	0.62366676	1.0	False	liver	early	nucleotide_transformer
2991	0.3253957	1.3613955	1.0359998	0.49078727	0.62367374	1.0	False	liver	early	nucleotide_transformer
4587	0.32524168	1.3609086	1.035667	0.49072474	0.623718	1.0	False	liver	early	nucleotide_transformer
2148	0.32531118	1.3612463	1.0359352	0.49070635	0.623731	1.0	False	liver	early	nucleotide_transformer
1596	0.3252467	1.361254	1.0360073	0.49059752	0.623808	1.0	False	liver	early	nucleotide_transformer
4603	0.32524407	1.3613361	1.036092	0.4905602	0.6238343	1.0	False	liver	early	nucleotide_transformer
4926	0.32533705	1.3619289	1.0365919	0.49047914	0.6238916	1.0	False	liver	early	nucleotide_transformer
1715	0.3250773	1.3610734	1.0359961	0.4903885	0.62395585	1.0	False	liver	early	nucleotide_transformer
3261	0.3250593	1.3610858	1.0360265	0.4903538	0.6239803	1.0	False	liver	early	nucleotide_transformer
2778	0.3249259	1.3610133	1.0360874	0.4901621	0.62411577	1.0	False	liver	early	nucleotide_transformer
1624	0.3248359	1.3616432	1.0368073	0.4897643	0.6243973	1.0	False	liver	early	nucleotide_transformer
271	1.1062012	137.23134	136.12514	0.48691502	0.6264039	1.0	False	liver	early	nucleotide_transformer
827	0.26130104	0.9081134	0.6468124	0.48649412	0.6267155	1.0	False	liver	early	nucleotide_transformer
4344	0.26130015	0.90828824	0.6469881	0.4863884	0.62679034	1.0	False	liver	early	nucleotide_transformer
731	0.2611733	0.9078759	0.6467026	0.48637018	0.6268032	1.0	False	liver	early	nucleotide_transformer
3091	0.26121032	0.9080531	0.6468428	0.48634157	0.62682354	1.0	False	liver	early	nucleotide_transformer
77	0.2612157	0.9081359	0.6469202	0.48630357	0.6268504	1.0	False	liver	early	nucleotide_transformer
1515	0.26120746	0.90812486	0.6469174	0.48629302	0.626858	1.0	False	liver	early	nucleotide_transformer
4044	0.2611611	0.9080005	0.64683944	0.4862706	0.62687373	1.0	False	liver	early	nucleotide_transformer
1300	0.26120818	0.9081898	0.6469816	0.48625585	0.6268842	1.0	False	liver	early	nucleotide_transformer
3782	0.26113188	0.9079335	0.6468016	0.48624974	0.6268886	1.0	False	liver	early	nucleotide_transformer
3389	0.2611183	0.9079081	0.6467898	0.4862367	0.6268978	1.0	False	liver	early	nucleotide_transformer
759	0.261225	0.9083111	0.64708614	0.48621863	0.6269106	1.0	False	liver	early	nucleotide_transformer
3266	0.26107538	0.90782934	0.64675397	0.48619628	0.62692654	1.0	False	liver	early	nucleotide_transformer
4939	0.2612133	0.9083172	0.6471039	0.4861907	0.6269305	1.0	False	liver	early	nucleotide_transformer
1987	0.26116598	0.90819395	0.64702797	0.48616567	0.6269481	1.0	False	liver	early	nucleotide_transformer
2641	0.26106268	0.9078624	0.64679974	0.4861503	0.626959	1.0	False	liver	early	nucleotide_transformer
3233	0.2611478	0.9081795	0.6470317	0.4861365	0.6269689	1.0	False	liver	early	nucleotide_transformer
4881	0.26116413	0.9082559	0.64709175	0.48612493	0.626977	1.0	False	liver	early	nucleotide_transformer
3764	0.26111227	0.9081245	0.64701223	0.4860954	0.626998	1.0	False	liver	early	nucleotide_transformer
3680	0.2611091	0.9081336	0.6470245	0.48608342	0.6270065	1.0	False	liver	early	nucleotide_transformer
310	0.26117194	0.9083648	0.64719284	0.4860765	0.6270114	1.0	False	liver	early	nucleotide_transformer
4522	0.2610377	0.9079236	0.6468859	0.48606	0.627023	1.0	False	liver	early	nucleotide_transformer
3773	0.26114148	0.9083017	0.64716023	0.4860507	0.62702954	1.0	False	liver	early	nucleotide_transformer
1354	0.26100266	0.90785164	0.646849	0.4860319	0.627043	1.0	False	liver	early	nucleotide_transformer
3495	0.26084256	0.90750927	0.6466667	0.4859031	0.6271343	1.0	False	liver	early	nucleotide_transformer
1160	0.26076758	0.9073377	0.64657015	0.48584974	0.6271722	1.0	False	liver	early	nucleotide_transformer
5054	0.2607174	0.907386	0.6466686	0.48571664	0.6272663	1.0	False	liver	early	nucleotide_transformer
2155	0.2606989	0.9074258	0.6467269	0.4856545	0.62731045	1.0	False	liver	early	nucleotide_transformer
1964	0.26060247	0.9071953	0.64659286	0.4855913	0.6273553	1.0	False	liver	early	nucleotide_transformer
493	0.2605679	0.9071246	0.6465567	0.48556152	0.6273764	1.0	False	liver	early	nucleotide_transformer
4313	0.2606116	0.9073406	0.646729	0.4855225	0.627404	1.0	False	liver	early	nucleotide_transformer
2683	0.26073545	0.9077867	0.6470513	0.4855148	0.6274095	1.0	False	liver	early	nucleotide_transformer
4386	0.26055098	0.9072823	0.6467313	0.48543125	0.6274687	1.0	False	liver	early	nucleotide_transformer
3838	0.26067942	0.9077969	0.6471175	0.48539183	0.6274967	1.0	False	liver	early	nucleotide_transformer
3641	0.26063615	0.90766597	0.6470298	0.48538047	0.62750477	1.0	False	liver	early	nucleotide_transformer
1281	0.26044774	0.9071359	0.64668816	0.4853037	0.6275592	1.0	False	liver	early	nucleotide_transformer
1029	0.26046872	0.90722674	0.646758	0.4852935	0.62756634	1.0	False	liver	early	nucleotide_transformer
1199	0.26046485	0.9072588	0.64679396	0.48526695	0.6275852	1.0	False	liver	early	nucleotide_transformer
2788	0.2604354	0.9072045	0.6467691	0.48523727	0.6276062	1.0	False	liver	early	nucleotide_transformer
2815	0.26050287	0.9074663	0.6469634	0.48522168	0.62761724	1.0	False	liver	early	nucleotide_transformer
1743	0.2605797	0.90773535	0.64715564	0.48522124	0.6276176	1.0	False	liver	early	nucleotide_transformer
4114	0.26035976	0.9070161	0.64665633	0.48519203	0.62763816	1.0	False	liver	early	nucleotide_transformer
5117	0.26045483	0.90742815	0.6469733	0.48514447	0.6276721	1.0	False	liver	early	nucleotide_transformer
2742	0.26047003	0.9075055	0.6470355	0.48513007	0.6276822	1.0	False	liver	early	nucleotide_transformer
822	0.2603469	0.90710795	0.64676106	0.48511064	0.6276961	1.0	False	liver	early	nucleotide_transformer
2441	0.26073486	0.90846646	0.6477316	0.4851068	0.6276987	1.0	False	liver	early	nucleotide_transformer
711	0.2604127	0.9073515	0.6469388	0.48510244	0.6277018	1.0	False	liver	early	nucleotide_transformer
1644	0.26038796	0.9072931	0.6469051	0.48508587	0.6277136	1.0	False	liver	early	nucleotide_transformer
2820	0.26031995	0.9070841	0.64676416	0.48507	0.62772495	1.0	False	liver	early	nucleotide_transformer
108	0.26043588	0.9074904	0.6470545	0.48506808	0.6277263	1.0	False	liver	early	nucleotide_transformer
1541	0.26037246	0.9072694	0.64689696	0.48506773	0.6277265	1.0	False	liver	early	nucleotide_transformer
2207	0.2602201	0.90681154	0.6465914	0.485024	0.6277575	1.0	False	liver	early	nucleotide_transformer
4075	0.2604078	0.90747243	0.6470646	0.48502043	0.6277599	1.0	False	liver	early	nucleotide_transformer
4796	0.2603249	0.9072281	0.6469032	0.48499334	0.6277792	1.0	False	liver	early	nucleotide_transformer
339	0.26022255	0.90688074	0.6466582	0.48498803	0.6277829	1.0	False	liver	early	nucleotide_transformer
668	0.26022416	0.9069817	0.64675754	0.48493168	0.62782294	1.0	False	liver	early	nucleotide_transformer
1695	0.26027012	0.9072621	0.64699197	0.48485926	0.62787426	1.0	False	liver	early	nucleotide_transformer
1392	0.26014793	0.90684444	0.6466965	0.4848548	0.6278774	1.0	False	liver	early	nucleotide_transformer
1767	0.26015657	0.906918	0.6467614	0.48482865	0.627896	1.0	False	liver	early	nucleotide_transformer
1285	0.26027	0.90732414	0.64705414	0.4848234	0.62789965	1.0	False	liver	early	nucleotide_transformer
4628	0.26051408	0.90822965	0.64771557	0.48478964	0.62792355	1.0	False	liver	early	nucleotide_transformer
4515	0.26015937	0.9069966	0.64683723	0.48478806	0.6279248	1.0	False	liver	early	nucleotide_transformer
3321	0.2601664	0.90702313	0.6468567	0.4847867	0.62792575	1.0	False	liver	early	nucleotide_transformer
4054	0.26010793	0.9068194	0.64671147	0.4847864	0.62792593	1.0	False	liver	early	nucleotide_transformer
604	0.26042354	0.90794635	0.6475228	0.4847701	0.62793744	1.0	False	liver	early	nucleotide_transformer
1535	0.2601276	0.90703326	0.64690566	0.48469993	0.62798727	1.0	False	liver	early	nucleotide_transformer
3847	0.26023728	0.90743047	0.6471932	0.48469082	0.62799364	1.0	False	liver	early	nucleotide_transformer
3860	0.26002675	0.90678	0.64675325	0.48464185	0.6280284	1.0	False	liver	early	nucleotide_transformer
599	0.26006895	0.9069418	0.6468728	0.48463225	0.6280352	1.0	False	liver	early	nucleotide_transformer
2924	0.26004702	0.90686697	0.64681995	0.48463112	0.62803596	1.0	False	liver	early	nucleotide_transformer
3051	0.26005685	0.90693444	0.6468776	0.48461154	0.62804997	1.0	False	liver	early	nucleotide_transformer
3198	0.2600987	0.90708184	0.64698315	0.48461056	0.62805057	1.0	False	liver	early	nucleotide_transformer
3906	0.26005077	0.9069208	0.64687	0.48460695	0.6280532	1.0	False	liver	early	nucleotide_transformer
4696	0.26001012	0.90678155	0.64677143	0.4846063	0.62805367	1.0	False	liver	early	nucleotide_transformer
2807	0.260009	0.9070117	0.6470027	0.48446596	0.62815315	1.0	False	liver	early	nucleotide_transformer
3452	0.25998378	0.9069907	0.6470069	0.48442668	0.628181	1.0	False	liver	early	nucleotide_transformer
3604	0.2599585	0.9069227	0.6469642	0.48441425	0.6281898	1.0	False	liver	early	nucleotide_transformer
4448	0.25994837	0.9069134	0.646965	0.484398	0.6282013	1.0	False	liver	early	nucleotide_transformer
1344	0.25989908	0.90677583	0.64687675	0.48437876	0.62821496	1.0	False	liver	early	nucleotide_transformer
57	0.2598977	0.9068032	0.6469055	0.4843588	0.62822914	1.0	False	liver	early	nucleotide_transformer
1273	0.25992125	0.9069181	0.64699686	0.4843387	0.62824345	1.0	False	liver	early	nucleotide_transformer
225	0.25989115	0.9068774	0.64698625	0.4843011	0.6282701	1.0	False	liver	early	nucleotide_transformer
3783	0.25973457	0.9067814	0.6470468	0.4840335	0.62845993	1.0	False	liver	early	nucleotide_transformer
2203	0.25991267	0.90741897	0.6475063	0.4840229	0.62846744	1.0	False	liver	early	nucleotide_transformer
2899	0.25974572	0.9070161	0.6472704	0.48391554	0.6285436	1.0	False	liver	early	nucleotide_transformer
1544	0.25982404	0.90732557	0.6475015	0.4838944	0.62855864	1.0	False	liver	early	nucleotide_transformer
3314	0.25982255	0.90744174	0.6476192	0.48382214	0.6286099	1.0	False	liver	early	nucleotide_transformer
882	0.25958586	0.90673715	0.6471513	0.48375067	0.62866056	1.0	False	liver	early	nucleotide_transformer
1798	0.2592708	0.9071389	0.6478681	0.4828562	0.6292954	1.0	False	liver	early	nucleotide_transformer
2981	0.25925195	0.9076277	0.64837575	0.4825261	0.6295296	1.0	False	liver	early	nucleotide_transformer
4110	-0.41616607	2.0437024	2.4598684	-0.4739969	0.6355793	1.0	False	liver	early	nucleotide_transformer
2099	0.21956044	0.51045233	0.2908919	0.47296605	0.6363162	1.0	False	liver	early	nucleotide_transformer
2223	0.4254148	2.4985785	2.0731637	0.4689854	0.63916874	1.0	False	liver	early	nucleotide_transformer
1080	0.4249158	2.4967291	2.0718133	0.46877092	0.63932204	1.0	False	liver	early	nucleotide_transformer
147	0.42502713	2.4974697	2.0724425	0.46875423	0.639334	1.0	False	liver	early	nucleotide_transformer
809	0.42504692	2.4976292	2.0725822	0.46874598	0.63933986	1.0	False	liver	early	nucleotide_transformer
1704	0.42496753	2.4974527	2.0724852	0.468688	0.63938123	1.0	False	liver	early	nucleotide_transformer
2640	0.42493606	2.4975464	2.0726104	0.46863213	0.63942116	1.0	False	liver	early	nucleotide_transformer
3535	0.4249227	2.4976175	2.0726948	0.46860254	0.6394423	1.0	False	liver	early	nucleotide_transformer
4577	0.42469096	2.496612	2.071921	0.46852988	0.6394942	1.0	False	liver	early	nucleotide_transformer
845	0.42483377	2.497627	2.0727932	0.46849608	0.63951844	1.0	False	liver	early	nucleotide_transformer
2283	0.4246633	2.497135	2.0724716	0.46839365	0.63959163	1.0	False	liver	early	nucleotide_transformer
3715	0.42461705	2.4974728	2.0728557	0.46827212	0.6396784	1.0	False	liver	early	nucleotide_transformer
3534	0.42457008	2.4974403	2.0728703	0.4682231	0.63971347	1.0	False	liver	early	nucleotide_transformer
207	0.42455626	2.497766	2.0732098	0.46814036	0.63977265	1.0	False	liver	early	nucleotide_transformer
4197	0.42441535	2.4974105	2.0729952	0.46804523	0.6398407	1.0	False	liver	early	nucleotide_transformer
602	0.4240737	2.496829	2.0727553	0.4677613	0.64004374	1.0	False	liver	early	nucleotide_transformer
1232	0.4240806	2.4971676	2.073087	0.46770048	0.64008725	1.0	False	liver	early	nucleotide_transformer
4745	-0.38485742	1.8171	2.2019575	-0.4637323	0.64291453	1.0	False	liver	early	nucleotide_transformer
2740	-0.38462555	1.816688	2.2013135	-0.463571	0.6430303	1.0	False	liver	early	nucleotide_transformer
1821	-0.38457298	1.8168137	2.2013867	-0.46348152	0.64309424	1.0	False	liver	early	nucleotide_transformer
2990	-0.38455284	1.8168384	2.2013912	-0.46345314	0.6431147	1.0	False	liver	early	nucleotide_transformer
398	-0.38458884	1.817084	2.2016728	-0.46343577	0.6431271	1.0	False	liver	early	nucleotide_transformer
251	-0.38447797	1.8167344	2.2012124	-0.46339473	0.64315647	1.0	False	liver	early	nucleotide_transformer
3459	-0.38450325	1.8169538	2.201457	-0.4633705	0.6431737	1.0	False	liver	early	nucleotide_transformer
123	-0.38434136	1.8167096	2.201051	-0.46324745	0.6432621	1.0	False	liver	early	nucleotide_transformer
2928	-0.38442147	1.8173381	2.2017596	-0.4631884	0.6433043	1.0	False	liver	early	nucleotide_transformer
349	-0.38423598	1.81664	2.200876	-0.46314555	0.643335	1.0	False	liver	early	nucleotide_transformer
4283	-0.38424087	1.8168175	2.2010584	-0.46310845	0.6433615	1.0	False	liver	early	nucleotide_transformer
1063	-0.38418162	1.8168586	2.2010403	-0.46303234	0.64341617	1.0	False	liver	early	nucleotide_transformer
4122	-0.3840959	1.8170223	2.2011182	-0.462898	0.64351237	1.0	False	liver	early	nucleotide_transformer
860	-0.3839823	1.8167261	2.2007084	-0.46284103	0.6435533	1.0	False	liver	early	nucleotide_transformer
1442	-0.38412905	1.8175478	2.2016768	-0.46281147	0.6435744	1.0	False	liver	early	nucleotide_transformer
1140	-0.38406277	1.8176522	2.201715	-0.4627127	0.6436452	1.0	False	liver	early	nucleotide_transformer
2169	-0.3837862	1.8165584	2.2003446	-0.46266064	0.6436826	1.0	False	liver	early	nucleotide_transformer
1733	-0.3841257	1.8182087	2.2023344	-0.46265143	0.64368904	1.0	False	liver	early	nucleotide_transformer
542	-0.38330746	1.8174326	2.20074	-0.46191773	0.6442151	1.0	False	liver	early	nucleotide_transformer
1299	-0.35351253	1.589474	1.9429865	-0.45426145	0.6497137	1.0	False	liver	early	nucleotide_transformer
764	-0.35307074	1.5894324	1.9425031	-0.45374936	0.65008223	1.0	False	liver	early	nucleotide_transformer
2137	-0.35284877	1.5890926	1.9419414	-0.45357415	0.65020835	1.0	False	liver	early	nucleotide_transformer
2635	-0.35279143	1.5891104	1.9419018	-0.45350128	0.65026087	1.0	False	liver	early	nucleotide_transformer
1114	-0.35286593	1.589595	1.9424609	-0.45346245	0.6502889	1.0	False	liver	early	nucleotide_transformer
5003	-0.35267735	1.5890951	1.9417725	-0.45336944	0.6503557	1.0	False	liver	early	nucleotide_transformer
151	-0.35281408	1.5900111	1.9428252	-0.45328808	0.6504142	1.0	False	liver	early	nucleotide_transformer
2776	-0.3527094	1.5896394	1.9423488	-0.4532649	0.65043086	1.0	False	liver	early	nucleotide_transformer
4270	-0.35263932	1.5894219	1.9420612	-0.4532383	0.65045005	1.0	False	liver	early	nucleotide_transformer
3400	-0.35250103	1.5889449	1.941446	-0.4531989	0.6504785	1.0	False	liver	early	nucleotide_transformer
2468	-0.35256243	1.58926	1.9418224	-0.45318916	0.6504855	1.0	False	liver	early	nucleotide_transformer
4973	-0.352677	1.5898507	1.9425277	-0.4531693	0.65049976	1.0	False	liver	early	nucleotide_transformer
709	-0.35265934	1.5901014	1.9427607	-0.4530799	0.65056413	1.0	False	liver	early	nucleotide_transformer
2414	-0.35270047	1.5903331	1.9430336	-0.4530681	0.65057266	1.0	False	liver	early	nucleotide_transformer
4535	-0.3526181	1.5901393	1.9427574	-0.45302114	0.6506066	1.0	False	liver	early	nucleotide_transformer
1483	-0.35266542	1.5904821	1.9431475	-0.45298728	0.6506307	1.0	False	liver	early	nucleotide_transformer
4863	-0.35241163	1.5895439	1.9419556	-0.45293498	0.6506685	1.0	False	liver	early	nucleotide_transformer
521	-0.35242045	1.5897723	1.9421928	-0.45288408	0.65070504	1.0	False	liver	early	nucleotide_transformer
5020	-0.3525437	1.5903735	1.9429172	-0.45287108	0.6507144	1.0	False	liver	early	nucleotide_transformer
410	-0.35253394	1.5903397	1.9428736	-0.45286825	0.65071654	1.0	False	liver	early	nucleotide_transformer
3237	-0.35247147	1.5901005	1.942572	-0.4528562	0.65072507	1.0	False	liver	early	nucleotide_transformer
1495	-0.35237145	1.5897027	1.9420742	-0.45284566	0.65073276	1.0	False	liver	early	nucleotide_transformer
3095	-0.35236907	1.589793	1.942162	-0.45281795	0.6507528	1.0	False	liver	early	nucleotide_transformer
2883	-0.35239434	1.5899442	1.9423386	-0.45280814	0.6507599	1.0	False	liver	early	nucleotide_transformer
81	-0.3524469	1.5901797	1.9426266	-0.45280638	0.65076107	1.0	False	liver	early	nucleotide_transformer
707	-0.352242	1.5893236	1.9415656	-0.45279095	0.6507723	1.0	False	liver	early	nucleotide_transformer
4614	-0.35232365	1.5897557	1.9420793	-0.45277488	0.6507838	1.0	False	liver	early	nucleotide_transformer
4023	-0.3524027	1.5902891	1.9426918	-0.45272514	0.6508196	1.0	False	liver	early	nucleotide_transformer
4310	-0.35232472	1.5900766	1.9424013	-0.45269093	0.6508442	1.0	False	liver	early	nucleotide_transformer
1885	-0.35217416	1.5895458	1.94172	-0.452652	0.65087223	1.0	False	liver	early	nucleotide_transformer
187	-0.35227847	1.590151	1.9424294	-0.45261648	0.65089786	1.0	False	liver	early	nucleotide_transformer
1574	-0.35232425	1.590396	1.9427203	-0.45260346	0.6509072	1.0	False	liver	early	nucleotide_transformer
4424	-0.35227263	1.5901811	1.9424537	-0.45260167	0.6509085	1.0	False	liver	early	nucleotide_transformer
4660	-0.35222065	1.5899892	1.9422098	-0.45259008	0.65091676	1.0	False	liver	early	nucleotide_transformer
4774	-0.35220027	1.5899245	1.9421247	-0.45258245	0.6509222	1.0	False	liver	early	nucleotide_transformer
2173	-0.3521527	1.5897218	1.9418745	-0.4525805	0.6509237	1.0	False	liver	early	nucleotide_transformer
3401	-0.35229874	1.5904909	1.9427897	-0.45254838	0.6509468	1.0	False	liver	early	nucleotide_transformer
4277	-0.3522408	1.5902416	1.9424824	-0.45254803	0.6509471	1.0	False	liver	early	nucleotide_transformer
2573	-0.35219908	1.5903337	1.9425328	-0.45247412	0.65100026	1.0	False	liver	early	nucleotide_transformer
2768	-0.352036	1.5899516	1.9419876	-0.45237994	0.651068	1.0	False	liver	early	nucleotide_transformer
4965	-0.19403443	0.45322493	0.64725935	-0.4499003	0.6528505	1.0	False	liver	early	nucleotide_transformer
406	-0.19398323	0.45329085	0.6472741	-0.44974092	0.65296537	1.0	False	liver	early	nucleotide_transformer
4822	-0.19392163	0.4532491	0.6471707	-0.4496526	0.65302914	1.0	False	liver	early	nucleotide_transformer
1877	-0.19400504	0.45345846	0.6474635	-0.44964126	0.65303725	1.0	False	liver	early	nucleotide_transformer
532	-0.19391522	0.45326987	0.6471851	-0.4496219	0.6530512	1.0	False	liver	early	nucleotide_transformer
1177	-0.19392034	0.45331463	0.647235	-0.44959438	0.65307105	1.0	False	liver	early	nucleotide_transformer
4209	-0.19394615	0.45342538	0.64737153	-0.4495513	0.6531021	1.0	False	liver	early	nucleotide_transformer
2495	-0.19395384	0.4534839	0.64743775	-0.44951665	0.65312713	1.0	False	liver	early	nucleotide_transformer
3724	-0.19388029	0.4533753	0.6472556	-0.44946203	0.65316653	1.0	False	liver	early	nucleotide_transformer
2196	-0.19391578	0.4535163	0.6474321	-0.44941247	0.6532024	1.0	False	liver	early	nucleotide_transformer
283	-0.1938591	0.45344746	0.64730656	-0.44935808	0.6532415	1.0	False	liver	early	nucleotide_transformer
4978	-0.19373187	0.4531897	0.6469216	-0.44932276	0.653267	1.0	False	liver	early	nucleotide_transformer
978	-0.19374561	0.4532634	0.647009	-0.44928804	0.65329206	1.0	False	liver	early	nucleotide_transformer
592	-0.19371393	0.45333353	0.64704746	-0.4491631	0.65338206	1.0	False	liver	early	nucleotide_transformer
3557	-0.19377527	0.45348987	0.64726514	-0.44915304	0.6533893	1.0	False	liver	early	nucleotide_transformer
2510	-0.19371709	0.45338777	0.64710486	-0.44912302	0.653411	1.0	False	liver	early	nucleotide_transformer
897	-0.19376409	0.45356643	0.6473305	-0.4490651	0.6534527	1.0	False	liver	early	nucleotide_transformer
1454	-0.19365296	0.45336834	0.6470213	-0.44901082	0.65349185	1.0	False	liver	early	nucleotide_transformer
4995	-0.19371939	0.45352805	0.64724743	-0.44900814	0.65349376	1.0	False	liver	early	nucleotide_transformer
3979	-0.19385105	0.4538663	0.64771736	-0.4489839	0.6535113	1.0	False	liver	early	nucleotide_transformer
2871	-0.19365111	0.45349357	0.6471447	-0.4489011	0.6535711	1.0	False	liver	early	nucleotide_transformer
3404	-0.1935497	0.4533025	0.6468522	-0.44886038	0.65360034	1.0	False	liver	early	nucleotide_transformer
337	-0.19362077	0.4535021	0.64712286	-0.44883236	0.6536206	1.0	False	liver	early	nucleotide_transformer
5083	-0.19366378	0.4537812	0.64744496	-0.44868004	0.65373045	1.0	False	liver	early	nucleotide_transformer
2544	-0.19338629	0.45321038	0.64659667	-0.4486108	0.65378034	1.0	False	liver	early	nucleotide_transformer
4954	-0.1935888	0.45372868	0.64731747	-0.44857436	0.6538067	1.0	False	liver	early	nucleotide_transformer
4706	-0.19340199	0.45332646	0.64672846	-0.44854394	0.65382856	1.0	False	liver	early	nucleotide_transformer
1629	-0.19345051	0.45346063	0.64691114	-0.44852626	0.6538414	1.0	False	liver	early	nucleotide_transformer
1893	-0.19353718	0.45369	0.64722717	-0.44850385	0.6538576	1.0	False	liver	early	nucleotide_transformer
1642	-0.19352749	0.45368662	0.6472141	-0.44848773	0.6538692	1.0	False	liver	early	nucleotide_transformer
552	-0.19334856	0.4532731	0.64662164	-0.44848135	0.65387386	1.0	False	liver	early	nucleotide_transformer
3428	-0.1934526	0.4536143	0.6470669	-0.44839865	0.6539336	1.0	False	liver	early	nucleotide_transformer
2446	-0.19339347	0.45351	0.64690346	-0.44836947	0.6539545	1.0	False	liver	early	nucleotide_transformer
3991	-0.19359627	0.45403394	0.6476302	-0.44832808	0.65398437	1.0	False	liver	early	nucleotide_transformer
1323	-0.19336689	0.4535309	0.6468978	-0.44829783	0.65400624	1.0	False	liver	early	nucleotide_transformer
3347	-0.1933043	0.45339006	0.64669436	-0.44829243	0.6540102	1.0	False	liver	early	nucleotide_transformer
757	-0.19327512	0.45332465	0.64659977	-0.4482897	0.6540121	1.0	False	liver	early	nucleotide_transformer
675	-0.19335529	0.45355174	0.64690703	-0.44825673	0.6540359	1.0	False	liver	early	nucleotide_transformer
383	-0.19330648	0.45346585	0.6467723	-0.44823202	0.65405375	1.0	False	liver	early	nucleotide_transformer
3877	-0.19327739	0.45344207	0.64671946	-0.4481938	0.6540813	1.0	False	liver	early	nucleotide_transformer
642	-0.19353032	0.45406115	0.6475915	-0.44817248	0.6540966	1.0	False	liver	early	nucleotide_transformer
3934	-0.1933276	0.4535951	0.6469227	-0.4481641	0.6541027	1.0	False	liver	early	nucleotide_transformer
1069	-0.19350702	0.45401818	0.6475252	-0.4481624	0.6541039	1.0	False	liver	early	nucleotide_transformer
4868	-0.19331717	0.4535817	0.64689887	-0.4481546	0.65410954	1.0	False	liver	early	nucleotide_transformer
2020	-0.19333312	0.45363483	0.64696795	-0.4481414	0.6541191	1.0	False	liver	early	nucleotide_transformer
1907	-0.19317582	0.45335445	0.6465303	-0.44806468	0.6541744	1.0	False	liver	early	nucleotide_transformer
1231	-0.19329676	0.45365348	0.64695024	-0.44805175	0.65418375	1.0	False	liver	early	nucleotide_transformer
3560	-0.19338343	0.45387897	0.6472624	-0.44803432	0.6541964	1.0	False	liver	early	nucleotide_transformer
4001	-0.19334769	0.453861	0.6472087	-0.44797802	0.65423703	1.0	False	liver	early	nucleotide_transformer
1071	-0.19335976	0.4538953	0.64725506	-0.447973	0.6542406	1.0	False	liver	early	nucleotide_transformer
3536	-0.19338304	0.45398664	0.6473697	-0.44794077	0.65426373	1.0	False	liver	early	nucleotide_transformer
2345	-0.193228	0.45364797	0.646876	-0.44791836	0.65428007	1.0	False	liver	early	nucleotide_transformer
746	-0.19333008	0.45391223	0.6472423	-0.447899	0.65429395	1.0	False	liver	early	nucleotide_transformer
673	-0.19310725	0.453395	0.64650226	-0.44789553	0.6542966	1.0	False	liver	early	nucleotide_transformer
4053	-0.1932672	0.453787	0.6470542	-0.44787934	0.6543082	1.0	False	liver	early	nucleotide_transformer
2005	-0.19311467	0.45345774	0.6465724	-0.44785294	0.6543273	1.0	False	liver	early	nucleotide_transformer
579	-0.19302633	0.45325515	0.6462815	-0.447853	0.6543273	1.0	False	liver	early	nucleotide_transformer
1332	-0.19317806	0.453615	0.64679307	-0.4478468	0.6543317	1.0	False	liver	early	nucleotide_transformer
1077	-0.19333586	0.45398846	0.6473243	-0.44784454	0.65433335	1.0	False	liver	early	nucleotide_transformer
1272	-0.19328246	0.45386568	0.64714813	-0.44784218	0.6543351	1.0	False	liver	early	nucleotide_transformer
533	-0.19323987	0.45379597	0.64703584	-0.44781622	0.65435374	1.0	False	liver	early	nucleotide_transformer
1766	-0.19326025	0.4538474	0.64710766	-0.44781318	0.654356	1.0	False	liver	early	nucleotide_transformer
618	-0.1930114	0.4532836	0.646295	-0.4477986	0.6543665	1.0	False	liver	early	nucleotide_transformer
582	-0.19329858	0.45397097	0.64726955	-0.44778445	0.65437675	1.0	False	liver	early	nucleotide_transformer
2579	-0.19326723	0.45396876	0.647236	-0.4477238	0.65442044	1.0	False	liver	early	nucleotide_transformer
2514	-0.19320202	0.45383644	0.64703846	-0.4477061	0.6544332	1.0	False	liver	early	nucleotide_transformer
2056	-0.19306985	0.45357016	0.64664	-0.4476674	0.65446115	1.0	False	liver	early	nucleotide_transformer
1649	-0.19316301	0.45381394	0.64697695	-0.4476464	0.6544762	1.0	False	liver	early	nucleotide_transformer
4631	-0.19317725	0.45385835	0.6470356	-0.44763717	0.654483	1.0	False	liver	early	nucleotide_transformer
4314	-0.193147	0.4537995	0.6469465	-0.4476271	0.65449023	1.0	False	liver	early	nucleotide_transformer
2118	-0.19314423	0.45379588	0.6469401	-0.44762456	0.6544921	1.0	False	liver	early	nucleotide_transformer
4225	-0.19301042	0.45348546	0.6464959	-0.44762355	0.6544927	1.0	False	liver	early	nucleotide_transformer
3944	-0.19318458	0.45393148	0.64711607	-0.44759008	0.6545169	1.0	False	liver	early	nucleotide_transformer
3023	-0.19313917	0.45382574	0.6469649	-0.44758844	0.6545181	1.0	False	liver	early	nucleotide_transformer
4499	-0.19320008	0.453981	0.6471811	-0.4475776	0.6545259	1.0	False	liver	early	nucleotide_transformer
2625	-0.19311363	0.45380855	0.6469222	-0.44755182	0.6545445	1.0	False	liver	early	nucleotide_transformer
968	-0.19316074	0.45392814	0.6470889	-0.44754502	0.6545494	1.0	False	liver	early	nucleotide_transformer
540	-0.19302425	0.4536248	0.64664906	-0.44752917	0.6545608	1.0	False	liver	early	nucleotide_transformer
1193	-0.19316155	0.45400012	0.64716166	-0.44748488	0.6545929	1.0	False	liver	early	nucleotide_transformer
4363	-0.19309425	0.45385104	0.6469453	-0.44747677	0.65459865	1.0	False	liver	early	nucleotide_transformer
4014	-0.19311324	0.45392117	0.6470344	-0.44745553	0.65461403	1.0	False	liver	early	nucleotide_transformer
847	-0.19314137	0.45398715	0.6471285	-0.44745535	0.6546142	1.0	False	liver	early	nucleotide_transformer
228	-0.19303873	0.45374832	0.64678705	-0.44745246	0.65461624	1.0	False	liver	early	nucleotide_transformer
3623	-0.19312012	0.45394194	0.64706206	-0.4474503	0.6546178	1.0	False	liver	early	nucleotide_transformer
2939	-0.19310558	0.45392174	0.6470273	-0.44743922	0.65462583	1.0	False	liver	early	nucleotide_transformer
2386	-0.19309956	0.45391375	0.6470133	-0.4474341	0.6546295	1.0	False	liver	early	nucleotide_transformer
1322	-0.19316253	0.4540724	0.6472349	-0.44742516	0.654636	1.0	False	liver	early	nucleotide_transformer
3983	-0.19302279	0.45374388	0.64676666	-0.44742423	0.6546367	1.0	False	liver	early	nucleotide_transformer
3205	-0.19306391	0.45392478	0.6469887	-0.44735324	0.6546879	1.0	False	liver	early	nucleotide_transformer
879	-0.19306472	0.45396838	0.6470331	-0.4473169	0.65471405	1.0	False	liver	early	nucleotide_transformer
785	-0.19294888	0.4536984	0.6466473	-0.4473144	0.6547159	1.0	False	liver	early	nucleotide_transformer
2898	-0.19302204	0.4538863	0.64690834	-0.44730237	0.65472454	1.0	False	liver	early	nucleotide_transformer
1157	-0.19299918	0.45383978	0.64683896	-0.4472954	0.65472955	1.0	False	liver	early	nucleotide_transformer
4498	-0.19300786	0.45388386	0.6468917	-0.44727594	0.6547436	1.0	False	liver	early	nucleotide_transformer
1105	-0.19297993	0.45388764	0.6468676	-0.44721657	0.6547865	1.0	False	liver	early	nucleotide_transformer
1780	-0.19296753	0.4539079	0.64687544	-0.4471744	0.6548169	1.0	False	liver	early	nucleotide_transformer
4489	-0.19294459	0.45392406	0.64686865	-0.44711408	0.6548604	1.0	False	liver	early	nucleotide_transformer
819	-0.19286153	0.45373592	0.64659745	-0.4471079	0.6548649	1.0	False	liver	early	nucleotide_transformer
3405	-0.19298041	0.45401984	0.64700025	-0.447104	0.65486777	1.0	False	liver	early	nucleotide_transformer
2940	-0.19295359	0.4539603	0.6469139	-0.44710097	0.6548699	1.0	False	liver	early	nucleotide_transformer
697	-0.19280326	0.45367086	0.6464741	-0.4470486	0.6549078	1.0	False	liver	early	nucleotide_transformer
1292	-0.19289893	0.45412606	0.647025	-0.44684932	0.6550516	1.0	False	liver	early	nucleotide_transformer
1829	-0.1927521	0.45427486	0.64702696	-0.44642827	0.6553556	1.0	False	liver	early	nucleotide_transformer
960	-0.19254711	0.45386603	0.64641315	-0.44636846	0.6553987	1.0	False	liver	early	nucleotide_transformer
1227	-0.19271585	0.45453182	0.6472477	-0.44613734	0.65556574	1.0	False	liver	early	nucleotide_transformer
2908	-0.19246668	0.4540742	0.6465409	-0.4460251	0.65564686	1.0	False	liver	early	nucleotide_transformer
4886	-0.19276834	0.45481735	0.6475857	-0.44600037	0.6556646	1.0	False	liver	early	nucleotide_transformer
704	-0.19239661	0.45394835	0.64634496	-0.4459947	0.6556688	1.0	False	liver	early	nucleotide_transformer
2793	-0.19254732	0.45436066	0.646908	-0.4459442	0.65570515	1.0	False	liver	early	nucleotide_transformer
204	-0.19245455	0.45418516	0.6466397	-0.44590613	0.6557327	1.0	False	liver	early	nucleotide_transformer
2163	-0.19248304	0.45432243	0.64680547	-0.44584757	0.6557749	1.0	False	liver	early	nucleotide_transformer
1564	-0.19247109	0.4543262	0.6467973	-0.44582027	0.6557947	1.0	False	liver	early	nucleotide_transformer
2022	-0.19227299	0.4539601	0.6462331	-0.4457362	0.6558555	1.0	False	liver	early	nucleotide_transformer
3887	-0.1923649	0.4543068	0.6466717	-0.44562364	0.6559368	1.0	False	liver	early	nucleotide_transformer
1259	-0.19261628	0.45510334	0.6477196	-0.44545287	0.65606	1.0	False	liver	early	nucleotide_transformer
4452	-0.1925461	0.45497122	0.6475173	-0.44542387	0.65608096	1.0	False	liver	early	nucleotide_transformer
769	-0.19246632	0.4548599	0.64732623	-0.44535813	0.65612847	1.0	False	liver	early	nucleotide_transformer
2340	-0.19240886	0.45486665	0.6472755	-0.44523728	0.6562158	1.0	False	liver	early	nucleotide_transformer
3629	-0.19223976	0.45447248	0.64671224	-0.4452317	0.65621984	1.0	False	liver	early	nucleotide_transformer
3854	-0.19245633	0.45517978	0.6476361	-0.44506747	0.6563385	1.0	False	liver	early	nucleotide_transformer
1368	-0.19215348	0.45451275	0.6466662	-0.44502386	0.6563699	1.0	False	liver	early	nucleotide_transformer
2563	-0.19217312	0.45460147	0.6467746	-0.44498762	0.6563961	1.0	False	liver	early	nucleotide_transformer
316	-0.19216254	0.45464954	0.6468121	-0.44492617	0.6564407	1.0	False	liver	early	nucleotide_transformer
632	-0.19215098	0.45465425	0.6468052	-0.44489902	0.6564601	1.0	False	liver	early	nucleotide_transformer
4666	-0.19209924	0.4545776	0.64667684	-0.4448599	0.6564885	1.0	False	liver	early	nucleotide_transformer
3613	-0.19215646	0.4551355	0.64729196	-0.44450298	0.6567464	1.0	False	liver	early	nucleotide_transformer
5096	-0.32104838	1.3616672	1.6827155	-0.44446614	0.6567765	1.0	False	liver	early	nucleotide_transformer
4866	-0.32104516	1.3617387	1.6827838	-0.44444066	0.656795	1.0	False	liver	early	nucleotide_transformer
666	-0.32103586	1.3617505	1.6827863	-0.44442523	0.6568062	1.0	False	liver	early	nucleotide_transformer
2738	-0.3209815	1.3616745	1.682656	-0.44437867	0.6568397	1.0	False	liver	early	nucleotide_transformer
1747	-0.32100928	1.3618634	1.6828727	-0.44435674	0.65685564	1.0	False	liver	early	nucleotide_transformer
2378	-0.32118154	1.3626572	1.6838387	-0.44433776	0.6568693	1.0	False	liver	early	nucleotide_transformer
1036	-0.32098603	1.3618615	1.6828475	-0.44432843	0.6568761	1.0	False	liver	early	nucleotide_transformer
1123	-0.3209585	1.3617678	1.6827263	-0.4443213	0.6568812	1.0	False	liver	early	nucleotide_transformer
3690	-0.32110643	1.3624127	1.6835191	-0.44431502	0.6568858	1.0	False	liver	early	nucleotide_transformer
3504	-0.32104862	1.3622073	1.6832559	-0.4443027	0.6568947	1.0	False	liver	early	nucleotide_transformer
4963	-0.32104766	1.3623298	1.6833775	-0.44426495	0.656922	1.0	False	liver	early	nucleotide_transformer
3458	-0.32109237	1.3626385	1.6837308	-0.44422948	0.6569476	1.0	False	liver	early	nucleotide_transformer
4322	-0.32110023	1.3627956	1.6838958	-0.44419268	0.65697426	1.0	False	liver	early	nucleotide_transformer
3289	-0.3209616	1.3622047	1.6831663	-0.44419208	0.6569747	1.0	False	liver	early	nucleotide_transformer
1218	-0.32097268	1.3622648	1.6832374	-0.4441883	0.6569774	1.0	False	liver	early	nucleotide_transformer
2685	-0.32085025	1.3619756	1.6828258	-0.44412082	0.65702605	1.0	False	liver	early	nucleotide_transformer
2017	-0.32085955	1.3620571	1.6829166	-0.44410795	0.65703535	1.0	False	liver	early	nucleotide_transformer
767	-0.32073128	1.3625363	1.6832676	-0.44379887	0.6572589	1.0	False	liver	early	nucleotide_transformer
4936	-0.32058656	1.3619686	1.6825552	-0.44378668	0.6572677	1.0	False	liver	early	nucleotide_transformer
1540	-0.3207692	1.3629208	1.68369	-0.4437328	0.65730673	1.0	False	liver	early	nucleotide_transformer
1429	-0.32070088	1.3627607	1.6834615	-0.44369367	0.65733504	1.0	False	liver	early	nucleotide_transformer
1197	-0.3204491	1.3616964	1.6821455	-0.44369256	0.6573358	1.0	False	liver	early	nucleotide_transformer
4737	-0.32058477	1.3625375	1.6831223	-0.44361186	0.65739405	1.0	False	liver	early	nucleotide_transformer
472	-0.32067192	1.3630332	1.6837051	-0.44357526	0.6574206	1.0	False	liver	early	nucleotide_transformer
41	-0.32039332	1.3620352	1.6824285	-0.4435202	0.65746033	1.0	False	liver	early	nucleotide_transformer
2934	-0.32062197	1.3632475	1.6838695	-0.4434476	0.6575129	1.0	False	liver	early	nucleotide_transformer
2369	-0.32054424	1.3633088	1.683853	-0.4433302	0.6575977	1.0	False	liver	early	nucleotide_transformer
573	-0.32039702	1.3630204	1.6834174	-0.44322845	0.65767133	1.0	False	liver	early	nucleotide_transformer
991	-0.32039607	1.3630967	1.6834928	-0.4432045	0.6576886	1.0	False	liver	early	nucleotide_transformer
1976	-0.32033443	1.363019	1.6833534	-0.4431491	0.6577287	1.0	False	liver	early	nucleotide_transformer
3218	-0.32037425	1.3632004	1.6835747	-0.4431455	0.65773124	1.0	False	liver	early	nucleotide_transformer
3672	-0.3202659	1.3628179	1.6830838	-0.44312194	0.65774834	1.0	False	liver	early	nucleotide_transformer
1497	-0.3201946	1.363175	1.6833696	-0.44292432	0.6578912	1.0	False	liver	early	nucleotide_transformer
4447	-0.3201381	1.3630413	1.6831794	-0.44289187	0.6579147	1.0	False	liver	early	nucleotide_transformer
5041	-0.32013786	1.3631221	1.68326	-0.4428675	0.6579324	1.0	False	liver	early	nucleotide_transformer
2659	-0.31974828	1.3637726	1.6835209	-0.442177	0.65843177	1.0	False	liver	early	nucleotide_transformer
628	-0.31966627	1.3637228	1.6833891	-0.4420878	0.6584965	1.0	False	liver	early	nucleotide_transformer
2826	0.35962093	2.0429614	1.6833404	0.43836483	0.66120416	1.0	False	liver	early	nucleotide_transformer
4418	0.3595246	2.0429187	1.6833941	0.43824896	0.66128814	1.0	False	liver	early	nucleotide_transformer
250	0.3593502	2.0420098	1.6826596	0.4382295	0.66130215	1.0	False	liver	early	nucleotide_transformer
3790	0.35921884	2.0426424	1.6834235	0.43791372	0.66153115	1.0	False	liver	early	nucleotide_transformer
1008	0.35916436	2.042383	1.6832186	0.43790162	0.6615399	1.0	False	liver	early	nucleotide_transformer
3414	0.3592379	2.0428104	1.6835725	0.4379001	0.661541	1.0	False	liver	early	nucleotide_transformer
4224	0.3590362	2.0421839	1.6831477	0.43778044	0.6616276	1.0	False	liver	early	nucleotide_transformer
4343	0.3590368	2.0424378	1.683401	0.43772343	0.661669	1.0	False	liver	early	nucleotide_transformer
1729	0.35899973	2.0427551	1.6837554	0.43760273	0.6617566	1.0	False	liver	early	nucleotide_transformer
2821	0.3588785	2.0422597	1.6833812	0.4375581	0.6617889	1.0	False	liver	early	nucleotide_transformer
928	0.35890567	2.0425704	1.6836647	0.43752256	0.66181463	1.0	False	liver	early	nucleotide_transformer
2358	0.35889602	2.0426035	1.6837075	0.43750247	0.66182923	1.0	False	liver	early	nucleotide_transformer
705	0.3588965	2.0426204	1.6837239	0.43749923	0.66183156	1.0	False	liver	early	nucleotide_transformer
4461	0.35879004	2.0422654	1.6834754	0.437441	0.6618738	1.0	False	liver	early	nucleotide_transformer
396	0.35881436	2.0425076	1.6836933	0.43741792	0.6618905	1.0	False	liver	early	nucleotide_transformer
3830	0.3587525	2.042441	1.6836884	0.43735263	0.66193783	1.0	False	liver	early	nucleotide_transformer
1250	0.35885477	2.0430293	1.6841745	0.4373494	0.66194016	1.0	False	liver	early	nucleotide_transformer
725	0.35868692	2.0421193	1.6834323	0.43733996	0.66194695	1.0	False	liver	early	nucleotide_transformer
4793	0.35872114	2.0429337	1.6842126	0.43719754	0.6620502	1.0	False	liver	early	nucleotide_transformer
4871	0.3587047	2.0429475	1.6842428	0.43717307	0.66206783	1.0	False	liver	early	nucleotide_transformer
4615	0.35871422	2.0432405	1.6845263	0.43711823	0.66210777	1.0	False	liver	early	nucleotide_transformer
852	-0.28955102	1.1353908	1.4249418	-0.43704882	0.66214526	1.0	False	liver	early	nucleotide_transformer
1306	0.35860813	2.042873	1.6842648	0.43706435	0.6621467	1.0	False	liver	early	nucleotide_transformer
4512	-0.28938484	1.1348362	1.424221	-0.43701422	0.6621703	1.0	False	liver	early	nucleotide_transformer
3905	-0.28936267	1.1350126	1.4243753	-0.4369211	0.6622378	1.0	False	liver	early	nucleotide_transformer
2707	-0.2894373	1.1354088	1.424846	-0.43688518	0.6622639	1.0	False	liver	early	nucleotide_transformer
1006	-0.28928542	1.1348145	1.4240999	-0.43688422	0.6622646	1.0	False	liver	early	nucleotide_transformer
70	-0.28946924	1.1356648	1.4251341	-0.43683973	0.6622968	1.0	False	liver	early	nucleotide_transformer
3497	-0.28933954	1.1353035	1.424643	-0.436787	0.66233504	1.0	False	liver	early	nucleotide_transformer
2867	-0.2891574	1.1346639	1.4238213	-0.43676117	0.66235375	1.0	False	liver	early	nucleotide_transformer
1336	-0.28941953	1.1357307	1.4251503	-0.43674782	0.6623634	1.0	False	liver	early	nucleotide_transformer
1104	-0.2891711	1.1347581	1.4239292	-0.43674576	0.6623649	1.0	False	liver	early	nucleotide_transformer
1930	-0.28926814	1.1351464	1.4244145	-0.4367436	0.66236645	1.0	False	liver	early	nucleotide_transformer
4624	-0.28912365	1.1345849	1.4237086	-0.43674234	0.66236746	1.0	False	liver	early	nucleotide_transformer
1934	-0.28937757	1.1356155	1.424993	-0.43673018	0.66237617	1.0	False	liver	early	nucleotide_transformer
1631	-0.2892176	1.1351129	1.4243305	-0.43668544	0.66240865	1.0	False	liver	early	nucleotide_transformer
1847	0.35829675	2.0428488	1.6845521	0.43666458	0.66243654	1.0	False	liver	early	nucleotide_transformer
3351	-0.28913295	1.1352191	1.424352	-0.436531	0.6625206	1.0	False	liver	early	nucleotide_transformer
1405	-0.28909624	1.1351342	1.4242305	-0.4365101	0.6625358	1.0	False	liver	early	nucleotide_transformer
2010	-0.2889961	1.1348164	1.4238125	-0.4364847	0.66255426	1.0	False	liver	early	nucleotide_transformer
2853	-0.28896558	1.1347362	1.4237018	-0.43647033	0.66256475	1.0	False	liver	early	nucleotide_transformer
2260	-0.28904402	1.1352196	1.4242636	-0.43640816	0.66260976	1.0	False	liver	early	nucleotide_transformer
2239	-0.2889049	1.1346763	1.4235812	-0.43640754	0.6626103	1.0	False	liver	early	nucleotide_transformer
4741	-0.28904653	1.135234	1.4242805	-0.43640664	0.6626108	1.0	False	liver	early	nucleotide_transformer
4476	-0.28900945	1.1350949	1.4241043	-0.43640393	0.6626128	1.0	False	liver	early	nucleotide_transformer
2710	-0.28896153	1.1350774	1.4240389	-0.43634376	0.6626565	1.0	False	liver	early	nucleotide_transformer
2684	-0.28894782	1.1352012	1.424149	-0.43628147	0.66270167	1.0	False	liver	early	nucleotide_transformer
2840	-0.2889508	1.1352468	1.4241976	-0.43626976	0.66271013	1.0	False	liver	early	nucleotide_transformer
2031	-0.2889669	1.1353456	1.4243125	-0.4362566	0.66271985	1.0	False	liver	early	nucleotide_transformer
1066	-0.28890324	1.1351584	1.4240617	-0.4362347	0.66273564	1.0	False	liver	early	nucleotide_transformer
640	-0.28895497	1.1355695	1.4245244	-0.43616244	0.66278803	1.0	False	liver	early	nucleotide_transformer
4692	-0.28896117	1.1356418	1.424603	-0.43614534	0.66280043	1.0	False	liver	early	nucleotide_transformer
2474	-0.28874862	1.1348455	1.4235941	-0.4361318	0.66281015	1.0	False	liver	early	nucleotide_transformer
3179	-0.28881466	1.1353709	1.4241855	-0.43603742	0.6628787	1.0	False	liver	early	nucleotide_transformer
2785	-0.28863096	1.1348667	1.4234977	-0.43596134	0.6629339	1.0	False	liver	early	nucleotide_transformer
2657	-0.28854227	1.1353164	1.4238586	-0.43567973	0.66313815	1.0	False	liver	early	nucleotide_transformer
2932	-0.28814244	1.1361138	1.4242562	-0.434848	0.66374165	1.0	False	liver	early	nucleotide_transformer
1533	-0.28817964	1.136589	1.4247687	-0.43473384	0.6638245	1.0	False	liver	early	nucleotide_transformer
1394	-0.28812253	1.136649	1.4247715	-0.43463382	0.66389716	1.0	False	liver	early	nucleotide_transformer
1942	-0.22600818	0.6802785	0.90628666	-0.43462545	0.66390157	1.0	False	liver	early	nucleotide_transformer
937	-0.28805196	1.1366532	1.4247051	-0.43453488	0.6639689	1.0	False	liver	early	nucleotide_transformer
3839	-0.22587359	0.6803007	0.9061743	-0.43438175	0.6640784	1.0	False	liver	early	nucleotide_transformer
580	-0.22582036	0.6802317	0.90605205	-0.43432963	0.6641163	1.0	False	liver	early	nucleotide_transformer
1427	-0.22592849	0.6808483	0.9067768	-0.43416366	0.66423684	1.0	False	liver	early	nucleotide_transformer
432	-0.2258349	0.6805709	0.9064058	-0.4341604	0.66423917	1.0	False	liver	early	nucleotide_transformer
3003	-0.22573751	0.6803094	0.9060469	-0.43414345	0.66425157	1.0	False	liver	early	nucleotide_transformer
1313	-0.22577041	0.6804824	0.9062528	-0.4340999	0.66428316	1.0	False	liver	early	nucleotide_transformer
3656	-0.28747058	1.1366421	1.4241127	-0.43373495	0.66454965	1.0	False	liver	early	nucleotide_transformer
4857	-0.22538316	0.68017346	0.9055566	-0.43361154	0.6646376	1.0	False	liver	early	nucleotide_transformer
3140	-0.2253772	0.68016213	0.90553933	-0.43360773	0.66464037	1.0	False	liver	early	nucleotide_transformer
3361	-0.22553056	0.68075883	0.9062894	-0.43353122	0.664696	1.0	False	liver	early	nucleotide_transformer
2376	-0.22536421	0.6802744	0.90563864	-0.43352178	0.6647028	1.0	False	liver	early	nucleotide_transformer
3235	-0.22538263	0.6803638	0.9057464	-0.43350133	0.66471773	1.0	False	liver	early	nucleotide_transformer
2172	-0.22541332	0.6805138	0.9059271	-0.43346888	0.6647412	1.0	False	liver	early	nucleotide_transformer
4680	-0.22554421	0.6809572	0.9065014	-0.43344223	0.66476053	1.0	False	liver	early	nucleotide_transformer
2599	-0.22541547	0.68087924	0.9062947	-0.43326545	0.66488904	1.0	False	liver	early	nucleotide_transformer
4659	-0.2253058	0.68064845	0.90595424	-0.43320793	0.6649307	1.0	False	liver	early	nucleotide_transformer
4146	-0.22523063	0.68046224	0.9056929	-0.43318367	0.66494834	1.0	False	liver	early	nucleotide_transformer
227	-0.22525877	0.68055284	0.9058116	-0.43318123	0.6649502	1.0	False	liver	early	nucleotide_transformer
4789	-0.22535157	0.6808445	0.90619606	-0.43317547	0.66495436	1.0	False	liver	early	nucleotide_transformer
2957	-0.22526282	0.68061703	0.90587986	-0.43315193	0.6649715	1.0	False	liver	early	nucleotide_transformer
3332	-0.22542274	0.6811456	0.90656835	-0.43312663	0.66498977	1.0	False	liver	early	nucleotide_transformer
4861	-0.22547263	0.68132526	0.9067979	-0.43310988	0.6650019	1.0	False	liver	early	nucleotide_transformer
4617	-0.22537768	0.6810542	0.90643185	-0.4331013	0.6650083	1.0	False	liver	early	nucleotide_transformer
5104	-0.22509414	0.6802472	0.9053413	-0.4330731	0.6650287	1.0	False	liver	early	nucleotide_transformer
1875	-0.22533458	0.6809843	0.9063189	-0.43306676	0.66503334	1.0	False	liver	early	nucleotide_transformer
4016	-0.22531599	0.6809376	0.9062536	-0.43306133	0.6650373	1.0	False	liver	early	nucleotide_transformer
1224	-0.22536802	0.68113226	0.9065003	-0.43304035	0.6650524	1.0	False	liver	early	nucleotide_transformer
18	-0.22507507	0.6803393	0.90541434	-0.43298802	0.6650906	1.0	False	liver	early	nucleotide_transformer
1664	-0.22506183	0.68030083	0.90536267	-0.43298703	0.66509134	1.0	False	liver	early	nucleotide_transformer
315	-0.22532308	0.68111813	0.9064412	-0.43297103	0.6651029	1.0	False	liver	early	nucleotide_transformer
824	-0.22513771	0.6805903	0.905728	-0.43295205	0.66511667	1.0	False	liver	early	nucleotide_transformer
695	-0.25765026	0.90696335	1.1646136	-0.43293846	0.6651274	1.0	False	liver	early	nucleotide_transformer
1438	-0.22536391	0.68133974	0.90670365	-0.432916	0.66514283	1.0	False	liver	early	nucleotide_transformer
2992	-0.22506827	0.6805255	0.90559375	-0.43286946	0.6651766	1.0	False	liver	early	nucleotide_transformer
4243	-0.25776124	0.9075347	1.165296	-0.43286088	0.66518366	1.0	False	liver	early	nucleotide_transformer
4102	-0.2578898	0.9079872	1.165877	-0.4328605	0.66518396	1.0	False	liver	early	nucleotide_transformer
1965	-0.2250979	0.6806631	0.905761	-0.43284258	0.6651962	1.0	False	liver	early	nucleotide_transformer
3294	-0.2252323	0.68109304	0.90632534	-0.43282923	0.66520584	1.0	False	liver	early	nucleotide_transformer
787	-0.22521949	0.68109846	0.90631795	-0.43280426	0.66522396	1.0	False	liver	early	nucleotide_transformer
3188	-0.22529465	0.6813271	0.90662175	-0.43280348	0.6652245	1.0	False	liver	early	nucleotide_transformer
559	-0.22527254	0.6812647	0.90653723	-0.43280134	0.665226	1.0	False	liver	early	nucleotide_transformer
4955	-0.22516662	0.68097097	0.9061376	-0.43278635	0.66523695	1.0	False	liver	early	nucleotide_transformer
603	-0.22502673	0.6806355	0.90566224	-0.43273538	0.66527396	1.0	False	liver	early	nucleotide_transformer
4347	-0.2251398	0.6809869	0.9061267	-0.43273112	0.66527706	1.0	False	liver	early	nucleotide_transformer
4352	-0.22521198	0.68122137	0.90643334	-0.43272188	0.6652837	1.0	False	liver	early	nucleotide_transformer
820	-0.22492254	0.68034685	0.9052694	-0.43272147	0.6652841	1.0	False	liver	early	nucleotide_transformer
4681	-0.22496468	0.6805017	0.9054664	-0.4327049	0.66529614	1.0	False	liver	early	nucleotide_transformer
4496	-0.22499794	0.6806473	0.90564525	-0.43267968	0.6653145	1.0	False	liver	early	nucleotide_transformer
2979	-0.2252233	0.6813813	0.9066046	-0.43265072	0.6653355	1.0	False	liver	early	nucleotide_transformer
247	-0.25769007	0.9077759	1.165466	-0.43264863	0.665338	1.0	False	liver	early	nucleotide_transformer
1860	-0.25738358	0.90670073	1.1640843	-0.43264726	0.66533893	1.0	False	liver	early	nucleotide_transformer
4542	-0.25752974	0.907225	1.1647547	-0.43264228	0.6653425	1.0	False	liver	early	nucleotide_transformer
391	-0.22528869	0.68160033	0.906889	-0.43263826	0.6653446	1.0	False	liver	early	nucleotide_transformer
1938	-0.22521102	0.6813878	0.9065988	-0.43262634	0.6653532	1.0	False	liver	early	nucleotide_transformer
3005	-0.22490484	0.68046445	0.9053693	-0.43262273	0.6653559	1.0	False	liver	early	nucleotide_transformer
4602	-0.22519958	0.6813672	0.9065668	-0.43261784	0.6653594	1.0	False	liver	early	nucleotide_transformer
5062	-0.22517538	0.6813071	0.90648246	-0.4326101	0.66536504	1.0	False	liver	early	nucleotide_transformer
449	-0.22503144	0.6808826	0.905914	-0.43260393	0.66536945	1.0	False	liver	early	nucleotide_transformer
982	-0.25764984	0.9077528	1.1654027	-0.4325972	0.66537535	1.0	False	liver	early	nucleotide_transformer
3015	-0.25755966	0.907465	1.1650246	-0.43258372	0.6653851	1.0	False	liver	early	nucleotide_transformer
3533	-0.2576267	0.90776044	1.1653872	-0.43255875	0.6654033	1.0	False	liver	early	nucleotide_transformer
2888	-0.22516203	0.68137	0.90653205	-0.4325518	0.66540736	1.0	False	liver	early	nucleotide_transformer
1142	-0.22529978	0.6817944	0.9070942	-0.4325483	0.66540986	1.0	False	liver	early	nucleotide_transformer
3121	-0.22490317	0.68062204	0.9055252	-0.43253103	0.66542244	1.0	False	liver	early	nucleotide_transformer
3855	-0.25764847	0.9079484	1.1655968	-0.43250972	0.66543883	1.0	False	liver	early	nucleotide_transformer
4834	-0.22517067	0.6815741	0.9067448	-0.43245158	0.66548014	1.0	False	liver	early	nucleotide_transformer
3063	-0.22490984	0.68079644	0.9057063	-0.43244404	0.66548556	1.0	False	liver	early	nucleotide_transformer
1545	-0.25758022	0.90790063	1.1654809	-0.43242612	0.6654996	1.0	False	liver	early	nucleotide_transformer
1464	-0.25754827	0.9079233	1.1654716	-0.43236804	0.6655417	1.0	False	liver	early	nucleotide_transformer
4031	-0.2250225	0.68130076	0.90632325	-0.4323515	0.66555285	1.0	False	liver	early	nucleotide_transformer
2927	-0.22494113	0.6810559	0.90599704	-0.43235105	0.66555315	1.0	False	liver	early	nucleotide_transformer
981	-0.22469431	0.6803596	0.9050539	-0.43232206	0.6655742	1.0	False	liver	early	nucleotide_transformer
3320	-0.22493154	0.6811068	0.90603834	-0.4323053	0.66558635	1.0	False	liver	early	nucleotide_transformer
638	-0.22502738	0.68139935	0.9064267	-0.43230477	0.66558677	1.0	False	liver	early	nucleotide_transformer
4484	-0.22490734	0.6810385	0.90594584	-0.4323026	0.6655884	1.0	False	liver	early	nucleotide_transformer
1319	-0.22487819	0.6809671	0.9058453	-0.43229288	0.6655954	1.0	False	liver	early	nucleotide_transformer
2565	-0.22511148	0.6817324	0.9068439	-0.43226075	0.6656188	1.0	False	liver	early	nucleotide_transformer
58	-0.2574038	0.9076732	1.165077	-0.43225726	0.6656222	1.0	False	liver	early	nucleotide_transformer
395	-0.25730562	0.90734303	1.1646487	-0.4322494	0.66562796	1.0	False	liver	early	nucleotide_transformer
1910	-0.22493488	0.68122846	0.90616333	-0.43224236	0.6656321	1.0	False	liver	early	nucleotide_transformer
1501	-0.25746387	0.9079316	1.1653955	-0.43223578	0.66563785	1.0	False	liver	early	nucleotide_transformer
4606	-0.25733155	0.9075889	1.1649204	-0.43218276	0.6656764	1.0	False	liver	early	nucleotide_transformer
2580	-0.22492617	0.68131	0.9062362	-0.4321814	0.6656765	1.0	False	liver	early	nucleotide_transformer
1745	-0.25740123	0.9078959	1.1652972	-0.43215576	0.6656959	1.0	False	liver	early	nucleotide_transformer
647	-0.2572856	0.9074913	1.1647769	-0.4321546	0.6656968	1.0	False	liver	early	nucleotide_transformer
1800	-0.25727898	0.90747255	1.1647515	-0.43215314	0.66569793	1.0	False	liver	early	nucleotide_transformer
4897	-0.22498226	0.6815379	0.9065202	-0.432149	0.66569996	1.0	False	liver	early	nucleotide_transformer
750	-0.22478056	0.6809422	0.90572274	-0.43213922	0.66570723	1.0	False	liver	early	nucleotide_transformer
1935	-0.22474384	0.68085533	0.9055992	-0.43212518	0.66571736	1.0	False	liver	early	nucleotide_transformer
3067	-0.25718284	0.9071953	1.1643782	-0.4321262	0.6657174	1.0	False	liver	early	nucleotide_transformer
4610	-0.25733846	0.907759	1.1650975	-0.4321207	0.6657214	1.0	False	liver	early	nucleotide_transformer
2537	-0.25725007	0.9074807	1.1647308	-0.4321056	0.6657324	1.0	False	liver	early	nucleotide_transformer
4398	-0.2573005	0.9076637	1.1649642	-0.43210387	0.6657337	1.0	False	liver	early	nucleotide_transformer
2912	-0.22471863	0.680835	0.90555364	-0.43209338	0.66574043	1.0	False	liver	early	nucleotide_transformer
346	-0.25728118	0.9076282	1.1649094	-0.43208984	0.6657438	1.0	False	liver	early	nucleotide_transformer
1514	-0.22484398	0.6812557	0.9060997	-0.43207082	0.66575676	1.0	False	liver	early	nucleotide_transformer
2781	-0.2571938	0.9074482	1.164642	-0.4320338	0.6657846	1.0	False	liver	early	nucleotide_transformer
535	-0.25717974	0.9074048	1.1645845	-0.43203124	0.66578645	1.0	False	liver	early	nucleotide_transformer
4865	-0.25708395	0.9070851	1.1641691	-0.43202457	0.66579133	1.0	False	liver	early	nucleotide_transformer
474	-0.22472352	0.68097585	0.9056994	-0.43202215	0.6657923	1.0	False	liver	early	nucleotide_transformer
3297	-0.2571625	0.9073711	1.1645336	-0.43201974	0.66579485	1.0	False	liver	early	nucleotide_transformer
4269	-0.22468555	0.68087786	0.9055634	-0.43201223	0.66579944	1.0	False	liver	early	nucleotide_transformer
429	-0.2573564	0.9082289	1.1655853	-0.4319444	0.6658497	1.0	False	liver	early	nucleotide_transformer
1304	-0.22470021	0.681072	0.9057722	-0.43192786	0.6658607	1.0	False	liver	early	nucleotide_transformer
2197	-0.2572254	0.90781224	1.1650376	-0.43192527	0.6658636	1.0	False	liver	early	nucleotide_transformer
4454	-0.25718832	0.90773904	1.1649274	-0.4318998	0.66588205	1.0	False	liver	early	nucleotide_transformer
62	-0.257245	0.90794784	1.1651928	-0.43189538	0.6658852	1.0	False	liver	early	nucleotide_transformer
5001	-0.25723928	0.90796643	1.1652057	-0.4318787	0.6658973	1.0	False	liver	early	nucleotide_transformer
3144	-0.25716537	0.90773934	1.1649047	-0.4318649	0.6659074	1.0	False	liver	early	nucleotide_transformer
4536	-0.2572571	0.90811145	1.1653686	-0.4318435	0.66592294	1.0	False	liver	early	nucleotide_transformer
2988	-0.25731492	0.9083196	1.1656345	-0.43184206	0.665924	1.0	False	liver	early	nucleotide_transformer
2303	-0.2572623	0.9081537	1.165416	-0.43183324	0.6659304	1.0	False	liver	early	nucleotide_transformer
3288	-0.22472292	0.68136543	0.90608835	-0.43180093	0.6659529	1.0	False	liver	early	nucleotide_transformer
2470	-0.22478825	0.6816045	0.90639275	-0.43177807	0.6659696	1.0	False	liver	early	nucleotide_transformer
2213	-0.25723624	0.9082587	1.1654949	-0.4317482	0.6659922	1.0	False	liver	early	nucleotide_transformer
4440	-0.25725704	0.9083356	1.1655927	-0.4317471	0.665993	1.0	False	liver	early	nucleotide_transformer
4355	-0.22473514	0.6815264	0.90626156	-0.43173096	0.6660038	1.0	False	liver	early	nucleotide_transformer
1369	-0.25710392	0.90784204	1.164946	-0.43172735	0.6660073	1.0	False	liver	early	nucleotide_transformer
1389	-0.22481412	0.6818018	0.9066159	-0.4317115	0.666018	1.0	False	liver	early	nucleotide_transformer
4511	-0.22466785	0.6814297	0.90609753	-0.43167016	0.66604793	1.0	False	liver	early	nucleotide_transformer
3762	-0.2247349	0.6816462	0.90638113	-0.43166295	0.66605324	1.0	False	liver	early	nucleotide_transformer
3041	-0.25729293	0.9086563	1.1659492	-0.43166405	0.66605324	1.0	False	liver	early	nucleotide_transformer
2084	-0.25708598	0.90799195	1.1650779	-0.43163458	0.6660748	1.0	False	liver	early	nucleotide_transformer
2193	-0.25710487	0.9080858	1.1651907	-0.43162236	0.6660836	1.0	False	liver	early	nucleotide_transformer
2677	-0.25706172	0.9079412	1.165003	-0.4316191	0.6660859	1.0	False	liver	early	nucleotide_transformer
620	-0.22471654	0.6817375	0.906454	-0.4315802	0.6661133	1.0	False	liver	early	nucleotide_transformer
2699	-0.25698918	0.9078471	1.1648363	-0.43154988	0.6661363	1.0	False	liver	early	nucleotide_transformer
44	-0.25703472	0.908107	1.1651417	-0.43150637	0.66616786	1.0	False	liver	early	nucleotide_transformer
269	-0.2569493	0.90787613	1.1648254	-0.4314759	0.66619	1.0	False	liver	early	nucleotide_transformer
2290	-0.25695944	0.9081011	1.1650605	-0.4313945	0.6662492	1.0	False	liver	early	nucleotide_transformer
3317	-0.25706005	0.90846443	1.1655245	-0.4313917	0.66625124	1.0	False	liver	early	nucleotide_transformer
1815	-0.2569186	0.90797645	1.164895	-0.43138534	0.6662559	1.0	False	liver	early	nucleotide_transformer
3532	-0.2570452	0.9086023	1.1656475	-0.4313099	0.66631067	1.0	False	liver	early	nucleotide_transformer
2091	-0.2569837	0.9084918	1.1654755	-0.43126336	0.6663445	1.0	False	liver	early	nucleotide_transformer
1092	-0.2570451	0.9087251	1.1657702	-0.43125716	0.6663489	1.0	False	liver	early	nucleotide_transformer
3006	-0.2244848	0.68169916	0.90618396	-0.43120414	0.66638666	1.0	False	liver	early	nucleotide_transformer
1905	-0.22438002	0.68141425	0.90579426	-0.43118408	0.66640127	1.0	False	liver	early	nucleotide_transformer
248	-0.22435582	0.68138754	0.90574336	-0.43115762	0.66642046	1.0	False	liver	early	nucleotide_transformer
2753	-0.2568558	0.9083697	1.1652255	-0.431121	0.666448	1.0	False	liver	early	nucleotide_transformer
1529	-0.25685453	0.90853477	1.1653893	-0.43104813	0.6665009	1.0	False	liver	early	nucleotide_transformer
3569	-0.25680566	0.9087099	1.1655155	-0.43089855	0.66660976	1.0	False	liver	early	nucleotide_transformer
4869	-0.25674343	0.90858006	1.1653235	-0.43085927	0.66663826	1.0	False	liver	early	nucleotide_transformer
1110	-0.25677562	0.9087211	1.1654967	-0.43084824	0.66664636	1.0	False	liver	early	nucleotide_transformer
4674	-0.2243352	0.6819497	0.90628487	-0.43080577	0.66667634	1.0	False	liver	early	nucleotide_transformer
1062	-0.25669342	0.9085371	1.1652305	-0.43080154	0.66668034	1.0	False	liver	early	nucleotide_transformer
877	-0.25670838	0.9086219	1.1653303	-0.43078798	0.6666901	1.0	False	liver	early	nucleotide_transformer
4116	-0.25671804	0.9088744	1.1655924	-0.4306949	0.6667578	1.0	False	liver	early	nucleotide_transformer
4267	-0.25641984	0.9078818	1.1643016	-0.43066648	0.66677845	1.0	False	liver	early	nucleotide_transformer
5078	-0.2565931	0.9085487	1.1651418	-0.43064368	0.6667951	1.0	False	liver	early	nucleotide_transformer
4276	-0.256675	0.9089135	1.1655885	-0.43061262	0.66681767	1.0	False	liver	early	nucleotide_transformer
3852	-0.2566045	0.9087656	1.1653701	-0.4305683	0.6668498	1.0	False	liver	early	nucleotide_transformer
2756	-0.22393745	0.68120205	0.9051395	-0.43054295	0.6668674	1.0	False	liver	early	nucleotide_transformer
3163	-0.25651896	0.90870833	1.1652273	-0.43046254	0.6669268	1.0	False	liver	early	nucleotide_transformer
1205	-0.25648183	0.9087394	1.1652212	-0.43039274	0.66697747	1.0	False	liver	early	nucleotide_transformer
551	-0.2564683	0.9091648	1.1656331	-0.4301896	0.66712517	1.0	False	liver	early	nucleotide_transformer
419	0.39371753	2.724271	2.3305535	0.41410896	0.6788704	1.0	False	liver	early	nucleotide_transformer
4875	0.39363503	2.725409	2.331774	0.41383564	0.67907053	1.0	False	liver	early	nucleotide_transformer
728	0.39304376	2.72461	2.3315663	0.41330782	0.67945695	1.0	False	liver	early	nucleotide_transformer
388	0.39289045	2.7237542	2.3308637	0.4132732	0.67948234	1.0	False	liver	early	nucleotide_transformer
4233	0.39294028	2.725444	2.3325038	0.41305995	0.6796386	1.0	False	liver	early	nucleotide_transformer
2219	0.39279723	2.7245824	2.3317852	0.4130385	0.67965424	1.0	False	liver	early	nucleotide_transformer
2812	0.29388773	1.5882643	1.2943766	0.40643653	0.68449795	1.0	False	liver	early	nucleotide_transformer
116	0.29371417	1.5884467	1.2947326	0.4061286	0.68472403	1.0	False	liver	early	nucleotide_transformer
3211	0.29364395	1.5882168	1.2945728	0.40608698	0.6847546	1.0	False	liver	early	nucleotide_transformer
1147	0.29362285	1.588478	1.2948551	0.4059848	0.68482965	1.0	False	liver	early	nucleotide_transformer
2048	0.29368174	1.5888473	1.2951655	0.40597147	0.6848394	1.0	False	liver	early	nucleotide_transformer
4473	0.29365528	1.5888733	1.295218	0.40592518	0.68487346	1.0	False	liver	early	nucleotide_transformer
4128	0.29361188	1.5887529	1.295141	0.40589377	0.6848966	1.0	False	liver	early	nucleotide_transformer
329	0.2936716	1.5892663	1.2955947	0.4058418	0.68493474	1.0	False	liver	early	nucleotide_transformer
2123	0.2934376	1.588119	1.2946814	0.40580812	0.6849594	1.0	False	liver	early	nucleotide_transformer
5064	0.29354334	1.5887343	1.2951909	0.40579703	0.6849677	1.0	False	liver	early	nucleotide_transformer
1863	0.29347992	1.588548	1.295068	0.405754	0.68499917	1.0	False	liver	early	nucleotide_transformer
3020	0.2934934	1.5886385	1.2951452	0.40574902	0.6850029	1.0	False	liver	early	nucleotide_transformer
2571	0.2933091	1.58825	1.294941	0.40558198	0.6851256	1.0	False	liver	early	nucleotide_transformer
4800	0.29331994	1.5884082	1.2950883	0.40555498	0.68514544	1.0	False	liver	early	nucleotide_transformer
3082	0.2933563	1.5886928	1.2953365	0.40553138	0.6851627	1.0	False	liver	early	nucleotide_transformer
3162	0.29330873	1.5885363	1.2952275	0.40550372	0.68518305	1.0	False	liver	early	nucleotide_transformer
159	0.29329967	1.5884997	1.2952	0.40550005	0.68518573	1.0	False	liver	early	nucleotide_transformer
505	0.29327047	1.5885746	1.2953042	0.40543625	0.68523264	1.0	False	liver	early	nucleotide_transformer
1546	0.29311264	1.5878773	1.2947646	0.4053928	0.68526465	1.0	False	liver	early	nucleotide_transformer
5073	0.29328036	1.588852	1.2955717	0.4053751	0.6852776	1.0	False	liver	early	nucleotide_transformer
1415	0.2932924	1.5890336	1.2957412	0.40534368	0.68530065	1.0	False	liver	early	nucleotide_transformer
2669	0.29313457	1.5886073	1.2954727	0.40522575	0.6853874	1.0	False	liver	early	nucleotide_transformer
1796	0.29310727	1.5885795	1.2954723	0.40519327	0.6854112	1.0	False	liver	early	nucleotide_transformer
3392	0.29306114	1.5884999	1.2954388	0.4051465	0.68544567	1.0	False	liver	early	nucleotide_transformer
1794	0.2930137	1.5883831	1.2953694	0.40510765	0.6854741	1.0	False	liver	early	nucleotide_transformer
3917	0.29299414	1.58828	1.2952858	0.4051068	0.68547475	1.0	False	liver	early	nucleotide_transformer
5094	0.32770967	2.270616	1.9429064	0.37687558	0.70633453	1.0	False	liver	early	nucleotide_transformer
1064	0.32765317	2.2702615	1.9426084	0.37686893	0.7063395	1.0	False	liver	early	nucleotide_transformer
4709	0.32760835	2.2700548	1.9424465	0.37685248	0.70635176	1.0	False	liver	early	nucleotide_transformer
4795	0.3276136	2.270163	1.9425495	0.37683797	0.7063624	1.0	False	liver	early	nucleotide_transformer
1984	0.32765687	2.270501	1.942844	0.3768316	0.7063672	1.0	False	liver	early	nucleotide_transformer
1407	0.32751918	2.269703	1.9421837	0.37680548	0.70638657	1.0	False	liver	early	nucleotide_transformer
2922	0.32759595	2.2702608	1.9426649	0.37679985	0.7063908	1.0	False	liver	early	nucleotide_transformer
3595	0.3276416	2.2706234	1.9429818	0.37679175	0.70639676	1.0	False	liver	early	nucleotide_transformer
1135	0.32759154	2.2704182	1.9428266	0.37676695	0.70641524	1.0	False	liver	early	nucleotide_transformer
1510	0.3275448	2.2704995	1.9429547	0.37669623	0.70646775	1.0	False	liver	early	nucleotide_transformer
1461	0.32744598	2.2700725	1.9426265	0.37665066	0.70650166	1.0	False	liver	early	nucleotide_transformer
657	0.3273921	2.269771	1.942379	0.3766396	0.7065098	1.0	False	liver	early	nucleotide_transformer
808	0.32732534	2.2696824	1.9423571	0.37657374	0.7065588	1.0	False	liver	early	nucleotide_transformer
4121	0.32733512	2.2698982	1.942563	0.3765463	0.7065792	1.0	False	liver	early	nucleotide_transformer
189	0.32733667	2.27041	1.9430734	0.37645903	0.706644	1.0	False	liver	early	nucleotide_transformer
3694	0.32723737	2.270275	1.9430377	0.37636226	0.7067159	1.0	False	liver	early	nucleotide_transformer
1622	0.32720292	2.2702708	1.9430679	0.37632117	0.7067466	1.0	False	liver	early	nucleotide_transformer
1005	0.32705808	2.269523	1.9424648	0.3762769	0.7067794	1.0	False	liver	early	nucleotide_transformer
1473	0.32714307	2.2703269	1.9431838	0.3762386	0.70680785	1.0	False	liver	early	nucleotide_transformer
1977	0.32717454	2.2706769	1.9435023	0.37621614	0.7068245	1.0	False	liver	early	nucleotide_transformer
2848	0.32710028	2.2701933	1.9430931	0.37620986	0.70682925	1.0	False	liver	early	nucleotide_transformer
211	0.32713735	2.270561	1.9434236	0.376191	0.7068433	1.0	False	liver	early	nucleotide_transformer
3505	0.32716262	2.2709007	1.9437381	0.3761629	0.7068641	1.0	False	liver	early	nucleotide_transformer
670	0.32700646	2.269955	1.9429485	0.37613764	0.70688295	1.0	False	liver	early	nucleotide_transformer
1974	0.3269453	2.2697494	1.9428041	0.37609932	0.7069114	1.0	False	liver	early	nucleotide_transformer
2791	0.098412365	0.22759	0.12917763	0.37605548	0.7069564	1.0	False	liver	early	nucleotide_transformer
2914	0.32686412	2.2698605	1.9429964	0.37598172	0.70699877	1.0	False	liver	early	nucleotide_transformer
826	0.22950351	1.1353599	0.9058564	0.37596405	0.707014	1.0	False	liver	early	nucleotide_transformer
1735	0.22940755	1.135168	0.9057604	0.3758626	0.7070893	1.0	False	liver	early	nucleotide_transformer
4333	0.32668507	2.269533	1.9428478	0.37582168	0.7071177	1.0	False	liver	early	nucleotide_transformer
1508	0.22923875	1.134585	0.9053463	0.37577224	0.7071566	1.0	False	liver	early	nucleotide_transformer
3638	0.22936827	1.1361188	0.9067505	0.3754554	0.707392	1.0	False	liver	early	nucleotide_transformer
4485	0.09819047	0.22738315	0.12919268	0.375458	0.70740044	1.0	False	liver	early	nucleotide_transformer
194	0.22928846	1.1360244	0.9067359	0.3753479	0.7074719	1.0	False	liver	early	nucleotide_transformer
1549	0.098118395	0.22730073	0.12918234	0.37529087	0.70752466	1.0	False	liver	early	nucleotide_transformer
2894	0.32627082	2.2698762	1.9436054	0.37525928	0.70753574	1.0	False	liver	early	nucleotide_transformer
2665	0.09812291	0.2273348	0.12921189	0.37524638	0.7075578	1.0	False	liver	early	nucleotide_transformer
4621	0.098094046	0.2272693	0.12917526	0.375242	0.7075609	1.0	False	liver	early	nucleotide_transformer
3967	0.09806132	0.22724514	0.12918381	0.37514216	0.70763516	1.0	False	liver	early	nucleotide_transformer
1267	0.09802523	0.2271703	0.12914507	0.3751254	0.7076477	1.0	False	liver	early	nucleotide_transformer
4101	0.098004386	0.22714537	0.12914099	0.3750796	0.70768166	1.0	False	liver	early	nucleotide_transformer
3562	0.09796816	0.22712436	0.1291562	0.37495613	0.70777345	1.0	False	liver	early	nucleotide_transformer
4253	0.09795539	0.22711816	0.12916277	0.3749088	0.7078087	1.0	False	liver	early	nucleotide_transformer
4819	0.097999305	0.22722419	0.12922488	0.3749022	0.70781356	1.0	False	liver	early	nucleotide_transformer
2180	0.09797022	0.22718063	0.12921041	0.3748557	0.7078482	1.0	False	liver	early	nucleotide_transformer
4521	0.09796259	0.22717653	0.12921394	0.37482738	0.7078692	1.0	False	liver	early	nucleotide_transformer
4540	0.0979799	0.22722389	0.12924398	0.37481487	0.7078784	1.0	False	liver	early	nucleotide_transformer
2511	0.09794138	0.22713488	0.1291935	0.37481418	0.70787895	1.0	False	liver	early	nucleotide_transformer
347	0.09791091	0.22707035	0.12915944	0.37480205	0.70788795	1.0	False	liver	early	nucleotide_transformer
3835	0.09804116	0.22737522	0.12933406	0.3747952	0.70789313	1.0	False	liver	early	nucleotide_transformer
1696	0.09797628	0.2272282	0.12925191	0.37478843	0.70789814	1.0	False	liver	early	nucleotide_transformer
1192	0.22856319	1.1341162	0.905553	0.37474486	0.70792025	1.0	False	liver	early	nucleotide_transformer
2499	0.09787294	0.22701915	0.1291462	0.37472844	0.7079428	1.0	False	liver	early	nucleotide_transformer
2107	0.22878796	1.1353705	0.90658253	0.37469614	0.70795655	1.0	False	liver	early	nucleotide_transformer
3591	0.22859532	1.134417	0.90582174	0.37469485	0.7079575	1.0	False	liver	early	nucleotide_transformer
3371	0.097873986	0.22703473	0.12916075	0.3747027	0.7079619	1.0	False	liver	early	nucleotide_transformer
4957	0.22867	1.1348128	0.90614283	0.37468585	0.7079641	1.0	False	liver	early	nucleotide_transformer
1278	0.09794736	0.2272162	0.12926884	0.37468076	0.7079782	1.0	False	liver	early	nucleotide_transformer
2211	0.097942516	0.22721487	0.12927236	0.37466142	0.7079926	1.0	False	liver	early	nucleotide_transformer
1219	0.0979179	0.22716662	0.12924872	0.37464404	0.7080055	1.0	False	liver	early	nucleotide_transformer
3738	0.09787047	0.22706637	0.1291959	0.37462485	0.7080198	1.0	False	liver	early	nucleotide_transformer
624	0.09793194	0.22721536	0.12928343	0.37461248	0.7080289	1.0	False	liver	early	nucleotide_transformer
405	0.22851515	1.134294	0.9057789	0.37459677	0.7080304	1.0	False	liver	early	nucleotide_transformer
1124	0.097897545	0.22713976	0.12924221	0.37460425	0.7080351	1.0	False	liver	early	nucleotide_transformer
2842	0.097880185	0.22711171	0.12923153	0.37458032	0.7080529	1.0	False	liver	early	nucleotide_transformer
1274	0.22882003	1.1359072	0.90708715	0.37456214	0.70805603	1.0	False	liver	early	nucleotide_transformer
2521	0.09786798	0.22708847	0.12922049	0.3745704	0.70806026	1.0	False	liver	early	nucleotide_transformer
3385	0.22841632	1.1340909	0.9056746	0.37449408	0.70810676	1.0	False	liver	early	nucleotide_transformer
676	0.22844613	1.1343149	0.90586877	0.3744674	0.70812654	1.0	False	liver	early	nucleotide_transformer
1028	0.09795296	0.22733256	0.1293796	0.3744789	0.7081283	1.0	False	liver	early	nucleotide_transformer
3219	0.22857702	1.1350012	0.90642416	0.37445462	0.70813614	1.0	False	liver	early	nucleotide_transformer
293	0.22835094	1.1339418	0.90559083	0.3744315	0.70815325	1.0	False	liver	early	nucleotide_transformer
528	0.097873285	0.22716515	0.12929186	0.37444463	0.7081538	1.0	False	liver	early	nucleotide_transformer
212	0.09788804	0.2271998	0.12931176	0.3744439	0.70815444	1.0	False	liver	early	nucleotide_transformer
1342	0.22832441	1.1339488	0.9056244	0.374382	0.70819014	1.0	False	liver	early	nucleotide_transformer
3420	0.2282753	1.1337391	0.9054638	0.37436953	0.7081993	1.0	False	liver	early	nucleotide_transformer
4320	0.0979657	0.22741197	0.12944627	0.37438172	0.7082005	1.0	False	liver	early	nucleotide_transformer
1658	0.09795435	0.2274032	0.12944885	0.37434742	0.7082261	1.0	False	liver	early	nucleotide_transformer
2952	0.09772013	0.22686377	0.12914364	0.37433985	0.7082316	1.0	False	liver	early	nucleotide_transformer
1864	0.09797327	0.22745284	0.12947957	0.37433627	0.7082344	1.0	False	liver	early	nucleotide_transformer
3216	0.09781718	0.22709674	0.12927955	0.37432387	0.7082436	1.0	False	liver	early	nucleotide_transformer
3761	0.09795816	0.22742978	0.12947161	0.37431288	0.7082517	1.0	False	liver	early	nucleotide_transformer
795	0.22840726	1.1346098	0.90620255	0.37429348	0.70825595	1.0	False	liver	early	nucleotide_transformer
4922	0.2284143	1.1346447	0.90623045	0.37429348	0.70825595	1.0	False	liver	early	nucleotide_transformer
4348	0.09785226	0.22718793	0.12933567	0.37430638	0.70825654	1.0	False	liver	early	nucleotide_transformer
4851	0.22833866	1.1343045	0.90596586	0.3742811	0.7082651	1.0	False	liver	early	nucleotide_transformer
5112	0.097844705	0.22718002	0.12933531	0.37428603	0.7082716	1.0	False	liver	early	nucleotide_transformer
2967	0.097946584	0.22742158	0.129475	0.3742764	0.70827883	1.0	False	liver	early	nucleotide_transformer
1804	0.22838962	1.1346135	0.9062239	0.37426096	0.7082802	1.0	False	liver	early	nucleotide_transformer
4072	0.22819328	1.1337092	0.9055159	0.37423512	0.7082993	1.0	False	liver	early	nucleotide_transformer
3119	0.09768413	0.22683011	0.12914598	0.3742422	0.7083042	1.0	False	liver	early	nucleotide_transformer
1444	0.22839582	1.1347625	0.9063667	0.3742191	0.7083112	1.0	False	liver	early	nucleotide_transformer
898	0.09782277	0.22715813	0.12933536	0.37423083	0.70831263	1.0	False	liver	early	nucleotide_transformer
3921	0.09785482	0.22723608	0.12938125	0.3742225	0.7083189	1.0	False	liver	early	nucleotide_transformer
210	0.09793529	0.22742921	0.12949392	0.37421036	0.7083279	1.0	False	liver	early	nucleotide_transformer
1362	0.097779065	0.22706872	0.12928966	0.37420714	0.70833033	1.0	False	liver	early	nucleotide_transformer
4111	0.09784269	0.22724728	0.12940459	0.37414566	0.70837617	1.0	False	liver	early	nucleotide_transformer
4407	0.09782183	0.22720066	0.12937883	0.37414208	0.70837873	1.0	False	liver	early	nucleotide_transformer
1837	0.22841978	1.135149	0.9067292	0.37412423	0.70838183	1.0	False	liver	early	nucleotide_transformer
890	0.22822809	1.1342117	0.90598357	0.37411845	0.70838606	1.0	False	liver	early	nucleotide_transformer
3547	0.09765537	0.22683856	0.12918319	0.37409574	0.7084132	1.0	False	liver	early	nucleotide_transformer
4686	0.097755104	0.22708109	0.12932599	0.3740729	0.7084302	1.0	False	liver	early	nucleotide_transformer
4385	0.09773001	0.22703233	0.12930232	0.3740557	0.708443	1.0	False	liver	early	nucleotide_transformer
5031	0.09776418	0.22711314	0.12934896	0.37405294	0.708445	1.0	False	liver	early	nucleotide_transformer
1138	0.097730696	0.22704096	0.12931027	0.37404194	0.7084532	1.0	False	liver	early	nucleotide_transformer
1111	0.09762627	0.22680932	0.12918305	0.37402034	0.70846933	1.0	False	liver	early	nucleotide_transformer
142	0.22816277	1.1342459	0.9060831	0.3739909	0.7084809	1.0	False	liver	early	nucleotide_transformer
3136	0.09775144	0.22710913	0.1293577	0.37400305	0.70848215	1.0	False	liver	early	nucleotide_transformer
1874	0.22810912	1.1339893	0.9058802	0.37398684	0.708484	1.0	False	liver	early	nucleotide_transformer
468	0.097717226	0.22703351	0.12931629	0.37399542	0.70848775	1.0	False	liver	early	nucleotide_transformer
3156	0.22834486	1.1351812	0.90683633	0.37398	0.708489	1.0	False	liver	early	nucleotide_transformer
3718	0.09762411	0.22682272	0.12919861	0.37398437	0.708496	1.0	False	liver	early	nucleotide_transformer
1126	0.09764813	0.2268862	0.12923807	0.3739692	0.70850736	1.0	False	liver	early	nucleotide_transformer
2109	0.09770574	0.22702059	0.12931485	0.3739685	0.7085078	1.0	False	liver	early	nucleotide_transformer
3633	0.097722456	0.22706145	0.129339	0.37396315	0.7085117	1.0	False	liver	early	nucleotide_transformer
4242	0.09763312	0.22685991	0.12922679	0.37395263	0.7085196	1.0	False	liver	early	nucleotide_transformer
2689	0.09762555	0.22685407	0.12922852	0.3739297	0.7085366	1.0	False	liver	early	nucleotide_transformer
4028	0.22826028	1.1349545	0.9066942	0.37391132	0.70854014	1.0	False	liver	early	nucleotide_transformer
4552	0.22818536	1.1345831	0.90639776	0.37391067	0.70854056	1.0	False	liver	early	nucleotide_transformer
363	0.2281133	1.1342366	0.9061233	0.37390655	0.70854366	1.0	False	liver	early	nucleotide_transformer
889	0.09762564	0.22686398	0.12923834	0.37391078	0.7085507	1.0	False	liver	early	nucleotide_transformer
2543	0.22804886	1.1340225	0.9059736	0.37386867	0.708572	1.0	False	liver	early	nucleotide_transformer
3032	0.22809857	1.1342808	0.9061822	0.373865	0.70857465	1.0	False	liver	early	nucleotide_transformer
4620	0.097594604	0.22680952	0.12921491	0.37387618	0.7085765	1.0	False	liver	early	nucleotide_transformer
4426	0.22810817	1.1343513	0.9062431	0.37385714	0.70858043	1.0	False	liver	early	nucleotide_transformer
4675	0.09770188	0.22706494	0.12936306	0.37386453	0.70858514	1.0	False	liver	early	nucleotide_transformer
3272	0.09779173	0.22727953	0.1294878	0.37385345	0.70859337	1.0	False	liver	early	nucleotide_transformer
4835	0.22827971	1.1352763	0.9069966	0.37383166	0.70859945	1.0	False	liver	early	nucleotide_transformer
300	0.097690865	0.22705446	0.1293636	0.37383503	0.7086071	1.0	False	liver	early	nucleotide_transformer
17	0.22802925	1.1340901	0.9060608	0.37380996	0.70861554	1.0	False	liver	early	nucleotide_transformer
4165	0.09773068	0.2271544	0.12942372	0.37381914	0.70861894	1.0	False	liver	early	nucleotide_transformer
5109	0.22801626	1.1340522	0.9060359	0.37380046	0.7086225	1.0	False	liver	early	nucleotide_transformer
3513	0.09751926	0.22667007	0.12915081	0.37380642	0.70862836	1.0	False	liver	early	nucleotide_transformer
884	0.22790223	1.1335202	0.905618	0.37378904	0.70863116	1.0	False	liver	early	nucleotide_transformer
4818	0.097693026	0.22708288	0.12938985	0.3737894	0.70864093	1.0	False	liver	early	nucleotide_transformer
1073	0.09750289	0.22664668	0.12914379	0.37377772	0.7086497	1.0	False	liver	early	nucleotide_transformer
1196	0.22797227	1.1339405	0.9059682	0.3737623	0.70865095	1.0	False	liver	early	nucleotide_transformer
1034	0.22806811	1.1344976	0.9064295	0.37373433	0.70867175	1.0	False	liver	early	nucleotide_transformer
547	0.22801077	1.1342194	0.90620863	0.37373158	0.7086738	1.0	False	liver	early	nucleotide_transformer
4652	0.09753452	0.22673948	0.12920496	0.37374026	0.7086776	1.0	False	liver	early	nucleotide_transformer
3464	0.097487584	0.22663131	0.12914373	0.37373823	0.708679	1.0	False	liver	early	nucleotide_transformer
2575	0.097723514	0.22718224	0.12945873	0.37373245	0.7086834	1.0	False	liver	early	nucleotide_transformer
1463	0.22804564	1.1344649	0.9064192	0.37370625	0.7086927	1.0	False	liver	early	nucleotide_transformer
634	0.09750967	0.22669467	0.129185	0.37371477	0.7086965	1.0	False	liver	early	nucleotide_transformer
3784	0.22794336	1.1339881	0.9060448	0.37369427	0.70870155	1.0	False	liver	early	nucleotide_transformer
286	0.22813225	1.1349428	0.9068105	0.37368885	0.70870566	1.0	False	liver	early	nucleotide_transformer
172	0.22813249	1.1349527	0.9068202	0.37368563	0.70870805	1.0	False	liver	early	nucleotide_transformer
2920	0.09753929	0.22677298	0.12923369	0.37369505	0.70871115	1.0	False	liver	early	nucleotide_transformer
2285	0.097738296	0.22723697	0.12949868	0.37369275	0.7087129	1.0	False	liver	early	nucleotide_transformer
3236	0.09752697	0.22674875	0.12922178	0.3736864	0.70871764	1.0	False	liver	early	nucleotide_transformer
37	0.22796327	1.134173	0.90620977	0.37366402	0.708724	1.0	False	liver	early	nucleotide_transformer
3306	0.09789066	0.22760005	0.1297094	0.37367472	0.7087262	1.0	False	liver	early	nucleotide_transformer
3978	0.22802144	1.1344779	0.9064564	0.3736589	0.70872796	1.0	False	liver	early	nucleotide_transformer
3819	0.0976764	0.22710583	0.12942943	0.37366784	0.7087314	1.0	False	liver	early	nucleotide_transformer
1106	0.09758021	0.22689292	0.12931271	0.3736479	0.70874625	1.0	False	liver	early	nucleotide_transformer
716	0.22794086	1.1341478	0.9062069	0.37363333	0.70874697	1.0	False	liver	early	nucleotide_transformer
2786	0.22793841	1.1341586	0.9062202	0.37362513	0.70875305	1.0	False	liver	early	nucleotide_transformer
257	0.09744446	0.22658534	0.12914088	0.3736308	0.70875895	1.0	False	liver	early	nucleotide_transformer
4046	0.09748185	0.22667554	0.1291937	0.37362581	0.70876265	1.0	False	liver	early	nucleotide_transformer
1989	0.2281146	1.1350836	0.90696895	0.3736078	0.7087659	1.0	False	liver	early	nucleotide_transformer
5011	0.09781541	0.22745882	0.12964341	0.37361163	0.7087732	1.0	False	liver	early	nucleotide_transformer
3311	0.22796464	1.1343802	0.9064156	0.3735928	0.7087771	1.0	False	liver	early	nucleotide_transformer
4406	0.2281071	1.135098	0.9069909	0.37358952	0.7087796	1.0	False	liver	early	nucleotide_transformer
1752	0.097766295	0.2273495	0.12958321	0.37360203	0.7087803	1.0	False	liver	early	nucleotide_transformer
3515	0.09746711	0.22665401	0.1291869	0.37360093	0.7087811	1.0	False	liver	early	nucleotide_transformer
564	0.097484306	0.22669639	0.12921208	0.373595	0.7087856	1.0	False	liver	early	nucleotide_transformer
2560	0.09756161	0.22687699	0.12931538	0.37359458	0.7087859	1.0	False	liver	early	nucleotide_transformer
3047	0.09751131	0.22676186	0.12925056	0.37358975	0.7087895	1.0	False	liver	early	nucleotide_transformer
691	0.09749253	0.22672519	0.12923266	0.37357605	0.7087997	1.0	False	liver	early	nucleotide_transformer
717	0.097532585	0.22682044	0.12928785	0.37357202	0.70880264	1.0	False	liver	early	nucleotide_transformer
25	0.097680554	0.22716706	0.1294865	0.37356734	0.7088061	1.0	False	liver	early	nucleotide_transformer
644	0.22795314	1.134504	0.9065508	0.37352887	0.7088246	1.0	False	liver	early	nucleotide_transformer
2916	0.097569615	0.22692263	0.12935302	0.3735421	0.7088249	1.0	False	liver	early	nucleotide_transformer
2373	0.09745337	0.22665268	0.12919931	0.3735398	0.7088266	1.0	False	liver	early	nucleotide_transformer
3441	0.22791988	1.1344174	0.90649754	0.37350073	0.70884556	1.0	False	liver	early	nucleotide_transformer
256	0.2279306	1.1344793	0.9065487	0.37349772	0.7088478	1.0	False	liver	early	nucleotide_transformer
45	0.097574696	0.2269617	0.129387	0.37348902	0.7088644	1.0	False	liver	early	nucleotide_transformer
1612	0.22780019	1.1339105	0.90611035	0.3734686	0.70886946	1.0	False	liver	early	nucleotide_transformer
218	0.09741923	0.22660476	0.12918553	0.37347957	0.7088715	1.0	False	liver	early	nucleotide_transformer
4232	0.22779441	1.1339548	0.90616035	0.37344268	0.70888877	1.0	False	liver	early	nucleotide_transformer
2530	0.097534984	0.22688615	0.12935117	0.37345588	0.70888907	1.0	False	liver	early	nucleotide_transformer
956	0.22790945	1.134539	0.90662956	0.3734387	0.70889163	1.0	False	liver	early	nucleotide_transformer
1746	0.22783053	1.1341691	0.9063386	0.3734303	0.70889795	1.0	False	liver	early	nucleotide_transformer
3042	0.09750953	0.22685023	0.1293407	0.37340936	0.70892364	1.0	False	liver	early	nucleotide_transformer
1471	0.097432524	0.22668263	0.12925011	0.37338793	0.7089396	1.0	False	liver	early	nucleotide_transformer
3076	0.097491905	0.22682373	0.12933183	0.37338096	0.7089448	1.0	False	liver	early	nucleotide_transformer
5023	0.09742619	0.22667494	0.12924875	0.37337422	0.70894986	1.0	False	liver	early	nucleotide_transformer
1266	0.09752612	0.22691633	0.12939021	0.3733571	0.70896256	1.0	False	liver	early	nucleotide_transformer
2174	0.22777694	1.1341648	0.90638787	0.3733373	0.70896715	1.0	False	liver	early	nucleotide_transformer
2672	0.09755255	0.22698426	0.12943171	0.3733444	0.70897204	1.0	False	liver	early	nucleotide_transformer
544	0.097516045	0.22692473	0.12940869	0.37329507	0.7090087	1.0	False	liver	early	nucleotide_transformer
1509	0.09754607	0.22699633	0.12945026	0.37329173	0.70901114	1.0	False	liver	early	nucleotide_transformer
3171	0.09740053	0.22668536	0.12928483	0.37323737	0.70905155	1.0	False	liver	early	nucleotide_transformer
768	0.09745216	0.22682412	0.12937196	0.37320104	0.7090786	1.0	False	liver	early	nucleotide_transformer
3424	0.09752767	0.22700976	0.12948209	0.37318215	0.7090927	1.0	False	liver	early	nucleotide_transformer
3191	0.097393245	0.22669922	0.12930597	0.3731773	0.7090964	1.0	False	liver	early	nucleotide_transformer
1209	0.22767836	1.1341735	0.90649515	0.37315995	0.7090992	1.0	False	liver	early	nucleotide_transformer
1403	0.22762078	1.1339709	0.9063501	0.37313026	0.70912117	1.0	False	liver	early	nucleotide_transformer
1692	0.09741448	0.22676773	0.12935326	0.3731401	0.709124	1.0	False	liver	early	nucleotide_transformer
4781	0.09734073	0.22659703	0.1292563	0.37313905	0.70912474	1.0	False	liver	early	nucleotide_transformer
3548	0.09734382	0.22662386	0.12928005	0.37309852	0.7091549	1.0	False	liver	early	nucleotide_transformer
4556	0.0974181	0.2267999	0.1293818	0.3730939	0.70915836	1.0	False	liver	early	nucleotide_transformer
3318	0.097497165	0.22699094	0.12949377	0.3730791	0.7091693	1.0	False	liver	early	nucleotide_transformer
2479	0.22776496	1.1349121	0.90714717	0.37305135	0.7091799	1.0	False	liver	early	nucleotide_transformer
5106	0.22773653	1.1347724	0.9070359	0.37305045	0.70918053	1.0	False	liver	early	nucleotide_transformer
5059	0.097399876	0.22678289	0.12938301	0.37304434	0.7091952	1.0	False	liver	early	nucleotide_transformer
2332	0.097345114	0.22666083	0.12931572	0.3730323	0.70920414	1.0	False	liver	early	nucleotide_transformer
2553	0.0973766	0.22674517	0.12936857	0.37301216	0.70921916	1.0	False	liver	early	nucleotide_transformer
2382	0.09746304	0.22694774	0.1294847	0.37300983	0.70922095	1.0	False	liver	early	nucleotide_transformer
5067	0.0974371	0.22689085	0.12945375	0.37300298	0.7092261	1.0	False	liver	early	nucleotide_transformer
929	0.09730771	0.22660308	0.12929536	0.3729764	0.7092457	1.0	False	liver	early	nucleotide_transformer
1548	0.227709	1.1348871	0.9071781	0.3729613	0.7092468	1.0	False	liver	early	nucleotide_transformer
3519	0.09734811	0.22669907	0.12935096	0.3729727	0.7092485	1.0	False	liver	early	nucleotide_transformer
2113	0.09731832	0.22663586	0.12931754	0.37295938	0.7092583	1.0	False	liver	early	nucleotide_transformer
3183	0.2274589	1.1337082	0.90624934	0.37293682	0.7092651	1.0	False	liver	early	nucleotide_transformer
4422	0.09731971	0.22664614	0.12932643	0.37294686	0.70926774	1.0	False	liver	early	nucleotide_transformer
1448	0.097382486	0.22679302	0.12941054	0.3729457	0.70926857	1.0	False	liver	early	nucleotide_transformer
825	0.22756219	1.1342778	0.90671563	0.3729178	0.7092792	1.0	False	liver	early	nucleotide_transformer
5089	0.22761816	1.134587	0.9069689	0.3729068	0.70928746	1.0	False	liver	early	nucleotide_transformer
4718	0.09737168	0.22679432	0.12942263	0.3728942	0.70930684	1.0	False	liver	early	nucleotide_transformer
4239	0.09728813	0.22662207	0.12933394	0.3728504	0.70933944	1.0	False	liver	early	nucleotide_transformer
4161	0.0973783	0.22683558	0.12945728	0.37284383	0.7093443	1.0	False	liver	early	nucleotide_transformer
102	0.22741795	1.1338236	0.9064057	0.37282354	0.7093493	1.0	False	liver	early	nucleotide_transformer
2477	0.097359374	0.22680482	0.12944545	0.37281787	0.70936364	1.0	False	liver	early	nucleotide_transformer
971	0.09742518	0.22697975	0.12955457	0.3727759	0.7093949	1.0	False	liver	early	nucleotide_transformer
1296	0.09734902	0.22682068	0.12947166	0.37274006	0.7094216	1.0	False	liver	early	nucleotide_transformer
4203	0.09729503	0.2267218	0.12942676	0.3726875	0.7094607	1.0	False	liver	early	nucleotide_transformer
76	0.09726317	0.22667801	0.12941484	0.37262815	0.70950484	1.0	False	liver	early	nucleotide_transformer
4541	0.097271696	0.22670417	0.12943247	0.37261593	0.70951396	1.0	False	liver	early	nucleotide_transformer
3432	0.22730273	1.1338894	0.9065867	0.37259683	0.709518	1.0	False	liver	early	nucleotide_transformer
1363	0.097256035	0.22668886	0.12943283	0.37257463	0.7095446	1.0	False	liver	early	nucleotide_transformer
4545	0.0973852	0.22701424	0.12962905	0.37252858	0.70957893	1.0	False	liver	early	nucleotide_transformer
2996	0.097277135	0.22676472	0.12948759	0.3725228	0.7095832	1.0	False	liver	early	nucleotide_transformer
2132	0.2272507	1.1338902	0.90663946	0.37250456	0.7095868	1.0	False	liver	early	nucleotide_transformer
4561	0.097252294	0.22672	0.12946771	0.37249747	0.709602	1.0	False	liver	early	nucleotide_transformer
2752	0.09739478	0.22706474	0.12966996	0.37247396	0.7096195	1.0	False	liver	early	nucleotide_transformer
3910	0.097364664	0.2269992	0.12963453	0.37246478	0.70962644	1.0	False	liver	early	nucleotide_transformer
873	0.2271322	1.133571	0.9064388	0.37240943	0.7096575	1.0	False	liver	early	nucleotide_transformer
1244	0.09733248	0.22697753	0.12964505	0.37236091	0.70970374	1.0	False	liver	early	nucleotide_transformer
2430	0.09736152	0.2270462	0.12968469	0.37235925	0.70970494	1.0	False	liver	early	nucleotide_transformer
3129	0.09733367	0.22702481	0.12969114	0.37227458	0.7097679	1.0	False	liver	early	nucleotide_transformer
3943	0.0971562	0.22662826	0.12947206	0.3722398	0.7097938	1.0	False	liver	early	nucleotide_transformer
3911	0.097276255	0.22692294	0.12964669	0.37220997	0.709816	1.0	False	liver	early	nucleotide_transformer
565	0.09729396	0.22696994	0.12967598	0.37220114	0.70982254	1.0	False	liver	early	nucleotide_transformer
5007	0.09721027	0.22679682	0.12958655	0.37215585	0.70985633	1.0	False	liver	early	nucleotide_transformer
954	0.09723027	0.22687186	0.12964159	0.37210283	0.7098958	1.0	False	liver	early	nucleotide_transformer
3648	0.09716971	0.22674546	0.12957574	0.3720717	0.7099189	1.0	False	liver	early	nucleotide_transformer
3523	0.097064406	0.22659245	0.12952805	0.37189227	0.71005243	1.0	False	liver	early	nucleotide_transformer
1744	0.09712072	0.22674902	0.1296283	0.37184364	0.7100886	1.0	False	liver	early	nucleotide_transformer
2865	0.09704822	0.22661977	0.12957154	0.371766	0.7101464	1.0	False	liver	early	nucleotide_transformer
510	0.09684293	0.22660154	0.12975861	0.3708701	0.7108134	1.0	False	liver	early	nucleotide_transformer
413	0.09573206	0.22720411	0.13147205	0.36469483	0.71541625	1.0	False	liver	early	nucleotide_transformer
3115	0.095678836	0.22714882	0.13146998	0.3645599	0.7155169	1.0	False	liver	early	nucleotide_transformer
4065	0.09564336	0.22710232	0.13145897	0.36448815	0.71557045	1.0	False	liver	early	nucleotide_transformer
5088	0.095642135	0.22712965	0.13148752	0.36443084	0.7156132	1.0	False	liver	early	nucleotide_transformer
3363	0.09561233	0.22708137	0.13146904	0.3643881	0.7156451	1.0	False	liver	early	nucleotide_transformer
998	0.09560515	0.22708783	0.13148268	0.36434346	0.7156785	1.0	False	liver	early	nucleotide_transformer
4096	-0.3191433	2.2712111	2.5903544	-0.34873545	0.7273439	1.0	False	liver	early	nucleotide_transformer
1237	0.16342187	0.68064433	0.51722246	0.34794492	0.72794753	1.0	False	liver	early	nucleotide_transformer
3014	0.1633305	0.68061495	0.51728445	0.34774756	0.72809565	1.0	False	liver	early	nucleotide_transformer
43	0.16317898	0.6805454	0.5173664	0.3474332	0.7283317	1.0	False	liver	early	nucleotide_transformer
234	0.16308498	0.6802295	0.5171445	0.34739307	0.7283619	1.0	False	liver	early	nucleotide_transformer
3444	0.16320187	0.68083423	0.51763237	0.3473256	0.72841233	1.0	False	liver	early	nucleotide_transformer
3912	0.16295928	0.6803855	0.5174262	0.3470095	0.7286499	1.0	False	liver	early	nucleotide_transformer
3720	0.16298395	0.6805223	0.51753837	0.34699062	0.7286642	1.0	False	liver	early	nucleotide_transformer
2111	0.16288406	0.68036973	0.5174857	0.3468428	0.72877514	1.0	False	liver	early	nucleotide_transformer
4393	0.16282982	0.6803046	0.5174748	0.3467552	0.7288409	1.0	False	liver	early	nucleotide_transformer
798	0.16278732	0.68015444	0.5173671	0.34673917	0.728853	1.0	False	liver	early	nucleotide_transformer
2346	0.16273004	0.6799567	0.51722664	0.34671685	0.72886974	1.0	False	liver	early	nucleotide_transformer
4399	0.16284078	0.68051237	0.5176716	0.3466634	0.72890985	1.0	False	liver	early	nucleotide_transformer
3001	0.1627996	0.6803841	0.5175845	0.34663862	0.7289285	1.0	False	liver	early	nucleotide_transformer
4129	0.16274631	0.6801955	0.5174492	0.34662065	0.72894204	1.0	False	liver	early	nucleotide_transformer
3559	0.1627394	0.6802132	0.5174738	0.34659532	0.728961	1.0	False	liver	early	nucleotide_transformer
4464	0.16268092	0.68003327	0.51735234	0.3465585	0.72898865	1.0	False	liver	early	nucleotide_transformer
299	0.16276646	0.6804395	0.517673	0.34652987	0.7290102	1.0	False	liver	early	nucleotide_transformer
3858	0.16270268	0.6802175	0.5175148	0.34650737	0.7290271	1.0	False	liver	early	nucleotide_transformer
4630	0.16274607	0.68043137	0.5176853	0.3464874	0.7290421	1.0	False	liver	early	nucleotide_transformer
96	0.16269332	0.680341	0.5176477	0.3464167	0.72909516	1.0	False	liver	early	nucleotide_transformer
345	0.16269064	0.6803837	0.51769304	0.34638467	0.7291192	1.0	False	liver	early	nucleotide_transformer
2167	0.16256171	0.67995745	0.51739573	0.3463228	0.7291658	1.0	False	liver	early	nucleotide_transformer
1079	0.16250628	0.680204	0.5176977	0.34605694	0.7293654	1.0	False	liver	early	nucleotide_transformer
5087	0.16235489	0.6799574	0.5176025	0.34584087	0.72952765	1.0	False	liver	early	nucleotide_transformer
3274	0.1623075	0.68020576	0.51789826	0.34559196	0.7297148	1.0	False	liver	early	nucleotide_transformer
1395	0.26184106	1.8152409	1.5533998	0.3363475	0.73666924	1.0	False	liver	early	nucleotide_transformer
1584	0.26172054	1.8157355	1.5540149	0.33608606	0.73686635	1.0	False	liver	early	nucleotide_transformer
3821	0.26172805	1.8158076	1.5540795	0.33608255	0.7368689	1.0	False	liver	early	nucleotide_transformer
4048	0.2617389	1.8160212	1.5542823	0.33605576	0.73688924	1.0	False	liver	early	nucleotide_transformer
4008	0.2616626	1.815577	1.5539144	0.3360387	0.73690206	1.0	False	liver	early	nucleotide_transformer
4261	0.26169193	1.8159871	1.5542952	0.33599886	0.73693216	1.0	False	liver	early	nucleotide_transformer
3924	0.26156604	1.8151733	1.5536072	0.33598816	0.73694015	1.0	False	liver	early	nucleotide_transformer
4057	0.2616079	1.815504	1.5538961	0.33597863	0.73694736	1.0	False	liver	early	nucleotide_transformer
2839	0.2615651	1.8157285	1.5541635	0.3358772	0.7370237	1.0	False	liver	early	nucleotide_transformer
4950	0.26152015	1.8155667	1.5540465	0.3358473	0.73704636	1.0	False	liver	early	nucleotide_transformer
2987	0.26147735	1.8156681	1.5541908	0.3357699	0.7371048	1.0	False	liver	early	nucleotide_transformer
3059	0.2613381	1.8153507	1.5540125	0.33564287	0.73720044	1.0	False	liver	early	nucleotide_transformer
476	0.26137364	1.8156635	1.5542898	0.33563024	0.73721004	1.0	False	liver	early	nucleotide_transformer
3923	0.26134562	1.8155146	1.5541689	0.3356211	0.7372169	1.0	False	liver	early	nucleotide_transformer
1268	0.26129627	1.8154162	1.55412	0.33557355	0.7372528	1.0	False	liver	early	nucleotide_transformer
720	-0.28766656	2.0438116	2.331478	-0.33106512	0.74064815	1.0	False	liver	early	nucleotide_transformer
3531	-0.28738046	2.0436876	2.331068	-0.33077073	0.7408704	1.0	False	liver	early	nucleotide_transformer
2443	-0.28678346	2.0438254	2.3306088	-0.33009562	0.74138045	1.0	False	liver	early	nucleotide_transformer
3313	-0.2863934	2.0444357	2.3308291	-0.32957378	0.7417747	1.0	False	liver	early	nucleotide_transformer
217	0.2959597	2.4977243	2.2017646	0.3232147	0.7465899	1.0	False	liver	early	nucleotide_transformer
1728	0.2959175	2.4976432	2.2017257	0.32317775	0.7466179	1.0	False	liver	early	nucleotide_transformer
900	0.29597354	2.4981737	2.2022002	0.32317016	0.7466237	1.0	False	liver	early	nucleotide_transformer
2419	0.29588914	2.497472	2.201583	0.32316822	0.74662507	1.0	False	liver	early	nucleotide_transformer
28	0.29585052	2.4976995	2.201849	0.3230935	0.7466816	1.0	False	liver	early	nucleotide_transformer
169	0.295779	2.4973202	2.2015412	0.32306296	0.74670476	1.0	False	liver	early	nucleotide_transformer
2372	0.29580498	2.4979846	2.2021797	0.3230036	0.7467497	1.0	False	liver	early	nucleotide_transformer
3379	0.2957406	2.4974895	2.2017488	0.32299647	0.74675506	1.0	False	liver	early	nucleotide_transformer
1806	0.29574895	2.4976203	2.2018714	0.32298842	0.74676114	1.0	False	liver	early	nucleotide_transformer
701	0.29570317	2.4975424	2.2018392	0.32294667	0.74679273	1.0	False	liver	early	nucleotide_transformer
2036	0.29557395	2.4969466	2.2013726	0.32287934	0.74684376	1.0	False	liver	early	nucleotide_transformer
1241	0.29561782	2.4978948	2.202277	0.32280213	0.74690217	1.0	False	liver	early	nucleotide_transformer
4526	0.295547	2.497582	2.202035	0.32276335	0.74693143	1.0	False	liver	early	nucleotide_transformer
327	0.29547596	2.4973304	2.2018545	0.32271585	0.7469675	1.0	False	liver	early	nucleotide_transformer
2948	0.29535294	2.4970553	2.2017024	0.3226127	0.7470456	1.0	False	liver	early	nucleotide_transformer
1880	-0.2560079	1.8161352	2.072143	-0.3123015	0.754861	1.0	False	liver	early	nucleotide_transformer
1616	-0.25558472	1.8157566	2.0713413	-0.3118718	0.7551876	1.0	False	liver	early	nucleotide_transformer
504	-0.25558925	1.8158197	2.071409	-0.31186682	0.7551913	1.0	False	liver	early	nucleotide_transformer
648	-0.2557087	1.8167608	2.0724695	-0.31185257	0.7552021	1.0	False	liver	early	nucleotide_transformer
3789	-0.2554816	1.8159629	2.0714445	-0.3117187	0.75530386	1.0	False	liver	early	nucleotide_transformer
261	-0.25560665	1.817303	2.0729096	-0.31164366	0.7553608	1.0	False	liver	early	nucleotide_transformer
3716	-0.25542176	1.8171154	2.0725372	-0.3114612	0.7554994	1.0	False	liver	early	nucleotide_transformer
1586	-0.25536168	1.8167163	2.072078	-0.311457	0.75550264	1.0	False	liver	early	nucleotide_transformer
175	-0.2553724	1.8172349	2.0726073	-0.3113848	0.75555754	1.0	False	liver	early	nucleotide_transformer
3732	-0.25520694	1.8163472	2.0715542	-0.3113369	0.75559396	1.0	False	liver	early	nucleotide_transformer
178	-0.25517297	1.8168252	2.0719981	-0.31121925	0.7556833	1.0	False	liver	early	nucleotide_transformer
996	-0.2552663	1.8175734	2.0728397	-0.31120673	0.75569284	1.0	False	liver	early	nucleotide_transformer
1906	-0.2551384	1.816885	2.0720234	-0.3111697	0.75572103	1.0	False	liver	early	nucleotide_transformer
3270	-0.2550571	1.8164544	2.0715115	-0.31114545	0.75573945	1.0	False	liver	early	nucleotide_transformer
3284	-0.25506198	1.816718	2.07178	-0.31110886	0.7557672	1.0	False	liver	early	nucleotide_transformer
4262	-0.25507057	1.817155	2.0722256	-0.311047	0.7558143	1.0	False	liver	early	nucleotide_transformer
4619	-0.25507462	1.8173281	2.0724027	-0.31102392	0.75583184	1.0	False	liver	early	nucleotide_transformer
3712	-0.25497937	1.8168788	2.0718582	-0.31098598	0.7558607	1.0	False	liver	early	nucleotide_transformer
411	-0.25487447	1.8166447	2.0715191	-0.31090245	0.75592417	1.0	False	liver	early	nucleotide_transformer
2014	-0.25495076	1.8174286	2.0723794	-0.31086358	0.75595367	1.0	False	liver	early	nucleotide_transformer
2412	-0.25482523	1.8166102	2.0714355	-0.31085083	0.7559634	1.0	False	liver	early	nucleotide_transformer
2915	-0.25493574	1.817404	2.0723398	-0.31085008	0.75596404	1.0	False	liver	early	nucleotide_transformer
723	-0.25493503	1.8174293	2.0723643	-0.31084526	0.7559677	1.0	False	liver	early	nucleotide_transformer
2186	-0.25483322	1.8173971	2.0722303	-0.3107323	0.7560535	1.0	False	liver	early	nucleotide_transformer
2106	-0.25456476	1.8164504	2.0710151	-0.31057423	0.7561737	1.0	False	liver	early	nucleotide_transformer
837	-0.25459313	1.8170023	2.0715954	-0.3105177	0.75621665	1.0	False	liver	early	nucleotide_transformer
2405	-0.2545421	1.8177395	2.0722816	-0.3103383	0.75635296	1.0	False	liver	early	nucleotide_transformer
245	-0.2542894	1.8177955	2.072085	-0.31003648	0.7565825	1.0	False	liver	early	nucleotide_transformer
3776	-0.22389317	1.5893593	1.8132524	-0.2916882	0.7705711	1.0	False	liver	early	nucleotide_transformer
2212	-0.22381735	1.5893582	1.8131756	-0.29159418	0.770643	1.0	False	liver	early	nucleotide_transformer
1710	-0.2237624	1.5891571	1.8129195	-0.2915606	0.7706686	1.0	False	liver	early	nucleotide_transformer
65	-0.22377431	1.5894016	1.8131759	-0.29153293	0.77068985	1.0	False	liver	early	nucleotide_transformer
946	-0.22370458	1.5891551	1.8128597	-0.29148918	0.7707233	1.0	False	liver	early	nucleotide_transformer
662	-0.22364604	1.5888517	1.8124977	-0.29147	0.77073795	1.0	False	liver	early	nucleotide_transformer
365	-0.22365618	1.5891312	1.8127874	-0.29143345	0.7707659	1.0	False	liver	early	nucleotide_transformer
1184	-0.2236247	1.5890216	1.8126463	-0.29141387	0.77078086	1.0	False	liver	early	nucleotide_transformer
2413	-0.2236358	1.5891651	1.8128009	-0.29140234	0.7707897	1.0	False	liver	early	nucleotide_transformer
4600	-0.22362924	1.5891231	1.8127524	-0.29140183	0.7707901	1.0	False	liver	early	nucleotide_transformer
4563	-0.22358704	1.5890052	1.8125923	-0.29136997	0.7708145	1.0	False	liver	early	nucleotide_transformer
3872	-0.22367084	1.5896116	1.8132825	-0.29136834	0.77081573	1.0	False	liver	early	nucleotide_transformer
2995	-0.22360122	1.5891688	1.81277	-0.29135886	0.77082294	1.0	False	liver	early	nucleotide_transformer
4640	0.19661725	1.3607315	1.1641142	0.2913441	0.77084	1.0	False	liver	early	nucleotide_transformer
3771	-0.22360492	1.5893657	1.8129706	-0.29132938	0.7708455	1.0	False	liver	early	nucleotide_transformer
2884	0.1966486	1.3614074	1.1647588	0.29124045	0.7709192	1.0	False	liver	early	nucleotide_transformer
1737	0.1966343	1.3613691	1.1647348	0.2912266	0.7709298	1.0	False	liver	early	nucleotide_transformer
1732	0.19657505	1.3610054	1.1644304	0.29121572	0.7709381	1.0	False	liver	early	nucleotide_transformer
4928	-0.22353697	1.5898246	1.8133615	-0.29116485	0.77097124	1.0	False	liver	early	nucleotide_transformer
3081	0.19673944	1.362409	1.1656696	0.29115543	0.7709843	1.0	False	liver	early	nucleotide_transformer
1061	-0.22345221	1.589333	1.8127853	-0.2911455	0.770986	1.0	False	liver	early	nucleotide_transformer
1116	-0.22344363	1.5895113	1.8129549	-0.2911043	0.77101755	1.0	False	liver	early	nucleotide_transformer
933	-0.22343469	1.5895135	1.8129482	-0.2910926	0.7710265	1.0	False	liver	early	nucleotide_transformer
3933	0.19653285	1.3612301	1.1646973	0.29109955	0.7710269	1.0	False	liver	early	nucleotide_transformer
2424	-0.22336662	1.5892093	1.8125759	-0.2910609	0.77105075	1.0	False	liver	early	nucleotide_transformer
242	-0.22339404	1.5894853	1.8128793	-0.2910471	0.77106136	1.0	False	liver	early	nucleotide_transformer
253	-0.22334671	1.5892543	1.812601	-0.29102886	0.77107525	1.0	False	liver	early	nucleotide_transformer
5026	-0.22336376	1.5896075	1.8129712	-0.2909886	0.77110606	1.0	False	liver	early	nucleotide_transformer
880	-0.22327483	1.589004	1.8122789	-0.29098314	0.77111024	1.0	False	liver	early	nucleotide_transformer
4622	-0.22330248	1.5892133	1.8125157	-0.29098067	0.771112	1.0	False	liver	early	nucleotide_transformer
330	-0.22331464	1.58958	1.8128947	-0.29093215	0.7711492	1.0	False	liver	early	nucleotide_transformer
1039	-0.22322404	1.5892409	1.812465	-0.29087886	0.7711899	1.0	False	liver	early	nucleotide_transformer
2266	-0.22316515	1.5889014	1.8120666	-0.29086474	0.7712008	1.0	False	liver	early	nucleotide_transformer
130	-0.22322583	1.5894339	1.8126597	-0.29084763	0.77121377	1.0	False	liver	early	nucleotide_transformer
2860	-0.22319984	1.5895663	1.8127662	-0.29079202	0.7712563	1.0	False	liver	early	nucleotide_transformer
2643	-0.22327304	1.5900899	1.813363	-0.29079142	0.77125674	1.0	False	liver	early	nucleotide_transformer
3282	0.19633484	1.3611991	1.1648643	0.29079682	0.7712584	1.0	False	liver	early	nucleotide_transformer
4548	0.19633937	1.3612434	1.164904	0.29079396	0.77126056	1.0	False	liver	early	nucleotide_transformer
2809	-0.22320533	1.5896894	1.8128947	-0.2907776	0.77126735	1.0	False	liver	early	nucleotide_transformer
738	0.19631112	1.3611184	1.1648073	0.29077786	0.77127284	1.0	False	liver	early	nucleotide_transformer
3880	-0.22307551	1.5889881	1.8120636	-0.29073876	0.77129704	1.0	False	liver	early	nucleotide_transformer
307	0.19628537	1.3611718	1.1648865	0.29072568	0.7713128	1.0	False	liver	early	nucleotide_transformer
4716	0.19625938	1.3610708	1.1648114	0.29070768	0.77132654	1.0	False	liver	early	nucleotide_transformer
3344	0.19626832	1.3612746	1.1650063	0.29067582	0.771351	1.0	False	liver	early	nucleotide_transformer
5	0.19623828	1.3610767	1.1648384	0.29067343	0.7713527	1.0	False	liver	early	nucleotide_transformer
2938	-0.22317398	1.5902976	1.8134716	-0.29063252	0.7713782	1.0	False	liver	early	nucleotide_transformer
1686	-0.22307634	1.5896302	1.8127066	-0.29062787	0.7713819	1.0	False	liver	early	nucleotide_transformer
509	0.19616139	1.3608638	1.1647024	0.29060102	0.7714081	1.0	False	liver	early	nucleotide_transformer
200	0.19621527	1.3617231	1.1655078	0.29049206	0.77149147	1.0	False	liver	early	nucleotide_transformer
3781	0.1961652	1.3613771	1.1652119	0.2904916	0.7714918	1.0	False	liver	early	nucleotide_transformer
2341	0.1961596	1.3613602	1.1652006	0.29048675	0.7714955	1.0	False	liver	early	nucleotide_transformer
743	0.19616687	1.361412	1.1652452	0.29048663	0.77149564	1.0	False	liver	early	nucleotide_transformer
588	0.19607353	1.3608707	1.1647972	0.2904621	0.7715143	1.0	False	liver	early	nucleotide_transformer
680	0.1961981	1.3619417	1.1657436	0.29041606	0.7715495	1.0	False	liver	early	nucleotide_transformer
4900	0.1960839	1.3611728	1.1650889	0.2904102	0.77155405	1.0	False	liver	early	nucleotide_transformer
4374	0.19617963	1.3619431	1.1657635	0.29038697	0.7715718	1.0	False	liver	early	nucleotide_transformer
1412	0.19610906	1.3615043	1.1653953	0.29037532	0.77158076	1.0	False	liver	early	nucleotide_transformer
1309	0.19612885	1.3616631	1.1655343	0.2903705	0.7715844	1.0	False	liver	early	nucleotide_transformer
4375	0.19612694	1.3617661	1.1656392	0.29034445	0.7716043	1.0	False	liver	early	nucleotide_transformer
653	0.19605207	1.3614339	1.1653818	0.29030225	0.7716366	1.0	False	liver	early	nucleotide_transformer
4234	-0.22279346	1.5895336	1.812327	-0.29029417	0.7716371	1.0	False	liver	early	nucleotide_transformer
3639	-0.2228396	1.5901461	1.8129857	-0.29024446	0.7716751	1.0	False	liver	early	nucleotide_transformer
237	0.19601882	1.3615562	1.1655374	0.2902228	0.77169734	1.0	False	liver	early	nucleotide_transformer
1499	0.1959778	1.3612847	1.1653069	0.29021955	0.77169985	1.0	False	liver	early	nucleotide_transformer
864	0.1959281	1.3609477	1.1650196	0.2902176	0.77170134	1.0	False	liver	early	nucleotide_transformer
216	0.19597399	1.3613261	1.1653521	0.29020438	0.7717114	1.0	False	liver	early	nucleotide_transformer
2426	0.19608974	1.3623093	1.1662196	0.29016373	0.77174246	1.0	False	liver	early	nucleotide_transformer
1007	0.19592631	1.3612617	1.1653354	0.2901443	0.77175736	1.0	False	liver	early	nucleotide_transformer
1981	0.19595861	1.3616413	1.1656827	0.2901093	0.7717841	1.0	False	liver	early	nucleotide_transformer
2383	0.1959033	1.3615544	1.1656511	0.29004258	0.7718352	1.0	False	liver	early	nucleotide_transformer
412	-0.22267509	1.5902529	1.812928	-0.29002148	0.77184564	1.0	False	liver	early	nucleotide_transformer
4	-0.22260952	1.5899054	1.8125149	-0.2900007	0.7718615	1.0	False	liver	early	nucleotide_transformer
3100	-0.22264779	1.5903493	1.8129971	-0.28997105	0.7718842	1.0	False	liver	early	nucleotide_transformer
2486	0.19586289	1.361589	1.1657261	0.28997174	0.7718893	1.0	False	liver	early	nucleotide_transformer
2222	0.19577253	1.3610568	1.1652843	0.2899501	0.77190584	1.0	False	liver	early	nucleotide_transformer
2115	-0.22252429	1.589781	1.8123053	-0.28991655	0.7719259	1.0	False	liver	early	nucleotide_transformer
3017	0.19578469	1.3612946	1.1655099	0.2899159	0.77193207	1.0	False	liver	early	nucleotide_transformer
118	0.1958195	1.3616998	1.1658803	0.28987923	0.77196014	1.0	False	liver	early	nucleotide_transformer
455	0.19580483	1.3617309	1.1659261	0.28984943	0.77198297	1.0	False	liver	early	nucleotide_transformer
3631	0.19573343	1.3613936	1.1656601	0.28981334	0.7720105	1.0	False	liver	early	nucleotide_transformer
4147	0.19577348	1.3617903	1.1660168	0.28978726	0.7720305	1.0	False	liver	early	nucleotide_transformer
4329	-0.22246051	1.5902325	1.812693	-0.28975937	0.77204615	1.0	False	liver	early	nucleotide_transformer
4278	-0.2224313	1.5902991	1.8127304	-0.28971148	0.77208275	1.0	False	liver	early	nucleotide_transformer
4202	-0.22244763	1.5907029	1.8131505	-0.28966117	0.77212125	1.0	False	liver	early	nucleotide_transformer
3107	-0.22223055	1.5904523	1.8126829	-0.289436	0.7722935	1.0	False	liver	early	nucleotide_transformer
2165	0.23038626	2.0430477	1.8126614	0.27748236	0.78145814	1.0	False	liver	early	nucleotide_transformer
1973	0.23030865	2.0435007	1.813192	0.2773209	0.7815821	1.0	False	liver	early	nucleotide_transformer
2065	0.23030126	2.0435154	1.8132142	0.27730963	0.78159076	1.0	False	liver	early	nucleotide_transformer
418	0.23009706	2.0426962	1.8125992	0.27716884	0.78169876	1.0	False	liver	early	nucleotide_transformer
2027	0.22996163	2.0423038	1.8123422	0.27705416	0.7817868	1.0	False	liver	early	nucleotide_transformer
3640	0.23006296	2.0434933	1.8134303	0.27701357	0.781818	1.0	False	liver	early	nucleotide_transformer
2944	0.2299459	2.0434124	1.8134665	0.27687854	0.7819216	1.0	False	liver	early	nucleotide_transformer
3340	0.22979689	2.042708	1.812911	0.27679023	0.7819894	1.0	False	liver	early	nucleotide_transformer
1012	0.22983313	2.0430715	1.8132384	0.27678472	0.7819937	1.0	False	liver	early	nucleotide_transformer
1694	0.2297107	2.0424514	1.8127407	0.27671793	0.78204495	1.0	False	liver	early	nucleotide_transformer
467	0.22966969	2.0424514	1.8127817	0.27666634	0.78208447	1.0	False	liver	early	nucleotide_transformer
1441	0.22961104	2.0423555	1.8127445	0.2766062	0.7821307	1.0	False	liver	early	nucleotide_transformer
2331	0.22955859	2.0423603	1.8128017	0.2765397	0.7821818	1.0	False	liver	early	nucleotide_transformer
4296	0.22941768	2.042331	1.8129133	0.27636683	0.78231454	1.0	False	liver	early	nucleotide_transformer
5042	0.22938657	2.0421326	1.812746	0.27635568	0.782323	1.0	False	liver	early	nucleotide_transformer
3708	0.2292341	2.0431533	1.8139192	0.27601933	0.7825814	1.0	False	liver	early	nucleotide_transformer
3662	0.26398468	2.7252176	2.461233	0.27509508	0.78329086	1.0	False	liver	early	nucleotide_transformer
3224	0.2634611	2.7244332	2.460972	0.2746112	0.78366244	1.0	False	liver	early	nucleotide_transformer
2066	0.26350093	2.725595	2.462094	0.2745335	0.7837222	1.0	False	liver	early	nucleotide_transformer
3763	-0.19218731	1.3618922	1.5540795	-0.27025998	0.7870027	1.0	False	liver	early	nucleotide_transformer
5102	0.85246277	116.97075	116.118286	0.27017415	0.7870717	1.0	False	liver	early	nucleotide_transformer
3477	-0.19209397	1.3617145	1.5538085	-0.2701685	0.787073	1.0	False	liver	early	nucleotide_transformer
1289	-0.19204569	1.3621789	1.5542246	-0.27001563	0.7871906	1.0	False	liver	early	nucleotide_transformer
2081	-0.1920135	1.3620316	1.5540451	-0.2700013	0.78720164	1.0	False	liver	early	nucleotide_transformer
1109	-0.191993	1.3620446	1.5540376	-0.26997125	0.78722477	1.0	False	liver	early	nucleotide_transformer
3128	-0.1920228	1.3622783	1.5543011	-0.26996624	0.7872286	1.0	False	liver	early	nucleotide_transformer
2690	-0.19195426	1.3618746	1.5538288	-0.2699512	0.78724027	1.0	False	liver	early	nucleotide_transformer
2070	-0.19192791	1.3617252	1.5536531	-0.2699463	0.78724396	1.0	False	liver	early	nucleotide_transformer
1920	-0.19190764	1.3617178	1.5536255	-0.2699203	0.78726393	1.0	False	liver	early	nucleotide_transformer
2189	-0.19187295	1.3617115	1.5535845	-0.26987502	0.78729874	1.0	False	liver	early	nucleotide_transformer
2747	-0.1917646	1.3612483	1.5530128	-0.26981676	0.78734356	1.0	False	liver	early	nucleotide_transformer
4824	-0.19188833	1.3622174	1.5541058	-0.26979804	0.7873579	1.0	False	liver	early	nucleotide_transformer
2078	-0.19180334	1.3616986	1.553502	-0.26978445	0.7873685	1.0	False	liver	early	nucleotide_transformer
1452	-0.19174695	1.3614173	1.5531642	-0.2697618	0.7873859	1.0	False	liver	early	nucleotide_transformer
3518	-0.19178045	1.361735	1.5535154	-0.26974702	0.78739727	1.0	False	liver	early	nucleotide_transformer
3217	-0.1918664	1.3624821	1.5543485	-0.26971892	0.7874189	1.0	False	liver	early	nucleotide_transformer
2304	-0.1918248	1.3622078	1.5540326	-0.2697147	0.7874221	1.0	False	liver	early	nucleotide_transformer
59	-0.1917907	1.3620758	1.5538665	-0.2696948	0.78743744	1.0	False	liver	early	nucleotide_transformer
3398	-0.19170666	1.3616344	1.553341	-0.26966694	0.7874589	1.0	False	liver	early	nucleotide_transformer
4911	-0.19169271	1.3616457	1.5533384	-0.2696461	0.7874749	1.0	False	liver	early	nucleotide_transformer
4022	-0.19166887	1.361539	1.5532079	-0.26963428	0.787484	1.0	False	liver	early	nucleotide_transformer
4414	-0.19168603	1.3618425	1.5535285	-0.2696	0.7875104	1.0	False	liver	early	nucleotide_transformer
3227	-0.19164264	1.361851	1.5534936	-0.2695404	0.7875562	1.0	False	liver	early	nucleotide_transformer
2877	-0.19163299	1.3617874	1.5534204	-0.2695394	0.787557	1.0	False	liver	early	nucleotide_transformer
932	-0.19166529	1.3622415	1.5539068	-0.26949504	0.7875911	1.0	False	liver	early	nucleotide_transformer
4366	-0.1915549	1.3621079	1.5536628	-0.26937497	0.78768355	1.0	False	liver	early	nucleotide_transformer
4487	-0.19160974	1.3625339	1.5541437	-0.26936582	0.7876905	1.0	False	liver	early	nucleotide_transformer
2517	-0.19158149	1.3624959	1.5540774	-0.26933512	0.7877142	1.0	False	liver	early	nucleotide_transformer
686	-0.19152462	1.3625869	1.5541115	-0.26924214	0.7877857	1.0	False	liver	early	nucleotide_transformer
2498	-0.1914357	1.3620222	1.5534579	-0.26923117	0.7877941	1.0	False	liver	early	nucleotide_transformer
84	-0.1914779	1.3623519	1.5538298	-0.26922348	0.7878001	1.0	False	liver	early	nucleotide_transformer
1076	-0.19134343	1.3614357	1.5527791	-0.26921788	0.78780437	1.0	False	liver	early	nucleotide_transformer
2538	-0.19150746	1.3626364	1.5541439	-0.26920965	0.7878107	1.0	False	liver	early	nucleotide_transformer
2489	-0.19136894	1.3620734	1.5534424	-0.26913244	0.7878701	1.0	False	liver	early	nucleotide_transformer
2059	-0.19139457	1.3625629	1.5539575	-0.2690723	0.7879163	1.0	False	liver	early	nucleotide_transformer
366	-0.19124198	1.3618876	1.5531296	-0.26899716	0.7879742	1.0	False	liver	early	nucleotide_transformer
1458	-0.19118738	1.3615882	1.5527756	-0.2689799	0.7879874	1.0	False	liver	early	nucleotide_transformer
692	-0.19123137	1.3625413	1.5537727	-0.26885805	0.78808117	1.0	False	liver	early	nucleotide_transformer
2733	-0.19112027	1.3618727	1.5529929	-0.26883698	0.7880974	1.0	False	liver	early	nucleotide_transformer
1782	-0.19107068	1.3616949	1.5527656	-0.2688038	0.78812295	1.0	False	liver	early	nucleotide_transformer
1961	-0.19114637	1.3626713	1.5538176	-0.26871994	0.7881874	1.0	False	liver	early	nucleotide_transformer
3580	-0.1911639	1.3628389	1.5540028	-0.2687122	0.7881933	1.0	False	liver	early	nucleotide_transformer
1153	-0.1910826	1.3629093	1.5539919	-0.26858982	0.7882875	1.0	False	liver	early	nucleotide_transformer
3352	-0.19105363	1.3628767	1.5539303	-0.2685572	0.7883127	1.0	False	liver	early	nucleotide_transformer
1999	-0.19096565	1.362533	1.5534986	-0.26850575	0.78835225	1.0	False	liver	early	nucleotide_transformer
3	-0.19101274	1.3629247	1.5539374	-0.26849374	0.78836143	1.0	False	liver	early	nucleotide_transformer
1897	-0.19082749	1.3635272	1.5543547	-0.2681334	0.7886388	1.0	False	liver	early	nucleotide_transformer
4459	-0.19067574	1.3630013	1.5536771	-0.26803017	0.7887182	1.0	False	liver	early	nucleotide_transformer
1399	-0.190606	1.3632796	1.5538856	-0.2678832	0.78883135	1.0	False	liver	early	nucleotide_transformer
3316	-0.19056308	1.363199	1.5537621	-0.26784098	0.78886384	1.0	False	liver	early	nucleotide_transformer
3843	-0.19061673	1.3640176	1.5546343	-0.26775998	0.7889262	1.0	False	liver	early	nucleotide_transformer
1252	-0.16029096	1.1345625	1.2948534	-0.24676257	0.8051305	1.0	False	liver	early	nucleotide_transformer
2520	-0.16024423	1.1343093	1.2945535	-0.24674638	0.8051431	1.0	False	liver	early	nucleotide_transformer
3659	-0.16026127	1.1345375	1.2947987	-0.24672432	0.80516016	1.0	False	liver	early	nucleotide_transformer
1144	-0.16026664	1.1347218	1.2949884	-0.24669401	0.80518365	1.0	False	liver	early	nucleotide_transformer
688	-0.16032982	1.1351848	1.2955146	-0.24669103	0.8051859	1.0	False	liver	early	nucleotide_transformer
975	-0.16024232	1.1348728	1.2951151	-0.24662729	0.8052352	1.0	False	liver	early	nucleotide_transformer
2540	-0.16014516	1.13476	1.2949052	-0.24650809	0.8053275	1.0	False	liver	early	nucleotide_transformer
525	-0.16003764	1.1343642	1.2944019	-0.24643317	0.8053854	1.0	False	liver	early	nucleotide_transformer
3285	-0.16005993	1.1345576	1.2946175	-0.246425	0.8053917	1.0	False	liver	early	nucleotide_transformer
2469	-0.16015589	1.1354307	1.2955866	-0.24638565	0.8054222	1.0	False	liver	early	nucleotide_transformer
4893	-0.15999842	1.1343483	1.2943467	-0.24637906	0.8054274	1.0	False	liver	early	nucleotide_transformer
4985	-0.16009593	1.1351075	1.2952034	-0.24636443	0.80543864	1.0	False	liver	early	nucleotide_transformer
2863	-0.1600051	1.1346269	1.294632	-0.24633051	0.80546486	1.0	False	liver	early	nucleotide_transformer
90	-0.15998316	1.1346078	1.294591	-0.24630214	0.8054868	1.0	False	liver	early	nucleotide_transformer
4508	-0.15993822	1.1343426	1.2942808	-0.246292	0.80549467	1.0	False	liver	early	nucleotide_transformer
2206	-0.15993023	1.1343482	1.2942784	-0.24627902	0.8055047	1.0	False	liver	early	nucleotide_transformer
229	-0.15997374	1.1347092	1.294683	-0.24626756	0.80551356	1.0	False	liver	early	nucleotide_transformer
531	-0.16000938	1.134986	1.2949954	-0.24626276	0.80551726	1.0	False	liver	early	nucleotide_transformer
4266	-0.15993369	1.1345886	1.2945223	-0.24623369	0.8055398	1.0	False	liver	early	nucleotide_transformer
2119	-0.15997124	1.1349107	1.2948819	-0.24622245	0.8055485	1.0	False	liver	early	nucleotide_transformer
1166	-0.15988624	1.1343812	1.2942674	-0.24620765	0.80555993	1.0	False	liver	early	nucleotide_transformer
1593	-0.15992308	1.1346688	1.2945919	-0.24620165	0.8055646	1.0	False	liver	early	nucleotide_transformer
3654	-0.15995395	1.1349994	1.2949533	-0.24617857	0.80558246	1.0	False	liver	early	nucleotide_transformer
2723	-0.15987623	1.134526	1.2944022	-0.24616319	0.8055943	1.0	False	liver	early	nucleotide_transformer
1277	-0.15985239	1.1344568	1.2943091	-0.24614279	0.8056101	1.0	False	liver	early	nucleotide_transformer
1239	-0.1598711	1.1346842	1.2945553	-0.24612233	0.8056259	1.0	False	liver	early	nucleotide_transformer
2147	-0.15994692	1.1352365	1.2951834	-0.24611963	0.80562806	1.0	False	liver	early	nucleotide_transformer
1557	-0.15980947	1.1344324	1.2942419	-0.24608484	0.80565494	1.0	False	liver	early	nucleotide_transformer
2811	-0.15987372	1.1349167	1.2947904	-0.24607852	0.8056599	1.0	False	liver	early	nucleotide_transformer
1327	-0.15985405	1.1349026	1.2947567	-0.24605252	0.80568	1.0	False	liver	early	nucleotide_transformer
1493	-0.15986288	1.1350454	1.2949083	-0.24603567	0.8056931	1.0	False	liver	early	nucleotide_transformer
331	-0.15987909	1.1352453	1.2951244	-0.24601844	0.8057064	1.0	False	liver	early	nucleotide_transformer
360	-0.15992641	1.1356201	1.2955465	-0.24601093	0.8057122	1.0	False	liver	early	nucleotide_transformer
1762	-0.15983975	1.1352699	1.2951096	-0.24595621	0.8057544	1.0	False	liver	early	nucleotide_transformer
2644	-0.15979135	1.1349574	1.2947488	-0.245949	0.8057601	1.0	False	liver	early	nucleotide_transformer
4456	-0.15975952	1.134759	1.2945185	-0.24594425	0.8057638	1.0	False	liver	early	nucleotide_transformer
4902	-0.15977967	1.1350129	1.2947925	-0.24592051	0.80578214	1.0	False	liver	early	nucleotide_transformer
2355	-0.15973127	1.1347674	1.2944987	-0.24590112	0.80579716	1.0	False	liver	early	nucleotide_transformer
4657	-0.15977395	1.1351639	1.2949378	-0.24588116	0.80581266	1.0	False	liver	early	nucleotide_transformer
4141	-0.15980005	1.1353757	1.2951758	-0.24587598	0.80581665	1.0	False	liver	early	nucleotide_transformer
836	-0.15978563	1.1352892	1.2950748	-0.24587278	0.8058191	1.0	False	liver	early	nucleotide_transformer
1558	-0.15980077	1.1355305	1.2953312	-0.24584529	0.80584043	1.0	False	liver	early	nucleotide_transformer
1150	-0.1597668	1.135359	1.2951258	-0.24583103	0.80585146	1.0	False	liver	early	nucleotide_transformer
1174	-0.15959632	1.1344569	1.2940532	-0.24576728	0.8059008	1.0	False	liver	early	nucleotide_transformer
905	-0.15961182	1.1348206	1.2944324	-0.24571514	0.80594116	1.0	False	liver	early	nucleotide_transformer
75	-0.15955567	1.1344615	1.2940172	-0.24570687	0.8059476	1.0	False	liver	early	nucleotide_transformer
3496	-0.15959072	1.1348232	1.2944139	-0.24568373	0.8059654	1.0	False	liver	early	nucleotide_transformer
3447	-0.15962613	1.1352913	1.2949175	-0.24563871	0.80600035	1.0	False	liver	early	nucleotide_transformer
137	-0.15950966	1.1344694	1.293979	-0.24563785	0.80600095	1.0	False	liver	early	nucleotide_transformer
2306	-0.15955245	1.1348418	1.2943943	-0.24562392	0.80601174	1.0	False	liver	early	nucleotide_transformer
386	-0.1595869	1.1350932	1.2946801	-0.24562186	0.80601335	1.0	False	liver	early	nucleotide_transformer
3099	-0.159634	1.1354426	1.2950766	-0.24561913	0.8060154	1.0	False	liver	early	nucleotide_transformer
747	-0.15950727	1.1348014	1.2943087	-0.24556583	0.80605674	1.0	False	liver	early	nucleotide_transformer
317	-0.15943277	1.1349006	1.2943333	-0.24543649	0.80615675	1.0	False	liver	early	nucleotide_transformer
1986	-0.15939593	1.1348195	1.2942154	-0.24539916	0.8061858	1.0	False	liver	early	nucleotide_transformer
2244	-0.15937865	1.1347973	1.294176	-0.2453783	0.8062019	1.0	False	liver	early	nucleotide_transformer
1345	-0.15939713	1.1349556	1.2943528	-0.24537288	0.8062061	1.0	False	liver	early	nucleotide_transformer
4779	-0.15938401	1.134931	1.294315	-0.24535881	0.806217	1.0	False	liver	early	nucleotide_transformer
1288	-0.15941298	1.1354504	1.2948633	-0.2452941	0.8062671	1.0	False	liver	early	nucleotide_transformer
4516	-0.15918672	1.1349372	1.2941239	-0.24506839	0.8064418	1.0	False	liver	early	nucleotide_transformer
3754	-0.15931892	1.1362087	1.2955276	-0.24500112	0.8064939	1.0	False	liver	early	nucleotide_transformer
650	-0.15911615	1.1353549	1.294471	-0.24487954	0.806588	1.0	False	liver	early	nucleotide_transformer
2375	-0.15863991	1.1365515	1.2951914	-0.24393715	0.80731755	1.0	False	liver	early	nucleotide_transformer
1387	0.13153934	0.9072682	0.7757289	0.23835094	0.8116508	1.0	False	liver	early	nucleotide_transformer
1627	0.13168108	0.90862525	0.77694416	0.2382452	0.8117328	1.0	False	liver	early	nucleotide_transformer
2322	0.13144821	0.90727717	0.77582896	0.2381742	0.81178784	1.0	False	liver	early	nucleotide_transformer
2334	0.1314084	0.9074472	0.7760388	0.23805062	0.8118837	1.0	False	liver	early	nucleotide_transformer
3954	0.13144946	0.9083014	0.77685195	0.23789296	0.81200594	1.0	False	liver	early	nucleotide_transformer
2637	0.13141239	0.90843064	0.77701825	0.2377856	0.81208915	1.0	False	liver	early	nucleotide_transformer
741	0.13130045	0.90785843	0.776558	0.23773147	0.8121311	1.0	False	liver	early	nucleotide_transformer
4018	0.13129789	0.9078807	0.77658284	0.2377193	0.8121406	1.0	False	liver	early	nucleotide_transformer
3646	0.13119227	0.9072766	0.7760843	0.23768446	0.81216764	1.0	False	liver	early	nucleotide_transformer
2423	0.1312083	0.9083523	0.777144	0.23741813	0.8123741	1.0	False	liver	early	nucleotide_transformer
389	0.13096654	0.90734315	0.7763766	0.23723473	0.81251633	1.0	False	liver	early	nucleotide_transformer
3916	0.13093185	0.9073125	0.77638066	0.23717731	0.81256086	1.0	False	liver	early	nucleotide_transformer
927	0.13095057	0.90746826	0.7765177	0.23716979	0.81256676	1.0	False	liver	early	nucleotide_transformer
529	0.13094187	0.9075648	0.77662295	0.23712666	0.81260014	1.0	False	liver	early	nucleotide_transformer
2634	0.13090873	0.9074072	0.7764985	0.23710659	0.81261575	1.0	False	liver	early	nucleotide_transformer
1775	0.13087499	0.9072635	0.7763885	0.23708163	0.8126351	1.0	False	liver	early	nucleotide_transformer
496	0.13092571	0.9076482	0.7767225	0.2370728	0.81264204	1.0	False	liver	early	nucleotide_transformer
4382	0.1308828	0.90739995	0.77651715	0.23705904	0.8126526	1.0	False	liver	early	nucleotide_transformer
378	0.13089067	0.90749395	0.7766033	0.2370483	0.81266093	1.0	False	liver	early	nucleotide_transformer
2721	0.13085276	0.90725595	0.7764032	0.2370412	0.8126665	1.0	False	liver	early	nucleotide_transformer
479	0.13088632	0.9074946	0.7766083	0.2370398	0.81266755	1.0	False	liver	early	nucleotide_transformer
891	0.13088524	0.90754217	0.7766569	0.23702471	0.8126793	1.0	False	liver	early	nucleotide_transformer
3849	0.13080269	0.9070446	0.7762419	0.23700409	0.8126952	1.0	False	liver	early	nucleotide_transformer
3302	0.130831	0.9074495	0.7766185	0.23694645	0.8127399	1.0	False	liver	early	nucleotide_transformer
4469	0.13074768	0.9070456	0.7762979	0.23689854	0.8127771	1.0	False	liver	early	nucleotide_transformer
4567	0.13081509	0.9075521	0.77673703	0.23688786	0.8127854	1.0	False	liver	early	nucleotide_transformer
2293	0.13079858	0.90750235	0.7767038	0.23687	0.8127993	1.0	False	liver	early	nucleotide_transformer
3263	0.13079244	0.90746456	0.7766721	0.23686868	0.8128002	1.0	False	liver	early	nucleotide_transformer
48	0.13073736	0.90722674	0.7764894	0.23682879	0.81283116	1.0	False	liver	early	nucleotide_transformer
671	0.13066912	0.9070343	0.77636516	0.23675106	0.8128914	1.0	False	liver	early	nucleotide_transformer
1980	0.1306181	0.90705216	0.77643406	0.23664874	0.8129709	1.0	False	liver	early	nucleotide_transformer
724	0.13067603	0.90747213	0.7767961	0.23664418	0.81297433	1.0	False	liver	early	nucleotide_transformer
2628	0.13062209	0.9073221	0.7767	0.2365824	0.8130223	1.0	False	liver	early	nucleotide_transformer
742	0.13062072	0.907429	0.77680826	0.23655029	0.8130472	1.0	False	liver	early	nucleotide_transformer
1749	0.13063174	0.9076348	0.77700305	0.23651452	0.813075	1.0	False	liver	early	nucleotide_transformer
4006	0.13063473	0.9077345	0.7770998	0.23649295	0.81309164	1.0	False	liver	early	nucleotide_transformer
1919	0.13052386	0.9072877	0.77676386	0.23640415	0.81316054	1.0	False	liver	early	nucleotide_transformer
3938	0.13055152	0.90761137	0.77705985	0.23636773	0.8131888	1.0	False	liver	early	nucleotide_transformer
3739	0.13051313	0.9073463	0.7768332	0.23636745	0.8131891	1.0	False	liver	early	nucleotide_transformer
2406	0.13057148	0.9077634	0.77719194	0.23636402	0.81319165	1.0	False	liver	early	nucleotide_transformer
1254	0.13042444	0.9069039	0.7764795	0.23631936	0.8132264	1.0	False	liver	early	nucleotide_transformer
3981	0.1304354	0.90699875	0.77656335	0.2363142	0.81323034	1.0	False	liver	early	nucleotide_transformer
1585	0.13042271	0.9076541	0.7772314	0.23611015	0.81338865	1.0	False	liver	early	nucleotide_transformer
3605	0.13034731	0.90717125	0.77682394	0.23609868	0.8133975	1.0	False	liver	early	nucleotide_transformer
4585	0.1303249	0.90724903	0.77692413	0.23603457	0.8134473	1.0	False	liver	early	nucleotide_transformer
1606	0.13021898	0.9070071	0.7767881	0.23589846	0.81355286	1.0	False	liver	early	nucleotide_transformer
4094	0.13018203	0.9069167	0.77673465	0.23585255	0.8135885	1.0	False	liver	early	nucleotide_transformer
89	0.1301583	0.90785915	0.77770084	0.23554897	0.813824	1.0	False	liver	early	nucleotide_transformer
4544	0.1300813	0.9077895	0.77770823	0.23542088	0.8139233	1.0	False	liver	early	nucleotide_transformer
5008	0.13000244	0.90762544	0.777623	0.23531501	0.81400555	1.0	False	liver	early	nucleotide_transformer
3159	0.13001812	0.9078335	0.7778154	0.23528832	0.81402624	1.0	False	liver	early	nucleotide_transformer
4397	0.1299609	0.90753907	0.7775782	0.23525922	0.8140488	1.0	False	liver	early	nucleotide_transformer
2431	0.12950587	0.9064966	0.7769907	0.2346751	0.814502	1.0	False	liver	early	nucleotide_transformer
3024	0.19854236	2.269536	2.0709937	0.22603367	0.8212137	1.0	False	liver	early	nucleotide_transformer
3378	0.19838595	2.2693584	2.0709724	0.22586806	0.82134247	1.0	False	liver	early	nucleotide_transformer
3679	0.198385	2.2693954	2.0710104	0.22586215	0.82134706	1.0	False	liver	early	nucleotide_transformer
3512	0.19846535	2.2705016	2.0720363	0.22584325	0.8213618	1.0	False	liver	early	nucleotide_transformer
3111	0.19845057	2.2703707	2.0719202	0.22583944	0.82136476	1.0	False	liver	early	nucleotide_transformer
3956	0.19847488	2.270788	2.072313	0.22582519	0.82137585	1.0	False	liver	early	nucleotide_transformer
325	0.19848156	2.271076	2.0725944	0.22580375	0.8213925	1.0	False	liver	early	nucleotide_transformer
3209	0.19840622	2.2702522	2.071846	0.22579953	0.8213958	1.0	False	liver	early	nucleotide_transformer
4665	0.19831157	2.2707286	2.072417	0.22563964	0.8215202	1.0	False	liver	early	nucleotide_transformer
5022	0.19820571	2.2703483	2.0721426	0.22555378	0.8215869	1.0	False	liver	early	nucleotide_transformer
4935	0.19808531	2.269094	2.0710087	0.22554053	0.8215972	1.0	False	liver	early	nucleotide_transformer
3596	0.19817996	2.270649	2.072469	0.22549297	0.82163423	1.0	False	liver	early	nucleotide_transformer
4761	0.19815397	2.2703795	2.0722256	0.22548969	0.82163686	1.0	False	liver	early	nucleotide_transformer
3752	0.1981895	2.2709787	2.0727892	0.22547077	0.82165146	1.0	False	liver	early	nucleotide_transformer
600	0.19802547	2.2703378	2.0723124	0.22534314	0.82175076	1.0	False	liver	early	nucleotide_transformer
499	0.19796658	2.2704527	2.0724862	0.22526224	0.8218136	1.0	False	liver	early	nucleotide_transformer
3491	0.19800854	2.2710257	2.0730171	0.22525217	0.8218215	1.0	False	liver	early	nucleotide_transformer
3994	0.19789124	2.2701588	2.0722675	0.22520365	0.82185924	1.0	False	liver	early	nucleotide_transformer
4826	0.19787431	2.2702258	2.0723515	0.22517703	0.8218799	1.0	False	liver	early	nucleotide_transformer
1601	0.1978643	2.2705352	2.072671	0.22513369	0.82191366	1.0	False	liver	early	nucleotide_transformer
2076	0.19784904	2.2707682	2.0729191	0.22509092	0.82194686	1.0	False	liver	early	nucleotide_transformer
1506	0.19788575	2.271373	2.0734873	0.22507295	0.82196087	1.0	False	liver	early	nucleotide_transformer
2457	0.19779253	2.2706845	2.072892	0.22503304	0.8219919	1.0	False	liver	early	nucleotide_transformer
1623	0.19768214	2.2697346	2.0720525	0.2250014	0.8220165	1.0	False	liver	early	nucleotide_transformer
1261	0.19759393	2.2700589	2.072465	0.22486465	0.8221228	1.0	False	liver	early	nucleotide_transformer
812	0.19752717	2.2698069	2.0722797	0.22481197	0.8221638	1.0	False	liver	early	nucleotide_transformer
491	0.19752693	2.2703614	2.0728345	0.22475512	0.82220805	1.0	False	liver	early	nucleotide_transformer
4790	0.16475928	1.5899748	1.4252155	0.22412235	0.8227006	1.0	False	liver	early	nucleotide_transformer
4051	0.16458559	1.5888923	1.4243068	0.22403549	0.82276815	1.0	False	liver	early	nucleotide_transformer
4332	0.16453671	1.5890054	1.4244686	0.22395	0.8228347	1.0	False	liver	early	nucleotide_transformer
4909	0.16447127	1.5886632	1.424192	0.22390732	0.8228679	1.0	False	liver	early	nucleotide_transformer
4126	0.16438699	1.5879159	1.4235289	0.22389756	0.82287544	1.0	False	liver	early	nucleotide_transformer
2700	0.16445816	1.5886406	1.4241824	0.22389211	0.8228797	1.0	False	liver	early	nucleotide_transformer
3468	0.16453171	1.5893599	1.4248282	0.22389089	0.8228806	1.0	False	liver	early	nucleotide_transformer
2955	0.16446006	1.588846	1.4243859	0.22386485	0.82290083	1.0	False	liver	early	nucleotide_transformer
1359	0.16446388	1.5889101	1.4244462	0.22386093	0.82290393	1.0	False	liver	early	nucleotide_transformer
4390	0.16439605	1.5888829	1.4244869	0.22376889	0.8229755	1.0	False	liver	early	nucleotide_transformer
1367	0.16445374	1.589521	1.4250673	0.22375742	0.82298446	1.0	False	liver	early	nucleotide_transformer
5006	0.16437852	1.5888327	1.4244542	0.2237515	0.82298905	1.0	False	liver	early	nucleotide_transformer
2648	0.1644131	1.5893288	1.4249157	0.22372793	0.8230074	1.0	False	liver	early	nucleotide_transformer
2110	0.16435802	1.588842	1.424484	0.22372091	0.8230129	1.0	False	liver	early	nucleotide_transformer
1366	0.16423762	1.5882677	1.4240301	0.22363426	0.8230803	1.0	False	liver	early	nucleotide_transformer
782	0.16423452	1.5885285	1.424294	0.22359215	0.823113	1.0	False	liver	early	nucleotide_transformer
3315	0.164217	1.5883834	1.4241664	0.22358845	0.82311594	1.0	False	liver	early	nucleotide_transformer
2618	0.16425753	1.5889243	1.4246668	0.223567	0.8231326	1.0	False	liver	early	nucleotide_transformer
249	0.1640811	1.5880917	1.4240106	0.22343865	0.8232325	1.0	False	liver	early	nucleotide_transformer
3360	0.1641339	1.5886887	1.4245548	0.22342654	0.8232419	1.0	False	liver	early	nucleotide_transformer
594	0.16410673	1.5887859	1.4246792	0.22337393	0.8232828	1.0	False	liver	early	nucleotide_transformer
4038	0.16406846	1.5886306	1.4245621	0.2233424	0.82330734	1.0	False	liver	early	nucleotide_transformer
1398	0.16406262	1.5887222	1.4246596	0.2233209	0.8233241	1.0	False	liver	early	nucleotide_transformer
557	0.16408432	1.5891521	1.4250678	0.22328891	0.82334894	1.0	False	liver	early	nucleotide_transformer
4492	0.16397786	1.5885354	1.4245576	0.22322802	0.82339627	1.0	False	liver	early	nucleotide_transformer
2574	0.16400611	1.5888349	1.4248288	0.22322464	0.823399	1.0	False	liver	early	nucleotide_transformer
4697	0.16396308	1.5885777	1.4246147	0.223201	0.82341737	1.0	False	liver	early	nucleotide_transformer
2755	0.16394079	1.5884169	1.4244761	0.22319295	0.8234236	1.0	False	liver	early	nucleotide_transformer
3488	0.16393709	1.5885665	1.4246294	0.22316587	0.82344466	1.0	False	liver	early	nucleotide_transformer
4061	0.16397154	1.5889503	1.4249787	0.22315882	0.8234502	1.0	False	liver	early	nucleotide_transformer
848	0.16393852	1.5888016	1.4248631	0.22313388	0.8234695	1.0	False	liver	early	nucleotide_transformer
1599	0.1639514	1.5890127	1.4250613	0.22312136	0.8234793	1.0	False	liver	early	nucleotide_transformer
1315	0.16391194	1.5886582	1.4247463	0.22311702	0.8234827	1.0	False	liver	early	nucleotide_transformer
126	0.16389859	1.5885456	1.424647	0.2231144	0.8234847	1.0	False	liver	early	nucleotide_transformer
4534	-0.12838584	0.9069218	1.0353076	-0.22093399	0.82517815	1.0	False	liver	early	nucleotide_transformer
629	-0.12838691	0.9073568	1.0357437	-0.22083512	0.8252551	1.0	False	liver	early	nucleotide_transformer
2465	-0.1284309	0.908207	1.0366379	-0.22070967	0.8253528	1.0	False	liver	early	nucleotide_transformer
2328	-0.12816238	0.90765035	1.0358127	-0.2203999	0.825594	1.0	False	liver	early	nucleotide_transformer
2712	-0.12810075	0.9074911	1.0355918	-0.22033572	0.82564396	1.0	False	liver	early	nucleotide_transformer
3479	-0.12820953	0.9083112	1.0365207	-0.22032335	0.8256536	1.0	False	liver	early	nucleotide_transformer
1469	-0.12817931	0.9081286	1.0363079	-0.22031684	0.8256586	1.0	False	liver	early	nucleotide_transformer
2127	-0.12818992	0.9082465	1.0364364	-0.2203071	0.8256663	1.0	False	liver	early	nucleotide_transformer
1459	-0.1280157	0.9071099	1.0351256	-0.22028486	0.8256835	1.0	False	liver	early	nucleotide_transformer
2232	-0.12801212	0.907579	1.0355911	-0.22017051	0.8257726	1.0	False	liver	early	nucleotide_transformer
3403	-0.12808377	0.9081121	1.0361959	-0.22016466	0.8257772	1.0	False	liver	early	nucleotide_transformer
3257	-0.12806022	0.9079839	1.0360441	-0.2201556	0.8257842	1.0	False	liver	early	nucleotide_transformer
3514	-0.12807488	0.9081315	1.0362064	-0.22014531	0.8257922	1.0	False	liver	early	nucleotide_transformer
3624	-0.12801611	0.9077189	1.035735	-0.22014478	0.8257927	1.0	False	liver	early	nucleotide_transformer
3033	-0.1280337	0.90796226	1.035996	-0.22011727	0.82581407	1.0	False	liver	early	nucleotide_transformer
3338	-0.12801826	0.90788937	1.0359076	-0.22010867	0.82582074	1.0	False	liver	early	nucleotide_transformer
1033	-0.12802571	0.9079451	1.0359708	-0.22010815	0.82582116	1.0	False	liver	early	nucleotide_transformer
4687	-0.12794626	0.9074446	1.0353909	-0.22009374	0.82583237	1.0	False	liver	early	nucleotide_transformer
2836	-0.12796694	0.9077316	1.0356985	-0.22006144	0.8258575	1.0	False	liver	early	nucleotide_transformer
2661	-0.12803376	0.90844214	1.0364759	-0.22000603	0.8259006	1.0	False	liver	early	nucleotide_transformer
3007	-0.12790602	0.9075468	1.0354528	-0.22000436	0.8259019	1.0	False	liver	early	nucleotide_transformer
2578	-0.12792689	0.9077111	1.035638	-0.22000062	0.8259048	1.0	False	liver	early	nucleotide_transformer
3975	-0.12795454	0.9079254	1.03588	-0.21999606	0.8259084	1.0	False	liver	early	nucleotide_transformer
3387	-0.12797493	0.90809697	1.0360719	-0.21998996	0.82591313	1.0	False	liver	early	nucleotide_transformer
235	-0.12789309	0.90752375	1.0354168	-0.21998851	0.8259142	1.0	False	liver	early	nucleotide_transformer
1302	-0.12789673	0.9077094	1.0356061	-0.21995147	0.8259431	1.0	False	liver	early	nucleotide_transformer
4115	-0.12797213	0.908262	1.0362341	-0.21994732	0.8259464	1.0	False	liver	early	nucleotide_transformer
3685	-0.12792528	0.9079902	1.0359155	-0.21993351	0.8259571	1.0	False	liver	early	nucleotide_transformer
2730	-0.1279102	0.908251	1.0361612	-0.21984883	0.82602304	1.0	False	liver	early	nucleotide_transformer
3454	-0.1278041	0.90750724	1.0353113	-0.219847	0.82602453	1.0	False	liver	early	nucleotide_transformer
2268	-0.12788773	0.9082246	1.0361123	-0.21981812	0.8260469	1.0	False	liver	early	nucleotide_transformer
120	-0.12777424	0.90742254	1.0351968	-0.21981752	0.8260474	1.0	False	liver	early	nucleotide_transformer
568	-0.1278677	0.9081286	1.0359963	-0.21980739	0.8260553	1.0	False	liver	early	nucleotide_transformer
3544	-0.12780035	0.9076581	1.0354584	-0.2198059	0.8260565	1.0	False	liver	early	nucleotide_transformer
2342	-0.127841	0.9079716	1.0358126	-0.21979956	0.82606137	1.0	False	liver	early	nucleotide_transformer
3693	-0.12782323	0.90787375	1.035697	-0.219793	0.8260665	1.0	False	liver	early	nucleotide_transformer
1795	-0.12783593	0.9079743	1.0358102	-0.21979079	0.8260682	1.0	False	liver	early	nucleotide_transformer
917	-0.12777835	0.9075846	1.035363	-0.21978678	0.8260714	1.0	False	liver	early	nucleotide_transformer
2236	-0.12777424	0.9076083	1.0353825	-0.21977459	0.8260808	1.0	False	liver	early	nucleotide_transformer
115	-0.12778914	0.9078355	1.0356246	-0.21974657	0.8261026	1.0	False	liver	early	nucleotide_transformer
3259	-0.12777054	0.9077431	1.0355136	-0.21973738	0.82610977	1.0	False	liver	early	nucleotide_transformer
4264	-0.12776864	0.9077623	1.0355309	-0.21972995	0.8261156	1.0	False	liver	early	nucleotide_transformer
672	-0.12778789	0.9079308	1.0357187	-0.21972203	0.8261217	1.0	False	liver	early	nucleotide_transformer
4959	-0.12784344	0.9083448	1.0361882	-0.219718	0.82612485	1.0	False	liver	early	nucleotide_transformer
2445	-0.12785017	0.9084126	1.0362628	-0.21971326	0.82612854	1.0	False	liver	early	nucleotide_transformer
450	-0.12772763	0.9077637	1.0354913	-0.21966256	0.82616806	1.0	False	liver	early	nucleotide_transformer
3490	-0.1276601	0.9074711	1.0351312	-0.21961917	0.8262019	1.0	False	liver	early	nucleotide_transformer
1001	-0.1277231	0.90796196	1.0356851	-0.21960887	0.8262099	1.0	False	liver	early	nucleotide_transformer
906	-0.12764919	0.90852094	1.0361701	-0.21935946	0.8264042	1.0	False	liver	early	nucleotide_transformer
165	-0.12765914	0.9088196	1.0364788	-0.21930663	0.82644534	1.0	False	liver	early	nucleotide_transformer
997	-0.12762207	0.9086228	1.0362449	-0.21929213	0.8264566	1.0	False	liver	early	nucleotide_transformer
2215	-0.12751317	0.90807104	1.0355842	-0.2192406	0.82649666	1.0	False	liver	early	nucleotide_transformer
1338	-0.12762249	0.9089613	1.0365838	-0.219214	0.8265174	1.0	False	liver	early	nucleotide_transformer
443	-0.12737554	0.90746397	1.0348395	-0.2191552	0.82656324	1.0	False	liver	early	nucleotide_transformer
3102	-0.12752026	0.90854484	1.0360651	-0.21914338	0.8265725	1.0	False	liver	early	nucleotide_transformer
4282	-0.12732673	0.90732944	1.0346562	-0.21910605	0.82660145	1.0	False	liver	early	nucleotide_transformer
3268	-0.12728983	0.90748245	1.0347723	-0.21901062	0.82667583	1.0	False	liver	early	nucleotide_transformer
2202	-0.12737727	0.9085119	1.0358891	-0.21891695	0.82674885	1.0	False	liver	early	nucleotide_transformer
1971	-0.12736738	0.90857553	1.0359429	-0.21888626	0.82677275	1.0	False	liver	early	nucleotide_transformer
1830	-0.12733507	0.90856504	1.0359001	-0.21883582	0.826812	1.0	False	liver	early	nucleotide_transformer
3122	-0.12732702	0.9085881	1.0359151	-0.21881735	0.8268264	1.0	False	liver	early	nucleotide_transformer
3230	-0.12725866	0.9088787	1.0361373	-0.21863942	0.8269649	1.0	False	liver	early	nucleotide_transformer
1198	-0.12718827	0.90892524	1.0361135	-0.2185136	0.82706296	1.0	False	liver	early	nucleotide_transformer
4531	-0.19015574	2.2715006	2.4616563	-0.2097798	0.83387285	1.0	False	liver	early	nucleotide_transformer
2344	-0.18936443	2.270852	2.4602165	-0.20899044	0.8344888	1.0	False	liver	early	nucleotide_transformer
1169	-0.09702897	0.67999667	0.77702564	-0.19261369	0.84729123	1.0	False	liver	early	nucleotide_transformer
5116	-0.09700394	0.68030727	0.7773112	-0.19248305	0.8473936	1.0	False	liver	early	nucleotide_transformer
4443	-0.09697932	0.6803116	0.77729094	-0.19243546	0.8474308	1.0	False	liver	early	nucleotide_transformer
97	-0.09684676	0.68021715	0.7770639	-0.19221061	0.8476069	1.0	False	liver	early	nucleotide_transformer
4298	-0.096610606	0.68011683	0.77672744	-0.19179204	0.8479347	1.0	False	liver	early	nucleotide_transformer
4695	-0.096490026	0.67997175	0.7764618	-0.19160311	0.84808266	1.0	False	liver	early	nucleotide_transformer
1654	-0.09650862	0.6802259	0.77673453	-0.19157031	0.8481084	1.0	False	liver	early	nucleotide_transformer
221	-0.09645283	0.68008655	0.7765394	-0.19150217	0.84816176	1.0	False	liver	early	nucleotide_transformer
38	-0.09652358	0.68101954	0.7775431	-0.19138555	0.848253	1.0	False	liver	early	nucleotide_transformer
1011	-0.09646714	0.6807604	0.7772275	-0.1913481	0.8482824	1.0	False	liver	early	nucleotide_transformer
4946	-0.09642118	0.680446	0.7768672	-0.19134524	0.8482847	1.0	False	liver	early	nucleotide_transformer
87	-0.09636712	0.6801569	0.776524	-0.19132154	0.84830326	1.0	False	liver	early	nucleotide_transformer
2166	-0.096395254	0.6803942	0.7767894	-0.19131069	0.8483117	1.0	False	liver	early	nucleotide_transformer
1659	-0.09634477	0.6802019	0.77654666	-0.1912673	0.84834576	1.0	False	liver	early	nucleotide_transformer
2384	-0.09633428	0.68017846	0.77651274	-0.19125368	0.84835637	1.0	False	liver	early	nucleotide_transformer
3864	-0.09637207	0.6805864	0.77695847	-0.1912151	0.8483866	1.0	False	liver	early	nucleotide_transformer
3971	-0.096313596	0.6802045	0.7765181	-0.1912077	0.84839237	1.0	False	liver	early	nucleotide_transformer
4441	-0.09636599	0.68068093	0.7770469	-0.19117844	0.8484153	1.0	False	liver	early	nucleotide_transformer
2830	-0.096363425	0.6807391	0.77710253	-0.19115812	0.84843117	1.0	False	liver	early	nucleotide_transformer
56	-0.096262574	0.68016434	0.7764269	-0.19112206	0.8484594	1.0	False	liver	early	nucleotide_transformer
712	-0.09626269	0.6806853	0.776948	-0.1909824	0.84856886	1.0	False	liver	early	nucleotide_transformer
2198	-0.09624547	0.68063754	0.776883	-0.19096266	0.8485843	1.0	False	liver	early	nucleotide_transformer
3517	-0.09628308	0.68093383	0.7772169	-0.19095457	0.8485906	1.0	False	liver	early	nucleotide_transformer
4537	-0.09622812	0.6805463	0.7767744	-0.19095458	0.8485906	1.0	False	liver	early	nucleotide_transformer
1228	-0.09625584	0.68100905	0.7772649	-0.19088317	0.84864664	1.0	False	liver	early	nucleotide_transformer
4439	-0.09617168	0.6804215	0.77659315	-0.19088124	0.8486481	1.0	False	liver	early	nucleotide_transformer
3894	-0.09612954	0.68033385	0.7764634	-0.19082569	0.84869164	1.0	False	liver	early	nucleotide_transformer
645	-0.09619403	0.68079275	0.7769868	-0.19082431	0.8486928	1.0	False	liver	early	nucleotide_transformer
382	-0.09615666	0.6805792	0.77673584	-0.19081093	0.84870315	1.0	False	liver	early	nucleotide_transformer
1854	-0.09615755	0.68063736	0.7767949	-0.19079714	0.848714	1.0	False	liver	early	nucleotide_transformer
267	-0.09622151	0.6811298	0.7773513	-0.19078645	0.84872234	1.0	False	liver	early	nucleotide_transformer
469	-0.096157014	0.68069214	0.77684915	-0.19078161	0.84872615	1.0	False	liver	early	nucleotide_transformer
4495	-0.09613204	0.6805451	0.77667713	-0.19077353	0.84873253	1.0	False	liver	early	nucleotide_transformer
3987	-0.096140385	0.6806515	0.7767919	-0.19076097	0.84874237	1.0	False	liver	early	nucleotide_transformer
3999	-0.096169055	0.68085384	0.7770229	-0.19076076	0.8487425	1.0	False	liver	early	nucleotide_transformer
5049	-0.09606922	0.68016756	0.7762368	-0.19075593	0.84874624	1.0	False	liver	early	nucleotide_transformer
4255	-0.096117854	0.6805966	0.77671444	-0.19073306	0.8487642	1.0	False	liver	early	nucleotide_transformer
484	-0.096131265	0.6807548	0.77688605	-0.19071582	0.84877765	1.0	False	liver	early	nucleotide_transformer
1325	-0.09607929	0.68047255	0.77655184	-0.19069315	0.8487955	1.0	False	liver	early	nucleotide_transformer
4783	-0.09613645	0.6809059	0.7770423	-0.19068542	0.8488015	1.0	False	liver	early	nucleotide_transformer
403	-0.096140504	0.68094045	0.77708095	-0.19068389	0.8488027	1.0	False	liver	early	nucleotide_transformer
4533	-0.09615624	0.68105924	0.7772155	-0.19068216	0.84880406	1.0	False	liver	early	nucleotide_transformer
3590	-0.09605187	0.6803393	0.77639115	-0.19067752	0.8488077	1.0	False	liver	early	nucleotide_transformer
5057	-0.096150815	0.68104506	0.7771959	-0.19067551	0.84880924	1.0	False	liver	early	nucleotide_transformer
1270	-0.096128225	0.68096346	0.7770917	-0.19065475	0.8488255	1.0	False	liver	early	nucleotide_transformer
4948	-0.09608197	0.68069565	0.7767776	-0.1906389	0.8488379	1.0	False	liver	early	nucleotide_transformer
3874	-0.09607649	0.68085957	0.77693605	-0.19058472	0.84888035	1.0	False	liver	early	nucleotide_transformer
1521	-0.095994174	0.6803054	0.7762996	-0.1905775	0.8488861	1.0	False	liver	early	nucleotide_transformer
1290	-0.096025825	0.6805418	0.77656764	-0.19057381	0.848889	1.0	False	liver	early	nucleotide_transformer
3331	-0.096051455	0.68077844	0.7768299	-0.19055933	0.84890026	1.0	False	liver	early	nucleotide_transformer
734	-0.09603089	0.6806356	0.77666646	-0.19055851	0.8489009	1.0	False	liver	early	nucleotide_transformer
1373	-0.09606385	0.6809625	0.77702636	-0.19053334	0.84892064	1.0	False	liver	early	nucleotide_transformer
2205	-0.09603006	0.6809299	0.77695996	-0.19047835	0.84896374	1.0	False	liver	early	nucleotide_transformer
2999	-0.0960328	0.68098295	0.77701575	-0.19046952	0.84897065	1.0	False	liver	early	nucleotide_transformer
5010	-0.09595311	0.68050045	0.77645355	-0.19044745	0.848988	1.0	False	liver	early	nucleotide_transformer
2844	-0.09599066	0.6809084	0.77689904	-0.19040947	0.84901774	1.0	False	liver	early	nucleotide_transformer
74	-0.09594065	0.68060535	0.776546	-0.19039614	0.84902817	1.0	False	liver	early	nucleotide_transformer
4134	-0.09589136	0.68043834	0.7763297	-0.1903473	0.84906644	1.0	False	liver	early	nucleotide_transformer
1867	-0.09597129	0.68103373	0.777005	-0.19033968	0.8490724	1.0	False	liver	early	nucleotide_transformer
3300	-0.0958944	0.68051076	0.77640516	-0.19033384	0.849077	1.0	False	liver	early	nucleotide_transformer
835	-0.0958817	0.680511	0.7763927	-0.19030978	0.8490958	1.0	False	liver	early	nucleotide_transformer
372	-0.09586561	0.68043715	0.77630275	-0.19029897	0.8491042	1.0	False	liver	early	nucleotide_transformer
1887	-0.09584546	0.6803543	0.77619976	-0.19028388	0.849116	1.0	False	liver	early	nucleotide_transformer
3062	-0.09583062	0.68035764	0.77618825	-0.19025497	0.84913874	1.0	False	liver	early	nucleotide_transformer
4655	-0.095822275	0.6803273	0.7761496	-0.19024703	0.849145	1.0	False	liver	early	nucleotide_transformer
3721	-0.09583962	0.6804669	0.7763065	-0.190242	0.84914887	1.0	False	liver	early	nucleotide_transformer
3348	-0.09588456	0.68082696	0.7767115	-0.19023144	0.84915715	1.0	False	liver	early	nucleotide_transformer
4752	-0.09585607	0.68065315	0.7765092	-0.19022368	0.84916323	1.0	False	liver	early	nucleotide_transformer
2435	-0.095779896	0.6805863	0.7763662	-0.19009754	0.849262	1.0	False	liver	early	nucleotide_transformer
3931	-0.095771134	0.68065715	0.7764283	-0.19006225	0.8492897	1.0	False	liver	early	nucleotide_transformer
4801	-0.09573144	0.6803921	0.7761235	-0.1900574	0.8492935	1.0	False	liver	early	nucleotide_transformer
1653	-0.09571725	0.68034697	0.7760642	-0.19004346	0.8493044	1.0	False	liver	early	nucleotide_transformer
554	-0.09587592	0.68147546	0.7773514	-0.19004291	0.8493048	1.0	False	liver	early	nucleotide_transformer
1768	-0.09573895	0.6805822	0.7763212	-0.19002135	0.8493217	1.0	False	liver	early	nucleotide_transformer
138	-0.09570825	0.6804293	0.77613753	-0.19000377	0.84933555	1.0	False	liver	early	nucleotide_transformer
2045	-0.095774114	0.68105674	0.77683085	-0.18996204	0.8493682	1.0	False	liver	early	nucleotide_transformer
1364	-0.0956797	0.68042725	0.77610695	-0.1899505	0.8493773	1.0	False	liver	early	nucleotide_transformer
842	-0.095671	0.680677	0.776348	-0.18986784	0.849442	1.0	False	liver	early	nucleotide_transformer
2525	-0.09567428	0.68081826	0.77649254	-0.1898367	0.8494663	1.0	False	liver	early	nucleotide_transformer
4157	-0.09565377	0.6807582	0.77641195	-0.18981385	0.84948426	1.0	False	liver	early	nucleotide_transformer
4684	-0.095644474	0.6807594	0.77640384	-0.18979596	0.84949833	1.0	False	liver	early	nucleotide_transformer
4238	-0.09563577	0.6807343	0.77637005	-0.1897862	0.84950596	1.0	False	liver	early	nucleotide_transformer
3039	-0.09564388	0.68081164	0.7764555	-0.18978103	0.84951	1.0	False	liver	early	nucleotide_transformer
2	-0.09561819	0.6807467	0.77636486	-0.18974969	0.8495346	1.0	False	liver	early	nucleotide_transformer
2966	-0.09565085	0.6816962	0.777347	-0.18956	0.84968317	1.0	False	liver	early	nucleotide_transformer
1753	-0.09559679	0.6817192	0.777316	-0.18945193	0.8497679	1.0	False	liver	early	nucleotide_transformer
112	-0.09542662	0.68071896	0.7761456	-0.18939513	0.8498124	1.0	False	liver	early	nucleotide_transformer
2547	-0.09534383	0.6811286	0.77647245	-0.18913044	0.85001975	1.0	False	liver	early	nucleotide_transformer
2253	-0.09528583	0.6815908	0.7768766	-0.18889904	0.85020113	1.0	False	liver	early	nucleotide_transformer
3060	-0.09513724	0.6806317	0.77576894	-0.18887123	0.8502229	1.0	False	liver	early	nucleotide_transformer
3866	-0.095269084	0.6817815	0.77705055	-0.18881728	0.85026515	1.0	False	liver	early	nucleotide_transformer
4576	-0.09529024	0.68203664	0.7773269	-0.18879022	0.8502864	1.0	False	liver	early	nucleotide_transformer
3637	-0.09521437	0.68165076	0.7768651	-0.18874837	0.8503192	1.0	False	liver	early	nucleotide_transformer
1048	-0.09519833	0.6817772	0.7769755	-0.18868491	0.8503689	1.0	False	liver	early	nucleotide_transformer
55	-0.095168054	0.6818152	0.77698326	-0.18861778	0.85042155	1.0	False	liver	early	nucleotide_transformer
3728	-0.09512329	0.6818172	0.77694046	-0.1885328	0.8504882	1.0	False	liver	early	nucleotide_transformer
5099	-0.09497696	0.68090695	0.7758839	-0.18849614	0.85051686	1.0	False	liver	early	nucleotide_transformer
2357	-0.095085144	0.68188214	0.7769673	-0.1884438	0.85055786	1.0	False	liver	early	nucleotide_transformer
4787	-0.0950557	0.6816829	0.7767386	-0.18844087	0.8505602	1.0	False	liver	early	nucleotide_transformer
1320	-0.09477216	0.68094724	0.7757194	-0.1880983	0.8508287	1.0	False	liver	early	nucleotide_transformer
2654	-0.09488183	0.6817919	0.77667373	-0.1880841	0.8508398	1.0	False	liver	early	nucleotide_transformer
4804	-0.09468871	0.6809042	0.7755929	-0.18795186	0.85094345	1.0	False	liver	early	nucleotide_transformer
4026	-0.15834117	2.0436218	2.201963	-0.1842312	0.85386115	1.0	False	liver	early	nucleotide_transformer
1004	-0.1582644	2.0427117	2.2009761	-0.18422388	0.8538669	1.0	False	liver	early	nucleotide_transformer
4940	-0.15817237	2.042486	2.2006583	-0.18413918	0.8539334	1.0	False	liver	early	nucleotide_transformer
4887	-0.15831614	2.0446453	2.2029614	-0.18411252	0.85395426	1.0	False	liver	early	nucleotide_transformer
578	-0.158108	2.0427768	2.2008848	-0.18404096	0.8540104	1.0	False	liver	early	nucleotide_transformer
2143	-0.15814066	2.0435815	2.2017221	-0.18400781	0.8540364	1.0	False	liver	early	nucleotide_transformer
2351	-0.15802288	2.0441022	2.202125	-0.18382898	0.85417664	1.0	False	liver	early	nucleotide_transformer
4009	-0.15801382	2.0442953	2.2023091	-0.18380202	0.8541978	1.0	False	liver	early	nucleotide_transformer
4174	-0.15794444	2.043665	2.2016094	-0.18377826	0.8542164	1.0	False	liver	early	nucleotide_transformer
4560	-0.15787983	2.043199	2.201079	-0.18374595	0.8542418	1.0	False	liver	early	nucleotide_transformer
2660	-0.15788579	2.0435398	2.2014256	-0.18372285	0.8542599	1.0	False	liver	early	nucleotide_transformer
4154	-0.15782022	2.0435965	2.2014167	-0.18364364	0.854322	1.0	False	liver	early	nucleotide_transformer
2546	-0.15770912	2.043404	2.2011132	-0.18353477	0.8544074	1.0	False	liver	early	nucleotide_transformer
2001	-0.15780997	2.0448034	2.2026134	-0.18352681	0.85441375	1.0	False	liver	early	nucleotide_transformer
3841	-0.15753245	2.0434878	2.2010202	-0.18332724	0.8545702	1.0	False	liver	early	nucleotide_transformer
4758	-0.15749717	2.0437217	2.2012188	-0.18326707	0.8546174	1.0	False	liver	early	nucleotide_transformer
1691	-0.15738225	2.0434575	2.2008398	-0.18315992	0.85470146	1.0	False	liver	early	nucleotide_transformer
1251	0.16682959	2.4980085	2.331179	0.1804438	0.85683435	1.0	False	liver	early	nucleotide_transformer
3334	0.16664457	2.4978755	2.3312309	0.18024834	0.85698783	1.0	False	liver	early	nucleotide_transformer
3339	0.16662431	2.4978135	2.3311892	0.1802305	0.8570018	1.0	False	liver	early	nucleotide_transformer
4806	0.16555166	2.4978096	2.332258	0.17904237	0.8579344	1.0	False	liver	early	nucleotide_transformer
914	0.06654614	0.4544818	0.38793567	0.17003155	0.8650149	1.0	False	liver	early	nucleotide_transformer
4328	0.06649816	0.45427856	0.3877804	0.16998334	0.86505276	1.0	False	liver	early	nucleotide_transformer
977	0.06651598	0.4546407	0.3881247	0.16988744	0.86512816	1.0	False	liver	early	nucleotide_transformer
833	0.06638345	0.45395863	0.38757518	0.16979988	0.865197	1.0	False	liver	early	nucleotide_transformer
2276	0.06628704	0.4544366	0.38814956	0.16935025	0.8655506	1.0	False	liver	early	nucleotide_transformer
2379	0.066242695	0.45423138	0.3879887	0.1693113	0.8655812	1.0	False	liver	early	nucleotide_transformer
2097	0.066290766	0.45465118	0.3883604	0.16927594	0.865609	1.0	False	liver	early	nucleotide_transformer
4743	0.06613499	0.454331	0.38819602	0.16898172	0.8658403	1.0	False	liver	early	nucleotide_transformer
1263	0.06596613	0.45387506	0.38790894	0.16870522	0.86605775	1.0	False	liver	early	nucleotide_transformer
3816	0.06589967	0.45370105	0.38780138	0.16859545	0.8661441	1.0	False	liver	early	nucleotide_transformer
4785	0.06591216	0.4537968	0.38788465	0.16859014	0.86614835	1.0	False	liver	early	nucleotide_transformer
627	0.06592044	0.45389682	0.38797638	0.16857338	0.86616147	1.0	False	liver	early	nucleotide_transformer
2664	0.06591514	0.4539558	0.38804066	0.1685355	0.86619127	1.0	False	liver	early	nucleotide_transformer
176	0.0659419	0.45428354	0.38834164	0.16847938	0.86623544	1.0	False	liver	early	nucleotide_transformer
4090	0.06587744	0.45397338	0.38809595	0.16842672	0.8662768	1.0	False	liver	early	nucleotide_transformer
4579	0.065843076	0.4539405	0.38809744	0.16834736	0.86633927	1.0	False	liver	early	nucleotide_transformer
4656	0.065846294	0.45404646	0.38820016	0.16831416	0.8663653	1.0	False	liver	early	nucleotide_transformer
4848	0.06583887	0.45405176	0.3882129	0.16829208	0.86638266	1.0	False	liver	early	nucleotide_transformer
2466	0.06582913	0.45400494	0.38817582	0.16828455	0.8663886	1.0	False	liver	early	nucleotide_transformer
5058	0.065819204	0.45396245	0.38814324	0.16827437	0.8663966	1.0	False	liver	early	nucleotide_transformer
1714	0.13274777	1.8159494	1.6832017	0.16820815	0.8664477	1.0	False	liver	early	nucleotide_transformer
1143	0.06575397	0.45371056	0.3879566	0.16819687	0.8664575	1.0	False	liver	early	nucleotide_transformer
2789	0.065802336	0.45407063	0.3882683	0.16818662	0.8664656	1.0	False	liver	early	nucleotide_transformer
1190	0.13263142	1.815801	1.6831696	0.16807064	0.86655587	1.0	False	liver	early	nucleotide_transformer
3368	0.06569657	0.4537379	0.38804135	0.16803084	0.8665882	1.0	False	liver	early	nucleotide_transformer
1379	0.13259995	1.8162739	1.683674	0.16798495	0.8666232	1.0	False	liver	early	nucleotide_transformer
2034	0.13253808	1.8154514	1.6829133	0.16798218	0.86662537	1.0	False	liver	early	nucleotide_transformer
4182	0.06563315	0.4534514	0.38781825	0.16797155	0.8666348	1.0	False	liver	early	nucleotide_transformer
4702	0.06568268	0.4537973	0.38811463	0.16797021	0.86663574	1.0	False	liver	early	nucleotide_transformer
3322	0.13255227	1.8158059	1.6832536	0.1679672	0.8666371	1.0	False	liver	early	nucleotide_transformer
4770	0.06566441	0.45368576	0.38802135	0.16796482	0.8666401	1.0	False	liver	early	nucleotide_transformer
2053	0.06570852	0.4539951	0.3882866	0.1679626	0.8666418	1.0	False	liver	early	nucleotide_transformer
3703	0.065672904	0.45375025	0.38807735	0.16796216	0.8666422	1.0	False	liver	early	nucleotide_transformer
4719	0.1324848	1.8158867	1.683402	0.16787168	0.86671233	1.0	False	liver	early	nucleotide_transformer
1945	0.13244319	1.8154839	1.6830407	0.16785547	0.8667251	1.0	False	liver	early	nucleotide_transformer
132	0.13243663	1.815633	1.6831964	0.16783297	0.8667428	1.0	False	liver	early	nucleotide_transformer
522	0.06562993	0.453792	0.38816208	0.16782992	0.8667462	1.0	False	liver	early	nucleotide_transformer
4290	0.13246298	1.8160512	1.6835883	0.16782767	0.86674696	1.0	False	liver	early	nucleotide_transformer
3293	0.06560126	0.45362195	0.3880207	0.16781938	0.8667545	1.0	False	liver	early	nucleotide_transformer
3391	0.13242602	1.8159552	1.6835291	0.16778865	0.8667777	1.0	False	liver	early	nucleotide_transformer
606	0.065540254	0.45328188	0.38774163	0.16778827	0.86677897	1.0	False	liver	early	nucleotide_transformer
4166	0.13236797	1.8155861	1.6832181	0.16774803	0.8668096	1.0	False	liver	early	nucleotide_transformer
772	0.13238585	1.8158627	1.6834768	0.1677452	0.8668119	1.0	False	liver	early	nucleotide_transformer
1482	0.06557682	0.45365885	0.38808203	0.16773885	0.8668178	1.0	False	liver	early	nucleotide_transformer
15	0.0655154	0.4532737	0.3877583	0.167724	0.8668295	1.0	False	liver	early	nucleotide_transformer
4474	0.065515906	0.45329157	0.38777566	0.16771843	0.86683387	1.0	False	liver	early	nucleotide_transformer
700	0.06558412	0.45376673	0.3881826	0.16771668	0.8668353	1.0	False	liver	early	nucleotide_transformer
4546	0.13233054	1.8154514	1.6831208	0.16771205	0.8668379	1.0	False	liver	early	nucleotide_transformer
3710	0.13236237	1.8159219	1.6835595	0.1677092	0.8668402	1.0	False	liver	early	nucleotide_transformer
3751	0.065496445	0.45320246	0.387706	0.16770059	0.86684793	1.0	False	liver	early	nucleotide_transformer
1827	0.06552389	0.4533922	0.38786831	0.16769986	0.8668484	1.0	False	liver	early	nucleotide_transformer
4488	0.065496355	0.4532379	0.38774154	0.16768654	0.8668589	1.0	False	liver	early	nucleotide_transformer
1932	0.13233078	1.8160174	1.6836866	0.16765894	0.8668797	1.0	False	liver	early	nucleotide_transformer
1561	0.06557146	0.4538559	0.38828444	0.1676476	0.8668896	1.0	False	liver	early	nucleotide_transformer
4539	0.06554562	0.4537176	0.38817197	0.16763175	0.86690205	1.0	False	liver	early	nucleotide_transformer
3948	0.06551123	0.45355	0.38803878	0.16760409	0.8669238	1.0	False	liver	early	nucleotide_transformer
3618	0.06558046	0.45402998	0.38844952	0.16760367	0.8669241	1.0	False	liver	early	nucleotide_transformer
3337	0.13226092	1.8156939	1.6834329	0.16759855	0.8669272	1.0	False	liver	early	nucleotide_transformer
3805	0.13225245	1.8157005	1.6834481	0.16758676	0.86693645	1.0	False	liver	early	nucleotide_transformer
539	0.13224757	1.8156962	1.6834487	0.1675808	0.86694115	1.0	False	liver	early	nucleotide_transformer
2354	0.13221157	1.8153272	1.6831156	0.16756885	0.8669506	1.0	False	liver	early	nucleotide_transformer
444	0.0654493	0.45322266	0.38777336	0.16756532	0.86695427	1.0	False	liver	early	nucleotide_transformer
3437	0.13223517	1.8157434	1.6835083	0.16756035	0.8669572	1.0	False	liver	early	nucleotide_transformer
1625	0.13222551	1.8159394	1.6837139	0.16752952	0.86698145	1.0	False	liver	early	nucleotide_transformer
530	0.06553286	0.45389345	0.3883606	0.16752887	0.86698294	1.0	False	liver	early	nucleotide_transformer
1385	0.13223386	1.8161008	1.683867	0.16752501	0.866985	1.0	False	liver	early	nucleotide_transformer
4593	0.06553006	0.45398092	0.38845086	0.16748683	0.8670161	1.0	False	liver	early	nucleotide_transformer
2602	0.065508366	0.45383587	0.3883275	0.16748518	0.8670173	1.0	False	liver	early	nucleotide_transformer
3886	0.132141	1.8152809	1.6831399	0.16748136	0.86701936	1.0	False	liver	early	nucleotide_transformer
794	0.13218844	1.8159474	1.683759	0.16748025	0.86702025	1.0	False	liver	early	nucleotide_transformer
4658	0.065472364	0.45361266	0.3881403	0.16747488	0.86702543	1.0	False	liver	early	nucleotide_transformer
1702	0.065424114	0.45328173	0.38785762	0.16747369	0.8670264	1.0	False	liver	early	nucleotide_transformer
4442	0.06541094	0.4531942	0.38778326	0.16747278	0.86702704	1.0	False	liver	early	nucleotide_transformer
4842	0.065436095	0.45339108	0.38795498	0.16746347	0.8670344	1.0	False	liver	early	nucleotide_transformer
2724	0.13215864	1.8159045	1.6837459	0.16744553	0.86704755	1.0	False	liver	early	nucleotide_transformer
4029	0.06541625	0.45336357	0.38794732	0.1674206	0.8670681	1.0	False	liver	early	nucleotide_transformer
2194	0.13213873	1.8159755	1.6838368	0.16741297	0.8670731	1.0	False	liver	early	nucleotide_transformer
3307	0.13209558	1.8155268	1.6834313	0.16739903	0.86708415	1.0	False	liver	early	nucleotide_transformer
1836	0.06546706	0.4538068	0.38833973	0.16738506	0.867096	1.0	False	liver	early	nucleotide_transformer
3245	0.06545499	0.45372984	0.38827485	0.1673824	0.8670981	1.0	False	liver	early	nucleotide_transformer
2310	0.06539017	0.45330158	0.3879114	0.1673743	0.8671045	1.0	False	liver	early	nucleotide_transformer
2566	0.065396786	0.4533579	0.38796112	0.16736987	0.867108	1.0	False	liver	early	nucleotide_transformer
2083	0.065395266	0.45336884	0.38797358	0.1673616	0.8671145	1.0	False	liver	early	nucleotide_transformer
153	0.13212037	1.8162903	1.6841699	0.16735847	0.86711603	1.0	False	liver	early	nucleotide_transformer
4726	0.06538394	0.45333734	0.3879534	0.16734326	0.86712897	1.0	False	liver	early	nucleotide_transformer
4802	0.13209951	1.8162029	1.6841034	0.16733962	0.8671309	1.0	False	liver	early	nucleotide_transformer
1550	0.13207543	1.815916	1.6838405	0.16733618	0.86713356	1.0	False	liver	early	nucleotide_transformer
4106	0.06534156	0.45325157	0.38791	0.16726215	0.8671927	1.0	False	liver	early	nucleotide_transformer
1679	0.06535551	0.45338017	0.38802466	0.16724983	0.8672024	1.0	False	liver	early	nucleotide_transformer
1723	0.13200307	1.8158919	1.6838888	0.16724426	0.86720586	1.0	False	liver	early	nucleotide_transformer
4530	0.13197613	1.8162535	1.6842774	0.16717437	0.8672608	1.0	False	liver	early	nucleotide_transformer
219	0.06530312	0.4532389	0.3879358	0.16716321	0.8672706	1.0	False	liver	early	nucleotide_transformer
2440	0.065294445	0.45328405	0.3879896	0.16712256	0.8673026	1.0	False	liver	early	nucleotide_transformer
3109	0.065323085	0.45361975	0.38829666	0.16706938	0.86734444	1.0	False	liver	early	nucleotide_transformer
2152	0.06529349	0.4534258	0.3881323	0.16706467	0.86734813	1.0	False	liver	early	nucleotide_transformer
611	0.0652712	0.45332947	0.38805827	0.16704173	0.86736614	1.0	False	liver	early	nucleotide_transformer
4356	0.06529242	0.4535362	0.3882438	0.16701904	0.867384	1.0	False	liver	early	nucleotide_transformer
1668	0.06522614	0.45323697	0.38801083	0.16695625	0.86743337	1.0	False	liver	early	nucleotide_transformer
375	0.06524408	0.45338768	0.3881436	0.16694604	0.8674414	1.0	False	liver	early	nucleotide_transformer
3795	0.065225065	0.45338342	0.38815835	0.16689637	0.86748046	1.0	False	liver	early	nucleotide_transformer
4958	0.065196306	0.4532232	0.3880269	0.16688105	0.8674925	1.0	False	liver	early	nucleotide_transformer
2658	0.065200716	0.45334652	0.3881458	0.16684495	0.8675209	1.0	False	liver	early	nucleotide_transformer
1093	0.06519511	0.45338964	0.38819453	0.16681309	0.867546	1.0	False	liver	early	nucleotide_transformer
1238	0.1316067	1.8161781	1.6845714	0.16670097	0.8676332	1.0	False	liver	early	nucleotide_transformer
4805	0.06518349	0.45363197	0.38844848	0.16668786	0.86764455	1.0	False	liver	early	nucleotide_transformer
4814	0.06506926	0.45330432	0.38823506	0.16650662	0.86778706	1.0	False	liver	early	nucleotide_transformer
2679	0.101181746	1.1364423	1.0352606	0.16209394	0.8712593	1.0	False	liver	early	nucleotide_transformer
4599	0.10013783	1.1360598	1.0359219	0.1604221	0.87257564	1.0	False	liver	early	nucleotide_transformer
1371	0.09986234	1.1348066	1.0349443	0.16014807	0.8727914	1.0	False	liver	early	nucleotide_transformer
2824	0.099713564	1.1354799	1.0357664	0.15980422	0.87306213	1.0	False	liver	early	nucleotide_transformer
2703	0.09966099	1.135739	1.036078	0.15967982	0.8731601	1.0	False	liver	early	nucleotide_transformer
4325	0.09956002	1.1356429	1.0360829	0.15952665	0.8732808	1.0	False	liver	early	nucleotide_transformer
3229	0.099363685	1.1344892	1.0351255	0.15936853	0.8734054	1.0	False	liver	early	nucleotide_transformer
2187	0.09947789	1.1358504	1.0363725	0.15936045	0.8734118	1.0	False	liver	early	nucleotide_transformer
2646	0.09933591	1.1348742	1.0355383	0.1592666	0.8734857	1.0	False	liver	early	nucleotide_transformer
206	0.09933424	1.1351849	1.0358506	0.159219	0.87352324	1.0	False	liver	early	nucleotide_transformer
5034	0.099235415	1.1346117	1.0353763	0.15913814	0.87358683	1.0	False	liver	early	nucleotide_transformer
4872	0.0993253	1.1357334	1.0364081	0.15912518	0.873597	1.0	False	liver	early	nucleotide_transformer
1524	0.099149704	1.1341436	1.0349939	0.1590639	0.87364537	1.0	False	liver	early	nucleotide_transformer
2055	0.09907341	1.1346354	1.035562	0.15886642	0.8738008	1.0	False	liver	early	nucleotide_transformer
3481	0.09904313	1.1346358	1.0355927	0.15881616	0.87384045	1.0	False	liver	early	nucleotide_transformer
462	0.09899247	1.1343535	1.035361	0.15877332	0.8738742	1.0	False	liver	early	nucleotide_transformer
3018	0.09900153	1.1345786	1.035577	0.15875551	0.87388825	1.0	False	liver	early	nucleotide_transformer
2693	0.099004626	1.1347533	1.0357487	0.15873553	0.87390393	1.0	False	liver	early	nucleotide_transformer
2421	0.098992586	1.1347358	1.0357432	0.1587181	0.87391764	1.0	False	liver	early	nucleotide_transformer
3456	0.098951936	1.13437	1.035418	0.15870382	0.8739289	1.0	False	liver	early	nucleotide_transformer
4338	0.098983765	1.1348188	1.035835	0.15869157	0.87393856	1.0	False	liver	early	nucleotide_transformer
201	0.098955035	1.134511	1.035556	0.15868844	0.87394106	1.0	False	liver	early	nucleotide_transformer
2858	0.09894335	1.1344321	1.0354887	0.15868063	0.87394726	1.0	False	liver	early	nucleotide_transformer
1476	0.09895575	1.1346862	1.0357305	0.15866429	0.8739601	1.0	False	liver	early	nucleotide_transformer
223	0.098965645	1.13481	1.0358443	0.1586629	0.8739612	1.0	False	liver	early	nucleotide_transformer
1449	0.09897196	1.1348932	1.0359212	0.15866134	0.87396246	1.0	False	liver	early	nucleotide_transformer
3312	0.0989393	1.1345984	1.0356591	0.15864952	0.87397176	1.0	False	liver	early	nucleotide_transformer
1432	0.09893417	1.1346829	1.0357487	0.15862904	0.87398785	1.0	False	liver	early	nucleotide_transformer
275	0.0989511	1.1349467	1.0359956	0.15861912	0.87399566	1.0	False	liver	early	nucleotide_transformer
3986	0.09892368	1.134651	1.0357273	0.15861635	0.87399787	1.0	False	liver	early	nucleotide_transformer
2978	0.098935485	1.1348779	1.0359424	0.15860318	0.87400824	1.0	False	liver	early	nucleotide_transformer
4060	0.09892571	1.1347656	1.0358399	0.15860312	0.8740083	1.0	False	liver	early	nucleotide_transformer
3319	0.09891045	1.1345919	1.0356815	0.15860294	0.8740084	1.0	False	liver	early	nucleotide_transformer
2204	0.09884429	1.1341192	1.0352749	0.1585616	0.87404096	1.0	False	liver	early	nucleotide_transformer
1312	0.09887731	1.1346197	1.0357424	0.15854394	0.87405485	1.0	False	liver	early	nucleotide_transformer
2104	0.09882307	1.1340688	1.0352458	0.15853369	0.87406296	1.0	False	liver	early	nucleotide_transformer
3939	0.09889054	1.1348516	1.035961	0.15853259	0.87406385	1.0	False	liver	early	nucleotide_transformer
1203	0.0988642	1.1347717	1.0359075	0.15850051	0.8740891	1.0	False	liver	early	nucleotide_transformer
3885	0.09886193	1.1347451	1.0358832	0.1585005	0.8740891	1.0	False	liver	early	nucleotide_transformer
3883	0.09885442	1.1347497	1.0358952	0.1584874	0.87409943	1.0	False	liver	early	nucleotide_transformer
2467	0.09886432	1.1349726	1.0361083	0.15847176	0.8741117	1.0	False	liver	early	nucleotide_transformer
4772	0.098784566	1.1347207	1.0359361	0.15837592	0.8741873	1.0	False	liver	early	nucleotide_transformer
371	0.0987097	1.1340655	1.0353558	0.15834637	0.87421054	1.0	False	liver	early	nucleotide_transformer
1632	0.09870267	1.134287	1.0355843	0.15830289	0.8742448	1.0	False	liver	early	nucleotide_transformer
4381	0.09868264	1.134597	1.0359143	0.15822504	0.87430614	1.0	False	liver	early	nucleotide_transformer
546	0.09865689	1.1344808	1.035824	0.15819903	0.8743266	1.0	False	liver	early	nucleotide_transformer
3070	0.09857488	1.1336024	1.0350275	0.15819022	0.8743335	1.0	False	liver	early	nucleotide_transformer
2188	0.09868157	1.1349593	1.0362778	0.15817119	0.8743486	1.0	False	liver	early	nucleotide_transformer
3930	0.098609805	1.1346941	1.0360843	0.15809035	0.87441224	1.0	False	liver	early	nucleotide_transformer
451	0.09854317	1.1342231	1.0356799	0.15804784	0.8744457	1.0	False	liver	early	nucleotide_transformer
1908	0.09852588	1.1340989	1.035573	0.15803695	0.87445426	1.0	False	liver	early	nucleotide_transformer
2030	0.09849751	1.1339867	1.0354892	0.15800627	0.87447846	1.0	False	liver	early	nucleotide_transformer
2415	0.0985353	1.1345891	1.0360538	0.1579821	0.8744975	1.0	False	liver	early	nucleotide_transformer
3553	0.09854865	1.1347567	1.036208	0.15798031	0.8744989	1.0	False	liver	early	nucleotide_transformer
3865	0.098510146	1.1344092	1.035899	0.15796663	0.8745097	1.0	False	liver	early	nucleotide_transformer
1761	0.0984813	1.1345843	1.036103	0.15789361	0.87456715	1.0	False	liver	early	nucleotide_transformer
963	0.09844971	1.1344413	1.0359915	0.15786192	0.8745922	1.0	False	liver	early	nucleotide_transformer
4241	0.098455906	1.1345481	1.0360922	0.15785666	0.8745963	1.0	False	liver	early	nucleotide_transformer
2377	0.098446965	1.1346439	1.036197	0.15782812	0.87461877	1.0	False	liver	early	nucleotide_transformer
1335	0.098410726	1.134373	1.0359622	0.15780723	0.8746352	1.0	False	liver	early	nucleotide_transformer
4731	0.09841204	1.1345458	1.0361338	0.15778442	0.8746532	1.0	False	liver	early	nucleotide_transformer
3173	0.09834981	1.1340016	1.0356518	0.1577596	0.8746727	1.0	False	liver	early	nucleotide_transformer
2058	0.09837532	1.1344526	1.0360773	0.15773709	0.8746905	1.0	False	liver	early	nucleotide_transformer
807	0.098338366	1.1340289	1.0356905	0.1577366	0.8746909	1.0	False	liver	early	nucleotide_transformer
4409	0.09835851	1.13429	1.0359315	0.15773255	0.8746941	1.0	False	liver	early	nucleotide_transformer
5093	0.09833503	1.1342653	1.0359303	0.15769722	0.87472194	1.0	False	liver	early	nucleotide_transformer
2921	0.09829724	1.1341795	1.0358822	0.15764691	0.8747616	1.0	False	liver	early	nucleotide_transformer
394	0.09821522	1.133631	1.0354158	0.15759036	0.8748061	1.0	False	liver	early	nucleotide_transformer
3148	0.098222256	1.1340603	1.035838	0.15753987	0.8748459	1.0	False	liver	early	nucleotide_transformer
71	0.09821749	1.1341622	1.0359447	0.15751734	0.8748637	1.0	False	liver	early	nucleotide_transformer
4595	0.09819031	1.13458	1.0363897	0.15741244	0.87494636	1.0	False	liver	early	nucleotide_transformer
64	0.098121524	1.1342754	1.0361539	0.15734242	0.87500143	1.0	False	liver	early	nucleotide_transformer
591	0.097962976	1.1336564	1.0356934	0.15716812	0.8751388	1.0	False	liver	early	nucleotide_transformer
1834	-0.1268543	1.8163228	1.9431771	-0.15663199	0.8755596	1.0	False	liver	early	nucleotide_transformer
4340	-0.12680721	1.8163242	1.9431314	-0.15657519	0.8756044	1.0	False	liver	early	nucleotide_transformer
1422	-0.06432375	0.45339885	0.5177226	-0.15626971	0.8758444	1.0	False	liver	early	nucleotide_transformer
4797	-0.06426585	0.45322758	0.5174934	-0.15619159	0.87590593	1.0	False	liver	early	nucleotide_transformer
2395	-0.12637484	1.8165593	1.9429342	-0.15603462	0.87603027	1.0	False	liver	early	nucleotide_transformer
1657	-0.064217985	0.45341814	0.5176361	-0.15601905	0.87604195	1.0	False	liver	early	nucleotide_transformer
831	-0.12631965	1.8162142	1.9425339	-0.15599704	0.87605995	1.0	False	liver	early	nucleotide_transformer
3096	-0.06418067	0.4532513	0.517432	-0.15598735	0.8760669	1.0	False	liver	early	nucleotide_transformer
4306	-0.06416315	0.45323104	0.5173942	-0.15595347	0.8760936	1.0	False	liver	early	nucleotide_transformer
241	-0.06418264	0.45344853	0.5176312	-0.15592726	0.87611425	1.0	False	liver	early	nucleotide_transformer
4668	-0.064154744	0.4532538	0.51740855	-0.15592636	0.87611496	1.0	False	liver	early	nucleotide_transformer
295	-0.1262368	1.8160664	1.9423032	-0.15591034	0.87612826	1.0	False	liver	early	nucleotide_transformer
4367	-0.06416118	0.45337135	0.5175325	-0.15590285	0.87613344	1.0	False	liver	early	nucleotide_transformer
4155	-0.12619865	1.8157891	1.9419878	-0.15588738	0.8761464	1.0	False	liver	early	nucleotide_transformer
4254	-0.06412816	0.45336944	0.5174976	-0.15582733	0.87619305	1.0	False	liver	early	nucleotide_transformer
4413	-0.12623823	1.8171539	1.9433922	-0.15582033	0.87619925	1.0	False	liver	early	nucleotide_transformer
789	-0.12620568	1.8167214	1.9429271	-0.15581748	0.87620145	1.0	False	liver	early	nucleotide_transformer
3457	-0.12608325	1.8156395	1.9417228	-0.15576084	0.8762461	1.0	False	liver	early	nucleotide_transformer
163	-0.12614322	1.816722	1.9428653	-0.1557422	0.8762608	1.0	False	liver	early	nucleotide_transformer
1685	-0.06407753	0.45329115	0.5173687	-0.15573564	0.8762653	1.0	False	liver	early	nucleotide_transformer
2092	-0.06410676	0.45358318	0.51768994	-0.15570816	0.876287	1.0	False	liver	early	nucleotide_transformer
1843	-0.12609458	1.816444	1.9425386	-0.15570664	0.87628883	1.0	False	liver	early	nucleotide_transformer
1120	-0.06412834	0.4537484	0.51787674	-0.15570422	0.8762901	1.0	False	liver	early	nucleotide_transformer
1489	-0.06410387	0.45362267	0.51772654	-0.15568867	0.87630236	1.0	False	liver	early	nucleotide_transformer
4088	-0.12606704	1.8166085	1.9426756	-0.15565975	0.87632585	1.0	False	liver	early	nucleotide_transformer
3192	-0.06406635	0.45346886	0.5175352	-0.1556522	0.87633115	1.0	False	liver	early	nucleotide_transformer
4562	-0.06411901	0.453849	0.517968	-0.15564989	0.8763329	1.0	False	liver	early	nucleotide_transformer
4708	-0.1260513	1.8165818	1.9426332	-0.15564309	0.87633896	1.0	False	liver	early	nucleotide_transformer
2937	-0.06407371	0.45358184	0.51765555	-0.15563208	0.876347	1.0	False	liver	early	nucleotide_transformer
5052	-0.12600458	1.816095	1.9420996	-0.15562823	0.8763507	1.0	False	liver	early	nucleotide_transformer
481	-0.12603986	1.8168523	1.9428922	-0.15560652	0.87636775	1.0	False	liver	early	nucleotide_transformer
160	-0.12603796	1.8170152	1.9430531	-0.15559067	0.8763802	1.0	False	liver	early	nucleotide_transformer
3731	-0.064052135	0.45356724	0.5176194	-0.15558717	0.87638235	1.0	False	liver	early	nucleotide_transformer
364	-0.12596822	1.8163874	1.9423556	-0.15556006	0.87640435	1.0	False	liver	early	nucleotide_transformer
3232	-0.12594318	1.8163321	1.9422753	-0.15553446	0.87642455	1.0	False	liver	early	nucleotide_transformer
1861	-0.12594163	1.8163128	1.9422544	-0.15553407	0.87642485	1.0	False	liver	early	nucleotide_transformer
4127	-0.06399602	0.4534039	0.5173999	-0.15551057	0.8764427	1.0	False	liver	early	nucleotide_transformer
1661	-0.063993335	0.45339257	0.5173859	-0.15550828	0.8764445	1.0	False	liver	early	nucleotide_transformer
2528	-0.12593031	1.8167092	1.9426395	-0.15548676	0.87646216	1.0	False	liver	early	nucleotide_transformer
3333	-0.12589514	1.8164618	1.942357	-0.15546574	0.8764787	1.0	False	liver	early	nucleotide_transformer
1889	-0.12588036	1.8162948	1.9421751	-0.15546162	0.87648195	1.0	False	liver	early	nucleotide_transformer
119	-0.06397894	0.45350817	0.5174871	-0.15543725	0.8765005	1.0	False	liver	early	nucleotide_transformer
2885	-0.12586558	1.8163807	1.9422463	-0.15543674	0.8765016	1.0	False	liver	early	nucleotide_transformer
182	-0.0639905	0.45365742	0.5176479	-0.15541546	0.8765177	1.0	False	liver	early	nucleotide_transformer
2666	-0.12583601	1.8164977	1.9423337	-0.15539163	0.8765371	1.0	False	liver	early	nucleotide_transformer
1619	-0.12583208	1.8164718	1.9423039	-0.15538889	0.8765393	1.0	False	liver	early	nucleotide_transformer
335	-0.06393981	0.45343435	0.51737416	-0.1553707	0.87655294	1.0	False	liver	early	nucleotide_transformer
230	-0.063927144	0.45340905	0.5173362	-0.1553499	0.8765694	1.0	False	liver	early	nucleotide_transformer
3900	-0.06393269	0.45350388	0.51743656	-0.15533179	0.87658364	1.0	False	liver	early	nucleotide_transformer
1049	-0.12576914	1.8163154	1.9420846	-0.155326	0.8765889	1.0	False	liver	early	nucleotide_transformer
922	-0.12578356	1.8173718	1.9431554	-0.15525457	0.8766451	1.0	False	liver	early	nucleotide_transformer
4596	-0.063875586	0.45335874	0.5172343	-0.15524743	0.8766501	1.0	False	liver	early	nucleotide_transformer
2539	-0.063874274	0.45344386	0.5173181	-0.1552161	0.8766748	1.0	False	liver	early	nucleotide_transformer
3621	-0.06389734	0.45368788	0.5175852	-0.15519018	0.8766952	1.0	False	liver	early	nucleotide_transformer
203	-0.12565887	1.8165473	1.9422061	-0.15517399	0.8767086	1.0	False	liver	early	nucleotide_transformer
334	-0.06389877	0.45375398	0.51765275	-0.15517196	0.8767096	1.0	False	liver	early	nucleotide_transformer
567	-0.12567127	1.8172249	1.9428961	-0.15513168	0.87674195	1.0	False	liver	early	nucleotide_transformer
520	-0.12567317	1.8172667	1.9429399	-0.15513049	0.8767429	1.0	False	liver	early	nucleotide_transformer
4486	-0.1256442	1.8170793	1.9427235	-0.15511107	0.8767582	1.0	False	liver	early	nucleotide_transformer
1801	-0.06385288	0.45366076	0.51751363	-0.15509617	0.8767693	1.0	False	liver	early	nucleotide_transformer
4830	-0.12554276	1.8162172	1.94176	-0.15506138	0.8767974	1.0	False	liver	early	nucleotide_transformer
1275	-0.06380895	0.45359316	0.5174021	-0.15501657	0.876832	1.0	False	liver	early	nucleotide_transformer
4160	-0.06383523	0.45381007	0.5176453	-0.155007	0.8768396	1.0	False	liver	early	nucleotide_transformer
1797	-0.12549925	1.8162756	1.9417748	-0.15500401	0.8768426	1.0	False	liver	early	nucleotide_transformer
1781	-0.06377214	0.45358133	0.5173535	-0.15493539	0.876896	1.0	False	liver	early	nucleotide_transformer
145	-0.06378269	0.45391387	0.51769656	-0.154852	0.87696177	1.0	False	liver	early	nucleotide_transformer
401	-0.06370154	0.45337954	0.5170811	-0.15483823	0.8769726	1.0	False	liver	early	nucleotide_transformer
1435	-0.06369969	0.45369515	0.51739484	-0.154731	0.87705714	1.0	False	liver	early	nucleotide_transformer
417	-0.06368321	0.45376843	0.51745164	-0.15466928	0.87710583	1.0	False	liver	early	nucleotide_transformer
3671	-0.06368998	0.45391998	0.51760995	-0.15463574	0.87713224	1.0	False	liver	early	nucleotide_transformer
970	-0.06365126	0.45367575	0.517327	-0.15462545	0.8771404	1.0	False	liver	early	nucleotide_transformer
6	-0.12517369	1.8170247	1.9421984	-0.1545496	0.87720084	1.0	False	liver	early	nucleotide_transformer
2452	-0.06363571	0.45391482	0.5175505	-0.154512	0.87722987	1.0	False	liver	early	nucleotide_transformer
2116	-0.06364468	0.4539818	0.51762646	-0.15451069	0.8772308	1.0	False	liver	early	nucleotide_transformer
2725	-0.063602895	0.45376495	0.51736784	-0.15448475	0.8772513	1.0	False	liver	early	nucleotide_transformer
4021	-0.063610405	0.4539118	0.5175222	-0.1544545	0.8772751	1.0	False	liver	early	nucleotide_transformer
4156	-0.12501991	1.8173628	1.9423827	-0.15433632	0.8773689	1.0	False	liver	early	nucleotide_transformer
4319	-0.06351066	0.4536882	0.51719886	-0.15429688	0.8773994	1.0	False	liver	early	nucleotide_transformer
1670	-0.06353372	0.45388836	0.5174221	-0.15428461	0.87740904	1.0	False	liver	early	nucleotide_transformer
2636	-0.0635488	0.4541974	0.5177462	-0.15421964	0.87746024	1.0	False	liver	early	nucleotide_transformer
3117	-0.063501745	0.45436546	0.5178672	-0.15405685	0.87758857	1.0	False	liver	early	nucleotide_transformer
1003	-0.06335348	0.45365375	0.51700723	-0.15394445	0.87767714	1.0	False	liver	early	nucleotide_transformer
2136	-0.06340876	0.45407197	0.51748073	-0.15393667	0.8776833	1.0	False	liver	early	nucleotide_transformer
1010	-0.06338808	0.45408043	0.5174685	-0.15388587	0.87772334	1.0	False	liver	early	nucleotide_transformer
3304	-0.06332612	0.4538567	0.5171828	-0.15381579	0.87777865	1.0	False	liver	early	nucleotide_transformer
3625	-0.06337306	0.45425436	0.5176274	-0.15379503	0.87779504	1.0	False	liver	early	nucleotide_transformer
2614	-0.06328046	0.4537074	0.51698786	-0.15375827	0.87782395	1.0	False	liver	early	nucleotide_transformer
5046	-0.0633201	0.45407504	0.51739514	-0.15373053	0.8778459	1.0	False	liver	early	nucleotide_transformer
5090	-0.06327468	0.45380235	0.517077	-0.15371433	0.8778586	1.0	False	liver	early	nucleotide_transformer
1926	-0.06325433	0.45372036	0.5169747	-0.15369366	0.8778749	1.0	False	liver	early	nucleotide_transformer
4351	-0.063310534	0.45436266	0.5176732	-0.15361606	0.8779361	1.0	False	liver	early	nucleotide_transformer
2044	-0.063218	0.45396632	0.5171843	-0.1535303	0.8780037	1.0	False	liver	early	nucleotide_transformer
763	-0.06310144	0.45445594	0.5175574	-0.1531028	0.8783408	1.0	False	liver	early	nucleotide_transformer
1983	-0.06304866	0.4547072	0.51775587	-0.15290059	0.87850016	1.0	False	liver	early	nucleotide_transformer
3220	-0.06301057	0.4544341	0.5174447	-0.15289989	0.87850076	1.0	False	liver	early	nucleotide_transformer
4062	-0.062854856	0.45427844	0.5171333	-0.15259065	0.87874454	1.0	False	liver	early	nucleotide_transformer
4715	-0.06276283	0.454578	0.51734084	-0.1522816	0.8789883	1.0	False	liver	early	nucleotide_transformer
3185	-0.094809294	1.5895795	1.6843888	-0.12523898	0.9003541	1.0	False	liver	early	nucleotide_transformer
1902	-0.09472728	1.589506	1.6842333	-0.12513857	0.9004336	1.0	False	liver	early	nucleotide_transformer
3525	-0.094560385	1.5884658	1.6830262	-0.12500335	0.9005406	1.0	False	liver	early	nucleotide_transformer
3419	-0.094587564	1.5893761	1.6839637	-0.12496868	0.900568	1.0	False	liver	early	nucleotide_transformer
3803	-0.094575286	1.5893956	1.6839709	-0.124951296	0.90058184	1.0	False	liver	early	nucleotide_transformer
4738	-0.09455943	1.5893084	1.6838678	-0.124937624	0.9005926	1.0	False	liver	early	nucleotide_transformer
3172	-0.0944736	1.5888824	1.683356	-0.124859005	0.90065485	1.0	False	liver	early	nucleotide_transformer
2124	-0.094466925	1.5892838	1.6837507	-0.124819666	0.900686	1.0	False	liver	early	nucleotide_transformer
2139	-0.09446144	1.5892346	1.683696	-0.124816455	0.9006886	1.0	False	liver	early	nucleotide_transformer
2519	-0.09442377	1.5887841	1.6832079	-0.124802105	0.9006999	1.0	False	liver	early	nucleotide_transformer
2425	-0.09444785	1.5893167	1.6837646	-0.1247926	0.9007074	1.0	False	liver	early	nucleotide_transformer
453	-0.094435215	1.5891665	1.6836017	-0.12478762	0.9007114	1.0	False	liver	early	nucleotide_transformer
93	-0.094404936	1.5890194	1.6834244	-0.12475978	0.9007334	1.0	False	liver	early	nucleotide_transformer
2201	-0.09439981	1.589093	1.6834928	-0.12474751	0.90074307	1.0	False	liver	early	nucleotide_transformer
3822	-0.09435439	1.5885476	1.682902	-0.12473049	0.9007566	1.0	False	liver	early	nucleotide_transformer
3794	-0.09434128	1.5890317	1.683373	-0.12467652	0.9007993	1.0	False	liver	early	nucleotide_transformer
3074	-0.09436023	1.5894647	1.6838249	-0.12466785	0.9008061	1.0	False	liver	early	nucleotide_transformer
1009	-0.09430921	1.5886574	1.6829666	-0.124663696	0.90080947	1.0	False	liver	early	nucleotide_transformer
4056	-0.094329596	1.589246	1.6835756	-0.124644965	0.90082425	1.0	False	liver	early	nucleotide_transformer
3208	-0.09430373	1.5888457	1.6831495	-0.12464198	0.9008266	1.0	False	liver	early	nucleotide_transformer
1722	-0.09430146	1.5890373	1.6833388	-0.124624535	0.90084046	1.0	False	liver	early	nucleotide_transformer
4892	-0.09430361	1.5890995	1.6834031	-0.124622494	0.900842	1.0	False	liver	early	nucleotide_transformer
4272	-0.09426141	1.5888959	1.6831573	-0.1245835	0.90087295	1.0	False	liver	early	nucleotide_transformer
4951	-0.09426308	1.5891457	1.6834087	-0.12456672	0.90088624	1.0	False	liver	early	nucleotide_transformer
2656	-0.09423196	1.588787	1.6830189	-0.1245539	0.9008963	1.0	False	liver	early	nucleotide_transformer
1652	-0.09421444	1.5886713	1.6828858	-0.124539986	0.9009074	1.0	False	liver	early	nucleotide_transformer
4220	-0.09423053	1.5889659	1.6831964	-0.124538235	0.90090877	1.0	False	liver	early	nucleotide_transformer
775	-0.094237685	1.5895075	1.6837451	-0.124506064	0.90093416	1.0	False	liver	early	nucleotide_transformer
1985	-0.094191074	1.5888462	1.6830373	-0.12449628	0.9009419	1.0	False	liver	early	nucleotide_transformer
2953	-0.09420431	1.5891399	1.6833442	-0.12449114	0.900946	1.0	False	liver	early	nucleotide_transformer
2855	-0.09419036	1.5892678	1.6834582	-0.1244633	0.9009681	1.0	False	liver	early	nucleotide_transformer
3010	-0.0942049	1.5895816	1.6837865	-0.12445809	0.9009722	1.0	False	liver	early	nucleotide_transformer
5119	-0.09417415	1.5892609	1.6834351	-0.124442756	0.90098435	1.0	False	liver	early	nucleotide_transformer
4326	-0.09416735	1.5893046	1.6834719	-0.12443051	0.90099406	1.0	False	liver	early	nucleotide_transformer
4153	-0.09410715	1.588558	1.6826651	-0.12440984	0.9010104	1.0	False	liver	early	nucleotide_transformer
4043	-0.09409976	1.5887204	1.6828202	-0.12438792	0.90102774	1.0	False	liver	early	nucleotide_transformer
427	-0.094117165	1.5890943	1.6832114	-0.124381796	0.9010326	1.0	False	liver	early	nucleotide_transformer
2620	-0.09403074	1.5881975	1.6822282	-0.124338426	0.90106696	1.0	False	liver	early	nucleotide_transformer
1872	-0.09414923	1.5902303	1.6843796	-0.12433529	0.9010694	1.0	False	liver	early	nucleotide_transformer
699	-0.094065785	1.5888865	1.6829523	-0.12433113	0.9010727	1.0	False	liver	early	nucleotide_transformer
2645	-0.094132185	1.590065	1.6841972	-0.124325894	0.90107685	1.0	False	liver	early	nucleotide_transformer
3701	-0.09410167	1.5895841	1.6836858	-0.12432428	0.90107816	1.0	False	liver	early	nucleotide_transformer
2814	-0.09405935	1.5889812	1.6830405	-0.12431542	0.90108514	1.0	False	liver	early	nucleotide_transformer
2889	-0.09413433	1.5904071	1.6845415	-0.12430247	0.90109533	1.0	False	liver	early	nucleotide_transformer
3650	-0.09402573	1.5892183	1.683244	-0.12425399	0.9011337	1.0	False	liver	early	nucleotide_transformer
1909	-0.09404504	1.5895813	1.6836263	-0.12425125	0.9011359	1.0	False	liver	early	nucleotide_transformer
152	-0.094032764	1.589463	1.6834958	-0.124244325	0.90114135	1.0	False	liver	early	nucleotide_transformer
4932	-0.094026566	1.5893627	1.6833893	-0.124244034	0.9011416	1.0	False	liver	early	nucleotide_transformer
1591	-0.09399724	1.5894158	1.683413	-0.12420207	0.90117484	1.0	False	liver	early	nucleotide_transformer
609	-0.09395218	1.5892204	1.6831726	-0.12415868	0.9012092	1.0	False	liver	early	nucleotide_transformer
1465	-0.093851924	1.5884122	1.6822641	-0.12409057	0.90126306	1.0	False	liver	early	nucleotide_transformer
4572	-0.09391439	1.5894883	1.6834027	-0.124089204	0.90126413	1.0	False	liver	early	nucleotide_transformer
3103	-0.093859315	1.5887542	1.6826135	-0.124074236	0.90127605	1.0	False	liver	early	nucleotide_transformer
4396	-0.09382534	1.5884455	1.6822709	-0.1240536	0.90129244	1.0	False	liver	early	nucleotide_transformer
1914	-0.09375405	1.5894872	1.6832412	-0.12388179	0.9014284	1.0	False	liver	early	nucleotide_transformer
1826	-0.09375334	1.5895662	1.6833196	-0.12387498	0.90143377	1.0	False	liver	early	nucleotide_transformer
4400	-0.09374249	1.5895818	1.6833243	-0.12385995	0.9014457	1.0	False	liver	early	nucleotide_transformer
2586	-0.093500376	1.5898429	1.6833433	-0.12352653	0.9017097	1.0	False	liver	early	nucleotide_transformer
4767	-0.0934484	1.590508	1.6839564	-0.12340866	0.90180296	1.0	False	liver	early	nucleotide_transformer
4605	-0.093434334	1.5905322	1.6839665	-0.123388626	0.9018189	1.0	False	liver	early	nucleotide_transformer
2158	-0.09339666	1.5902133	1.68361	-0.12336406	0.90183824	1.0	False	liver	early	nucleotide_transformer
3271	-0.0934006	1.5903894	1.68379	-0.12335607	0.90184456	1.0	False	liver	early	nucleotide_transformer
3779	-0.09339118	1.5907679	1.684159	-0.123314336	0.9018777	1.0	False	liver	early	nucleotide_transformer
550	-0.09335661	1.5902848	1.6836414	-0.12330705	0.9018834	1.0	False	liver	early	nucleotide_transformer
3711	-0.09336066	1.5903852	1.6837459	-0.123304404	0.9018855	1.0	False	liver	early	nucleotide_transformer
829	-0.09337783	1.5907029	1.6840807	-0.123301946	0.9018875	1.0	False	liver	early	nucleotide_transformer
2633	-0.093321204	1.5903686	1.6836898	-0.1232548	0.9019248	1.0	False	liver	early	nucleotide_transformer
944	0.101289034	2.0440524	1.9427633	0.120523416	0.90408844	1.0	False	liver	early	nucleotide_transformer
1857	0.101207376	2.0438173	1.9426099	0.12043855	0.9041556	1.0	False	liver	early	nucleotide_transformer
355	0.10111487	2.0433075	1.9421927	0.12035754	0.9042198	1.0	False	liver	early	nucleotide_transformer
4336	0.10111022	2.043235	1.9421248	0.1203562	0.9042208	1.0	False	liver	early	nucleotide_transformer
955	0.101061106	2.043259	1.9421978	0.12029533	0.90426904	1.0	False	liver	early	nucleotide_transformer
1600	0.10104573	2.0433538	1.9423081	0.12027102	0.9042883	1.0	False	liver	early	nucleotide_transformer
3377	0.10106075	2.0437899	1.9427291	0.12026255	0.90429497	1.0	False	liver	early	nucleotide_transformer
969	0.10095751	2.0426857	1.9417282	0.1202039	0.90434146	1.0	False	liver	early	nucleotide_transformer
1500	0.10092723	2.0430603	1.9421331	0.12014477	0.9043883	1.0	False	liver	early	nucleotide_transformer
1059	0.10081339	2.0433092	1.9424958	0.119992204	0.90450907	1.0	False	liver	early	nucleotide_transformer
4855	0.10077298	2.0430775	1.9423045	0.11995699	0.904537	1.0	False	liver	early	nucleotide_transformer
3370	0.10071409	2.0438395	1.9431254	0.11983963	0.90462995	1.0	False	liver	early	nucleotide_transformer
1697	0.10064387	2.0434272	1.9427834	0.11977915	0.90467787	1.0	False	liver	early	nucleotide_transformer
4679	0.100600004	2.0429292	1.9423292	0.1197561	0.9046961	1.0	False	liver	early	nucleotide_transformer
3737	0.10059965	2.0433838	1.9427842	0.119728185	0.9047182	1.0	False	liver	early	nucleotide_transformer
813	0.1005317	2.0425637	1.942032	0.11969507	0.90474445	1.0	False	liver	early	nucleotide_transformer
887	0.10056186	2.0434713	1.9429095	0.11967726	0.9047585	1.0	False	liver	early	nucleotide_transformer
4369	0.10039604	2.04288	1.942484	0.119511925	0.90488946	1.0	False	liver	early	nucleotide_transformer
4327	0.10041916	2.0434039	1.9429847	0.11950834	0.9048923	1.0	False	liver	early	nucleotide_transformer
3066	0.1003809	2.0427284	1.9423475	0.119502515	0.9048969	1.0	False	liver	early	nucleotide_transformer
422	0.10031593	2.0432181	1.9429022	0.11939424	0.9049827	1.0	False	liver	early	nucleotide_transformer
1597	0.10025084	2.0433967	1.9431459	0.11930482	0.90505356	1.0	False	liver	early	nucleotide_transformer
4724	0.10007906	2.0427854	1.9427063	0.119132906	0.90518963	1.0	False	liver	early	nucleotide_transformer
14	0.10003221	2.0430682	1.943036	0.119059265	0.905248	1.0	False	liver	early	nucleotide_transformer
839	0.099906564	2.043113	1.9432064	0.11890448	0.9053706	1.0	False	liver	early	nucleotide_transformer
3053	-0.032391325	0.22659437	0.2589857	-0.1112002	0.91147447	1.0	False	liver	early	nucleotide_transformer
4192	-0.03224227	0.22661799	0.25886026	-0.1107024	0.9118692	1.0	False	liver	early	nucleotide_transformer
2493	-0.03224027	0.22667691	0.25891718	-0.11066841	0.91189617	1.0	False	liver	early	nucleotide_transformer
2428	-0.032163963	0.22672455	0.2588885	-0.11039753	0.91211104	1.0	False	liver	early	nucleotide_transformer
2500	-0.032162383	0.22673322	0.2588956	-0.110388204	0.9121184	1.0	False	liver	early	nucleotide_transformer
1035	-0.032140777	0.22663303	0.2587738	-0.11036415	0.91213745	1.0	False	liver	early	nucleotide_transformer
4086	-0.03212498	0.22666408	0.25878906	-0.110298194	0.9121898	1.0	False	liver	early	nucleotide_transformer
3165	-0.032117352	0.22670664	0.258824	-0.11025344	0.91222525	1.0	False	liver	early	nucleotide_transformer
2624	-0.0320936	0.22674002	0.25883362	-0.11016067	0.9122988	1.0	False	liver	early	nucleotide_transformer
1083	-0.032084644	0.22668046	0.2587651	-0.11015893	0.91230017	1.0	False	liver	early	nucleotide_transformer
4263	-0.032087207	0.226713	0.2588002	-0.11015223	0.91230553	1.0	False	liver	early	nucleotide_transformer
290	-0.032078505	0.22665974	0.25873825	-0.11014848	0.91230845	1.0	False	liver	early	nucleotide_transformer
4164	-0.0320998	0.22685201	0.2589518	-0.110129364	0.91232365	1.0	False	liver	early	nucleotide_transformer
2475	-0.032066092	0.22665595	0.25872204	-0.11010966	0.9123392	1.0	False	liver	early	nucleotide_transformer
2850	-0.032091036	0.2268431	0.25893414	-0.110104874	0.912343	1.0	False	liver	early	nucleotide_transformer
2314	-0.032060295	0.22670588	0.25876617	-0.11006768	0.9123725	1.0	False	liver	early	nucleotide_transformer
2026	-0.032050863	0.22671734	0.2587682	-0.110031426	0.91240126	1.0	False	liver	early	nucleotide_transformer
3516	-0.032029897	0.22673392	0.25876382	-0.10995546	0.9124615	1.0	False	liver	early	nucleotide_transformer
1333	-0.032005936	0.22660345	0.25860938	-0.10993737	0.9124758	1.0	False	liver	early	nucleotide_transformer
3146	-0.03199427	0.22658832	0.2585826	-0.10990607	0.9125007	1.0	False	liver	early	nucleotide_transformer
5111	-0.03203377	0.22686905	0.25890282	-0.109905936	0.9125008	1.0	False	liver	early	nucleotide_transformer
667	-0.0319843	0.22659388	0.25857818	-0.10987091	0.9125286	1.0	False	liver	early	nucleotide_transformer
277	-0.031982645	0.22660552	0.25858817	-0.10986016	0.9125371	1.0	False	liver	early	nucleotide_transformer
117	-0.03197588	0.22662379	0.25859967	-0.10982979	0.9125612	1.0	False	liver	early	nucleotide_transformer
4952	-0.03198275	0.22671935	0.2587021	-0.1098082	0.9125782	1.0	False	liver	early	nucleotide_transformer
177	-0.031980187	0.22672129	0.25870147	-0.10979894	0.9125856	1.0	False	liver	early	nucleotide_transformer
3453	-0.031968445	0.22669786	0.2586663	-0.10977136	0.9126075	1.0	False	liver	early	nucleotide_transformer
1038	-0.03195207	0.2265913	0.25854337	-0.10976679	0.9126111	1.0	False	liver	early	nucleotide_transformer
2448	-0.031969413	0.22671588	0.2586853	-0.10976623	0.9126116	1.0	False	liver	early	nucleotide_transformer
1420	-0.031957954	0.22666416	0.2586221	-0.10975259	0.9126224	1.0	False	liver	early	nucleotide_transformer
5079	-0.03194207	0.22660229	0.25854436	-0.10972906	0.91264105	1.0	False	liver	early	nucleotide_transformer
5065	-0.031953603	0.22689074	0.25884435	-0.10963421	0.91271627	1.0	False	liver	early	nucleotide_transformer
1639	-0.031934857	0.22681513	0.25875	-0.109607585	0.91273737	1.0	False	liver	early	nucleotide_transformer
4410	-0.031946033	0.22694057	0.2588866	-0.109586604	0.912754	1.0	False	liver	early	nucleotide_transformer
3688	-0.03190498	0.22665273	0.2585577	-0.10958472	0.9127555	1.0	False	liver	early	nucleotide_transformer
125	-0.03194751	0.2269559	0.2589034	-0.10958439	0.9127557	1.0	False	liver	early	nucleotide_transformer
1370	-0.031909138	0.22670981	0.25861895	-0.10957215	0.91276544	1.0	False	liver	early	nucleotide_transformer
850	-0.03193015	0.22689536	0.2588255	-0.10955536	0.9127788	1.0	False	liver	early	nucleotide_transformer
2796	-0.031890973	0.22666074	0.25855172	-0.10953526	0.9127947	1.0	False	liver	early	nucleotide_transformer
1298	-0.031899914	0.22686563	0.25876555	-0.1094703	0.91284627	1.0	False	liver	early	nucleotide_transformer
2323	-0.031900212	0.22687183	0.25877205	-0.10946842	0.91284776	1.0	False	liver	early	nucleotide_transformer
1291	-0.031898037	0.22686829	0.25876632	-0.10946312	0.9128519	1.0	False	liver	early	nucleotide_transformer
3277	-0.031893432	0.22684073	0.25873417	-0.109460704	0.91285384	1.0	False	liver	early	nucleotide_transformer
3769	-0.03188716	0.22679769	0.25868484	-0.10945982	0.91285455	1.0	False	liver	early	nucleotide_transformer
1328	-0.031850696	0.22661039	0.2584611	-0.10942675	0.9128807	1.0	False	liver	early	nucleotide_transformer
3649	-0.031893298	0.2270454	0.2589387	-0.10936629	0.91292864	1.0	False	liver	early	nucleotide_transformer
3571	-0.031845197	0.22670378	0.25854897	-0.10936581	0.91292906	1.0	False	liver	early	nucleotide_transformer
4438	-0.031885117	0.22699207	0.2588772	-0.10936402	0.9129305	1.0	False	liver	early	nucleotide_transformer
3616	-0.031817988	0.22666694	0.25848493	-0.10929382	0.91298616	1.0	False	liver	early	nucleotide_transformer
4288	-0.031787395	0.22658873	0.25837612	-0.10922975	0.913037	1.0	False	liver	early	nucleotide_transformer
3448	-0.031830594	0.22699572	0.25882632	-0.109184384	0.91307294	1.0	False	liver	early	nucleotide_transformer
1579	-0.031823754	0.22698563	0.2588094	-0.10916683	0.9130869	1.0	False	liver	early	nucleotide_transformer
832	-0.031777337	0.22665574	0.25843307	-0.109166026	0.9130875	1.0	False	liver	early	nucleotide_transformer
951	-0.03177394	0.22673912	0.25851306	-0.10911686	0.9131265	1.0	False	liver	early	nucleotide_transformer
1455	-0.031811118	0.22702688	0.258838	-0.10910655	0.9131347	1.0	False	liver	early	nucleotide_transformer
3359	-0.031746656	0.22660771	0.25835437	-0.109087706	0.9131496	1.0	False	liver	early	nucleotide_transformer
2216	-0.031808823	0.22706476	0.25887358	-0.10908177	0.9131543	1.0	False	liver	early	nucleotide_transformer
4833	-0.03178838	0.2269282	0.25871658	-0.10907744	0.91315776	1.0	False	liver	early	nucleotide_transformer
2962	-0.031738877	0.22659567	0.25833455	-0.109067775	0.91316545	1.0	False	liver	early	nucleotide_transformer
2456	-0.031812236	0.22712998	0.25894222	-0.109063104	0.9131691	1.0	False	liver	early	nucleotide_transformer
4191	-0.031758502	0.22676136	0.25851986	-0.109056234	0.91317457	1.0	False	liver	early	nucleotide_transformer
4372	-0.031795695	0.2270313	0.258827	-0.1090542	0.9131762	1.0	False	liver	early	nucleotide_transformer
3608	-0.031800196	0.22712998	0.25893018	-0.10902382	0.91320026	1.0	False	liver	early	nucleotide_transformer
3556	-0.031736746	0.22670187	0.25843862	-0.10901226	0.91320944	1.0	False	liver	early	nucleotide_transformer
965	-0.03172548	0.22666161	0.2583871	-0.10899379	0.9132241	1.0	False	liver	early	nucleotide_transformer
4786	-0.0317595	0.22694734	0.25870684	-0.10897455	0.9132393	1.0	False	liver	early	nucleotide_transformer
2837	-0.03171046	0.22663058	0.25834104	-0.10895887	0.91325176	1.0	False	liver	early	nucleotide_transformer
2779	-0.0317322	0.22685277	0.25858498	-0.10892852	0.9132759	1.0	False	liver	early	nucleotide_transformer
3692	-0.03169927	0.22669575	0.25839502	-0.10889251	0.9133044	1.0	False	liver	early	nucleotide_transformer
1633	-0.03167729	0.22670044	0.25837773	-0.10881851	0.9133631	1.0	False	liver	early	nucleotide_transformer
3682	-0.03168598	0.226785	0.25847098	-0.108808406	0.9133711	1.0	False	liver	early	nucleotide_transformer
733	-0.03171116	0.22697714	0.2586883	-0.108803116	0.9133753	1.0	False	liver	early	nucleotide_transformer
4003	-0.031715393	0.22722962	0.25894502	-0.10870168	0.9134557	1.0	False	liver	early	nucleotide_transformer
2975	-0.03168547	0.22714162	0.2588271	-0.1086441	0.9135014	1.0	False	liver	early	nucleotide_transformer
3832	-0.031677753	0.2272403	0.25891805	-0.10857402	0.913557	1.0	False	liver	early	nucleotide_transformer
323	-0.031612396	0.22678569	0.2583981	-0.10856747	0.9135622	1.0	False	liver	early	nucleotide_transformer
2587	-0.03160563	0.22674042	0.25834605	-0.10856597	0.9135634	1.0	False	liver	early	nucleotide_transformer
4177	-0.031607643	0.2270519	0.25865954	-0.10843078	0.91367054	1.0	False	liver	early	nucleotide_transformer
2134	-0.03158708	0.22691233	0.2584994	-0.10842705	0.9136735	1.0	False	liver	early	nucleotide_transformer
2585	-0.031520978	0.2268131	0.25833407	-0.10825613	0.91380906	1.0	False	liver	early	nucleotide_transformer
452	-0.031486437	0.22687416	0.2583606	-0.1081156	0.9139205	1.0	False	liver	early	nucleotide_transformer
3588	-0.031486794	0.22710766	0.25859445	-0.10801106	0.91400343	1.0	False	liver	early	nucleotide_transformer
279	-0.031440854	0.22721902	0.25865987	-0.10781044	0.9141625	1.0	False	liver	early	nucleotide_transformer
4502	-0.031421944	0.22708313	0.25850508	-0.10781028	0.9141627	1.0	False	liver	early	nucleotide_transformer
1374	-0.031364754	0.22696976	0.25833452	-0.10767442	0.9142704	1.0	False	liver	early	nucleotide_transformer
678	-0.03137879	0.22724532	0.2586241	-0.107595906	0.9143327	1.0	False	liver	early	nucleotide_transformer
3061	-0.03139481	0.22736487	0.25875968	-0.10759434	0.91433394	1.0	False	liver	early	nucleotide_transformer
875	-0.031375095	0.2274593	0.2588344	-0.107487485	0.9144187	1.0	False	liver	early	nucleotide_transformer
4852	-0.03117314	0.22725141	0.25842455	-0.10692146	0.9148676	1.0	False	liver	early	nucleotide_transformer
3044	-0.031070843	0.22763069	0.25870153	-0.10641764	0.9152673	1.0	False	liver	early	nucleotide_transformer
3853	-0.031061709	0.22761077	0.25867248	-0.10639668	0.91528386	1.0	False	liver	early	nucleotide_transformer
1671	0.06739342	1.3616489	1.2942555	0.0980433	0.92191404	1.0	False	liver	early	nucleotide_transformer
497	0.06739116	1.3624696	1.2950784	0.09797951	0.9219647	1.0	False	liver	early	nucleotide_transformer
2418	0.067335725	1.3619127	1.294577	0.0979383	0.92199737	1.0	False	liver	early	nucleotide_transformer
3725	0.06733155	1.3618499	1.2945184	0.09793704	0.9219984	1.0	False	liver	early	nucleotide_transformer
4744	0.06732535	1.3617706	1.2944453	0.09793362	0.9220011	1.0	False	liver	early	nucleotide_transformer
164	0.06725657	1.3620517	1.2947952	0.097811	0.92209846	1.0	False	liver	early	nucleotide_transformer
3655	0.067257404	1.3620964	1.294839	0.09780898	0.92210007	1.0	False	liver	early	nucleotide_transformer
3985	0.06727111	1.3623942	1.2951231	0.09780722	0.9221015	1.0	False	liver	early	nucleotide_transformer
1948	0.067230225	1.3616709	1.2944406	0.09779998	0.92210716	1.0	False	liver	early	nucleotide_transformer
4705	0.06712115	1.3611395	1.2940184	0.09767718	0.9222047	1.0	False	liver	early	nucleotide_transformer
4919	0.06713188	1.3614258	1.2942939	0.09767228	0.92220855	1.0	False	liver	early	nucleotide_transformer
1491	0.06711614	1.3613201	1.294204	0.097656645	0.922221	1.0	False	liver	early	nucleotide_transformer
1019	0.0670805	1.3612453	1.2941648	0.09760926	0.9222586	1.0	False	liver	early	nucleotide_transformer
214	0.06710708	1.3621291	1.295022	0.09758405	0.9222786	1.0	False	liver	early	nucleotide_transformer
726	0.06707847	1.361743	1.2946645	0.09756968	0.92229	1.0	False	liver	early	nucleotide_transformer
690	0.06705809	1.3615466	1.2944885	0.097554065	0.9223024	1.0	False	liver	early	nucleotide_transformer
783	0.06703508	1.3610846	1.2940495	0.09755363	0.9223027	1.0	False	liver	early	nucleotide_transformer
2918	0.067055106	1.3616009	1.2945458	0.09754538	0.92230934	1.0	False	liver	early	nucleotide_transformer
2527	0.06706846	1.3619024	1.2948339	0.09754333	0.92231095	1.0	False	liver	early	nucleotide_transformer
3480	0.06701779	1.361141	1.2941232	0.097523935	0.9223264	1.0	False	liver	early	nucleotide_transformer
3011	0.06701267	1.3617015	1.2946888	0.09747527	0.92236495	1.0	False	liver	early	nucleotide_transformer
2694	0.06700575	1.3618636	1.2948579	0.097453296	0.9223824	1.0	False	liver	early	nucleotide_transformer
4874	0.06699014	1.361773	1.2947829	0.09743669	0.92239565	1.0	False	liver	early	nucleotide_transformer
402	0.06696081	1.3612705	1.2943097	0.09743012	0.9224009	1.0	False	liver	early	nucleotide_transformer
2387	0.066931605	1.3610342	1.2941025	0.09740401	0.9224216	1.0	False	liver	early	nucleotide_transformer
2300	0.06692147	1.360968	1.2940465	0.097393766	0.9224297	1.0	False	liver	early	nucleotide_transformer
502	0.0669657	1.3620251	1.2950594	0.09738224	0.92243886	1.0	False	liver	early	nucleotide_transformer
2018	0.06691456	1.361569	1.2946545	0.097339526	0.9224728	1.0	False	liver	early	nucleotide_transformer
1217	0.066871524	1.3612618	1.2943903	0.097298436	0.9225054	1.0	False	liver	early	nucleotide_transformer
4444	0.06688011	1.3616494	1.2947693	0.09728273	0.92251784	1.0	False	liver	early	nucleotide_transformer
3844	0.06687975	1.3620214	1.2951417	0.09725518	0.9225397	1.0	False	liver	early	nucleotide_transformer
2105	0.06682694	1.3612291	1.2944021	0.09723482	0.92255586	1.0	False	liver	early	nucleotide_transformer
5055	0.0668391	1.361755	1.2949159	0.09721441	0.9225721	1.0	False	liver	early	nucleotide_transformer
1607	0.066791534	1.3613579	1.2945664	0.09717277	0.92260516	1.0	False	liver	early	nucleotide_transformer
3643	0.06682885	1.3621745	1.2953457	0.09716847	0.92260855	1.0	False	liver	early	nucleotide_transformer
2872	0.06675291	1.3616326	1.2948797	0.09709559	0.92266643	1.0	False	liver	early	nucleotide_transformer
3200	0.06674147	1.3614825	1.294741	0.097089514	0.92267126	1.0	False	liver	early	nucleotide_transformer
992	0.06675112	1.3618557	1.2951046	0.097076826	0.92268133	1.0	False	liver	early	nucleotide_transformer
2986	0.06676364	1.362271	1.2955073	0.09706497	0.92269075	1.0	False	liver	early	nucleotide_transformer
1665	0.066720486	1.3617442	1.2950237	0.097039536	0.92271096	1.0	False	liver	early	nucleotide_transformer
4215	0.066680074	1.3610647	1.2943846	0.09702915	0.9227192	1.0	False	liver	early	nucleotide_transformer
868	0.06668365	1.3612645	1.2945808	0.09701971	0.9227267	1.0	False	liver	early	nucleotide_transformer
5018	0.06669581	1.3621961	1.2955003	0.09696999	0.9227662	1.0	False	liver	early	nucleotide_transformer
4143	0.06657398	1.3606576	1.2940836	0.09690137	0.9228206	1.0	False	liver	early	nucleotide_transformer
2866	0.066571	1.3611145	1.2945435	0.09686364	0.9228506	1.0	False	liver	early	nucleotide_transformer
4759	0.06657505	1.3613453	1.2947702	0.096853	0.922859	1.0	False	liver	early	nucleotide_transformer
1443	0.066595554	1.3619907	1.2953951	0.09683673	0.92287195	1.0	False	liver	early	nucleotide_transformer
3189	0.06657004	1.3619387	1.2953687	0.096802704	0.92289895	1.0	False	liver	early	nucleotide_transformer
3743	0.066544294	1.361789	1.2952447	0.096775584	0.92292047	1.0	False	liver	early	nucleotide_transformer
777	0.066491604	1.3616698	1.2951782	0.096706025	0.9229757	1.0	False	liver	early	nucleotide_transformer
2324	0.06648052	1.3618096	1.2953291	0.09667947	0.9229968	1.0	False	liver	early	nucleotide_transformer
2025	0.06645334	1.3614339	1.2949805	0.0966664	0.9230072	1.0	False	liver	early	nucleotide_transformer
2150	0.066478014	1.3620739	1.2955959	0.09665676	0.9230148	1.0	False	liver	early	nucleotide_transformer
2749	0.066425204	1.3615073	1.2950821	0.09661937	0.92304456	1.0	False	liver	early	nucleotide_transformer
4187	0.06638849	1.3614565	1.295068	0.09656877	0.9230847	1.0	False	liver	early	nucleotide_transformer
4769	0.066355824	1.3616109	1.2952551	0.09650938	0.9231319	1.0	False	liver	early	nucleotide_transformer
224	0.11512756	154.44127	154.32614	0.09518637	0.9241847	1.0	False	liver	early	nucleotide_transformer
3791	-0.06295526	1.3617805	1.4247358	-0.09000389	0.92829835	1.0	False	liver	early	nucleotide_transformer
802	-0.062933326	1.3614995	1.4244329	-0.08999126	0.92830837	1.0	False	liver	early	nucleotide_transformer
4103	-0.06286383	1.3616214	1.4244852	-0.08988567	0.92839223	1.0	False	liver	early	nucleotide_transformer
3946	-0.06285763	1.3615957	1.4244534	-0.0898786	0.9283979	1.0	False	liver	early	nucleotide_transformer
2800	-0.06283522	1.3612832	1.4241184	-0.08986729	0.92840683	1.0	False	liver	early	nucleotide_transformer
1966	-0.06284559	1.3615907	1.4244363	-0.08986197	0.9284111	1.0	False	liver	early	nucleotide_transformer
2901	-0.062811255	1.3619014	1.4247127	-0.08979356	0.9284654	1.0	False	liver	early	nucleotide_transformer
4142	-0.06275904	1.3617787	1.4245378	-0.08972819	0.9285174	1.0	False	liver	early	nucleotide_transformer
3386	-0.06275654	1.3617725	1.4245291	-0.08972508	0.92851985	1.0	False	liver	early	nucleotide_transformer
2702	-0.06274271	1.3616123	1.424355	-0.08971589	0.9285271	1.0	False	liver	early	nucleotide_transformer
4304	-0.06274092	1.3619196	1.4246606	-0.08969346	0.928545	1.0	False	liver	early	nucleotide_transformer
2221	-0.06274128	1.3619299	1.4246712	-0.08969331	0.9285451	1.0	False	liver	early	nucleotide_transformer
282	-0.06271672	1.3616961	1.4244128	-0.089673914	0.9285605	1.0	False	liver	early	nucleotide_transformer
4309	-0.062695265	1.3618052	1.4245005	-0.089636706	0.92859006	1.0	False	liver	early	nucleotide_transformer
4217	-0.06263399	1.360897	1.4235309	-0.08960933	0.92861176	1.0	False	liver	early	nucleotide_transformer
4013	-0.06265545	1.3620086	1.424664	-0.08956757	0.92864496	1.0	False	liver	early	nucleotide_transformer
895	-0.062648654	1.3621345	1.4247831	-0.089549966	0.92865896	1.0	False	liver	early	nucleotide_transformer
3240	-0.06261289	1.3614293	1.4240422	-0.089545086	0.92866284	1.0	False	liver	early	nucleotide_transformer
1894	-0.062597275	1.3612806	1.4238778	-0.0895327	0.9286727	1.0	False	liver	early	nucleotide_transformer
304	-0.06263065	1.3620547	1.4246854	-0.08952974	0.92867506	1.0	False	liver	early	nucleotide_transformer
3522	-0.062567115	1.3613253	1.4238924	-0.08948739	0.9287087	1.0	False	liver	early	nucleotide_transformer
220	-0.062624454	1.3626508	1.4252752	-0.08948233	0.9287127	1.0	False	liver	early	nucleotide_transformer
426	-0.0625577	1.3616331	1.4241908	-0.08945438	0.9287349	1.0	False	liver	early	nucleotide_transformer
4844	-0.062496662	1.3613666	1.4238633	-0.089385614	0.9287896	1.0	False	liver	early	nucleotide_transformer
4179	-0.062492847	1.3614551	1.4239479	-0.0893745	0.9287984	1.0	False	liver	early	nucleotide_transformer
1132	-0.062467575	1.3614222	1.4238898	-0.08934109	0.9288249	1.0	False	liver	early	nucleotide_transformer
2709	-0.06248331	1.3618699	1.4243532	-0.08933443	0.92883027	1.0	False	liver	early	nucleotide_transformer
3811	-0.062473178	1.3618146	1.4242878	-0.08932371	0.92883873	1.0	False	liver	early	nucleotide_transformer
445	-0.062484026	1.3623517	1.4248357	-0.089304164	0.9288543	1.0	False	liver	early	nucleotide_transformer
2526	-0.062435746	1.3617686	1.4242043	-0.08927408	0.9288782	1.0	False	liver	early	nucleotide_transformer
407	-0.062404156	1.3615023	1.4239064	-0.08924668	0.92889994	1.0	False	liver	early	nucleotide_transformer
2488	-0.06238079	1.3618258	1.4242066	-0.089193046	0.92894256	1.0	False	liver	early	nucleotide_transformer
193	-0.062378287	1.3618282	1.4242065	-0.08918938	0.9289455	1.0	False	liver	early	nucleotide_transformer
3390	-0.062395334	1.3622094	1.4246048	-0.0891886	0.9289461	1.0	False	liver	early	nucleotide_transformer
2317	-0.06237328	1.362211	1.4245843	-0.08915745	0.9289708	1.0	False	liver	early	nucleotide_transformer
3184	-0.062237144	1.3618557	1.4240929	-0.08898908	0.9291046	1.0	False	liver	early	nucleotide_transformer
756	-0.062231064	1.3619559	1.424187	-0.08897413	0.92911655	1.0	False	liver	early	nucleotide_transformer
4931	-0.062217355	1.3623539	1.4245713	-0.08892905	0.9291523	1.0	False	liver	early	nucleotide_transformer
2559	-0.062143564	1.3616794	1.423823	-0.088869005	0.92920005	1.0	False	liver	early	nucleotide_transformer
1687	-0.062104464	1.3612036	1.423308	-0.088844486	0.92921954	1.0	False	liver	early	nucleotide_transformer
1519	-0.062138915	1.3621873	1.4243262	-0.0888294	0.9292315	1.0	False	liver	early	nucleotide_transformer
770	-0.06209612	1.3621063	1.4242024	-0.08877475	0.9292749	1.0	False	liver	early	nucleotide_transformer
3215	-0.062073946	1.3617557	1.4238297	-0.088766135	0.92928183	1.0	False	liver	early	nucleotide_transformer
2673	-0.0620811	1.3624523	1.4245334	-0.08873115	0.9293096	1.0	False	liver	early	nucleotide_transformer
682	-0.06202221	1.361509	1.4235312	-0.08870909	0.92932713	1.0	False	liver	early	nucleotide_transformer
1567	-0.062062502	1.3626041	1.4246666	-0.08869532	0.92933804	1.0	False	liver	early	nucleotide_transformer
5110	-0.06203723	1.3621643	1.4242015	-0.088687845	0.92934406	1.0	False	liver	early	nucleotide_transformer
3106	-0.06201756	1.3617676	1.4237852	-0.08868607	0.92934537	1.0	False	liver	early	nucleotide_transformer
3131	-0.062033772	1.3623923	1.4244261	-0.08866848	0.9293594	1.0	False	liver	early	nucleotide_transformer
1226	-0.062002897	1.3618532	1.4238561	-0.088659674	0.92936635	1.0	False	liver	early	nucleotide_transformer
948	-0.061968565	1.361821	1.4237896	-0.088613674	0.92940295	1.0	False	liver	early	nucleotide_transformer
351	-0.061961412	1.3616939	1.4236553	-0.088611744	0.9294045	1.0	False	liver	early	nucleotide_transformer
3214	-0.061985612	1.362285	1.4242706	-0.08860757	0.9294078	1.0	False	liver	early	nucleotide_transformer
3574	-0.061971188	1.3628222	1.4247934	-0.08855306	0.92945105	1.0	False	liver	early	nucleotide_transformer
3664	-0.06192112	1.3623865	1.4243076	-0.088510424	0.92948496	1.0	False	liver	early	nucleotide_transformer
2582	-0.061865926	1.3623241	1.42419	-0.08843679	0.92954344	1.0	False	liver	early	nucleotide_transformer
2509	-0.061842084	1.3623381	1.4241802	-0.08840237	0.92957085	1.0	False	liver	early	nucleotide_transformer
1098	-0.06187141	1.3636785	1.4255499	-0.08835842	0.9296057	1.0	False	liver	early	nucleotide_transformer
32	-0.06176865	1.3618616	1.4236302	-0.088329844	0.92962843	1.0	False	liver	early	nucleotide_transformer
40	-0.06174302	1.3626807	1.4244237	-0.088241234	0.9296988	1.0	False	liver	early	nucleotide_transformer
4211	-0.061685085	1.361866	1.4235511	-0.08821192	0.9297222	1.0	False	liver	early	nucleotide_transformer
1669	-0.06172383	1.363311	1.4250349	-0.088174164	0.9297522	1.0	False	liver	early	nucleotide_transformer
4775	-0.061540365	1.3629609	1.4245013	-0.08793851	0.9299394	1.0	False	liver	early	nucleotide_transformer
312	-0.061487436	1.3629425	1.4244299	-0.08786524	0.9299977	1.0	False	liver	early	nucleotide_transformer
1878	-0.061474204	1.3628784	1.4243526	-0.08785066	0.93000925	1.0	False	liver	early	nucleotide_transformer
2298	-0.06145072	1.3631175	1.4245682	-0.087802574	0.93004745	1.0	False	liver	early	nucleotide_transformer
2262	-0.0606066	1.3648401	1.4254467	-0.086508274	0.93107605	1.0	False	liver	early	nucleotide_transformer
2532	0.06950998	2.2714736	2.2019637	0.07825221	0.9376402	1.0	False	liver	early	nucleotide_transformer
2040	0.06948209	2.2713175	2.2018354	0.07822586	0.9376611	1.0	False	liver	early	nucleotide_transformer
2459	0.06933403	2.2711825	2.2018485	0.07806194	0.93779147	1.0	False	liver	early	nucleotide_transformer
475	0.06926918	2.2712212	2.201952	0.07798681	0.93785125	1.0	False	liver	early	nucleotide_transformer
1940	0.06923294	2.2702098	2.2009768	0.07798042	0.9378563	1.0	False	liver	early	nucleotide_transformer
4683	0.069239855	2.270623	2.201383	0.077974066	0.9378614	1.0	False	liver	early	nucleotide_transformer
22	0.06918502	2.2704778	2.2012928	0.077916615	0.93790704	1.0	False	liver	early	nucleotide_transformer
732	0.06916523	2.2707691	2.201604	0.0778841	0.9379329	1.0	False	liver	early	nucleotide_transformer
2307	0.06913185	2.2711697	2.2020378	0.07783229	0.93797415	1.0	False	liver	early	nucleotide_transformer
4460	0.0689373	2.270634	2.2016966	0.07762923	0.9381356	1.0	False	liver	early	nucleotide_transformer
901	0.06886721	2.270055	2.2011878	0.07756929	0.93818325	1.0	False	liver	early	nucleotide_transformer
4285	0.06875014	2.2702823	2.2015321	0.077428184	0.93829554	1.0	False	liver	early	nucleotide_transformer
486	0.068478346	2.270361	2.2018826	0.077115975	0.9385438	1.0	False	liver	early	nucleotide_transformer
1440	0.06848717	2.2708378	2.2023506	0.077109806	0.93854874	1.0	False	liver	early	nucleotide_transformer
727	0.03412026	0.6808771	0.6467568	0.07003457	0.9441776	1.0	False	liver	early	nucleotide_transformer
1683	0.034098804	0.68069804	0.64659923	0.070008494	0.94419837	1.0	False	liver	early	nucleotide_transformer
1741	0.034106076	0.6808893	0.64678323	0.07000364	0.94420224	1.0	False	liver	early	nucleotide_transformer
637	0.03408158	0.6809095	0.64682794	0.06995033	0.9442446	1.0	False	liver	early	nucleotide_transformer
2051	0.033965588	0.68068564	0.64672005	0.06973127	0.94441897	1.0	False	liver	early	nucleotide_transformer
2581	0.03396696	0.6807497	0.64678276	0.069727495	0.94442195	1.0	False	liver	early	nucleotide_transformer
918	0.033926427	0.6804728	0.64654636	0.06967138	0.9444666	1.0	False	liver	early	nucleotide_transformer
1676	0.033932805	0.68110234	0.64716953	0.069619395	0.94450796	1.0	False	liver	early	nucleotide_transformer
2716	0.03387046	0.68058586	0.6467154	0.069542594	0.9445691	1.0	False	liver	early	nucleotide_transformer
4404	0.033890545	0.68105894	0.6471684	0.06953563	0.94457465	1.0	False	liver	early	nucleotide_transformer
104	0.03385991	0.68095845	0.64709854	0.069482036	0.94461733	1.0	False	liver	early	nucleotide_transformer
3689	0.033759236	0.6803459	0.64658666	0.0693353	0.94473404	1.0	False	liver	early	nucleotide_transformer
4703	0.03367138	0.6804987	0.64682734	0.06913554	0.94489306	1.0	False	liver	early	nucleotide_transformer
4608	0.033659637	0.68041337	0.6467537	0.0691197	0.94490564	1.0	False	liver	early	nucleotide_transformer
4067	0.033581078	0.6803907	0.64680964	0.06895783	0.94503444	1.0	False	liver	early	nucleotide_transformer
1587	0.033564866	0.68084633	0.64728147	0.068877146	0.9450987	1.0	False	liver	early	nucleotide_transformer
436	0.033471525	0.68026304	0.6467915	0.06874224	0.945206	1.0	False	liver	early	nucleotide_transformer
1660	0.03346908	0.6804737	0.6470046	0.068715185	0.94522756	1.0	False	liver	early	nucleotide_transformer
284	0.03344977	0.680352	0.6469022	0.0686876	0.94524956	1.0	False	liver	early	nucleotide_transformer
4974	0.03344339	0.6805312	0.6470878	0.06865559	0.945275	1.0	False	liver	early	nucleotide_transformer
4968	0.033414483	0.6802033	0.64678884	0.068629034	0.94529617	1.0	False	liver	early	nucleotide_transformer
2925	0.033401787	0.68039936	0.6469976	0.068582006	0.94533354	1.0	False	liver	early	nucleotide_transformer
4149	0.033401906	0.6804215	0.64701957	0.068580054	0.9453351	1.0	False	liver	early	nucleotide_transformer
439	0.03339249	0.68031675	0.64692426	0.068571575	0.9453418	1.0	False	liver	early	nucleotide_transformer
3524	0.033390284	0.68052125	0.64713097	0.06854562	0.9453625	1.0	False	liver	early	nucleotide_transformer
1002	0.033388197	0.6805288	0.6471406	0.068540476	0.9453666	1.0	False	liver	early	nucleotide_transformer
3974	0.033365488	0.68064797	0.6472825	0.06848087	0.945414	1.0	False	liver	early	nucleotide_transformer
2156	0.033325613	0.6801359	0.6468103	0.06845005	0.94543856	1.0	False	liver	early	nucleotide_transformer
698	0.033318937	0.68011844	0.6467995	0.06843795	0.9454483	1.0	False	liver	early	nucleotide_transformer
1504	0.03332466	0.680603	0.64727837	0.06840015	0.9454784	1.0	False	liver	early	nucleotide_transformer
4723	0.033290684	0.6802417	0.646951	0.06836632	0.94550526	1.0	False	liver	early	nucleotide_transformer
3008	0.033278048	0.6807407	0.64746267	0.06828874	0.945567	1.0	False	liver	early	nucleotide_transformer
4917	0.03320384	0.6802004	0.64699656	0.06818899	0.9456464	1.0	False	liver	early	nucleotide_transformer
2403	0.033195913	0.68010575	0.64690983	0.06818201	0.94565195	1.0	False	liver	early	nucleotide_transformer
3558	0.033197045	0.6803544	0.6471574	0.06815911	0.9456702	1.0	False	liver	early	nucleotide_transformer
1095	0.03319913	0.6805006	0.6473015	0.06814821	0.9456789	1.0	False	liver	early	nucleotide_transformer
1855	0.033195794	0.6805414	0.6473456	0.06813719	0.9456876	1.0	False	liver	early	nucleotide_transformer
3862	0.03316146	0.68036026	0.6471988	0.06808409	0.9457299	1.0	False	liver	early	nucleotide_transformer
4691	0.03315562	0.6803296	0.647174	0.068074994	0.9457371	1.0	False	liver	early	nucleotide_transformer
1307	0.033165753	0.6807694	0.64760363	0.06805119	0.9457561	1.0	False	liver	early	nucleotide_transformer
4618	0.033106267	0.6800024	0.6468961	0.06800508	0.94579273	1.0	False	liver	early	nucleotide_transformer
4903	0.033139348	0.68085116	0.6477118	0.06798779	0.9458065	1.0	False	liver	early	nucleotide_transformer
2864	0.033088386	0.6803268	0.64723843	0.06793479	0.9458487	1.0	False	liver	early	nucleotide_transformer
4268	-0.06091833	2.270673	2.3315914	-0.067898996	0.94587684	1.0	False	liver	early	nucleotide_transformer
222	0.032965243	0.679865	0.64689976	0.067724176	0.9460164	1.0	False	liver	early	nucleotide_transformer
3895	0.03291142	0.68008155	0.6471701	0.06758971	0.94612336	1.0	False	liver	early	nucleotide_transformer
2621	-0.060600758	2.2702014	2.3308022	-0.06756221	0.94614494	1.0	False	liver	early	nucleotide_transformer
2873	0.032886147	0.6804632	0.64757705	0.06749811	0.94619626	1.0	False	liver	early	nucleotide_transformer
2619	-0.060548782	2.2710772	2.331626	-0.06747918	0.946211	1.0	False	liver	early	nucleotide_transformer
4938	0.032817125	0.68001616	0.64719903	0.067399204	0.946275	1.0	False	liver	early	nucleotide_transformer
3427	0.032811105	0.6800603	0.6472492	0.06738216	0.9462885	1.0	False	liver	early	nucleotide_transformer
2980	0.032809198	0.68024457	0.64743537	0.06735964	0.94630647	1.0	False	liver	early	nucleotide_transformer
1065	0.032806933	0.68023866	0.64743173	0.067355506	0.94630975	1.0	False	liver	early	nucleotide_transformer
3411	0.03277129	0.68028635	0.64751506	0.067276224	0.9463728	1.0	False	liver	early	nucleotide_transformer
1082	0.032764554	0.680441	0.64767647	0.06724639	0.9463966	1.0	False	liver	early	nucleotide_transformer
4729	0.032725453	0.6800637	0.6473383	0.06720281	0.9464313	1.0	False	liver	early	nucleotide_transformer
1027	0.032711983	0.67989385	0.64718187	0.0671917	0.94644016	1.0	False	liver	early	nucleotide_transformer
1351	-0.060266495	2.2705	2.3307664	-0.067184344	0.94644564	1.0	False	liver	early	nucleotide_transformer
570	-0.060283422	2.2713354	2.3316188	-0.067178704	0.9464501	1.0	False	liver	early	nucleotide_transformer
4392	0.032692432	0.6799869	0.64729446	0.06714149	0.9464801	1.0	False	liver	early	nucleotide_transformer
1260	0.032664776	0.6806875	0.6480227	0.06701313	0.94658226	1.0	False	liver	early	nucleotide_transformer
1565	0.032636464	0.6802914	0.64765495	0.066994056	0.94659746	1.0	False	liver	early	nucleotide_transformer
2524	-0.060001135	2.270793	2.330794	-0.06688285	0.9466856	1.0	False	liver	early	nucleotide_transformer
1339	0.032562435	0.6798782	0.64731574	0.066880666	0.9466877	1.0	False	liver	early	nucleotide_transformer
428	0.03254974	0.6798607	0.647311	0.06685588	0.94670737	1.0	False	liver	early	nucleotide_transformer
708	0.036921024	1.5917555	1.5548345	0.049440835	0.960576	1.0	False	liver	early	nucleotide_transformer
1284	-0.031242132	1.1343745	1.1656166	-0.049065042	0.9608753	1.0	False	liver	early	nucleotide_transformer
4633	-0.031208634	1.1338177	1.1650263	-0.049036697	0.96089786	1.0	False	liver	early	nucleotide_transformer
3426	-0.031201482	1.1337652	1.1649667	-0.049027804	0.9609049	1.0	False	liver	early	nucleotide_transformer
3438	-0.031133056	1.1344166	1.1655496	-0.04889359	0.9610118	1.0	False	liver	early	nucleotide_transformer
4170	-0.031081557	1.1341141	1.1651957	-0.04882636	0.9610654	1.0	False	liver	early	nucleotide_transformer
149	-0.030993462	1.13399	1.1649835	-0.048694618	0.9611704	1.0	False	liver	early	nucleotide_transformer
1494	-0.030968785	1.1339724	1.1649412	-0.048656978	0.9612004	1.0	False	liver	early	nucleotide_transformer
1340	-0.030929327	1.1339544	1.1648837	-0.048596345	0.9612487	1.0	False	liver	early	nucleotide_transformer
478	-0.030938745	1.1344717	1.1654104	-0.048589107	0.9612544	1.0	False	liver	early	nucleotide_transformer
1305	-0.030909777	1.1340556	1.1649654	-0.048561655	0.96127635	1.0	False	liver	early	nucleotide_transformer
306	-0.030884027	1.134264	1.165148	-0.04851276	0.9613153	1.0	False	liver	early	nucleotide_transformer
3123	-0.030878305	1.1342343	1.1651126	-0.048505127	0.96132135	1.0	False	liver	early	nucleotide_transformer
3016	-0.030862927	1.1343253	1.1651882	-0.048477374	0.9613435	1.0	False	liver	early	nucleotide_transformer
3698	-0.030854225	1.1342798	1.1651341	-0.048465736	0.96135277	1.0	False	liver	early	nucleotide_transformer
181	-0.030848384	1.1342951	1.1651435	-0.04845602	0.96136045	1.0	False	liver	early	nucleotide_transformer
1200	-0.03084755	1.1342839	1.1651314	-0.048455197	0.9613611	1.0	False	liver	early	nucleotide_transformer
4634	-0.030835629	1.1344982	1.1653339	-0.04842763	0.9613831	1.0	False	liver	early	nucleotide_transformer
2398	-0.030799627	1.1346066	1.1654062	-0.04836705	0.9614314	1.0	False	liver	early	nucleotide_transformer
3892	-0.030791163	1.1346834	1.1654745	-0.048350662	0.9614445	1.0	False	liver	early	nucleotide_transformer
4412	-0.030791521	1.1347007	1.1654922	-0.04835047	0.9614446	1.0	False	liver	early	nucleotide_transformer
1575	-0.030788064	1.1347454	1.1655334	-0.04834322	0.9614504	1.0	False	liver	early	nucleotide_transformer
2913	-0.030765414	1.1345501	1.1653155	-0.04831621	0.9614719	1.0	False	liver	early	nucleotide_transformer
495	-0.030748487	1.1342194	1.1649679	-0.048303813	0.96148175	1.0	False	liver	early	nucleotide_transformer
2696	-0.030727625	1.1338625	1.1645901	-0.04828636	0.9614957	1.0	False	liver	early	nucleotide_transformer
2041	-0.030757546	1.135178	1.1659355	-0.04827758	0.96150273	1.0	False	liver	early	nucleotide_transformer
1505	-0.030741096	1.1346164	1.1653575	-0.048275594	0.9615043	1.0	False	liver	early	nucleotide_transformer
2896	-0.030726671	1.1344516	1.1651783	-0.048260108	0.9615166	1.0	False	liver	early	nucleotide_transformer
1869	-0.030722022	1.1343154	1.1650374	-0.04825862	0.96151775	1.0	False	liver	early	nucleotide_transformer
4704	-0.03072548	1.1346842	1.1654097	-0.048248477	0.96152586	1.0	False	liver	early	nucleotide_transformer
357	-0.03070736	1.1342402	1.1649475	-0.048238963	0.9615334	1.0	False	liver	early	nucleotide_transformer
5032	-0.030691385	1.1344718	1.1651632	-0.048204385	0.96156096	1.0	False	liver	early	nucleotide_transformer
2701	-0.030681133	1.1346873	1.1653684	-0.04817939	0.96158093	1.0	False	liver	early	nucleotide_transformer
3097	-0.030653954	1.1349715	1.1656255	-0.04812516	0.96162415	1.0	False	liver	early	nucleotide_transformer
3021	-0.030615568	1.1341747	1.1647903	-0.04809889	0.96164507	1.0	False	liver	early	nucleotide_transformer
972	-0.030635118	1.1353756	1.1660107	-0.04807903	0.9616609	1.0	False	liver	early	nucleotide_transformer
1754	0.03586912	1.5901483	1.5542792	0.04806947	0.96166867	1.0	False	liver	early	nucleotide_transformer
4124	-0.030595183	1.1343552	1.1649504	-0.048059616	0.96167636	1.0	False	liver	early	nucleotide_transformer
2485	-0.030584216	1.1348554	1.1654396	-0.048021644	0.96170664	1.0	False	liver	early	nucleotide_transformer
3329	-0.030558228	1.1346513	1.1652095	-0.047989726	0.96173203	1.0	False	liver	early	nucleotide_transformer
54	0.035799146	1.5902572	1.554458	0.04797165	0.96174663	1.0	False	liver	early	nucleotide_transformer
4971	-0.03053224	1.1347731	1.1653054	-0.047944225	0.96176827	1.0	False	liver	early	nucleotide_transformer
3206	-0.030530214	1.1348897	1.1654199	-0.047936235	0.96177465	1.0	False	liver	early	nucleotide_transformer
2989	-0.030500889	1.1342943	1.1647952	-0.047915455	0.9617912	1.0	False	liver	early	nucleotide_transformer
553	-0.030501246	1.1346042	1.1651055	-0.04790306	0.9618011	1.0	False	liver	early	nucleotide_transformer
2080	0.03572178	1.5902988	1.554577	0.047865845	0.9618309	1.0	False	liver	early	nucleotide_transformer
4316	-0.03047967	1.1348054	1.1652851	-0.047861144	0.9618345	1.0	False	liver	early	nucleotide_transformer
1223	-0.03044951	1.1341702	1.1646197	-0.047840696	0.9618508	1.0	False	liver	early	nucleotide_transformer
1056	-0.030438662	1.1347882	1.1652268	-0.047798075	0.96188474	1.0	False	liver	early	nucleotide_transformer
4648	-0.030391455	1.1344286	1.1648201	-0.047739595	0.96193135	1.0	False	liver	early	nucleotide_transformer
380	-0.030364513	1.1341513	1.1645159	-0.047709208	0.9619556	1.0	False	liver	early	nucleotide_transformer
2529	-0.030371308	1.1347635	1.1651348	-0.047694344	0.96196747	1.0	False	liver	early	nucleotide_transformer
619	0.035529494	1.5888119	1.5532824	0.047651265	0.9620019	1.0	False	liver	early	nucleotide_transformer
5009	-0.030336618	1.1347979	1.1651345	-0.047638968	0.9620116	1.0	False	liver	early	nucleotide_transformer
2956	-0.030332804	1.1348705	1.1652033	-0.047630016	0.96201867	1.0	False	liver	early	nucleotide_transformer
1121	-0.030316114	1.1347097	1.1650258	-0.047610715	0.96203405	1.0	False	liver	early	nucleotide_transformer
2252	-0.030287266	1.1345255	1.1648128	-0.04757347	0.9620637	1.0	False	liver	early	nucleotide_transformer
2420	-0.030264854	1.1341879	1.1644528	-0.047552567	0.96208036	1.0	False	liver	early	nucleotide_transformer
2870	-0.030268908	1.1344831	1.164752	-0.04754669	0.96208507	1.0	False	liver	early	nucleotide_transformer
1590	-0.03026843	1.1346921	1.1649605	-0.047537286	0.9620926	1.0	False	liver	early	nucleotide_transformer
2007	-0.030266762	1.1347631	1.1650299	-0.047531728	0.962097	1.0	False	liver	early	nucleotide_transformer
3484	-0.030253172	1.1346228	1.164876	-0.04751642	0.9621092	1.0	False	liver	early	nucleotide_transformer
2453	-0.030222893	1.134425	1.1646479	-0.04747753	0.96214014	1.0	False	liver	early	nucleotide_transformer
1648	0.035415053	1.589849	1.554434	0.047465056	0.9621503	1.0	False	liver	early	nucleotide_transformer
1969	-0.030219555	1.1349305	1.16515	-0.047451373	0.962161	1.0	False	liver	early	nucleotide_transformer
2857	-0.03021288	1.134905	1.1651179	-0.04744203	0.96216846	1.0	False	liver	early	nucleotide_transformer
1316	-0.030183196	1.1349136	1.1650968	-0.04739553	0.9622055	1.0	False	liver	early	nucleotide_transformer
4553	0.035337925	1.588838	1.5535	0.047391534	0.96220887	1.0	False	liver	early	nucleotide_transformer
1158	-0.03017068	1.1352286	1.1653993	-0.047363106	0.9622314	1.0	False	liver	early	nucleotide_transformer
2417	-0.030156493	1.134696	1.1648525	-0.047362972	0.96223146	1.0	False	liver	early	nucleotide_transformer
988	-0.03012073	1.1345204	1.1646411	-0.04731455	0.96227	1.0	False	liver	early	nucleotide_transformer
815	-0.0300802	1.1346468	1.164727	-0.04724631	0.96232444	1.0	False	liver	early	nucleotide_transformer
5038	0.03521967	1.588697	1.5534773	0.047235876	0.9623329	1.0	False	liver	early	nucleotide_transformer
489	-0.03004098	1.1355503	1.1655912	-0.04714822	0.9624026	1.0	False	liver	early	nucleotide_transformer
1975	-0.030030966	1.1355683	1.1655992	-0.04713192	0.9624156	1.0	False	liver	early	nucleotide_transformer
3439	-0.030005574	1.135379	1.1653845	-0.04710019	0.96244085	1.0	False	liver	early	nucleotide_transformer
1647	-0.029993534	1.1349413	1.1649349	-0.04709941	0.9624415	1.0	False	liver	early	nucleotide_transformer
4291	0.03508413	1.5884795	1.5533954	0.04705907	0.96247375	1.0	False	liver	early	nucleotide_transformer
3831	-0.029935837	1.1346081	1.164544	-0.04702327	0.9625022	1.0	False	liver	early	nucleotide_transformer
3704	-0.02996087	1.1357679	1.1657288	-0.04701479	0.96250886	1.0	False	liver	early	nucleotide_transformer
3786	0.03505969	1.5892755	1.5542158	0.04700213	0.9625191	1.0	False	liver	early	nucleotide_transformer
1503	0.03502977	1.5886526	1.5536228	0.046980456	0.9625364	1.0	False	liver	early	nucleotide_transformer
2450	-0.029895186	1.1347624	1.1646576	-0.046953738	0.96255755	1.0	False	liver	early	nucleotide_transformer
4798	0.03501749	1.5893936	1.5543761	0.046941604	0.9625673	1.0	False	liver	early	nucleotide_transformer
2647	0.03499782	1.5888572	1.5538594	0.04693086	0.9625759	1.0	False	liver	early	nucleotide_transformer
5024	0.034995794	1.5888507	1.553855	0.046928342	0.96257794	1.0	False	liver	early	nucleotide_transformer
4505	0.034924865	1.5885849	1.55366	0.04684063	0.96264786	1.0	False	liver	early	nucleotide_transformer
947	-0.029794693	1.1350504	1.1648451	-0.046785675	0.9626915	1.0	False	liver	early	nucleotide_transformer
2338	0.034862638	1.5891651	1.5543025	0.046739087	0.96272874	1.0	False	liver	early	nucleotide_transformer
1706	0.03483534	1.5888753	1.55404	0.046710756	0.9627513	1.0	False	liver	early	nucleotide_transformer
1770	-0.029750705	1.1357654	1.1655161	-0.04668823	0.96276915	1.0	False	liver	early	nucleotide_transformer
2697	0.034781337	1.5890478	1.5542665	0.04663269	0.96281356	1.0	False	liver	early	nucleotide_transformer
4305	0.034784794	1.5892287	1.554444	0.046631996	0.9628141	1.0	False	liver	early	nucleotide_transformer
2062	0.03476751	1.5888654	1.5540979	0.04661935	0.96282417	1.0	False	liver	early	nucleotide_transformer
1097	-0.029700518	1.1357071	1.1654077	-0.046612583	0.9628294	1.0	False	liver	early	nucleotide_transformer
569	0.03475964	1.5890244	1.5542648	0.046604086	0.9628363	1.0	False	liver	early	nucleotide_transformer
5108	0.034748793	1.5887961	1.5540473	0.046596114	0.96284264	1.0	False	liver	early	nucleotide_transformer
4411	0.034739614	1.5885048	1.5537652	0.046592265	0.96284574	1.0	False	liver	early	nucleotide_transformer
4654	0.034753203	1.5891589	1.5544057	0.04659139	0.9628464	1.0	False	liver	early	nucleotide_transformer
2681	0.034733772	1.5885857	1.553852	0.04658201	0.9628539	1.0	False	liver	early	nucleotide_transformer
4481	0.034741044	1.5889965	1.5542555	0.046579774	0.9628557	1.0	False	liver	early	nucleotide_transformer
52	-0.029654741	1.1351024	1.1647571	-0.046565857	0.96286666	1.0	False	liver	early	nucleotide_transformer
1321	0.034727454	1.5890607	1.5543332	0.046559528	0.96287185	1.0	False	liver	early	nucleotide_transformer
1788	-0.029648662	1.1351637	1.1648123	-0.04655392	0.96287614	1.0	False	liver	early	nucleotide_transformer
3628	0.03471148	1.5886794	1.553968	0.046549108	0.96288013	1.0	False	liver	early	nucleotide_transformer
2095	-0.029662848	1.1360577	1.1657206	-0.046539776	0.9628874	1.0	False	liver	early	nucleotide_transformer
3412	0.034708142	1.5890982	1.5543901	0.046532296	0.9628935	1.0	False	liver	early	nucleotide_transformer
4927	0.034700036	1.58903	1.55433	0.04652332	0.96290064	1.0	False	liver	early	nucleotide_transformer
2305	-0.029637575	1.1355071	1.1651447	-0.046522763	0.962901	1.0	False	liver	early	nucleotide_transformer
3086	0.0346874	1.5887135	1.5540261	0.04651556	0.96290684	1.0	False	liver	early	nucleotide_transformer
2555	0.03468585	1.5886433	1.5539575	0.046515524	0.9629069	1.0	False	liver	early	nucleotide_transformer
1543	0.0346725	1.589116	1.5544435	0.0464836	0.96293235	1.0	False	liver	early	nucleotide_transformer
2909	0.03465879	1.5886344	1.5539756	0.04647922	0.96293586	1.0	False	liver	early	nucleotide_transformer
2985	0.034641743	1.5887113	1.5540695	0.04645392	0.96295595	1.0	False	liver	early	nucleotide_transformer
4257	0.034644842	1.5890052	1.5543604	0.04644946	0.9629595	1.0	False	liver	early	nucleotide_transformer
4972	0.034621835	1.5890872	1.5544654	0.046416003	0.96298623	1.0	False	liver	early	nucleotide_transformer
4601	0.034615517	1.5889722	1.5543567	0.046410833	0.96299034	1.0	False	liver	early	nucleotide_transformer
2713	0.034521222	1.5884284	1.5539072	0.04629929	0.9630792	1.0	False	liver	early	nucleotide_transformer
2608	0.034397006	1.5888096	1.5544126	0.046120293	0.9632218	1.0	False	liver	early	nucleotide_transformer
995	0.034361005	1.588722	1.554361	0.046074186	0.9632586	1.0	False	liver	early	nucleotide_transformer
1525	-0.029299617	1.136431	1.1657306	-0.04596024	0.9633492	1.0	False	liver	early	nucleotide_transformer
518	-0.028315187	1.1376178	1.165933	-0.04438367	0.9646056	1.0	False	liver	early	nucleotide_transformer
2297	-0.028209329	1.1366662	1.1648755	-0.04425606	0.9647073	1.0	False	liver	early	nucleotide_transformer
3154	-0.028200746	1.1364545	1.1646552	-0.044250913	0.9647114	1.0	False	liver	early	nucleotide_transformer
1538	-0.02819252	1.1366001	1.1647927	-0.044232536	0.9647261	1.0	False	liver	early	nucleotide_transformer
3545	-0.028002381	1.1364402	1.1644425	-0.043942932	0.9649569	1.0	False	liver	early	nucleotide_transformer
4331	0.037113905	2.49797	2.4608562	0.039766964	0.9682853	1.0	False	liver	early	nucleotide_transformer
4248	-0.029253244	2.0435429	2.072796	-0.03441607	0.97255087	1.0	False	liver	early	nucleotide_transformer
4293	-0.028957367	2.0433352	2.0722926	-0.03407319	0.9728242	1.0	False	liver	early	nucleotide_transformer
4085	-0.02887988	2.0437796	2.0726595	-0.033975113	0.9729024	1.0	False	liver	early	nucleotide_transformer
2295	-0.028841972	2.0439181	2.07276	-0.0339285	0.97293955	1.0	False	liver	early	nucleotide_transformer
1556	-0.02878356	2.0436044	2.072388	-0.033865258	0.97299	1.0	False	liver	early	nucleotide_transformer
4518	-0.028765917	2.0431714	2.0719373	-0.033851758	0.97300076	1.0	False	liver	early	nucleotide_transformer
4607	-0.02872467	2.043918	2.0726426	-0.033791218	0.97304904	1.0	False	liver	early	nucleotide_transformer
2261	-0.028723955	2.0442286	2.0729525	-0.03378509	0.97305393	1.0	False	liver	early	nucleotide_transformer
2023	-0.028651953	2.0432985	2.0719504	-0.033716213	0.9731088	1.0	False	liver	early	nucleotide_transformer
8	-0.028648138	2.0432334	2.0718815	-0.033712845	0.9731115	1.0	False	liver	early	nucleotide_transformer
739	-0.028649569	2.0441866	2.0728362	-0.033698916	0.9731226	1.0	False	liver	early	nucleotide_transformer
1677	-0.028629541	2.0434096	2.0720391	-0.0336882	0.9731312	1.0	False	liver	early	nucleotide_transformer
583	-0.028580904	2.0433245	2.0719054	-0.033632632	0.97317547	1.0	False	liver	early	nucleotide_transformer
1818	-0.028537512	2.0435987	2.0721362	-0.033577304	0.9732196	1.0	False	liver	early	nucleotide_transformer
174	-0.02851677	2.0445168	2.0730336	-0.033537883	0.973251	1.0	False	liver	early	nucleotide_transformer
3341	-0.028459787	2.043239	2.071699	-0.033492193	0.97328746	1.0	False	liver	early	nucleotide_transformer
4558	-0.028407812	2.0439715	2.0723794	-0.03341941	0.97334546	1.0	False	liver	early	nucleotide_transformer
4504	-0.028392553	2.0434747	2.0718672	-0.03340961	0.97335327	1.0	False	liver	early	nucleotide_transformer
3968	-0.02831006	2.0435858	2.0718958	-0.033311233	0.9734317	1.0	False	liver	early	nucleotide_transformer
5051	-0.028248787	2.0438683	2.072117	-0.033234928	0.97349256	1.0	False	liver	early	nucleotide_transformer
4318	-0.028184414	2.0436854	2.0718699	-0.03316252	0.97355026	1.0	False	liver	early	nucleotide_transformer
2503	-0.028094769	2.043233	2.0713277	-0.03306486	0.97362816	1.0	False	liver	early	nucleotide_transformer
2061	-0.028077126	2.0442724	2.0723495	-0.033027496	0.9736579	1.0	False	liver	early	nucleotide_transformer
2472	0.06654358	151.62994	151.5634	0.025263121	0.97984916	1.0	False	liver	early	nucleotide_transformer
4880	0.002876103	0.9083645	0.9054884	0.0050707674	0.99595493	1.0	False	liver	early	nucleotide_transformer
1552	0.00380373	1.8162928	1.812489	0.0047573717	0.9962049	1.0	False	liver	early	nucleotide_transformer
2120	0.0037084818	1.8172022	1.8134937	0.0046358267	0.9963019	1.0	False	liver	early	nucleotide_transformer
1151	0.003504634	1.8160135	1.8125088	0.004383692	0.996503	1.0	False	liver	early	nucleotide_transformer
3823	0.0034965277	1.815683	1.8121865	0.0043743467	0.9965105	1.0	False	liver	early	nucleotide_transformer
1410	0.0034906864	1.8166535	1.8131628	0.004364708	0.9965182	1.0	False	liver	early	nucleotide_transformer
3040	0.003462553	1.8156798	1.8122172	0.0043318206	0.9965444	1.0	False	liver	early	nucleotide_transformer
1055	0.002453208	0.90804064	0.90558743	0.0043259985	0.99654907	1.0	False	liver	early	nucleotide_transformer
3800	0.0033878088	1.8162707	1.8128829	0.0042368723	0.9966201	1.0	False	liver	early	nucleotide_transformer
3952	0.0023965836	0.9090662	0.9066696	0.0042212834	0.9966326	1.0	False	liver	early	nucleotide_transformer
162	0.0033324957	1.8161684	1.8128359	0.004167888	0.9966752	1.0	False	liver	early	nucleotide_transformer
1253	0.0032718182	1.8165507	1.8132789	0.004091087	0.99673647	1.0	False	liver	early	nucleotide_transformer
2748	0.0032567978	1.8163435	1.8130867	0.004072756	0.99675107	1.0	False	liver	early	nucleotide_transformer
2265	0.0032562017	1.8163967	1.8131405	0.004071896	0.9967517	1.0	False	liver	early	nucleotide_transformer
576	0.0031814575	1.8163538	1.8131723	0.0039784564	0.9968263	1.0	False	liver	early	nucleotide_transformer
989	0.0031789541	1.8162521	1.8130732	0.00397555	0.9968286	1.0	False	liver	early	nucleotide_transformer
788	0.0031651258	1.8156681	1.812503	0.0039595137	0.9968414	1.0	False	liver	early	nucleotide_transformer
3028	0.0031598806	1.8162624	1.8131025	0.0039516636	0.9968477	1.0	False	liver	early	nucleotide_transformer
3528	0.0031348467	1.816149	1.8130141	0.003920576	0.9968725	1.0	False	liver	early	nucleotide_transformer
4867	0.0031061172	1.8156205	1.8125144	0.0038857465	0.99690026	1.0	False	liver	early	nucleotide_transformer
3305	0.003088832	1.815958	1.8128692	0.0038634036	0.9969181	1.0	False	liver	early	nucleotide_transformer
4295	0.0021566153	0.9084031	0.9062465	0.0038010154	0.99696785	1.0	False	liver	early	nucleotide_transformer
2460	0.0030106306	1.8163612	1.8133506	0.0037646985	0.9969968	1.0	False	liver	early	nucleotide_transformer
2947	0.0030058622	1.8154789	1.812473	0.0037605504	0.9970001	1.0	False	liver	early	nucleotide_transformer
1963	0.002933383	1.8161423	1.8132089	0.0036684878	0.99707353	1.0	False	liver	early	nucleotide_transformer
3973	0.002931714	1.8158971	1.8129654	0.0036668887	0.99707484	1.0	False	liver	early	nucleotide_transformer
3506	0.002056539	0.9089202	0.9068637	0.0036224294	0.9971103	1.0	False	liver	early	nucleotide_transformer
2783	0.0028711557	1.81692	1.8140489	0.0035890613	0.9971369	1.0	False	liver	early	nucleotide_transformer
4890	0.0028321743	1.8157295	1.8128973	0.0035426416	0.99717396	1.0	False	liver	early	nucleotide_transformer
3748	0.0028244257	1.8159013	1.8130769	0.0035326087	0.99718195	1.0	False	liver	early	nucleotide_transformer
1176	0.001956284	0.9086331	0.9066768	0.003446789	0.99725044	1.0	False	liver	early	nucleotide_transformer
4015	0.0019389987	0.9074518	0.9055128	0.0034207592	0.9972712	1.0	False	liver	early	nucleotide_transformer
4815	0.0016896129	0.907099	0.9054094	0.002981661	0.9976215	1.0	False	liver	early	nucleotide_transformer
3187	0.0016382933	0.9075085	0.9058702	0.0028897321	0.9976948	1.0	False	liver	early	nucleotide_transformer
3818	0.0016103983	0.90848655	0.90687615	0.0028374344	0.9977365	1.0	False	liver	early	nucleotide_transformer
2545	0.0015639663	0.9078326	0.90626866	0.0027575644	0.99780023	1.0	False	liver	early	nucleotide_transformer
1159	0.0015621781	0.90833956	0.9067774	0.0027528708	0.997804	1.0	False	liver	early	nucleotide_transformer
3167	0.0015576482	0.9074858	0.90592813	0.00274747	0.9978083	1.0	False	liver	early	nucleotide_transformer
796	0.0015490055	0.9083338	0.9067848	0.002729661	0.99782246	1.0	False	liver	early	nucleotide_transformer
4402	0.001537025	0.9074948	0.90595776	0.002711044	0.9978373	1.0	False	liver	early	nucleotide_transformer
3989	0.0015275478	0.90829223	0.9067647	0.0026919479	0.99785256	1.0	False	liver	early	nucleotide_transformer
4084	0.00151968	0.90827775	0.90675807	0.002678117	0.9978636	1.0	False	liver	early	nucleotide_transformer
4847	0.0015133023	0.907618	0.9061047	0.0026688117	0.99787104	1.0	False	liver	early	nucleotide_transformer
4353	0.0015106201	0.90835714	0.9068465	0.0026619053	0.9978765	1.0	False	liver	early	nucleotide_transformer
1434	0.0014912486	0.9070349	0.9055436	0.0026315795	0.9979007	1.0	False	liver	early	nucleotide_transformer
601	0.0014855266	0.9074379	0.9059524	0.002620316	0.9979097	1.0	False	liver	early	nucleotide_transformer
4784	0.0014685392	0.9075059	0.9060374	0.0025901448	0.9979338	1.0	False	liver	early	nucleotide_transformer
3935	0.001467526	0.90760565	0.9061381	0.0025880688	0.9979354	1.0	False	liver	early	nucleotide_transformer
744	0.001455307	0.9075191	0.9060638	0.0025667523	0.99795246	1.0	False	liver	early	nucleotide_transformer
2125	0.0014423728	0.90825325	0.9068109	0.0025418652	0.9979723	1.0	False	liver	early	nucleotide_transformer
94	0.0014366508	0.90726554	0.9058289	0.0025345401	0.99797815	1.0	False	liver	early	nucleotide_transformer
2492	0.0014278889	0.9076575	0.9062296	0.002517984	0.9979913	1.0	False	liver	early	nucleotide_transformer
1651	0.0014228821	0.90754706	0.9061242	0.0025094536	0.9979981	1.0	False	liver	early	nucleotide_transformer
1211	0.0014184713	0.9071777	0.9057592	0.0025026875	0.99800354	1.0	False	liver	early	nucleotide_transformer
3366	0.0014163852	0.9084087	0.9069923	0.0024956146	0.9980092	1.0	False	liver	early	nucleotide_transformer
322	0.0014076233	0.90753514	0.9061275	0.0024825602	0.9980196	1.0	False	liver	early	nucleotide_transformer
36	0.0013896823	0.9076164	0.9062267	0.0024506834	0.998045	1.0	False	liver	early	nucleotide_transformer
4364	0.0013772249	0.9073756	0.90599835	0.0024293447	0.9980621	1.0	False	liver	early	nucleotide_transformer
3834	0.0013749003	0.9080292	0.9066543	0.0024234965	0.9980667	1.0	False	liver	early	nucleotide_transformer
3181	0.0013579726	0.90736586	0.9060079	0.0023953915	0.99808913	1.0	False	liver	early	nucleotide_transformer
2251	0.001354456	0.90757626	0.9062218	0.0023886336	0.99809456	1.0	False	liver	early	nucleotide_transformer
3296	0.0013362169	0.9077874	0.90645117	0.0023559043	0.99812067	1.0	False	liver	early	nucleotide_transformer
660	0.0013202429	0.9083653	0.90704507	0.00232624	0.9981443	1.0	False	liver	early	nucleotide_transformer
893	0.0013124943	0.9074603	0.9061478	0.0023148886	0.9981533	1.0	False	liver	early	nucleotide_transformer
3267	0.0013068914	0.9076074	0.9063005	0.0023046313	0.99816155	1.0	False	liver	early	nucleotide_transformer
4820	0.0012953877	0.9074009	0.9061055	0.0022848502	0.9981773	1.0	False	liver	early	nucleotide_transformer
865	0.0012883544	0.90770155	0.9064132	0.0022716878	0.99818784	1.0	False	liver	early	nucleotide_transformer
4284	0.0012617707	0.9074303	0.9061685	0.0022254512	0.9982247	1.0	False	liver	early	nucleotide_transformer
2626	0.001260221	0.90679586	0.90553564	0.0022242714	0.9982256	1.0	False	liver	early	nucleotide_transformer
3134	0.0012511611	0.90786856	0.9066174	0.0022056638	0.9982405	1.0	False	liver	early	nucleotide_transformer
3471	0.0012344718	0.9076971	0.9064626	0.0021766429	0.99826366	1.0	False	liver	early	nucleotide_transformer
693	0.0012331605	0.90750396	0.9062708	0.002174794	0.9982651	1.0	False	liver	early	nucleotide_transformer
2737	0.0012288094	0.90692127	0.90569246	0.0021685057	0.99827015	1.0	False	liver	early	nucleotide_transformer
4176	0.0012248755	0.90812373	0.90689886	0.002158693	0.99827796	1.0	False	liver	early	nucleotide_transformer
4045	0.0012129545	0.907676	0.906463	0.0021387336	0.9982939	1.0	False	liver	early	nucleotide_transformer
3463	0.0011977553	0.9073279	0.90613014	0.0021127309	0.9983146	1.0	False	liver	early	nucleotide_transformer
2729	0.0011926293	0.90777963	0.906587	0.0021026398	0.99832267	1.0	False	liver	early	nucleotide_transformer
1248	0.0011865497	0.9075739	0.9063873	0.0020923896	0.99833083	1.0	False	liver	early	nucleotide_transformer
776	0.0011551976	0.9072843	0.9061291	0.002037727	0.99837446	1.0	False	liver	early	nucleotide_transformer
4653	0.0011495352	0.9075342	0.90638465	0.0020271752	0.99838287	1.0	False	liver	early	nucleotide_transformer
1892	0.0011293292	0.9074858	0.90635645	0.001991635	0.99841124	1.0	False	liver	early	nucleotide_transformer
649	0.0011253357	0.9074446	0.90631926	0.001984676	0.9984168	1.0	False	liver	early	nucleotide_transformer
957	0.0011044741	0.90720934	0.90610486	0.0019483763	0.99844575	1.0	False	liver	early	nucleotide_transformer
4315	0.001104176	0.907485	0.90638083	0.0019472564	0.99844664	1.0	False	liver	early	nucleotide_transformer
262	0.0010858178	0.9073339	0.9062481	0.0019151851	0.9984722	1.0	False	liver	early	nucleotide_transformer
2208	0.0010691881	0.90697896	0.9059098	0.0018865804	0.99849504	1.0	False	liver	early	nucleotide_transformer
4274	0.0007340312	0.90689814	0.9061641	0.0012951368	0.9989668	1.0	False	liver	early	nucleotide_transformer
4395	0.00064224005	0.9071082	0.90646595	0.0011328765	0.9990963	1.0	False	liver	early	nucleotide_transformer
7	0.0	0.0	0.0				False	liver	early	nucleotide_transformer
16	0.0	0.0	0.0				False	liver	early	nucleotide_transformer
20	0.0	0.0	0.0				False	liver	early	nucleotide_transformer
26	0.0	0.0	0.0				False	liver	early	nucleotide_transformer
31	0.0	0.0	0.0				False	liver	early	nucleotide_transformer
39	0.0	0.0	0.0				False	liver	early	nucleotide_transformer
46	0.0	0.0	0.0				False	liver	early	nucleotide_transformer
47	0.0	0.0	0.0				False	liver	early	nucleotide_transformer
50	0.0	0.0	0.0				False	liver	early	nucleotide_transformer
68	0.0	0.0	0.0				False	liver	early	nucleotide_transformer
72	0.0	0.0	0.0				False	liver	early	nucleotide_transformer
80	0.0	0.0	0.0				False	liver	early	nucleotide_transformer
86	0.0	0.0	0.0				False	liver	early	nucleotide_transformer
92	0.0	0.0	0.0				False	liver	early	nucleotide_transformer
95	0.0	0.0	0.0				False	liver	early	nucleotide_transformer
98	0.0	0.0	0.0				False	liver	early	nucleotide_transformer
99	0.0	0.0	0.0				False	liver	early	nucleotide_transformer
107	0.0	0.0	0.0				False	liver	early	nucleotide_transformer
111	0.0	0.0	0.0				False	liver	early	nucleotide_transformer
114	0.0	0.0	0.0				False	liver	early	nucleotide_transformer
121	0.0	0.0	0.0				False	liver	early	nucleotide_transformer
128	0.0	0.0	0.0				False	liver	early	nucleotide_transformer
139	0.0	0.0	0.0				False	liver	early	nucleotide_transformer
140	0.0	0.0	0.0				False	liver	early	nucleotide_transformer
161	0.0	0.0	0.0				False	liver	early	nucleotide_transformer
166	0.0	0.0	0.0				False	liver	early	nucleotide_transformer
167	0.0	0.0	0.0				False	liver	early	nucleotide_transformer
168	0.0	0.0	0.0				False	liver	early	nucleotide_transformer
183	0.0	0.0	0.0				False	liver	early	nucleotide_transformer
195	0.0	0.0	0.0				False	liver	early	nucleotide_transformer
196	0.0	0.0	0.0				False	liver	early	nucleotide_transformer
198	0.0	0.0	0.0				False	liver	early	nucleotide_transformer
209	0.0	0.0	0.0				False	liver	early	nucleotide_transformer
231	0.0	0.0	0.0				False	liver	early	nucleotide_transformer
238	0.0	0.0	0.0				False	liver	early	nucleotide_transformer
240	0.0	0.0	0.0				False	liver	early	nucleotide_transformer
254	0.0	0.0	0.0				False	liver	early	nucleotide_transformer
272	0.0	0.0	0.0				False	liver	early	nucleotide_transformer
273	0.0	0.0	0.0				False	liver	early	nucleotide_transformer
291	0.0	0.0	0.0				False	liver	early	nucleotide_transformer
294	0.0	0.0	0.0				False	liver	early	nucleotide_transformer
319	0.0	0.0	0.0				False	liver	early	nucleotide_transformer
321	0.0	0.0	0.0				False	liver	early	nucleotide_transformer
332	0.0	0.0	0.0				False	liver	early	nucleotide_transformer
342	0.0	0.0	0.0				False	liver	early	nucleotide_transformer
350	0.0	0.0	0.0				False	liver	early	nucleotide_transformer
353	0.0	0.0	0.0				False	liver	early	nucleotide_transformer
358	0.0	0.0	0.0				False	liver	early	nucleotide_transformer
359	0.0	0.0	0.0				False	liver	early	nucleotide_transformer
361	0.0	0.0	0.0				False	liver	early	nucleotide_transformer
387	0.0	0.0	0.0				False	liver	early	nucleotide_transformer
392	0.0	0.0	0.0				False	liver	early	nucleotide_transformer
399	0.0	0.0	0.0				False	liver	early	nucleotide_transformer
400	0.0	0.0	0.0				False	liver	early	nucleotide_transformer
415	0.0	0.0	0.0				False	liver	early	nucleotide_transformer
416	0.0	0.0	0.0				False	liver	early	nucleotide_transformer
423	0.0	0.0	0.0				False	liver	early	nucleotide_transformer
424	0.0	0.0	0.0				False	liver	early	nucleotide_transformer
433	0.0	0.0	0.0				False	liver	early	nucleotide_transformer
434	0.0	0.0	0.0				False	liver	early	nucleotide_transformer
435	0.0	0.0	0.0				False	liver	early	nucleotide_transformer
442	0.0	0.0	0.0				False	liver	early	nucleotide_transformer
446	0.0	0.0	0.0				False	liver	early	nucleotide_transformer
465	0.0	0.0	0.0				False	liver	early	nucleotide_transformer
471	0.0	0.0	0.0				False	liver	early	nucleotide_transformer
473	0.0	0.0	0.0				False	liver	early	nucleotide_transformer
487	0.0	0.0	0.0				False	liver	early	nucleotide_transformer
490	0.0	0.0	0.0				False	liver	early	nucleotide_transformer
492	0.0	0.0	0.0				False	liver	early	nucleotide_transformer
503	0.0	0.0	0.0				False	liver	early	nucleotide_transformer
507	0.0	0.0	0.0				False	liver	early	nucleotide_transformer
512	0.0	0.0	0.0				False	liver	early	nucleotide_transformer
538	0.0	0.0	0.0				False	liver	early	nucleotide_transformer
549	0.0	0.0	0.0				False	liver	early	nucleotide_transformer
563	0.0	0.0	0.0				False	liver	early	nucleotide_transformer
571	0.0	0.0	0.0				False	liver	early	nucleotide_transformer
574	0.0	0.0	0.0				False	liver	early	nucleotide_transformer
575	0.0	0.0	0.0				False	liver	early	nucleotide_transformer
586	0.0	0.0	0.0				False	liver	early	nucleotide_transformer
587	0.0	0.0	0.0				False	liver	early	nucleotide_transformer
589	0.0	0.0	0.0				False	liver	early	nucleotide_transformer
595	0.0	0.0	0.0				False	liver	early	nucleotide_transformer
608	0.0	0.0	0.0				False	liver	early	nucleotide_transformer
613	0.0	0.0	0.0				False	liver	early	nucleotide_transformer
614	0.0	0.0	0.0				False	liver	early	nucleotide_transformer
630	0.0	0.0	0.0				False	liver	early	nucleotide_transformer
639	0.0	0.0	0.0				False	liver	early	nucleotide_transformer
643	0.0	0.0	0.0				False	liver	early	nucleotide_transformer
654	0.0	0.0	0.0				False	liver	early	nucleotide_transformer
656	0.0	0.0	0.0				False	liver	early	nucleotide_transformer
658	0.0	0.0	0.0				False	liver	early	nucleotide_transformer
659	0.0	0.0	0.0				False	liver	early	nucleotide_transformer
661	0.0	0.0	0.0				False	liver	early	nucleotide_transformer
665	0.0	0.0	0.0				False	liver	early	nucleotide_transformer
674	0.0	0.0	0.0				False	liver	early	nucleotide_transformer
679	0.0	0.0	0.0				False	liver	early	nucleotide_transformer
694	0.0	0.0	0.0				False	liver	early	nucleotide_transformer
706	0.0	0.0	0.0				False	liver	early	nucleotide_transformer
715	0.0	0.0	0.0				False	liver	early	nucleotide_transformer
740	0.0	0.0	0.0				False	liver	early	nucleotide_transformer
745	0.0	0.0	0.0				False	liver	early	nucleotide_transformer
748	0.0	0.0	0.0				False	liver	early	nucleotide_transformer
760	0.0	0.0	0.0				False	liver	early	nucleotide_transformer
761	0.0	0.0	0.0				False	liver	early	nucleotide_transformer
771	0.0	0.0	0.0				False	liver	early	nucleotide_transformer
773	0.0	0.0	0.0				False	liver	early	nucleotide_transformer
784	0.0	0.0	0.0				False	liver	early	nucleotide_transformer
801	0.0	0.0	0.0				False	liver	early	nucleotide_transformer
803	0.0	0.0	0.0				False	liver	early	nucleotide_transformer
811	0.0	0.0	0.0				False	liver	early	nucleotide_transformer
816	0.0	0.0	0.0				False	liver	early	nucleotide_transformer
818	0.0	0.0	0.0				False	liver	early	nucleotide_transformer
821	0.0	0.0	0.0				False	liver	early	nucleotide_transformer
828	0.0	0.0	0.0				False	liver	early	nucleotide_transformer
840	0.0	0.0	0.0				False	liver	early	nucleotide_transformer
843	0.0	0.0	0.0				False	liver	early	nucleotide_transformer
855	0.0	0.0	0.0				False	liver	early	nucleotide_transformer
861	0.0	0.0	0.0				False	liver	early	nucleotide_transformer
862	0.0	0.0	0.0				False	liver	early	nucleotide_transformer
870	0.0	0.0	0.0				False	liver	early	nucleotide_transformer
874	0.0	0.0	0.0				False	liver	early	nucleotide_transformer
885	0.0	0.0	0.0				False	liver	early	nucleotide_transformer
892	0.0	0.0	0.0				False	liver	early	nucleotide_transformer
903	0.0	0.0	0.0				False	liver	early	nucleotide_transformer
909	0.0	0.0	0.0				False	liver	early	nucleotide_transformer
911	0.0	0.0	0.0				False	liver	early	nucleotide_transformer
915	0.0	0.0	0.0				False	liver	early	nucleotide_transformer
916	0.0	0.0	0.0				False	liver	early	nucleotide_transformer
938	0.0	0.0	0.0				False	liver	early	nucleotide_transformer
939	0.0	0.0	0.0				False	liver	early	nucleotide_transformer
942	0.0	0.0	0.0				False	liver	early	nucleotide_transformer
943	0.0	0.0	0.0				False	liver	early	nucleotide_transformer
952	0.0	0.0	0.0				False	liver	early	nucleotide_transformer
953	0.0	0.0	0.0				False	liver	early	nucleotide_transformer
961	0.0	0.0	0.0				False	liver	early	nucleotide_transformer
967	0.0	0.0	0.0				False	liver	early	nucleotide_transformer
974	0.0	0.0	0.0				False	liver	early	nucleotide_transformer
983	0.0	0.0	0.0				False	liver	early	nucleotide_transformer
984	0.0	0.0	0.0				False	liver	early	nucleotide_transformer
987	0.0	0.0	0.0				False	liver	early	nucleotide_transformer
993	0.0	0.0	0.0				False	liver	early	nucleotide_transformer
999	0.0	0.0	0.0				False	liver	early	nucleotide_transformer
1000	0.0	0.0	0.0				False	liver	early	nucleotide_transformer
1013	0.0	0.0	0.0				False	liver	early	nucleotide_transformer
1015	0.0	0.0	0.0				False	liver	early	nucleotide_transformer
1020	0.0	0.0	0.0				False	liver	early	nucleotide_transformer
1023	0.0	0.0	0.0				False	liver	early	nucleotide_transformer
1024	0.0	0.0	0.0				False	liver	early	nucleotide_transformer
1030	0.0	0.0	0.0				False	liver	early	nucleotide_transformer
1031	0.0	0.0	0.0				False	liver	early	nucleotide_transformer
1037	0.0	0.0	0.0				False	liver	early	nucleotide_transformer
1043	0.0	0.0	0.0				False	liver	early	nucleotide_transformer
1046	0.0	0.0	0.0				False	liver	early	nucleotide_transformer
1052	0.0	0.0	0.0				False	liver	early	nucleotide_transformer
1053	0.0	0.0	0.0				False	liver	early	nucleotide_transformer
1057	0.0	0.0	0.0				False	liver	early	nucleotide_transformer
1058	0.0	0.0	0.0				False	liver	early	nucleotide_transformer
1067	0.0	0.0	0.0				False	liver	early	nucleotide_transformer
1078	0.0	0.0	0.0				False	liver	early	nucleotide_transformer
1088	0.0	0.0	0.0				False	liver	early	nucleotide_transformer
1089	0.0	0.0	0.0				False	liver	early	nucleotide_transformer
1091	0.0	0.0	0.0				False	liver	early	nucleotide_transformer
1094	0.0	0.0	0.0				False	liver	early	nucleotide_transformer
1096	0.0	0.0	0.0				False	liver	early	nucleotide_transformer
1101	0.0	0.0	0.0				False	liver	early	nucleotide_transformer
1102	0.0	0.0	0.0				False	liver	early	nucleotide_transformer
1107	0.0	0.0	0.0				False	liver	early	nucleotide_transformer
1115	0.0	0.0	0.0				False	liver	early	nucleotide_transformer
1127	0.0	0.0	0.0				False	liver	early	nucleotide_transformer
1129	0.0	0.0	0.0				False	liver	early	nucleotide_transformer
1130	0.0	0.0	0.0				False	liver	early	nucleotide_transformer
1134	0.0	0.0	0.0				False	liver	early	nucleotide_transformer
1146	0.0	0.0	0.0				False	liver	early	nucleotide_transformer
1148	0.0	0.0	0.0				False	liver	early	nucleotide_transformer
1155	0.0	0.0	0.0				False	liver	early	nucleotide_transformer
1163	0.0	0.0	0.0				False	liver	early	nucleotide_transformer
1168	0.0	0.0	0.0				False	liver	early	nucleotide_transformer
1170	0.0	0.0	0.0				False	liver	early	nucleotide_transformer
1175	0.0	0.0	0.0				False	liver	early	nucleotide_transformer
1179	0.0	0.0	0.0				False	liver	early	nucleotide_transformer
1183	0.0	0.0	0.0				False	liver	early	nucleotide_transformer
1186	0.0	0.0	0.0				False	liver	early	nucleotide_transformer
1191	0.0	0.0	0.0				False	liver	early	nucleotide_transformer
1201	0.0	0.0	0.0				False	liver	early	nucleotide_transformer
1213	0.0	0.0	0.0				False	liver	early	nucleotide_transformer
1215	0.0	0.0	0.0				False	liver	early	nucleotide_transformer
1220	0.0	0.0	0.0				False	liver	early	nucleotide_transformer
1222	0.0	0.0	0.0				False	liver	early	nucleotide_transformer
1225	0.0	0.0	0.0				False	liver	early	nucleotide_transformer
1235	0.0	0.0	0.0				False	liver	early	nucleotide_transformer
1247	0.0	0.0	0.0				False	liver	early	nucleotide_transformer
1255	0.0	0.0	0.0				False	liver	early	nucleotide_transformer
1262	0.0	0.0	0.0				False	liver	early	nucleotide_transformer
1264	0.0	0.0	0.0				False	liver	early	nucleotide_transformer
1271	0.0	0.0	0.0				False	liver	early	nucleotide_transformer
1280	0.0	0.0	0.0				False	liver	early	nucleotide_transformer
1286	0.0	0.0	0.0				False	liver	early	nucleotide_transformer
1287	0.0	0.0	0.0				False	liver	early	nucleotide_transformer
1293	0.0	0.0	0.0				False	liver	early	nucleotide_transformer
1295	0.0	0.0	0.0				False	liver	early	nucleotide_transformer
1311	0.0	0.0	0.0				False	liver	early	nucleotide_transformer
1337	0.0	0.0	0.0				False	liver	early	nucleotide_transformer
1343	0.0	0.0	0.0				False	liver	early	nucleotide_transformer
1349	0.0	0.0	0.0				False	liver	early	nucleotide_transformer
1350	0.0	0.0	0.0				False	liver	early	nucleotide_transformer
1353	0.0	0.0	0.0				False	liver	early	nucleotide_transformer
1358	0.0	0.0	0.0				False	liver	early	nucleotide_transformer
1372	0.0	0.0	0.0				False	liver	early	nucleotide_transformer
1375	0.0	0.0	0.0				False	liver	early	nucleotide_transformer
1377	0.0	0.0	0.0				False	liver	early	nucleotide_transformer
1382	0.0	0.0	0.0				False	liver	early	nucleotide_transformer
1384	0.0	0.0	0.0				False	liver	early	nucleotide_transformer
1390	0.0	0.0	0.0				False	liver	early	nucleotide_transformer
1391	0.0	0.0	0.0				False	liver	early	nucleotide_transformer
1404	0.0	0.0	0.0				False	liver	early	nucleotide_transformer
1406	0.0	0.0	0.0				False	liver	early	nucleotide_transformer
1416	0.0	0.0	0.0				False	liver	early	nucleotide_transformer
1417	0.0	0.0	0.0				False	liver	early	nucleotide_transformer
1428	0.0	0.0	0.0				False	liver	early	nucleotide_transformer
1433	0.0	0.0	0.0				False	liver	early	nucleotide_transformer
1447	0.0	0.0	0.0				False	liver	early	nucleotide_transformer
1451	0.0	0.0	0.0				False	liver	early	nucleotide_transformer
1456	0.0	0.0	0.0				False	liver	early	nucleotide_transformer
1460	0.0	0.0	0.0				False	liver	early	nucleotide_transformer
1468	0.0	0.0	0.0				False	liver	early	nucleotide_transformer
1474	0.0	0.0	0.0				False	liver	early	nucleotide_transformer
1480	0.0	0.0	0.0				False	liver	early	nucleotide_transformer
1528	0.0	0.0	0.0				False	liver	early	nucleotide_transformer
1530	0.0	0.0	0.0				False	liver	early	nucleotide_transformer
1560	0.0	0.0	0.0				False	liver	early	nucleotide_transformer
1562	0.0	0.0	0.0				False	liver	early	nucleotide_transformer
1566	0.0	0.0	0.0				False	liver	early	nucleotide_transformer
1568	0.0	0.0	0.0				False	liver	early	nucleotide_transformer
1569	0.0	0.0	0.0				False	liver	early	nucleotide_transformer
1570	0.0	0.0	0.0				False	liver	early	nucleotide_transformer
1571	0.0	0.0	0.0				False	liver	early	nucleotide_transformer
1572	0.0	0.0	0.0				False	liver	early	nucleotide_transformer
1576	0.0	0.0	0.0				False	liver	early	nucleotide_transformer
1581	0.0	0.0	0.0				False	liver	early	nucleotide_transformer
1595	0.0	0.0	0.0				False	liver	early	nucleotide_transformer
1604	0.0	0.0	0.0				False	liver	early	nucleotide_transformer
1608	0.0	0.0	0.0				False	liver	early	nucleotide_transformer
1610	0.0	0.0	0.0				False	liver	early	nucleotide_transformer
1611	0.0	0.0	0.0				False	liver	early	nucleotide_transformer
1613	0.0	0.0	0.0				False	liver	early	nucleotide_transformer
1614	0.0	0.0	0.0				False	liver	early	nucleotide_transformer
1636	0.0	0.0	0.0				False	liver	early	nucleotide_transformer
1637	0.0	0.0	0.0				False	liver	early	nucleotide_transformer
1640	0.0	0.0	0.0				False	liver	early	nucleotide_transformer
1643	0.0	0.0	0.0				False	liver	early	nucleotide_transformer
1645	0.0	0.0	0.0				False	liver	early	nucleotide_transformer
1655	0.0	0.0	0.0				False	liver	early	nucleotide_transformer
1656	0.0	0.0	0.0				False	liver	early	nucleotide_transformer
1666	0.0	0.0	0.0				False	liver	early	nucleotide_transformer
1672	0.0	0.0	0.0				False	liver	early	nucleotide_transformer
1673	0.0	0.0	0.0				False	liver	early	nucleotide_transformer
1680	0.0	0.0	0.0				False	liver	early	nucleotide_transformer
1689	0.0	0.0	0.0				False	liver	early	nucleotide_transformer
1700	0.0	0.0	0.0				False	liver	early	nucleotide_transformer
1701	0.0	0.0	0.0				False	liver	early	nucleotide_transformer
1703	0.0	0.0	0.0				False	liver	early	nucleotide_transformer
1712	0.0	0.0	0.0				False	liver	early	nucleotide_transformer
1713	0.0	0.0	0.0				False	liver	early	nucleotide_transformer
1716	0.0	0.0	0.0				False	liver	early	nucleotide_transformer
1717	0.0	0.0	0.0				False	liver	early	nucleotide_transformer
1720	0.0	0.0	0.0				False	liver	early	nucleotide_transformer
1731	0.0	0.0	0.0				False	liver	early	nucleotide_transformer
1739	0.0	0.0	0.0				False	liver	early	nucleotide_transformer
1751	0.0	0.0	0.0				False	liver	early	nucleotide_transformer
1755	0.0	0.0	0.0				False	liver	early	nucleotide_transformer
1756	0.0	0.0	0.0				False	liver	early	nucleotide_transformer
1758	0.0	0.0	0.0				False	liver	early	nucleotide_transformer
1760	0.0	0.0	0.0				False	liver	early	nucleotide_transformer
1772	0.0	0.0	0.0				False	liver	early	nucleotide_transformer
1774	0.0	0.0	0.0				False	liver	early	nucleotide_transformer
1791	0.0	0.0	0.0				False	liver	early	nucleotide_transformer
1792	0.0	0.0	0.0				False	liver	early	nucleotide_transformer
1793	0.0	0.0	0.0				False	liver	early	nucleotide_transformer
1803	0.0	0.0	0.0				False	liver	early	nucleotide_transformer
1807	0.0	0.0	0.0				False	liver	early	nucleotide_transformer
1811	0.0	0.0	0.0				False	liver	early	nucleotide_transformer
1812	0.0	0.0	0.0				False	liver	early	nucleotide_transformer
1816	0.0	0.0	0.0				False	liver	early	nucleotide_transformer
1817	0.0	0.0	0.0				False	liver	early	nucleotide_transformer
1824	0.0	0.0	0.0				False	liver	early	nucleotide_transformer
1825	0.0	0.0	0.0				False	liver	early	nucleotide_transformer
1828	0.0	0.0	0.0				False	liver	early	nucleotide_transformer
1831	0.0	0.0	0.0				False	liver	early	nucleotide_transformer
1839	0.0	0.0	0.0				False	liver	early	nucleotide_transformer
1840	0.0	0.0	0.0				False	liver	early	nucleotide_transformer
1851	0.0	0.0	0.0				False	liver	early	nucleotide_transformer
1853	0.0	0.0	0.0				False	liver	early	nucleotide_transformer
1868	0.0	0.0	0.0				False	liver	early	nucleotide_transformer
1882	0.0	0.0	0.0				False	liver	early	nucleotide_transformer
1890	0.0	0.0	0.0				False	liver	early	nucleotide_transformer
1895	0.0	0.0	0.0				False	liver	early	nucleotide_transformer
1898	0.0	0.0	0.0				False	liver	early	nucleotide_transformer
1917	0.0	0.0	0.0				False	liver	early	nucleotide_transformer
1918	0.0	0.0	0.0				False	liver	early	nucleotide_transformer
1929	0.0	0.0	0.0				False	liver	early	nucleotide_transformer
1931	0.0	0.0	0.0				False	liver	early	nucleotide_transformer
1933	0.0	0.0	0.0				False	liver	early	nucleotide_transformer
1937	0.0	0.0	0.0				False	liver	early	nucleotide_transformer
1941	0.0	0.0	0.0				False	liver	early	nucleotide_transformer
1944	0.0	0.0	0.0				False	liver	early	nucleotide_transformer
1949	0.0	0.0	0.0				False	liver	early	nucleotide_transformer
1951	0.0	0.0	0.0				False	liver	early	nucleotide_transformer
1953	0.0	0.0	0.0				False	liver	early	nucleotide_transformer
1960	0.0	0.0	0.0				False	liver	early	nucleotide_transformer
1962	0.0	0.0	0.0				False	liver	early	nucleotide_transformer
1968	0.0	0.0	0.0				False	liver	early	nucleotide_transformer
1978	0.0	0.0	0.0				False	liver	early	nucleotide_transformer
1988	0.0	0.0	0.0				False	liver	early	nucleotide_transformer
1991	0.0	0.0	0.0				False	liver	early	nucleotide_transformer
1992	0.0	0.0	0.0				False	liver	early	nucleotide_transformer
2003	0.0	0.0	0.0				False	liver	early	nucleotide_transformer
2009	0.0	0.0	0.0				False	liver	early	nucleotide_transformer
2024	0.0	0.0	0.0				False	liver	early	nucleotide_transformer
2028	0.0	0.0	0.0				False	liver	early	nucleotide_transformer
2039	0.0	0.0	0.0				False	liver	early	nucleotide_transformer
2046	0.0	0.0	0.0				False	liver	early	nucleotide_transformer
2049	0.0	0.0	0.0				False	liver	early	nucleotide_transformer
2071	0.0	0.0	0.0				False	liver	early	nucleotide_transformer
2072	0.0	0.0	0.0				False	liver	early	nucleotide_transformer
2089	0.0	0.0	0.0				False	liver	early	nucleotide_transformer
2090	0.0	0.0	0.0				False	liver	early	nucleotide_transformer
2096	0.0	0.0	0.0				False	liver	early	nucleotide_transformer
2102	0.0	0.0	0.0				False	liver	early	nucleotide_transformer
2108	0.0	0.0	0.0				False	liver	early	nucleotide_transformer
2114	0.0	0.0	0.0				False	liver	early	nucleotide_transformer
2128	0.0	0.0	0.0				False	liver	early	nucleotide_transformer
2135	0.0	0.0	0.0				False	liver	early	nucleotide_transformer
2144	0.0	0.0	0.0				False	liver	early	nucleotide_transformer
2145	0.0	0.0	0.0				False	liver	early	nucleotide_transformer
2149	0.0	0.0	0.0				False	liver	early	nucleotide_transformer
2162	0.0	0.0	0.0				False	liver	early	nucleotide_transformer
2168	0.0	0.0	0.0				False	liver	early	nucleotide_transformer
2170	0.0	0.0	0.0				False	liver	early	nucleotide_transformer
2171	0.0	0.0	0.0				False	liver	early	nucleotide_transformer
2175	0.0	0.0	0.0				False	liver	early	nucleotide_transformer
2176	0.0	0.0	0.0				False	liver	early	nucleotide_transformer
2177	0.0	0.0	0.0				False	liver	early	nucleotide_transformer
2191	0.0	0.0	0.0				False	liver	early	nucleotide_transformer
2214	0.0	0.0	0.0				False	liver	early	nucleotide_transformer
2217	0.0	0.0	0.0				False	liver	early	nucleotide_transformer
2218	0.0	0.0	0.0				False	liver	early	nucleotide_transformer
2225	0.0	0.0	0.0				False	liver	early	nucleotide_transformer
2226	0.0	0.0	0.0				False	liver	early	nucleotide_transformer
2234	0.0	0.0	0.0				False	liver	early	nucleotide_transformer
2235	0.0	0.0	0.0				False	liver	early	nucleotide_transformer
2237	0.0	0.0	0.0				False	liver	early	nucleotide_transformer
2238	0.0	0.0	0.0				False	liver	early	nucleotide_transformer
2243	0.0	0.0	0.0				False	liver	early	nucleotide_transformer
2246	0.0	0.0	0.0				False	liver	early	nucleotide_transformer
2247	0.0	0.0	0.0				False	liver	early	nucleotide_transformer
2250	0.0	0.0	0.0				False	liver	early	nucleotide_transformer
2255	0.0	0.0	0.0				False	liver	early	nucleotide_transformer
2257	0.0	0.0	0.0				False	liver	early	nucleotide_transformer
2258	0.0	0.0	0.0				False	liver	early	nucleotide_transformer
2271	0.0	0.0	0.0				False	liver	early	nucleotide_transformer
2278	0.0	0.0	0.0				False	liver	early	nucleotide_transformer
2280	0.0	0.0	0.0				False	liver	early	nucleotide_transformer
2282	0.0	0.0	0.0				False	liver	early	nucleotide_transformer
2288	0.0	0.0	0.0				False	liver	early	nucleotide_transformer
2289	0.0	0.0	0.0				False	liver	early	nucleotide_transformer
2292	0.0	0.0	0.0				False	liver	early	nucleotide_transformer
2296	0.0	0.0	0.0				False	liver	early	nucleotide_transformer
2299	0.0	0.0	0.0				False	liver	early	nucleotide_transformer
2308	0.0	0.0	0.0				False	liver	early	nucleotide_transformer
2309	0.0	0.0	0.0				False	liver	early	nucleotide_transformer
2316	0.0	0.0	0.0				False	liver	early	nucleotide_transformer
2318	0.0	0.0	0.0				False	liver	early	nucleotide_transformer
2325	0.0	0.0	0.0				False	liver	early	nucleotide_transformer
2326	0.0	0.0	0.0				False	liver	early	nucleotide_transformer
2335	0.0	0.0	0.0				False	liver	early	nucleotide_transformer
2337	0.0	0.0	0.0				False	liver	early	nucleotide_transformer
2348	0.0	0.0	0.0				False	liver	early	nucleotide_transformer
2349	0.0	0.0	0.0				False	liver	early	nucleotide_transformer
2360	0.0	0.0	0.0				False	liver	early	nucleotide_transformer
2362	0.0	0.0	0.0				False	liver	early	nucleotide_transformer
2368	0.0	0.0	0.0				False	liver	early	nucleotide_transformer
2370	0.0	0.0	0.0				False	liver	early	nucleotide_transformer
2371	0.0	0.0	0.0				False	liver	early	nucleotide_transformer
2374	0.0	0.0	0.0				False	liver	early	nucleotide_transformer
2385	0.0	0.0	0.0				False	liver	early	nucleotide_transformer
2389	0.0	0.0	0.0				False	liver	early	nucleotide_transformer
2391	0.0	0.0	0.0				False	liver	early	nucleotide_transformer
2399	0.0	0.0	0.0				False	liver	early	nucleotide_transformer
2404	0.0	0.0	0.0				False	liver	early	nucleotide_transformer
2408	0.0	0.0	0.0				False	liver	early	nucleotide_transformer
2409	0.0	0.0	0.0				False	liver	early	nucleotide_transformer
2411	0.0	0.0	0.0				False	liver	early	nucleotide_transformer
2416	0.0	0.0	0.0				False	liver	early	nucleotide_transformer
2429	0.0	0.0	0.0				False	liver	early	nucleotide_transformer
2437	0.0	0.0	0.0				False	liver	early	nucleotide_transformer
2439	0.0	0.0	0.0				False	liver	early	nucleotide_transformer
2442	0.0	0.0	0.0				False	liver	early	nucleotide_transformer
2447	0.0	0.0	0.0				False	liver	early	nucleotide_transformer
2449	0.0	0.0	0.0				False	liver	early	nucleotide_transformer
2455	0.0	0.0	0.0				False	liver	early	nucleotide_transformer
2464	0.0	0.0	0.0				False	liver	early	nucleotide_transformer
2483	0.0	0.0	0.0				False	liver	early	nucleotide_transformer
2484	0.0	0.0	0.0				False	liver	early	nucleotide_transformer
2487	0.0	0.0	0.0				False	liver	early	nucleotide_transformer
2494	0.0	0.0	0.0				False	liver	early	nucleotide_transformer
2515	0.0	0.0	0.0				False	liver	early	nucleotide_transformer
2516	0.0	0.0	0.0				False	liver	early	nucleotide_transformer
2522	0.0	0.0	0.0				False	liver	early	nucleotide_transformer
2523	0.0	0.0	0.0				False	liver	early	nucleotide_transformer
2536	0.0	0.0	0.0				False	liver	early	nucleotide_transformer
2542	0.0	0.0	0.0				False	liver	early	nucleotide_transformer
2549	0.0	0.0	0.0				False	liver	early	nucleotide_transformer
2550	0.0	0.0	0.0				False	liver	early	nucleotide_transformer
2551	0.0	0.0	0.0				False	liver	early	nucleotide_transformer
2556	0.0	0.0	0.0				False	liver	early	nucleotide_transformer
2557	0.0	0.0	0.0				False	liver	early	nucleotide_transformer
2561	0.0	0.0	0.0				False	liver	early	nucleotide_transformer
2564	0.0	0.0	0.0				False	liver	early	nucleotide_transformer
2567	0.0	0.0	0.0				False	liver	early	nucleotide_transformer
2568	0.0	0.0	0.0				False	liver	early	nucleotide_transformer
2570	0.0	0.0	0.0				False	liver	early	nucleotide_transformer
2583	0.0	0.0	0.0				False	liver	early	nucleotide_transformer
2584	0.0	0.0	0.0				False	liver	early	nucleotide_transformer
2589	0.0	0.0	0.0				False	liver	early	nucleotide_transformer
2595	0.0	0.0	0.0				False	liver	early	nucleotide_transformer
2596	0.0	0.0	0.0				False	liver	early	nucleotide_transformer
2597	0.0	0.0	0.0				False	liver	early	nucleotide_transformer
2610	0.0	0.0	0.0				False	liver	early	nucleotide_transformer
2611	0.0	0.0	0.0				False	liver	early	nucleotide_transformer
2622	0.0	0.0	0.0				False	liver	early	nucleotide_transformer
2623	0.0	0.0	0.0				False	liver	early	nucleotide_transformer
2632	0.0	0.0	0.0				False	liver	early	nucleotide_transformer
2638	0.0	0.0	0.0				False	liver	early	nucleotide_transformer
2639	0.0	0.0	0.0				False	liver	early	nucleotide_transformer
2653	0.0	0.0	0.0				False	liver	early	nucleotide_transformer
2663	0.0	0.0	0.0				False	liver	early	nucleotide_transformer
2670	0.0	0.0	0.0				False	liver	early	nucleotide_transformer
2675	0.0	0.0	0.0				False	liver	early	nucleotide_transformer
2680	0.0	0.0	0.0				False	liver	early	nucleotide_transformer
2688	0.0	0.0	0.0				False	liver	early	nucleotide_transformer
2691	0.0	0.0	0.0				False	liver	early	nucleotide_transformer
2695	0.0	0.0	0.0				False	liver	early	nucleotide_transformer
2698	0.0	0.0	0.0				False	liver	early	nucleotide_transformer
2704	0.0	0.0	0.0				False	liver	early	nucleotide_transformer
2706	0.0	0.0	0.0				False	liver	early	nucleotide_transformer
2708	0.0	0.0	0.0				False	liver	early	nucleotide_transformer
2732	0.0	0.0	0.0				False	liver	early	nucleotide_transformer
2734	0.0	0.0	0.0				False	liver	early	nucleotide_transformer
2739	0.0	0.0	0.0				False	liver	early	nucleotide_transformer
2743	0.0	0.0	0.0				False	liver	early	nucleotide_transformer
2744	0.0	0.0	0.0				False	liver	early	nucleotide_transformer
2758	0.0	0.0	0.0				False	liver	early	nucleotide_transformer
2759	0.0	0.0	0.0				False	liver	early	nucleotide_transformer
2762	0.0	0.0	0.0				False	liver	early	nucleotide_transformer
2765	0.0	0.0	0.0				False	liver	early	nucleotide_transformer
2766	0.0	0.0	0.0				False	liver	early	nucleotide_transformer
2770	0.0	0.0	0.0				False	liver	early	nucleotide_transformer
2771	0.0	0.0	0.0				False	liver	early	nucleotide_transformer
2772	0.0	0.0	0.0				False	liver	early	nucleotide_transformer
2774	0.0	0.0	0.0				False	liver	early	nucleotide_transformer
2780	0.0	0.0	0.0				False	liver	early	nucleotide_transformer
2784	0.0	0.0	0.0				False	liver	early	nucleotide_transformer
2787	0.0	0.0	0.0				False	liver	early	nucleotide_transformer
2792	0.0	0.0	0.0				False	liver	early	nucleotide_transformer
2798	0.0	0.0	0.0				False	liver	early	nucleotide_transformer
2799	0.0	0.0	0.0				False	liver	early	nucleotide_transformer
2805	0.0	0.0	0.0				False	liver	early	nucleotide_transformer
2828	0.0	0.0	0.0				False	liver	early	nucleotide_transformer
2834	0.0	0.0	0.0				False	liver	early	nucleotide_transformer
2838	0.0	0.0	0.0				False	liver	early	nucleotide_transformer
2845	0.0	0.0	0.0				False	liver	early	nucleotide_transformer
2856	0.0	0.0	0.0				False	liver	early	nucleotide_transformer
2875	0.0	0.0	0.0				False	liver	early	nucleotide_transformer
2876	0.0	0.0	0.0				False	liver	early	nucleotide_transformer
2879	0.0	0.0	0.0				False	liver	early	nucleotide_transformer
2882	0.0	0.0	0.0				False	liver	early	nucleotide_transformer
2887	0.0	0.0	0.0				False	liver	early	nucleotide_transformer
2895	0.0	0.0	0.0				False	liver	early	nucleotide_transformer
2900	0.0	0.0	0.0				False	liver	early	nucleotide_transformer
2902	0.0	0.0	0.0				False	liver	early	nucleotide_transformer
2903	0.0	0.0	0.0				False	liver	early	nucleotide_transformer
2905	0.0	0.0	0.0				False	liver	early	nucleotide_transformer
2907	0.0	0.0	0.0				False	liver	early	nucleotide_transformer
2943	0.0	0.0	0.0				False	liver	early	nucleotide_transformer
2960	0.0	0.0	0.0				False	liver	early	nucleotide_transformer
2963	0.0	0.0	0.0				False	liver	early	nucleotide_transformer
2970	0.0	0.0	0.0				False	liver	early	nucleotide_transformer
2973	0.0	0.0	0.0				False	liver	early	nucleotide_transformer
2994	0.0	0.0	0.0				False	liver	early	nucleotide_transformer
2997	0.0	0.0	0.0				False	liver	early	nucleotide_transformer
3012	0.0	0.0	0.0				False	liver	early	nucleotide_transformer
3013	0.0	0.0	0.0				False	liver	early	nucleotide_transformer
3019	0.0	0.0	0.0				False	liver	early	nucleotide_transformer
3025	0.0	0.0	0.0				False	liver	early	nucleotide_transformer
3035	0.0	0.0	0.0				False	liver	early	nucleotide_transformer
3043	0.0	0.0	0.0				False	liver	early	nucleotide_transformer
3046	0.0	0.0	0.0				False	liver	early	nucleotide_transformer
3054	0.0	0.0	0.0				False	liver	early	nucleotide_transformer
3055	0.0	0.0	0.0				False	liver	early	nucleotide_transformer
3058	0.0	0.0	0.0				False	liver	early	nucleotide_transformer
3065	0.0	0.0	0.0				False	liver	early	nucleotide_transformer
3068	0.0	0.0	0.0				False	liver	early	nucleotide_transformer
3072	0.0	0.0	0.0				False	liver	early	nucleotide_transformer
3073	0.0	0.0	0.0				False	liver	early	nucleotide_transformer
3077	0.0	0.0	0.0				False	liver	early	nucleotide_transformer
3080	0.0	0.0	0.0				False	liver	early	nucleotide_transformer
3085	0.0	0.0	0.0				False	liver	early	nucleotide_transformer
3090	0.0	0.0	0.0				False	liver	early	nucleotide_transformer
3092	0.0	0.0	0.0				False	liver	early	nucleotide_transformer
3093	0.0	0.0	0.0				False	liver	early	nucleotide_transformer
3101	0.0	0.0	0.0				False	liver	early	nucleotide_transformer
3108	0.0	0.0	0.0				False	liver	early	nucleotide_transformer
3112	0.0	0.0	0.0				False	liver	early	nucleotide_transformer
3114	0.0	0.0	0.0				False	liver	early	nucleotide_transformer
3132	0.0	0.0	0.0				False	liver	early	nucleotide_transformer
3138	0.0	0.0	0.0				False	liver	early	nucleotide_transformer
3139	0.0	0.0	0.0				False	liver	early	nucleotide_transformer
3143	0.0	0.0	0.0				False	liver	early	nucleotide_transformer
3147	0.0	0.0	0.0				False	liver	early	nucleotide_transformer
3153	0.0	0.0	0.0				False	liver	early	nucleotide_transformer
3155	0.0	0.0	0.0				False	liver	early	nucleotide_transformer
3157	0.0	0.0	0.0				False	liver	early	nucleotide_transformer
3169	0.0	0.0	0.0				False	liver	early	nucleotide_transformer
3180	0.0	0.0	0.0				False	liver	early	nucleotide_transformer
3182	0.0	0.0	0.0				False	liver	early	nucleotide_transformer
3194	0.0	0.0	0.0				False	liver	early	nucleotide_transformer
3196	0.0	0.0	0.0				False	liver	early	nucleotide_transformer
3197	0.0	0.0	0.0				False	liver	early	nucleotide_transformer
3203	0.0	0.0	0.0				False	liver	early	nucleotide_transformer
3223	0.0	0.0	0.0				False	liver	early	nucleotide_transformer
3228	0.0	0.0	0.0				False	liver	early	nucleotide_transformer
3238	0.0	0.0	0.0				False	liver	early	nucleotide_transformer
3244	0.0	0.0	0.0				False	liver	early	nucleotide_transformer
3247	0.0	0.0	0.0				False	liver	early	nucleotide_transformer
3248	0.0	0.0	0.0				False	liver	early	nucleotide_transformer
3249	0.0	0.0	0.0				False	liver	early	nucleotide_transformer
3279	0.0	0.0	0.0				False	liver	early	nucleotide_transformer
3280	0.0	0.0	0.0				False	liver	early	nucleotide_transformer
3291	0.0	0.0	0.0				False	liver	early	nucleotide_transformer
3299	0.0	0.0	0.0				False	liver	early	nucleotide_transformer
3327	0.0	0.0	0.0				False	liver	early	nucleotide_transformer
3343	0.0	0.0	0.0				False	liver	early	nucleotide_transformer
3345	0.0	0.0	0.0				False	liver	early	nucleotide_transformer
3349	0.0	0.0	0.0				False	liver	early	nucleotide_transformer
3350	0.0	0.0	0.0				False	liver	early	nucleotide_transformer
3356	0.0	0.0	0.0				False	liver	early	nucleotide_transformer
3367	0.0	0.0	0.0				False	liver	early	nucleotide_transformer
3374	0.0	0.0	0.0				False	liver	early	nucleotide_transformer
3383	0.0	0.0	0.0				False	liver	early	nucleotide_transformer
3388	0.0	0.0	0.0				False	liver	early	nucleotide_transformer
3394	0.0	0.0	0.0				False	liver	early	nucleotide_transformer
3395	0.0	0.0	0.0				False	liver	early	nucleotide_transformer
3413	0.0	0.0	0.0				False	liver	early	nucleotide_transformer
3415	0.0	0.0	0.0				False	liver	early	nucleotide_transformer
3417	0.0	0.0	0.0				False	liver	early	nucleotide_transformer
3422	0.0	0.0	0.0				False	liver	early	nucleotide_transformer
3430	0.0	0.0	0.0				False	liver	early	nucleotide_transformer
3431	0.0	0.0	0.0				False	liver	early	nucleotide_transformer
3434	0.0	0.0	0.0				False	liver	early	nucleotide_transformer
3435	0.0	0.0	0.0				False	liver	early	nucleotide_transformer
3436	0.0	0.0	0.0				False	liver	early	nucleotide_transformer
3455	0.0	0.0	0.0				False	liver	early	nucleotide_transformer
3460	0.0	0.0	0.0				False	liver	early	nucleotide_transformer
3461	0.0	0.0	0.0				False	liver	early	nucleotide_transformer
3467	0.0	0.0	0.0				False	liver	early	nucleotide_transformer
3469	0.0	0.0	0.0				False	liver	early	nucleotide_transformer
3474	0.0	0.0	0.0				False	liver	early	nucleotide_transformer
3475	0.0	0.0	0.0				False	liver	early	nucleotide_transformer
3476	0.0	0.0	0.0				False	liver	early	nucleotide_transformer
3482	0.0	0.0	0.0				False	liver	early	nucleotide_transformer
3486	0.0	0.0	0.0				False	liver	early	nucleotide_transformer
3489	0.0	0.0	0.0				False	liver	early	nucleotide_transformer
3492	0.0	0.0	0.0				False	liver	early	nucleotide_transformer
3498	0.0	0.0	0.0				False	liver	early	nucleotide_transformer
3499	0.0	0.0	0.0				False	liver	early	nucleotide_transformer
3500	0.0	0.0	0.0				False	liver	early	nucleotide_transformer
3502	0.0	0.0	0.0				False	liver	early	nucleotide_transformer
3511	0.0	0.0	0.0				False	liver	early	nucleotide_transformer
3529	0.0	0.0	0.0				False	liver	early	nucleotide_transformer
3543	0.0	0.0	0.0				False	liver	early	nucleotide_transformer
3552	0.0	0.0	0.0				False	liver	early	nucleotide_transformer
3561	0.0	0.0	0.0				False	liver	early	nucleotide_transformer
3563	0.0	0.0	0.0				False	liver	early	nucleotide_transformer
3566	0.0	0.0	0.0				False	liver	early	nucleotide_transformer
3573	0.0	0.0	0.0				False	liver	early	nucleotide_transformer
3582	0.0	0.0	0.0				False	liver	early	nucleotide_transformer
3586	0.0	0.0	0.0				False	liver	early	nucleotide_transformer
3599	0.0	0.0	0.0				False	liver	early	nucleotide_transformer
3600	0.0	0.0	0.0				False	liver	early	nucleotide_transformer
3612	0.0	0.0	0.0				False	liver	early	nucleotide_transformer
3614	0.0	0.0	0.0				False	liver	early	nucleotide_transformer
3622	0.0	0.0	0.0				False	liver	early	nucleotide_transformer
3626	0.0	0.0	0.0				False	liver	early	nucleotide_transformer
3630	0.0	0.0	0.0				False	liver	early	nucleotide_transformer
3645	0.0	0.0	0.0				False	liver	early	nucleotide_transformer
3653	0.0	0.0	0.0				False	liver	early	nucleotide_transformer
3663	0.0	0.0	0.0				False	liver	early	nucleotide_transformer
3667	0.0	0.0	0.0				False	liver	early	nucleotide_transformer
3669	0.0	0.0	0.0				False	liver	early	nucleotide_transformer
3675	0.0	0.0	0.0				False	liver	early	nucleotide_transformer
3677	0.0	0.0	0.0				False	liver	early	nucleotide_transformer
3678	0.0	0.0	0.0				False	liver	early	nucleotide_transformer
3681	0.0	0.0	0.0				False	liver	early	nucleotide_transformer
3691	0.0	0.0	0.0				False	liver	early	nucleotide_transformer
3699	0.0	0.0	0.0				False	liver	early	nucleotide_transformer
3705	0.0	0.0	0.0				False	liver	early	nucleotide_transformer
3706	0.0	0.0	0.0				False	liver	early	nucleotide_transformer
3709	0.0	0.0	0.0				False	liver	early	nucleotide_transformer
3717	0.0	0.0	0.0				False	liver	early	nucleotide_transformer
3722	0.0	0.0	0.0				False	liver	early	nucleotide_transformer
3723	0.0	0.0	0.0				False	liver	early	nucleotide_transformer
3726	0.0	0.0	0.0				False	liver	early	nucleotide_transformer
3727	0.0	0.0	0.0				False	liver	early	nucleotide_transformer
3733	0.0	0.0	0.0				False	liver	early	nucleotide_transformer
3740	0.0	0.0	0.0				False	liver	early	nucleotide_transformer
3742	0.0	0.0	0.0				False	liver	early	nucleotide_transformer
3745	0.0	0.0	0.0				False	liver	early	nucleotide_transformer
3747	0.0	0.0	0.0				False	liver	early	nucleotide_transformer
3755	0.0	0.0	0.0				False	liver	early	nucleotide_transformer
3758	0.0	0.0	0.0				False	liver	early	nucleotide_transformer
3766	0.0	0.0	0.0				False	liver	early	nucleotide_transformer
3767	0.0	0.0	0.0				False	liver	early	nucleotide_transformer
3772	0.0	0.0	0.0				False	liver	early	nucleotide_transformer
3774	0.0	0.0	0.0				False	liver	early	nucleotide_transformer
3778	0.0	0.0	0.0				False	liver	early	nucleotide_transformer
3780	0.0	0.0	0.0				False	liver	early	nucleotide_transformer
3785	0.0	0.0	0.0				False	liver	early	nucleotide_transformer
3788	0.0	0.0	0.0				False	liver	early	nucleotide_transformer
3796	0.0	0.0	0.0				False	liver	early	nucleotide_transformer
3798	0.0	0.0	0.0				False	liver	early	nucleotide_transformer
3802	0.0	0.0	0.0				False	liver	early	nucleotide_transformer
3806	0.0	0.0	0.0				False	liver	early	nucleotide_transformer
3807	0.0	0.0	0.0				False	liver	early	nucleotide_transformer
3828	0.0	0.0	0.0				False	liver	early	nucleotide_transformer
3833	0.0	0.0	0.0				False	liver	early	nucleotide_transformer
3836	0.0	0.0	0.0				False	liver	early	nucleotide_transformer
3848	0.0	0.0	0.0				False	liver	early	nucleotide_transformer
3863	0.0	0.0	0.0				False	liver	early	nucleotide_transformer
3867	0.0	0.0	0.0				False	liver	early	nucleotide_transformer
3871	0.0	0.0	0.0				False	liver	early	nucleotide_transformer
3884	0.0	0.0	0.0				False	liver	early	nucleotide_transformer
3888	0.0	0.0	0.0				False	liver	early	nucleotide_transformer
3889	0.0	0.0	0.0				False	liver	early	nucleotide_transformer
3890	0.0	0.0	0.0				False	liver	early	nucleotide_transformer
3891	0.0	0.0	0.0				False	liver	early	nucleotide_transformer
3897	0.0	0.0	0.0				False	liver	early	nucleotide_transformer
3913	0.0	0.0	0.0				False	liver	early	nucleotide_transformer
3925	0.0	0.0	0.0				False	liver	early	nucleotide_transformer
3926	0.0	0.0	0.0				False	liver	early	nucleotide_transformer
3941	0.0	0.0	0.0				False	liver	early	nucleotide_transformer
3947	0.0	0.0	0.0				False	liver	early	nucleotide_transformer
3949	0.0	0.0	0.0				False	liver	early	nucleotide_transformer
3951	0.0	0.0	0.0				False	liver	early	nucleotide_transformer
3953	0.0	0.0	0.0				False	liver	early	nucleotide_transformer
3959	0.0	0.0	0.0				False	liver	early	nucleotide_transformer
3963	0.0	0.0	0.0				False	liver	early	nucleotide_transformer
3970	0.0	0.0	0.0				False	liver	early	nucleotide_transformer
3976	0.0	0.0	0.0				False	liver	early	nucleotide_transformer
3984	0.0	0.0	0.0				False	liver	early	nucleotide_transformer
3993	0.0	0.0	0.0				False	liver	early	nucleotide_transformer
3998	0.0	0.0	0.0				False	liver	early	nucleotide_transformer
4007	0.0	0.0	0.0				False	liver	early	nucleotide_transformer
4017	0.0	0.0	0.0				False	liver	early	nucleotide_transformer
4030	0.0	0.0	0.0				False	liver	early	nucleotide_transformer
4032	0.0	0.0	0.0				False	liver	early	nucleotide_transformer
4033	0.0	0.0	0.0				False	liver	early	nucleotide_transformer
4039	0.0	0.0	0.0				False	liver	early	nucleotide_transformer
4047	0.0	0.0	0.0				False	liver	early	nucleotide_transformer
4055	0.0	0.0	0.0				False	liver	early	nucleotide_transformer
4068	0.0	0.0	0.0				False	liver	early	nucleotide_transformer
4069	0.0	0.0	0.0				False	liver	early	nucleotide_transformer
4070	0.0	0.0	0.0				False	liver	early	nucleotide_transformer
4073	0.0	0.0	0.0				False	liver	early	nucleotide_transformer
4076	0.0	0.0	0.0				False	liver	early	nucleotide_transformer
4089	0.0	0.0	0.0				False	liver	early	nucleotide_transformer
4091	0.0	0.0	0.0				False	liver	early	nucleotide_transformer
4092	0.0	0.0	0.0				False	liver	early	nucleotide_transformer
4095	0.0	0.0	0.0				False	liver	early	nucleotide_transformer
4100	0.0	0.0	0.0				False	liver	early	nucleotide_transformer
4131	0.0	0.0	0.0				False	liver	early	nucleotide_transformer
4133	0.0	0.0	0.0				False	liver	early	nucleotide_transformer
4144	0.0	0.0	0.0				False	liver	early	nucleotide_transformer
4150	0.0	0.0	0.0				False	liver	early	nucleotide_transformer
4162	0.0	0.0	0.0				False	liver	early	nucleotide_transformer
4167	0.0	0.0	0.0				False	liver	early	nucleotide_transformer
4183	0.0	0.0	0.0				False	liver	early	nucleotide_transformer
4184	0.0	0.0	0.0				False	liver	early	nucleotide_transformer
4186	0.0	0.0	0.0				False	liver	early	nucleotide_transformer
4189	0.0	0.0	0.0				False	liver	early	nucleotide_transformer
4196	0.0	0.0	0.0				False	liver	early	nucleotide_transformer
4198	0.0	0.0	0.0				False	liver	early	nucleotide_transformer
4200	0.0	0.0	0.0				False	liver	early	nucleotide_transformer
4204	0.0	0.0	0.0				False	liver	early	nucleotide_transformer
4207	0.0	0.0	0.0				False	liver	early	nucleotide_transformer
4212	0.0	0.0	0.0				False	liver	early	nucleotide_transformer
4221	0.0	0.0	0.0				False	liver	early	nucleotide_transformer
4222	0.0	0.0	0.0				False	liver	early	nucleotide_transformer
4226	0.0	0.0	0.0				False	liver	early	nucleotide_transformer
4227	0.0	0.0	0.0				False	liver	early	nucleotide_transformer
4229	0.0	0.0	0.0				False	liver	early	nucleotide_transformer
4235	0.0	0.0	0.0				False	liver	early	nucleotide_transformer
4237	0.0	0.0	0.0				False	liver	early	nucleotide_transformer
4245	0.0	0.0	0.0				False	liver	early	nucleotide_transformer
4247	0.0	0.0	0.0				False	liver	early	nucleotide_transformer
4258	0.0	0.0	0.0				False	liver	early	nucleotide_transformer
4265	0.0	0.0	0.0				False	liver	early	nucleotide_transformer
4273	0.0	0.0	0.0				False	liver	early	nucleotide_transformer
4275	0.0	0.0	0.0				False	liver	early	nucleotide_transformer
4287	0.0	0.0	0.0				False	liver	early	nucleotide_transformer
4297	0.0	0.0	0.0				False	liver	early	nucleotide_transformer
4302	0.0	0.0	0.0				False	liver	early	nucleotide_transformer
4303	0.0	0.0	0.0				False	liver	early	nucleotide_transformer
4307	0.0	0.0	0.0				False	liver	early	nucleotide_transformer
4312	0.0	0.0	0.0				False	liver	early	nucleotide_transformer
4321	0.0	0.0	0.0				False	liver	early	nucleotide_transformer
4323	0.0	0.0	0.0				False	liver	early	nucleotide_transformer
4330	0.0	0.0	0.0				False	liver	early	nucleotide_transformer
4335	0.0	0.0	0.0				False	liver	early	nucleotide_transformer
4337	0.0	0.0	0.0				False	liver	early	nucleotide_transformer
4341	0.0	0.0	0.0				False	liver	early	nucleotide_transformer
4354	0.0	0.0	0.0				False	liver	early	nucleotide_transformer
4371	0.0	0.0	0.0				False	liver	early	nucleotide_transformer
4373	0.0	0.0	0.0				False	liver	early	nucleotide_transformer
4377	0.0	0.0	0.0				False	liver	early	nucleotide_transformer
4379	0.0	0.0	0.0				False	liver	early	nucleotide_transformer
4380	0.0	0.0	0.0				False	liver	early	nucleotide_transformer
4387	0.0	0.0	0.0				False	liver	early	nucleotide_transformer
4405	0.0	0.0	0.0				False	liver	early	nucleotide_transformer
4408	0.0	0.0	0.0				False	liver	early	nucleotide_transformer
4415	0.0	0.0	0.0				False	liver	early	nucleotide_transformer
4416	0.0	0.0	0.0				False	liver	early	nucleotide_transformer
4420	0.0	0.0	0.0				False	liver	early	nucleotide_transformer
4423	0.0	0.0	0.0				False	liver	early	nucleotide_transformer
4429	0.0	0.0	0.0				False	liver	early	nucleotide_transformer
4430	0.0	0.0	0.0				False	liver	early	nucleotide_transformer
4434	0.0	0.0	0.0				False	liver	early	nucleotide_transformer
4435	0.0	0.0	0.0				False	liver	early	nucleotide_transformer
4437	0.0	0.0	0.0				False	liver	early	nucleotide_transformer
4451	0.0	0.0	0.0				False	liver	early	nucleotide_transformer
4470	0.0	0.0	0.0				False	liver	early	nucleotide_transformer
4475	0.0	0.0	0.0				False	liver	early	nucleotide_transformer
4478	0.0	0.0	0.0				False	liver	early	nucleotide_transformer
4480	0.0	0.0	0.0				False	liver	early	nucleotide_transformer
4490	0.0	0.0	0.0				False	liver	early	nucleotide_transformer
4497	0.0	0.0	0.0				False	liver	early	nucleotide_transformer
4501	0.0	0.0	0.0				False	liver	early	nucleotide_transformer
4503	0.0	0.0	0.0				False	liver	early	nucleotide_transformer
4509	0.0	0.0	0.0				False	liver	early	nucleotide_transformer
4510	0.0	0.0	0.0				False	liver	early	nucleotide_transformer
4517	0.0	0.0	0.0				False	liver	early	nucleotide_transformer
4520	0.0	0.0	0.0				False	liver	early	nucleotide_transformer
4524	0.0	0.0	0.0				False	liver	early	nucleotide_transformer
4532	0.0	0.0	0.0				False	liver	early	nucleotide_transformer
4547	0.0	0.0	0.0				False	liver	early	nucleotide_transformer
4549	0.0	0.0	0.0				False	liver	early	nucleotide_transformer
4550	0.0	0.0	0.0				False	liver	early	nucleotide_transformer
4569	0.0	0.0	0.0				False	liver	early	nucleotide_transformer
4571	0.0	0.0	0.0				False	liver	early	nucleotide_transformer
4583	0.0	0.0	0.0				False	liver	early	nucleotide_transformer
4584	0.0	0.0	0.0				False	liver	early	nucleotide_transformer
4586	0.0	0.0	0.0				False	liver	early	nucleotide_transformer
4592	0.0	0.0	0.0				False	liver	early	nucleotide_transformer
4597	0.0	0.0	0.0				False	liver	early	nucleotide_transformer
4611	0.0	0.0	0.0				False	liver	early	nucleotide_transformer
4612	0.0	0.0	0.0				False	liver	early	nucleotide_transformer
4616	0.0	0.0	0.0				False	liver	early	nucleotide_transformer
4632	0.0	0.0	0.0				False	liver	early	nucleotide_transformer
4644	0.0	0.0	0.0				False	liver	early	nucleotide_transformer
4649	0.0	0.0	0.0				False	liver	early	nucleotide_transformer
4664	0.0	0.0	0.0				False	liver	early	nucleotide_transformer
4667	0.0	0.0	0.0				False	liver	early	nucleotide_transformer
4698	0.0	0.0	0.0				False	liver	early	nucleotide_transformer
4699	0.0	0.0	0.0				False	liver	early	nucleotide_transformer
4700	0.0	0.0	0.0				False	liver	early	nucleotide_transformer
4713	0.0	0.0	0.0				False	liver	early	nucleotide_transformer
4717	0.0	0.0	0.0				False	liver	early	nucleotide_transformer
4727	0.0	0.0	0.0				False	liver	early	nucleotide_transformer
4739	0.0	0.0	0.0				False	liver	early	nucleotide_transformer
4746	0.0	0.0	0.0				False	liver	early	nucleotide_transformer
4753	0.0	0.0	0.0				False	liver	early	nucleotide_transformer
4754	0.0	0.0	0.0				False	liver	early	nucleotide_transformer
4763	0.0	0.0	0.0				False	liver	early	nucleotide_transformer
4768	0.0	0.0	0.0				False	liver	early	nucleotide_transformer
4782	0.0	0.0	0.0				False	liver	early	nucleotide_transformer
4792	0.0	0.0	0.0				False	liver	early	nucleotide_transformer
4809	0.0	0.0	0.0				False	liver	early	nucleotide_transformer
4810	0.0	0.0	0.0				False	liver	early	nucleotide_transformer
4812	0.0	0.0	0.0				False	liver	early	nucleotide_transformer
4813	0.0	0.0	0.0				False	liver	early	nucleotide_transformer
4816	0.0	0.0	0.0				False	liver	early	nucleotide_transformer
4817	0.0	0.0	0.0				False	liver	early	nucleotide_transformer
4827	0.0	0.0	0.0				False	liver	early	nucleotide_transformer
4832	0.0	0.0	0.0				False	liver	early	nucleotide_transformer
4839	0.0	0.0	0.0				False	liver	early	nucleotide_transformer
4853	0.0	0.0	0.0				False	liver	early	nucleotide_transformer
4856	0.0	0.0	0.0				False	liver	early	nucleotide_transformer
4860	0.0	0.0	0.0				False	liver	early	nucleotide_transformer
4862	0.0	0.0	0.0				False	liver	early	nucleotide_transformer
4864	0.0	0.0	0.0				False	liver	early	nucleotide_transformer
4878	0.0	0.0	0.0				False	liver	early	nucleotide_transformer
4882	0.0	0.0	0.0				False	liver	early	nucleotide_transformer
4885	0.0	0.0	0.0				False	liver	early	nucleotide_transformer
4889	0.0	0.0	0.0				False	liver	early	nucleotide_transformer
4896	0.0	0.0	0.0				False	liver	early	nucleotide_transformer
4898	0.0	0.0	0.0				False	liver	early	nucleotide_transformer
4899	0.0	0.0	0.0				False	liver	early	nucleotide_transformer
4915	0.0	0.0	0.0				False	liver	early	nucleotide_transformer
4918	0.0	0.0	0.0				False	liver	early	nucleotide_transformer
4923	0.0	0.0	0.0				False	liver	early	nucleotide_transformer
4925	0.0	0.0	0.0				False	liver	early	nucleotide_transformer
4933	0.0	0.0	0.0				False	liver	early	nucleotide_transformer
4937	0.0	0.0	0.0				False	liver	early	nucleotide_transformer
4956	0.0	0.0	0.0				False	liver	early	nucleotide_transformer
4962	0.0	0.0	0.0				False	liver	early	nucleotide_transformer
4966	0.0	0.0	0.0				False	liver	early	nucleotide_transformer
4967	0.0	0.0	0.0				False	liver	early	nucleotide_transformer
4980	0.0	0.0	0.0				False	liver	early	nucleotide_transformer
4982	0.0	0.0	0.0				False	liver	early	nucleotide_transformer
4984	0.0	0.0	0.0				False	liver	early	nucleotide_transformer
4988	0.0	0.0	0.0				False	liver	early	nucleotide_transformer
4989	0.0	0.0	0.0				False	liver	early	nucleotide_transformer
4991	0.0	0.0	0.0				False	liver	early	nucleotide_transformer
4994	0.0	0.0	0.0				False	liver	early	nucleotide_transformer
5000	0.0	0.0	0.0				False	liver	early	nucleotide_transformer
5005	0.0	0.0	0.0				False	liver	early	nucleotide_transformer
5013	0.0	0.0	0.0				False	liver	early	nucleotide_transformer
5014	0.0	0.0	0.0				False	liver	early	nucleotide_transformer
5019	0.0	0.0	0.0				False	liver	early	nucleotide_transformer
5028	0.0	0.0	0.0				False	liver	early	nucleotide_transformer
5043	0.0	0.0	0.0				False	liver	early	nucleotide_transformer
5045	0.0	0.0	0.0				False	liver	early	nucleotide_transformer
5050	0.0	0.0	0.0				False	liver	early	nucleotide_transformer
5069	0.0	0.0	0.0				False	liver	early	nucleotide_transformer
5074	0.0	0.0	0.0				False	liver	early	nucleotide_transformer
5080	0.0	0.0	0.0				False	liver	early	nucleotide_transformer
5081	0.0	0.0	0.0				False	liver	early	nucleotide_transformer
5082	0.0	0.0	0.0				False	liver	early	nucleotide_transformer
5084	0.0	0.0	0.0				False	liver	early	nucleotide_transformer
5091	0.0	0.0	0.0				False	liver	early	nucleotide_transformer
5101	0.0	0.0	0.0				False	liver	early	nucleotide_transformer
5115	0.0	0.0	0.0				False	liver	early	nucleotide_transformer
